-4.421706613681871012e+00,-4.080055807713494076e-01,2.732346221679756937e+00,5.117261547985574310e-01,-2.394817830630020516e+00,3.173508869321733705e+00,-3.196143073192482031e+00,-4.130432612730682074e+00,4.764633094017958759e-01,-9.188232592426849310e-01
3.726397804892957133e+00,3.604145047577240746e-01,-2.157296711400351175e+00,1.730166030639557206e-01,1.873420599381155238e+00,-1.831948472182958199e-01,-2.265351524850729881e+00,8.230514484491018301e-01,-3.213537804225508498e+00,2.244243944247205746e+00
3.892053771277041996e+00,1.425987439989585326e+00,-3.102912564903123283e+00,-5.326761623179239180e-01,2.616114355145490844e+00,-9.018460825827623317e-01,1.391520923320919145e+00,1.335385861950014519e+00,-2.255156567812977020e+00,2.671969983868700105e+00
6.638002755295793200e+00,6.258086191106100316e-01,-2.174906925793848700e+00,-1.658271749485909385e+00,2.555189042599479876e+00,3.454477361202248353e+00,2.813927675044444854e+00,6.374607994298510105e-01,-4.407543665204801009e+00,2.875073533866449260e+00
2.343446022356586944e+00,-3.150470684091173368e+00,-2.239389467741609074e+00,-3.474241203081364304e+00,1.794708354756142876e+00,2.103105098192724398e+00,6.271438738398176227e-01,-2.013399616440829654e-01,-3.993479586084777821e+00,2.215021613574214232e+00
6.024890234757930507e+00,4.325428795435772855e-01,-2.182021727733501670e+00,-8.658581071284245922e-01,2.667415686884383685e+00,1.209780772989223152e+00,-6.622726020550331327e-01,4.557270245568947331e+00,-3.851807810161781198e+00,2.489815411289025171e+00
3.972035080805916607e+00,1.864509306619479112e+00,-2.636869112438132934e+00,-1.383882884689993986e+00,2.397174274399731519e+00,2.395820909027500001e+00,-4.717824367991596546e-02,4.109342097017250062e+00,-4.256745611000850360e+00,2.641288415467742734e+00
3.515388161321201022e+00,2.876358307674320436e+00,-3.103638956141951510e+00,-3.524824719140218221e-01,2.684149257713548842e+00,4.925619327466916886e-01,7.315522594276417934e-01,3.158368009405246202e+00,-3.775444698748380734e+00,2.362238835758060151e+00
-2.173487503567472778e+00,-2.849630372134080769e+00,-1.122640423025519141e+00,-1.989624653828179213e-01,-9.717154460643064873e-01,-3.285624637112058544e+00,2.074515965308706633e+00,-7.718797823847795669e+00,3.271245322705263803e+00,1.848052956535000346e+00
-4.385589813171273832e+00,2.817649730785511508e+00,2.096428723147855777e+00,-3.098475300972860058e+00,-2.353985500937483710e+00,1.744194330974471185e-01,3.446623105975203494e+00,5.894539375304673756e-01,8.647333274496203925e-01,-8.424820248417518309e-01
2.279433036872263951e+00,-2.732771588231068804e-01,-1.995261340332239897e+00,-9.493717817508691148e-01,1.427322645781960997e+00,1.582708351987617945e+00,1.995955725809211323e+00,-2.694706516833448529e+00,-3.892964739205388991e+00,2.658961074537249836e+00
-4.326616559924685745e+00,-3.358707129278162284e-01,1.203635632171637937e+00,-1.775269655894287091e-01,-2.240873254350212118e+00,2.174667379753130625e+00,1.363979851923460274e+00,-7.234681817653187963e+00,6.984167755932086941e-01,-6.784036425917808755e-01
-4.375880580650786555e+00,3.495978409562485290e+00,1.914637049113731671e+00,-2.656334388112962408e+00,-2.300621676511168001e+00,-9.275828240255945545e-01,2.115557817093890236e+00,3.184197911626855948e-01,2.455310778326682097e+00,-7.966656069744740831e-01
3.527462694904107909e+00,-2.363033795130716541e+00,-2.640404315994488993e+00,-2.789693778282237524e+00,2.196436682086893022e+00,1.178818496922739989e+00,-3.437196627632302270e+00,4.708572648718257980e+00,-3.964357377249589920e+00,2.760385603189206005e+00
-4.191260269901217583e+00,1.465594089394066657e+00,1.631495908955113983e-01,1.702083576879540594e-01,-2.021395316152593935e+00,-6.454795685359471236e-02,2.638647128605653869e+00,-2.119969575580897381e+00,9.903330665026418567e-01,-4.056724377180864760e-01
-4.360680796447711671e+00,-2.375631459615803909e+00,1.391412860579642974e+00,2.866898930688025260e+00,-2.279329826555284377e+00,-1.630191293424025467e+00,1.420754041155885439e+00,-8.764177321420618227e+00,3.990694373597483136e+00,-7.599446954818940281e-01
-4.303398547469732272e+00,2.175437376627179731e+00,7.282116586407259007e-01,-1.943975287300454990e+00,-2.191171436853937671e+00,-1.060631821960020815e-01,9.336250860042278887e-01,1.888559768381435244e+00,1.572710658959271646e+00,-6.627024346032626134e-01
-4.438765163324880803e+00,-3.253969777619031056e+00,3.449486108860310374e+00,2.178065850124334624e+00,-2.432805424976816067e+00,1.976083811176438942e-01,1.491216652127649311e-01,-7.741935379447680177e+00,8.544100401193094330e-01,-9.602995351239038690e-01
-4.144786338467808307e+00,2.442071012168831601e-01,9.736775279293485852e-02,3.093676851385984250e+00,-2.048650766678764779e+00,-2.007476268646275486e-01,-1.464860027262840259e+00,-3.188816294574457366e+00,1.989224918709713297e+00,-2.020791911072304381e-01
-4.229063246294976430e+00,-2.334499138817796027e+00,5.177832844854153294e-01,2.221989685373534584e+00,-2.119363438827356116e+00,-2.326809809518411321e+00,-8.601257177600913906e-01,-5.577992362086879652e+00,6.542702773203835420e+00,-5.127953168064002254e-01
-4.155171426846388627e+00,-1.341127340225856557e+00,7.005395350896792550e-02,2.091955652427635037e+00,-2.045317082284539012e+00,-1.592013196335623437e+00,1.436127655771350931e-01,-7.660773411907313424e+00,4.155523081151281772e+00,-2.596896372074335435e-01
-4.428155182758548136e+00,-3.184563109759984911e+00,3.029912161790001335e+00,-1.320296295241539575e+00,-2.412517232814509693e+00,-2.293012205054210106e+00,3.425964689319741296e+00,-6.514189561712014687e+00,4.288648697530268450e+00,-9.334255628766994217e-01
-3.352102585943169455e+00,-1.829967115732617611e+00,-5.327175616708581529e-01,1.210536303249029721e+00,-1.643714519556312093e+00,3.191296992890542583e+00,-4.823730179384497774e-01,-6.163068692656482384e+00,-1.399354958763157630e-01,7.590909331106001634e-01
-4.231557660953320976e+00,1.223841708112954230e+00,4.613544741511765857e-01,-3.331978455721264609e+00,-2.127668519552193604e+00,1.197237371765858427e+00,-2.175538786624422016e+00,4.297394011641678446e+00,1.166922611686042721e+00,-5.757403250182941967e-01
-8.854203207825490640e-01,1.976679246623452180e+00,-1.598935695783060496e+00,-3.332207923904686453e+00,5.936624733375236440e-01,2.110700392598345410e+00,4.387491775065059940e-01,1.315061749269055280e+00,-3.806698115908089264e+00,2.472705444152224707e+00
-3.747819345594332940e+00,1.366411441810857497e+00,-2.423937009687113786e-01,-2.452297725983315413e+00,-1.711167285705686991e+00,-5.335654000646994355e-01,3.229814214407863204e+00,1.004226411228156035e+00,2.851915578162456111e+00,2.212190200408835072e-01
-2.437601685192542611e+00,-1.197318854170946523e+00,-1.222451695256125070e+00,-2.449757234254092531e+00,-8.975196567140032444e-01,-7.379860902305885872e-01,-2.145368594901255754e+00,-1.168953682417333662e+00,-5.515543727652976180e-01,1.575642514742074951e+00
3.747873462835210390e+00,-4.177693588657582779e-02,-2.182518013734803919e+00,-2.878146156132057598e+00,2.000136272709105434e+00,-3.208676134255137757e+00,3.277418931491967058e+00,2.435649974099881376e+00,-7.378801282101810077e-02,2.388117992295648140e+00
-3.971313427364541404e+00,1.688495390500293070e-01,-2.836066615174117622e-01,1.088702303944407035e+00,-1.829471086576204497e+00,2.920125755134596268e+00,-2.005528885079697510e+00,-4.046294790924630291e+00,9.140901522791704537e-01,-2.899808091281102368e-02
-1.647993883961513806e+00,-1.410211282991538528e+00,-1.337969030947800952e+00,-1.347825633761265962e+00,-5.897997721939415294e-01,-2.931417364500850109e+00,1.465670481102234746e-01,-4.184904374584114350e+00,3.483968027831447767e-01,2.296019336660313215e+00
-4.261256984987752183e+00,-2.582430188279065675e-01,8.873565638867972893e-01,-1.526464202082188137e+00,-2.124009418975799424e+00,8.389971352166547547e-02,2.592376674118682445e+00,-5.016166209730943848e+00,1.111356501558934839e+00,-4.972128237434710885e-01
-4.437112680013296284e+00,3.393490048367741707e+00,3.343252007796971625e+00,2.822380037097556915e+00,-2.428043808461695097e+00,1.950224774491018387e-01,3.057640349212727315e+00,-3.959213207280178004e+00,1.041030331560207634e+00,-9.545855170940368284e-01
3.010244436505433274e+00,7.944447219677464034e-03,-2.359795296414604060e+00,-3.344975149699777273e+00,2.083810867102401154e+00,-2.114849105008206998e+00,-1.229736740056909916e+00,4.781097154182159414e+00,-2.908478837384967930e-01,2.759950440082200362e+00
-4.418224116314569905e+00,-7.134928718607191911e-01,2.825880667852016082e+00,1.527782975862105985e+00,-2.390524969644715281e+00,-8.272490439343194168e-03,3.365706552725075795e+00,-8.451925013553575283e+00,3.067415695644646334e+00,-9.011360089969490117e-01
6.043119152604358391e+00,1.595337218106780419e+00,-3.038732935439317551e+00,2.428547399631002968e+00,2.926075404496406129e+00,-1.073500768509408232e+00,-8.100472336947079910e-01,3.454888686296133216e+00,-1.754473365753893344e+00,3.283143029812069624e+00
-4.205731353214245516e+00,2.543316792612463573e+00,4.271143864297108905e-01,-1.830722751034418394e+00,-2.091483761744844738e+00,-1.224909682414158318e+00,2.273326169757955206e+00,1.022348478314778264e+00,2.734894925263687604e+00,-4.329851751543616345e-01
-4.396837769939526019e+00,-3.316813239383254786e+00,2.075947862264954757e+00,-1.793581680775599985e+00,-2.333361547736683139e+00,3.098378610416198775e+00,-3.346173537100169071e+00,-1.151789558273541569e-01,7.203661162940515617e-01,-8.496492874152697938e-01
-4.435517011844109625e+00,-1.469879732471759404e+00,3.345506627216151330e+00,1.087802995008380513e+00,-2.427008457936035590e+00,1.165324112166100434e+00,2.940756371044194850e+00,-8.647581335118131207e+00,2.059920812117344902e+00,-9.542806817880462589e-01
-4.269842286829511835e+00,2.023484358988735465e+00,8.264780696369928847e-01,2.505819470939401938e+00,-2.113151662834524824e+00,-1.540162583893609494e-01,-1.535756017665608875e+00,-5.762358164648205827e-01,1.268113676182590854e+00,-5.620298971326759263e-01
-3.558126734503843647e+00,-3.001623136387454593e-01,-5.000638860882031800e-01,-8.643952795889431329e-01,-1.639326171124948273e+00,-1.324219598633076700e+00,2.035231949228250237e+00,-6.881112228455268820e+00,2.330129269485313515e+00,6.368995206171150780e-01
-4.237748272451043796e+00,-3.451500636885930007e+00,4.343886952957838332e-01,2.379067457446613076e-01,-2.084196646461660585e+00,-2.404247238893429284e+00,2.889022865844722787e+00,-8.624354253001504489e+00,5.832405429014832166e+00,-5.039617594670556810e-01
1.201501287569207710e+00,-5.646518025864111223e-01,-2.021683057011161910e+00,-3.409964418675824227e+00,1.276009870482435637e+00,1.217292481230887624e+00,9.632486120783330108e-01,-2.191248283528416607e+00,-3.861825381133652257e+00,2.963618833311005396e+00
-4.418613795685267576e+00,-1.185276653229911936e+00,2.619031518780744250e+00,7.009685947056496502e-01,-2.386315581496426308e+00,-3.095636915993043026e+00,1.915398782001519251e+00,-8.280092568449697765e+00,5.032952136028616685e+00,-9.064206106282616249e-01
3.714892350426096890e+00,7.290648938484460828e-01,-2.397306666397173824e+00,-5.183067553106228686e-01,1.814011631462305152e+00,1.441353195532063758e+00,3.030701388982866007e-01,6.913092810046543857e-01,-3.877182797175914519e+00,3.000140363612052052e+00
-4.192285960072929640e+00,-1.227654143451434976e+00,2.542690274319472366e-01,-1.244930782225925459e+00,-2.094167762105408670e+00,-1.870849913536079434e+00,7.479443197942607924e-01,-5.798421361784913408e+00,3.987110129808031367e+00,-4.995171192949883210e-01
-4.155321418157095437e+00,3.368757564345870925e+00,-4.919247404373372490e-02,5.054022293995519277e-02,-1.973548543162413793e+00,1.294826158327842869e+00,2.245063426426584741e+00,-1.698418586187874224e+00,1.532606787256403758e+00,-3.165457048724140687e-01
-4.405023668271240922e+00,6.176236562771739713e-01,2.573408979817975784e+00,2.686756933536780245e+00,-2.375742473248554365e+00,-1.610323937795974381e-01,-1.473403486232849335e+00,-2.709323498392830487e+00,3.133185398179154202e+00,-8.945608254081254263e-01
-4.416954307257570989e+00,-2.582356361810909107e+00,2.680908798206101729e+00,1.079889757743305978e+00,-2.381350127372988457e+00,2.797021268916937586e+00,1.202713788269880624e+00,-8.386202693205683900e+00,8.240166320131658839e-01,-9.020126734928181067e-01
4.126442934536999729e+00,1.468439254614821721e-01,-2.933311060181383212e+00,-1.854400717184297331e+00,2.116076526143067404e+00,-1.473575192114434884e+00,3.194440924768559675e+00,5.303349057316120163e-01,-6.157731959189174376e-01,2.810232131814448309e+00
-2.233394396691632089e+00,-9.941511980099533297e-01,-1.282922157360836479e+00,-2.678262561375677642e+00,-6.240924935734875056e-01,-1.951157373260032024e+00,1.364575983788748559e+00,-2.904196235862865905e+00,1.221524030577662845e-02,1.569630681150478768e+00
-1.807389531130573213e+00,-3.395000158103943289e+00,-1.261796739649145405e+00,-9.841934650081789471e-01,-7.830618469613934707e-01,-2.876281219500323783e+00,5.760626512977342628e-01,-6.274039247708061318e+00,7.197695902829324144e-01,1.675659920548573378e+00
-3.336066012819195681e+00,-2.824990653530042639e+00,-6.937638753889987520e-01,-2.283227440168929867e+00,-1.469161417466075648e+00,3.031228471570445393e+00,1.755506488800786968e+00,-3.984063160475303178e+00,8.732467845642717386e-01,7.420077519152623591e-01
-4.135330560634129071e+00,1.989643506614979351e+00,-2.547860608329743926e-02,3.096740362058807428e-01,-1.984769209662788692e+00,-5.712491496820546466e-01,2.143432354772589754e+00,-2.898015689512028814e+00,2.083687626144000049e+00,-2.108439609942784621e-01
-4.440437219912002575e+00,-5.109786895618011471e-01,3.498586523878311816e+00,-1.871167388106487195e-01,-2.435533536007212785e+00,2.503391279558112359e+00,1.079101396093150811e+00,-7.087771172783376983e+00,4.152098356416424885e-01,-9.636814785319893772e-01
-4.358273918536808900e+00,-2.114337240597396139e+00,1.995874024509345368e+00,3.250318119465910982e+00,-2.310883422676954346e+00,2.135270219005843906e+00,-3.039397382588470808e+00,-5.127083015798277188e+00,8.079974197618424725e-01,-7.825101235923299647e-01
-3.457907592156959531e+00,8.687106867083915773e-01,-7.517695631229623920e-01,2.612929513061856390e+00,-1.593991884095804945e+00,9.617828990644632370e-01,2.268112035017522565e+00,-5.116350852172879549e+00,1.050808818497330099e+00,7.042054731567788384e-01
-4.280890564347119565e+00,9.820225747031035013e-01,7.596271911274810051e-01,-2.739395005492921698e-01,-2.171029423190208085e+00,-1.556917571380342036e+00,-2.805746013372779846e+00,-7.449789278448926133e-02,4.516892662044751816e+00,-6.039139850571373369e-01
-3.980309135206394622e+00,-1.605080764508562741e+00,-2.243968135335467906e-01,1.613682818691177800e-01,-1.929225198345832393e+00,1.893059287900495491e+00,-1.187547295377701317e+00,-4.154488309626174214e+00,4.402436477852167962e-01,4.558415774210936022e-02
-4.436475762631269859e+00,-2.591275515722843537e+00,3.351687291272035907e+00,-3.053790336454059506e+00,-2.426689931324437666e+00,2.043636308620668807e+00,-4.709557187216342200e-01,-2.398924120117834402e+00,4.080347222558502462e-01,-9.525304366267057787e-01
-4.007476993323161985e+00,-1.909381823794582544e-01,-2.530509764827471031e-01,1.662671372351471000e+00,-1.890959190505205445e+00,-3.011766976792130901e+00,2.404933026694129339e+00,-8.012414288058829825e+00,7.820839255629446818e+00,-2.029528695099294677e-02
-4.433322944862779558e+00,-7.656146630517524088e-01,3.283796759907102292e+00,-3.481847544655073179e+00,-2.421300976055039911e+00,-4.104021406078230960e-01,-5.418094030762956592e-01,-1.888932733866305336e+00,2.487792383825149223e+00,-9.473504663772862600e-01
-4.249885902700577311e+00,-6.644391890933842859e-01,4.078504761409371682e-01,-2.024811569342225059e+00,-2.102292336282112206e+00,3.074716255680335131e+00,-1.276605963903432617e+00,-5.062952985205482204e-01,6.030601958094650161e-01,-5.262271766808883644e-01
3.553823234093528960e+00,-8.669567148503229959e-01,-2.668496916291066334e+00,-3.190891585299498345e+00,2.061163984371022995e+00,2.351573871464393228e+00,2.211212304508809900e+00,2.620465992054672455e-01,-4.142883362378449341e+00,2.510631897532641599e+00
-4.302276654506241194e+00,-1.454776765231732050e+00,9.931248074937268910e-01,2.740929645876799547e-01,-2.180824539611315060e+00,1.533835777883534313e-01,-2.151100106361452546e+00,-3.989955523979115792e+00,1.316020098696663254e+00,-6.103648094386762146e-01
4.028835576651752959e+00,3.701781311573717481e-01,-2.425447127623613142e+00,1.419257198198122794e-01,1.720979944294048991e+00,-2.252793606273648663e+00,-2.554517885445424241e+00,1.565649124735291053e+00,-2.448324876095484548e-01,2.326271647214980032e+00
-4.432201174771419616e+00,-4.817007184934372077e-01,3.231823591469331625e+00,-2.588938836648921438e+00,-2.421416188942423720e+00,3.984967259277460983e-01,2.473475393479354523e+00,-4.305418136069036450e+00,1.462608387919465347e+00,-9.443547794210122026e-01
-4.421303438202271785e+00,1.986331401857287737e+00,2.768362455345133810e+00,2.387948455772521683e+00,-2.394663700892440517e+00,1.227163635151827137e+00,-5.222182303152074212e-01,-8.854905042793084213e-01,1.061924176638374684e+00,-9.177192402161675755e-01
2.861868343804341741e+00,1.405412378598106748e+00,-2.592548936312487839e+00,-1.239714212562368800e+00,2.013551269805230248e+00,2.700368061201096737e+00,2.020853957229729048e-03,2.646261065541798629e+00,-4.246972473846449603e+00,2.808580193649803380e+00
-2.550173357681787323e+00,1.934866194411267060e+00,-9.794577884620787600e-01,1.469966067791816045e+00,-1.218572729787494868e+00,-3.395561734561529654e+00,1.044240165591310721e+00,-1.743486738471428765e+00,4.046747779400202916e+00,1.387088489834109151e+00
-4.434418893668816253e+00,-1.485193181369790949e+00,3.242145535167819226e+00,-1.371792142147476135e+00,-2.422697808642356510e+00,-1.206393224691542532e+00,-1.004858559908305526e+00,-2.412027350367105694e+00,2.922386898171800418e+00,-9.495489479826418888e-01
-4.404672568195140414e+00,-2.027798184168989160e+00,2.495105723067271519e+00,2.501879081476720224e+00,-2.368282582702971428e+00,5.582469076487530657e-01,-1.525308758260601749e-02,-7.626694387460253743e+00,8.185166323665854504e-01,-8.723418678822866257e-01
1.780335417990942970e+00,2.879466313620637763e-02,-2.103169733996242741e+00,1.054529795320719998e+00,1.464586797238447868e+00,7.366661722309348903e-01,8.987749610728554828e-01,-4.634927419263861204e+00,-3.523340001995751258e+00,2.110026641256361302e+00
5.589563334680056172e+00,-2.568124062694803200e+00,-3.187700225370336593e+00,-8.171389607479229156e-02,2.152338163227966561e+00,-3.177553593264836440e+00,6.112603820102489038e-01,-2.974634365837435901e+00,3.958657464916441882e-01,3.180197824564435116e+00
-4.381469402907394617e+00,-2.300452923337669375e+00,2.285124627517476803e+00,2.029913507725932931e+00,-2.350567231624092202e+00,-2.458052027015678931e+00,8.766267776344216500e-01,-8.390273054040607192e+00,5.785567566799465489e+00,-8.430769883827914368e-01
-1.410095304263305760e-01,-1.781750474093927394e+00,-1.771636089676952297e+00,2.135539188934235888e+00,1.093001401656195970e+00,2.682127619618117187e+00,2.122589598464598382e+00,-8.182623757981000168e+00,-4.035852161273409067e+00,2.287846792773268856e+00
-4.327987252375559812e+00,-3.201355210151616948e+00,1.508225597412566898e+00,-5.488021937881946144e-01,-2.245996906512093716e+00,2.239391410303757546e+00,-5.222720196220653754e-01,-4.931152789459498642e+00,4.543350626019251881e-01,-7.240516890847698006e-01
-4.391496638703464406e+00,-1.915292019779613497e+00,1.839055831060194990e+00,-8.874611282835105364e-01,-2.325461274035222292e+00,-1.878402010230520780e+00,2.247952225462212184e+00,-7.303270907262747080e+00,3.203795129522476692e+00,-8.380843033998286451e-01
-4.103702297616948158e+00,8.801248468901601285e-01,6.680119144536122988e-02,1.714080430385337195e+00,-1.955739210610862422e+00,-1.965295066707698268e+00,2.167356997088965898e+00,-5.709737408307648643e+00,3.845867058324803800e+00,-2.805085359207352691e-01
-3.669244759288206925e+00,9.402612353020245450e-01,-5.129487467985560656e-01,2.996306836442393262e+00,-1.788494286347164230e+00,1.955065694947546895e+00,1.394276607378497346e-02,-4.350721603454638320e+00,4.898434948048868698e-01,3.381013645654415978e-01
-4.409609780933946510e+00,2.305777420378385401e-01,2.353179034017439442e+00,-3.150041913649632264e+00,-2.370818077552028669e+00,-1.378777262678412274e+00,-2.309632516892531573e+00,2.097467381310067047e+00,2.790002755874942064e+00,-8.862199028000556922e-01
-1.887993989849184651e+00,1.647698838694124035e+00,-1.315470463198104234e+00,2.561078425888450916e+00,-7.775305378570545045e-01,-7.041870889045158677e-01,5.530931510394854200e-01,-2.769324996228619717e+00,-4.809826006325907954e-01,1.788433079016996441e+00
4.724092018394843606e+00,2.206159124143958650e+00,-3.213818956724456388e+00,-2.957853836296167493e+00,2.921549401907671317e+00,-4.381675474459232333e-01,3.229570740059068079e+00,5.337607503633476469e+00,-3.078731487290303548e+00,3.039246105296309786e+00
5.997801539183381436e+00,-8.760067620984663961e-01,-3.362062861961810700e+00,7.486789007339469393e-01,3.470960112607350823e+00,-5.274981121483062196e-01,-2.251816321708182578e+00,1.936743098699593491e+00,-2.490752024142963261e+00,2.396925050318387207e+00
-4.287325883100194801e+00,2.134457563720678408e+00,1.327773235786098738e+00,-2.053958491040233536e+00,-2.219272243166047431e+00,1.799974070507611934e+00,-2.256965607774461535e+00,3.576766389963048187e+00,2.996448935530220958e-01,-6.064665648749858473e-01
3.517709070620600453e+00,2.657545799476678461e+00,-3.460848557581026608e+00,2.631141365140707400e+00,2.110922299253421119e+00,-1.368307454159660708e+00,1.490159425338487331e+00,1.498715665432879707e+00,-4.716491631746990709e-01,2.301283231521121131e+00
7.389210529658349458e+00,6.082246921376102122e-01,-2.195883789896563076e+00,-1.425786613065576525e+00,2.898101244251320541e+00,-2.311273561849211955e+00,2.189043255437367996e+00,1.040169344709153787e+00,-8.656704266393682179e-01,2.337346444726560613e+00
-4.321086207449790884e+00,1.090931473242158667e+00,8.854705773241615674e-01,-2.476732354029040906e+00,-2.211319828903589801e+00,-7.341473310612576242e-01,1.813929287279938407e+00,2.368993267637267586e+00,3.139146039588054826e+00,-6.502970465690695034e-01
3.142714250793064767e+00,-1.466946326747131657e+00,-3.374743208149389773e+00,-3.050547225128736439e+00,2.199989711825487859e+00,3.167893457217205722e-01,-8.084325734810811070e-01,2.747568478425038485e+00,-3.370369511657052009e+00,2.584233224084881986e+00
-4.322451491221105613e+00,-7.814296485450467067e-01,8.667748610648926544e-01,-4.554421850144740880e-01,-2.190398695626346370e+00,2.169718066808828283e+00,3.391704020636055361e+00,-7.539868918861924563e+00,4.543939383538185828e-01,-6.641397317519505128e-01
4.460061773424832232e+00,-2.608861601409822928e+00,-3.412153220525364183e+00,3.103054081228024508e+00,3.619439347485688963e+00,-7.994255091407715952e-01,3.555145494999427669e-01,-3.459716745782137615e+00,-2.509489578423461875e+00,2.622505627862149691e+00
-5.496046652541266564e-01,-2.010319435610357086e+00,-1.473728223643572477e+00,-5.705466477890279720e-01,4.067403809089329969e-01,-2.314736683946026830e+00,-2.140217900777425797e-01,-5.195683186694442846e+00,2.384751765624573139e-01,2.492386514038658518e+00
-2.974860970719765074e+00,1.785375805197872978e+00,-1.110834603842149271e+00,-4.854473104303358433e-01,-1.187997880198915501e+00,-1.817236936854894624e+00,6.502133551531770195e-01,-1.041985433429803543e+00,2.960050223593640339e+00,1.079002524225826765e+00
-4.285715946370937779e+00,5.520947921322347796e-01,8.943005541363016064e-01,2.940627295176953204e+00,-2.192551991382337917e+00,2.233904850620156424e+00,3.173768222709805187e+00,-7.079735608993946272e+00,6.306772682062922186e-01,-6.222676923053722664e-01
4.111812546209931085e+00,9.228219490706104366e-01,-2.518851649227390244e+00,3.113046303595083053e+00,2.079657617393410263e+00,1.170216898368646063e+00,3.302691784190033175e+00,1.560419915338441488e+00,-3.919096323777205182e+00,2.406737295095865203e+00
-4.427122678668780509e+00,3.202936829453966183e+00,3.074379496426189462e+00,5.766684482245247878e-01,-2.410334133875951412e+00,3.450112847893023194e+00,-2.914011732515277675e+00,1.152169549406517612e+00,1.133626680032803868e+00,-9.294365729849576319e-01
-3.706945038658244762e+00,-2.840226444748132018e+00,-6.806710399588378202e-01,1.392863841284830428e+00,-1.641535504125650746e+00,-1.381836429782155484e+00,-2.777556678447719918e+00,-4.226411662182986362e+00,3.208569278812156256e+00,4.928185546485531199e-01
-3.529503240860318858e+00,-2.605911802273390698e+00,-3.686879843122787825e-01,-1.217404627831764063e+00,-1.681114430944913751e+00,-2.360864046849997955e+00,3.093246494177086525e+00,-6.724747400130348218e+00,3.512244704651496185e+00,5.838574245293839393e-01
4.132236936565498731e+00,-6.532712860238074626e-01,-3.495086074099505336e+00,-3.869091448633064090e-01,3.517024951223258977e+00,-2.223987134024304257e+00,-2.911035088884964761e+00,1.296737324544588565e+00,-9.084136906719086912e-01,2.490687346418412051e+00
3.676794452238418387e+00,-1.940964114841945642e+00,-1.749086770053056572e+00,-1.134871517850655209e+00,2.219955814501129332e+00,-2.302083862173372353e+00,-2.050664495857416281e+00,1.957886490679952241e+00,-5.034383653180006801e-01,2.509287743694151196e+00
-3.387515253701933737e+00,2.211612684071635471e-01,-4.839507766561768065e-01,-1.967528493634588926e+00,-1.604869039473097558e+00,5.155258103711410911e-01,2.906668841223744693e+00,-3.434031621773129039e+00,1.335576493728884762e+00,5.729784680902001437e-01
-4.384193036580263048e+00,2.314052826400872398e+00,1.930746197202164893e+00,-4.797324681340100483e-01,-2.333826025963043449e+00,3.008480683332703798e-01,7.443104838668670453e-01,-6.745140061813788002e-01,1.049116093953202267e+00,-8.279554287414746527e-01
-4.436806162806346876e+00,7.295087010949838913e-01,3.358287397236633609e+00,-1.925009393304764949e+00,-2.428314486203234868e+00,9.246259702712631423e-01,1.866616890879315704e+00,-9.283105275331107187e-01,2.325251373280471157e+00,-9.531909487567020722e-01
-4.342420599598156628e+00,-2.202273616335612694e+00,1.136153485085976023e+00,1.837206278660426406e+00,-2.221000240984852159e+00,-2.330186461786579954e+00,-2.729588893583727582e-01,-6.893479365156428784e+00,6.074865591173702839e+00,-7.144020097280813220e-01
-4.417142214354792706e+00,-8.308402683703590696e-01,2.682993096170776859e+00,1.365109166244935501e+00,-2.389432159719001803e+00,2.915747898522026205e+00,2.314706138459138529e+00,-8.429500228336655354e+00,1.191113908364709761e+00,-9.100537151995518048e-01
-4.412436677669156815e+00,-1.515734157665453052e+00,2.497516214810509894e+00,-2.465839138437830869e-01,-2.379578885834256585e+00,2.988554856192042308e+00,2.656771689529238145e+00,-7.879977788009156825e+00,9.039193829302958338e-01,-9.018579862861787477e-01
3.265955423052161688e+00,1.423187177984845952e+00,-2.780909406801728601e+00,1.684399335702078560e+00,2.316047521255424790e+00,-2.058163742713925881e+00,3.908715793924049109e-01,1.285942059552868555e+00,-2.706068808577479778e-01,2.739999325143585907e+00
-3.451005967162314558e+00,-1.723414413266035616e+00,-5.709369567022344327e-01,1.969699609250503691e+00,-1.679415131289053953e+00,-7.588584725644151874e-01,-1.622582908980760630e+00,-4.639641238101323673e+00,3.031017563516389846e+00,8.288053686441799739e-01
4.659099418320554520e+00,1.829737049482248246e+00,-3.221105550087524527e+00,1.212565217978737842e+00,4.251862777727028586e+00,1.397808439428358085e+00,-2.586786049599993476e+00,6.534489806883971852e+00,-4.124849707754909112e+00,2.594313490297006197e+00
-3.652341368686168099e+00,-1.560622573127718349e+00,-6.508531895423845803e-01,2.467343179927393493e+00,-1.642925779285364207e+00,1.432421617814909176e+00,-6.939695669366594544e-01,-5.763175601667253289e+00,7.506871943030029026e-01,5.375448699753182513e-01
-4.053473610442201114e+00,-3.184154279703484747e+00,-2.484762472969737068e-01,1.818852960890744441e-01,-1.873373493091477826e+00,-2.031403855717354823e+00,2.094876345984381771e+00,-8.400752805638679988e+00,3.161564856660505018e+00,-1.240546920291153571e-01
-4.408660881405041643e+00,3.097888548174882573e+00,2.370006526859958385e+00,2.779872100895451226e+00,-2.372283210217366989e+00,-2.019696183238633314e+00,1.297146702016569009e+00,-3.239934634670170066e+00,3.547631565252803210e+00,-8.785185143020397547e-01
7.912820552562738641e+00,1.136746389829341730e-01,-2.713704939440098940e+00,7.577489176187128805e-01,3.200003537985007362e+00,-2.353604701095783902e+00,-2.475658489365434534e+00,1.583905131167800295e+00,-6.917682991338764964e-01,3.471747705260392003e+00
5.745871595707218837e+00,1.688315162673902137e+00,-2.039476392166938545e+00,1.896718812530918008e+00,2.821656191616977338e+00,3.025192667560639315e+00,-1.991323996270194741e+00,6.770794784499532426e+00,-4.387886027961208413e+00,3.345061059134493142e+00
2.084817647828915543e+00,6.888723134435545958e-01,-2.017201819203280788e+00,1.245685978829416563e+00,1.582847641676080164e+00,-1.765509904908487915e+00,2.134302597210975705e+00,-2.755846857716499620e+00,-1.146735305604761557e+00,2.446692683397865498e+00
-2.342219972263154038e+00,3.464566378921215772e+00,-1.240930604740809073e+00,-2.167861991173535952e+00,-9.802832331135433730e-01,-7.164374763162646431e-01,-2.148080226496917433e+00,4.324820244217573162e+00,-2.119988071505738980e-01,1.263539594293430879e+00
-2.081216663737633255e+00,-2.382908708103808948e+00,-1.332139808950510318e+00,2.865886272912274713e+00,-4.595288249454040908e-01,-1.379138307185402645e+00,-7.628966545987609926e-01,-5.110829130804956932e+00,-6.399342110182693055e-01,1.783112266332033347e+00
-4.428418667444645962e+00,-5.767127134492513463e-01,3.070001405375615278e+00,-1.945591717098729134e+00,-2.410594995298964260e+00,2.818537743204554857e+00,-2.858975992898949325e+00,4.542900707141206418e-02,1.171930369559609497e+00,-9.343503137094155697e-01
-4.313520039371042003e+00,-4.533220791778980185e-03,8.383407146368337948e-01,1.036062348548925094e+00,-2.190381780125284283e+00,2.111011382064034159e+00,-1.047099493074253207e+00,-4.638471669567859834e+00,1.203314479411872417e+00,-6.485800330248367995e-01
-4.223293985307010168e+00,1.277604051411940667e+00,4.051454681921247136e-01,-3.443618472447460555e+00,-2.067481116890726334e+00,3.154584979194807737e+00,3.170350689052188642e+00,-3.916931189411426151e-01,-6.112431300007999113e-02,-4.022312000141599619e-01
-4.353426739441449200e+00,1.704940570032996483e+00,1.513093912604962732e+00,3.419521792361119417e+00,-2.294501149562452547e+00,9.114883600180583301e-01,3.379371001359866789e+00,-4.761804984395356932e+00,1.143830995180795007e+00,-7.787750120054501846e-01
7.661442020339281456e+00,-3.180038931133156943e+00,-2.974586982069157948e+00,2.005337227495531671e+00,2.891678825030594258e+00,8.346382908314042837e-02,5.820256767424298872e-01,-2.571056581285537046e+00,-3.416577686184944618e+00,3.014839670195700538e+00
3.830772078450300988e+00,4.619944253053818173e-01,-2.215807968461565025e+00,-1.706115024383797474e+00,1.972477931547437446e+00,-3.478268274460258436e+00,5.932417390349637998e-01,1.232245898772778681e+00,-6.945155704424419429e-01,2.695153456156607064e+00
-2.246538977719121366e+00,3.164537655618262946e+00,-1.064793756199833741e+00,-2.742173048753290932e+00,-9.980121779276127647e-01,5.510495906600114679e-01,2.660406325044576192e+00,6.582637401616042716e-01,-6.604840813707123504e-01,1.579398869666676530e+00
6.331013236039161995e+00,2.568267240133609519e+00,-2.423594901198797835e+00,-1.193121044646507478e+00,3.047094677012376351e+00,-1.586832232017542754e+00,1.865964198936318041e+00,2.315448772841960601e+00,-1.351273829559922479e+00,2.602524329887052623e+00
-4.324908785118934063e+00,-2.058099723604617015e+00,8.797485856420923511e-01,-2.885788844375886786e+00,-2.207627410279081825e+00,-4.655010935686743068e-01,-9.527037256545640709e-01,-1.301484361365934816e+00,1.267672710747943299e+00,-6.667539937688743423e-01
3.744229700074087397e+00,7.785723074827899381e-01,-3.037207560051666810e+00,-2.187967174379852331e+00,2.273370708781184746e+00,1.991156051463220500e+00,-1.822937362295373731e+00,7.796223327184418572e+00,-4.117820076094379722e+00,2.879098687200772222e+00
4.003834147715488179e+00,-5.466327917685429583e-01,-2.331750167743483537e+00,9.599740637443101576e-01,2.792851295550833335e+00,3.077515296422417279e-02,-1.049267722040425177e+00,-9.711220138558820381e-01,-3.413188152913288587e+00,2.617648357829351013e+00
-3.159122285142323072e+00,-3.480717554751735499e-01,-8.643290520175801461e-01,-3.097890806353290394e+00,-1.378236499229471779e+00,-3.446234900333138285e-01,1.279819801601639995e+00,-3.786814456743775814e+00,1.150313204990159210e+00,1.097405814793161571e+00
-4.402199723396089226e+00,-3.191963035321289777e+00,2.247330556339298013e+00,-2.970351030066386677e+00,-2.350037195227838271e+00,2.210140370093903961e+00,-1.427930648328469498e+00,1.985541168179288496e+00,4.260481319620665897e-01,-8.580604058134367884e-01
-4.427857379690870232e+00,-3.452079161089706361e+00,2.988598895059780602e+00,-1.314080280362600384e+00,-2.410621268320213506e+00,3.461533680164993854e+00,2.354715828130419908e+00,-5.973793224395779866e+00,3.657139334664743502e-01,-9.363312909576267939e-01
6.599033851086904434e+00,5.845264843220920881e-02,-3.125335610090265170e+00,1.516960500510149856e+00,2.975405644988282639e+00,2.341690150297774942e+00,-6.665390404004347680e-01,1.324536105083012671e+00,-4.298478784065173919e+00,2.885591059700768568e+00
3.747040383339067304e+00,-7.781011361624647904e-01,-3.173897721994162424e+00,-7.208354535252707862e-01,2.831914930751087578e+00,-2.311873953688264649e+00,1.344561621602569979e+00,-2.813640554561528173e+00,-9.850720112628963410e-01,2.531708580624786986e+00
3.512996059766108292e+00,5.484908488366384560e-01,-3.400068031520726564e+00,1.873340854362300689e+00,2.921806094691913991e+00,-2.829075904498188798e+00,-2.979280124598790103e+00,3.366760377186841957e+00,-4.189469158227148160e-01,2.359229061608568490e+00
3.748718012293775992e+00,-2.404273172051362817e+00,-2.180644141740093911e+00,7.703274301233609123e-02,2.645196555922632697e+00,1.572631734724455832e+00,3.184952886508222392e+00,-4.165919250808117091e+00,-4.054216994833803156e+00,2.458476079992548691e+00
-4.336038913819168172e+00,2.753717405861198841e+00,1.064245443037787453e+00,-3.389409034198620496e-01,-2.234015604774553854e+00,-2.546842704512677358e-01,-5.748772604777085959e-02,9.934895126832321566e-02,2.074695161119184839e+00,-6.937403678768415682e-01
-4.392251090690681536e+00,-3.422321490750872108e+00,2.185448553284540907e+00,-7.290599376750970251e-01,-2.349448039822777723e+00,2.106751356018429888e+00,7.091182110405869210e-01,-7.274564309340375345e+00,1.063462657515124032e+00,-8.662436382743700092e-01
-3.717349368397557363e+00,1.844333239919394352e+00,-4.903712621952975859e-01,-1.064065958405378431e+00,-1.753171374709613373e+00,2.013005765916027201e+00,2.794940590030831729e+00,-2.516050599195798654e+00,7.397057869561963761e-01,2.723457419924806278e-01
-3.587501651791354274e+00,1.911400827779420553e+00,-7.036264824703426513e-01,1.495680633078608324e+00,-1.610996499978288421e+00,-2.218599639853811922e+00,-1.159768557554253565e+00,4.911707754826493133e-01,3.258880187580389887e+00,5.850503317588358065e-01
-3.821185474644218871e+00,5.095455400325192841e-01,-5.836722529322866393e-01,1.625933133386480378e+00,-1.743037433372888856e+00,-7.327209155234304383e-01,2.063687713293798964e+00,-7.194985114776962121e+00,3.127269632005287292e+00,2.439053995217304038e-01
-4.420754642165682924e+00,3.370429923309258946e+00,2.888982810334921325e+00,3.324887404618789510e+00,-2.400880956419523482e+00,-2.449674780429987209e+00,-2.709057654378096203e+00,4.803238531692798352e-01,5.085209674345499309e+00,-9.151458323767354130e-01
-1.852555216187751208e+00,-3.439258717016370426e+00,-1.179523132986767919e+00,2.462505710754313348e+00,-8.009172565868066807e-01,-1.739643341191193349e+00,-1.483982671936614928e+00,-3.842534903237382338e+00,1.106402826189161637e+00,1.638630757296100970e+00
-4.411945332668901543e+00,-2.518593478344714587e+00,2.545591732275589436e+00,2.052183355104809870e+00,-2.381478356249195905e+00,9.801671878483784184e-01,2.559443502000036119e+00,-8.930481923917682252e+00,1.208464322831485749e+00,-9.025634905584387635e-01
-4.295943078252828506e+00,-2.004667500380509892e+00,8.036564860876413974e-01,2.090137366158261401e+00,-2.162578111540523373e+00,3.375231446002829649e+00,6.376281646195316455e-01,-8.167502256493186508e+00,7.595938605651163522e-01,-6.223515527436586092e-01
7.940659754161291772e+00,-2.287597465832194032e-01,-2.634931820327284235e+00,2.114161823115894734e+00,3.440700523386766463e+00,1.025664435943102859e+00,1.636609114071394089e+00,-2.565613951220139022e+00,-3.956940279100408464e+00,2.364109780328395249e+00
2.699035231119806255e+00,2.156787116526655446e+00,-2.443678520510192964e+00,-1.602353539418648776e+00,1.882003318326650021e+00,-2.655649095230094403e+00,-3.023331761239629323e+00,7.152697141045984530e+00,-5.682635542772339621e-01,3.052171082182837836e+00
-4.319767668410786854e+00,7.083689962351522595e-01,1.106363201005917674e+00,2.329126279996378557e-01,-2.188349070812363184e+00,-9.910228537617262745e-01,-2.826760010414610225e+00,-2.485247901689255912e+00,2.157625628570609688e+00,-6.515887244433641312e-01
-4.405816556558245445e+00,-6.050749310841769812e-01,2.287586660794560522e+00,-8.376170095217507772e-01,-2.357435449760275414e+00,1.472973456719753216e+00,1.414377977223708172e+00,-6.562427666584997432e+00,1.685473011716462688e+00,-8.703789077626666870e-01
-4.435579746107464416e+00,-9.168552790419801646e-01,3.305135830218674187e+00,2.312574707009832586e+00,-2.426074518621377685e+00,-3.393451938949024971e+00,-2.817703850571223079e+00,-4.432289081524503516e+00,4.332334978745683962e+00,-9.519222086892364931e-01
-3.324527520796647817e+00,1.319680179126875075e+00,-7.284611997236258851e-01,3.322636878245097236e+00,-1.472249361823286140e+00,-1.275921781234360175e+00,-4.431548792899837608e-01,-1.688020344982832599e+00,3.588185351079439922e+00,9.562181448459712296e-01
4.859943252295263250e+00,8.512212169728705646e-01,-2.820916057149215561e+00,-3.380082270623788077e+00,2.836483060209581186e+00,7.813472120823385936e-01,-3.138151340248475751e+00,1.008535492831409819e+01,-3.879126918237873589e+00,2.581461925981054506e+00
-4.367067955325182105e+00,2.024616809071821066e+00,1.973547530369845759e+00,1.263284704773332656e+00,-2.311743219536611438e+00,3.355988842690300622e+00,-1.242083600164010981e+00,-6.095205094805008494e-01,9.598651155009765290e-01,-8.250978882304053075e-01
-4.307783710000665955e+00,-2.900525726673298443e+00,1.205799275370587509e+00,1.979030663350712871e+00,-2.232448734109356625e+00,-2.567058796518737473e-01,1.432915222444412606e+00,-8.585056759072148935e+00,1.166625370427469832e+00,-6.392877685675260047e-01
3.239792768864085737e+00,-3.138317527178100530e+00,-2.359871701160726420e+00,-3.079541879692377471e+00,2.177811356936983689e+00,2.465680757913626842e+00,3.231510108598787845e+00,-4.880627243110815527e-01,-4.226100867586458421e+00,3.235041731978141044e+00
-2.077715281906950207e+00,-7.781866342308072504e-01,-1.446094163298272228e+00,-1.879635202668402894e+00,-1.698960187954981771e-01,1.585615944298428559e-01,1.411961340411242993e-01,-3.820115611830491087e+00,-2.550907349238814792e+00,1.768757703785134971e+00
-4.224901713755060406e+00,-1.682277049681002445e-01,3.182163795873105272e-01,1.674599548947831806e+00,-2.067086379120781636e+00,-1.919355244393345483e+00,-3.400582823655500242e+00,-3.940428299859974892e+00,3.868422290035759659e+00,-4.471958309378508689e-01
-4.433468121968788367e+00,1.861216340393034407e+00,3.241088930738025731e+00,-2.984158666955837980e+00,-2.419538041703526154e+00,-3.258227206421965949e+00,8.099086651434070916e-01,3.314491176243471671e+00,4.073837649658521798e+00,-9.463315878281435278e-01
2.017455667052003854e+00,4.391776133155556039e-01,-2.057566621885792646e+00,1.834302439421811926e+00,1.542218469180021589e+00,2.693151464777424842e+00,3.467142278501478714e+00,-4.667061754595152934e+00,-4.189949901600193982e+00,3.626199542136455900e+00
4.222140789634986291e+00,-2.017990973864338233e+00,-2.295996251950465528e+00,2.447299310946096540e+00,1.900872268562992184e+00,2.177622501392342258e+00,-1.855658098479691098e+00,-3.525307340812341428e-01,-4.079832231913401053e+00,2.563371880654008006e+00
-4.396284297071862746e+00,2.929159460905829349e+00,2.228845950378966378e+00,-9.509904906955970461e-01,-2.358836124848568527e+00,2.511409218319217374e+00,3.000525949460856268e+00,-2.302360000891281455e+00,5.846729413511266849e-01,-8.783868279986064564e-01
-3.833109702559210241e+00,-2.173285992296952074e+00,-3.518341122786563524e-01,2.350783552778958452e+00,-1.856707693046145247e+00,-2.180282830503345703e+00,2.871625538287164048e+00,-8.951473589518775142e+00,3.051664019836842101e+00,2.618382796921041034e-01
1.249869120611585727e+00,-1.843015458484509095e+00,-1.759206027494545355e+00,3.442697231678240932e+00,1.477384801771800316e+00,2.289059992452209258e+00,3.727712186685572249e-02,-6.156196510606135597e+00,-4.065699821744632736e+00,2.211576423611669284e+00
-4.345115343231103822e+00,-2.512659563561468357e+00,1.383588300038010033e+00,4.004092029355206250e-01,-2.222388064647456307e+00,-6.207016500595461395e-01,-9.470543663826771486e-01,-4.848291215506010943e+00,3.020209921939563280e+00,-7.114718187923060322e-01
-4.376592695908759545e+00,-2.171146732351728836e+00,1.961584065219119211e+00,2.646784549741830084e+00,-2.322135014492376026e+00,-8.953743773901354785e-01,1.829600812820240563e+00,-8.761206167501661923e+00,2.562376198418096607e+00,-8.235880635812394823e-01
3.723610611994746300e+00,1.402567088730708456e+00,-3.457012678234906211e+00,8.321315643438804699e-01,2.339991047004007285e+00,3.270829649164582520e+00,-1.258518961262007352e+00,4.640017442963729088e+00,-4.371074285399419779e+00,2.274483933413747216e+00
4.228234285068126042e+00,4.705574668465999366e-01,-2.181238255570462581e+00,2.118874370886416614e+00,3.974730475449825384e+00,-2.592427025889969094e+00,-3.402206763087288088e+00,1.303946442817293105e+00,-2.138554547373257009e-01,2.661397582508666648e+00
-4.424753000296805183e+00,1.519451340693963814e+00,2.924116454751828797e+00,1.688847617617769359e+00,-2.405570186240090891e+00,-1.450668330919807847e+00,-3.282380494304550922e-01,-1.420070588170045944e+00,4.006892594231365123e+00,-9.265966071941327264e-01
-4.328830729277710176e+00,-2.327960057782314074e+00,1.367128511660819612e+00,3.102026597951099696e+00,-2.227543266805765754e+00,-7.076135107970706883e-01,8.702708339780418356e-01,-8.566874964361639755e+00,1.684737062362945181e+00,-7.043916176831247489e-01
6.056305897764435286e+00,-1.463469464362527894e-01,-3.130992205563951636e+00,-6.235299324457952430e-01,2.692095893442846943e+00,-9.086876138124826419e-01,-2.019242338412037263e+00,6.477527064765514098e+00,-2.199537561709034250e+00,2.405514917645727113e+00
-4.255159371081139952e+00,2.412405056166437411e+00,6.035418519966411210e-01,1.028853313309459949e+00,-2.116624170764831447e+00,-1.570918106589323626e+00,-2.817080640739127340e+00,5.872338356426043404e-01,4.548097357547204567e+00,-5.289355467664716981e-01
5.194841077294630516e+00,3.661385278047397662e-01,-2.068501200852622013e+00,-1.385365086996706019e+00,2.588402687201195373e+00,2.072691979110748761e+00,2.920735672900768520e+00,1.490663806521022039e-01,-4.204233076481785680e+00,3.382840575035822361e+00
-4.303496468622091342e+00,2.621744645854978017e+00,1.172404468408954514e+00,3.037286609950964333e+00,-2.236840122705042067e+00,-3.043617624901843399e+00,3.036768372324075038e+00,-3.605081052389619511e+00,3.821965571514561955e+00,-6.861533574127829382e-01
-2.087302963336525430e+00,-3.191824443938510392e+00,-1.249823373976874485e+00,-2.628781572731913929e+00,-7.419326479160339716e-01,1.070432183687126226e+00,-2.826342724386136762e+00,3.781779574599135607e-01,-2.527992386136400871e+00,1.341476004300395042e+00
-1.569615158765265583e+00,-1.496176584483124294e+00,-1.362575120463787925e+00,1.414099875674360796e+00,-4.747145194467217166e-01,1.748082366469287940e-01,-3.047289485783035268e+00,-3.776086323621943297e+00,-2.521293736250170614e+00,1.959591241302142350e+00
3.810689995478773184e+00,-1.362620551856426054e+00,-2.128009025758425654e+00,3.221533814121815276e-01,2.499845378612173707e+00,3.234161268412427681e+00,-6.060637252020990573e-01,4.955631953944243939e-01,-4.356645885190515877e+00,2.755501652527463818e+00
5.419243901137456021e+00,2.502007967431098656e+00,-3.150025539579680789e+00,1.103531868551097972e+00,2.297992066869010586e+00,2.213800498752769741e+00,1.500199165105339461e+00,1.109798927719218620e+00,-4.207601665177168826e+00,2.824199831337665501e+00
-4.396026662282174868e+00,1.586925091094038009e+00,2.224446828330395753e+00,3.261510169765374556e+00,-2.357272531752045097e+00,1.483028567252042684e+00,-4.474632614185143353e-01,-2.186431722203218797e+00,3.534483319319831063e-01,-8.464882093105468019e-01
4.075835243501814809e+00,-1.034631249740109560e+00,-3.433048884369328757e+00,3.021064712034164046e+00,3.034659782812352269e+00,3.207011190281031432e+00,-3.377178148635917587e-01,-1.238733850995521912e+00,-4.429392531449025228e+00,3.132753756327496752e+00
-2.418763873434655487e+00,-5.030551177269888541e-01,-1.107200465283196156e+00,2.533118280658336552e+00,-9.971151922099894538e-01,-1.496729829463437689e+00,3.304364226674940674e+00,-8.542657466078443562e+00,2.149148165526187704e+00,1.309564732880674987e+00
4.206355083002364381e+00,2.333690844806549869e+00,-2.898030716410386454e+00,3.086551890654813946e+00,2.006820143034120818e+00,2.585512297859791531e+00,2.164549710724704035e+00,1.651717996719664461e+00,-4.230987892901763026e+00,2.235147553431140466e+00
-4.353586781079761714e+00,-2.857588180139063461e+00,1.696709393967265278e+00,2.646628425723180023e+00,-2.264402519387227919e+00,-7.705863976002058635e-02,-3.158665999401797375e+00,-4.586363517839104453e+00,2.795610997515916907e+00,-7.462746972828208092e-01
-4.418272110777156314e+00,-2.139025393646421414e+00,2.579421512720774246e+00,-3.359841927263804706e+00,-2.384105273642581846e+00,-2.004333139114838680e+00,-8.701546458800866191e-01,-1.510929655661567006e+00,5.635970348771095928e+00,-9.090898263113479372e-01
-4.398488004547788321e+00,-1.493305358969755581e+00,2.005463218388757518e+00,1.558885623013430255e+00,-2.341586842816454794e+00,-3.149842186556217616e+00,-2.879957394597940645e+00,-4.073230032266994982e+00,3.675636984272449226e+00,-8.495428744356168238e-01
8.535161578229160106e-01,4.153140231352949741e-01,-1.813216345743700053e+00,1.876914403290183664e+00,1.284279000104946888e+00,-2.528438981584420375e+00,-7.607173754529510390e-01,-3.397657901787965784e+00,-8.182350195544513261e-01,2.485283153781086884e+00
-4.371713483939076994e+00,-2.308036994780925610e+00,1.732669556073350492e+00,1.337818979286366172e+00,-2.305283999416076757e+00,-4.009896713144858182e-01,-1.258160564245880408e-01,-6.864901573443004779e+00,2.009774092787939725e+00,-7.953716352110400400e-01
4.345115703699209853e+00,-2.112354211204428456e+00,-2.812116944071080038e+00,-2.358001448539558620e+00,2.871019511509222522e+00,-1.030073888950510774e+00,-3.301624297428434662e+00,6.637692747780047142e+00,-2.052601840930563526e+00,2.749407541053046078e+00
2.003957766973426757e+00,2.920865659915455659e+00,-2.151575026718755002e+00,1.053768154345933183e+00,1.599448825383022577e+00,2.332808129220162563e+00,-2.220869354292473119e+00,2.427656455754707565e+00,-4.109542588609527591e+00,2.686852518412468527e+00
-4.281580910931368500e+00,-2.917112508132840620e+00,9.087601085489422914e-01,-4.833246346076869315e-02,-2.165661844179366913e+00,-3.420992242163789498e+00,1.401178489745787736e+00,-7.994540349832567117e+00,6.501543784958832894e+00,-5.435557720604893284e-01
3.297134455579104007e+00,-3.781999500232924305e-02,-2.911490452245834248e+00,-8.096664129579997926e-01,2.150119843667694042e+00,2.785280732276262938e-02,1.371875386851767686e+00,-2.004700535978871212e+00,-3.417598596661767019e+00,2.855787513710426051e+00
-2.611312030357644254e+00,5.322637713303155493e-01,-1.230394663561797053e+00,-1.490270433636950997e+00,-9.757457543075293005e-01,1.853184104774741492e+00,-1.072785093124586808e+00,-1.208297487436188256e+00,-1.076878190142671610e+00,1.287322772205861110e+00
3.223527539052785773e+00,-3.155963553788554421e+00,-3.429979411162373371e+00,1.107806052543566011e+00,2.577996144736896866e+00,1.281303038565883234e+00,3.313913969084073763e+00,-3.957088284353434737e+00,-3.801290989506094231e+00,2.250859715019189355e+00
-4.140136060436264032e+00,3.197484734842820586e+00,3.826086905482015688e-01,-2.471189632010571735e+00,-2.064588078775465796e+00,2.760516601611157306e+00,-8.496792388542266927e-01,5.029279226998864871e+00,6.673671895975021862e-01,-3.215505848730003113e-01
-4.433533275850663813e+00,-2.343729823117270961e+00,3.178744511916839599e+00,2.998931497134040391e+00,-2.419061542315276814e+00,-9.572361994165685672e-01,-1.541867209575989550e+00,-5.012606313881484255e+00,2.605467005699305449e+00,-9.448484984623682914e-01
-4.338622119190169713e+00,-2.969793671713468974e+00,1.461887650139285455e+00,2.398978275591323595e-01,-2.268866842439707820e+00,3.131796141219118645e+00,-1.070448497956388856e-01,-6.921039740487901604e+00,-4.344519992496513605e-03,-7.369504130708288692e-01
-4.411041946086573518e+00,1.693206038944302882e+00,2.514232986873681241e+00,4.814946484746940314e-01,-2.376065366909553500e+00,1.867349665650948509e+00,3.095267764415505773e+00,-3.968979809016316196e+00,7.337170692792869264e-01,-8.929866502387235894e-01
3.555306447247569057e+00,6.908132038388057339e-01,-2.114974259405788537e+00,-3.393349426675875691e-01,2.138525996444870181e+00,6.700421954936093272e-01,1.007853698102332274e-01,3.618197643757729010e-01,-3.578596206144972758e+00,2.753200633323868995e+00
6.223861133965931103e+00,2.422476029728361624e+00,-3.282138467549147176e+00,2.591292805341314676e+00,2.842132756920783265e+00,-1.213460241274265883e+00,8.766025659312370877e-01,1.446471521629629553e+00,-1.651151150328945993e+00,2.473104075410639702e+00
-4.116251548592640752e+00,2.505165159582160683e+00,1.333211017269788634e-01,-1.171586613724357573e+00,-1.929536030161875582e+00,1.269611589093555537e-01,-2.497109893978165296e+00,4.136214375553492140e+00,2.174987006927194599e+00,-2.359502116045730791e-01
-4.372669323990943546e+00,2.806569146983615148e+00,1.892561380613145161e+00,-9.742705597033087805e-01,-2.332306679059529930e+00,9.844713025085614078e-01,1.947482753431532210e+00,-1.600305047923961110e+00,1.681310797970907656e+00,-8.322299159371852051e-01
-4.286504080656344584e+00,7.299111429803897266e-01,6.771656321714019100e-01,2.825016491981413580e-01,-2.159227261723199565e+00,-1.296695832284715078e+00,3.372830745545496001e+00,-4.825347323551526735e+00,4.303964092433600896e+00,-5.684996859339289665e-01
-1.972773554866880996e+00,-2.287240796996155012e+00,-1.363023685284371567e+00,1.521875776734225916e+00,-3.221516835698676195e-01,1.760666463704543716e+00,1.456182042562716994e+00,-8.306823678173978820e+00,-3.195032761032599034e+00,1.914855015600277044e+00
5.237252110589830423e+00,2.299498994406529384e+00,-3.060487200003480179e+00,-1.634366783295634340e+00,4.696341307129237919e+00,-2.055397598037657314e+00,-9.639063291824641055e-01,7.229836560863306616e+00,-9.097788944610327722e-01,2.515394376482321448e+00
-4.404130795450662994e+00,-1.648533510534591962e+00,2.615408152216286197e+00,1.050117935763639210e+00,-2.382386330191560209e+00,2.106302242543119263e+00,1.748488834612872189e+00,-8.497914673565006183e+00,7.978994406932011785e-01,-8.888167151105965669e-01
4.921173740427136067e+00,-1.377962505525284875e+00,-3.250634122108401858e+00,2.927773013394824986e+00,2.399243261614445455e+00,8.375760744334428409e-01,-2.937840600734113128e+00,1.254636925335194331e+00,-3.871173733254201110e+00,2.266299949088883992e+00
2.632241641256718001e+00,-2.632962461992052638e+00,-3.054493927689448718e+00,3.260733032647046059e+00,2.099461967341035962e+00,7.304947732747963940e-01,1.744745700428193658e+00,-5.179086909211696899e+00,-3.609076561160356800e+00,2.187345189737210482e+00
-4.439094466759097912e+00,-1.790375431472314371e+00,3.448555841730435390e+00,1.694198983179598272e+00,-2.432924107941829561e+00,-2.100473290325863829e-01,-4.194641325127914655e-01,-6.492836329545864871e+00,2.667439663344181255e+00,-9.607162358199334840e-01
-1.701640699863592010e+00,6.018011692980600458e-01,-1.060326329594431627e+00,3.003324782797788473e+00,-1.024762176374678813e+00,-1.827116037586437924e+00,-3.203945577691968527e+00,-2.152641066524926927e+00,1.228221064459409151e+00,1.905350095239186636e+00
-4.300947424413358533e+00,-1.671241736641802422e+00,1.117334145679610202e+00,1.032202515264548204e+00,-2.202627710196301880e+00,1.748913669557135009e+00,-2.156923816196286925e+00,-5.008646733304892962e+00,3.197988859061027811e-01,-6.330739093948172247e-01
4.279158587391420632e+00,-2.060877053179813956e+00,-2.201958292570754594e+00,-2.794999355257826057e+00,3.274164653317410689e+00,-3.459020038420995924e+00,-1.897923086082977218e+00,5.406365555932479694e+00,-2.175393180315288166e-02,2.981607183189443511e+00
-4.338226659389369466e+00,2.775569457967483444e+00,1.399860826263874536e+00,2.141340168532942734e+00,-2.247008660130156876e+00,2.814608741509209366e+00,-3.012164646191272777e+00,9.408086602352703220e-01,1.699360357434559932e+00,-7.035913581017937402e-01
-4.208864464403873740e+00,-2.845879022432484806e+00,4.755959632545421201e-01,-3.216448933945527777e+00,-2.049256242794420757e+00,-2.288858960395941722e+00,-3.473672456525824792e+00,-6.390431564259473340e-01,3.171549369412103747e+00,-3.634342019136576618e-01
-4.438270449561527720e+00,-2.037636076745982461e+00,3.410132055696005970e+00,1.848754074373384348e+00,-2.430873807589100988e+00,-7.384446681409562174e-02,-3.430676952294112070e+00,-4.301229401471266200e+00,2.131429520250680554e+00,-9.581928047679162397e-01
-4.407003526662245818e+00,1.368506798782634704e+00,2.298745955112864614e+00,-1.884932622490074428e+00,-2.360910805339643481e+00,-3.130191020158174631e+00,-3.220119054493639776e+00,4.821868382971850053e+00,4.923358038006933945e+00,-8.754490114628239450e-01
3.825311197537289765e+00,1.524016972089022204e+00,-3.022604466943492607e+00,9.096918958680610956e-02,2.571641484054699944e+00,-1.508636225031282141e+00,1.717505393174636907e+00,4.321949956365945256e-01,-9.842667593224538880e-01,2.611180631390718432e+00
-4.281624338711400135e+00,4.534839859792856309e-01,1.282450482201602071e+00,-1.107927549432360159e+00,-2.221003510795493963e+00,1.996194042908623345e+00,3.808253188653036858e-01,-4.701865029931360240e+00,1.319848097295474920e+00,-6.853760355965549111e-01
-4.438684552932720351e+00,3.129493663121762914e+00,3.426604201404519046e+00,-1.085180248799705538e+00,-2.431630314579826813e+00,3.055914075084651849e+00,1.125098301509215304e+00,-1.978433436519238864e+00,3.235393580111870504e-01,-9.592211645288912791e-01
-4.292666246432489174e+00,3.278377391328502810e+00,6.761055396616804103e-01,-2.292308853409053881e+00,-2.171186784072956399e+00,-3.388549823893585167e+00,-3.369686064384765700e+00,5.456590579466964464e+00,4.598670950099040589e+00,-6.217626118532144641e-01
-4.369364156409737632e+00,9.555959828929969646e-01,1.971304110743471227e+00,-1.470203966685013519e+00,-2.303786047664419190e+00,-1.711353791961891080e+00,-2.131981659728714895e+00,2.549015313004006522e+00,3.409016940213255964e+00,-7.921616691194450777e-01
-4.372213405536749420e+00,-9.594008412312104994e-02,1.745521572415089651e+00,-1.200882159622796319e+00,-2.314332674760677833e+00,-1.218517655033967806e+00,-3.108017476328217565e+00,1.118788888071771126e+00,3.768410947600986383e+00,-7.830875462262814057e-01
4.122740895810080630e+00,6.371111396186384113e-01,-3.469083771451626941e+00,-8.667079005097866329e-01,2.737467762041848829e+00,-1.652872458884027118e+00,-2.482292342935878970e+00,4.803344679497441483e+00,-1.153282048682410466e+00,2.774851577924932311e+00
-4.301488036581714525e+00,-2.828363405017508825e-02,6.051309991014779399e-01,3.326585041147295918e+00,-2.160781634906739246e+00,1.149406245051398656e+00,-1.458558780573678604e+00,-4.058653775543153763e+00,1.730635188835924376e+00,-6.221988571017250669e-01
-4.268234588504085103e+00,3.404924584102722029e+00,7.472194120211366197e-01,4.634691211981110115e-01,-2.139842509990601549e+00,1.233163914847602349e+00,1.363646320757595731e+00,-2.922314189894587244e+00,6.605117517996752508e-01,-5.472258564227452382e-01
-4.237867805741390548e+00,2.415600340195224405e+00,4.121243215282670569e-01,-2.898009853126144897e+00,-2.112443278912135902e+00,-3.154348691365945090e+00,-1.563408148462726466e+00,3.324350603052490083e+00,6.616954884134253589e+00,-4.701245583631677438e-01
-4.381194998279287489e+00,5.153062890359851878e-01,1.957713755630035024e+00,-2.826685604254638662e+00,-2.332291544367265157e+00,-2.213028883665008273e+00,-3.220613395302654780e+00,4.468596051598377805e+00,4.075842652210312167e+00,-8.330990294523067385e-01
-4.362842261788556719e+00,2.246753453102338760e+00,1.633007235068054008e+00,-1.160102500997129749e+00,-2.287273429052768758e+00,-4.809885472665627049e-01,-3.489134156976413603e+00,7.058371138632888453e+00,2.377124467261084728e+00,-7.895149146228288561e-01
-1.284964250451399170e+00,2.476751315891323912e+00,-1.565673327112329538e+00,-4.337298189819334127e-01,8.105547495144906911e-01,1.160718253926457777e+00,-1.462476823916297075e+00,7.658333150456552163e-01,-3.631520286010064602e+00,2.011400314001863698e+00
-4.386035632698474629e+00,-1.813264539696263222e+00,1.899406334870061386e+00,-5.448925562647186638e-01,-2.327344792440498189e+00,-4.893678152701306239e-01,-7.395711980359780391e-01,-4.463391031862703251e+00,3.888058563367721820e+00,-8.241800065768655204e-01
-1.332844275425759228e+00,-1.829146320233775880e+00,-1.607885814444369510e+00,-7.197082431304631100e-01,4.850712162127089333e-01,2.051380223434239092e+00,2.272717453490061601e+00,-7.023357739734246152e+00,-3.692211223171453227e+00,2.197413636824887995e+00
-4.404668936394364742e+00,2.620970723022836069e+00,2.329531379345996633e+00,-2.143019261983360124e+00,-2.363716053183135823e+00,2.293641113728566161e+00,-1.566722393279341263e+00,3.991619596545690207e+00,6.655808049196130227e-01,-8.835239501274074758e-01
-1.479894553183777939e+00,2.111652510465338750e+00,-1.612606563513958369e+00,-2.282936086356491145e+00,5.215568413729925190e-01,1.403105313863442838e+00,5.024243819323910287e-01,7.230003503576778456e-01,-3.631445359758727065e+00,2.130335743833017048e+00
-4.420947645322972797e+00,-1.229009476000781476e+00,2.732554140900732342e+00,1.474132001280663573e+00,-2.392334091621289183e+00,3.974665746937313671e-01,-1.359614367025161030e+00,-4.664597855448537445e+00,1.050206265479471046e+00,-9.130420811779351720e-01
2.306676574029610904e+00,9.641694546757317852e-01,-1.828371614596235428e+00,3.244013981964740445e+00,1.640762649425240749e+00,-1.107989202752863278e+00,1.065309925120994095e-01,2.990033305643058359e-01,-1.821288691376027336e+00,2.994850263777354193e+00
-2.139576944466154096e+00,1.985031951759114399e+00,-1.284884113053316845e+00,-2.218675807231587527e+00,-7.670387525665801620e-01,-2.294733528350357155e+00,1.971113955554724129e-01,9.239813840974879788e-01,5.828594506809595677e-01,1.899657364025497674e+00
-4.402062948432488909e+00,1.851488188252792710e+00,2.225507085706725618e+00,-1.398749070098177505e+00,-2.357165509041549090e+00,-1.218878415798218651e+00,3.255362832080044733e+00,-1.832793544383178652e+00,3.358870728283792850e+00,-8.598464689528322324e-01
3.538808131116028211e+00,3.294765649451686151e+00,-2.410948848920807741e+00,-2.959420527525396416e+00,2.035964364046699338e+00,3.306994499845687940e+00,-1.695527186366417638e+00,1.331915295058892568e+01,-4.318944328115688513e+00,2.573108026198263065e+00
-4.220297296833503964e+00,2.150400586271706160e+00,5.661145401322320581e-01,1.002540169862297326e+00,-2.096158012899596468e+00,-3.009376407134887632e+00,-1.304214096843763215e+00,-8.015386842153021663e-01,4.421676032799860323e+00,-5.176383243404135692e-01
4.572938771796025925e+00,-1.692862180429230090e+00,-2.078658994896540158e+00,2.143404881230511094e+00,2.091300575063700151e+00,-3.809349338481493596e-01,1.615556031326494946e-01,-3.379406917284756062e+00,-3.077733318459640266e+00,2.189384330897658604e+00
-4.410719901678356258e+00,3.326843566465418789e+00,2.362894923728227958e+00,-1.618744893715126754e+00,-2.361844719656700509e+00,-2.876237434860312803e+00,-2.638865125693297564e+00,3.713244904065762686e+00,4.956876478377905570e+00,-8.828357103656204741e-01
-4.342143954405512041e+00,1.252161911846876308e-01,1.661001643255954008e+00,-1.800465495573000396e+00,-2.268457325341784347e+00,4.597348447360145585e-01,3.450829477844742144e+00,-4.070026998833990994e+00,1.784445646178455913e+00,-7.573159022976593269e-01
-2.335225610678667518e+00,-2.551643637457836178e+00,-1.187093258192713385e+00,-1.971215625212839218e+00,-9.526612406123171617e-01,-3.126558764417098235e+00,1.926329026185527482e+00,-4.877216704436492911e+00,1.604915134488239525e+00,1.291984144845284010e+00
-4.399131978695735690e+00,-9.007104268956123150e-02,2.305600801317459592e+00,-2.699861267146496324e+00,-2.359251689403134122e+00,2.368121148476160620e+00,3.294704424152117284e-02,-1.885356411556043499e+00,1.420263365626561081e+00,-8.741582073433922240e-01
-4.360181577864144842e+00,6.451752406308379761e-01,1.882174166636603196e+00,7.264209684843079273e-01,-2.314376221090116648e+00,7.177163229463223715e-01,-4.734346741073109932e-01,-3.947970028704570034e+00,6.989750831860980229e-01,-7.929674443497989333e-01
-5.901960731396376225e-01,8.337564084926141206e-02,-1.535710164447344539e+00,-1.046119846583982937e+00,4.823035019102955290e-01,-2.008413874421493439e+00,-1.698247077997485199e+00,-1.274841989473612935e+00,-7.254607528315225595e-01,2.416556768152350099e+00
-4.019211257476304588e+00,-1.684160105107528560e+00,6.823915500528254796e-02,1.987457600735421437e+00,-1.935374440246696803e+00,2.553848967051865593e+00,1.964808475576232283e+00,-8.624670003775305460e+00,5.542183954730319773e-01,-1.451773381159935927e-01
-4.308519830054176936e+00,3.298369626810789157e+00,1.015215812093075876e+00,3.295540075851365991e+00,-2.185039762869252833e+00,-3.132857052988422986e+00,-1.054826273432079020e-01,-1.959675005289033489e+00,5.641689788899491020e+00,-6.485391291060239594e-01
-4.379382853853704738e+00,-3.442517152697364136e+00,1.927828016849243653e+00,-1.176469042174145052e+00,-2.305419561168821296e+00,-2.388808343755195907e+00,3.316122676436909167e+00,-6.859855824569101479e+00,4.142267924580703919e+00,-7.990225239917092548e-01
-4.425173443368007220e+00,-5.838030664742044351e-02,2.993117324818081570e+00,1.242945759049779220e+00,-2.404129288150172350e+00,-2.896809263343578245e+00,-1.216510062751593235e+00,-4.799466224821540727e+00,4.029440145580860388e+00,-9.262034872178920297e-01
-9.895468718696057708e-01,-1.618143524598928851e+00,-1.636942171877479257e+00,2.169499248437026573e+00,8.110373015897178739e-01,-6.183541941684436161e-01,7.137831074372753548e-01,-7.907058858700504622e+00,-2.556811769721118566e+00,2.165848641585538470e+00
-4.366891276379671893e+00,3.221396700429068005e+00,1.654397802710543708e+00,-2.265149154571519663e+00,-2.307168583486105984e+00,1.010058936703094545e+00,8.324829573927239323e-01,2.408352263496833512e+00,7.765583040082160160e-01,-8.190676917604687857e-01
-1.861642569046639384e+00,9.386895616396229158e-01,-1.396053226363508593e+00,3.202387622857875371e+00,-3.465227906649945289e-01,-2.125362924796799113e+00,1.212177152830252957e+00,-4.226518401919330259e+00,-1.356418502310913488e-01,2.017551559777593262e+00
4.558328837036512482e+00,1.038197101858858495e+00,-1.833556965266587291e+00,3.284499551817921414e+00,1.535586698665473593e+00,1.859108636151121097e-01,3.347843369150149684e+00,-5.745206147834062138e-01,-3.378225161833735779e+00,2.779799520668845947e+00
3.255671418200109635e+00,2.417735332415827720e+00,-1.987719111966093077e+00,-1.971828914823284373e+00,2.473712831863225770e+00,2.807482089639313116e+00,2.413069242989220875e+00,3.165307587594969885e+00,-4.287871319441778795e+00,2.709106387151338335e+00
-4.410127405603978090e+00,-3.396607144738272410e+00,2.458785009840669389e+00,-2.976746102911800307e+00,-2.370584800034214457e+00,2.190956542773483839e+00,-3.356576828124955281e+00,7.578871109465561418e-01,5.700296126936832408e-01,-8.914300157860931551e-01
-2.545085891549331958e+00,-3.241316879883976210e+00,-1.134314893851556594e+00,-2.445540472891277073e+00,-9.479191476365613767e-01,-3.268166041373808728e+00,7.197146232515763131e-01,-2.630045888038769597e+00,3.280249051565008678e+00,1.490374731521193929e+00
-4.407034326449960737e+00,-1.369647339226452321e+00,2.280824357465860430e+00,6.179303737873009794e-01,-2.360607541283750610e+00,-3.477961485505565165e-02,6.183792932030245382e-01,-7.390092284857701088e+00,2.386277796814025631e+00,-8.773034553184356765e-01
-4.372825731975166441e+00,3.127399535236145667e+00,1.546988248131538235e+00,1.200262508062965416e+00,-2.298943197951215378e+00,-1.266308874001707441e+00,3.464399937229194926e+00,-3.739668105332261572e+00,3.050590319388287508e+00,-8.059580166359519016e-01
-2.178854863474226189e+00,1.667829833198118727e+00,-1.168529842463645441e+00,4.856577788792768580e-01,-7.378762935930880396e-01,1.790136858724704183e+00,1.739457691068950318e+00,-3.686578062309721293e+00,-2.518090832888598030e+00,1.644310626068905989e+00
4.088075754037244103e+00,-1.674045431516460347e+00,-2.682095064823197372e+00,2.172621959257805990e+00,2.247581334279676213e+00,-1.298849807836992554e+00,3.113568499074361284e+00,-3.604821150684467845e+00,-1.186117607747629199e+00,3.559052142714824285e+00
3.640395629836814528e+00,-2.653272008032947493e+00,-2.970529451668187271e+00,9.063590926923419389e-01,2.122909703968390627e+00,1.318612338431677244e+00,1.891967767670185374e+00,-4.290933777550373307e+00,-4.021590619765690100e+00,2.674956007130124824e+00
-4.290923049042319803e+00,-7.128607410504192998e-01,6.774894582628450124e-01,-1.546193566529587171e+00,-2.152173345755543643e+00,3.215503892507869388e-01,-2.714321494737196527e+00,5.768797862139682930e-01,1.076956553702109964e+00,-5.967686067271249506e-01
4.006997076300002014e+00,-1.214946935379579429e-01,-3.085085293570636544e+00,2.775926890623576782e+00,2.982882880774948120e+00,-2.202802170741335885e-01,-1.995183639679185106e+00,9.938447987149388041e-01,-2.950270337414451660e+00,2.411591914073687004e+00
-4.346074511408644092e+00,1.605195813068543309e+00,1.713686691456012490e+00,-3.903821937081239923e-01,-2.273536793081216256e+00,-1.541624204601568238e+00,-2.123121267794265687e+00,1.955358487528406020e+00,4.242355145353815971e+00,-7.197019471763962395e-01
3.895630724876811612e+00,-2.755725653918789320e+00,-3.411331524542194238e+00,-1.514797152675554148e+00,2.328188518539861640e+00,-9.946866611524844970e-01,-1.580466348316923897e+00,3.916279668654047974e+00,-2.165915355644727924e+00,3.714588845106294279e+00
6.070533937694737148e+00,2.325837816931910496e+00,-3.034199875979924688e+00,-3.301968656172860950e+00,2.552696157335111682e+00,1.601111584230091367e+00,-2.758506562053358202e+00,1.384348201243687271e+01,-4.097689543023851577e+00,2.614421127986902516e+00
-4.295244841378329959e+00,1.157344131525863240e+00,1.220687620309358401e+00,2.486840499011119476e+00,-2.204886242991271672e+00,4.623146289348243343e-01,2.702794666976418902e+00,-5.297441163243203910e+00,2.897618082425204911e+00,-6.220972029292036742e-01
-3.914972975695624413e+00,-1.556679497062552819e+00,-2.972377785908686398e-01,-2.515655783899093390e+00,-1.808937748771976217e+00,-9.172642957354018023e-01,-1.475970990803837424e+00,1.015324974002862479e-01,2.698489301098501159e+00,1.842107139335321109e-01
-4.263636910628409105e+00,-3.162221625929290347e+00,7.161794997282324715e-01,-2.864616772904711617e+00,-2.173017688074813769e+00,1.499274154366911915e+00,1.905516141568798894e+00,-3.451434219905822331e+00,1.701204220720920812e+00,-5.728885572445212571e-01
-4.438558909879446901e+00,-9.609262533793740957e-01,3.421624608850131644e+00,2.156706359603928647e+00,-2.431502599273710707e+00,-1.250771805604393272e+00,3.821911094056602565e-01,-7.788411170430662445e+00,2.642866923707001714e+00,-9.584011621175941853e-01
-1.706480761506708799e+00,7.358180757650885084e-01,-1.451227823705369957e+00,-2.604168735274858815e+00,5.375384023439244707e-02,-1.980473713652083578e+00,2.555260582924090862e+00,-2.248784303194490075e+00,-4.927330077313160084e-01,1.807270872415896346e+00
-1.018838520063602537e+00,1.017999743186529749e+00,-1.497267676432553873e+00,-1.335977422806717385e+00,-5.195362943898212960e-02,-1.115985203906037615e+00,-1.751861555580878305e+00,5.886939952022295586e+00,-1.365275638567357674e+00,2.240039674043641238e+00
-4.272870545722425639e+00,-2.155942289587676086e+00,6.002324317654297303e-01,3.411723679338195758e+00,-2.157463152892391101e+00,2.052889585620577328e+00,-3.019930600096214057e+00,-4.622386087169640945e+00,1.928155743486940632e-01,-5.371344567251021829e-01
-4.428058062078726209e+00,2.772961803331041253e+00,3.133832571052585614e+00,-2.751570502570493293e+00,-2.417616623049646307e+00,3.095405959372998339e+00,3.060707922134061398e+00,2.805818871180143503e+00,3.130709399361431000e-01,-9.374622227347353398e-01
-4.255749663500064450e+00,2.454220594720204929e+00,9.187377748903990948e-01,1.468891022493617804e+00,-2.108586929884545658e+00,5.233194132237048990e-01,-1.561193264009113513e+00,1.791493339475333180e+00,8.833323893905110635e-01,-5.566653625398323424e-01
-3.988359524819105051e+00,1.724337887862718688e+00,-1.835611201668334580e-01,3.208210888225042190e+00,-1.838323141010276274e+00,3.349767126923536509e+00,-2.139191595119858569e+00,-1.134454422821778108e+00,8.850728605427482520e-02,2.056407474411620778e-02
-4.143926748183764275e+00,-2.238082530562864214e+00,3.089922432488734216e-03,9.582070002930649366e-01,-1.953995242649206210e+00,-3.247461425405222091e+00,1.758824860247675481e+00,-8.499777436370068884e+00,3.753180387256874972e+00,-2.742119774361823081e-01
-4.260362636380673251e+00,-2.220857252501766688e+00,7.678684899646279760e-01,1.948199299360696024e+00,-2.137872843071464413e+00,-6.824589641944585061e-01,2.493122594820761151e+00,-8.911978742974506318e+00,2.952108522716121897e+00,-5.592276436200054324e-01
-3.296402557142176448e+00,9.927888534044120306e-01,-6.477992217284711529e-01,2.846693164994839265e+00,-1.471144290257983434e+00,3.455182038145540702e+00,-8.675396764400069571e-01,-2.732140940512581828e+00,7.727398069087587640e-01,6.670582238564169986e-01
4.836313626605297955e+00,1.325158803268626784e+00,-3.346636305280034307e+00,-4.733642143544671832e-01,2.483740684816121203e+00,2.114189446142464845e-01,1.262666390614663570e+00,2.027761668698729203e+00,-3.487379633257876144e+00,2.671839169748770448e+00
-1.234013266541589049e+00,1.029374915470580021e-01,-1.523175713077130400e+00,1.115304318642253989e+00,2.133337730063102622e-01,-1.406374609870386649e-02,-7.070602564401577972e-01,-4.536161760327005688e+00,-2.552030554825623021e+00,1.938465791720204612e+00
-4.231480865277729819e+00,2.061170503709899293e+00,5.617710174576666660e-01,-8.154001570111057973e-02,-2.117944250531590189e+00,3.460675591118720362e-01,-1.206042581140260417e+00,1.245976347674894402e+00,2.445264240836701575e+00,-4.673153486862516859e-01
4.224436726373946627e+00,7.481961459877659593e-01,-2.740837171552132023e+00,-2.826483183511145025e+00,2.437839517310241177e+00,1.113180041966558953e+00,1.871215884796167295e+00,6.772825988079266502e+00,-3.938627175258949009e+00,3.111449056353310816e+00
-4.425591645554949771e+00,1.961246409115836364e+00,2.785439266062470942e+00,-2.696556405220821961e+00,-2.398366124652043130e+00,3.404269322456086933e+00,-1.530422490191648333e+00,3.594498846077915921e+00,3.043824585811168992e-01,-9.234979714349175195e-01
3.149298265750071213e+00,-2.409596805136802189e+00,-2.027617711617892393e+00,-1.986806637601520986e+00,2.202031690817217058e+00,2.530965515276706768e+00,-1.494151775014147532e-01,2.754651783843331980e+00,-4.241907288590144098e+00,2.323273987695134934e+00
-4.435095914703589770e+00,-3.276533100646028540e+00,3.329573343857378909e+00,-1.135542940645014376e+00,-2.425392136404653787e+00,-1.046230535170538989e+00,-2.311420848207186296e+00,-3.192893176107677533e+00,2.332061984986367964e+00,-9.507543304820064156e-01
-4.433941683458198391e+00,-7.326517862511594537e-01,3.229143314123120945e+00,-3.215188188699684702e-01,-2.422512042040797287e+00,-3.145344370077117535e+00,-3.657117320406255701e-02,-6.423097862491021104e+00,5.205847927821432464e+00,-9.498503427130290389e-01
2.535618739438615599e+00,1.974615221928722519e+00,-2.130514667956425079e+00,-2.181719677969979898e-01,1.711032669609847678e+00,-1.314823409565417212e+00,-4.877684895899587758e-01,2.478874618082108405e+00,-1.494159957265545291e+00,2.742469393511235864e+00
-4.425134061770902072e+00,-2.388769742149488895e+00,2.892557641443875838e+00,-3.197449977995498571e+00,-2.404671728596179392e+00,-1.936158342945266231e+00,1.597113973514066920e+00,-3.062603396252390642e+00,4.532719183111564298e+00,-9.200375468477950403e-01
-4.322403298266387139e+00,8.623464932671121019e-01,9.907505780182308541e-01,2.669429261254827601e+00,-2.211291046917370995e+00,2.942725581924239719e+00,-1.725066385903315958e+00,-1.577718279119420197e+00,1.430984661200675190e-01,-6.614182871619539439e-01
-4.405232003482365322e+00,-3.465853722065977749e+00,2.279626424971554322e+00,-2.413270050614990669e+00,-2.350651531661932747e+00,2.997197575866870523e+00,-1.114085661585225040e+00,-1.038722185890689653e+00,5.366854162359901981e-01,-8.699528049151077358e-01
-4.243043175346201679e+00,-3.336136563499426000e+00,6.460893153006166401e-01,1.566821254735696556e+00,-2.113245912150947259e+00,-1.032083021092158326e+00,-3.160144213262757518e+00,-4.722225779329995987e+00,2.232250872626559079e+00,-5.600745321644360342e-01
-4.359731149759286772e+00,-1.646111162598301370e+00,1.381322118918100195e+00,-3.113543067825327526e+00,-2.264113711235427928e+00,1.889841353430153248e+00,1.978200613087834014e+00,-4.076383450353074700e+00,1.143792946248541220e+00,-7.527191158421434602e-01
-4.327450720921778959e+00,-2.339807469152477282e-02,1.686855412194514514e+00,-1.719235323074352895e+00,-2.302573556858846349e+00,-1.359354531174757241e+00,2.741753836434992486e+00,-3.454254079188990634e+00,4.749794462131680106e+00,-7.724079564410193388e-01
-4.399533032654235676e+00,-1.006968633003943125e+00,2.248005051100571805e+00,1.426175983755095800e-02,-2.360730357877085517e+00,-2.621125990359800983e+00,2.556570279961405845e+00,-8.041446985624503441e+00,4.364659042164120706e+00,-8.634815771448475230e-01
1.524374967734676733e+00,2.205859234308684691e+00,-1.709468126953276101e+00,1.054871438832910790e+00,1.397799085617797310e+00,-1.505109394911106957e+00,-4.869661288415816358e-01,2.127332914969557009e+00,-1.226805793332887529e+00,2.817930387153085192e+00
-3.589114767296718966e+00,-1.594835008177541980e-01,-5.289000456197525679e-01,1.089280235727697388e+00,-1.705127541049888729e+00,-2.524118478100294105e+00,6.187337788990161513e-01,-7.358138739095558378e+00,4.151269516526916448e+00,4.578681397580665058e-01
6.053259636541248767e+00,-2.491501691960980036e+00,-1.922902917310285620e+00,1.503613848731506053e+00,2.665861665455588003e+00,1.820401334068201926e+00,2.186194595160045218e+00,-3.780234134940906543e+00,-4.043993759186448322e+00,2.861104779694033873e+00
4.247585915618156349e+00,2.478343086405178752e+00,-3.245276812496605157e+00,6.212758402593783202e-01,2.548626659217551271e+00,-1.169778475129835460e+00,1.909270808107099704e+00,3.993982288603504571e+00,-1.997643547455924873e+00,2.882394691361858108e+00
-4.378591357615335689e+00,9.916258800080415270e-01,1.754503749187037442e+00,-2.126321573595160608e+00,-2.301834091165556373e+00,-9.824850164405396491e-01,2.375310395466404323e+00,-6.401087901038999828e-01,2.218617318089813661e+00,-8.086531420909618406e-01
-4.400159096782298995e+00,-1.474629210288546322e+00,2.287831737349957706e+00,-1.873951164114931789e+00,-2.352723953314441285e+00,8.054708839676205656e-02,8.649968085991019962e-01,-4.647588880365571384e+00,1.008807096635406131e+00,-8.721248075016430068e-01
-4.430536072037003947e+00,3.303792690086502226e+00,3.137369959540428965e+00,-6.619017010032646198e-03,-2.414440198942870985e+00,-2.329169181975412339e+00,-3.583344644220609609e-03,-1.687675725426977635e+00,3.790875279716857893e+00,-9.413584633030661619e-01
1.712832483341578227e+00,3.649613894690086902e-01,-2.259395723317031646e+00,3.420862400623390087e+00,1.648611293337219008e+00,1.278946667880180854e-01,-2.705713110643705122e+00,-6.429189516097275625e-01,-3.445300006607356025e+00,2.195927645153790131e+00
-4.378416132944513706e+00,-4.129345466362259742e-01,1.632286392806330255e+00,2.132454221204620026e+00,-2.304784329161182921e+00,-3.375460589985390669e-02,-3.178005092276940502e+00,-4.213017156960971121e+00,9.251081589823944018e-01,-8.141728356203468131e-01
-4.301717429358299150e+00,-2.458400244262448631e-01,8.797403865956319180e-01,2.824813922657789966e+00,-2.180347566934038195e+00,-2.383071235306200464e+00,-3.380596566686874915e+00,-4.131110190572722551e+00,4.753442502827202709e+00,-6.345804636137704069e-01
1.900765848263029190e+00,-2.836613210152204800e+00,-2.077108261161626501e+00,-9.068843237987866956e-01,1.511445609437809701e+00,-2.519622074544057178e+00,2.759273141426840326e+00,-4.824191920850187998e+00,-4.945652090223746078e-01,2.340665813723705302e+00
-3.299216201351044209e+00,2.819461047874622928e-01,-9.125041603425403380e-01,-1.554883836164618227e+00,-1.428994893471832173e+00,-1.380804122868415362e+00,-2.466712213219848238e+00,1.103957746429856446e+00,2.527134536648935281e+00,9.326596600631734679e-01
4.546962214353177600e+00,-1.143673067566393087e-01,-1.820143910674725474e+00,-1.754686130673889677e+00,2.195221067801875314e+00,1.284492804557246792e+00,-1.778288364553453071e-01,2.412489538566056080e+00,-3.911060041699384815e+00,2.819743779253211180e+00
-4.434448229376725337e+00,-2.523032532431763730e+00,3.259733948001925619e+00,-1.796661434547452529e+00,-2.423409446432327030e+00,-1.587313273200408714e+00,9.517876778273741678e-01,-3.624516586269872498e+00,4.118723439996529123e+00,-9.493047561265233192e-01
-3.059984365438230380e+00,-4.541667418146748680e-01,-8.903992030205505337e-01,2.009524166048421989e-01,-1.467195307768964341e+00,-2.455006490709732869e+00,6.516024203338064424e-01,-7.134917435290367038e+00,3.060818168618052670e+00,9.820616941126653066e-01
-4.430267721712201734e+00,-1.536640166016554065e+00,3.203454520884638335e+00,-1.418909162632996157e+00,-2.416680408271093317e+00,-4.136892360889365960e-01,-2.048590232667606870e+00,-2.171848125948079744e+00,1.546701310016578290e+00,-9.402291772938473624e-01
-4.404718825240883540e+00,-1.163140708522591993e+00,2.382586226686756348e+00,-1.301186064291371292e+00,-2.358311190098672849e+00,2.819971927205317641e+00,8.348065592038089733e-02,-4.685425006789214919e+00,1.011949181947300325e+00,-8.690427835608734997e-01
-4.438177434904937435e+00,1.794559067601172231e+00,3.401441800206393751e+00,-2.166254943722257575e+00,-2.430160220575834362e+00,-1.670674446376943623e+00,3.221236324908606008e+00,-3.939519743306274524e-02,4.504158526082719050e+00,-9.575960970306591769e-01
1.372329410686404350e+00,1.875535980563403093e+00,-1.593086893086872902e+00,-1.085741547720353584e+00,1.114544200169121480e+00,2.094648417421288045e+00,2.761676358015368038e-01,6.973656126608952510e-01,-3.943054149874928083e+00,2.283481267767523359e+00
-3.737019953755611912e+00,-7.506548506658505815e-01,-3.073008914990911222e-01,-3.348300250278684498e+00,-1.708574197121871086e+00,1.435979262527903089e+00,2.715775049169842248e+00,-3.954238454060730490e+00,4.237948427145992736e-01,3.227772259195506033e-01
5.397684880626287374e+00,-3.250994474143857893e-01,-2.268436222518829926e+00,2.615232642133560326e-01,2.572479084091622070e+00,2.889272796563306933e+00,-2.900753125234998731e+00,3.323102918959066066e-01,-4.350090519593801552e+00,2.369720859437998595e+00
4.648941567608949832e+00,-3.173638254402709080e+00,-3.229290380105992675e+00,-3.228848512318394093e-01,2.217191250946540571e+00,-1.401700037706123503e+00,3.065600153512074932e+00,-1.407305896698913372e+00,-1.385093017582558206e+00,2.917948480349563667e+00
5.267000135363181457e+00,-9.738840419250864855e-01,-3.011201144993741696e+00,-3.326588021850964694e+00,3.306461593017741230e+00,-2.241423315575481912e+00,2.230443990151709244e+00,1.263655401023163205e-01,-6.044992090152792041e-01,3.640367157585483682e+00
3.795879166370927038e+00,-1.477431531792673614e+00,-3.009006037630462593e+00,-2.723539437464990165e+00,2.369023881021934841e+00,-2.374040643687922891e+00,2.379172246414684722e-02,1.033705448170372021e+00,-5.989278535057651620e-01,2.453665710019331314e+00
4.516429870720845230e+00,2.352884678371570892e+00,-2.039594367075934223e+00,-2.459204900002603722e+00,2.751468736478492438e+00,8.548055401525758157e-01,-2.159768343917690903e+00,9.230903853651168944e+00,-3.837398550416658338e+00,2.376587049141861474e+00
5.042733790085317525e-01,1.110849218644227143e+00,-1.511290115517156529e+00,2.788258885471993409e+00,1.257240554103771668e+00,-2.312655748828586599e+00,-5.765038662554311522e-01,-2.091903610030862115e+00,-3.328477645664518203e-01,2.066941482237012906e+00
-4.424476837767820747e+00,-3.315101080956804225e+00,2.775922211476292034e+00,-1.933224729470417458e-02,-2.397288757568823758e+00,-1.452996840998191708e+00,4.576440382167716869e-01,-7.163126917613945821e+00,3.068952047380688608e+00,-9.210816214973247540e-01
-6.914062215869815065e-01,2.047915995618388330e+00,-1.564917196356366169e+00,2.821616374341878064e+00,5.582794430885860137e-01,1.351353054077489624e+00,1.627749668473614797e+00,-3.405489902413284753e+00,-3.586277623644275270e+00,2.001818270840967973e+00
-4.434082306887421332e+00,-1.210609318924510625e+00,3.192111266130344127e+00,-3.474867299497648609e+00,-2.420560316264854350e+00,1.297574893371674420e+00,-2.909451913616285079e+00,1.578900093087698409e+00,2.169696005239047043e+00,-9.462602751764249698e-01
3.936050795434515859e+00,7.179019918846165638e-01,-3.482007753752721868e+00,2.163950032726779327e+00,3.094149071897501990e+00,-2.046926729522708488e+00,3.392478830341945972e+00,-5.812705499392083475e-01,-1.229029768229726871e+00,2.761835515996040158e+00
7.365389281268832633e+00,2.851443839743352804e+00,-2.489535345986784165e+00,-6.192371978013335720e-01,2.554637563680442813e+00,1.664036789858910126e+00,3.086283748544143002e+00,4.423189308276047171e+00,-4.054161719192810764e+00,2.291142722919554675e+00
-4.372716226200778600e+00,2.914962650355271023e+00,1.555069264325018352e+00,-1.728468609304353976e+00,-2.293011931116447855e+00,2.377193202551382001e+00,-1.938614700348348041e+00,5.496694033928297252e+00,1.392534719667278598e+00,-7.861123384784184376e-01
3.605150148107898467e+00,-4.886092585210248807e-01,-3.129571815216848130e+00,-6.676241338710209305e-01,3.004834275970901913e+00,2.626324796675272744e+00,-3.444219460083340678e+00,1.043633309474766069e+00,-4.317453689683483198e+00,2.300018880550406042e+00
-4.396455382953837976e+00,3.075350869957963695e+00,2.357220029546836848e+00,2.044521146658849986e+00,-2.355832314544166639e+00,3.458113444208979814e+00,2.015796712710116623e+00,-3.946229327345360804e+00,4.601695372610967727e-01,-8.666198662032665867e-01
4.460633268952810759e+00,2.071558614885536720e+00,-3.428703761075932110e+00,-1.026744251291296095e-01,3.046441638819961994e+00,8.376627906032076964e-01,-6.717983383312375878e-01,3.473472237352490222e+00,-3.863494801877636053e+00,3.339520047665825331e+00
1.291057462801143751e+00,3.195554065320763470e+00,-1.684108405029729028e+00,3.028676257007893113e+00,1.277664563918767815e+00,3.323376990105292528e+00,2.632158440077045469e+00,-1.525791973773638732e+00,-4.162196836060849670e+00,2.586610490942955032e+00
-4.369613751031768523e+00,-1.143296879403392641e+00,1.663371644447817488e+00,7.888193129156784167e-01,-2.294886762335309971e+00,-3.115156807556678675e+00,-8.579773237410184272e-01,-4.709021836609908362e+00,5.209867361058066138e+00,-7.870936817943962049e-01
-1.278852146913971533e+00,-8.340328366116933623e-02,-1.426511675187541961e+00,-2.913527898329568711e+00,1.996956778653596887e-01,1.363913143594941424e+00,-1.350000771498177432e+00,4.496655260001092280e-02,-3.550309209879752625e+00,1.988716549689089508e+00
-4.282080728191051122e+00,2.024940683391367457e+00,9.147599965675539124e-01,7.239227064319395666e-01,-2.215445769258649111e+00,-1.563717023730770261e+00,3.161805832449062770e+00,-3.187342396133927558e+00,2.810716512240083897e+00,-6.049147108672696671e-01
1.191793330204398371e+00,-8.836844463621122969e-01,-2.096313735051205995e+00,-2.270036251961800922e+00,1.527144788806840792e+00,2.150453072207589855e+00,1.951589002565515152e+00,-2.119657160157378151e+00,-3.999159421738319953e+00,2.540178185452099946e+00
-4.300496016331170956e+00,-2.492157800280537128e+00,1.177557148464933867e+00,1.479175644007562518e+00,-2.231590835933810801e+00,-5.980270575687716139e-01,4.673228625112466617e-01,-7.947338107706463539e+00,2.261701767914702899e+00,-6.318921427677224312e-01
3.232256920632387676e+00,-1.570176424701123619e+00,-2.172279425733726121e+00,3.140211029699777612e+00,2.569897240896266144e+00,1.876684066025286590e+00,-1.930207774149685473e+00,-1.208832792366389519e+00,-4.160028561831226490e+00,2.284713103662610933e+00
-2.720604786848217937e+00,-5.896671409716081058e-02,-1.090890453331597065e+00,-2.790769672410462476e+00,-1.222792381326915034e+00,9.535931160639776749e-01,-1.268762241977024363e+00,4.447789371357546706e-02,-6.504879469076865206e-01,1.249889786236340727e+00
-4.380208313407381482e+00,-8.658114801236487246e-01,1.912292245440265326e+00,-2.185193947519377566e+00,-2.310806204891326043e+00,-1.498550279046787725e+00,-3.294878521941982275e+00,3.060813100297266054e-01,3.198487254776321898e+00,-7.986460112794644406e-01
-4.061860420321863785e+00,-1.635368166746756113e+00,2.513083898863945898e-01,5.260504648698489660e-01,-2.047763063241044179e+00,1.108977128145758329e+00,2.189514155362705772e+00,-8.393314899995965916e+00,3.840580403905136664e-01,-2.175156177876218788e-01
3.483337698950507821e+00,-2.784256802739081049e+00,-1.993643643619273487e+00,-2.391828764298323140e+00,1.593586901129696809e+00,-3.235778673900273184e+00,-1.078304717458685502e+00,6.066335543367384453e+00,-4.417677171768055189e-01,2.125871527686395979e+00
-4.434482167931301788e+00,4.706130117641058597e-01,3.289874783336166786e+00,-3.287017357094088155e+00,-2.423297094529857088e+00,-3.164407880167758869e+00,-2.387701835701183661e+00,1.732563795302334286e+00,4.286798593452781247e+00,-9.469203513483321899e-01
-4.134536376501412924e+00,1.576631612612532152e+00,2.086293621408152887e-02,6.176938769775368598e-01,-1.992286824471671824e+00,-1.636646410798015872e+00,3.263509913285767894e+00,-3.987275995319494282e+00,4.635620016880209526e+00,-2.024037863595283815e-01
-4.414949934835524559e+00,2.393668843797081891e+00,2.706808886794618729e+00,-2.125567434076951479e+00,-2.383794457406724909e+00,2.365469266309800922e-01,-1.965095069486041623e+00,5.931834357395336710e+00,1.270316794940785421e+00,-8.929486730712962173e-01
-2.439694433565292586e-01,3.471559959372033433e+00,-1.610566997888326801e+00,-2.770298761742253646e-01,8.811771824319194479e-01,6.708403605274835257e-01,1.407322734686109911e+00,-2.382435882560413276e+00,-3.354276305838341354e+00,2.701687598338002871e+00
3.387224624650413407e+00,2.140862169226586786e+00,-2.381034392435102731e+00,-2.934033215763884872e+00,2.064804821943842850e+00,-2.860992796885236444e+00,1.393292721847938509e-01,6.235530636761208889e+00,6.525888710589518027e-01,3.025817051423214998e+00
-4.435952729329178723e+00,-1.068796744612494187e+00,3.316554442975844452e+00,-1.372305385008028011e+00,-2.425899840080238068e+00,2.509024856299570061e+00,-4.869302573322675798e-01,-2.701396648180514948e+00,1.372949804230238158e+00,-9.506389097297610613e-01
-4.376611023374088916e+00,-1.607768156402448412e+00,1.923159888145875129e+00,-2.141179453071464511e+00,-2.313185476770009075e+00,1.212734436266758919e+00,-5.304915180054243784e-01,-3.461220849969737223e-01,1.896809028462303814e+00,-7.872834317820085470e-01
-4.373783220742383016e+00,2.706496943906119057e+00,2.097873344531161699e+00,9.138552794191001638e-02,-2.322833997486780433e+00,-2.515705891291421192e+00,8.850511775014577864e-01,-2.599349479231685578e+00,4.141544823991536006e+00,-8.263175204981462185e-01
-4.376994909908940912e+00,3.060404781907083205e+00,1.951494043373478426e+00,-1.491177506228041683e+00,-2.328569702925704199e+00,-2.027754435471493366e+00,-2.791482426700667929e+00,2.541352496421637408e+00,4.568287976320696941e+00,-8.353454634799284406e-01
-4.400216317744527927e+00,3.362993110545376751e+00,2.353867733142856800e+00,1.782145757376262019e+00,-2.367121990089441130e+00,5.672965166246903834e-01,-2.417587632326137381e+00,1.907544367793230888e+00,8.661931494248882313e-01,-8.835962305729525568e-01
-1.938813868538193930e+00,3.196290225227686577e+00,-1.249186902256837151e+00,1.732269090967797354e-01,-8.295760772960751872e-01,5.389664940213689803e-01,2.087846796506890534e+00,-2.778440794049144458e+00,-1.885526413409056135e+00,1.913992270598740886e+00
3.972671184898179053e+00,3.017306178328643895e+00,-2.949801402519509175e+00,-2.500856761591461197e+00,1.888118967446972496e+00,3.399117800371489473e+00,1.310957698806417326e+00,4.734291837802313552e+00,-4.330195135569493203e+00,2.875844880832735928e+00
-4.423104596025406288e+00,-1.504520981367282850e+00,2.878620286849521648e+00,8.962352488227924852e-01,-2.404446684442095084e+00,-3.121081177700383957e+00,2.995715611771263553e-01,-7.483556246489470709e+00,5.406591827755788948e+00,-9.237416281466125367e-01
-3.435994000144996008e+00,2.671433268168254216e+00,-7.564693923095506811e-01,3.294780781262708125e+00,-1.476483578796777163e+00,-2.172844990120244013e-01,-7.632466618122260016e-01,-1.487455487230446183e+00,6.227226150085132250e-01,7.526804415586199060e-01
-5.899486421718556084e-01,2.675850366029661309e+00,-1.511719683925587088e+00,1.918729768510426759e+00,6.929161814266539265e-02,6.229468714609511792e-01,1.872807623649151765e+00,-3.114892884847566545e+00,-2.961571850624141966e+00,2.176338277252634068e+00
4.418700328548871070e+00,3.006220321261642070e+00,-2.917186307524829658e+00,-2.892260058399565015e+00,2.534752995532294051e+00,-7.235727613103857259e-01,-9.983909174219096627e-01,9.738312526908988076e+00,-2.568187618484353507e+00,2.759405533626164697e+00
-4.392435670046730856e+00,1.255849314872861555e+00,2.295144454687875424e+00,-3.428348556544583037e+00,-2.365390524471990386e+00,8.737041461108727702e-01,1.119610902675234776e+00,1.317668523498134903e+00,7.961709083607850790e-01,-8.559027580855114170e-01
-4.306724992181276690e+00,2.138597827627270576e+00,1.166238746666884651e+00,2.097115421650047828e+00,-2.235744939909315665e+00,-1.428816018395334453e+00,-1.695031119497381056e-01,-1.602769772289327488e+00,2.953913903637729099e+00,-6.904857396889059196e-01
3.695034224382115706e+00,-3.409624273335691402e+00,-2.441143505443095663e+00,-3.220941249363957315e+00,2.478934210732073318e+00,4.899953056461696654e-01,2.220449019104370869e+00,1.494195154608795706e+00,-3.687214273646693741e+00,2.568977227239722438e+00
-4.427408679573276551e+00,9.048799451045308473e-03,2.976671798605363684e+00,6.799563128274161983e-01,-2.409996732965299149e+00,-3.080030199027830484e+00,4.416185881716332418e-01,-7.146004926263633372e+00,5.323611823544309729e+00,-9.283969492464454465e-01
-2.556808598558296453e+00,2.618720751206829789e+00,-9.961617530974096191e-01,-1.970052001031711519e+00,-1.000802542840654397e+00,-1.275396930277816310e+00,1.217422711409281710e+00,5.354575175247360264e-01,8.806612589115236922e-01,1.343199311548936459e+00
-1.293683759680515744e+00,2.190768603184691798e-01,-1.450119087549493369e+00,1.915708888595925252e+00,-3.035883010452190001e-01,-3.241676892474821603e+00,1.294150313820211728e+00,-7.175819041336261250e+00,1.521846571497863287e+00,1.974247866568630050e+00
-4.423809848380765075e+00,2.385694845691224586e+00,2.859452710969086375e+00,2.495801936919878727e+00,-2.400980891263972961e+00,3.146949064508816285e+00,-1.765709231480096841e+00,-4.256569093953393446e-01,1.195251577517727704e+00,-9.230062985367337713e-01
-1.783410849794635711e+00,-5.309803016233427542e-01,-1.286878151869133458e+00,5.028990745005712526e-01,-6.337364203262596529e-01,-7.663422026849704416e-01,-1.672692553729602238e+00,-3.749614862067818244e+00,-1.088315917624329110e+00,2.125005514111971916e+00
-4.328147274411244361e+00,-1.966231352800416943e+00,1.010864925090464439e+00,-2.475290689672593913e+00,-2.227780208653475924e+00,1.358690777013462636e-01,-1.035783815017887299e+00,-1.394072259739735253e+00,3.263530147769138523e+00,-6.851543988633820303e-01
-4.413790051660502201e+00,-2.678951480185101097e-01,2.611230707204752477e+00,6.987042604612536678e-02,-2.382580148685453647e+00,1.737364507181111684e+00,-3.106908615472767643e+00,-2.960465024676488088e+00,7.240208747872469708e-01,-8.931379962115464366e-01
-7.598194017241204357e-01,-3.477359985903625272e+00,-1.574224407524240643e+00,3.036366604310379635e+00,3.339805594231557984e-01,1.067923833744052864e+00,4.696477395414877520e-01,-7.985613393007702676e+00,-3.481284411982255911e+00,2.203859762204107398e+00
-4.405464134330955517e+00,-1.938906915718692225e-01,2.214089569351296305e+00,-1.024018560346177331e+00,-2.359545179503736989e+00,-1.413778419986609247e+00,1.363831486054323250e-01,-5.276563090385309351e+00,4.254643042889129312e+00,-8.742426470921003112e-01
-4.430747178651705198e+00,-7.586802886448715810e-01,3.055909119061641199e+00,-1.906189330907015034e+00,-2.413279024925639948e+00,-5.097405067036691051e-01,2.606006697939889705e+00,-4.376432347258140787e+00,2.121541872980730936e+00,-9.384221885797895402e-01
-4.440149279412144878e+00,-3.348212585616422654e+00,3.487767968077402081e+00,4.011230419024989224e-01,-2.434929824109863805e+00,2.332383524862138735e+00,3.117663261616002934e+00,-8.684395236771560889e+00,1.026138485777157827e+00,-9.630215648264524031e-01
-4.418786684430007661e+00,-8.978793889087319791e-01,2.806218934303635670e+00,1.430085437793665371e+00,-2.395734232948344200e+00,1.687044205424070853e-01,2.565552574490520321e+00,-8.544434955989251179e+00,1.266474691599093427e+00,-9.203181012544910944e-01
1.511775021562166810e+00,3.449657066748371470e+00,-2.149047739656799294e+00,2.964429977209491085e+00,1.590631737670252122e+00,1.001758588440375242e+00,-5.705618583400440258e-02,-1.052967075039970002e+00,-3.849127684709851671e+00,2.332625170574631923e+00
-3.040955669200604117e+00,1.105723462593292794e+00,-9.730804188670840738e-01,-7.464447646306338058e-01,-1.317190777950152825e+00,1.641387239547800192e-01,1.334874730209724802e+00,-3.661536826000515443e+00,6.874807851459393548e-01,1.014537278225620121e+00
5.591429996546379400e+00,-1.929397747174244060e+00,-3.190272227506773195e+00,-2.588461235943588790e-01,2.200294958733882034e+00,-7.030717797957590776e-01,-2.716296551800625458e+00,3.243406763725121600e+00,-2.381905214304105289e+00,2.686736592238982535e+00
5.120904119781865660e+00,-1.490970071367781813e+00,-3.157364094294080381e+00,-3.280035260575983713e+00,2.250961250270684388e+00,1.876190652980096019e+00,3.222095002170833666e+00,2.025867450039048112e+00,-4.044447110906428833e+00,2.665457960101165202e+00
-4.417207302044038109e+00,-3.662646287679303114e-01,2.672182955182463182e+00,-1.873040193663751962e+00,-2.386072009524946580e+00,-2.554488737157138978e-01,-2.621662032342668258e+00,1.181702804108064830e+00,2.559867002047239382e+00,-9.082980234485493742e-01
-4.275544955913597178e+00,1.007699902297361838e+00,5.135666719911826661e-01,1.198485010862788691e+00,-2.136786609900952705e+00,2.259656717172142670e+00,-2.861712238484527049e+00,-9.155131571750370068e-01,9.696160413938484379e-02,-5.326816988145207654e-01
5.429797666968511294e+00,-4.739161022068691942e-01,-2.097085370476425403e+00,-9.190359663346074903e-01,2.011664171667965739e+00,3.050466412722855125e+00,-3.024769363837721770e+00,1.889237192809813060e+00,-4.273167057394699597e+00,2.546521695594491597e+00
-3.799676374865756490e+00,-3.171069503628876518e+00,-2.448307444350827922e-01,-2.700603679144695235e+00,-1.786784465344796624e+00,2.686596068699138584e+00,1.381473885308833971e+00,-3.735884831835805553e+00,8.792847810716868384e-01,4.006122794705969103e-01
-3.939452236186719247e+00,3.048914417507672781e+00,-5.380640936336975599e-01,1.014437521994899782e+00,-1.753910302081125527e+00,-2.588200300356315875e+00,3.371645843271676490e+00,-3.776493885949728568e+00,4.887497239475260713e+00,1.564500490304824021e-01
-4.429171984203772006e+00,3.461420694992836111e-01,2.991530220298757037e+00,-9.337684297269310818e-01,-2.410229453033541525e+00,4.555040106052792304e-01,-2.287915531024618865e+00,-1.972382220557505228e+00,1.097571719118899392e+00,-9.340094928833175825e-01
4.445520222396571519e+00,4.583381365778929073e-01,-3.290372351468955792e+00,-1.240867374226019670e+00,2.265830286982363440e+00,-3.406981881884452612e+00,2.012181580622099730e+00,-2.696740219874149691e-02,1.944335855262850909e-01,2.576349253667421291e+00
-4.392663714962206534e+00,2.182584803166156995e+00,2.187087955189555011e+00,-4.963339881117141417e-01,-2.343159677285504117e+00,-8.633717912946186068e-01,1.842880901575814967e+00,-2.885778596589575251e+00,2.327461315918172069e+00,-8.603675591809470946e-01
-4.420697986919696731e+00,-3.920012264235905874e-02,2.832892763845194395e+00,-1.051376355789161998e+00,-2.395083658591952602e+00,-3.184417533097069430e+00,2.560617651240460368e+00,-5.965887289058840359e+00,6.077620445022523299e+00,-9.093287821650705149e-01
-4.251289395823350858e+00,1.311159673052832986e+00,3.795655750638022852e-01,-5.774356571794809767e-01,-2.123275668849199604e+00,2.845212841313500718e+00,-1.151164568340563132e+00,-7.865931347165295850e-01,4.410919318896608377e-01,-5.612908924440976888e-01
-3.288662399893447219e+00,1.496768817721511269e+00,-7.714478334438652496e-01,-2.432225825902936123e+00,-1.450118418692447619e+00,-1.036654036247082189e-01,2.939675312334074420e+00,2.220780482508821763e-01,4.933921494792012918e-01,8.383630215873376645e-01
-4.438121572452696562e+00,-6.608109862829629755e-01,3.391065680368268609e+00,1.160908615665735333e+00,-2.430181745135267413e+00,2.731668112283045957e+00,-5.808667863797349895e-01,-5.402989945949113526e+00,1.205596799568103838e+00,-9.579832340902088017e-01
-3.530085830272217784e+00,3.393009495120547392e+00,-8.668703151277341590e-01,1.498393762898404091e+00,-1.487553007154737372e+00,-3.309725754681043242e-01,5.337587266456615964e-01,-2.987033238321682216e+00,1.120311354033441287e+00,7.240733903250052839e-01
3.582246726654894076e+00,5.422998687619546843e-01,-2.281540661361518119e+00,-2.657015184606825731e+00,1.737661738857666283e+00,3.051655276195856636e+00,-3.657758692959642843e-01,4.537410376408404389e+00,-4.284599671622164152e+00,3.199213416244413466e+00
-4.423321516194246072e+00,9.574628550810562189e-01,2.712623452158885229e+00,1.158657361544246811e+00,-2.394531907162527062e+00,-5.571914769417034563e-01,2.949489126347456747e+00,-5.177080915981058240e+00,1.612175030577763568e+00,-9.168744083855541183e-01
-4.429003748718586486e+00,-3.081205656203202192e+00,3.089674579533305376e+00,1.352559117975165925e+00,-2.413973250117200653e+00,3.344253747122256648e+00,2.828129104570262342e+00,-8.950754349895936102e+00,9.526867994468386502e-01,-9.310340965861388929e-01
3.520628797471794691e+00,1.294592701329690065e+00,-2.175867296783393190e+00,6.632266929823531498e-01,2.302497681056483447e+00,2.826350799330742625e+00,-2.098737241007293530e+00,3.696204530100623664e+00,-4.312061536969030939e+00,2.911263885345500402e+00
-4.266993890295219138e+00,9.438483357228459880e-01,5.774028651509954813e-01,-9.827129523087196894e-01,-2.150307027032258844e+00,2.637779210387867224e-01,9.222637069841743696e-01,-3.316320556973070044e+00,1.529937525156431555e+00,-6.095845663305451412e-01
-4.279354702860997506e+00,2.439320521074150427e+00,6.409997086112371179e-01,1.848427458779695165e+00,-2.176840319701776938e+00,2.470221816981806207e+00,-2.380816123077631463e+00,1.903963993892909823e-01,4.746479140984753431e-01,-5.928216120022427038e-01
-3.306132038471765622e+00,3.119586595126785156e+00,-7.565219076556828348e-01,3.498538060210232281e+00,-1.494680847171062199e+00,1.257555190145804858e+00,1.335376026473728217e+00,-2.948435675058631134e+00,-1.216124776803481911e-01,7.218120941165475646e-01
5.515004718414726170e+00,3.280019783027498192e+00,-2.832019617058533889e+00,1.893881866558402294e+00,3.324775198540443455e+00,-1.633839461712383256e+00,3.233628131919393134e+00,2.533099701240484780e+00,-1.324653060712540409e+00,2.619902599828724199e+00
4.315693473961549564e+00,3.098167733039209004e+00,-2.840502601853279963e+00,8.445983824233938009e-02,2.527849523416722199e+00,-9.709972543483438301e-01,-3.448605899792993590e-01,2.707500020615945857e+00,-2.162622619767897714e+00,2.994131182967084470e+00
-4.086443016786091675e+00,3.926826652546822061e-02,8.691154564788838854e-02,2.294554451149679153e+00,-1.954371206958998686e+00,1.928715367403166070e+00,2.871082550955899038e-01,-7.035482375733419502e+00,9.351457757347240163e-01,-9.772721755578278602e-02
-4.412523129701751756e+00,-1.106352040740633313e+00,2.535957593914076824e+00,3.336138246974583055e+00,-2.376851993654745421e+00,-6.609204831552837334e-01,-4.264458210438486496e-01,-6.106964842716865682e+00,1.622735064382775372e+00,-9.001491301522771549e-01
4.043542715955894984e+00,-1.714035674947534060e+00,-2.637692399640278129e+00,3.220291584733239176e-01,2.481064345913027047e+00,-2.463422166642836864e+00,4.638961365477523024e-01,-2.721104548143642887e+00,-7.987815567401352901e-01,3.081937057359267484e+00
4.177288705181532613e+00,2.394909934969855492e-01,-2.940406419644113090e+00,3.397592851306217021e+00,3.328542134826784071e+00,-3.255802041228113897e+00,8.511345138144488232e-01,-3.072714446457132098e+00,-2.220589032765675208e-01,2.694309320018556164e+00
-4.206333977227216359e+00,-2.305825320048478844e+00,4.775990330930075523e-01,1.073872019152244839e+00,-2.112531642109249486e+00,6.105013043284071017e-01,2.117645019479988733e+00,-8.581352463548370224e+00,2.641066536715751312e+00,-4.895824205860289102e-01
-1.444770702301397813e+00,-1.138556630622992394e+00,-1.587086551677512780e+00,1.308855876686563668e+00,3.295200621148671738e-01,2.842406629727172174e+00,-1.836861520930397340e+00,-4.565843894909300538e+00,-3.846127416982928260e+00,1.997989464679295057e+00
-4.438312695491430482e+00,-1.315659671713271806e-01,3.403606577302461744e+00,-1.686953212066323093e+00,-2.431077132975573818e+00,3.280342085435028032e+00,-9.722594722608950413e-01,-4.666265761785377553e-01,3.413133885037145099e-01,-9.586039397465229150e-01
3.370229806729144073e+00,1.747154495360110360e+00,-2.079730463960265396e+00,-3.322834045634297517e+00,1.991662904150883096e+00,1.234356512355453184e+00,2.679620036820076656e+00,4.685698955411831790e+00,-3.879165709488771263e+00,2.751216134565452887e+00
-3.889811651697179684e+00,1.102444636980214554e+00,-3.100393135692898205e-01,-5.377910522804976168e-01,-1.808060055877262373e+00,7.955285270710206191e-01,-1.978622441484094274e+00,9.715957596393118845e-01,7.342614212852576205e-01,1.081295663601716944e-01
-4.332640201991715401e+00,-2.111903668359814912e+00,1.161030480098118822e+00,-7.297259990069173696e-01,-2.230852759344937652e+00,1.975958387538979899e+00,9.063391962377274069e-01,-7.077125346243179571e+00,1.036479588688488107e+00,-6.961939235103622448e-01
-4.339795200320486934e+00,-4.892881008293965550e-01,1.120818537754462163e+00,5.860342387147516874e-01,-2.237556165350482296e+00,-1.057018624454366229e+00,2.240074164544984647e+00,-8.103259304793080986e+00,3.563654133907558030e+00,-7.181051888278959794e-01
-3.446143144426307980e+00,2.772818115870158806e+00,-7.697275783443089381e-01,1.094158711840251819e+00,-1.578535438149422543e+00,-1.171349819967963057e+00,1.286692030470788950e+00,-3.210248257815896622e+00,3.484809343833040529e+00,7.833143914501485838e-01
-4.386806454143441059e+00,-3.415956135222266710e+00,2.243515628332007239e+00,2.259263401242506575e+00,-2.357583571224392216e+00,-1.224976943418447206e+00,-2.311985175575809848e+00,-4.951908219249926191e+00,3.133835381042990864e+00,-8.501685683448980679e-01
-4.171538441777916439e+00,2.843676745296994213e+00,4.710032159372570248e-01,2.982055268176064367e+00,-2.050059422194845382e+00,-1.703330111449600892e+00,-2.684467056150324549e+00,9.713694863923509892e-01,3.062584800089408699e+00,-3.245299312267225789e-01
-3.714789192136410900e+00,-1.511914483029498824e+00,-7.483246894467523447e-01,1.980025786287494149e+00,-1.612093655982464124e+00,-6.776656737154240773e-02,-3.118205280363262055e+00,-4.634389293444636237e+00,6.467218794364931744e-01,4.987182017865544603e-01
2.775104551919626239e+00,-8.505428028082859804e-01,-3.018546937198219204e+00,-2.118099366705744391e+00,1.915351994558408100e+00,2.351025814007353887e+00,-1.704911811286714762e+00,6.548892170333736829e+00,-4.109776517109104077e+00,2.722530111423377086e+00
-4.303968705714160237e+00,2.981175109335643114e+00,6.294528668637395796e-01,2.233368215564619064e+00,-2.168727160317457159e+00,2.497124312336159058e+00,-2.589500692882097166e+00,6.221735199757334467e-01,1.817314833880373737e+00,-6.232097732233848886e-01
-4.397324042715363923e+00,1.625019109083595481e+00,2.325344094246391435e+00,-2.453151026785125310e+00,-2.357744603744067025e+00,-5.801875663639206593e-01,2.413078567985075473e+00,1.247559480321492442e+00,1.543894999182662930e+00,-8.717861564725547519e-01
5.433061205476713562e-01,1.881135067292173169e+00,-1.641171771135122803e+00,2.148105375232479020e+00,1.402464253399859917e+00,1.297055564851060439e+00,6.403295672481048584e-01,-1.543065718783197093e+00,-3.811411059746392382e+00,2.695933428494329931e+00
3.644929436631422881e+00,6.669039348406755607e-01,-2.223897369008629443e+00,1.587473735173823286e+00,2.086357972262367078e+00,1.490392250058834023e+00,-3.312221850663347844e+00,1.817429697623177409e+00,-3.882846072650699920e+00,3.372466052928376090e+00
-4.389978370386778295e+00,-2.862267272583807198e-01,2.412962892654740621e+00,-2.725430095209336212e+00,-2.357875677305532935e+00,6.673623572283950978e-01,1.479857548713970239e+00,-3.983455612714641436e+00,7.261043509897124881e-01,-8.566970850481199218e-01
3.207411832952100639e-01,-1.520894325745623776e+00,-1.842099051697962064e+00,2.957413272665335491e+00,1.301293500148178017e+00,-2.625809212986883967e+00,-1.277973101830950142e+00,-4.522419853381699717e+00,-5.813467557627628457e-01,2.304926746981208918e+00
-3.929184806759895121e+00,1.782266105309698645e+00,-8.816274617010311232e-02,-2.093897312648457909e+00,-1.920087223326188086e+00,2.097384198233159580e+00,-1.996399317093661807e+00,6.462121386039864745e+00,8.174771762566146460e-02,-9.026664736662895483e-02
-4.254662370233852187e+00,5.306064841287438938e-01,7.190147568763558539e-01,1.802246804100787081e+00,-2.144135565825392664e+00,-6.239427134132089492e-01,1.410463267723596203e+00,-6.871842217015733389e+00,3.115953355864957697e+00,-5.624104919277866932e-01
5.374995327355678754e+00,1.762757327698432519e+00,-2.879994855729830050e+00,8.820846099468448998e-01,3.080731274900823102e+00,1.586395425786473190e+00,2.131188318011679961e+00,4.601259502203393081e-01,-4.091084906756885964e+00,3.109075152956191523e+00
5.432999189242289084e+00,2.658951483381686742e+00,-2.095834779407710347e+00,-1.399304405501405668e+00,1.980819916347546172e+00,7.026036999135909511e-01,1.040726656791496119e+00,4.569025028704306379e+00,-3.762945753524908898e+00,2.283589501977719483e+00
-4.901948435781777746e-01,4.381858902287261159e-01,-1.590606280276738227e+00,3.996963225139475995e-01,9.133069636101809330e-01,6.748125277128478317e-01,-2.502288793488743224e+00,-1.736667846625904010e+00,-3.443854214741568498e+00,2.219625715651534215e+00
5.246508228600201384e+00,-2.813561473734376150e+00,-2.290971649017917500e+00,2.822282909777172222e+00,1.942655192971424638e+00,3.445901162594285694e+00,-2.071724568390952204e+00,6.592204001817227876e-01,-4.346199592438228620e+00,3.064843321095347850e+00
2.561451837891552508e+00,-1.349272200713332648e+00,-2.193959720114968537e+00,-2.139203016556567860e-03,1.594927307843507780e+00,-4.690485247488620502e-01,2.732568605122409622e-02,-2.972016829729307030e+00,-2.719448077479574621e+00,3.070044985526219072e+00
-4.228333251235910417e+00,-4.398875557917594215e-01,8.746279247023043268e-01,3.082403903158386527e+00,-2.168745260492999982e+00,-2.690891744038006461e+00,1.727224791399048165e+00,-8.404037925021571098e+00,3.958187036282481142e+00,-5.317468801709448467e-01
-3.632882033590389970e+00,-3.460137725050055124e+00,-2.508577428558833589e-01,2.549388880052462447e+00,-1.798890344363242466e+00,-3.236613127727616224e+00,2.882466931822934342e+00,-9.137087669786716049e+00,3.623194142202621482e+00,1.809026854984411570e-01
2.227452196555414488e-01,-3.089471100619533228e+00,-1.843607836295451330e+00,-2.202099880019413813e+00,1.257665435190198577e+00,-3.408064309178302054e+00,1.691448562354134211e+00,-4.443749103681422952e+00,-5.524052021095120502e-01,2.664338320238804680e+00
-4.412482866709796170e+00,4.716769603056985005e-01,2.497030556872826601e+00,-2.885390028348123970e+00,-2.374694899018012340e+00,-1.434978166430055602e+00,-7.874949483997104593e-01,-9.854052292417020409e-02,4.796036085597503273e+00,-8.898979522495698014e-01
-4.312886428385483306e+00,-4.884207498158268379e-01,6.183112388800147130e-01,1.492601558633787739e+00,-2.158982158456253853e+00,-5.612294919315221620e-01,1.226006625455785759e+00,-7.920803790905937447e+00,2.964903041274390638e+00,-6.262731688113359896e-01
-4.396271652129996710e+00,-2.222340060798753569e+00,2.212820271871459354e+00,-1.531606076554677287e+00,-2.355664416956860130e+00,2.901793543729351832e-01,2.656200886487614099e-02,-3.601380524273345429e+00,1.899218160042409842e+00,-8.537619670932345972e-01
-4.243959028559896929e+00,-9.606012683941678176e-03,5.883171657306869307e-01,1.105106065014284766e+00,-2.124541673013367937e+00,-1.566120024163430546e+00,8.822326639399591386e-01,-6.912988810053941613e+00,3.576799565366059142e+00,-4.978151708122408037e-01
-4.275786172671073082e+00,-4.702265853046010413e-01,9.805981810333896931e-01,7.011040213741797089e-01,-2.162636734646925074e+00,-2.553741696326302879e+00,-3.355873067969339374e+00,-3.860281261386157681e+00,3.782173931844208692e+00,-5.397153794881164313e-01
-4.428054697571444542e+00,-4.911860946614776680e-01,2.990711531534341105e+00,2.373198418315967118e+00,-2.407786936158823998e+00,2.752830390149754614e+00,-1.137228443757390295e+00,-5.286342458996117877e+00,2.499622928932470067e+00,-9.312946285322246665e-01
2.294410926067333545e+00,-1.432827218177708417e+00,-2.470850877736528783e+00,-2.600866693325238899e-01,1.767057411534938227e+00,1.588313488897229675e+00,-2.610495698244084561e+00,2.627454121721133351e-01,-4.016952245631101093e+00,2.789972572840119902e+00
3.555795035886333721e+00,4.397123057811094249e-01,-3.181923253916961514e+00,1.025107805489901658e+00,2.134053763889740107e+00,-1.935384223103898682e+00,2.795249411046434318e+00,-3.156362610961036097e+00,-8.788023724923754720e-01,2.378950345075317774e+00
-4.424506597990211176e+00,1.886219159559411551e+00,3.039733851662909103e+00,-5.400542560959560312e-01,-2.406778340595431054e+00,2.865431940192483040e+00,-3.149538994668168002e+00,4.134337806585516972e+00,3.998216179434483375e-01,-9.303031964309917967e-01
-4.395021795676339771e+00,-3.526608023382804546e-01,2.193580460970100177e+00,-2.758074839204605055e-01,-2.341579478864615815e+00,-7.054805523131393308e-01,3.923980446537336242e-01,-6.163229625919497856e+00,1.582535882617259970e+00,-8.507493962475917160e-01
-4.436883348843065455e+00,1.187312657479148825e+00,3.349519151147694274e+00,3.915064644060715082e-01,-2.428780146903469106e+00,1.927591025191478735e+00,1.634912126759973106e+00,-3.634315106634148584e+00,3.339724091254648863e-01,-9.554851025486928995e-01
-3.490551944594775691e+00,1.672446284297834929e-01,-7.892061261459293320e-01,-1.315924939653769776e-01,-1.541821746204527610e+00,-1.318599411162055368e+00,-2.244493932552026116e+00,-2.955058164504631879e+00,2.009000434700108251e+00,6.298349563939463769e-01
3.079453157054551582e+00,-2.898693660495827551e+00,-2.572720527094653598e+00,2.611505736371883657e+00,1.803978790049202141e+00,-2.840635050103097470e+00,-1.532673289710713371e+00,-6.198967641392691963e-01,4.377617775592470561e-01,2.230961439445214189e+00
-4.224061478145056725e+00,2.032669442075766497e+00,7.110545209330201288e-01,2.850837535177451088e+00,-2.147325098088336048e+00,1.032846991855247865e+00,1.575991589815386007e+00,-2.267135313338671576e+00,1.374498387939761646e+00,-5.044805090723281094e-01
5.760019897039661885e+00,1.764257963447622757e+00,-2.798567551680380738e+00,-1.891966512992965477e+00,3.774587138428163957e+00,3.494476087348294513e+00,9.830954835010583537e-01,4.948073643047001369e+00,-4.505570443340086051e+00,3.525674001501460708e+00
-4.439748347784131965e+00,-2.410092889013200512e+00,3.462583867216661559e+00,-1.866145824924383412e-01,-2.433932029609526815e+00,1.882104590273609546e+00,1.524931999646240932e+00,-7.911643925338392336e+00,7.836849711372195770e-01,-9.618168601227289338e-01
-4.217170524997559511e+00,-1.538004432883722350e+00,1.913284450344949761e-01,1.404032342266818389e+00,-2.041340159726001247e+00,3.488277009829302777e+00,1.108153855381740271e+00,-8.004973401344935624e+00,7.750193146765638197e-01,-3.999207432638725024e-01
3.989055387541939890e+00,3.324117291682732400e+00,-2.116030730760671386e+00,5.664369296907407758e-01,2.195890048059350619e+00,6.203853517832760289e-01,-1.365984883671909067e+00,5.075273127327223577e+00,-3.673520422193898849e+00,2.273766571119991919e+00
4.202223707025012800e+00,2.292223996958802523e+00,-3.069336242683171179e+00,2.262209626421508801e+00,2.891478442545836636e+00,-2.181595757411770808e+00,-1.875206949527078670e+00,5.080805523995344686e+00,-8.102240765900735608e-01,2.851010436014262517e+00
-4.429407528709421449e+00,2.488266152156505484e+00,3.065885566589873434e+00,3.034689083811890065e-01,-2.408912220683593564e+00,-6.158414731327943592e-01,1.550860238124569079e+00,-2.900555020044408572e+00,3.004133177392747989e+00,-9.343801106201077289e-01
-4.438894101431781536e+00,3.047951846249151053e+00,3.440354746100878103e+00,1.806616077957153621e+00,-2.432368246982777649e+00,-2.215896175950498925e+00,2.265781123212553538e-01,-2.967187446684480978e+00,6.758547858254033258e+00,-9.598124038236487410e-01
-4.364491843492555923e+00,6.601157448664833893e-01,1.529654925161831436e+00,-3.041012155159160901e+00,-2.294395859720634867e+00,7.580593783534652630e-01,-1.229122944344708479e+00,1.706384230078787478e+00,7.653517620900858187e-01,-7.680398705856170682e-01
-3.764153026746037689e+00,-8.295822312404572685e-01,-4.857312169178973349e-01,9.864338348551076052e-01,-1.776524427345108847e+00,2.743433188962465685e+00,3.298797283182577367e+00,-8.392546724950573633e+00,1.601796320186753553e-01,1.072808223768294267e-01
-3.865004119338154354e+00,1.554500011563564321e-01,-2.403044617055005716e-01,-2.305091827420205686e+00,-1.809740005130519247e+00,1.437452890820426710e+00,-2.224497846779551757e+00,8.950072320147628435e-01,1.135445969067619965e+00,1.540416296979964517e-01
-4.429075691486491273e+00,-2.107805382312033515e-01,3.104199549248805923e+00,7.470120046359518540e-02,-2.415160366558049443e+00,-3.020083682546117032e+00,-1.651068092422091294e+00,-3.732858910734579538e+00,4.251265830945786917e+00,-9.417763698522553240e-01
-4.399320797424764784e+00,3.430991423171204424e+00,2.346701825833211075e+00,2.299188639941780465e+00,-2.368510753691132731e+00,4.418974383131386574e-01,6.870638098974559682e-01,-2.303155917853062729e+00,1.502345846943563767e+00,-8.791874634088374663e-01
-4.396729446387579010e+00,2.253627534428721546e-01,2.192538286200697684e+00,-2.133272454257460815e+00,-2.347003715097077947e+00,2.149301651713526162e+00,-1.872566034947498181e+00,-7.242657164646770784e-02,1.031249225216238852e+00,-8.455254597045708254e-01
-2.795100109634978125e+00,-1.441061505566762602e+00,-9.159799674072202080e-01,1.230565411997002201e+00,-1.374864168185286450e+00,1.473749067586368255e+00,1.661335778445189426e+00,-8.327726294946520724e+00,-4.600086260960885021e-01,1.214375935375145099e+00
-4.414445047313553694e+00,-2.074430497698705800e+00,2.441780366763854460e+00,3.154252689732039983e+00,-2.373634801185164012e+00,2.144548912849243649e+00,-1.746494142979271746e+00,-4.702170452619133023e+00,3.613753533230607551e-01,-8.946626073812549151e-01
-4.316954773011690172e+00,-2.947627082686677280e+00,1.151312983278207192e+00,9.685973408169328280e-01,-2.232705539291128805e+00,2.296440520335189639e+00,-2.760522632985821456e+00,-4.363207078710128251e+00,9.385330825818472000e-01,-6.455670527823930138e-01
-4.309366526633689354e+00,-8.351094110210732779e-01,8.447084885916869013e-01,-2.963900774867254562e+00,-2.193812184220307326e+00,-2.311066752612032538e+00,-1.321586568116843718e+00,-9.164505838389058745e-02,5.014135946840493574e+00,-6.267007632115780824e-01
-3.861817499472038229e+00,3.490708019101634640e+00,-5.899417940462869936e-02,1.308121072389324624e+00,-1.801104418538315155e+00,1.573297416330290410e+00,3.487671057303066036e+00,-3.760433741973971067e+00,9.266724825564542911e-01,3.044439075134447448e-01
-1.808766448533323468e+00,-1.336131019807925036e+00,-1.328879814040490270e+00,-8.626240713865893639e-01,-2.496421306978876542e-01,-3.456731367259640031e-01,2.590558634344182209e+00,-6.752787702020125238e+00,-2.269847467565681676e+00,1.693024140677335421e+00
-1.468137243846771245e+00,-3.101649653211555613e+00,-1.506240729964102298e+00,2.110432578882521781e-01,2.976707200297333822e-01,3.776409278919343748e-01,2.828168079014509395e+00,-8.120202622908653467e+00,-3.036523949326719318e+00,2.061568159603178074e+00
-4.225964962451381979e+00,3.119305547533947731e+00,9.575126095382193725e-01,-1.708881712338433445e+00,-2.142648141147551755e+00,1.712631756644687364e+00,2.575163380505406607e+00,2.098046193390898928e-01,1.115812016875445956e+00,-5.168319075860483558e-01
3.870712427607990502e+00,-3.436446001681898288e+00,-2.324427646745030440e+00,-1.460143093903706557e+00,2.269745834603885903e+00,7.965825997053084251e-01,2.174801838256822606e+00,-8.741079094594972343e-01,-3.795025360626304245e+00,3.220589964353593793e+00
-4.398263660215888216e+00,-3.270205372467276383e+00,2.244470578211520184e+00,-3.358065645314975978e+00,-2.361847260333318932e+00,-4.671467654627639021e-01,1.275796585183596399e+00,-4.017754386555969504e+00,2.127932309771815245e+00,-8.752906028458927734e-01
4.192831717372563993e+00,-1.203335960145161199e+00,-2.616811168654916475e+00,-1.155777450624817515e+00,3.067877654314705271e+00,1.503644612030868188e+00,-2.053273795581718630e+00,2.341949482816239936e+00,-4.087238948377810210e+00,2.736246101046720725e+00
-3.193187891917828924e+00,-2.273826208959672357e+00,-6.690780801636639907e-01,-2.510786708591153271e+00,-1.438022761999328658e+00,3.037562803121622856e-01,-1.754126337330204066e-01,-1.597415066992575960e+00,4.719059431845687991e-01,1.061384708369426333e+00
3.167725392767885229e+00,2.091257434702919582e+00,-3.404744569178055791e+00,-2.196575522809733449e+00,2.266344274199902031e+00,-1.728844149642665862e+00,-2.796170702101877570e+00,1.046270156973643495e+01,-5.267656772967342915e-01,2.571321599237404776e+00
-4.432964522216146896e+00,-3.122160293006244203e-01,3.180601064355832897e+00,1.533072221018640491e+00,-2.418796921403826072e+00,-2.838026922880931835e-02,2.394373042520978601e-01,-7.383100946315877877e+00,2.568334047205253601e+00,-9.441362632178114112e-01
3.674600290221960552e+00,-1.970852252286482420e+00,-2.577249320538120614e+00,-1.687941978914024865e-01,2.184084533513949822e+00,2.687849161856115998e+00,-1.673111915361157553e+00,-4.157955421964891762e-01,-4.235145345775356063e+00,2.463747350769284417e+00
-4.413842803318415164e+00,-1.768676814048423029e+00,2.384445586809293971e+00,2.510815362251265448e+00,-2.371485836117963153e+00,1.682888592087091517e+00,1.777180803825812561e+00,-8.714093197758563392e+00,1.924389885391898147e+00,-8.918485288010939982e-01
5.827644430461965008e+00,8.351627986382963442e-01,-3.466791129392075455e+00,3.052768460070638845e+00,4.541467522017994085e+00,-2.286807619809904768e+00,1.059301114972548419e-01,4.137077796829500276e-01,-5.710865235717405008e-01,3.268749677049798574e+00
3.031264588984425412e+00,2.440887619319088486e+00,-2.010698139693278375e+00,8.106176847592188039e-01,1.907176515218751423e+00,-2.786319603755413432e+00,-1.351002367461539677e+00,3.943978034705744484e+00,-3.596654199827779563e-01,3.424729695847973154e+00
4.055991671839221269e+00,2.953773874667018795e+00,-2.355406520981081719e+00,3.185379634010577554e+00,1.900705092500420745e+00,6.077742953328186815e-01,9.892532246168013188e-01,2.573017954390883322e+00,-3.618789669037682177e+00,2.192081144008590776e+00
-3.991374457098227690e+00,-7.194309535377318987e-01,-3.566151756746545054e-01,-2.347649162207162021e+00,-1.865962965338332502e+00,-1.721455364072560723e+00,-2.139010672349739295e-01,-2.373311956854899929e+00,3.463068243078202713e+00,-8.932146025439886838e-02
-4.072612944451718953e+00,-2.629061014778339089e+00,-8.155399955360032038e-02,1.436464282259558800e+00,-1.953376172995679338e+00,-1.874942813454345547e-01,3.183626317436456077e+00,-8.960469573540871480e+00,2.575140383674012767e+00,-2.131418994445069548e-01
-4.424261564614250908e+00,3.129141842863777612e+00,2.841199118729996087e+00,-3.438995707301210736e+00,-2.401055363922630193e+00,2.886243390286504784e-01,3.186689496912423536e+00,1.033591776712370347e+00,2.155343791946099152e+00,-9.235365248759237478e-01
-4.233436922433619465e+00,1.682876672423193831e+00,5.283293156940080948e-01,-1.777539008928498809e+00,-2.091166806380608367e+00,3.423226790409994003e+00,2.944933514463182966e+00,1.639998524477885855e-01,8.849000627479164383e-01,-4.358902738583841918e-01
3.717019691996915398e+00,9.993792591956944804e-01,-1.893046655792388844e+00,2.492654414813202379e+00,1.687773723944162363e+00,-1.835864899624279234e+00,3.049277999595005895e+00,-8.933276910127596615e-02,-1.071352386379419874e+00,2.962502200530400032e+00
3.233325319523243646e+00,-5.580825464177623374e-01,-2.214174837853789768e+00,-8.110119885867517198e-02,2.336200497093758877e+00,-1.019174704408441379e+00,-3.206150902147606008e+00,-7.493638197252294741e-03,-2.215304846918431103e+00,2.564687201672403383e+00
3.741953060967200262e+00,-9.607688079064296005e-01,-2.488286459831570596e+00,1.691244616242845389e+00,2.244367852720934309e+00,3.739467673531540193e-01,3.114934026020923952e+00,-3.965815217999065112e+00,-3.653411199378341134e+00,3.067646750659243970e+00
-4.295078198702518613e+00,-1.658738378077906361e-01,8.474520228540063371e-01,-6.525151351006885925e-01,-2.178547607969319344e+00,-3.900491080188870363e-01,2.652992937610715529e+00,-6.961427570438467605e+00,1.268036185746970412e+00,-5.764711101886031974e-01
-4.150978269723980318e+00,-2.253551798538284245e+00,5.075865116922617659e-01,-3.062228967928897205e-01,-2.051438686729457839e+00,-2.941915938093236260e+00,-2.311712030761982728e+00,-4.239270622823602785e+00,6.100492707556151473e+00,-3.096439152593002397e-01
-3.843619412093874921e+00,1.463525329395748642e+00,-3.903688514772296614e-01,-2.465940476110283441e+00,-1.851333110291113693e+00,-1.487485173204917910e+00,-2.838946156334095861e+00,5.895402260890437063e+00,2.570303254008651894e+00,2.277733195143392952e-02
4.470055230871582630e+00,-1.365920819833967848e-01,-3.236015923847409326e+00,3.261848492007120015e+00,2.174452390324890683e+00,1.412849814436363260e+00,3.268779684736477620e+00,-4.194125421066776660e+00,-3.901681608905686272e+00,2.903608033327174098e+00
-3.948722744965478260e+00,-1.402469879948528231e+00,-2.415010730460824817e-01,-1.508886794088227123e+00,-1.848434724468718704e+00,4.441680264222913621e-02,-3.457100887907382347e+00,-5.309612902629816666e-01,1.461859913802480815e+00,-3.091534586388728495e-02
-3.487255733577397709e+00,-2.351983078372873681e+00,-7.333802642113314008e-01,-2.884106537044279328e+00,-1.412262131129834675e+00,2.234066176089938516e+00,3.147494125457375169e+00,-4.399680297668787432e+00,4.002809934094999633e-01,7.495622608247136665e-01
-4.268641758437028422e+00,-1.172845241957182871e+00,8.309347454251536647e-01,-2.416505366802570443e-01,-2.156830204933359862e+00,2.483286200026870283e+00,-1.427721350621089957e+00,-4.196012649737094868e+00,4.551575087258624142e-01,-5.648741692334113829e-01
-4.394680089830703906e+00,-2.927148551045508640e+00,2.196735642420401646e+00,1.053107918096285012e+00,-2.361026444771517241e+00,-1.997531439229583983e+00,-2.803614887421113089e-01,-6.195614058592502360e+00,4.759975764203826287e+00,-8.673537124041247326e-01
4.907309193184502760e+00,-2.011982224336520630e+00,-3.135943415760138464e+00,-1.417863239779579843e+00,2.765851149117167562e+00,-3.247018218341055196e+00,-2.716487619262396347e+00,2.310139090004851514e+00,-6.361986759524743684e-01,2.344414701120665967e+00
2.399484381759100060e+00,1.008747891986356393e+00,-2.818162785250725388e+00,-1.999797341281052576e+00,1.868027501013911351e+00,-2.645032630468968193e+00,-1.950091014753427832e+00,7.592925112874466365e+00,2.664943619785768991e-01,2.418823156483269177e+00
-4.171666490299953622e+00,-2.049911411966212071e+00,1.585895726053623278e-01,2.082771923616920873e+00,-1.977933725400229159e+00,1.989194813013757113e+00,2.147908294067504720e+00,-8.829054391755775555e+00,4.894649601230668945e-01,-3.143397278449613919e-01
-3.825794716006664320e+00,3.496660964275231542e+00,-3.615311770668103719e-01,-1.955491244007312224e+00,-1.824128967831661452e+00,-3.349899005785116124e+00,3.553737067751194800e-02,2.685095517868512083e+00,6.022632943635112923e+00,2.047968939441911496e-01
-4.287798085297165329e+00,-3.295029307519390827e+00,6.404521154382054604e-01,-2.130247195733141918e+00,-2.131322148755554924e+00,1.218772445231340207e+00,-7.213633027441357370e-02,-3.572425982771631592e+00,1.306207229048538476e+00,-5.655011610207537620e-01
2.948020322929015613e+00,-1.608618680020694303e+00,-2.556686514091000451e+00,6.427900932871279949e-01,2.139761713202460225e+00,-3.106461842506366811e+00,-2.985404937029678685e+00,1.593228519289054512e+00,5.691935867799819970e-01,2.575076010057293363e+00
-4.028348597929726438e+00,-1.267531455948073926e+00,-1.763898574086550930e-01,1.615221901434424900e+00,-1.914016076716329673e+00,1.638155190851486864e+00,-3.332241456300566895e+00,-4.417686862752613131e+00,1.194293793397206205e+00,-5.873004500188266919e-02
-3.938185996702788572e+00,-1.962876881554018293e+00,-4.045676704733760509e-01,1.098872416261276186e+00,-1.832590488632423575e+00,9.436020669831357566e-01,-1.691298727665784263e+00,-4.126065885948592360e+00,4.461414951347631441e-01,1.348992085749441960e-01
-4.346289267451411753e+00,-8.474395352062571440e-01,1.371848204549830363e+00,1.356986454068062287e+00,-2.278919382722273568e+00,-1.864000548657456235e+00,-1.926013468443943388e+00,-3.295383282245134993e+00,4.029435439715514988e+00,-7.498260357695172296e-01
-4.394883818544678356e+00,-2.260154145073633991e+00,2.426468376243803071e+00,-3.318417768154037439e+00,-2.367283528036255635e+00,1.750010717672201288e+00,-2.904365156423718286e+00,-2.370304257437949591e-02,3.069414261256970256e-01,-8.606181348228459926e-01
-3.508893233900098885e+00,-2.739424480134830198e+00,-3.234809405059291265e-01,7.117666162310740674e-01,-1.673245265737941523e+00,1.800910338998324534e+00,-2.796429106277904975e+00,-2.776418214848432875e+00,1.170729249570660047e+00,6.149768178506239691e-01
-4.411692481253341569e+00,-2.480290333660590374e+00,2.640249136876534841e+00,2.504471858599745637e+00,-2.376337388714433008e+00,-1.900242282977546271e+00,3.975950349522117122e-02,-7.749042966625664164e+00,5.196750671031635349e+00,-8.891003479075465510e-01
-4.387428808338617259e+00,3.133149425242329755e+00,2.371725652172010257e+00,1.981805984166896017e+00,-2.362411126808926287e+00,2.655433309166191691e+00,2.390383214990070115e+00,-3.964304726295077241e+00,9.177883792464193169e-01,-8.687005940334237009e-01
-4.374146050220828030e+00,2.555350312641285981e+00,1.726195962276278806e+00,-2.640488637283218143e+00,-2.289233146795668805e+00,1.073680288603878985e+00,-1.011704638145402235e+00,5.713888507328682920e+00,2.012101098424487589e+00,-7.859604535888101706e-01
-4.411592674961300808e+00,3.237990892932491427e+00,2.579094010607368759e+00,1.147357824069816346e+00,-2.376219934538149836e+00,-1.556350232486622520e+00,1.651826651462744877e+00,-3.188859730774968426e+00,4.179592587073354792e+00,-8.909471348900791510e-01
-4.435947319831587521e+00,-2.931322154571227134e+00,3.269956401124538559e+00,-2.948847800025162780e+00,-2.424664545458547149e+00,-2.174643637234471516e+00,-1.217840644780703308e+00,-3.397751725722542027e-01,5.450240494098100186e+00,-9.519795510859320187e-01
-4.412652327239838357e+00,-2.990430882971696569e+00,2.853236833378066883e+00,-9.578243456557489210e-02,-2.388833948980088273e+00,2.618559968355390843e+00,-2.587825207840000807e+00,-3.084273861998496624e+00,3.640743997355468387e-01,-9.086800168098513319e-01
-4.255168905421937708e+00,-2.078030164971700344e-01,6.394540494166314204e-01,-3.490396100450582573e+00,-2.138813633999331110e+00,1.962350375095019750e+00,-3.292241795261485748e+00,1.521066793015878771e+00,1.190409435426141860e+00,-5.772450691968725733e-01
4.820304288725310471e+00,2.121061236607284073e+00,-3.178895632319470366e+00,2.053637483638225625e+00,3.260888498240120725e+00,1.093106465047640974e+00,2.538186794321267925e+00,1.978857318962465861e+00,-3.974204302645278020e+00,2.291570857653350668e+00
-3.908393385996266733e+00,1.059782265783657529e+00,-4.306270727727019576e-01,3.717349771439550921e-01,-1.836922264402734317e+00,-6.673629207315103784e-01,-2.494974732936996897e+00,-6.109876241148638476e-01,1.887472766538608404e+00,-5.624439812584244858e-03
4.712542127091665201e+00,-1.884173034112706535e+00,-2.764856305064335107e+00,-1.349468054778550918e+00,4.267970535554574951e+00,-2.378348970367198945e+00,3.332254131975581402e+00,-8.112956146806162838e-01,-2.585618041326053218e-01,3.233410254572258502e+00
3.132005100136564302e+00,-2.483855029672026760e+00,-2.686730726585560003e+00,-3.289647017592109979e+00,2.149516515732273092e+00,-2.241297908226445035e+00,3.471397674767130681e+00,2.328955017055376331e-01,-4.148918258382414681e-01,2.430187403562364068e+00
-4.347370530511565967e+00,-3.282124036092174624e+00,1.371201674903811174e+00,-1.372551055643916662e+00,-2.265168563685907799e+00,2.886021972914902811e+00,-2.545892060045287675e+00,-1.149716697371966578e+00,1.318908043204879865e+00,-7.532845425536190964e-01
-4.025807759044134571e+00,2.452886121745021519e+00,-1.998212804230474759e-01,-1.541814384233677560e+00,-1.903785701747889414e+00,2.666785377905105392e+00,-1.645691904673682648e+00,2.586992208750698463e+00,2.033293674448007349e-01,-1.883540669717071458e-01
5.083486418792522166e+00,6.126175265801077074e-01,-2.902076647223007289e+00,-2.838669423763356736e+00,2.965679267457224988e+00,-3.180277361112626711e+00,-9.157067767240691936e-01,9.501020298776218453e+00,-4.737008945349667211e-01,2.739945883927644488e+00
-3.679145100653980816e+00,-1.904715447078943136e+00,-4.737305522430825810e-01,2.864985924007736884e+00,-1.601238731682203209e+00,1.464129809568414764e+00,1.316435021020272877e+00,-8.659299018822531835e+00,6.910754761226678422e-02,5.040040722691830899e-01
-4.281087439038523179e+00,8.622792279766304802e-01,5.391014921654821990e-01,-3.810804248018939688e-04,-2.154636252825139486e+00,3.308745162647070970e-01,1.571377229257840291e+00,-5.162005285664331922e+00,1.921384123448192538e+00,-5.509598854242200305e-01
-4.420799056272963767e+00,2.961900546838089454e+00,2.900640745901064577e+00,-1.015016233052933980e+00,-2.399337673354029477e+00,3.257341501670842021e+00,-1.421929663244445585e+00,1.460184148919919878e+00,5.904198964915686743e-01,-9.221549260783884483e-01
-3.814797341179001933e+00,-2.591985638495543309e+00,-4.638958870899108078e-01,-9.883446390910011203e-01,-1.811609207923671638e+00,7.919193827659833929e-01,3.026976204406932602e+00,-7.422748657688552854e+00,1.310989661252200733e+00,3.096979201144323124e-01
4.091658487110146680e+00,-2.241371597536331528e+00,-3.436134992525250897e+00,-2.874367559569801500e-01,2.727534685210307064e+00,3.242865061177306885e+00,2.393281942245669036e+00,-3.905325983702370607e+00,-4.389339162588514753e+00,3.017569176744017145e+00
3.390496351016439647e+00,-2.725638617245770945e+00,-2.163404693378486954e+00,-1.371545820950873740e+00,2.445825430212073659e+00,3.177755468001361550e+00,-2.547908358082358049e+00,2.056665628006851598e+00,-4.364033352595277471e+00,2.358082411720086036e+00
2.101123203449806631e+00,-2.157407918065519237e+00,-2.118220430632625551e+00,2.922580456740655919e+00,1.610457799456512795e+00,1.599222504397754818e-01,7.890256787817504502e-01,-5.106513864207551379e+00,-3.447542838201274051e+00,2.662983084494727759e+00
4.453444426526625755e+00,3.085366795342765478e+00,-3.279418000470013972e+00,2.634346729822532929e+00,2.497071139261660466e+00,-4.070943372914563874e-01,1.967676021982628143e+00,1.707341561270633523e+00,-2.574141175071386733e+00,2.560603101869606490e+00
-3.401932930800017907e+00,-2.153891101468873082e+00,-5.934321557559090188e-01,-3.981671212931097159e-01,-1.685634636322222990e+00,1.623415147271511927e-02,-1.907278716851677380e+00,-4.410517086584978763e+00,7.106170186659368504e-01,5.200120995469734719e-01
-3.480666584001500308e+00,1.421509863288770603e+00,-4.963943825389431908e-01,1.466708022172282355e+00,-1.780477431466401361e+00,-1.816435488335772952e+00,1.162531998608661965e+00,-3.958528747254828950e+00,5.593816582819707506e+00,7.781065337335075771e-01
6.345357568369894175e+00,3.165711558296516515e+00,-3.274313188113765705e+00,-2.838790710166856357e+00,3.847387097551092872e+00,-2.382120543442694860e+00,7.263825638686123298e-01,5.160288496320021956e+00,-3.980515738783483304e-01,3.413919700322233020e+00
-4.206834781149217939e+00,-8.130394509832186145e-01,1.393400127675978872e-01,-1.237224147216352321e+00,-2.047817899921817286e+00,5.072938634028023586e-01,1.706844528729622112e+00,-6.230753396516943710e+00,2.120437754961935095e+00,-4.173872119154673488e-01
-1.668377129244322798e+00,-2.939728334209505967e-01,-1.392387949011144599e+00,-3.036107070905651462e-01,-2.672517551821372295e-01,-3.463234094809318542e+00,1.338160121029016381e+00,-6.548058347201004992e+00,9.780615953855904543e-01,1.941904728287069393e+00
-4.409203447994009650e+00,2.687765500957475240e+00,2.581064813954844439e+00,-1.229571428402834510e+00,-2.365928390595356756e+00,1.835663707691551849e+00,1.398962430690407821e+00,3.977922883271167720e-02,1.696944164898197327e+00,-8.860512401635177726e-01
-4.152234203989653594e+00,3.056798805481605541e+00,4.784893305663300289e-01,6.760115425399746414e-01,-2.068314744074477574e+00,6.881855362359488026e-01,2.489338911518432340e+00,-3.428770589724428941e+00,1.454025417124592989e+00,-3.594094317266996463e-01
-4.284744353082776236e+00,-2.110941272470881813e+00,8.348634273194841526e-01,-6.387739415887008221e-01,-2.206859451077263667e+00,3.871177234156446545e-01,1.060751863873090173e+00,-7.144478464836714338e+00,9.344552930750070763e-01,-6.606241671979520280e-01
-4.417483814855500235e+00,-4.748524940780374237e-02,2.588919771935701775e+00,-2.026582676022123053e+00,-2.385388268396259726e+00,-2.522521629055721526e+00,2.823689869363747995e+00,-2.783285084367760565e+00,5.134792427380427071e+00,-8.994332453295116325e-01
3.794582163214596626e+00,-1.264537700681880761e+00,-2.561440887645713538e+00,-1.884163709944898457e+00,2.106052972878407203e+00,-1.130162910642516394e+00,-7.919746515734784609e-01,1.791557587912375293e+00,-1.543737467256384388e+00,2.633313106374163048e+00
5.428062186916069010e+00,2.372076652897164628e+00,-3.417665717486480403e+00,2.367603338609240993e-01,2.513926853569124820e+00,-3.263610810655253047e+00,-2.224938989840234527e+00,4.340637472061763091e+00,-4.178195395846584503e-01,2.884853963396246002e+00
3.367142888103930254e+00,-3.233137953319526137e+00,-3.307373532346811196e+00,-1.380890237616435368e+00,2.332400933546214805e+00,-1.886280804819531420e+00,-1.574568758303703575e+00,4.881057982816266794e+00,-1.124986824028555654e+00,2.196349864384292694e+00
-4.353713821214078017e+00,2.801094467427508228e+00,1.561328263963360996e+00,7.499627464046492165e-01,-2.267450556128149941e+00,2.830896961382792121e+00,2.855256918408737299e+00,-3.583875488102446827e+00,2.756192212142438702e-01,-7.438399229733753115e-01
-4.421655342150254242e+00,-6.231390921795050275e-01,2.686273529486215672e+00,2.632619049381691667e+00,-2.394076478044316225e+00,-2.477746858362523064e+00,-7.095093304223958341e-01,-5.625918092202894627e+00,5.379186143035216361e+00,-9.194043576324361089e-01
-4.364166328987309385e+00,6.847985139819421363e-01,1.315862343428355175e+00,-1.793688987942192892e+00,-2.271443825336794564e+00,1.166809380247393335e-01,3.187618952423904695e+00,-2.948322668293106297e+00,8.760722027685535762e-01,-7.561334044611360827e-01
-4.423869647780307446e+00,1.835419799991374390e+00,2.790794057131214423e+00,-3.406597861069888822e+00,-2.398575096899655978e+00,-1.448134698495742612e+00,8.036605192374244311e-01,3.477480816490051141e-01,3.926216058485890059e+00,-9.168294465232716961e-01
-4.423804241610031163e+00,-2.337304130710752492e+00,3.053846883399933709e+00,6.735853110645857456e-01,-2.409490278172231381e+00,2.400202913281443529e+00,-1.850569778540557264e+00,-4.207428312058858033e+00,1.354059305195144836e+00,-9.257628569567499799e-01
-4.408491842879686651e+00,-1.609489585644689580e+00,2.371516871140476823e+00,1.636340206981170553e+00,-2.367580572721523335e+00,-1.041315805378542514e+00,-7.353488700621602092e-01,-5.076794359194883199e+00,2.799590658335234128e+00,-8.874308811973018463e-01
-4.415969024473362481e+00,3.618814941445531730e-01,2.748472372916593187e+00,-2.161249404215778824e+00,-2.394334697673528911e+00,7.827050898870080431e-02,2.762868711098064090e+00,-3.599374812735454121e+00,1.689600856755250291e+00,-9.018282015772698390e-01
3.309185351014486187e+00,2.097570727997639217e+00,-2.392351213196276749e+00,-2.977210886954265057e+00,1.925545585757944655e+00,-2.803229459243009369e+00,1.526043348782470055e+00,6.142534262411537327e+00,-6.988430599777243346e-01,2.849510863299927532e+00
-4.421790190419491395e+00,5.495115644426400436e-01,2.795966077451408793e+00,-1.768985972593458245e+00,-2.391700237206775714e+00,-2.791715364175747283e+00,1.573187055290358849e+00,-3.103823973262575642e+00,4.155318402758304330e+00,-9.164671809986280060e-01
-4.373987136848474400e+00,-5.561548137054872498e-02,1.576289301082706373e+00,-1.957577946199981822e+00,-2.300080472295472411e+00,-6.190468411692542361e-01,1.336210975807802015e+00,-3.887775788591031567e+00,2.036904890005126756e+00,-7.884535837185219220e-01
-2.100454694110511333e+00,3.295138790793794570e-01,-1.309763966852649730e+00,-1.171624679619052145e-01,-5.102848220910363164e-01,-1.340886048546341414e+00,-1.343223746879682601e-01,-4.615697771359505985e+00,-2.267502436984992764e-01,1.743359939517151735e+00
-4.413291958160915129e+00,2.756211803570087326e+00,2.700767957722490564e+00,-8.521109649842895095e-02,-2.386662381862025395e+00,5.422563873696004677e-01,1.285466496271983061e-01,-1.957169042060515229e+00,1.982144858474785831e+00,-8.996237649439916551e-01
-1.382034629693791317e+00,-1.264860833997252687e+00,-1.303532757731269420e+00,-1.174689706071179174e+00,-5.965381201032410319e-01,-1.404490920408439703e+00,-2.082322786409644522e+00,-1.672777906068356524e+00,6.184735178699563019e-02,1.809053949759900526e+00
-3.084807892689345188e+00,-7.423369720138266459e-01,-8.713696354552773471e-01,5.786078755337191737e-01,-1.138484433634231685e+00,-2.966384680088739234e+00,-2.856407108142946072e+00,-3.176759581385489639e+00,3.022030540348807470e+00,1.043858780228921423e+00
-4.420891896798283760e+00,1.882556713823475114e+00,2.884970047357629852e+00,-2.509929839931797524e+00,-2.399627820147262725e+00,2.173590785393272995e+00,3.392769532104277452e+00,1.212213806439720543e+00,3.902783985621982588e-01,-9.200757678534782213e-01
-1.560519847449167441e-01,-2.382068707186705048e+00,-1.863234231251911233e+00,-2.181962717298433940e+00,1.227672966477614480e+00,-2.761067769623477552e-01,-1.659130324769137133e+00,4.776774707499571448e-01,-2.444081477067021169e+00,2.349400383255870750e+00
-2.519235793641094290e+00,8.929934417288256654e-01,-7.705605949508247399e-01,-1.395922705109960305e+00,-1.266381747551834636e+00,4.842183737587792969e-01,-3.193734905272185287e-01,2.346420080572156230e+00,-3.616645990112564157e-01,1.397352752914107210e+00
-4.421544873681420462e+00,1.440181816155054584e+00,2.852411664225140697e+00,-2.297221376173052665e+00,-2.396591343973951460e+00,3.113574413056078072e+00,1.872640964022375343e+00,-7.052440536724411402e-01,5.305156939223369672e-02,-9.188921296716506815e-01
-4.316823044182843461e+00,1.490447399557457864e+00,1.411818046275538308e+00,1.531273302950868498e+00,-2.272902194958382527e+00,2.407125296438727524e+00,1.536463196494718630e+00,-3.758318987333246319e+00,4.627007242227518802e-01,-6.652248607669014602e-01
-4.435118230625628044e+00,-2.238303494098039081e+00,3.225841764018338331e+00,1.364935581720674307e+00,-2.422451821464377097e+00,-2.940306001452786866e+00,3.163783353546332222e+00,-8.838495176059018021e+00,6.152637293306685073e+00,-9.498262760326886545e-01
-4.400056510417180711e+00,-3.200090504279078374e-01,2.568480745017527767e+00,-8.248495705246696730e-01,-2.368372364380038508e+00,-1.508125446103738110e+00,1.170298534172835581e+00,-6.717998392171622868e+00,3.372283881162885244e+00,-8.802221324333843189e-01
-4.420655525059156155e+00,1.092266336788114245e+00,2.822748683226148358e+00,2.679716505984930386e+00,-2.394263482296470347e+00,-8.284074450880405394e-01,9.621124645456937685e-01,-3.934719907229734748e+00,3.382106041980887046e+00,-9.104565887934432666e-01
-2.487520325335708993e+00,-1.632968220826576999e+00,-9.728097342104060630e-01,4.799752514565325257e-02,-1.278763317075538142e+00,8.442563969692695736e-01,9.540937948894931964e-01,-7.465356578659449127e+00,4.518951044288642693e-01,1.402798978037489208e+00
-4.074655162772743644e+00,1.670505429236988526e+00,-6.068897496134528780e-02,8.409281394639940288e-01,-1.977460045309176184e+00,9.668117021510944653e-01,-2.292992143404568584e+00,-2.815577715860506647e-02,3.608028253664289364e-01,-2.762171625534641239e-01
-4.364406253854361317e+00,2.718307638292874806e+00,1.855736188099808004e+00,2.172859340754639490e+00,-2.312703158167774387e+00,2.515409800364253101e+00,2.871072506601230145e+00,-3.297167212543291370e+00,4.352596632945680000e-01,-7.919990319054748262e-01
-4.357133694503000143e+00,-1.787981892431567132e-02,1.565761954768280617e+00,-4.739118657954675129e-01,-2.284031826260835896e+00,4.442171680667978961e-01,1.706764868888370756e-01,-5.754890585320040053e+00,7.732470611296056173e-01,-7.622696489935225639e-01
-4.240935261848838955e+00,-3.171724960236907975e+00,6.395724491560779157e-01,-2.270907218020708829e+00,-2.129050298481275583e+00,-1.559171556440125395e+00,-3.402374378599666294e-01,-1.971070266580033037e+00,3.016969189312140642e+00,-4.836878555490395359e-01
-4.372420609903730160e+00,-3.347528254141486137e+00,1.757817006330579801e+00,8.589869211731819831e-01,-2.302093781945252271e+00,3.030890015661188208e+00,1.202778827114476812e-01,-6.734780898188803100e+00,5.485917402247791896e-01,-7.941951249836992632e-01
-4.307501230723493002e+00,3.887645702811441950e-01,8.131222465339567052e-01,3.217895198544044710e+00,-2.199324776107641544e+00,2.910844282941445371e+00,1.775179336275093611e+00,-7.656998180057040138e+00,8.532761140118599874e-01,-6.535557593600033188e-01
-4.428416436152509128e+00,6.453033191126742452e-01,3.100682087712372415e+00,-1.414475545823281610e+00,-2.416223687504488460e+00,-2.347128159975513384e+00,4.831473560092067743e-01,-2.490249721756365275e+00,4.552568806773373389e+00,-9.383238145395315088e-01
-4.314632651285436715e+00,-1.430694553150870796e+00,1.325353768841060820e+00,-2.904470491810067223e-01,-2.269584621360793530e+00,1.187262336152389075e+00,4.938315964788131396e-02,-6.569718103360493444e+00,6.257456146465103508e-01,-6.996297667446176316e-01
-4.416895498225589911e+00,-1.794461381571040626e+00,2.908231825118324565e+00,-2.631937857764744315e+00,-2.397204956883216553e+00,2.092824830125193714e+00,1.759258597994275419e-01,-2.997280478183126373e+00,7.072764329224288105e-01,-9.210894525717563397e-01
-4.426870108975863083e+00,2.383559278057791886e+00,3.106254495254747283e+00,2.323485805103691071e-01,-2.412559400405481114e+00,1.083145495363152300e+00,-1.275421662135782341e+00,-8.712459488037960220e-02,1.675653295256296138e+00,-9.325249774205239817e-01
-4.371623551164355526e+00,1.954491402411937528e-01,1.406380269005294004e+00,3.263002360688449066e+00,-2.287846861552875755e+00,-1.603249776780844904e+00,-3.375628391628285208e+00,-3.937917102450283480e+00,3.465506057536075879e+00,-7.967484101349059378e-01
-2.722476772395905353e+00,2.580726498173665284e+00,-1.068039742056159369e+00,6.500783888816021872e-01,-1.225899828627800670e+00,6.400325567218878575e-01,-1.685976496477847864e+00,9.537430468225729374e-01,5.043658587830718298e-01,1.361195027671123992e+00
-4.341722614705803451e+00,8.832768924406728672e-01,1.196947463533233780e+00,-7.765344112016201450e-01,-2.252625523157949505e+00,-2.575773100731832965e+00,-2.352402786708399862e+00,1.568701418000385539e+00,3.954114817884859967e+00,-7.493129424270431604e-01
4.207115869467717317e+00,1.857759459651150635e+00,-2.777346814008910592e+00,2.511361491777716282e+00,2.640594204267388889e+00,6.825850785754203898e-01,-6.114327155411407588e-01,3.777943525076978393e+00,-3.736286698482177204e+00,2.717577652616099737e+00
-4.235522357489307943e+00,-7.665985327804962779e-01,6.033039905729058461e-01,5.941489997423907710e-01,-2.154514938337083851e+00,7.590244596287760714e-01,-7.710357884911016590e-01,-5.497111562226475456e+00,1.617081943195923799e+00,-5.249132520806705227e-01
3.746378298575632648e+00,3.050975009323658504e+00,-2.700311633283591917e+00,2.367212707627498247e+00,3.874627276620222105e+00,3.060506697163384082e+00,3.134265426135204535e+00,-6.434319747138997347e-02,-4.452127400412158487e+00,2.412268874067087676e+00
3.627652370276536864e+00,-1.115321357551767978e+00,-3.259699827777045478e+00,-2.799224844670522572e-01,2.264042377754832636e+00,-1.365506526828724976e+00,-1.913248107372549356e+00,1.326835544867800865e+00,-1.593996137320082607e+00,2.874215063491895705e+00
3.466542685433989801e-01,8.294066701309770195e-01,-1.798267538612403404e+00,3.000774793157661158e-01,1.289988837953951695e+00,2.461813126189875689e+00,-1.439564176583131516e+00,-5.076778428098562834e-01,-4.123922671571317977e+00,3.253253084387131011e+00
-4.353220353236906703e+00,-1.864538178068738450e+00,1.405906815025646850e+00,-1.347208594340475685e+00,-2.279327774746334079e+00,-1.938808001380730062e+00,3.130776950231126676e-01,-5.286539422740008654e+00,3.864920689513820395e+00,-7.600969726424819939e-01
-4.378923887941660986e+00,-2.409703641014054210e+00,2.172229658454982726e+00,-1.355106630383751565e+00,-2.346177247641736852e+00,2.901089621639386884e+00,1.282887571935552806e+00,-6.086426649798028166e+00,8.818425567704603063e-01,-8.182214475888381910e-01
-3.930297696533315843e+00,3.226816734896892136e+00,9.874513068832779794e-02,1.306260467302678308e+00,-1.928584989411847639e+00,1.971121110068315474e+00,2.393353858233324694e+00,-2.402355586577729962e+00,6.990038859978252583e-01,-1.611697428680404498e-01
-3.700234293087781623e+00,1.896402009493440843e-01,-4.672362944487389314e-01,1.738632447668708281e+00,-1.781334845575115233e+00,1.727860529299849013e+00,3.881558989564410922e-01,-6.607382301347011655e+00,4.481304981905963603e-01,3.246312044731113344e-01
-4.408857758524712622e+00,2.290814998672710878e+00,2.373453747214307796e+00,-2.009570726881394709e+00,-2.367516139376109940e+00,1.632645441674317688e+00,-1.487305738447740833e+00,6.350451409667602576e+00,3.527895276990778983e-01,-8.839983662173634960e-01
3.858066405918432196e+00,-2.812188781601738796e+00,-2.002781335467551660e+00,2.804318719400042070e+00,1.706318361613059942e+00,1.478697946666295948e+00,2.152142681168056626e+00,-4.015946280899397536e+00,-3.853483948729589770e+00,2.377266630240633560e+00
4.514499225004858118e+00,-4.887582021708003488e-01,-3.426710550358821106e+00,-2.163933208052810642e+00,2.573180072254484418e+00,4.303477673290960759e-01,1.652573159137407544e+00,-4.408322692745564320e-02,-3.630079247112405927e+00,3.343852971473017632e+00
-4.218884501340079751e+00,-1.256317540239414221e+00,5.823482600917682106e-01,1.242152715784583528e+00,-2.124554371574491896e+00,1.258815134853485951e-01,-8.999314169023548970e-01,-4.543714181703793820e+00,1.174386952278979823e+00,-5.220080186353456275e-01
-4.180564591841555711e+00,-1.035427774180425420e+00,1.584459076975672787e-01,-4.144192327989415503e-01,-2.024936294198897535e+00,3.727863854688742151e-01,-9.734881649277062898e-01,-3.310522594807446595e+00,1.946181905215932817e+00,-3.878709076378170084e-01
4.594232252189028642e+00,1.556871203846641016e+00,-2.357160242884023926e+00,1.864020202303628970e+00,3.094750226253250247e+00,8.925274472001545334e-01,-1.273552939113455906e-01,1.972819160681649642e+00,-3.880295252905287651e+00,2.644616281821412507e+00
-4.420882474961739028e+00,-9.633057127849742329e-01,2.737192331160829717e+00,4.361028905582218229e-01,-2.390746268899948568e+00,2.434950112129794952e+00,-2.202611669539991546e+00,-3.572226591976970678e+00,1.369596767302961204e+00,-9.103509869384212028e-01
6.142942698144151947e+00,-3.614663789759431367e-01,-2.902112896508008966e+00,3.760475006118957353e-02,3.644064815914201283e+00,-6.089454227395885155e-01,9.694519942386401468e-01,-2.551138316742291856e+00,-2.740777916594695718e+00,3.076091147556201832e+00
4.836328681214547842e+00,1.829198548250312584e+00,-1.800575081538136724e+00,2.992774563787983233e-01,1.646651099844347321e+00,1.826095521840234603e+00,-2.037995536141048447e-01,2.656772921364080275e+00,-4.007970506550877943e+00,3.306126627284260877e+00
-8.318049303182126764e-01,-1.099136712517688075e+00,-1.627825321736521946e+00,3.112019335817642229e+00,5.410591792334180639e-01,1.103198675525662864e+00,3.417812362828806627e+00,-8.517250983962043165e+00,-3.459290637602880025e+00,2.329419848831465245e+00
-4.389009518913709940e+00,1.715862275517746838e+00,1.939577757934723756e+00,-1.091063486401633753e+00,-2.310878449378370725e+00,-3.324962058587981772e+00,1.811760751236077382e+00,-2.402248401536866140e+00,5.342767998030731214e+00,-8.265972937088700290e-01
-1.905040157747677210e+00,2.511289863347387019e+00,-1.343714516738326203e+00,2.902359473469712903e+00,-4.836343312907558922e-01,6.623606059499351773e-01,-3.194146863360854738e+00,1.025277808086783926e+00,-2.575870510066592178e+00,1.748796018429288335e+00
-4.412020597971143765e+00,-2.496474996779894262e+00,2.483259406610409670e+00,-6.710699360465350871e-01,-2.378158725868375623e+00,1.243561618492122989e+00,1.963880214423044279e+00,-7.434459050155781235e+00,1.153311888852123879e+00,-8.900694773033381857e-01
4.110795969794687643e+00,1.578255261452924607e+00,-2.077728306934960134e+00,-3.256500379394740463e+00,3.034839342718881117e+00,3.152311954576507702e+00,2.527607732292645792e+00,4.294226955899081766e+00,-4.425476618889510938e+00,2.720008200148684718e+00
-4.086344875319221082e+00,1.678172117348717407e+00,-2.914497923927639178e-02,-1.132850995213767753e+00,-1.936709525890375705e+00,-5.527431069762442917e-01,1.767636531405582190e+00,-1.774319113233298273e+00,2.994230874495362293e+00,-2.288624782893054210e-01
1.805010662250819076e+00,-2.430062186308533434e+00,-2.023831251473322546e+00,1.601064731612618530e+00,1.524991801067704600e+00,5.766561422475193766e-01,2.471862382838265759e+00,-6.302041705287463103e+00,-3.658718051253841974e+00,2.750127620108403281e+00
3.327186033351984040e+00,3.316748973490463825e+00,-2.586715386803783989e+00,5.928010392690561403e-01,1.885533961969799055e+00,3.282117394122262333e+00,1.343715518676612319e+00,3.171527266331137795e+00,-4.315717353008458268e+00,2.232862960094232907e+00
4.038817807344416089e+00,2.531732787345337243e+00,-2.803287407653729968e+00,6.781765944533040269e-01,3.831311541746392102e+00,7.789354393934768694e-01,-2.890725091394640067e+00,8.075803609411540407e+00,-3.895415946918224570e+00,2.811757357100316046e+00
-4.309974036837368239e+00,-1.424983495128114619e+00,1.394485191124093859e+00,6.373868003286542461e-01,-2.223821504407148097e+00,1.750182652811600903e+00,-1.990750776530343824e+00,-4.536453560152862607e+00,2.938210854055552934e-01,-6.493520579349122412e-01
-4.379291136969420073e+00,-1.221075146935422406e+00,1.745255419220224979e+00,3.334461273095463696e-01,-2.311710882699677505e+00,1.718951144866885272e+00,-1.659200848910920900e+00,-4.269659849390431638e+00,7.841668040153245700e-01,-8.091508989229111437e-01
-1.879918519397711041e+00,-7.533635369959563732e-01,-1.395455718485613783e+00,-9.169741757202887200e-02,-3.708708941712597351e-01,-3.367969879036289083e+00,-3.189074011996568814e-01,-4.750050803141048661e+00,3.301115216393347707e-01,1.997898189647148826e+00
-4.434397384618824489e+00,-1.479800550400636183e+00,3.284839692779295106e+00,1.238753247487464293e+00,-2.424159255944503766e+00,-2.523463370083976809e+00,-7.592161587091861286e-01,-5.268540482333927244e+00,5.137874863865406816e+00,-9.505435841821704424e-01
4.947064329901243340e+00,-2.694763326590121633e+00,-2.064589957259352015e+00,4.635133415972436666e-01,2.831700674263249784e+00,-1.288935749165088129e+00,-1.999402457536718636e+00,3.686354423353532805e-01,-1.608345345611928323e+00,2.342980825636250319e+00
-4.416293839494469964e+00,1.719996773108543486e+00,2.613216065249902798e+00,2.654826740759475889e+00,-2.388018077817737783e+00,-2.509330908770043500e+00,2.802268955040820408e+00,-4.384549953413124257e+00,4.239125616322567680e+00,-9.087800377747627945e-01
3.373896730213699513e+00,1.583434035804161866e+00,-2.843811611518650029e+00,4.792181151096550629e-01,2.007646278157511954e+00,-5.217531575021165935e-01,-1.267845789140562562e+00,4.176094541694223672e+00,-2.859068141460347157e+00,2.895997881343173930e+00
5.223235916575543314e+00,1.892882511543845681e+00,-2.743326061509261837e+00,3.379998784516888399e+00,2.475414772509338057e+00,2.670316626217041467e+00,-1.781423415881701722e+00,4.709596562024406907e+00,-4.281603447179073818e+00,2.542364712972058349e+00
6.065069413251978903e-01,1.390425587295163190e+00,-1.916858761228498853e+00,-1.302250793427521813e+00,1.415163480190408052e+00,1.068921876252642456e+00,-3.212526628746039670e+00,7.217253223947837526e+00,-3.753845005592878703e+00,2.246654229209404274e+00
-4.216089474458351916e+00,1.398420305252001228e+00,3.557560385384732626e-01,1.205103650668317705e-01,-2.088416036014820953e+00,3.981020078446313448e-01,2.896859213690438750e+00,-3.933324186013785528e+00,1.153084531880455010e+00,-3.924472859731509278e-01
4.415819332913269335e+00,1.308654495815488872e+00,-2.449019212650084043e+00,-1.299300243822700374e+00,3.838617371758928698e+00,1.323826997296480457e+00,2.145641186754149388e+00,6.278419756892373194e+00,-4.018279027216656196e+00,3.829074101418511233e+00
4.542559195466198574e+00,2.376963000439230811e+00,-2.273367517152908857e+00,1.296187370580647702e+00,2.144929810371202006e+00,6.677094855784702077e-01,-1.392006792363181589e+00,4.377856798473485966e+00,-3.729906993799125825e+00,3.054825543420327527e+00
-4.420842070651715083e+00,-2.728317410227573347e+00,2.710876221943517628e+00,-2.074636626690808505e+00,-2.389153860012991348e+00,2.654234840321438860e+00,3.997051472461139454e-01,-4.273417074215211997e+00,5.606281237776196136e-01,-9.081926271849662946e-01
-3.167132402045200745e+00,2.839754326280489849e+00,-6.298263145781115568e-01,8.713422459131798803e-01,-1.427778159690754833e+00,3.823993734938375688e-01,2.388788624884567113e+00,-3.157390481187135833e+00,3.098670128392063683e-01,9.054492161787840443e-01
-4.433896026156110004e+00,-6.577917991685615640e-01,3.290627776523941783e+00,-1.923967088271402837e+00,-2.423788154994622968e+00,-1.589616234864909439e+00,1.644390039554981975e+00,-4.351316393201927646e+00,4.420898172367907719e+00,-9.461155157483529532e-01
-4.421026333402662267e+00,-5.453340542259046408e-01,2.755114764172298614e+00,3.155698560742661307e+00,-2.395641406157869913e+00,-2.332365115492867513e+00,2.798087075107655863e+00,-8.644571028886652186e+00,3.697836588374320943e+00,-9.110253456530367222e-01
4.601439623136602819e+00,-2.638983352897863455e+00,-2.203471402224411069e+00,1.757404436242779866e+00,1.869969711178195881e+00,2.366679587758085290e+00,-1.454802656741332800e+00,1.754081392412538909e+00,-4.170435991718694169e+00,2.278971218037110891e+00
-4.290968844020877526e+00,2.748266985905249982e+00,1.185775139644583476e+00,1.820326755026635546e-01,-2.227017112834392520e+00,-2.065262974684734854e+00,-1.732448740531421727e+00,1.967715193220506587e+00,4.189194144806311471e+00,-6.935772367034650498e-01
3.836916387706995835e+00,-1.075840739206625152e+00,-2.823672771825485484e+00,-3.083652802415969063e+00,2.343984798731517660e+00,4.032552453996802733e-01,-2.518990440433643840e-01,3.465477849857317771e+00,-3.638260604656655683e+00,2.606252471838951035e+00
-4.430147137771756505e+00,2.392954196265008271e+00,2.987673805298729945e+00,-8.912649489767074940e-01,-2.410308915618659231e+00,1.652536697293680135e+00,-1.546564223716454523e+00,2.110815293529356040e+00,4.325846335135770104e-01,-9.359099226129898863e-01
-4.426852295744099663e+00,1.310806971163413159e+00,2.872201017898929010e+00,3.489688506113460598e+00,-2.402595761849917633e+00,1.347108068944423920e+00,-3.478114675902593156e+00,-5.909123496103213524e-01,1.567482458775950382e+00,-9.269633962744976419e-01
-1.488006521589139597e+00,6.484833423179043876e-01,-1.215287732951641164e+00,-1.729353834983207161e+00,-6.784473681462098726e-01,-2.237173584430487416e+00,-1.975388576704400823e+00,3.077882613612184404e+00,3.225121916050485149e-01,1.990431751631793755e+00
-4.370144473651650152e+00,-1.608810751666536643e+00,1.633383994070928047e+00,-2.084721074001364194e+00,-2.296193439995362073e+00,2.842228393107291140e+00,-3.119780451521256381e+00,5.447374209470079442e-01,1.364525573496989885e+00,-7.920078986463731097e-01
-3.385689600797415544e+00,3.053643625156286845e+00,-6.937211155223157455e-01,1.483835750696539613e+00,-1.517141966827125987e+00,2.342714015506533798e+00,-2.319115281638792325e+00,8.759701144516998106e-01,-1.270529191490903931e-01,7.942446570992152122e-01
-4.167413251049246092e+00,3.357887028265228224e+00,8.066890632183421062e-02,1.084249343366257889e+00,-2.016061079067510864e+00,1.225713273453832741e+00,3.679118199912050358e-01,-2.104374662413211805e+00,1.873162024782245139e+00,-3.839237396579383010e-01
4.561183333703159093e+00,1.398456096911551150e+00,-3.412723550092006342e+00,-1.730588852865657667e+00,3.191879583940115062e+00,2.158626485003257045e+00,2.052518439234279235e+00,3.758839575167419955e+00,-4.242704896089225741e+00,3.222194402037632077e+00
4.010556977215159691e+00,2.588648224045162038e+00,-3.322407364594148760e+00,-2.683140441470266424e-02,2.283879012732093372e+00,2.699192854506794248e+00,-1.029337533138239280e-01,5.403881029088601906e+00,-4.284530110036631534e+00,2.360234607168146148e+00
-4.402462217556323054e+00,7.226827179889827590e-01,2.384500161384056405e+00,5.215824306843419578e-03,-2.372119923159278443e+00,5.139232527198256406e-01,-1.432814498707835504e+00,-6.698147904389006868e-01,7.997426068612312200e-01,-8.639708590173245106e-01
4.497906609689152901e+00,-4.878095154301913539e-01,-2.833815354265508457e+00,1.748218936827521830e+00,2.047002680224632609e+00,-3.102600022779843592e+00,2.965112872381194364e+00,-2.722531907714174970e+00,-5.535819134452104606e-01,2.279980197405664377e+00
-4.306249710830839739e+00,2.772546755726755130e+00,1.013999507054652582e+00,2.779374175393824586e+00,-2.192873607259699931e+00,1.729573278189242558e+00,3.325617772566951125e+00,-3.960499394874521961e+00,1.476789401636766863e+00,-6.250911215397105813e-01
-4.357390027101669006e+00,9.426890673077386040e-01,1.671312829530348765e+00,-2.165691272315217297e+00,-2.306466287097553636e+00,-1.972099185669248023e+00,-2.189507329811954506e+00,3.645620744647504186e+00,5.668695111076807791e+00,-7.746245539668003000e-01
-1.822438426953889579e+00,-3.259810489760219809e-01,-1.174423457299586193e+00,1.595670831060061801e+00,-1.004205348701920464e+00,-9.246181328699183410e-01,-2.376828922825972246e+00,-4.081413744866735804e+00,5.931048516117616298e-01,1.942243650421940249e+00
3.548109801719825374e+00,-2.617331891056043247e+00,-2.847287308909049131e+00,-1.404397064981301568e+00,2.234628661979518593e+00,1.312756061433226762e+00,-9.008748250571425586e-01,3.721077349644789756e+00,-3.987662691388888625e+00,3.298565423952525499e+00
-4.173026862700791817e+00,2.465033142881909001e+00,2.184762253794851894e-01,2.328381420490819309e-01,-2.049631072375019514e+00,-3.594935099714238191e-01,-2.291488601977690553e+00,5.240081468322700387e-01,1.324964449763078367e+00,-3.306401806405482313e-01
-4.338880209310196356e+00,3.467285304030198745e-01,1.154403984203558942e+00,-1.610298621677729081e+00,-2.251598267928839991e+00,1.449307805141431871e+00,1.781792395033487075e+00,-4.002342712564623817e+00,2.829424991439322690e-01,-7.083640440526671744e-01
5.067483091938391304e+00,1.998784274224592039e-01,-2.710881297093326481e+00,3.198078038759630815e-01,3.195496258555378333e+00,9.124045615248697061e-01,1.728144628779179293e+00,-2.875237389205294036e+00,-3.942288451666458915e+00,3.168027310851117662e+00
4.177581708390778914e+00,-2.678633793079318259e+00,-2.307496582486106895e+00,2.462646748418693576e+00,1.771755668060017941e+00,4.799307221548496649e-01,-3.439052094410944171e+00,6.477684631941740268e-01,-3.216107213275077203e+00,2.827762730411892189e+00
-4.199553939194646368e+00,3.088618865081782516e+00,2.391548576177506824e-01,-2.330439948591030319e+00,-2.058255042176980965e+00,2.492835804263442867e+00,6.636578407439746030e-01,1.306596511922388792e+00,4.675612810752781678e-01,-4.534110756208655779e-01
2.879087773830920405e+00,6.196432127526074751e-02,-1.871793822160185528e+00,-2.796530280594653473e+00,1.693007251411827951e+00,-2.985403093858069568e+00,-6.010591456925160614e-01,3.057397194242331029e+00,-4.092967379329203181e-01,2.349479405349732541e+00
-4.393676390529691389e+00,4.061585777154830268e-01,2.007783927977836669e+00,-3.424896701935589149e-01,-2.344379903121872388e+00,-9.353373103827018475e-01,1.544465030175488529e+00,-5.852824570322068709e+00,2.508870436533339632e+00,-8.527184119062658496e-01
-2.810444393510502348e+00,-7.456843862416731028e-01,-9.137701416186070347e-01,3.320050377133730635e+00,-1.328078693432673818e+00,1.765077128160452702e+00,2.582477682273291997e+00,-8.557298196298638970e+00,-5.361297705187841878e-01,1.217958082565558708e+00
-3.377474274872647175e+00,-3.245391460957990581e+00,-9.772107961920277752e-01,-8.162474397597918596e-01,-1.321301619533506333e+00,-2.259919671645582717e+00,1.266347007884307985e+00,-7.256480700296374486e+00,5.754394866281449694e+00,8.182667397528766706e-01
-3.974339954730715441e+00,1.945246219965566681e+00,1.389278869417451823e-01,-1.601216677698299673e+00,-1.940469884875043016e+00,1.463628974818780293e+00,9.050795709406331824e-01,-9.727867128995359991e-01,6.529741360450908028e-01,-4.333764101235135224e-02
-4.412677047192720359e+00,6.034260604369059422e-01,2.449949467764694688e+00,3.766111105254559277e-01,-2.374071088009002128e+00,1.897790122619314346e+00,2.823169703893425364e+00,-6.759677433325780527e+00,9.493131160309473682e-01,-8.854813865703430320e-01
-3.812922035409864741e+00,-3.351363727072065757e+00,-3.235860919433579674e-01,-3.171460460925532132e+00,-1.788530411348287164e+00,-7.831355700109003948e-01,1.177571192179049930e-01,-3.707907322059951660e+00,2.182055485825580288e+00,1.244705494304961246e-01
-4.320869192617725396e+00,1.931067769731797057e+00,1.597305156349540844e+00,-8.868869706961279853e-01,-2.291504578719000040e+00,6.573538105760556860e-01,-9.530902898949200619e-02,-1.013594531846735425e+00,1.356302166577471713e+00,-7.065888737305816569e-01
2.512109933612021173e+00,5.734213258440989947e-02,-3.017047995365901070e+00,-1.818669128238038724e+00,2.081342216954074509e+00,-3.234173546746732519e-01,1.656673947745571418e+00,-5.134085072514693593e-01,-2.950585004424959301e+00,2.181556192458339982e+00
-4.181332480248916461e+00,3.092246754389933017e+00,1.464840953683204106e-01,2.282308583726130990e+00,-2.041042347235716647e+00,-7.893994433016149337e-01,-3.481836680336574119e-01,-1.131586268733841827e-01,2.859512588659655297e+00,-4.087223064737020017e-01
3.464865990067409918e+00,-3.393995786817846749e+00,-2.689969985819066878e+00,1.317519218768522293e+00,2.078990502205027457e+00,-2.354851983566612184e+00,2.508754668322724868e+00,-3.547872242790250930e+00,2.531454505839654257e-01,2.456122691047895490e+00
-4.432369195077605184e+00,-2.513022202805222705e+00,3.237933948477824231e+00,1.545295002660317607e+00,-2.421426260874973035e+00,1.869868137711538481e+00,-1.895961883666834602e-01,-7.037768899098845843e+00,4.589031731871178188e-01,-9.403802457105248092e-01
-4.264879711314323529e+00,1.862796875666328233e+00,7.990361880917671300e-01,-2.801510899592565274e-01,-2.162307011758655584e+00,2.453234521394493051e+00,-1.629052037705047695e-01,-5.507668241981868995e-01,1.908241128466171999e+00,-5.275074845055851558e-01
-4.358730154092486764e+00,-2.471684056612298619e+00,1.345028631384710849e+00,4.958545233595748059e-01,-2.262541618956937395e+00,3.496371599821832987e+00,1.307633673801388952e+00,-8.074991605530446037e+00,1.118938829135476487e+00,-7.586574861632432443e-01
-4.405167377135273732e+00,-1.258272741259328864e+00,2.338782955845529976e+00,2.048027185114878357e+00,-2.366056742814077296e+00,4.824592496144748388e-01,3.467624930964193553e+00,-8.897465967306562362e+00,2.720255949895435066e+00,-8.705790324299268468e-01
-4.392318150396683052e+00,-2.131806558813118535e-01,2.026127220729468270e+00,1.426650606311282488e+00,-2.344694668919997227e+00,-3.511900451446519078e-01,-3.003463431962354324e+00,-2.544140459626800244e+00,1.832305629721500795e+00,-8.567322223386218960e-01
5.479326906249539775e+00,-1.854965991383616952e-01,-3.457281960812252919e+00,-1.305739070861390072e+00,2.077615233752700519e+00,-2.490318821962838491e+00,-6.891307486438522645e-01,3.334464211375300913e+00,-6.073474897994135535e-01,3.517703203976026316e+00
-1.980062247660060670e+00,2.092650511180848660e+00,-1.044527238190855911e+00,3.651579528814909992e-01,-1.278571080736152110e+00,-8.077578172276642654e-01,-3.169288942736199211e-01,-4.091979359040776032e-01,1.185306346755793161e+00,1.836290083386374672e+00
2.927746766250643340e+00,-2.815103526054911764e+00,-1.752609770577455706e+00,5.574350299785333362e-01,1.937993730355271005e+00,-2.448150975194380408e+00,-3.940716930005496721e-01,-2.815205740960148528e+00,-3.261931583551265224e-01,2.857302785059042449e+00
-4.430889406036325973e+00,2.310927974969510856e+00,3.146752960000703148e+00,3.376362166872119985e-01,-2.418220400183843655e+00,-3.603828276004223952e-01,-2.619999594134926113e+00,4.716363027026336807e-01,1.802342952039930335e+00,-9.417029532790840429e-01
5.687972348166409731e+00,8.304151711585063822e-01,-2.937069647107058756e+00,6.695660448974090073e-01,3.356152638034339830e+00,-5.225548355853071314e-01,-2.687367758582797084e+00,4.148969295480450015e+00,-2.856905432079137608e+00,2.942528016038707506e+00
-4.114339059213484084e+00,2.164345896561505000e+00,-1.208741627318379308e-01,-2.543389400644071596e+00,-1.925286553716125004e+00,9.731832871802232887e-01,1.784908860414481602e+00,2.029764709808943857e-01,3.621973231945363469e-01,-2.097330341665881726e-01
-4.428187566279819798e+00,-4.112194619945830354e-01,3.123638777970826119e+00,1.941748836225544395e+00,-2.416056746225023311e+00,1.075653082348782874e+00,-2.019329809513493501e+00,-3.859323955755087798e+00,1.566262363184957707e+00,-9.407886752282541565e-01
4.899100692803029844e+00,2.646169588601823719e+00,-2.684289600306809742e+00,9.020430311303115900e-01,2.554893271866506055e+00,-1.094130628184677434e+00,2.876023509488450536e+00,1.704777874818839134e+00,-1.927811897706122046e+00,2.731069694545148252e+00
-4.368703357668052512e+00,1.414530541709401845e+00,1.871744426482024437e+00,-7.102687961974343267e-01,-2.330231728382238021e+00,1.892019234057102928e+00,-8.206342372326069778e-02,-9.437510369970441015e-01,1.673462044854828745e+00,-8.096081336650503557e-01
-4.286907951906119507e+00,-2.537442348383145418e+00,6.934066774003735389e-01,5.049493674411564825e-02,-2.164499017199466024e+00,-2.419991253697240552e+00,5.261598505112230484e-02,-7.052068712750588553e+00,4.146653724869911350e+00,-6.204914288402548772e-01
-4.347499421846066525e+00,5.508198175006944197e-01,1.783349733074280685e+00,-3.128167740757807458e+00,-2.320867693628699158e+00,-3.293076616804632373e+00,2.743045137815250278e+00,-2.215999990659877739e+00,6.124126623821112503e+00,-7.374176609041610542e-01
-4.415701358635291562e+00,1.193587037640680748e+00,2.872391205480425924e+00,-1.044783436940459609e+00,-2.391554945799785337e+00,1.535229999910829868e-01,-4.430487425448070837e-02,1.147009394390821058e-01,1.485959842676498832e+00,-9.073140378884395618e-01
-4.422362900590766976e+00,-6.255627939840726626e-01,2.962524590581353756e+00,-1.289000792985262933e+00,-2.397149719760793385e+00,8.627410094348402225e-01,-1.867213457063518156e+00,-2.337108074365073396e+00,1.196190220936715676e+00,-9.190687991081191166e-01
-4.186348071667675086e+00,-2.826446351219343178e+00,4.871740083312747771e-01,-6.933292859274184927e-01,-2.078930806660349795e+00,2.749065103930170118e+00,2.252106309268878448e+00,-7.819341782081454362e+00,4.046634853007110566e-01,-4.537597614278415237e-01
2.438119227799932176e+00,-7.476595006517943176e-01,-2.591614079096180578e+00,-2.481430047830991636e+00,1.939678669184000670e+00,-1.775354280871529244e+00,-1.391793911949165796e+00,2.641417194055179163e+00,-1.259000166118806829e+00,2.343332977133903761e+00
-4.205158036160493218e+00,3.100071130621867788e+00,1.348296001397808475e-01,2.085272664578091018e+00,-2.047154169832696713e+00,-1.512980048594150695e+00,-1.814236269152467163e+00,-4.283192880430967686e-01,4.411787955339502076e+00,-3.647489226026542908e-01
-2.213121186097469995e+00,-2.268704430983494280e+00,-9.419141975010871803e-01,-1.819019964208127726e+00,-1.174136877074174024e+00,1.136426560587450396e+00,6.275477827839477385e-01,-4.549538705770716618e+00,-3.532019532293249053e-01,1.636525160867123407e+00
-4.048180186601461727e+00,2.894344795191601705e+00,-3.671317806601015477e-02,-1.163113519816124430e+00,-1.906869520841877552e+00,1.061359190371712558e+00,2.585022794952479330e+00,-8.788412304955270926e-01,2.535441955873028452e-01,-2.928016643015179943e-02
-3.919422813167475983e+00,-1.913631623759195710e+00,-2.092871534084572716e-01,-2.658164897118988179e+00,-1.738350851879312930e+00,1.236731669499479658e+00,1.586068744642092021e+00,-3.541687048800584936e+00,3.939438601813224916e-01,1.773439888903151629e-01
-2.345668840034966784e+00,-2.960457912145447512e+00,-1.238702547262775511e+00,6.698664126039659550e-01,-9.074622010110314774e-01,-1.301644480267365012e+00,2.325683235755670708e+00,-8.475795805970545160e+00,2.849706891441609602e-01,1.662330344381843794e+00
-4.411394876442730428e+00,-2.706355253672353189e+00,2.558379669717655958e+00,-1.742728977921085942e+00,-2.378621873059407754e+00,-2.252370270095875426e+00,2.931001656887293194e+00,-5.717459788292432954e+00,3.462148541338429197e+00,-8.958734871485398710e-01
3.637313407760150330e+00,-6.913340869822182100e-02,-2.279627745947241824e+00,-2.503861859649078259e+00,2.504053095204439305e+00,-1.936814415489857222e+00,1.181836574071915891e+00,6.083957028375693854e-01,-1.229879271646885597e+00,2.721099194500883556e+00
-3.050675615987620937e+00,-4.535131884697261029e-01,-8.265331416843251233e-01,7.912258214426390879e-01,-1.522598899859509247e+00,-1.288558587275028700e+00,-3.275246677550010865e+00,-2.352220514955803310e+00,2.231206285132351752e+00,9.989673508654650647e-01
-4.348954848623186820e+00,2.900467750711244186e+00,1.558996868441512973e+00,2.124942664589935859e+00,-2.299283849931182289e+00,-2.783150153107149194e+00,9.850765211915977204e-01,-3.599815757614664324e+00,4.698478159618272976e+00,-7.791949690834110154e-01
-4.406545673088307247e+00,-9.434831537475920626e-01,2.323465762068295248e+00,1.016064777947558007e+00,-2.360923882035873778e+00,1.488989381962812608e+00,3.636605063697979645e-01,-7.597030850351984554e+00,1.133613851549854612e+00,-8.774573961059082272e-01
-4.410135934109415956e+00,6.905454216637032516e-01,2.372262192052728480e+00,6.017235386100683314e-01,-2.371319810176628629e+00,1.197788695594715236e+00,3.369497726475363386e+00,-6.595889895397924363e+00,1.266678552761771437e+00,-8.778556299411020003e-01
4.289821330813295752e+00,8.913174432065709141e-01,-2.560270108298548841e+00,1.127425584126324765e+00,2.932510988462549761e+00,1.841294139016573794e-01,2.813889667149583218e+00,6.543061656432591633e-02,-3.525219112201425808e+00,2.788533201003097872e+00
3.685008877539659888e+00,1.031286898668120067e+00,-2.747395288643674327e+00,-3.022280640083856440e+00,1.970332474573180281e+00,3.021813860840315336e+00,3.476627259076215282e+00,8.228333837625292801e+00,-4.286094457119320467e+00,2.799699775821471448e+00
2.194475613662834945e+00,-1.020600694025725730e+00,-1.726113959579844259e+00,-2.388650996358959500e+00,1.466717733432042703e+00,4.908460437586001923e-01,9.349163022594968453e-01,-7.999378925185096634e-02,-3.593884416073028554e+00,3.024628252585837007e+00
8.018957940389723760e+00,-1.478786947825306619e+00,-2.505993801946063471e+00,1.294126047218312259e+00,2.717856107370705931e+00,1.536545206994711421e+00,7.113201173098868679e-01,-3.144975300048739264e+00,-4.007693527477422357e+00,3.308003672902325221e+00
3.322984642150374146e+00,-4.553970169080274744e-01,-2.405010967024553636e+00,-1.590631057637788892e+00,1.836333781749628358e+00,-1.781662316236269028e+00,3.453599074774921895e+00,-9.417771424881705711e-01,-1.306981381552659194e+00,2.458666292293768318e+00
-3.961605473899870500e+00,-9.378621530450237387e-01,-4.509454193521600374e-02,1.586749523956767050e+00,-1.830393831068533927e+00,-2.250480270545454076e+00,1.853696642723197563e+00,-8.318035384407655997e+00,3.874906102953052045e+00,-2.494643930656970793e-02
-3.901384427835807855e+00,-2.285525138888102603e+00,-3.197457415520226220e-01,-1.243263923493592937e+00,-1.822261286157773608e+00,2.499878838912551693e+00,8.407404635414801319e-01,-6.196930545579596661e+00,8.611058836247720283e-01,1.007486424869685898e-01
-4.404727133248022675e+00,3.021381021613055218e+00,2.468633665944438782e+00,-4.299367564092886340e-01,-2.364949878557233376e+00,6.222154656454241817e-01,2.555654851070220168e+00,-1.938983357804233032e+00,1.239318955355432461e+00,-8.742530689599562477e-01
-4.346305494482229470e+00,3.485244023118907464e+00,1.729669233460843891e+00,-9.440777285418429088e-01,-2.301827649698211964e+00,6.175847385073645057e-01,3.306859782417654436e+00,-2.106407263210853920e+00,1.348543093105261992e+00,-7.623958442272136260e-01
5.004880750335619410e+00,2.383832583959856422e+00,-2.246216490321062409e+00,2.531992171459737762e+00,1.963317463602997748e+00,8.914372968961750132e-01,1.448477440363825863e+00,3.006875029390007281e+00,-3.813971440174785510e+00,2.257136285187567815e+00
-4.286977041721795167e+00,-2.165230025023455518e+00,9.399562878012801548e-01,5.996316204521212612e-02,-2.160446432738975187e+00,1.038773011747371910e+00,-3.285056124046968229e+00,-3.725124242630310611e+00,1.000497632495072509e+00,-5.869413083132246634e-01
-4.310028416539297247e+00,3.111791480923065123e+00,9.279570542145219036e-01,2.808576999220862902e+00,-2.216153843790745093e+00,3.405661452622226193e-01,1.672871074317376028e+00,-3.658568876859524366e+00,2.184522236242922411e+00,-6.371314375201374558e-01
4.524784927059389616e+00,-9.679354169622129689e-01,-2.306576920400326358e+00,2.543783611462133720e+00,2.473626777772194085e+00,-3.002668761823017896e+00,-5.598992792571593213e-01,5.675839204379031777e-01,-7.693786537508683354e-01,2.924204891062525569e+00
3.306349467635709694e+00,3.035942454118197631e+00,-2.916208738438756054e+00,8.853327223619036346e-01,2.021422375084892753e+00,8.735073288230932320e-01,-2.201998926870888607e+00,4.134209088484913863e+00,-3.814331259118293183e+00,3.014026482997846479e+00
-4.165890277709769052e+00,-7.515153887113164011e-01,-6.514971403448432952e-02,8.652265582529823362e-01,-1.964284959321245916e+00,2.108058318465869441e+00,-3.629625647199707927e-01,-6.279972336738365080e+00,1.929390473001055151e+00,-2.873299876149069121e-01
-4.432180542188556949e+00,-7.871021995119495962e-01,3.169498869708745836e+00,-2.318422541238847501e+00,-2.418747230189358888e+00,1.132109199763458918e+00,2.510483491790317601e+00,-4.542785333008382054e+00,1.612805921155795463e+00,-9.441353910465879462e-01
-4.359268237605162355e+00,2.907964881281112746e+00,1.376684071863235381e+00,-2.339067203315664756e+00,-2.266838730056648821e+00,-1.564151442728149988e+00,-2.928437218621856353e+00,3.811148219645167146e+00,3.796617735815280170e+00,-7.684875791906881082e-01
-4.120162916417453580e+00,2.702139561883749153e+00,1.829417786385523215e-01,1.516660899538839757e+00,-2.019349569286954083e+00,-8.438556133793118086e-01,-2.913314527711303725e-01,-9.204849088203217455e-01,4.227526413090232360e+00,-2.905913768495060889e-01
3.663823128082745129e+00,-3.096536897977881342e+00,-2.830853006751163026e+00,8.874334099440961410e-01,2.536361985783472051e+00,-1.157286243642381418e+00,-3.413228849449910562e+00,-5.695038457646609542e-01,-1.158515300818486971e+00,2.870027967114718859e+00
-2.778921420482792559e+00,-1.021534567523117332e+00,-8.587395833498669973e-01,-5.703146414132209685e-01,-1.398215599863096070e+00,2.707409889733540354e+00,-4.619608528968326411e-01,-4.806316843875215739e+00,-6.348654772070394525e-02,1.297398396841094037e+00
-4.364781705945191881e+00,-2.571478657361724540e+00,1.946949814030267234e+00,3.410973790198096545e+00,-2.291579680951027154e+00,-3.170134157511097062e+00,-8.997747122313106694e-01,-5.971403054990547687e+00,4.298597936974288380e+00,-7.737996305051615398e-01
-4.346482143994460756e+00,1.084478478894475018e+00,1.208893929728569461e+00,-8.041119330449961744e-01,-2.243184612740741990e+00,-1.471998939564588049e+00,2.929542076341482115e+00,-4.115166878325283051e+00,3.059357728594779058e+00,-7.223793656073302927e-01
-4.364128188070993453e+00,4.015717685389654790e-01,1.857128281594998320e+00,-6.505410922523005013e-01,-2.329340984837056094e+00,2.551987718866839394e+00,6.553916356613882499e-01,-4.831531611589605646e+00,4.090961595042458265e-01,-8.059009927894972281e-01
-4.420211678196849903e+00,2.243824729665673701e+00,2.863328496290624692e+00,-1.237723553786203912e+00,-2.398792681352214462e+00,-2.687593176530272743e+00,2.517555813290124789e+00,-1.515304621866287560e+00,6.508168443796791713e+00,-9.067574216905478490e-01
-4.439940416627068842e+00,3.915854049996241315e-01,3.477157002522242024e+00,-2.854265964571833791e-02,-2.434405587188878783e+00,9.330326271258995163e-01,-3.366818023885569389e+00,-2.483614121136155983e+00,1.167539861348414920e+00,-9.625164323597349414e-01
-4.215396154583783250e+00,-4.505233293354855562e-01,2.390427583058540861e-01,-2.173863242704702881e+00,-2.043313430453637558e+00,-1.468151473014768893e+00,-1.546895589585082220e-01,-1.961063827667358650e+00,3.807485817369276049e+00,-3.959631564930787273e-01
-4.394287384128098495e+00,-1.985074196911615685e+00,2.050174448551368656e+00,-2.606792954952217301e-01,-2.337483805923102675e+00,2.508945948093767697e+00,2.843729040101890426e+00,-8.130784928923077359e+00,9.348830165682507631e-02,-8.428587281759829519e-01
5.816385483136603085e+00,-2.900582369075862310e+00,-2.109403048720153162e+00,-1.046618181416457460e+00,1.994424687027323229e+00,2.927112229595053350e+00,-1.378164942712469365e+00,8.604728862284847235e-01,-4.282221737422409191e+00,2.473482745734098209e+00
-3.569444562376036689e+00,1.606185880649053210e+00,-4.676612984568775389e-01,-2.798095393771332429e+00,-1.671009378459950900e+00,2.064945515939947462e+00,-3.185624645699615343e+00,4.494930486384975943e+00,8.535530244148943346e-01,4.574936861715110381e-01
3.938172373028374196e+00,2.579715174879892992e+00,-2.737786850533509675e+00,3.252789091493953677e+00,2.244973232574026145e+00,2.995801712483685542e+00,2.153378086038068240e+00,3.249118707534168760e+00,-4.324142959458110447e+00,2.661413225643967539e+00
2.909006805476914703e+00,-8.741396130470970860e-01,-3.230108034632654945e+00,-4.676206944982235214e-01,2.223542969027954896e+00,3.401956298828136660e+00,-3.312146309438964042e+00,1.129239280701951342e+00,-4.385369741322332260e+00,2.506357298042785064e+00
-4.414461528564305404e+00,-1.443959877982567974e+00,2.566485171341493121e+00,-3.294104323492933695e+00,-2.375369038965361224e+00,-9.152555300200453381e-01,-2.498542405283323831e+00,4.460517901959368814e-01,2.803244898293579368e+00,-8.937875494649107910e-01
2.090676188599414065e+00,1.302102383846831302e+00,-1.928619198822833836e+00,-1.536559295473518105e+00,1.425163168527197488e+00,1.075006590730854583e+00,2.392965768288628503e+00,1.243624271766879508e+00,-3.784807039711877152e+00,2.113619865002416276e+00
4.758949038555397415e+00,-1.879648978453896557e+00,-2.490976567834943811e+00,6.053863888121968628e-01,3.759882511037393016e+00,5.455058667250556326e-01,-2.513238566102412808e+00,2.350284474674201096e+00,-3.631776688998863190e+00,2.391074868998828151e+00
-4.381980113022581058e+00,-1.214530032677151539e+00,1.999907979463356078e+00,-2.380550976716218070e+00,-2.319574240802779741e+00,1.312353286523038065e+00,-8.683118611341194004e-01,-1.727350428908437818e+00,5.045560540976080643e-01,-8.175782688690486077e-01
2.896461094578680395e+00,2.220216227536679909e+00,-2.928422480628864122e+00,4.603495207563925717e-01,1.983696751897720212e+00,3.476709872796847733e+00,-1.437017701145013593e+00,6.005057203159833712e+00,-4.363585760285072723e+00,2.719845556667985331e+00
-4.353255499441925025e+00,5.769367908852069959e-01,1.456618144429464579e+00,3.561005430624128998e-01,-2.288196389317262991e+00,3.485238972069223173e+00,1.855018057621464322e+00,-5.882169492505440189e+00,4.079903756978083829e-01,-7.815725732604237308e-01
4.869769149075190207e+00,6.029925661586501562e-01,-2.451593525500789905e+00,2.313155893404010399e+00,3.750726190447418062e+00,-1.929606769797271415e+00,-5.718655223375721519e-01,1.545158573076149011e+00,-7.244250197198248697e-01,3.410419730025044061e+00
-4.418762732436536389e+00,-1.776415840990395179e+00,2.706755813566036117e+00,1.196474855603421261e+00,-2.391739611411785482e+00,2.277927920901261061e+00,-2.298360781278878662e-01,-6.806606621026849879e+00,4.147445911602300472e-01,-9.043643397765471770e-01
-4.230808236051754712e+00,2.807565598204059043e+00,2.775913280794517490e-01,1.884296128547726212e+00,-2.051299307883767575e+00,-3.291560774869662698e+00,1.877285923340020091e+00,-2.833998356739501290e+00,6.218825912794788913e+00,-4.172360308154425823e-01
6.078564692487722354e+00,-3.388385848265101696e+00,-3.399550778134075912e+00,-6.921606505565973677e-01,2.594252691017592927e+00,1.528873390134579680e+00,3.080677729719738522e+00,-2.587971988113622501e+00,-3.969324138171573590e+00,3.824721231492307361e+00
-3.748754797149740803e+00,-3.298472269324335127e+00,-4.213291445253446454e-01,8.583002988737842287e-01,-1.671762817451428962e+00,4.212426602047658619e-01,1.635109658819384748e+00,-8.392342359516709038e+00,1.362776989207864275e+00,3.878365348796784517e-01
-4.308018274042690443e+00,1.807556375201635035e+00,7.975944110727510861e-01,9.978868114852312843e-01,-2.171728233097602878e+00,1.981973389189035650e-01,-1.878100469872721945e+00,4.164700580400302332e-01,2.291123358797363174e+00,-6.327052774651399369e-01
3.838449262092214376e+00,4.894860434586312259e-01,-2.757588267566799978e+00,1.152510516930296269e+00,2.772379530002662129e+00,2.950228804533723270e-01,-1.338151949584476252e+00,1.665562490418606600e+00,-3.658154828028276295e+00,2.350882087761193784e+00
-4.382455366985881895e+00,-2.547474874445930126e+00,2.088420764059266688e+00,4.356041059277155902e-01,-2.331283782065137089e+00,-5.552972909796412004e-01,-2.678854718148984126e+00,-2.707037693177702486e+00,2.780353628076891681e+00,-8.129794873321835036e-01
-3.836240034794837328e+00,8.032989621331569907e-01,-4.204430871097843969e-01,-1.050669713653380910e+00,-1.752664161154037670e+00,1.037103550770033245e-01,-1.064737592094376684e+00,-4.556095039090866106e-01,1.537681901545119079e+00,1.746299539956216174e-01
4.472326428066129012e+00,-1.046237782228129909e+00,-2.311735357531008006e+00,2.576287667474952414e+00,2.445543778911173582e+00,-1.395926390588125621e+00,9.757204924820772618e-02,-3.329413365081799192e+00,-7.590630118846085628e-01,2.336084574722703699e+00
-4.416906635684720861e+00,-3.271781779302031179e+00,2.646835123935076695e+00,5.831693823299772816e-01,-2.377666089704947527e+00,-8.406113570206485974e-03,-1.845882054927035387e+00,-4.282618768237515638e+00,2.121202189525309478e+00,-9.000278878842850050e-01
-4.385638136493727579e+00,-1.660846503950770492e+00,1.775910550579528291e+00,9.867618968700178073e-01,-2.316162885591037224e+00,-3.046710323545038790e-01,7.369001743760925649e-01,-8.006219962170852966e+00,2.070037844264368321e+00,-8.157569708956161625e-01
-3.052387544557388921e-03,3.429076933356120627e+00,-1.604673880825151944e+00,-5.874757454254213584e-01,1.045280341066428420e+00,3.158896466269093928e+00,2.371826277935571881e+00,-1.528737367016515414e+00,-4.129156368583781322e+00,2.139282839823572591e+00
-4.086007511017740512e+00,2.296468313566409236e+00,4.240343278838274443e-01,-2.270719447517515199e-01,-2.016053844922242266e+00,-1.177522059347344552e+00,2.003679850418524921e+00,-2.459820750305222070e+00,4.386210705615262384e+00,-1.872945501934072110e-01
-4.313386180811390247e+00,-1.163807365344657452e+00,1.034802812684628925e+00,2.715945376518145160e+00,-2.238838643582334864e+00,1.212661323749105513e+00,9.357118978363399009e-01,-8.294030628344756906e+00,5.544730267122945921e-01,-7.110065150588209537e-01
-4.343129389363404869e+00,-2.353956683462688382e+00,1.476424743975083942e+00,2.741418633118532178e+00,-2.258696575939518336e+00,7.116226713260287440e-02,2.156953924563178582e+00,-8.919614677848585416e+00,2.198449027711685932e+00,-7.375641891647707338e-01
-4.408962726353801820e+00,-1.598175476943531681e+00,2.424599153417898556e+00,-1.123475297662042127e+00,-2.371908091036748711e+00,-5.609689388318948033e-01,-3.394469372888088365e+00,-1.723712350892171452e+00,1.725347887784443923e+00,-8.786560390754002414e-01
4.332524756850386183e+00,-2.176804546176508204e+00,-2.847180586158810200e+00,1.831459386517968468e-01,3.809543776840807361e+00,3.090993313784474950e+00,-4.959216360055194173e-01,1.182253952583073087e+00,-4.454087182855174021e+00,2.484139606329726302e+00
-3.457997636530679042e+00,2.125134548890548203e+00,-6.184599294331456498e-01,-2.838014093715754527e+00,-1.609787161016994705e+00,1.695022025557875622e+00,1.414202585053625505e-01,5.775959424598504199e+00,5.824955622159707636e-01,5.301767741630875053e-01
-3.834491865890671924e+00,1.018239248853713974e-02,-6.668190907577171700e-01,3.187407051445861228e+00,-1.674971177985591586e+00,2.486051327293869129e+00,1.305720247696677383e+00,-7.736999654333008181e+00,2.093125579268051428e-01,2.857938921572569790e-01
-1.062919122414135886e+00,6.350722316996506578e-01,-1.632892507900499224e+00,2.033884389606295251e+00,6.053303567303516264e-01,-9.057759193430161559e-01,-3.487093464533943088e+00,-2.412545510352111400e+00,-1.170349098106333141e+00,2.243807976382210523e+00
-4.422170473162290172e+00,1.924597222556225340e+00,2.813561960670139861e+00,-2.773453901465907201e+00,-2.399824805835530039e+00,3.213255881930977331e+00,3.071177671831631706e+00,-1.108155525299045485e-01,9.296528807569622854e-01,-9.135349564512438292e-01
-4.346594990880068288e+00,-1.936403122041936431e+00,1.415375086775042313e+00,2.998786285626851011e+00,-2.272686341260594212e+00,1.123227493093546414e+00,-2.763575814837243794e+00,-4.531591495157979210e+00,2.345796463652392916e+00,-7.567788956412219159e-01
-2.386642977967024848e+00,4.292872340531426190e-01,-8.950941347544492110e-01,3.115192756264749008e+00,-1.306444659486291959e+00,-1.484895225648888761e+00,2.331193827265023444e+00,-7.539427659429160045e+00,4.429093263392413604e+00,1.676560090506355571e+00
-3.976229655879587543e+00,-2.742701992089698670e+00,2.554055706722646590e-02,1.991829590080976153e+00,-1.872454698607608714e+00,-1.304534365255369810e+00,-1.189507458652282246e+00,-5.362225054809158564e+00,2.317922910758281940e+00,-5.789956916647875929e-02
5.193966974315966656e-01,-1.396549421829197613e+00,-1.900690675673593955e+00,-5.882066353062525010e-01,1.248393057665295292e+00,8.325663789495596490e-02,2.382708531745846514e+00,-6.722545347222860457e+00,-3.178184482214555295e+00,2.549457746802330949e+00
-3.155008181785310839e+00,1.780705741832440125e+00,-1.096266220218720555e+00,-3.070465728730216615e+00,-1.220271958032512982e+00,-4.543054247433615522e-01,-2.444738416323410490e+00,5.085202798159324189e+00,4.055111467040745654e-01,1.087992899571221583e+00
-4.409188137454698619e+00,1.811257421834199022e+00,2.499372873360702130e+00,2.846514586105270084e+00,-2.380036117789003924e+00,8.747241414822708450e-01,-3.891375916460049211e-01,-1.653137760870332151e+00,1.039093932526137909e+00,-8.959732895311747214e-01
-1.743304465630594269e+00,4.795217152101898250e-01,-1.122710921629807679e+00,2.426249943991507507e+00,-9.943356653337940276e-01,1.417812430192561202e+00,-3.205710810259652543e+00,-3.298203369925913009e+00,-1.502902990110074111e+00,1.509175369335800099e+00
4.286862511475461268e+00,2.313510718952048073e+00,-2.140704772339277362e+00,7.346946444095774353e-01,2.390979499234390460e+00,3.074599689212486275e+00,3.072698390929788026e+00,1.996099384660157572e+00,-4.362262887330698113e+00,2.739364643583859227e+00
-4.433344355959963679e+00,-1.548687354471762756e+00,3.205883120936241504e+00,2.080398695258169894e+00,-2.419830940695059773e+00,-3.124947288725221206e+00,2.725187826109678468e+00,-8.816227465517750161e+00,3.763328886236785298e+00,-9.460585721336579601e-01
-4.398951151441178986e+00,1.885413676942762073e+00,2.223325613046771565e+00,-1.145467124217703692e+00,-2.359111335152905387e+00,-2.753268212705174189e+00,9.092458384191504095e-01,-1.667955041399673322e+00,5.986622451098495112e+00,-8.574210909216163357e-01
-3.905778612306271214e+00,1.283064217697167386e-01,-5.709342455061183763e-01,-2.490355204408932543e+00,-1.740217630783423397e+00,3.933138143015537658e-01,-1.259760695822982335e+00,3.595647544245368366e-01,8.960593150975882937e-01,2.101539644848537391e-01
2.241836415885718470e+00,-8.414762720069797197e-01,-2.163896528942630848e+00,2.717275632535398167e+00,1.809226033191823069e+00,-1.400355219599156875e+00,8.199891127223786214e-01,-4.212828702015599447e+00,-1.723491262322105921e+00,2.416393165034932178e+00
-4.346023530543207336e+00,-3.178824657539530918e+00,1.359936346821948305e+00,4.536887672947607086e-01,-2.272835314037824794e+00,1.364453947366980557e+00,1.417124588862570533e+00,-8.398608449181425684e+00,2.120196927902968653e+00,-7.114870504473531643e-01
-4.111048076817635177e+00,-2.836042228609624072e+00,1.126069971514485069e-01,1.257809508310137048e+00,-1.992087773510242021e+00,-8.415698485638776205e-01,-2.354312249295448911e+00,-4.601975712724542866e+00,4.139067196815088501e+00,-2.640328787183930936e-01
-4.163499538026965041e+00,1.337691725073557159e+00,3.359102704020830998e-01,-1.241981444016938774e+00,-2.019975746444306441e+00,-6.828456924650052606e-01,-2.678319881443262496e+00,1.337554025833087579e+00,1.526337405514187839e+00,-3.400075201441749573e-01
3.624309338000700986e+00,-2.420892384140241660e+00,-2.900912634094304998e+00,3.225350088295593665e+00,2.312549654865755588e+00,3.001072177367642979e-01,1.420225394573380484e+00,-4.662905268685330284e+00,-3.381884035798305987e+00,2.275419415933372935e+00
-4.434424253145110129e+00,-1.453553358646254345e+00,3.260693247259758287e+00,-3.393009371740375535e+00,-2.423802610256314605e+00,3.324762299798315723e+00,3.412138010302137481e+00,-3.634061907331433527e+00,4.428965665032660870e-01,-9.478240794350394349e-01
5.358260575703013728e+00,3.418097945900290924e+00,-3.160791412251359400e+00,-1.616045960129814496e+00,2.473219752815154493e+00,-1.766403996912790930e-02,-1.502466385859658971e+00,8.348211865902248618e+00,-3.242865806120578398e+00,2.828698943654491149e+00
-4.398230614918454684e+00,2.318367843111206916e+00,2.618283881552613934e+00,3.841218356513609322e-01,-2.365860422599843638e+00,2.154522823374436236e-01,3.395664526955517459e-01,-2.763346232514941381e+00,1.436413046086379541e+00,-8.573226277857390887e-01
-4.437281496090069943e+00,1.490965924468691917e+00,3.407718766683127676e+00,-2.197095613010475290e+00,-2.430511291371116656e+00,-1.150370029826551566e+00,4.751385449320286725e-01,1.806817068877619947e+00,3.483460675799056716e+00,-9.562537504198534988e-01
4.567880952193892341e+00,1.167823513917320533e+00,-2.553339120566733733e+00,-1.910416671967560154e+00,2.947315742756427159e+00,-2.716302898649080255e+00,-1.664204683696568488e+00,9.265952482924269873e+00,-6.103898912104541719e-01,2.335524236538773835e+00
3.629531433596385082e+00,-1.022627302832253893e+00,-2.708098938060310878e+00,1.009917946803824407e+00,2.728617833612002386e+00,-1.508483032174154248e+00,-9.147333427110004855e-01,-2.630265146911745511e-01,-3.851582462273066554e-01,2.783996688607556003e+00
-4.430197501714072672e+00,1.937507045139381212e+00,3.051688053500116737e+00,1.923293189092401434e+00,-2.413963670466184652e+00,7.457076128456412434e-01,1.523703548923808881e+00,-3.855530939898785370e+00,1.374389388402629031e+00,-9.375459491491114905e-01
-4.359999755447365288e+00,2.532058386302280972e+00,1.294054061869128525e+00,-8.763915194345601734e-01,-2.262679078935494026e+00,1.292526256193173850e+00,7.793759032904903350e-01,-5.604797017887914734e-01,1.942827833241050461e+00,-7.542990738896587777e-01
-4.193207734643617179e+00,-2.126672627047430986e+00,2.306447758674630144e-01,-1.823150923234071463e-01,-2.045769233982504876e+00,6.873744928197034199e-01,-8.657938152236699381e-01,-3.594715586870389945e+00,9.948701833073897438e-01,-3.322163887607887389e-01
3.521808506583195553e-01,3.295536805125811597e-01,-1.841015795943684363e+00,2.793599598961543862e+00,1.202609215198977122e+00,7.289729168702949735e-01,-2.741922097750864040e-01,-5.004287284331413233e+00,-3.657826957908667964e+00,2.799030993337987550e+00
-4.363240783956968016e+00,5.131222516638516140e-01,1.628893219344488941e+00,-2.114077741195314886e-01,-2.283914036795210656e+00,8.103010600527316143e-01,-1.003126007602194392e+00,-3.380962100651649926e+00,1.019229492762043554e+00,-7.773713701902497109e-01
-4.261245675430741287e+00,3.064117610068701758e-01,7.946969941670296578e-01,8.632137265649140190e-01,-2.166346358624802626e+00,7.488468124764207090e-01,-1.148622852495009283e+00,-3.287279443221205355e+00,5.611266347499976881e-01,-6.076763046436006732e-01
-4.030374488413572820e+00,1.240859720680873579e+00,-2.952894782335389046e-01,1.617337286050823941e-01,-1.871884617282246754e+00,1.933411312247421243e+00,-3.075762982507785903e+00,1.018148182543357150e+00,4.492009232421394493e-01,-2.856241485138939773e-02
3.748858580916992089e+00,-1.539906975297045122e+00,-2.109752246863652481e+00,-1.845440853285842397e+00,1.876389317778830890e+00,-4.680251044580963082e-01,-2.169937275409323796e+00,2.982525252991149678e+00,-2.940709337474802787e+00,2.274080721534471827e+00
-2.236406573325013358e+00,1.915975067866208192e+00,-1.190524506867510546e+00,7.477482529598136196e-01,-9.929541158378384358e-01,-3.090989281200747119e+00,-1.927725170152401191e+00,6.010563611392885086e-01,2.090018326429579076e+00,1.856966270788527940e+00
3.135034429842971093e+00,-2.337116871208215763e-01,-2.373617338588370984e+00,2.384474945598493711e+00,2.011705924351561148e+00,3.485915742943580753e+00,-2.140354784553325729e+00,-1.602559842423609826e-01,-4.340074957873029327e+00,2.850493156080320389e+00
-4.242150871290333747e+00,2.223207133365104227e+00,6.267808169835769050e-01,2.405571424440728912e+00,-2.133103989967992220e+00,8.197419505624754521e-01,3.019949147379016097e+00,-3.532359253325583648e+00,2.861817613982238218e+00,-4.478077530774435822e-01
-4.358671339615961315e+00,-2.821937955152424848e+00,1.472843594744426277e+00,1.685666289493537917e+00,-2.253985580826707746e+00,2.537642857779519368e+00,1.265103690408109216e-02,-7.557906753855879067e+00,1.263087889384637286e-01,-7.484655089892899849e-01
-4.429480754752256111e+00,-5.299457080168767931e-02,3.184127201402310092e+00,7.844361539387785243e-01,-2.416623424826997102e+00,2.109195114818380290e+00,1.294913588719205144e+00,-7.146281844312913023e+00,1.225192264910142770e+00,-9.423704214222758946e-01
-3.260373870759696313e+00,2.194149090021652704e+00,-8.544691816270293394e-01,2.535096754708436428e+00,-1.468437346979547975e+00,1.956696771194357254e+00,-3.207547043901056050e+00,4.295156925825575067e-01,4.822300388632811963e-01,9.456445521800433962e-01
-3.766092285135348217e+00,-3.015415020376326805e+00,-5.534638760106309618e-01,-4.362461712329719354e-01,-1.703989861554273899e+00,1.775750511873801507e+00,2.392863990941833663e+00,-7.775493303188716787e+00,4.360645098499321692e-01,2.995956550554180753e-01
-2.095088684178078253e+00,-2.197560448340603489e+00,-1.373398471604570847e+00,7.994197363419157654e-01,-4.425004092939675004e-01,-3.156618295058355894e+00,-1.549396640408569947e+00,-4.624261740153702505e+00,9.171451784149046160e-01,1.588766023123215465e+00
4.727940863733596899e+00,1.228431847682805333e+00,-2.562273889783795333e+00,2.221075660571264265e+00,3.868092775978035469e+00,1.784110761625403718e+00,-3.427969631561775810e+00,3.558464234051720076e+00,-4.191258700922724678e+00,3.812386426661810823e+00
6.295468382349509895e+00,7.764664594402912456e-01,-2.257133071365150734e+00,-7.592391999642202904e-01,2.376459346476327283e+00,1.848905970788254471e+00,8.938265525994273375e-01,-2.521910630706540313e-01,-4.140134223500242072e+00,2.764176077195895420e+00
3.063990278826785207e+00,-4.541413440400003942e-01,-2.312994801861331773e+00,1.162663342745488215e+00,2.165538480179555414e+00,4.323945840098435411e-01,-2.527998662758562887e+00,1.678176007535699066e+00,-3.678516726250885327e+00,2.185547780467866463e+00
2.396556887442094830e+00,-3.239939043159278942e+00,-2.079722520477400138e+00,1.142750150717610325e+00,1.825526238533991652e+00,1.571920663146602060e-01,-7.214579145667419091e-01,-2.014790767081964251e+00,-3.510828564973260235e+00,2.627793401324927114e+00
-4.430786284103625405e+00,3.340128287004234586e+00,3.107014360832581978e+00,-1.972804601038904426e+00,-2.411486951574179916e+00,2.030005852197438010e+00,-2.952883068291782820e-01,2.955102377835076233e+00,3.793879945883940064e-01,-9.385568012009787298e-01
-2.262516953333153946e+00,-4.105866522068168933e-02,-1.058220855134719418e+00,-2.930125224641201509e+00,-1.146110434875017070e+00,-2.282833290270468218e+00,3.454337790634963490e+00,-3.283599911559861084e+00,4.601136621797097703e+00,1.205842114537360121e+00
2.190798565196385717e+00,-3.266441537630439207e+00,-1.873166790415205396e+00,2.165133007866959503e-02,1.716835920047209640e+00,2.387076242017558414e+00,3.254857173527419434e+00,-5.334679156874866379e+00,-4.130943662198863997e+00,2.642528903296816889e+00
4.040899019147671467e+00,3.198701556505907817e+00,-3.297514558861067258e+00,-1.345045689428503444e+00,3.730907208204389924e+00,6.991791204279369509e-01,-1.714541230325395293e+00,6.311970542314732313e+00,-3.928874225461099101e+00,2.485550483667629429e+00
5.989194950043177812e+00,-3.041858619720156476e+00,-3.445674295812429566e+00,2.087087140224557658e+00,2.268748360210674164e+00,-1.510177019847592117e+00,-2.375210594243558404e+00,1.712977643000884731e+00,-1.575114141144013269e+00,2.409391732748422221e+00
4.914602359606591975e+00,2.251693988828191273e+00,-2.803931200994410844e+00,1.725877507183592563e+00,2.275987993283607125e+00,-2.652736020217836277e-01,1.889501088786843752e+00,9.979118843657615034e-01,-3.142112426718988161e+00,3.209354519194097755e+00
7.984726938349029357e-01,3.558660934025876799e-01,-1.799350733195841601e+00,3.383332493841898270e+00,1.232178650272688358e+00,-1.997106800060505005e+00,4.176360753388324021e-01,-6.077442844337516803e+00,-8.718871393755969201e-01,1.975795007806069759e+00
-3.675937116172087293e+00,-1.579687027168492186e+00,-3.588715001772349034e-01,1.847254316621866010e+00,-1.698292070555588840e+00,-9.740758813247842873e-01,-4.156298052543139221e-02,-7.394053712143467294e+00,1.800251351365369512e+00,3.641465498599689710e-01
-4.412051244282237050e+00,-2.391586026053539094e+00,2.544329753578376874e+00,-3.481959346816435374e+00,-2.370621516372926951e+00,2.055710989860600080e+00,5.637940564337000637e-01,-2.189269806842516708e+00,9.057077910413834365e-01,-8.896602388639406334e-01
-4.368332056778112538e+00,2.553017862530879256e+00,1.547358633943406225e+00,3.457519335640697911e+00,-2.269251492548574056e+00,-3.488431633656258857e+00,-3.192827365272004947e+00,-5.551216422868558986e-01,5.030801100087617606e+00,-7.735896893299444299e-01
-4.378773816478250147e+00,-2.519765175962942028e+00,1.926136394696686516e+00,1.790521670475319738e+00,-2.329833175019679015e+00,-2.574841316977805050e+00,1.016599516059869757e+00,-8.507150298333733929e+00,3.711934901458220359e+00,-8.205678610303381859e-01
4.335406605932833557e+00,-2.618354290302003839e+00,-2.093423321679321436e+00,7.768670095624621297e-01,1.646289244486913050e+00,-3.124974925334730536e+00,1.172588884151567257e+00,-3.816671154347484496e+00,-1.639840802964516175e-01,3.110978093947815992e+00
-4.163254842321202354e+00,-2.052960377970674877e+00,4.408883337793811918e-01,2.180494461058102296e+00,-2.067767401787529380e+00,-1.912002750990112965e+00,-3.094589437704549972e+00,-3.216904932853295929e+00,4.885617975216911546e+00,-4.112858908353446696e-01
-4.154202539900639479e+00,-9.887485227189172221e-01,-1.336771597926578181e-02,1.314409603733711407e+00,-2.012541316832063831e+00,2.835526579911377354e+00,1.089675706888486140e+00,-8.006435803122128547e+00,5.281725607277638623e-01,-3.218803909080898418e-01
-4.345593607356724952e+00,2.640048681660666752e+00,1.591476116451474354e+00,-3.411477118609058667e+00,-2.250709878133154707e+00,3.333207489306339255e+00,-1.222105576016057515e+00,4.196939497071102032e+00,3.725055147947661099e-02,-7.095429484053186187e-01
-1.118007042299795417e+00,-1.266996927648984528e+00,-1.626195258800354537e+00,-7.854819639538703768e-01,5.561991851015777311e-01,-2.784621722637715013e+00,6.924783032381629511e-01,-6.024247215766989072e+00,-1.767819744126554737e-01,2.215906896674254334e+00
-4.358963552862204160e+00,9.758209476944932348e-01,1.886476422985915669e+00,1.905357908694353952e+00,-2.296310630119099638e+00,2.180993255236751693e-01,-8.321443845923783833e-01,-1.664857565816070917e+00,9.908240251576528879e-01,-8.052833969002461956e-01
4.198826436877860502e+00,3.416220036034959939e+00,-3.373316149282524545e+00,1.284919836119459369e+00,2.141907540423169998e+00,-2.149066357951379125e-01,2.295555122537142445e+00,3.554465558950463677e-01,-2.683359410960883373e+00,3.611630975072371186e+00
1.856752217337011845e-01,1.009276767812256281e+00,-1.970400192879300239e+00,3.365811852104704904e+00,1.356019085454141404e+00,-1.206193629984363636e+00,-7.449626603418058046e-01,-1.844230000189011065e+00,-1.660457618463145879e+00,2.387986737449576680e+00
-4.366451023789540642e+00,-7.329403140031098829e-01,1.673487923940996325e+00,3.217942173661002769e+00,-2.291223167014952100e+00,2.877244780840859661e-01,2.779915573073576063e+00,-8.765003551196075549e+00,8.666109443436571524e-01,-7.895490261625573991e-01
-4.428648368716732620e+00,-2.476033086725664134e-01,3.046520406712383888e+00,-1.480294554046347244e+00,-2.408549016494229367e+00,-6.486630424746868684e-01,-2.564536384055752460e+00,-3.153096488049333956e-01,2.553965812605576424e+00,-9.338867579981834366e-01
-4.414386334779292653e+00,-1.813959422200760230e+00,2.845641375986911470e+00,-3.251060136225900621e+00,-2.380749647764746957e+00,3.031092125598489062e+00,1.673657113058687251e+00,-3.887631345054662901e+00,3.869052693095871576e-02,-8.961962335974812399e-01
-2.706713086122406464e-01,1.604484629014958585e+00,-1.516648888056068012e+00,-2.726791062424668510e+00,4.993993890921391010e-01,-2.462939745323667662e+00,-1.307341705391125153e-01,1.553607247371565858e+00,-2.251461262927607065e-01,2.948185814450908548e+00
-3.552695254083609644e+00,-3.354913516631485848e-01,-5.710581088003396921e-01,7.348128549700350121e-01,-1.739625624679935978e+00,-1.861769402641862303e+00,-1.828027340692084834e+00,-4.327838737970782113e+00,3.751421603371277058e+00,6.159718838730433577e-01
-4.295171045231765738e+00,3.480099833717638091e+00,1.113817249915235230e+00,3.873227042127056485e-01,-2.224071803740046427e+00,2.535783091874028727e+00,-2.653047178834314845e+00,2.601509210191815136e+00,4.137332350361745403e-01,-6.306843166800042422e-01
-4.390830248267373115e+00,3.739574763350450581e-02,1.871991191715649983e+00,-3.139692544291034615e+00,-2.329500265537672199e+00,1.155400134892841102e+00,-2.048376879362789449e+00,7.217228102417032609e-01,1.262715095383078800e+00,-8.374363434893429270e-01
5.213306234346198664e+00,9.488882267959573014e-01,-2.770690246625661768e+00,-5.800764257023387493e-01,2.123546978088990844e+00,-1.018487892877877776e+00,-1.769449148491730295e+00,5.107034342445132324e+00,-1.797598419423720895e+00,2.305908863263628650e+00
-4.407736188768669017e+00,-7.476518878692743897e-01,2.414022109946536432e+00,-1.079508344040431389e+00,-2.373592057814035261e+00,3.337985890252176624e+00,2.732213805760100200e+00,-6.725202740601969431e+00,1.340609181742817624e+00,-8.917807691248331725e-01
-3.584319408740940904e+00,2.294046074284841197e+00,-6.185878050538384798e-01,-2.379251772334125548e+00,-1.536693871860003391e+00,4.288344168257935962e-01,-3.028521748321434170e+00,4.743500593017976108e+00,7.813137323923936561e-01,6.900140590668151219e-01
-4.333285601482878668e+00,-1.304655971704388406e+00,1.283435038937412287e+00,1.576229812028562272e+00,-2.213085819085643280e+00,1.379044337959248523e+00,2.010357553410422327e-01,-6.869200953785198571e+00,1.406934738029975485e+00,-6.988494485257312760e-01
-4.320410629620145215e+00,2.095172761568573350e-01,7.619710198658298239e-01,3.443994803553151129e+00,-2.184738929023684051e+00,1.467112822080294698e+00,-6.114185088814849678e-01,-4.525127704449006139e+00,9.373505933019833369e-01,-6.541434892716362359e-01
4.193869353066138395e+00,2.723867949237743780e+00,-1.968330139350753072e+00,3.460838182314080136e+00,1.934702993801087123e+00,7.082727392691712254e-01,-2.249145440274258334e-02,1.846098384385503000e+00,-3.614029551260027340e+00,2.233847079460563823e+00
-2.021366891980133751e+00,-3.267069667702183544e+00,-1.465608526360240305e+00,2.762647517456567670e+00,-2.792439935853677779e-01,2.148089424455319474e-01,-3.321945353041558135e+00,-4.606674563632214614e+00,-2.775216281614852676e+00,1.652027566655125845e+00
-4.391319541974145757e+00,1.985748321001408634e+00,2.116580462381435268e+00,-1.444209808289154129e+00,-2.331562302079627003e+00,1.456321047352897580e+00,5.289177897643435600e-01,-3.235226536293822619e-03,3.197712757239561387e-01,-8.355129669742950016e-01
3.191302947129263767e+00,-5.357274259356090695e-01,-3.026057805066042050e+00,-2.607219148076970860e+00,2.134443973049923393e+00,-6.848462995647794926e-01,-2.818048616282696983e+00,7.599204375070310213e+00,-2.565927398459391107e+00,2.507879409488479983e+00
-3.900499897654190029e+00,7.342782942227259468e-01,-1.336379031023104957e-02,2.720318063589542312e+00,-1.897201713723162486e+00,-2.417002860380909279e+00,-3.482291551623756032e+00,-1.618616219371248999e+00,3.955899214336428660e+00,2.152324767379049097e-02
-4.400365752394947982e+00,1.531495757288455550e+00,2.143457988580998119e+00,6.973064971253615241e-01,-2.355680054210535168e+00,-1.973674431105160387e+00,-1.384553473054739303e+00,1.308866417848068453e+00,3.220664883902138786e+00,-8.513285005986717113e-01
-3.991899676479291781e+00,2.813674432657173874e-01,-1.584486932997268838e-01,1.195944220197908692e-01,-1.953659087685074125e+00,-8.984471265622318015e-02,3.290941678112727864e+00,-7.244938812635711045e+00,1.375485263480284326e+00,-8.063627975822731941e-02
5.154694901621543757e-01,-1.759064191386077614e+00,-1.872256232576334778e+00,5.894580981784072193e-01,1.376964359864222054e+00,-7.697115704879760045e-01,-3.153133722679109852e+00,-2.076920831594235572e+00,-2.484693183281219575e+00,2.499243302839895708e+00
-2.968582072733144894e+00,-2.398255837654265754e+00,-1.060080691224067451e+00,2.185284408699535774e+00,-1.219324469250350651e+00,2.032626845323988185e+00,-2.531777980543766127e+00,-4.165927543006164413e+00,-6.931335432215535164e-01,1.065745589692395523e+00
-4.239286365878179197e+00,3.051125935590994764e-01,5.184546103382077220e-01,3.007454874767779174e+00,-2.116490546514486759e+00,-2.664184857204946688e+00,-1.052016932597694687e+00,-4.804314732789556786e+00,3.967144393438779559e+00,-5.111853329045304983e-01
-3.726845115871787684e+00,1.333503536589669025e+00,-4.335632650787277775e-01,-3.336555708202868953e+00,-1.741278194866413775e+00,-3.156204537100298690e+00,3.302310863867990776e+00,1.108948966204781339e-01,6.084502744816456143e+00,4.314498547240913640e-01
2.854830398556808646e+00,2.942266908332216602e+00,-1.585939140978443351e+00,-3.401257571083898146e+00,1.734329537603262139e+00,-1.551982067778522545e+00,2.323343765787974746e+00,6.372518603571410978e+00,-1.463082439247128885e+00,2.432228322403247933e+00
2.151813688205068686e+00,3.019326958021901319e+00,-2.004057877928497877e+00,2.578040367530660681e+00,1.591752078877851861e+00,-4.086872037226534360e-01,3.286079533508289963e+00,-1.182102610056440017e+00,-2.966139122742677880e+00,2.517163930694556129e+00
3.602324572789131096e+00,-2.557761861414965310e+00,-3.450459905490874224e+00,-2.620336197069389250e+00,2.842447313770331885e+00,-1.930927984923279439e+00,-2.167254378544598126e+00,6.638225590845313384e+00,-8.234025581979355080e-01,2.957723949729776258e+00
5.203470566701232647e-01,2.503560424186665578e+00,-1.751213717030490447e+00,-1.830173180294654145e+00,1.134961604907017696e+00,-2.687152595958258949e+00,-3.146626485723279743e+00,3.632063809920503594e+00,6.926029092930823250e-01,2.553695971918103602e+00
-4.379074515614473917e+00,-3.289707546084508216e-01,1.719259108820183179e+00,-2.169453427497073150e+00,-2.311021453681235460e+00,1.163447496153387384e+00,-3.171667015313512472e+00,6.922119084223157248e-01,4.654199098744942198e-01,-8.047829228576581784e-01
3.496004843567681153e+00,-1.668331996948600349e+00,-2.886613634432465325e+00,-1.438267976106302637e+00,2.559549512075261379e+00,2.341860475483767523e+00,-1.008597950672811550e+00,1.961314298175976800e+00,-4.262414195513158255e+00,2.667467828208367475e+00
-4.232706712448862874e+00,3.343160903209607682e+00,6.821807009845226588e-01,3.499256096877833677e+00,-2.161424307434365311e+00,-1.452737693532899499e-01,1.841742371628008357e+00,-3.628221297283862778e+00,1.424813466375931315e+00,-6.303128191298821292e-01
-4.434357379232692686e+00,-1.903073209145996536e+00,3.235498676906994220e+00,-2.619944076385147369e+00,-2.422910367976418122e+00,2.716658763493720485e+00,-4.935034385663792378e-01,-1.784214889924121916e+00,7.826743397380182543e-01,-9.484529580557296002e-01
-3.948421874705148049e+00,-2.182065703730365236e+00,-1.406454541357291532e-01,-1.454173260851499450e+00,-1.900242149872123587e+00,9.913850507108659116e-01,3.354258646425773094e+00,-5.761767130350252231e+00,7.201350356195194147e-01,-5.066406101108061888e-02
-4.440378155419550055e+00,1.566982706688458293e+00,3.495818621769638312e+00,-9.005885027316331559e-01,-2.435392290510963953e+00,-1.486829110548183230e+00,2.058883098398434086e+00,-3.977361956525373721e-01,3.825967453766259574e+00,-9.635308424323362209e-01
-4.418083037990705897e+00,-1.237634572215053907e+00,2.796694151485333180e+00,2.048110338789940421e+00,-2.396021576823413657e+00,2.208955968008579518e+00,1.455570120294862768e+00,-8.471838713983888880e+00,3.035339937083457174e-01,-9.048814456633089698e-01
-3.107204422127526122e+00,2.660181970654403649e+00,-7.679725103885557402e-01,-2.449225375795247572e-01,-1.315372895360791050e+00,6.157622434759950636e-01,-3.099950888404904070e+00,2.104202440699109999e+00,1.534334646793928281e+00,1.021273070998439003e+00
-4.352459158719007348e+00,-3.262336700259517830e+00,1.508874591677344945e+00,-1.459011758794245939e+00,-2.276850775957326434e+00,2.528400525039302238e+00,-1.899726175036532183e+00,-2.038785553933519790e+00,1.062845689795596904e+00,-7.326198863696188335e-01
-1.518221220221451340e+00,-2.438796903083587431e+00,-1.472858615297343299e+00,-2.956488904462911016e+00,-2.009128742275466950e-01,-8.054082634482258030e-01,5.162347673456508801e-01,-2.965926457453169629e+00,-1.456888498629763884e+00,2.019078727919950023e+00
1.198835868758249656e+00,1.776076844460467541e+00,-1.733258853186299575e+00,2.340271879712138237e+00,1.289362027133423183e+00,1.803344167290859446e+00,-3.100667408453615881e+00,1.008890929647703993e+00,-4.017956282170587201e+00,3.191806291240681048e+00
-3.989671176263532182e+00,2.285663373138588028e+00,-1.547233252691686545e-01,3.159847701810978293e+00,-1.867346528597286115e+00,-1.669275899674254049e-01,-2.232801231727949087e+00,1.087124794213861767e-01,1.100508585505422632e+00,-3.437250721215454052e-02
-4.398458340547796830e+00,8.278783398645659375e-01,2.246541974326928148e+00,-8.401727026851388835e-01,-2.358709790719357713e+00,2.233985432995271303e-01,1.963971774147577953e+00,-4.296671593817217527e+00,1.227823468007162688e+00,-8.479868796104045314e-01
-4.422562643830709739e+00,-1.087027953492860632e-01,2.781928095259624811e+00,-1.061782319374087180e-01,-2.397826005616431111e+00,-1.297662571729883307e+00,-1.117741499344063971e+00,-4.473590413872311267e+00,2.937872968448576927e+00,-9.207460052402596240e-01
2.763616374615184945e+00,-1.262953334854642229e+00,-1.861664583199198475e+00,-2.435086508863244514e+00,1.763222060456836271e+00,1.426386207604704914e+00,-2.228723186192610228e+00,2.727483891804483029e+00,-3.926019876620494120e+00,2.311763703662839120e+00
-4.086976715919178105e+00,-2.511467610594479538e+00,3.682176114679704959e-01,-8.806319753756213231e-01,-2.004490680253800505e+00,2.772084120533900631e+00,1.769587180764398582e+00,-6.985041919655810894e+00,6.059054267758048340e-01,-2.905052761330205180e-01
-4.329565615934952483e+00,2.927418151728495843e+00,1.410520247073975497e+00,2.342153696002109875e+00,-2.247113917864911770e+00,-2.138890647871512396e+00,3.182279126041703599e+00,-4.204369237506663026e+00,4.754347876232856152e+00,-6.692521729185011425e-01
-4.438492550661035096e+00,-2.340637952926040377e+00,3.405911662628065883e+00,-1.995249426281834770e+00,-2.431189416257878655e+00,1.375783333478392656e+00,3.383346892675309192e+00,-4.935200320929086892e+00,3.395659377118726008e-01,-9.589651213061748392e-01
6.203906714764872099e+00,2.092775287851575072e+00,-3.324575308474990276e+00,3.022739251300632368e-01,3.618491338572344507e+00,-3.369715566152280850e+00,-5.532089623863916117e-01,3.468697991439966266e+00,2.233753867509638003e-01,3.171131758521329225e+00
3.422523084293178641e+00,1.037872690345362336e+00,-2.825537194711405409e+00,9.544257557553796900e-01,2.335332039215732181e+00,1.553896987845881483e+00,-1.065712759297985812e+00,6.215577411620481385e+00,-4.068707715397604119e+00,2.576788661388582202e+00
3.504292001791903033e+00,-2.665998165293791189e+00,-3.391098485649240324e+00,2.904915756162117724e+00,2.258040536967750977e+00,3.052408943391906604e+00,-2.185140103925451438e+00,4.487589359771058106e-01,-4.309043962454454757e+00,2.329987619867376569e+00
4.839253779755654961e+00,1.872431114558419374e+00,-2.721134832683365978e+00,-1.433301944335857669e+00,2.662303255051918782e+00,6.456050238075157210e-01,1.595554252156519581e+00,3.559196736582233456e+00,-3.820601513769748880e+00,3.595076529148110822e+00
-4.295115308606780147e+00,-3.054961425532376929e+00,7.107346661288671541e-01,-1.084926428728806069e+00,-2.177692342081888555e+00,7.503916952638656213e-01,-1.345042982732664427e+00,-3.202067903573975194e+00,1.071270239869759333e+00,-6.175647540253076384e-01
-4.074327399864479560e+00,6.047848265900590548e-01,-9.440945124103317099e-02,5.210182142626358370e-01,-1.937824683378950308e+00,-1.623862238741940578e+00,8.954498628355622714e-03,-5.307806365679135219e+00,3.758269182954576237e+00,-9.456213452188957924e-02
-4.176139873268722269e+00,-4.510818270871759239e-01,2.193458400825987198e-01,1.035329759732593224e+00,-2.040936859199104614e+00,-1.417419568002070918e+00,-4.490669308230303969e-01,-5.536986237503803032e+00,3.447926352692071372e+00,-4.080917803913708952e-01
-2.041064813495875985e+00,9.800071010946611594e-01,-1.336294888417389526e+00,-6.538407196846587333e-01,-6.160649738590413538e-01,-4.876742910709190859e-01,-1.983667005879712786e+00,1.619176162052789802e+00,-1.699142636611895130e+00,1.471608461072043017e+00
-4.368942147109395435e+00,-3.430783777213478825e+00,1.596479123502625441e+00,-1.782071099177300777e+00,-2.308543700101347351e+00,-3.115851680518094913e+00,3.341765121393796001e+00,-4.829253500189631509e+00,6.010732742470798584e+00,-7.947657914977988014e-01
2.322808912904191558e+00,-1.824254293847042518e+00,-2.206530247583577964e+00,-5.992239552160554261e-01,1.851174323251445930e+00,2.845946090753357360e+00,2.727814661707654409e+00,-3.945681891268452368e+00,-4.249535028059573172e+00,2.273963632094226028e+00
-4.042864112665728982e+00,2.374392539319980955e+00,-2.415256627928918931e-01,-9.276559188038913106e-01,-1.895618542374105875e+00,2.431963487528331136e+00,3.002866673777813133e-01,-1.335612872925441064e+00,5.579003129365928126e-02,-1.297749684791441316e-01
2.231562578031459632e-01,-1.350782789283879737e+00,-1.625716918381319820e+00,-1.972415942656879917e+00,9.106887911767209687e-01,-1.200653303998582722e+00,-2.725571549023311224e+00,-1.602249818826384509e-01,-1.452506875686172982e+00,2.692040953859540231e+00
3.111058629529184216e+00,-2.511438206717330868e+00,-2.850620256153662435e+00,6.149698335848752251e-01,2.321204752204407029e+00,-8.441833022340237136e-01,-1.821629627649579808e+00,-7.348670521097346864e-01,-2.241312932788459555e+00,2.287013824009234586e+00
-4.428159597109442736e+00,1.383303139830953654e+00,3.087989475076022394e+00,-1.265711606690735902e+00,-2.411319004994541881e+00,-2.232263114703375351e+00,-2.135382442071386500e+00,3.499475587690136447e+00,5.375591265128100815e+00,-9.384454485589752704e-01
4.165188024144097945e+00,1.802121958852994865e+00,-2.228426424646889892e+00,3.526333661586451562e-01,1.622988785473605144e+00,-2.490081420190364714e+00,2.766084151548328762e+00,4.008005523430130168e+00,-1.019593065632956597e-01,3.212614174975991332e+00
-4.330613248886037603e+00,-1.929121880983834192e+00,1.143816346664420003e+00,-2.397055681682456196e-01,-2.226876374899554811e+00,-9.650420619782034137e-01,-1.088380211662879571e+00,-4.488083200429016095e+00,3.353738557111054064e+00,-6.833561279550078860e-01
-4.273336784126324339e+00,2.420091320165061788e+00,5.175836541434408744e-01,-7.196782039855253998e-02,-2.126731144756978775e+00,2.886538452048134751e+00,3.437786254926767704e+00,-3.493952764430873437e+00,1.236615776138100697e+00,-5.481861097442648489e-01
-4.063245175308864532e+00,-3.763538581630143653e-03,-9.535838688145581443e-02,1.551165276037883345e+00,-1.948710069590776417e+00,-3.327806459313798371e+00,-1.305631768099315693e-01,-5.641872171338802922e+00,4.724020001525895296e+00,-8.991105684173503199e-02
3.520869786506207966e+00,-1.898187496028813648e+00,-2.408170285293586677e+00,1.070697875953871225e+00,2.588730642569013973e+00,-6.862396952851117504e-01,8.521619003827938243e-01,-3.325875574933721879e+00,-2.443606983491410034e+00,2.721811543043635151e+00
-4.393763684496700961e+00,2.527089832811592274e+00,1.989458712289254194e+00,3.307187245367610551e+00,-2.326779534772524638e+00,3.215529485256552356e+00,8.428143445789793020e-01,-3.441728139919704610e+00,1.049134270308425210e+00,-8.384735208874934953e-01
-4.404761994890503907e+00,-2.137730911332701655e+00,2.167823362306536161e+00,2.364011030674309843e+00,-2.354146174176433792e+00,1.861585839305375245e+00,-1.696368546863389559e+00,-4.692435876777789616e+00,7.203221762573992493e-01,-8.643234507358762420e-01
-4.433441998998188360e+00,-4.282794950412309731e-01,3.197783739544211912e+00,-3.476896021514304991e+00,-2.420955066020207269e+00,-2.237750274312935606e+00,-6.826751890320723604e-01,-2.981629547598567687e-01,3.878154587806865283e+00,-9.462578753420537447e-01
5.568779532908980201e+00,2.563803284781437597e+00,-3.444903149850439217e+00,-2.476141738445867269e-01,3.308770178494022218e+00,3.406560924836883331e+00,3.661360664694734979e-02,3.058673778265626808e+00,-4.470432817574283568e+00,3.344931088835073396e+00
-4.427773488996980866e+00,3.093193321431528808e-01,3.029598557700249550e+00,1.853725419709427058e+00,-2.406969149347181425e+00,2.469285245951551744e+00,2.785630685099027559e+00,-7.770419019237814418e+00,2.891534508866333564e-01,-9.328621113819582922e-01
-3.781067169279644258e+00,2.800117359599610722e+00,-5.799660005238638227e-01,-2.371058429191450045e+00,-1.652302556845537618e+00,-8.958105008703638461e-01,-2.540677075662044260e+00,8.563779699079919538e+00,2.418634167918922273e+00,3.682161117563738650e-01
-4.203802773172243157e+00,1.143911770932178662e+00,3.498145038742452861e-01,-1.333943806802028398e+00,-2.104419784319384590e+00,-8.630865387546591272e-01,2.821092499873554260e+00,-2.796791059146705560e+00,3.981291000772042565e+00,-5.021230383495126626e-01
4.410397490297587098e+00,-2.111387493135634230e+00,-2.436554335846308206e+00,-3.377749803850374377e+00,2.500633250598449653e+00,5.348517188494925634e-01,-1.017206246324033891e+00,7.270279289956611990e+00,-3.746279164739687584e+00,3.069877294591000894e+00
-4.426662283868538772e+00,-3.424152581672140983e+00,3.014347324126747552e+00,-4.097779313288807401e-02,-2.408352191163593226e+00,-2.581398755205377427e+00,2.926281010305529229e+00,-8.516807683731345335e+00,5.961731896515622964e+00,-9.285358595325987618e-01
-4.387489390354311958e+00,6.666499188440075940e-01,1.966283380257871194e+00,3.047590007347833918e+00,-2.338744255015381412e+00,-3.477573542366514836e+00,1.863877068307818519e+00,-6.847218232390890336e+00,4.247351251843483055e+00,-8.391853009415376485e-01
-4.375958545412938605e+00,6.968386499496714848e-01,1.948917226362770982e+00,-1.207738888439120473e-01,-2.325663945818039036e+00,-1.817567858813885939e+00,-9.478968493123360872e-01,-2.138620113967999892e+00,3.208192946915816357e+00,-7.882753245754580140e-01
4.324173828849737333e+00,-1.466018535058171590e+00,-3.041021715529796943e+00,1.854313193274086835e+00,2.879615680765395425e+00,7.960606466906892109e-01,9.534059717764229447e-01,-2.222880797717452950e+00,-3.803034221825198014e+00,2.622196789405663253e+00
-4.117198320546048507e+00,-4.127236753304934780e-01,2.571837881564462691e-01,-2.632391462758331357e+00,-2.059708195366061201e+00,1.677935864793035137e+00,-3.235487213670296125e+00,-3.948490359205956146e-01,3.100470479412142932e-01,-3.634558977170749272e-01
-4.436237289935850647e+00,-2.620216689662825615e+00,3.315599636860636856e+00,2.199651560536448613e+00,-2.426916509791196219e+00,-3.319240747789032220e+00,-1.535508434055162130e+00,-5.065492809978533906e+00,6.517730061369089611e+00,-9.524389187254665989e-01
-4.008232281201934200e+00,1.727085423729320723e+00,1.211758181514266397e-02,-2.232565863624237146e+00,-1.941558799786107237e+00,-4.696253368323559663e-01,-1.890199630436119271e+00,2.748520180214597097e+00,1.909215760540216911e+00,2.595974825094066185e-02
4.622574434848633729e+00,-3.907636309940434316e-01,-3.162191997174925717e+00,-1.771219616799060592e+00,3.096186100900426119e+00,-3.172139491546259737e+00,-2.846043439789444740e+00,3.736915552648270467e+00,2.224364798217375316e-01,3.681270153017672353e+00
5.931452026317602488e+00,3.251822667270833023e+00,-2.429752992386404742e+00,-2.720830588092739255e+00,3.370730446303772609e+00,-7.475615520096923206e-02,1.884698152881564504e+00,1.235376663921872975e+01,-3.313839219106750722e+00,2.707519896925483227e+00
6.210896134036412164e+00,2.207876860331036362e+00,-3.064861636691727398e+00,-7.376335209558875228e-01,2.996787442143699298e+00,-8.186148745451262698e-01,-8.518464943946599810e-01,5.831754434924428132e+00,-2.472198100751147098e+00,2.576420422044547465e+00
-4.285394916574730040e+00,2.873742032678680225e+00,6.677166854133211871e-01,-1.088233247228091560e+00,-2.177784522353682917e+00,3.195108193183147094e-01,-2.709242987967219296e+00,2.050883682901692318e+00,2.477658737637235209e+00,-5.650521681187185008e-01
3.739535331278236896e+00,8.953329490354224873e-01,-3.170716086692108249e+00,-5.537811790911986165e-01,2.067137835230867360e+00,-1.979156096921264929e+00,2.380207713168148942e+00,2.912560284863932036e-01,-6.555562454171527387e-01,2.291162946735643136e+00
-4.392334013141398152e+00,1.129851506213515044e-01,2.085763008885702874e+00,-1.104989517235560825e+00,-2.333013202408316999e+00,8.634203126148962681e-01,-4.090029617372161752e-01,-3.894945301875204269e+00,8.601414202125864383e-01,-8.343576422166658624e-01
-4.370544354200872839e+00,1.627059019508679150e+00,1.655211887671324433e+00,1.745767846656857358e+00,-2.279943168205452064e+00,1.743171917508037794e+00,3.444009215985149197e+00,-4.411984109226597006e+00,1.180288714472183642e+00,-7.697278237892450914e-01
-2.389332662450701417e+00,-2.800287043551466404e+00,-9.410463198382736927e-01,-2.036384784005145665e+00,-9.240289816454808625e-01,1.208422125375209433e+00,1.190012829295293173e+00,-4.626775254883467525e+00,-1.848098683899102479e+00,1.706658194581881727e+00
-3.666673373547073123e+00,-5.616668777323132744e-01,-5.712519236719373339e-01,3.443332231700974688e+00,-1.719167912799888676e+00,2.141353757585184425e+00,-6.973722676103388807e-01,-5.315660521831587104e+00,7.636521262719033754e-01,3.411341216779383845e-01
-4.334132844998785039e+00,3.086526084656052049e+00,1.461167983378127921e+00,-2.299987033869367536e+00,-2.279680342602833143e+00,1.560286302124445967e+00,1.191098029740642161e+00,4.645499671379051065e+00,1.360754773678128249e+00,-7.049337887759785648e-01
-1.306380241868497993e+00,4.978431425147049616e-01,-1.362165475157639083e+00,-3.010870580221141957e+00,-3.326478319438456177e-01,1.514168532438362469e+00,1.925683699403330174e+00,-2.589362525802929138e+00,-3.265659621222437359e+00,2.028872510148006736e+00
5.133405272563718924e+00,-1.938470291252143429e+00,-3.302353997373362660e+00,-7.899081913609284911e-01,3.074475495901667355e+00,1.862490281833666828e+00,-1.519779236464439354e+00,2.991608465368666980e+00,-4.163073778831283711e+00,2.415222767584527475e+00
5.426447891121205735e+00,1.235870572774093290e+00,-3.341799838370679510e+00,9.661599189952330136e-01,2.210483531276443703e+00,-2.000941249120842702e+00,-4.941472387092229468e-01,2.086008590606194701e+00,-1.099993722997849588e+00,2.339783014858962673e+00
-4.267562892459626056e+00,2.771939251814969474e+00,6.804892373445659004e-01,-4.033618609150386725e-01,-2.156298783299263278e+00,-1.743048332417221902e+00,1.251206184481979733e+00,-1.492598209665262576e+00,2.997907188430646741e+00,-5.364767172617659341e-01
-4.018453110811909923e+00,-2.989667435110649141e+00,-8.508109576136924090e-02,2.468182870231466985e+00,-1.883518671898363417e+00,-1.530101906180576066e+00,-1.757784960641959326e+00,-4.711727902451600336e+00,5.213321823084173801e+00,-2.309566462739856552e-02
-4.088206645282774332e+00,-3.486729315108128002e+00,1.351752432005532967e-01,-3.425034414164101371e+00,-1.953188271525403419e+00,-1.370153426325724677e+00,-2.570964906738340883e+00,3.765182485144322744e-01,2.827793622022715336e+00,-1.289109201536078608e-01
-3.588222981289799218e+00,-1.114522187196035574e+00,-7.041169749591054128e-01,1.816311618959419505e+00,-1.619189958699709608e+00,-2.633426461701072530e+00,-1.523123986359187665e+00,-4.840352372321130581e+00,4.195159923117605771e+00,4.387128931375868790e-01
-4.388673198022073230e+00,-2.762047558549399984e+00,1.894462322709653535e+00,-2.212557403802052125e+00,-2.330539142197659341e+00,2.932701023755774905e+00,9.801075152207623375e-01,-4.421605641286791233e+00,3.616303671470871839e-01,-8.473194323283594898e-01
-3.597315466917012650e+00,2.786477132773152121e+00,-5.277128353739124478e-01,-2.029624369423642438e+00,-1.597559297315201077e+00,2.541798931315625509e+00,1.136839737540800144e-01,2.945691037392124123e+00,-1.864732726851919542e-01,6.012727973363151124e-01
-3.011899367902377112e+00,1.206033897781782827e+00,-8.746204742399474874e-01,-2.948637002450706923e+00,-1.326981500796857283e+00,-2.669181465985838830e+00,1.583882847897364776e+00,2.094987595937849001e+00,2.593247978604699355e+00,8.335029007885483843e-01
-1.485834783396041914e+00,9.712500159527257537e-01,-1.535913751597591137e+00,2.751532378670781043e+00,1.389759587445285327e-01,3.102227991333484702e+00,1.667833977559289416e+00,-3.742041658488358458e+00,-3.843773303084582427e+00,2.324057574697032447e+00
-2.853340235398065250e+00,1.519287071201714134e+00,-9.595677923187477809e-01,-2.612223299483054095e+00,-1.348145911773606098e+00,-3.290065982684204027e+00,-2.124652378943890696e+00,5.058851634791457386e+00,3.347569432662153233e+00,1.306532033109973678e+00
-4.267249433271054215e+00,3.137749481640486948e+00,7.884593494625820043e-01,2.139551831576691043e+00,-2.197606718394892411e+00,-1.881314721102129051e+00,-1.417199641512332242e-01,-7.105468867335851257e-02,6.387335023555342772e+00,-6.340472435264535855e-01
-1.038664968760842910e-01,1.487382914917358967e-01,-1.591656762661268765e+00,3.693431230298438450e-01,1.190367011564806177e+00,-2.690275173855156687e+00,-3.019750863171781319e+00,-1.179987900929013733e+00,-2.530550917816760670e-01,1.948689016153287268e+00
-4.427716506672837227e+00,-2.677101604390740519e+00,2.944960157953084412e+00,-1.473123098785671381e-01,-2.405673866842469977e+00,-2.918795636637947943e+00,9.317216620858994602e-01,-7.832407405539353995e+00,4.136884466373364155e+00,-9.284744472864965292e-01
-2.120062103556271005e+00,9.337387195112683003e-01,-1.115045876610433417e+00,-3.024553362642858900e-01,-1.106721613841681773e+00,2.780889259335193486e+00,-2.381534339770010611e+00,3.865733533427730961e-01,-7.275225913685242629e-01,1.269796437214146589e+00
5.254359520168414122e+00,-2.329336913053700719e+00,-3.235955196246246945e+00,-4.677401194527854855e-01,2.176659424132976639e+00,-3.299962074747726071e+00,-3.157883862425853838e+00,1.867920588392437020e+00,-6.476496279200552042e-01,2.516991891237384316e+00
-4.435148657690177743e+00,2.730153941793223460e+00,3.294507171306267246e+00,1.259781877009931605e+00,-2.424691552744675072e+00,3.220151076354724751e+00,-1.639485324039030356e+00,1.617677826803447738e+00,1.541699269141783679e+00,-9.514758240259311162e-01
-4.403054672094916633e+00,3.249948334347035228e+00,2.182520080477619473e+00,-1.323728096249683350e+00,-2.347720267647714465e+00,1.308917533677214529e+00,-1.161370011769191635e+00,2.630200205611602726e+00,1.606446318920703220e+00,-8.627838294542894415e-01
-1.277052818757053121e+00,1.160779484385496829e+00,-1.674515011590088864e+00,1.991029561772323930e+00,6.232129895260191121e-01,-1.686125064663977824e+00,-3.382948214812003584e+00,2.217326730577237726e+00,-7.482326019810688900e-01,2.099594082143783069e+00
-4.428513315853463972e+00,1.382833975273307203e+00,3.175645746221167798e+00,1.238570634447891727e+00,-2.411640428302881389e+00,-2.591090382490969013e+00,2.321686630635939608e+00,-4.622902848249607288e+00,5.031391608476200261e+00,-9.318391164119171899e-01
3.779902771178475618e+00,-2.730064871894355427e-01,-3.492315915271291260e+00,8.657675549496808287e-01,2.309363811710120729e+00,1.418314895210248672e-01,-2.558718199024409223e+00,4.244134135095737337e-01,-3.482055041471827650e+00,2.256186635290638787e+00
-4.404716805392766332e+00,2.464242424763804173e+00,2.205555300473180935e+00,-4.834178627974865528e-01,-2.357260539319514958e+00,-3.300198398202454086e+00,2.090813170398509335e+00,-1.319233498053862919e+00,4.887477403650292374e+00,-8.750676943554989151e-01
-4.436256668565064842e+00,2.899873987134632181e+00,3.288311295382488453e+00,-5.395048957484140928e-01,-2.425303843393449288e+00,-2.424744432964945684e+00,1.403652174927767504e+00,-2.822170850638477724e+00,3.710672689088901244e+00,-9.525360633822161915e-01
6.530634260652037781e+00,9.018121450103899761e-01,-2.267892945308623620e+00,-3.195263620233593116e+00,2.696316894683839394e+00,-9.949977433494483492e-01,-2.188043717576391156e+00,7.521157593412528541e+00,-1.722027412855201556e+00,2.472545112021703240e+00
2.908057850192419469e+00,-1.799398665721566370e+00,-3.347120800442625388e+00,2.671405092127774772e+00,2.283541746467706357e+00,5.249965900256077234e-01,2.582349905431683190e+00,-4.063003675454074148e+00,-3.608592896712258025e+00,2.223838257477753100e+00
-1.666164866015605650e+00,1.585618683250328509e+00,-1.387306071471634983e+00,-2.027885748492241014e+00,-2.983003941331187070e-01,1.733236646639793044e+00,-2.851303506713480651e-01,1.175710203033421886e+00,-3.256582003532623837e+00,2.121167468631679931e+00
2.825805216203224113e+00,3.166442282367536443e+00,-2.274940773847283548e+00,-3.206344206467617308e+00,1.762488403922307878e+00,3.312544739298124874e+00,1.601139484616751041e+00,5.620495536590620844e+00,-4.300515841354080493e+00,2.412642929961759997e+00
-4.204312428907769572e+00,-3.062018043045754645e+00,3.770829506821575805e-01,-2.533457562114627137e+00,-2.076466869943514482e+00,1.627233096005847202e+00,3.719693571008546584e-01,-3.752714946750797864e+00,6.443858940322155782e-01,-5.045148077193478686e-01
-1.657752440537463734e+00,1.684845420690637141e-01,-1.288421269589290041e+00,1.766986309699182911e+00,-6.617977416201166196e-01,2.147277457535077261e+00,3.343437761213476023e+00,-7.855769546669065129e+00,-2.719389234504300479e+00,1.897307305251880738e+00
6.435769074906836806e+00,-2.005594978261660000e+00,-2.726551846581581007e+00,-2.123049059111155046e-01,2.724327468009080544e+00,-1.475885885561674549e+00,1.798737110183042276e+00,-2.664655964191197324e+00,-9.344631343469614881e-01,2.893771429466496237e+00
-4.357553056198145036e+00,-8.427066120138198002e-01,1.592466998231989450e+00,1.759793342332279131e+00,-2.271527389836449196e+00,-1.542158025593199699e+00,-7.933610038916238949e-02,-7.185597751551072498e+00,4.489077760990884514e+00,-7.591149569931828767e-01
-4.416612707358372525e+00,1.758708130129583047e+00,2.608380914868134504e+00,8.358972988402770810e-01,-2.388828086345374135e+00,3.403679319457788566e+00,-2.691785015657008895e+00,3.901653224043670765e-01,9.871347222195898663e-01,-9.056948438341644314e-01
-4.415388107499075510e+00,-2.915847468984397395e+00,2.566756434219213290e+00,2.262804037043593119e+00,-2.382473639091163609e+00,-2.655279286064248012e+00,3.398135712910506534e+00,-9.169215418748391855e+00,4.323699762552273285e+00,-8.986050901933119173e-01
3.943518969787795037e+00,1.828537046014007572e+00,-2.719975249761822589e+00,-1.973650260048056992e+00,1.986071464399483455e+00,-3.114587802825770524e+00,-2.626161398431610117e+00,8.467106506606464578e+00,-7.694392485924571590e-01,2.655186419142312904e+00
-3.576882404221177314e+00,3.292560261969370572e+00,-5.022624798423489523e-01,1.574708922164723468e+00,-1.637795684146629682e+00,2.469638664182058463e+00,-1.233920588643127481e+00,1.640728714744037697e+00,4.916925640471533354e-01,3.976219021319636338e-01
-2.320853558940596972e+00,-1.701558245243462109e+00,-1.155827506430799012e+00,-2.704376106596439566e+00,-8.623367179723825382e-01,-2.981849015119949708e+00,-1.576626942998550440e+00,6.921838315421025012e-01,1.262740039496506039e+00,1.588131259070021839e+00
-4.057229313313880148e+00,-8.719787111025434356e-02,-4.576252025541993618e-02,-2.400070669606475970e+00,-1.907198796671717655e+00,-1.358625154432798965e+00,1.370987369163479741e+00,-2.312976803304765738e+00,5.806121268871331509e+00,-1.124907967230908690e-01
4.191372845454798046e+00,-2.779908067262922611e+00,-2.565994664699958960e+00,-2.659867101516987020e+00,2.278061438936377137e+00,-5.870130727879501187e-01,-1.182168111995451909e-03,3.748518613485369411e+00,-2.819856490757082224e+00,2.299844176699556542e+00
-4.427100032722902867e+00,6.571538546466193509e-01,3.082086229171720149e+00,3.064608367410284195e-01,-2.413455184324088787e+00,1.688266292313428174e+00,-2.696065001873172218e+00,-1.806226557626238627e+00,3.009636443608574297e-01,-9.345676826500263212e-01
3.954300611645925390e+00,-1.621612743719802463e+00,-2.730666646324637625e+00,2.001247847732620322e+00,2.733924604857790541e+00,-2.113032811266590372e+00,2.697789884147034023e+00,-4.025165374170694754e+00,-2.841152718357030649e-01,2.373554121141580708e+00
-4.295586021988386349e+00,1.971570846491503382e+00,7.855967462888688857e-01,-2.613454519251714459e-01,-2.157704511093110789e+00,-2.653668449472366131e+00,-2.712681766663275429e+00,8.450070885119704833e-01,3.472658957420502901e+00,-6.098955263000832572e-01
-4.124497829236660529e+00,-1.324967275256413224e+00,1.479534718002293303e-01,-2.578290041199183591e+00,-1.983258919944002274e+00,2.840532909093422376e+00,3.227234361080810743e+00,-4.163380388809163613e+00,4.587254859940621543e-01,-2.081789049269776037e-01
3.756811510262107578e+00,1.110046607135097396e+00,-3.305772365395693413e+00,-2.180297079039291042e+00,2.328212112240021892e+00,2.074559865803116132e-01,-3.235884285073421740e+00,7.324951697091470315e+00,-3.457181871631336278e+00,2.883266684457717943e+00
-4.438481379359660473e+00,5.080710123730325378e-01,3.410084632311784603e+00,3.429273967051519989e+00,-2.431050713597956214e+00,-6.017543394125732803e-01,2.099090776208407227e+00,-7.298979539394363059e+00,1.845235871097006708e+00,-9.583443001443314735e-01
-3.610064081308559381e+00,1.908523124683520145e+00,-4.059291470017947212e-01,-2.396348400275533308e+00,-1.718356277549574873e+00,1.067856814673810106e+00,-1.234595298789643358e+00,2.680107001185539239e+00,7.726205641257291035e-01,4.647696751379102320e-01
-4.414340312880462136e+00,-2.053587906037001254e+00,2.641036583680839378e+00,2.444672327163088354e+00,-2.381345216661153952e+00,3.072972249556231716e-01,-2.899786668419985780e-01,-6.658979019701528834e+00,9.341740354485539299e-01,-8.974889818829143717e-01
3.437022932703994282e+00,-2.100648695705359170e+00,-2.997385509466776732e+00,2.769877844118973087e+00,1.985071540620505059e+00,1.506403402052099771e+00,1.998801212409315298e+00,-4.261827900755131182e+00,-4.032357848285144541e+00,2.963896278757152558e+00
-4.176007708768087134e+00,3.051947313022812303e+00,2.392019507659552957e-01,-7.159433360591909157e-01,-1.989329919274444691e+00,-1.535968036523621905e+00,-3.186058903447577251e-01,-8.147441564992505825e-01,4.464633927327331442e+00,-3.376479345587137804e-01
-1.260387923037101343e+00,-2.912411643701843467e+00,-1.549740953062198612e+00,3.488685782224474785e+00,4.320773065654145428e-01,2.267253720157355268e+00,-1.050515397349163216e+00,-5.615370159301064312e+00,-3.631156344293913207e+00,2.161143806775671639e+00
5.437727585119258578e+00,2.241379940445886731e+00,-2.203069448491644433e+00,1.761873527047399079e+00,3.557615800147185148e+00,2.579454566043955843e+00,8.925056700221114525e-01,1.090907628684741448e+00,-4.368071400552057781e+00,3.445028542729459797e+00
-4.142535791305804516e+00,-3.053741592511354686e+00,-8.938969706889565714e-02,-3.123576360322604550e+00,-1.979285271585629946e+00,3.170596923502425390e+00,-1.615275430715328975e+00,1.833137005680354203e-01,2.873771639274556589e-01,-3.102780987449845207e-01
-1.780090452631696740e+00,6.677594240912778645e-01,-1.356795365243869789e+00,2.043012304962535275e+00,-3.869900721414713529e-01,-1.497983870915717830e-01,1.545055195194677822e-02,-4.652610686716222688e+00,-2.063634695278818043e+00,1.955471190817887006e+00
-4.386888489193967011e+00,-1.054628439288562980e+00,2.036871951337523967e+00,3.068471283917777903e+00,-2.339520897034977676e+00,-8.019532662721475802e-01,-1.103433581596413582e+00,-4.848778205520289042e+00,3.410221129270523122e+00,-8.462705421410355866e-01
5.334625018067963076e+00,-1.425049774389264279e+00,-3.191417333231191922e+00,1.384695205388690731e+00,2.705775109532795319e+00,2.119080575907807074e+00,-1.918099575840281013e+00,1.736375518617163882e+00,-4.189702769443847785e+00,2.533909008992365486e+00
-4.361246083610329727e+00,1.134896436621188442e+00,1.603447156765597015e+00,1.911998493643681130e+00,-2.304830622735803303e+00,-4.126699074185871119e-01,1.909417811491312733e+00,-4.934266186848023317e+00,2.224717623098473318e+00,-7.904709597114280006e-01
2.719678149069174822e+00,1.055383469518253570e+00,-2.136205623180400082e+00,-3.331021698953480215e+00,1.561216374134615004e+00,-3.172753610293550963e+00,-4.001680387169992414e-01,7.207217824333989498e+00,-6.200681562281340486e-01,2.540901859706330868e+00
-4.378794796719134297e+00,-5.007201492448993818e-01,2.147404813760801723e+00,-3.391920511083057921e+00,-2.340720029864413299e+00,-3.499464326039162465e+00,-1.057964735318826399e+00,-2.372131824251745291e-01,5.442376788767241180e+00,-8.436768085320345278e-01
3.811067475352788669e+00,2.543068931853993853e+00,-2.891823032582052644e+00,3.138591745624147222e+00,2.979671155732557253e+00,3.008874937817839879e+00,-1.235997508366590836e+00,5.987442451932124321e+00,-4.390737263952729563e+00,3.227152683108847064e+00
-4.402361284661115093e+00,9.022293436893207286e-01,2.096185712674922819e+00,3.125797974005016577e+00,-2.347477571115720529e+00,-1.246582599620968956e+00,2.449222962723875519e+00,-5.499661485942418437e+00,3.100867548595543255e+00,-8.672063845342522503e-01
-4.379616974638655513e+00,2.047309956001551967e+00,1.911511219474706813e+00,9.093390102932312757e-01,-2.314264621465497829e+00,-1.953031232644504955e+00,-3.222312605628085080e+00,6.355020164454944220e-02,4.129931993920085809e+00,-8.181069506254291523e-01
-4.438879260937462767e+00,-1.369032646740708792e+00,3.437093351541688158e+00,1.052184614433735454e+00,-2.432533910015515222e+00,-1.451319395304549786e+00,-2.922280257663294911e+00,-3.993822853771708203e+00,3.793349108927450253e+00,-9.601837599251917821e-01
5.982015725210946933e+00,-1.266632332653399917e+00,-1.983863419328575128e+00,-1.074596348162034420e+00,2.248722612396055531e+00,-2.716443904687031896e+00,1.162610845343964527e+00,-8.315133980098428079e-01,-5.811085412305962983e-01,2.454453037639937385e+00
8.512421338223303380e+00,-2.972015496708055871e-01,-3.263592254064109799e+00,-4.501682590851086019e-02,4.221833097909374999e+00,-2.190798527532846762e-01,2.136416462147157524e+00,-1.925851491312864816e+00,-3.205124478912463992e+00,2.953733422896698713e+00
-4.420304341389973857e+00,-2.148390209995544531e+00,2.790022937397576897e+00,-2.644633087560891216e+00,-2.393227451818097595e+00,-2.814404734218908466e+00,-3.403458870938195435e+00,5.644020539759198041e-01,4.989375028824993841e+00,-9.111182063108679285e-01
-4.410413822682455631e+00,2.795497121904004345e+00,2.216422514569048374e+00,2.507306874416333820e+00,-2.360209576220550609e+00,-1.997282509931138428e+00,-1.011363400878215302e+00,6.180363330407907529e-01,4.672792338807558288e+00,-8.830939034354914341e-01
-4.406097227406977623e+00,-1.140602057797681645e-01,2.362821670003584451e+00,3.384778651052558374e+00,-2.362198283163920109e+00,-1.917210315463254044e+00,1.869558219085757145e+00,-8.089726275875515071e+00,4.699970735360214924e+00,-8.796335150649894352e-01
-4.309657560438116874e+00,-2.208987609485270287e+00,8.776229497749117314e-01,-2.478905960448959611e+00,-2.189102442392043990e+00,2.716553234871639688e+00,1.660194360009881187e-01,-3.487077017516615918e+00,1.580646481217297117e-01,-6.473369910862761811e-01
-3.003597395370316114e+00,2.475913470287304463e+00,-8.404392935983282520e-01,2.715642256376491481e+00,-1.512840719254788580e+00,-3.040372285351389703e+00,-3.063851715645847129e+00,6.547613105115763776e-01,3.497101709774326661e+00,9.886198788064289866e-01
-4.092610114903524554e+00,2.441287334614147042e+00,2.194634144646778751e-02,8.327435042935569243e-01,-1.946456775399607597e+00,-1.288281510625039594e+00,-2.231845838618938593e+00,1.103365917895280601e+00,2.932027225798447212e+00,-1.818055085551661954e-01
-4.018579520631407220e+00,2.999776645619322224e+00,2.074854169280238025e-02,9.622843982228124204e-01,-1.994357933076959855e+00,3.230480195703099078e+00,-1.193645912678205523e+00,-1.655096308986007125e-01,1.036038358634050471e-01,-1.562160058933237672e-01
-2.644172751023964540e+00,-1.599410629138367401e+00,-1.090579853005825939e+00,-2.302716056271892686e+00,-8.580457731573351010e-01,-2.177049117355860819e+00,-1.136665502070256739e+00,-7.739482824905750125e-01,3.192590992441558750e+00,1.308103826827785587e+00
-4.389086952871458891e+00,3.171259092225300336e+00,2.217050148368064022e+00,3.644783667602879973e-02,-2.341047164035964467e+00,9.488786128776096618e-01,-2.169044656409834460e+00,1.183332113784810735e+00,8.512781040008032818e-01,-8.461587903977262348e-01
-3.984928109582956068e+00,-1.496059041474318896e+00,2.650313678315630028e-02,1.249100399875459289e+00,-1.924241458589429854e+00,7.553503474474441148e-01,-2.166090680928746792e+00,-4.635096075280685568e+00,4.730142569680754749e-01,-3.915517799442302938e-02
-4.422390331170178435e+00,-2.014767697565259308e+00,2.879080608136164621e+00,-6.546161738481499626e-01,-2.402009150661959858e+00,1.998006361116200225e+00,9.592688460961760200e-01,-6.784947911989879898e+00,1.194022889008943711e+00,-9.189656001694255227e-01
-4.297717339884687959e+00,6.080060130674036500e-01,7.016418109184332508e-01,2.225262014244661302e+00,-2.168334561741320332e+00,-2.080288887413774379e+00,-2.319764450925837718e+00,-3.182676154457798390e+00,4.669369317619733728e+00,-5.898475528764981490e-01
4.237625679212231766e+00,3.037448055359996957e+00,-2.871189188248195467e+00,1.263853522479848834e+00,2.675954313702604281e+00,-3.000692304876671379e+00,-2.911881294144310850e+00,6.416959989281433963e+00,-8.520232028605656538e-02,2.390414995569619894e+00
-4.439048380178756581e+00,1.096055883161453082e+00,3.451151182817071117e+00,2.950527305715334947e+00,-2.432875296107051888e+00,4.894356447701668777e-01,2.525035893038974244e+00,-5.112799821435679348e+00,2.656284943566133983e+00,-9.607705550235063896e-01
-4.402177129559621704e+00,1.405113075141832368e+00,2.145319698135158326e+00,-2.780673741308147484e+00,-2.354523910203056403e+00,9.607637376794082584e-01,-2.444312779831259608e+00,3.072639315568707730e+00,9.650692364724846595e-01,-8.722389100222966984e-01
-4.435663462266343338e+00,2.889742648121767843e+00,3.234853179237629384e+00,-1.935985774875619292e-01,-2.423069715559799331e+00,1.695129594848099330e+00,-2.992745836434811402e+00,4.014672608211357074e-01,1.810069554064061004e+00,-9.505284906095183839e-01
1.641394053295735400e+00,-2.788145065942616796e+00,-1.651690662004175580e+00,9.750837951841280216e-01,1.449127698128964470e+00,3.040847407076576303e+00,2.696565103628740800e-01,-5.867018783810583393e+00,-4.222983996388769867e+00,2.349945427679424270e+00
-4.398223099530390812e+00,1.513174759018709459e+00,2.106346903956412220e+00,3.050947471119068943e+00,-2.345161679825657597e+00,1.041528168750517125e+00,5.915489531709550164e-02,-1.682918531759084235e+00,1.796636356964401271e+00,-8.590527725396499559e-01
-3.206030832721888046e+00,-9.152073472043111835e-01,-7.968992916706283403e-01,-2.986472793011687443e-01,-1.407838074763952063e+00,-2.899645470085768117e+00,-1.047924655261250670e+00,-4.340955808094579815e+00,5.471554123225494948e+00,8.092238954943622442e-01
-4.369294896749218893e+00,1.800880651460777138e+00,2.040776354951663762e+00,-1.398805490123097961e+00,-2.318991166066000531e+00,-1.240397029489264558e+00,-2.720226675250989601e-01,1.298696647804344906e-01,2.535068668991534047e+00,-7.868610867714344037e-01
4.437298591767143918e+00,2.205113163744033322e+00,-3.071632154611170673e+00,8.395641587390825222e-01,2.417010822968869377e+00,-2.694577874189953981e-01,-2.157961827307622649e+00,3.879276978068696202e+00,-3.221634737288344930e+00,2.649728406884781062e+00
-3.921740176008813972e+00,2.620071699181983682e+00,1.685200924006702294e-02,-7.198444553250826772e-02,-1.943833175635937049e+00,2.474145505584782967e+00,-6.759295566730649796e-02,-2.522210606611030581e-01,-1.253438835507558191e-01,-2.878923992312473756e-02
-4.250840708759877629e-01,-3.063571096452832876e-01,-1.839995160650731210e+00,-1.845524196632530423e+00,1.169346653997639818e+00,-3.384918405365716865e+00,-1.728219601130547289e+00,-1.180740093310613137e+00,3.514949807712086649e-02,2.033626479071942494e+00
-4.330460780156215606e+00,8.205167267590240954e-03,1.037055868992395880e+00,-2.926014835926238788e+00,-2.228485086658682945e+00,-3.236856846507609298e+00,-9.667870642443325835e-01,7.577438141273471484e-01,4.768617293546409286e+00,-7.124395410970408848e-01
-4.420697523801695894e+00,-1.751944350680497919e+00,2.852916765608702221e+00,-2.997054879891550172e+00,-2.402075177430843311e+00,2.360741872665004237e-01,2.920795308328731466e+00,-3.579894386377793225e+00,1.246280734847851734e+00,-9.243838485116948611e-01
9.835932331796592987e-02,1.641627012717290057e+00,-1.888155551268534627e+00,-2.986359353026946550e+00,1.218604718752287486e+00,1.147164975731951309e-01,1.952098854923539406e+00,4.448444258484730018e-01,-3.339361657635499192e+00,2.462453221328625208e+00
7.038165451331285460e+00,4.458668142123252132e-01,-2.510283830018988915e+00,-4.718142076827662734e-01,2.800612534805235754e+00,-3.004882013610544966e+00,2.665438224813060586e+00,-3.357704083204171575e-01,-3.706794605814262011e-01,3.333611047691077189e+00
-2.757171091252590411e+00,1.954821753001881213e+00,-1.163522888778971698e+00,-9.865829719131733455e-01,-9.484537021812169399e-01,4.077333383853667392e-01,-5.599598264231828715e-01,1.545907300327664657e-03,-1.143320725213502698e+00,1.316340991574997732e+00
3.874904655393493602e+00,2.169217413183166521e-01,-2.749224167115401851e+00,-4.358762154140904954e-02,2.212636428187592319e+00,-1.383041905121489279e-01,1.475448087176842726e-01,-4.048642927614369835e-01,-2.742462458645246848e+00,2.925994870374035717e+00
-4.022706958244111064e+00,-3.495814093190683369e+00,-1.277707921394295454e-01,-2.323861066189443214e-01,-1.873441851754388265e+00,2.149795922522300451e+00,-9.208742772112872288e-01,-4.759969899927365411e+00,9.934325572360813705e-01,-4.296830408571600257e-02
-4.439587967858279249e+00,-2.574439552948745824e+00,3.465438146274654407e+00,-3.224515119063529056e+00,-2.433689349829515791e+00,-2.632202422191364910e+00,1.000826255419601019e+00,-4.025001404485584189e+00,4.467287324922043723e+00,-9.613113977183823655e-01
-4.377102164652873384e+00,2.989213013998634594e+00,2.358648604727961562e+00,-2.672233207540952282e+00,-2.341965694273612009e+00,4.231442603188089180e-01,3.260464148078017210e+00,1.431942953793439388e+00,7.633097432491108281e-01,-8.406091339508532378e-01
6.599139614452920632e+00,-7.161757743199284043e-01,-3.361491807601694859e+00,-3.372726269354263451e+00,2.296632815761955548e+00,1.962166976583570310e+00,-5.144891303675809269e-01,4.137758011585944473e+00,-4.100749378138215384e+00,3.520760144525608037e+00
-4.405303772949075380e+00,-2.789852338056813430e+00,2.368327281860497457e+00,-2.153349355070891757e+00,-2.352756086913740941e+00,7.671027401252725753e-01,-1.752003267568700284e+00,-8.019349437681539960e-01,5.659153552747288041e-01,-8.711087453231479705e-01
4.679814088507090020e+00,-2.863460386813984737e+00,-3.359992592521610089e+00,1.848897994134937051e-01,2.449010552826811349e+00,-1.570555084119677591e+00,8.084370766400770236e-01,-3.358840605494645359e+00,-1.107670156166715936e+00,2.787064085998911089e+00
-3.285131280034419454e+00,5.437102339749033675e-01,-7.848243663148570803e-01,-3.187750835440530395e-01,-1.385635869310851476e+00,-2.773309213461071732e+00,1.028214861468299546e+00,-5.721642924691226817e+00,4.299080460846300689e+00,9.215232572311442549e-01
-4.342495310180832568e+00,-2.635197855733859562e-01,1.300006980773680709e+00,2.366961435561109717e+00,-2.263625068563199338e+00,2.695824979521320941e+00,-2.951206447998333982e+00,-3.806554777100111586e+00,1.104543827052189842e-01,-7.411417335181746946e-01
-4.298137849120190701e+00,3.421302798655684541e+00,9.045894168230281807e-01,-2.098449220998550580e-01,-2.215381133476750808e+00,-3.607686895376334135e-01,4.508032396329055835e-01,-1.505373915264725415e+00,1.738508181115989037e+00,-6.490965969584041595e-01
6.143747155633557000e+00,1.943868465053281369e+00,-2.539831184673127851e+00,-5.050471961250604380e-01,2.180979226787110203e+00,1.416916749114549567e-01,7.942385480778479945e-01,3.995527294566810106e+00,-3.488057065441562354e+00,3.529752271600572477e+00
5.274374447633922713e-01,1.155519111882787442e+00,-1.735634780455278525e+00,1.926439422441839966e+00,9.134983553779431054e-01,-2.893280261370494433e+00,2.422240083496872920e+00,-3.901803571689598460e+00,-1.196886056645509733e-01,3.323913418528343211e+00
-1.448075588073020947e+00,9.490182293438849115e-01,-1.400641227405508449e+00,1.044198510824116966e-01,-4.609727925583725350e-01,-3.646658130465034731e-01,3.126043460769167837e-01,-3.368471717651016384e+00,-1.617461946216313118e+00,1.993533330300194750e+00
-2.458867403056956835e+00,-5.599113491237597273e-01,-1.171776799026453375e+00,-6.299146236440349433e-01,-9.738697875232256163e-01,-1.939791568088622409e+00,-2.579684694359706043e+00,-2.800209010668319287e+00,3.298883157574922453e+00,1.497892485665793583e+00
-4.222450674144586635e+00,1.721183639663352416e+00,4.801079291570062857e-01,-1.677394145801473391e+00,-2.117700557363026981e+00,4.747545556044929782e-01,-4.155833974501064176e-01,7.563140519922452176e-01,6.647126962780796067e-01,-5.156075509652257027e-01
3.944940212131510915e+00,1.687907401936032947e-01,-3.040769358043511783e+00,-2.838919186011882090e+00,2.660598638317801523e+00,1.131534859049626363e+00,-2.376322794168781893e+00,4.214557760074918669e+00,-3.988720279184545525e+00,2.829640917254393706e+00
-3.691314522272160392e+00,1.650587201318653996e+00,-6.336382405306193455e-01,-7.851201627670008065e-01,-1.648182107487589088e+00,-1.756950455915053499e+00,-3.173400337889709988e+00,8.397493535277642529e-01,3.181651890513645498e+00,3.673853507807388064e-01
-4.424875624944607289e+00,-8.314872478247314902e-01,2.900596643451569534e+00,2.239228155416264521e+00,-2.405192477786304739e+00,1.593549357297521674e+00,-2.708253605606517400e+00,-4.458380443920720637e+00,1.543970723708123272e+00,-9.237831205547009095e-01
3.161043902440456410e+00,1.489169825751043952e+00,-2.189931495216186796e+00,2.927481225725653502e+00,2.072484315336183158e+00,-9.638023602373158027e-01,-2.603816458347588458e+00,5.395574373172031812e+00,-2.175549924655845402e+00,2.512238168942908967e+00
4.920158427582864924e+00,9.449910574906592586e-01,-3.261019431160725013e+00,-3.075024508431854819e+00,3.044614176053896948e+00,1.942175172938254590e+00,-3.336324583885371009e+00,1.291762961315081881e+01,-4.228329293431799307e+00,2.508863106265917242e+00
-1.694920008305690340e+00,-1.290986268375038382e+00,-1.178962161401186926e+00,-2.356734749581557153e-02,-8.171123919466160013e-01,5.857585439793462356e-01,6.596503334835635002e-01,-6.927139924316053410e+00,-1.937899706380749487e+00,1.924801543831741846e+00
-1.266569527167766385e+00,-1.867506770086655221e+00,-1.313075039390369625e+00,2.101058655633764261e+00,-8.935326847414881701e-02,8.568261531774252759e-01,-1.497436920075797762e+00,-4.990808478281583582e+00,-3.259613526319412813e+00,2.433685529139723247e+00
-3.707772785358207646e+00,1.593469472340495408e+00,-2.665042753713318113e-01,-2.412064616845289944e+00,-1.788850194807523497e+00,8.493925455729662843e-01,-4.387600736994987649e-01,1.720392560787887382e+00,5.485222854968103690e-01,2.998395045867408015e-01
