2.783593356091757176e+00,6.821918045338906111e-01,9.113376714875593976e-01,-4.908564343735657420e-01,1.751919851391377625e+00,1.002141148491828337e+00,-2.251549800158092474e+00,-2.960508031728585454e+00,1.238324635160633624e-01,1.591599513251867215e+00
-3.123535069377955331e+00,2.569816542631405909e+00,-1.657992200112297088e+00,-1.816716805210113028e+00,3.768540092971317534e+00,2.657358037842329157e+00,-3.402967379423455618e+00,-8.167694467885733278e-01,2.999936664339845738e+00,1.762503981386671414e+00
3.729893642070228221e+00,-2.126480586152723617e-01,-1.342328670907343202e+00,-1.701661177163596772e+00,2.505077942293736371e+00,2.184342993115021780e+00,-9.492037138772033700e-01,-2.887407334781322277e+00,2.996336682965211828e+00,1.573300284909394109e-01
2.524914512958257973e+00,-2.229374618692013588e+00,-7.078221312798218534e-01,-1.697884606296769183e+00,2.533691019163599289e+00,2.288842663894042673e+00,-3.095665662869553358e-01,-3.266499087717140259e+00,2.748968786186479552e+00,-2.809439854079080146e+00
4.634830063775510212e+00,1.617544413394482739e-01,2.332875794902376398e+00,2.531377151530529890e+00,-1.865163807435732179e+00,-1.736365387374716018e+00,-2.443769364772764963e+00,-3.374026268587524857e+00,-2.157489706708366928e+00,4.689217064505606380e+00
-1.792114316494485271e-01,9.984460593992485755e-01,2.875306880890034833e+00,2.350967453682863528e+00,-1.733118144440172426e+00,-1.896737252981472999e+00,1.242587649475356493e+00,6.015962670758088215e-01,-2.413711352785483655e+00,6.258620742368805168e+00
-4.737227160702468076e+00,4.155507940166094372e-01,-3.225782821944504608e+00,-1.991909536649892898e+00,1.973326036495191671e+00,3.363850211715034177e+00,2.164785569224775941e+00,5.836842598949242289e-01,4.957613069594303923e+00,-3.530172574056450463e-02
-4.293333467169455631e+00,7.776459698098907580e-01,2.548131962668298556e-02,-1.670979962813133879e+00,2.527090900402446660e+00,2.324607510641274466e+00,1.717184419785138694e+00,7.656882060264773582e-01,2.008997793250799191e+00,4.420795632458986990e-01
-4.736957210046544908e+00,1.426440233786585132e+00,-1.913949278087007322e+00,-1.931643537820575407e+00,2.391796868107408880e+00,2.998844175293605474e+00,3.310191317748588880e+00,1.970099607193356306e+00,2.919652769888506860e+00,3.636593528580014389e-01
-2.782281298117209367e+00,-2.496234554790607518e+00,5.199126299641267934e-01,-1.181169006797285315e+00,2.726946754988579080e+00,1.506407652594383251e+00,5.100558634598950647e-01,-7.192105856726771496e-01,1.189467823265855539e+00,-2.308299275327516220e+00
-4.821021851651022594e+00,3.321769549544040245e+00,1.485165408960438249e-01,-1.860084013777783207e+00,2.013617440013772075e+00,2.721014043000321792e+00,1.633798020734383627e+00,3.899828050431017434e+00,1.798077353299412984e+00,4.369027193415955801e-01
2.293770727041508195e+00,-1.172462699926697383e+00,3.204418468521517127e-01,-1.599898317720358509e+00,2.242778765493364190e+00,2.060842099869854227e+00,-9.700411835142306316e-01,-3.518044163603548657e+00,1.929633794386607537e+00,-1.344861248194013648e+00
-3.691091560416453365e+00,2.875288099108736617e+00,-1.802416685556707421e+00,-1.455698457825003622e+00,3.240901201274230203e+00,2.094947875507703561e+00,-1.163390522295216556e+00,-3.937869324998664600e-01,2.765938512600401911e+00,1.398652689419246364e+00
-4.894620397907992526e+00,7.777071518125557859e-01,-1.904558771436111630e+00,-1.720791086533524972e+00,3.059232361595367600e+00,2.242206190922650055e+00,3.047970627532893495e+00,2.181453756465370208e+00,3.379211813840521828e+00,1.622218414372068152e+00
-2.307404247599076363e+00,1.953236255448365988e+00,-1.917854513414937623e+00,-1.909760129431207654e+00,2.605179894043933686e+00,2.902543342755346867e+00,-2.154434943883334341e+00,-9.699526966380657145e-01,3.126280758571186702e+00,4.424072662500885267e-01
2.818520970624206257e+00,2.157865575172076333e+00,3.085328591472629611e+00,1.974295456120631620e+00,-1.588523597449689628e+00,-1.968702795278829853e+00,-1.243360567473638323e+00,-1.108362588447331820e+00,-2.446969576793886159e+00,3.947728683936358340e+00
8.685169562083809858e-01,1.575177728125265020e+00,6.672881807008756994e-03,-1.941523794277862702e+00,2.829758872379102730e+00,3.340009473395774364e+00,-3.590440194199615576e-01,-1.469862353539042044e+00,2.873974643952021069e+00,3.825219846148537606e-01
-1.145562315517973495e+00,-2.919122711742033971e+00,3.378333561441253963e+00,2.988040786292528672e+00,-1.967283258284702185e+00,-2.036912368683744479e+00,2.578895469607772384e+00,1.178758063935070544e+00,-2.523654681180755865e+00,8.035483057433581155e-01
-4.691592910799886162e+00,2.754641409409793518e+00,-1.145401075924910028e+00,-1.612548090201950224e+00,2.468003375745531525e+00,1.978108618921405215e+00,-5.378028125296578921e-01,9.186952175333797932e-01,3.398876626232952169e+00,1.520918857990619433e+00
-1.341028598993309284e+00,-8.578769251086515446e-01,-2.632898397810602198e+00,-2.017190964263081643e+00,2.294868891615460260e+00,3.448935590277566021e+00,4.720326901785889540e-01,-1.189521408892935117e+00,3.254192181803341910e+00,-1.204765035653613703e+00
-4.534172743575449971e+00,-1.219010056603488490e+00,-5.633901691261642419e-01,-1.774337383290770287e+00,3.651373308398999207e+00,2.351777831523479634e+00,2.972684121564980408e+00,5.560444707600957770e-01,3.368974032808917940e+00,-1.448133391438158224e+00
1.731587103080014955e+00,-1.100552921277409446e+00,-1.735361417932970163e+00,-2.093350050062194434e+00,2.738682447945516962e+00,3.942027705016814210e+00,-1.272573973767457733e+00,-3.347102002009070709e+00,3.493047675289782550e+00,-2.021846459503209292e+00
1.851918394276752089e+00,-1.159819299139803306e+00,-2.472967259263590734e+00,-1.783918639045883436e+00,2.316970209339315190e+00,2.520458007440988801e+00,-6.937426089640559290e-01,-3.300200109524457748e+00,2.738346440395774017e+00,-1.738558382843882422e+00
2.204202801464897998e+00,-2.070491902698064379e+00,-2.649158621366746402e+00,-1.725605458098149692e+00,2.318836908063467650e+00,2.427767996313384025e+00,-2.594161327589610266e-01,-3.200037060496107255e+00,2.674753927139417176e+00,-2.724143668598033141e+00
5.674095566001365221e+00,-2.097875898263077854e+00,3.499272113861355393e+00,1.960067354596999989e+00,-1.530219214629996438e+00,-2.058153192849215607e+00,1.053800051163542584e-01,-2.783271382751289380e+00,-2.545531522432308957e+00,7.411712882844774253e-01
2.417770190203941016e+00,-1.554744045915038342e+00,-3.061139697509073443e+00,-1.901249571383481607e+00,2.341027690383355342e+00,2.892591748313356970e+00,-2.242433280501294313e+00,-3.831414685628913297e+00,2.751961669008443412e+00,-2.431472137447797000e+00
-1.614583585986062442e-02,-7.122901151149925170e-01,3.222702451422959413e+00,1.944196813242939914e+00,-1.612665127780658958e+00,-1.995494310005304861e+00,1.245071811203493972e+00,1.507891960346349758e-01,-2.492082301243486508e+00,2.770553677032514095e+00
-3.779126366467280285e+00,-2.797427542804675316e+00,-2.193745946785027101e+00,-1.745872120757745227e+00,2.281978132567973550e+00,2.308740427636780002e+00,1.112917037052611136e+00,-2.697217162744722230e-01,3.245383165862889552e+00,-3.043822232088171376e+00
-1.326849280181914947e+00,-2.219665987818634889e+00,1.874009101139230360e+00,2.330762289092764838e+00,-1.623826750445961586e+00,-1.460300875185581049e+00,2.558099383401317262e+00,1.079205508824450765e+00,-1.960006801624776918e+00,1.605923206817117643e+00
-4.818480550998073264e-01,3.022707501487222004e+00,1.791495574440485683e+00,2.663385812341621417e+00,-1.855186804989849669e+00,-1.290242834807512562e+00,-3.005519599034388811e+00,1.466316878459889006e-01,-1.850879483741149967e+00,4.509456030103026869e+00
6.418602934683002026e-01,1.683630112935965428e+00,-2.473113523697158200e+00,-2.049210368239682722e+00,2.105989314844663340e+00,3.684886360774564551e+00,-3.202192848899221733e+00,-2.002466897461844919e+00,4.355850551376821755e+00,8.093773725513720985e-01
-4.314557295101766776e+00,-1.790891088196210124e+00,-3.142231434171161908e+00,-2.069929327204837133e+00,2.059508540536631571e+00,3.860774172134318505e+00,1.374827837329105407e+00,6.559152489152699772e-01,2.917872710900985211e+00,-2.958516212721859606e+00
-1.349727047889075937e+00,2.566816062866065451e+00,3.433299054791754124e+00,2.081265533729178774e+00,-1.648958374178380204e+00,-2.045399537205904839e+00,4.679071570962638482e-01,1.411955066393126179e+00,-2.532778607102053492e+00,6.643710185643444177e+00
1.685191656862303766e+00,-9.891767218739664358e-01,-2.866559620662538777e-01,-1.581991103329891013e+00,3.783016677614440937e+00,1.997407738699761515e+00,-1.578548682945289716e+00,-3.651541923388448740e+00,3.325957911357479535e+00,-1.214329105042707635e+00
-3.076942493652481403e+00,-8.824277747450888221e-01,-3.114894175121757147e+00,-2.153988088661724642e+00,2.565272365952313116e+00,4.419485098025704772e+00,6.461631426765865882e-01,-8.681570079249620875e-01,3.019457033395513967e+00,-1.679697906744427760e+00
4.325664133711677906e+00,-3.418082877921154061e+00,1.068121753202657231e+00,1.280122908009167615e+00,-1.218356583614369049e+00,-3.977698331344575733e-01,-2.277311335429422989e+00,-4.086966267404241293e+00,-6.519580041088766098e-01,-6.455969972984049177e-02
-1.168895448657483183e-01,-3.108402412782329094e+00,2.061642034389063127e+00,2.144134159512405713e+00,-1.670891746371406805e+00,-1.631860955890285680e+00,1.461110879449569744e+00,-2.804563714642475669e-01,-1.955135759071505941e+00,1.769278460819663668e+00
-4.967642315476926917e+00,2.095779981818429505e+00,-2.004651533227959970e+00,-2.012681618753667578e+00,3.513703889871033326e+00,3.416876513070151944e+00,1.695582618038742773e+00,2.372205084710627965e+00,3.095369985510425526e+00,1.244544530161338702e+00
2.069465959802504251e+00,1.024841022149624692e+00,-2.301968500123456884e-01,-1.757965702856735257e+00,3.041396574498280714e+00,2.439738710055732174e+00,-2.350106229855577933e+00,-2.659869044727258380e+00,2.342665434248573320e+00,1.741020376015537385e+00
6.197775914886324955e+00,-2.463692503352327368e+00,1.968947804050493744e+00,3.468804570074137228e+00,-2.020902011568781909e+00,-1.560374959209742007e+00,2.098208018054257273e-01,-2.626773514969630963e+00,-1.945942981654659398e+00,6.920187407682281133e-01
-4.038019184528810257e+00,1.832478728688869296e+00,2.519797611804861504e-01,-1.320436477184060431e+00,2.214119787708140663e+00,1.484856532316566780e+00,1.879045148945763799e-01,3.797239318551838272e-01,1.930553133572039171e+00,1.148902809144919157e+00
-3.834238500036472264e+00,-2.535012150782391060e+00,-2.826160054806347688e+00,-1.943255381425279760e+00,2.995794244233719095e+00,3.066637328097662429e+00,1.151923242090191479e+00,-2.116332166765789169e-01,2.803946229325055661e+00,-3.336341321076770061e+00
-4.442164934660465470e+00,2.828752496409805417e+00,-2.502131751642897584e+00,-1.754740850242356043e+00,3.513291972972771404e+00,2.597812422131423382e+00,-4.825441685103570855e-01,2.157894530963579971e-01,3.922205595214334206e+00,1.115522554683978651e+00
1.871512641113064035e+00,-1.578111259498126362e+00,-2.534608279608333348e+00,-1.660163748058909761e+00,2.961309447436280884e+00,2.448281934282519057e+00,-2.714055941516896553e+00,-3.874258691124658149e+00,2.842427241468102217e+00,-2.322728530938236169e+00
4.493328268483317345e+00,8.369854689667475256e-01,2.015063458893544990e+00,2.037160774122473761e+00,-1.538494029512412986e+00,-1.591806427964748361e+00,-2.658678871162726942e+00,-3.145693288522968700e+00,-2.034330682623879394e+00,3.928453030491017461e+00
-5.098593753485149982e+00,2.126176009161037328e+00,-2.257578115387039119e+00,-1.708452273026503043e+00,2.201535900912348076e+00,2.529531022046004995e+00,3.340142447668229764e+00,3.957853877821364552e+00,2.907109183220365711e+00,1.109013843960278800e+00
6.879299360591588197e+00,-3.301522142453744646e+00,2.502165934792295765e+00,2.039421867628934404e+00,-1.679581128476463237e+00,-1.787074364270351268e+00,-3.219226290074646002e+00,-4.190300187294438317e+00,-2.293517447020704925e+00,5.308495732301359293e-01
2.735378904832485691e+00,-2.329835483643576843e+00,-3.706635658344774598e-01,-1.559807443965262275e+00,2.180101514774841931e+00,1.912438474309059222e+00,-1.148810238941989414e+00,-3.724008700597720711e+00,3.149385800459960194e+00,-2.756046973128891242e+00
3.691330322377460060e+00,9.642342390196123603e-03,-1.585951198036572363e+00,-1.661977277781179430e+00,2.650037678720098100e+00,2.228064727918383614e+00,-1.836834241021626513e+00,-3.278325340305709101e+00,3.612970901507798427e+00,2.113237272841859138e-01
1.838557397700347096e+00,-4.357968133643237429e-01,-1.208352474145775179e+00,-1.659615930570308429e+00,2.998548145572306645e+00,2.578059053481048579e+00,-2.515764854258826233e+00,-3.660291939802800432e+00,2.389960593632782349e+00,1.169850162030666718e-01
2.527457167863939702e+00,-6.122000729027798904e-01,7.502623667297623200e-01,-7.386019485480045388e-01,2.586353577320946062e+00,9.438463416667532968e-01,-1.327059254203787120e+00,-3.432457603960830994e+00,8.326856366555211997e-01,6.350796500756293872e-01
-4.701016861962546756e+00,2.260705705957223977e+00,-3.369998183599885344e+00,-1.955269854160348597e+00,2.807853629689812003e+00,3.109219114429675468e+00,4.209577371926158662e-01,1.208099774000107374e+00,3.459051172871393742e+00,1.041057133871499563e+00
1.531490389243562955e+00,-2.724310978101083691e+00,-2.598089919205257559e+00,-1.725954080418112824e+00,3.044152496055964718e+00,2.411802538164991017e+00,-2.389881616377293128e+00,-4.034214117876383732e+00,2.870796963331367913e+00,-3.163132298657016950e+00
5.804526912385654214e+00,8.702640166989139558e-01,2.833478258724321464e+00,2.231763232030710142e+00,-1.753165230402460750e+00,-1.893158178086666199e+00,-4.570590731797827821e-01,-2.139366265084282404e+00,-2.381886411224316102e+00,5.010364905450224171e+00
-7.055491701112055480e-01,-1.222756480266857348e+00,3.016700492590039140e+00,2.250868031693641136e+00,-1.770092711519570372e+00,-1.954987294533984343e+00,1.387671613889314592e+00,-4.621334266774010380e-02,-2.418378436887568483e+00,1.763311559355071223e+00
-4.768486682594303971e+00,1.686294876753663630e+00,-2.678088543363599250e-01,-1.394068361381115118e+00,4.000873013942819689e+00,1.733618935046490117e+00,2.933153224864076591e+00,3.248791777695264837e+00,2.298673612974879266e+00,1.415032461045510503e+00
-3.828093797551878730e+00,-3.485850021886351069e+00,-2.495130513353438051e+00,-1.817531596921571069e+00,3.296977455549686908e+00,2.603002219040114973e+00,1.513188991723700028e+00,-1.986941261362528133e-01,2.813189636052900511e+00,-3.476298662714332188e+00
-4.172126857937783484e+00,-2.715155070466575893e+00,-5.011240594634291945e-01,-1.967152536230571069e+00,3.035267777697846725e+00,3.148243767180972874e+00,1.817557871376012102e+00,1.505224191909593223e-01,2.244994669218110417e+00,-3.455144026856634909e+00
-4.695913263660598247e+00,3.420107483730176590e+00,3.340289743815998413e-01,-1.665590130213144171e+00,2.514001881246084924e+00,2.162095694928820144e+00,1.955583707909921642e+00,4.172317208109061148e+00,1.637329145559771826e+00,1.443399612914578301e+00
-4.831586292245874326e+00,5.863995543268565314e-01,-3.056479078382539960e+00,-2.000291374687984014e+00,2.594728390095168091e+00,3.372596427182792844e+00,3.121028862001356430e+00,1.713268814869169709e+00,3.480826165021989826e+00,-1.251586693240668846e-01
6.229949970718804408e+00,-8.748644058342538443e-01,2.371248455354985296e+00,2.151882770925075850e+00,-1.663937821782004445e+00,-1.746691853448960385e+00,-1.368599113722193117e-01,-2.781416984181300123e+00,-2.223794392745211734e+00,2.423844279034491844e+00
-4.092974228159579120e+00,-1.550268701108367564e+00,-1.177713579357741569e+00,-1.607708539799612035e+00,2.272477169764492988e+00,2.079082635849736960e+00,1.328324096388703524e+00,5.432292216654582839e-01,2.499869272217316141e+00,-2.298089236933673174e+00
-4.204491902668130443e+00,2.622272704884698769e+00,5.444573031579507116e-01,-1.059699281080700217e+00,3.418360587465228306e+00,1.185795277365267131e+00,9.354790343725678525e-01,2.688767450701909034e+00,1.035714588176509965e+00,1.424955082298186904e+00
-6.006121993128545888e-01,1.705056829759246995e+00,2.415356843069663029e+00,2.027511606729070159e+00,-1.668379272153386772e+00,-1.778688685895443378e+00,6.673861005208614472e-01,1.202882914182943574e+00,-2.161741679184711273e+00,3.810329855643166397e+00
-4.992244040790201787e+00,1.530437160795596441e+00,-1.909637565989158237e+00,-1.742612698397471238e+00,2.111002889354355982e+00,2.475100581799162036e+00,2.312476300176443011e+00,2.037701681608518278e+00,3.516651163948047554e+00,6.680039170625491352e-01
-2.532943876455294507e+00,-1.153262235409552972e+00,-9.275418375872046539e-02,-1.777212842718501662e+00,2.877590049216268930e+00,2.535221075569056737e+00,6.566010671831250534e-01,-9.519391832063753833e-01,2.500220188220773299e+00,-1.823858149892743974e+00
3.228704831802724051e+00,1.183437435378366764e+00,-1.507159810097645325e+00,-1.654006276244555762e+00,3.804231906936705876e+00,2.408497599626732377e+00,-1.727835556964531172e+00,-2.696948473182353645e+00,4.522977906099878709e+00,7.797307839880625036e-01
-3.762526533063577538e+00,3.204902912548067029e+00,-3.205830008020120303e+00,-1.875815501948931763e+00,1.895541629517015991e+00,3.077095650239528357e+00,-2.265633780174567402e+00,-2.757965001566360930e-01,3.221863748006839057e+00,1.633125087070057102e+00
-1.399932136496162993e+00,1.415761659871229483e+00,1.461047415815897921e+00,2.982645054068633783e+00,-1.930606512894403659e+00,-8.559154172389393800e-01,2.416344234329519836e+00,1.878189659965828318e+00,-1.280981000944094061e+00,4.466263877538194649e+00
2.317645927555537888e+00,-1.208145115774653444e+00,1.346482164667373027e-02,-1.798543631837139278e+00,2.062873803750584045e+00,2.636241409226182775e+00,-1.333223232737113406e+00,-3.609827796466597682e+00,3.746540782796764724e+00,-1.760573091182733751e+00
-8.755395286718440362e-01,1.354497021045315108e+00,1.738884232787787809e+00,1.878894142106711795e+00,-1.609512862667072719e+00,-1.099152045131167377e+00,1.799738329073935716e+00,1.834602585254422547e+00,-1.838690044082226915e+00,7.500054620169215980e+00
1.807148106935713594e+00,-2.376326170270920191e+00,-2.830342596066310890e-01,-1.864525117025631618e+00,2.388176197856486827e+00,2.913809739047178660e+00,-8.846104645846311065e-01,-3.633957939273940951e+00,2.507316820575226757e+00,-3.222549015155911079e+00
1.528013927667654759e+00,-1.291646419568336146e+00,3.339652314458234628e-01,-1.352787052418099156e+00,2.541656864273433847e+00,1.476195739200825585e+00,-1.889508411172824642e+00,-3.717640388284790376e+00,1.888684137153499032e+00,-1.277486488290380473e+00
-1.025679851929148789e+00,1.268337782681726367e+00,1.262099574927350254e+00,2.126719078977501454e+00,-1.708322276460094047e+00,-8.257323504691874705e-01,9.971398437721274988e-01,1.560076802738786794e+00,-1.130203185732964855e+00,5.019957779961250921e+00
-4.417258943520042003e+00,-2.875077713912765454e+00,-1.444928490994756842e-01,-1.612483779883427504e+00,2.587935250388101238e+00,2.091115936374284612e+00,2.893247736241615797e+00,1.053593836640483117e+00,2.533152972934175740e+00,-3.100930435426407339e+00
-4.918667222747319379e+00,1.730363993492840535e+00,-3.217584802224795482e-01,-1.751323414849734750e+00,3.050163958080457149e+00,2.377148414500104057e+00,2.317008094034521015e+00,2.497263876611363731e+00,2.788378690564774498e+00,1.177505325272188541e+00
-3.926720173677965331e+00,-1.229524582958376744e+00,-1.368927034856278091e+00,-2.019444525957574843e+00,2.337948873598241661e+00,3.488425210510584407e+00,1.283762889483101688e+00,-2.064803652645673948e-01,2.624401649722608365e+00,-2.116764141945359334e+00
-4.832089883744125736e+00,5.586575451708455375e-01,-9.407117545926571012e-01,-1.804251015154426430e+00,1.998639421597355081e+00,2.614199201972015274e+00,1.580557803976240905e+00,1.872809790137182961e+00,2.788044532797132380e+00,5.899217874372263415e-01
4.513504443112484665e+00,-2.115501936151764628e+00,8.655983805519662511e-01,4.813901589129018221e-01,1.437959383928139045e-01,4.202935609631097691e-01,-2.651913418952314139e+00,-3.969309828022451025e+00,3.225094166212227331e-01,-5.207643967419798292e-01
-6.610074775766872079e-02,2.490612547405537391e+00,1.581201676148019430e+00,2.602633950451012090e+00,-1.874468404957078116e+00,-1.212657480349242478e+00,-1.126783962646595416e+00,-3.530157745974880634e-01,-1.689397699729912716e+00,5.255573160704065216e+00
-4.490746081613982144e-01,1.977386258636787630e+00,-1.354828528602375570e+00,-1.800084519942822148e+00,2.333561872961137151e+00,2.696562069515660909e+00,-3.185612199180442250e+00,-1.328263038348123093e+00,3.184701588116796156e+00,8.251324711761065522e-01
-1.036982767849291776e+00,2.805067715572470810e+00,2.157982825877494903e+00,2.226836920631986239e+00,-1.689441509031849975e+00,-1.670414148312157510e+00,2.049958147224986149e+00,3.236069237911138430e+00,-2.071603783097534457e+00,5.874109267784899835e+00
-1.953535056435638517e-01,-1.148127504838173607e+00,1.104780569419800074e+00,7.205893239456765409e-01,-5.413066438695351978e-01,1.597552164367654903e-02,8.016415420629430244e-01,-8.814855540534412004e-01,-8.434496960096127260e-01,1.459749029044832280e+00
5.911006268364358274e-01,2.972722519744413816e+00,3.496824394718696993e+00,2.869942572737198994e+00,-1.922310070990894459e+00,-2.057709663146757073e+00,-7.824360367488507606e-01,-3.158097632625141982e-01,-2.545040149549557373e+00,4.494329936526669123e+00
-4.327068117164894367e+00,-2.896423058615297030e+00,-2.291069243429029179e+00,-2.068829415696948448e+00,1.963584955958864064e+00,3.786130002655998528e+00,1.987839916012969610e+00,5.786497450396793640e-02,3.477153523089343778e+00,-3.677514788531842882e+00
7.495001246419508156e-01,8.028726929172940174e-01,-2.753961757941342459e+00,-1.796422580077124742e+00,1.948653000736804586e+00,2.785691480648855300e+00,8.606121653182752240e-02,-1.937685148237487720e+00,3.918484619269833935e+00,6.678734178499062812e-01
2.489434615354969349e+00,-2.841953900965528135e+00,-1.764534284431403366e+00,-1.829991758610402863e+00,2.524705155643725885e+00,2.643328923171772260e+00,-2.915948085119768329e-01,-3.147474644480384054e+00,3.044542661463057076e+00,-3.301288544402791736e+00
-4.658229241074616667e+00,3.438853306542503319e+00,-1.276199225466192466e-01,-1.565041277645378592e+00,2.801918063898961364e+00,2.103986681145224136e+00,-1.713966895265000012e-01,1.414860096847335491e+00,2.526221823795609112e+00,9.091699357100088141e-01
1.670969628473600643e+00,-2.354081333547454413e+00,-1.661776013601791613e+00,-1.885404598341432925e+00,2.076647022033890622e+00,2.837303385945227241e+00,-3.491384555078727026e-01,-3.133826587706853850e+00,3.296679820993076770e+00,-3.184035542869352753e+00
-1.386410903811549078e+00,-2.338913211864269925e+00,1.652460461988097151e+00,1.660128093117972492e+00,-1.305753649487660484e+00,-1.309444901873741740e+00,1.969870261388535049e+00,2.813615685438548564e+00,-1.614091069206664564e+00,2.577170396239867767e+00
-5.252762490031599452e-01,1.287203540575558414e+00,1.301929034767942639e+00,1.743244814930346998e+00,-1.442460960895246114e+00,-8.501387178424827384e-01,4.704910057148454783e-01,5.935182051378105061e-01,-1.285689839742783835e+00,5.960406997823973541e+00
4.342622728945824129e-01,2.531003611167754741e+00,1.589003899089186156e+00,2.708810024596063570e+00,-1.903806410135769234e+00,-1.251479354529066113e+00,-1.717353300468606569e+00,-6.732711915178404283e-01,-1.736044247139180818e+00,3.886132469163184666e+00
5.727457694335241101e+00,2.830840969759274017e-02,3.160019892635419936e+00,2.004615844062029417e+00,-1.590581826641251917e+00,-1.986565126672187986e+00,-1.622522187600386134e+00,-3.340774169599238785e+00,-2.468738870558411236e+00,3.381449405378272655e+00
-2.676108289463040357e+00,1.011266137820920008e+00,5.259502397207160840e-02,-1.527805210506603117e+00,2.492348145624284417e+00,2.106766720802466519e+00,1.675610212611871042e-01,-7.731354036198980761e-01,2.235152077534357851e+00,1.612260950166644502e+00
-3.177584122914144160e+00,-2.517275770608690788e+00,-3.097874826113172997e+00,-1.603054205801515142e+00,2.384361425134050805e+00,2.170921196391318642e+00,9.924510181561592148e-01,-6.738880690804827100e-01,4.162572079448496609e+00,-3.024283301534884227e+00
1.637748624173232415e+00,-6.886144471318131899e-01,8.778078874722705649e-03,-1.379955117163454315e+00,2.030834477855995246e+00,1.749313304365945010e+00,1.087793159967751500e-01,-2.557663434745557129e+00,2.898439117570546841e+00,1.383648083037837262e-01
1.456794884160536707e+00,1.835199810075716087e-01,-1.019699869969117767e+00,-1.941003832326281264e+00,2.373132909498310461e+00,3.134949538317208795e+00,-1.118841230202039405e+00,-3.080126097029566523e+00,2.744847554070878548e+00,3.434962492893818276e-01
4.923171445137903390e+00,-2.206137476403872810e+00,1.461085872969573707e+00,1.735686257562969903e+00,-1.489221659386686936e+00,-8.897949194592809086e-01,-2.233550744938847643e+00,-3.959752691613523723e+00,-1.671156322025934671e+00,5.927823299305432503e-01
4.822831205877385230e+00,-2.067451210085896385e+00,1.052510717913046179e+00,1.171076468083906752e+00,-8.188935452871435317e-01,-2.842967595948280857e-01,-1.235790330716857177e-01,-2.943585386635961143e+00,-7.217174079587359570e-01,1.201075631026815804e+00
-4.197503366637007183e+00,-1.324849709911541051e+00,1.599992223315997997e-01,-1.446569526033915087e+00,1.746851563991155931e+00,1.760469559135396933e+00,3.201390548982689488e+00,3.725555250032352439e-01,1.946248802721310955e+00,-1.707679358707511197e+00
-4.170512469206976824e+00,-2.314141012366541794e-01,-2.406291095517580914e-01,-1.615967366669413874e+00,2.522111234205628882e+00,2.268485776591210090e+00,9.233065758802361245e-01,8.806333141689584032e-01,2.027552027222229825e+00,8.525442327912946539e-01
1.514439948635553090e-01,2.643351808197209607e+00,1.884524754902374255e+00,3.593389686131759575e+00,-2.065053235610467386e+00,-1.506019803692847825e+00,-6.160819304096412097e-01,3.541126478229634778e-01,-1.987280664073178826e+00,6.737773248147341576e+00
-5.296469794942328946e+00,2.689777888235584058e+00,-2.789267134795762715e+00,-1.707946784894462500e+00,1.881104927138205207e+00,2.477246357633883456e+00,1.734663329091090667e+00,2.837321320321044116e+00,5.839891793995828806e+00,1.261070768705052636e+00
1.708349878847964520e-02,1.836033180324593062e+00,-1.804575884855983414e+00,-1.661164615656834709e+00,2.432612584862869465e+00,2.203871825764188941e+00,-2.133585711895080284e+00,-1.743020305351502985e+00,4.421426076900438318e+00,1.046124910088530591e+00
-2.514406976726537568e+00,2.217639357084260965e+00,1.853125166796321110e-01,-1.635189733509551324e+00,2.167401839987855183e+00,2.438298246710360218e+00,-1.108014988890571040e+00,-6.985475260976170553e-01,1.747615525191443586e+00,4.912136088231350839e-01
-4.769788669244345414e+00,1.156788033028161244e+00,-2.092311895014814294e+00,-1.948840364749668597e+00,3.233245581916204259e+00,3.182710699665143306e+00,2.243451372242574848e+00,1.609081779039989168e+00,2.957695463221030607e+00,3.327617828840250813e-01
5.629758559387000538e+00,-2.956186157914037160e+00,2.476256510137273992e+00,2.694895451811413434e+00,-1.874194421524771892e+00,-1.783916303838793294e+00,-6.702833996003927375e-01,-3.539320225005559095e+00,-2.217312915403547802e+00,3.812619773025598402e-01
-4.975459893037348813e+00,1.066559014113709125e+00,-1.924591508298478360e+00,-1.825903526575106461e+00,3.854411038020732594e+00,2.734520623779059356e+00,8.091586446588694415e-01,1.751215060105524302e+00,3.880725822234306399e+00,1.316466766862464111e-01
-5.002779564523159195e+00,2.331396104364357846e+00,-2.840035929809957338e+00,-1.871353418599715823e+00,3.635323863990342907e+00,2.973736101722995517e+00,1.913502266351177816e+00,3.338686780584465552e+00,2.820257516430298317e+00,1.517826420372356822e+00
4.005735303168855843e+00,-3.355297472413201199e+00,6.452248396331254909e-01,-1.226301336192406444e+00,2.746570776431740413e+00,1.329048366198620101e+00,-1.388728283286418286e+00,-3.880810024684374415e+00,1.080856207328480645e+00,-2.442232774591324596e+00
-3.623295502261423273e-01,-2.887095368743086254e+00,1.388621812378695530e+00,2.274745847266772092e+00,-1.722455688924195982e+00,-1.066327293709131263e+00,1.706042261669044713e+00,-2.435983143266527151e-01,-1.573707590271380630e+00,8.681812030681186343e-01
-9.518777104442488479e-01,1.162664360325498691e+00,2.250877922636743911e+00,2.292697598936086933e+00,-1.768089116583048792e+00,-1.667092691031725193e+00,1.897516804783814237e+00,2.623997799049551549e+00,-2.196498534204496256e+00,7.436317331235940742e+00
-3.897786052822996172e+00,-2.755201262266385065e+00,-9.269547406028344483e-02,-1.519058770346829901e+00,2.166813110507278761e+00,1.746789094741465709e+00,1.234859898818043256e+00,-5.218325411097790578e-02,2.435580961223204888e+00,-2.834057931502788286e+00
5.192290811681969487e+00,-1.229942102940642989e+00,2.817779767371860977e+00,2.284120538073328266e+00,-1.657084030906609939e+00,-1.902907955745392288e+00,-2.466329641979922549e+00,-3.799505272527617272e+00,-2.375319920163646348e+00,1.539101329373533389e+00
4.304361047125150108e+00,-1.132866940475011575e+00,5.654555173872743978e-01,-1.905267432859103494e+00,2.451203121689188080e+00,2.956547922647203119e+00,-2.893103252667518888e+00,-3.770612553721990778e+00,7.609151549129640202e-01,-1.681278679228789485e+00
2.390925198468454749e+00,-8.539386069774255184e-01,-1.982103459352028807e+00,-1.788404233684455447e+00,3.662147758849092050e+00,2.626993754131757175e+00,-1.065763738364933211e-01,-2.503298913465019648e+00,3.416891309378919495e+00,-1.001886608906902287e+00
-3.759869075590648535e+00,2.992443743324307626e+00,-3.742228780374490249e-01,-1.442284311142701725e+00,3.093503134830168477e+00,1.789608703275824553e+00,-1.604361984536875285e+00,-4.302749443025862819e-01,3.830734386448544804e+00,1.285196256369602885e+00
-6.558895184699653491e-02,2.626694174152250483e+00,1.660984102339961410e+00,1.985090960965441020e+00,-1.628756199573509367e+00,-1.272282965530680432e+00,-2.709639253678219006e+00,1.816653787812105847e-01,-1.648166834428457461e+00,4.424830473254876217e+00
-5.588390905793085839e-01,8.429730823853320842e-01,2.135848693874011772e+00,2.615880325378019844e+00,-1.870914143323946455e+00,-1.564661531064052813e+00,1.631478606076634641e+00,7.007713075376545975e-01,-2.150285282358742833e+00,4.702876520644421632e+00
-9.727441706534204480e-01,3.467309003302514014e+00,1.961625754808866695e+00,3.032673183557836438e+00,-1.946694154463023629e+00,-1.440367930625488180e+00,-7.188755429162663191e-01,1.677177592793235306e+00,-1.967233750502314082e+00,5.401490821557997535e+00
-4.330906954670805220e+00,-1.801318964844456527e+00,-2.590398365011362447e+00,-1.872214121069023962e+00,2.273482416978872322e+00,2.782816394870313292e+00,1.513268113863782460e+00,3.322285930242928620e-01,2.958102718982019042e+00,-2.831293927097994434e+00
-4.381504612987702219e-01,8.216048334253551744e-01,2.702462602337974751e+00,2.302545340996768886e+00,-1.766609505338622599e+00,-1.852852807186409212e+00,1.087491549816619774e+00,1.493101591515150650e+00,-2.366995609586509008e+00,5.236713136968724314e+00
-4.583892978579335420e+00,2.233704292675351866e+00,-4.004195843084183970e-01,-1.405451210048792143e+00,2.450150262701473736e+00,1.882956407662400578e+00,4.449767423368733432e-01,1.319342942559909027e+00,2.182188328404489841e+00,1.265595605187430195e+00
-4.753411371439092648e+00,2.755264244367213955e+00,-1.320537424582205244e+00,-1.731857251927752861e+00,2.265762804646757722e+00,2.247305506951545517e+00,2.258554231115796895e-01,6.993586061295545830e-01,4.525796211871867314e+00,1.133128906277332426e+00
-4.296871085662073320e+00,2.755858320268298023e+00,-1.421546938708539987e+00,-1.748828882930443251e+00,2.476631955260227613e+00,2.454333541102681426e+00,8.602830722254806162e-02,2.518245240033069043e-01,3.398081400179702172e+00,2.459624370155534478e+00
-4.307522696817885688e+00,2.775892886861470288e+00,-2.690991114026893172e+00,-1.648997653737589664e+00,3.225834644111515104e+00,2.406637035646899569e+00,-1.045595702154619389e+00,1.761849650685126667e-01,3.232248934262921480e+00,1.234701790572418467e+00
-1.752009878998525449e+00,2.104730332612535726e+00,1.287024156654313245e+00,1.406709365819218460e+00,-1.269906383007766815e+00,-5.783030072022985468e-01,3.075899925954161063e+00,3.091410132778701580e+00,-1.464200623211145746e+00,5.237668786048010894e+00
-4.918467234864620785e-02,-3.089571502122227642e+00,1.922435915665331230e+00,2.405715215908367455e+00,-1.810317746478008694e+00,-1.405880689644808390e+00,1.728689228658734756e+00,-2.706132297772628759e-01,-2.020748654676268519e+00,8.153395009478903166e-01
4.519543162219026300e-01,-3.143072521813258469e+00,3.211093062618495253e+00,2.466596161264348108e+00,-1.779652687256688459e+00,-2.006232119478496667e+00,2.984971306101472877e+00,1.915459918874596879e-01,-2.490683204628696856e+00,3.512970422134278348e-01
-1.989839866504937715e-01,-2.746877251689961774e+00,3.091387207339457710e+00,2.696870472914050687e+00,-1.835766690610383112e+00,-1.974791094492199361e+00,2.400405753653908292e+00,1.619320414829084065e-02,-2.463526835972411622e+00,1.465331534056362628e+00
2.379174632018789204e+00,1.062413347997323676e+00,-3.137283062699343539e+00,-1.793422986698244737e+00,1.962651108158908864e+00,2.710377625408988855e+00,-1.769721100552558157e+00,-2.343434105685255009e+00,3.395055394182473485e+00,9.611212305574046155e-01
-4.816998870722363435e+00,4.830850264300505792e-01,-1.039586505380456494e+00,-1.869691712970897202e+00,2.225834493409049930e+00,2.852980757012896884e+00,1.732948800042000137e+00,1.191198740270200007e+00,3.411225102715005342e+00,1.151237394444020179e+00
2.068865796903643695e+00,-8.653689406656086547e-01,6.549144969137561390e-01,-7.772535837829308569e-01,2.056447566559095108e+00,8.727111133174559887e-01,-2.944719697993863683e+00,-3.828905964942995510e+00,5.789517062212468090e-01,7.597591522002727915e-01
-4.656369238959154444e+00,2.521578156679835203e+00,-3.144198251755195628e+00,-1.759610353989506493e+00,3.293380823710123195e+00,2.378159711314075775e+00,2.894769893739939093e-01,1.181761358052840105e+00,3.098825369960986897e+00,1.425565672385276983e+00
-3.821881915591531786e-01,-2.692085376093115823e+00,1.726729002218786668e+00,2.645247064764380873e+00,-1.821753757256777240e+00,-1.269099041164075903e+00,9.615783546870702025e-01,-6.544017988869401670e-01,-1.562524081147664834e+00,4.220157504654102332e-01
3.463134500432118568e+00,-2.113402265849933848e+00,6.982080050035301966e-01,-9.314079540268618285e-01,2.801012052197969560e+00,1.130400736340048784e+00,-3.463157159203122948e+00,-4.088649569507768256e+00,5.726054252889825058e-01,-1.494333122376151124e+00
-4.245873441911632185e+00,-4.244614026097530690e-01,-2.327304653404560941e+00,-1.671718547148251188e+00,1.891967960535912985e+00,2.491831330782138476e+00,1.343611969548311968e+00,-8.625391846668684082e-02,4.155542329341754382e+00,-1.166072635176572669e-01
-4.276061744759725336e+00,-1.451953480291820142e+00,-3.312604162925740336e+00,-1.961081688049925331e+00,3.213953898439508183e+00,3.281545386913561124e+00,2.445828795866767713e+00,2.526995763166494102e-01,3.403549795992124594e+00,-2.610980042675354440e+00
7.603915418337493515e-01,-2.850930925818913053e+00,-1.683038347964834536e+00,-1.776595000707841487e+00,2.859617951586054474e+00,2.477447979572496628e+00,2.017327389495555678e-01,-2.138372182501316221e+00,2.903259260538963105e+00,-3.217075449003918841e+00
6.162363511348766032e+00,-3.133825721895409089e+00,2.560315072446219808e+00,2.012218605508720337e+00,-1.649084508861418996e+00,-1.827032627136618403e+00,-5.124351857670932375e-01,-3.528800326238326956e+00,-2.266570077181757181e+00,5.456068751230020997e-01
5.878698599562449445e+00,-1.071846378704050196e+00,9.560851801584409060e-01,1.131740142539960914e+00,-1.106303129645070493e+00,-9.630155516578213504e-02,-2.088167940234740172e+00,-3.740654043251054883e+00,-3.018572320845869239e-01,2.519686128487607313e+00
-5.241726712868481908e-01,3.318070429597323567e+00,3.241044693193700255e+00,2.014996619768405939e+00,-1.544204867639924261e+00,-2.008801107487784510e+00,-3.043994347672699607e+00,5.920076040694133290e-02,-2.495939783999005623e+00,4.189444657668373928e+00
-1.803815861267066500e+00,2.905281055150076064e+00,8.854341295878755957e-01,3.871047642218716778e-01,1.076090500551725393e+00,2.632483011326514633e-01,-3.196662389256110348e+00,-2.123725388201728181e-01,-3.032837588355241087e-01,4.052415347181327121e+00
6.254850501075027047e+00,-9.274799205591244267e-01,1.540159199667844980e+00,2.118128026056116386e+00,-1.708580711080930348e+00,-1.133743066793854837e+00,-1.675981298392148489e-02,-2.632615130306187989e+00,-1.724744942971768058e+00,2.211640163535812498e+00
-1.052444550831824310e+00,1.676528570575449351e+00,-2.763330713776687375e+00,-2.097207969860073629e+00,2.006955109023173645e+00,4.037312514997077884e+00,-4.872537833924743822e-01,-1.296405481891438338e+00,3.328715226464744603e+00,9.443455604800039538e-01
-4.329809152436301822e+00,-1.389618437807599083e+00,-2.043063937804504793e+00,-1.710635799668672963e+00,2.862250438210764081e+00,2.611663125123233620e+00,2.824277449160335074e+00,3.339900701716590481e-01,3.001383055280409717e+00,-2.127816663938459474e+00
1.720238109772632473e+00,-2.231107181638446235e+00,-9.903474726461261035e-01,-1.585133914861948767e+00,2.675311521482404586e+00,1.966951541192025310e+00,-1.121618532717056471e+00,-3.644954391060986953e+00,3.986264654788687523e+00,-2.637741028475405258e+00
4.548926750680729825e+00,-2.688829025525347305e+00,2.453216215417809209e+00,2.185834978922566840e+00,-1.701700435685666424e+00,-1.768850506801933120e+00,5.787326723561321273e-01,-1.418593626359009097e+00,-2.295151042154359278e+00,5.758440789570007379e-01
1.871403374382707208e+00,-2.291354865364926052e+00,-1.412672914145365333e+00,-1.785095882291856340e+00,2.871447508528082171e+00,2.515816649207780031e+00,-9.297379858486936044e-01,-3.474197209747613702e+00,3.037735476830337955e+00,-3.073823107363330642e+00
2.513317252673192392e+00,-2.407920467967348266e+00,6.663763063381606955e-01,-1.010051834911612545e+00,1.697632891478309647e+00,1.201274088379326699e+00,-2.064230292594094518e+00,-3.934373368794345183e+00,1.196568984446687356e+00,-2.058204454540700112e+00
-4.885345273678304956e+00,-3.258810127208384699e-01,-5.614070759913389885e-01,-1.532725815175589590e+00,2.510829021521460369e+00,1.759880241829308245e+00,2.688949478122635739e+00,1.598071595855450555e+00,3.918818920445335863e+00,1.132766302829515626e+00
5.975902296292743721e+00,2.266865047512549580e-01,3.346704229977062184e+00,2.756341361082928376e+00,-1.807227275567677038e+00,-2.026722175720599317e+00,-3.307040770123599316e+00,-3.455485716655281703e+00,-2.513528446082587742e+00,4.064797041707408631e+00
-4.884040825547034004e+00,6.114987500698854106e-01,-2.774891138516813793e+00,-1.751712218526545906e+00,1.977106109185324145e+00,2.303268487063513170e+00,1.910980296434132697e+00,1.834181706117129940e+00,3.959927156876439369e+00,5.572598916346244158e-01
4.732140153328124654e+00,-2.997556307677741394e+00,2.933594849610516420e+00,2.982182514584271527e+00,-1.957861537972476640e+00,-1.888947194265189644e+00,2.792752026001097398e-01,-2.309605804686039932e+00,-2.409080749237411112e+00,1.141478239409630557e+00
-3.164560582802950162e+00,1.021513792188150305e+00,-3.261297034900823011e+00,-1.749951905625927395e+00,3.461909279955713181e+00,2.399768315187206014e+00,4.827823592384841156e-01,-7.143627438506208183e-01,3.440063821936385047e+00,6.780674503977442980e-01
-4.857815731240160417e+00,2.765110707412983260e+00,-8.582879089091095537e-01,-1.799976673542882377e+00,2.014893982188508126e+00,2.519535067130160844e+00,2.518735501542099797e+00,3.542660421167997953e+00,2.194442126820021155e+00,1.390852878346740429e+00
-3.715481463138636808e+00,3.395364598182142757e+00,4.716007845229026607e-01,-9.813603161351063253e-01,1.970678613043400418e+00,1.102599044680075746e+00,-5.962468925010084853e-01,-5.784703914572167371e-02,1.467687641764646056e+00,3.728843013793362804e+00
-3.958511924733976617e+00,2.964074967125940319e+00,-4.087716824255815951e-01,-2.057003651102707220e+00,2.359492637028302919e+00,3.800785086786178546e+00,-1.830966381097560269e+00,2.654248450187697284e-01,2.155483600286585144e+00,8.632156479414129224e-01
2.082122427113374474e+00,-2.928566274402351510e+00,5.556936895770707707e-01,-1.507540876255695439e+00,3.565062034560967597e+00,2.124513239816377297e+00,-3.259549743234916974e+00,-4.160021124105519164e+00,1.591581205498589391e+00,-3.068829836648919951e+00
4.703157546255183341e-01,5.786040473381666160e-01,-3.043188096581096680e+00,-1.986305650956989188e+00,2.338551354862904663e+00,3.473811662781393750e+00,-1.782862650114491743e-02,-1.967059104061448238e+00,4.165679107648290191e+00,3.440085388214241258e-01
2.797977774619010205e+00,-7.636974496123105638e-02,-3.081387542839530980e-01,-1.697312589796880822e+00,2.114242494696673358e+00,2.299397926733071973e+00,8.757788734492244487e-02,-2.164587285372693959e+00,2.440668159663206715e+00,5.100525678991867373e-01
-4.122092767773158251e+00,-6.279101126785886500e-01,1.990680648874088021e-02,-1.376768184102847181e+00,3.185309620133240038e+00,1.493884947147121833e+00,2.617788886648188651e+00,3.589536348650732567e-01,2.289606777207637833e+00,-1.147052140061905062e-01
-4.859185518939534987e-01,1.188035386869605858e+00,2.284385095865622439e+00,2.351682429781056793e+00,-1.758786178523230381e+00,-1.636477419646026110e+00,3.347653362088198747e+00,3.329180054546363010e+00,-2.217281418918822133e+00,7.765934266447510836e+00
-5.150144545202034685e+00,3.099010601113442398e+00,-2.933193116016643121e+00,-1.789165798149092268e+00,2.124427312769767706e+00,2.645665351169355528e+00,2.943168199193594070e+00,4.012459991558011474e+00,3.465777496761653254e+00,1.367100119635158206e+00
-4.476312110525494603e+00,-3.470824647141823149e+00,-2.992661692582538890e+00,-1.768903583741720853e+00,2.600400395810497312e+00,2.427946958051843129e+00,2.534354702510724699e+00,4.833592120434287986e-01,3.955861760060587873e+00,-3.411122923558224329e+00
2.251391933759602892e+00,-9.145635981536885950e-01,-2.543234898187480830e+00,-1.674558565902978691e+00,1.885298802500084969e+00,2.166716248691354263e+00,-1.276842224900942568e-01,-2.851011030463124207e+00,2.567349867547206177e+00,-6.074940792787499877e-01
6.217782167546069161e+00,-1.684125151558292455e+00,2.931731145601712996e+00,2.375588403735273246e+00,-1.814274382882756775e+00,-1.912472068745477261e+00,-2.383439446612802826e+00,-3.845661933301589563e+00,-2.416594768587151165e+00,2.271693877207856538e+00
3.213547216383047189e+00,7.616431865909731869e-01,1.724390853984758110e+00,2.018644178357983154e+00,-1.682226043481575450e+00,-1.232072974323212167e+00,1.315945687718995671e-01,-1.741212130014351267e+00,-1.896041965296890064e+00,4.591201142949178582e+00
-2.291801849335276309e+00,-2.105512957616658465e+00,8.734842992364022507e-01,1.566647450676665332e-01,7.924751617789757008e-01,3.316772679985539596e-01,2.268229521336903254e+00,5.919207578836900296e-01,-3.792833547593337240e-01,-5.882204948064940764e-01
-4.681627639225014015e+00,-2.785495104727505389e+00,-1.875784884626904514e+00,-1.580585128112742987e+00,2.617933559797194221e+00,2.103928056061175056e+00,3.133551211167757700e+00,9.121406839360731711e-01,3.951516403565529245e+00,-3.036717578659186234e+00
9.974896910356862989e-01,1.312032744366314674e+00,-8.131018391313418192e-01,-1.900541125398353071e+00,2.303624611601045480e+00,2.832204432350245771e+00,-1.675524293708537504e+00,-2.393832447375649597e+00,2.371646700018391840e+00,7.973361322408374363e-01
-4.524504212041557949e+00,-3.375092835942393066e+00,-2.214934439146656331e+00,-1.661225049250428576e+00,1.967060842111414409e+00,2.241443756013385524e+00,3.341936987271285631e+00,5.352812755665705691e-01,3.079979134962868237e+00,-3.237316266131041065e+00
1.462890925286253196e+00,3.105547449113053915e+00,2.409332163213762534e+00,2.012437290953777325e+00,-1.563832106350128370e+00,-1.707364204599718827e+00,-1.938979359440135219e+00,-1.205176057811999657e-01,-2.260220919200393475e+00,5.658972909391286166e+00
-3.797136933799694525e+00,-1.594420597143321405e+00,-3.120003949428447498e+00,-1.802173251511048235e+00,1.943664516240222184e+00,2.625122338925047760e+00,2.008288343821136301e+00,-2.798693618389642285e-02,3.348907872521925455e+00,-2.401893914659997797e+00
-4.248423908844522146e+00,5.439612581753063836e-01,-1.950874084503097627e+00,-1.859161011562738164e+00,2.789501357873122700e+00,2.816572901866607026e+00,1.556357479594629112e+00,4.262075708133313823e-01,2.737125029028335987e+00,3.076145914315889240e-01
1.938339076938928374e+00,1.695264994093724553e+00,-1.903269265876700755e+00,-1.932387217140460578e+00,2.280257861876826109e+00,3.111014558275264186e+00,-3.197057879346865583e+00,-2.097073902612702323e+00,3.538257214752622559e+00,5.811311571190262981e-01
4.956308527417939480e+00,-1.062558948079197929e+00,1.006364197280999129e+00,1.038079152795827520e+00,-7.498786662494232313e-01,2.187795385934033776e-01,-2.165155263849433354e+00,-3.778896826328555836e+00,-8.039560196974185891e-01,1.096745005906257120e+00
-1.847655134931452725e+00,2.707957527646907891e+00,9.095504741622502110e-01,-8.823745315008066914e-01,2.260113346259850609e+00,1.029202877064304911e+00,2.531319369800010044e+00,6.486981526075016546e+00,-3.967492349400135732e-01,3.894693746623267838e+00
3.794985864213999527e+00,-1.916751851832729336e+00,-1.224204225185546502e+00,-1.981665791326958859e+00,3.380756517157022856e+00,3.355164247657386856e+00,-2.796800334948775557e+00,-3.961022981308508051e+00,3.079342530622354968e+00,-2.939954167217151859e+00
-2.951383594139693756e+00,2.438119485059386804e-02,6.095828858382326132e-01,-8.361673279304926432e-01,2.442485430634720345e+00,1.272607538975621289e+00,7.534184553366953807e-01,3.451079679037505343e-01,6.577257832634413326e-01,7.752914987880621389e-01
1.668274733033066504e+00,-1.931252833376422284e+00,-1.842353851834510170e+00,-1.637815126359415840e+00,2.479015019370651274e+00,2.282997907245215785e+00,-1.569849456207596416e+00,-3.751168183002624001e+00,3.074812481352342086e+00,-2.681331143321142196e+00
1.276257853621522553e+00,-2.077384007692936851e+00,-2.572143290415738637e+00,-1.903991051328572270e+00,2.030154190828107996e+00,2.965062863486304767e+00,-9.480081770164514587e-01,-3.637802859131254785e+00,3.223309610446537299e+00,-2.972285990352828478e+00
6.607157328118605122e+00,-2.638101455706699294e+00,2.655894219966423719e+00,2.929110439610975725e+00,-1.902334562252519845e+00,-1.864669999899495778e+00,-2.654260380338020475e-01,-3.217429261308357269e+00,-2.340189993936174329e+00,3.628179350609571641e-01
-2.762522761066433574e+00,1.963584058823673928e+00,2.779401184661249857e-01,-1.557685757919472280e+00,2.694516851353693898e+00,2.016262443155320216e+00,-5.993698958760140805e-01,-7.440426506708083254e-01,2.760875568610502206e+00,1.454267967157256258e+00
-4.191763200124873912e+00,4.983945290291265096e-01,-9.657074571039192534e-02,-1.693140146964579262e+00,1.923746044024944757e+00,2.312252855663092799e+00,7.920162921940780976e-01,7.810416307740183361e-01,2.413988460602094488e+00,5.171436462628894448e-01
-2.148047789193835655e+00,1.783215892138853675e+00,1.224294568116943260e+00,1.797311470664921806e+00,-1.435777119682311698e+00,-5.519133910887664696e-01,1.974968636467419714e+00,3.709092931487917078e+00,-9.980624640531894354e-01,3.440223200217613631e+00
-4.455001498377959557e+00,-1.220595134742486820e+00,-1.235881879343692535e+00,-1.728297874179262950e+00,2.987926493005049977e+00,2.468349743362804105e+00,2.166660357476823506e+00,6.985841066097207008e-01,2.524702802670232948e+00,-1.744966999050785006e+00
-5.066124439087569264e+00,2.483008012445294455e+00,-1.069558701125253197e+00,-1.581121830307008480e+00,1.937402039934557951e+00,2.237651223641353049e+00,1.320434552959536489e+00,3.138972786997174858e+00,3.369632752845040713e+00,1.138172187857794171e+00
-1.389421512087939625e+00,1.019046012252835531e+00,2.401002868858039818e+00,2.979261562546217323e+00,-1.946582764405059951e+00,-1.748949906623528117e+00,1.880648992748846560e+00,1.968815890236765842e+00,-2.199291816100277686e+00,4.653549368297083433e+00
6.267702967073515374e+00,7.638370818276989382e-01,2.865079897164228839e+00,4.021942646485650030e+00,-2.139444546066779473e+00,-1.903533088357213909e+00,-1.258890994055398060e+00,-2.816182077962081642e+00,-2.374746948283546821e+00,6.196915750781949228e+00
1.771456734442540704e+00,-1.766472134866838850e-01,-8.780378414041996038e-01,-1.862220356180278369e+00,2.486510782558916333e+00,3.107554362584667995e+00,-5.301960905964633319e-01,-2.985478018805056255e+00,2.852498072382136041e+00,-3.285330261130271490e-01
1.754953041824113713e+00,-2.515182213021081914e+00,-2.008564313444189509e+00,-1.886018163760185828e+00,2.412035285198514956e+00,2.824828854289698654e+00,-2.794234117686097196e+00,-4.065024630677589457e+00,3.620812274057005897e+00,-3.269173476800911082e+00
4.793110733824949676e+00,1.589043146231463588e-01,1.004326872309758478e+00,8.060804645664704227e-01,-6.826065486044597952e-01,7.815832153079182998e-03,-4.348465339766809379e-01,-2.703535079416105713e+00,-7.775517564696391437e-01,2.809280401635393165e+00
6.113600780426220460e-03,-2.567857668033152407e+00,3.243484245893556661e+00,1.901483126462888862e+00,-1.565019332376675454e+00,-1.995097310760236331e+00,2.740290604460350998e+00,3.146506075489553522e-01,-2.496376214694199458e+00,2.198012108268740938e+00
3.832330078832285380e+00,-3.943104025081165531e-01,1.085732071968516621e+00,1.402616122760956818e+00,-1.189419937762719259e+00,-4.274909078827359710e-01,-2.362549342195262359e+00,-3.556648709312203227e+00,-1.037592053626442912e+00,2.535337108369293713e+00
5.721299951291797470e+00,-1.843326034956505932e+00,1.093352393961203539e+00,1.643430221125567581e+00,-1.378132099542038969e+00,-4.973944264794406545e-01,-2.711594779553200496e+00,-3.928694573470720375e+00,-9.006276925905047914e-01,5.639927887637941062e-01
3.405219548168560539e+00,4.874411540039016444e-01,1.223365050463604220e+00,2.871638075083640551e+00,-1.910897029437863548e+00,-5.456378376335743186e-01,2.400746743153012730e-01,-1.836120192630902981e+00,-1.279216046483005575e+00,4.260976087018856440e+00
-4.942299051742924831e+00,1.900081928074008886e+00,-7.765605580702406030e-02,-1.391577872940363614e+00,1.964734515391657332e+00,1.859624103230329784e+00,2.212925478141953839e+00,2.817304154641874003e+00,2.848703661314716307e+00,8.529620787562682827e-01
8.048750906584443143e+00,-1.089271870018449384e+00,2.810444757922265779e+00,2.290020456369184831e+00,-1.765999776255426923e+00,-1.895401855599961438e+00,-8.519972645591424865e-01,-3.310471463888996713e+00,-2.375692025645792071e+00,2.281739736773174432e+00
6.729764051432438166e+00,1.875264487651495671e-02,2.218285623742026758e+00,2.508280971492804490e+00,-1.799365386993261984e+00,-1.699353296738345565e+00,-2.091807013347275923e+00,-3.439954134209766146e+00,-2.194107382760346336e+00,4.156362811189189266e+00
2.590392355250157763e+00,-1.468602663517700080e+00,-1.551255165953291382e-02,-1.614367981586108058e+00,4.056316385950331060e+00,2.196566857253426264e+00,-9.936005294538832189e-01,-3.362839268292779238e+00,3.066022412001911945e+00,-2.054759656205658036e+00
4.453789171871210151e+00,-6.590996410920202386e-01,1.713919700465151408e+00,2.061056986202681074e+00,-1.634830365033006494e+00,-1.301796132031102893e+00,2.376581171963678685e-01,-2.276318647244865989e+00,-1.733561237885037576e+00,2.801252266549989933e+00
6.828658562040062385e+00,-2.714963810567518898e-01,1.219353840384037824e+00,1.375626192297100259e+00,-1.198006623349120003e+00,-3.028853588203407332e-01,-1.506548788888387058e+00,-3.368894687332738336e+00,-1.353496183059633484e+00,2.855564274420623327e+00
-1.570009186826812897e+00,2.017935452423924581e+00,2.784911433949297077e+00,2.526893510542882471e+00,-1.823846799659941897e+00,-1.908570595715926022e+00,1.619841592865358670e+00,3.062090581492665997e+00,-2.394783646948588363e+00,3.912752893322324788e+00
-5.323900504167252024e+00,2.043447685736722974e+00,-9.986023890914954571e-01,-1.732119652395111675e+00,1.964202155246577819e+00,2.279691200711278398e+00,2.519500473037682653e+00,4.852448886907886560e+00,4.289106087175134974e+00,7.791040263448467673e-01
3.409408370580249148e-01,3.586935223450580246e-01,-2.482781761951124544e+00,-1.932273406023722551e+00,2.957749531723342429e+00,3.101196609940678695e+00,1.326060988488659831e-01,-1.980271594519851019e+00,3.420708440063294553e+00,5.687031727942393200e-02
1.287323917139372664e+00,-1.023950887058328263e+00,-1.843114222615497955e+00,-1.746493086060677991e+00,2.762410005308493233e+00,2.492034259505489402e+00,-7.695588485575557414e-01,-3.352283735764276518e+00,3.619626496596380250e+00,-8.720752221670274862e-01
5.163717693262256603e+00,-8.340037245774745145e-02,2.386832457540206676e+00,1.921735314524235072e+00,-1.618319686314113159e+00,-1.731641645076323455e+00,-9.730351218159638549e-01,-3.097785834256565174e+00,-2.261584143355632293e+00,5.242011642188035836e+00
2.499246697153513885e+00,7.126420692048425209e-01,1.687045206284163434e-01,-1.525773688424471919e+00,2.271790852618379208e+00,1.762149174278899277e+00,-1.415656007806065375e-02,-1.657814210643224095e+00,2.889111861517608126e+00,2.321321927566593057e+00
-4.666486736469813046e+00,2.136884417197017605e+00,-1.956833476964534579e+00,-1.687703051701204160e+00,2.817990967202013586e+00,2.306016313960500330e+00,-1.238966574478199689e-01,1.041166050670895959e+00,3.496362173750585001e+00,1.633143218806178076e+00
4.421375027596786467e+00,-3.442800909477401916e+00,1.711992458766834702e+00,2.514556641648383550e+00,-1.848811532665682211e+00,-1.364057838901523878e+00,4.251285086082798870e-01,-1.783962235640285332e+00,-1.790229855321961328e+00,1.697476804971208786e+00
1.245605879233389945e+00,2.468418007364780564e+00,2.764817853075337339e+00,1.782584665828609749e+00,-1.517824684062611507e+00,-1.859491561053348674e+00,-8.821643254481470464e-01,-6.729448548520046147e-01,-2.387274439494700751e+00,4.128146926438041930e+00
-4.613328912464425891e+00,1.439661092218325500e+00,-2.275407890837932712e-02,-1.399687549872477232e+00,2.013907764476618567e+00,1.499547250991853486e+00,1.016006909530549507e+00,2.172350546384750558e+00,1.962209421093928041e+00,1.315917074959676247e+00
-4.623778475118476727e+00,-1.074373821624853953e+00,-2.592960198372924019e+00,-1.777913109342319720e+00,2.208295419464825660e+00,2.570723628685603224e+00,3.092549970832901174e+00,4.993974184473882194e-01,4.343556242587133021e+00,-1.219476577435380404e+00
-8.211903154600168619e-01,-1.942278556462089023e+00,2.670363694210511341e+00,2.680456276141953698e+00,-1.801112264331725887e+00,-1.840179738143205013e+00,2.879055764171591036e+00,5.427605666509851545e-01,-2.297321335495335237e+00,1.004669527742583224e+00
-5.074022634681278454e+00,-2.853736872071976460e+00,-3.083222591792730949e+00,-1.871588089744895989e+00,3.744165300504931793e+00,2.728460090084173117e+00,3.144736596353745028e+00,2.100240448808532445e+00,4.212793890897803983e+00,-3.332089378863755780e+00
-1.221025550263224124e+00,1.867750074149578943e+00,1.533019986355808051e+00,1.494660420611843010e+00,-1.366218131088932308e+00,-8.780428498205870014e-01,1.738939261509351297e+00,3.248971068846865595e+00,-1.469579565945093869e+00,5.432555842133555579e+00
-4.445727871096920580e+00,3.113813220421851824e+00,-2.238063232453921358e+00,-1.690165002953227802e+00,2.747663639269882996e+00,2.223360167811053500e+00,-5.567295741263307285e-01,3.419308281405925021e-01,3.301154569379336934e+00,1.628667364935729944e+00
2.681126622538266613e+00,1.285229548219126272e+00,5.756370881412049556e-01,-1.151968177090561429e+00,2.186459357530792236e+00,1.312187524967345809e+00,-1.567638757962266816e+00,-2.408175220119214810e+00,9.861726236209082952e-01,2.066087941589993093e+00
-4.744621017546664987e+00,-3.172282419578949408e+00,-2.478057251765640068e+00,-1.602491414226328681e+00,2.898462865185138071e+00,2.415032855581676685e+00,2.172219171500079149e+00,8.914104172554113692e-01,4.957518262038276724e+00,-3.284496473633630398e+00
9.775939262122245177e-01,1.761017063283098594e+00,3.135373555702479109e+00,2.035787376305916219e+00,-1.615911915464690818e+00,-1.982826070759814430e+00,-1.512664883333731947e+00,-9.735150657649337402e-01,-2.468546682058536668e+00,5.055001588392497247e+00
-1.719745504218475940e+00,-1.816301612524311437e+00,7.054591777443626199e-01,-1.419838033337331273e+00,2.744961254840077469e+00,1.851317006453364611e+00,6.788274478398470535e-01,-8.806456284978467774e-01,2.719126784396919683e-01,-2.286016990846617247e+00
-4.001686133646390253e+00,-1.070924871451857996e+00,-9.606472761273963101e-01,-1.693711131191009578e+00,2.163030186375640707e+00,2.239606368021017868e+00,9.348990348693062558e-01,-2.098792116083754711e-01,3.011081345409402754e+00,-1.388887039440732440e+00
-1.150603694671616051e+00,3.027321739406294121e+00,2.457691591882806392e+00,2.696218714172184061e+00,-1.809790900611579323e+00,-1.783287591126977434e+00,6.557336173629781939e-01,3.080401818584125984e+00,-2.239258970939162374e+00,7.213559371238565276e+00
5.410725130315706011e+00,-3.344989974595056204e+00,3.243732963934236047e+00,2.712640386918421687e+00,-1.895660208677345526e+00,-1.991960605646884153e+00,-1.127252574965089238e+00,-3.837630889144712398e+00,-2.498143348455512225e+00,2.878307394837947841e-01
-3.484770729335077810e+00,1.470859692836155475e+00,5.590366821759644722e-01,-9.681124440788069219e-01,1.810657071472848711e+00,9.534549193817190016e-01,5.541532463907090644e-01,1.174389075909467062e+00,8.855489909494504985e-01,2.041422315968981938e+00
1.074362746080753439e+00,-3.055751058568090706e+00,-1.640914280227622868e+00,-1.810998854743786080e+00,2.258450846538794909e+00,2.748457707106584991e+00,2.532307414138945667e-01,-2.483890972467317937e+00,2.730165868027802034e+00,-3.405284710356847100e+00
-4.957205639263333019e+00,2.038325629814653261e+00,-2.715241786780078215e-01,-1.619320920389655249e+00,2.709173034655750989e+00,2.398108023613914508e+00,1.519528349585827165e+00,3.136938742314566930e+00,3.072211957981768826e+00,2.871810290178713032e+00
-5.795953861591495171e-01,-2.103283817829701530e+00,3.189127387033363625e+00,2.066118141509304618e+00,-1.683903958390838396e+00,-1.997478705409512445e+00,2.569397170653943796e+00,8.842542319370082504e-01,-2.488551219296555761e+00,2.216654935063564036e+00
5.894496969963684663e+00,7.087683497593122439e-01,2.026256285966502979e+00,2.534979990532727712e+00,-1.725522953275784976e+00,-1.436592612174739214e+00,-8.258443034960052387e-01,-2.524649882949410173e+00,-2.018572826455545588e+00,5.835283111074318185e+00
-2.678344391530017576e-01,1.345255218488916604e+00,1.544193569306525404e+00,1.858231675874722821e+00,-1.432894291315415902e+00,-1.141641006818193249e+00,5.035866966828752567e-01,1.217713268487640721e-01,-1.542398376385230696e+00,3.745467713146793276e+00
1.165580622353501461e-01,2.787832321318339801e+00,1.080231370797434920e+00,2.085886373230309232e+00,-1.631967475529747968e+00,-2.356313222124271078e-01,-2.958332739609986550e+00,-6.370365305680083523e-01,-8.979679520468537568e-01,5.499096054623443308e+00
3.834369014857559321e-01,3.267448239786441277e-01,1.791619135708206301e+00,2.129146598644288790e+00,-1.722418718758291334e+00,-1.454317456978540646e+00,1.115207931618987125e+00,-3.988441124726474496e-02,-1.849238393619829779e+00,3.542559859218409990e+00
6.808232491606677428e+00,-3.450861361605852551e+00,2.390600811481669474e+00,2.081877095666072375e+00,-1.643490950787403815e+00,-1.762272024673229964e+00,-4.066354191187033784e-01,-3.475074836729575178e+00,-2.257794269120544595e+00,1.071421490224043538e+00
-4.126856381154222042e+00,-2.442299847228870835e+00,-1.561030872310702922e+00,-1.986525611598568331e+00,2.427692083530303080e+00,3.485864436960383728e+00,3.348594388871370953e+00,1.977975297644511410e-01,3.616658022689558827e+00,-3.445462111747763512e+00
-4.842265452073105436e+00,1.599156696776543818e+00,-9.813477714351082071e-01,-1.896120185608332287e+00,2.554955319671962322e+00,2.870104909838403273e+00,6.117255158617735944e-01,1.317814009454320257e+00,3.450141828188133530e+00,6.150548264374817720e-01
2.546026170481650031e-01,3.217955874489943469e+00,3.007480435660048634e+00,2.155372274037874014e+00,-1.737477141237059097e+00,-1.946783224881563967e+00,-2.724915389860545822e+00,-9.497309276614451790e-02,-2.442837083670208020e+00,4.141110578210958515e+00
-4.063721532528222546e+00,-1.927628985594712407e+00,-3.460377768133118259e-01,-1.909863406678283582e+00,2.905568183701555451e+00,2.897600684278168526e+00,1.488808929492847710e+00,3.426195803708026455e-01,2.072673896442160935e+00,-2.764502377458833760e+00
1.431751433922510142e+00,-1.275961925801342822e+00,7.099477386375685484e-02,-1.296924705332133332e+00,2.416900615982304767e+00,1.572221618440562407e+00,-2.455390798636449823e+00,-3.787946829700392204e+00,3.269357933653346926e+00,-1.415139076406141561e+00
1.786652312506626039e+00,-4.237581948551816247e-01,4.759862904186480392e-01,-1.162457081799823655e+00,1.837867243282502949e+00,1.170844800739194058e+00,-1.201033697832845970e+00,-3.080630833129027746e+00,2.310029557812013579e+00,1.208243261708164651e+00
6.943134950995816013e+00,-1.561804735990149240e+00,2.495381570938272731e+00,2.412852924382816067e+00,-1.637476826803181629e+00,-1.810886339182176785e+00,-2.141454873522937508e+00,-3.864778626202372003e+00,-2.285145327835720774e+00,1.514064422559139533e+00
5.166572142815564206e+00,-2.649500168553228896e+00,1.790153156480744023e+00,1.909419011285560908e+00,-1.629120874187809154e+00,-1.368934769221887837e+00,-5.150671934019284137e-01,-3.409789422110057977e+00,-1.762527490571781152e+00,5.013980770392387765e-01
-4.455974910073509321e+00,-2.424117316119452692e+00,-3.209697065420713535e+00,-1.701736455522872227e+00,2.543069619579664487e+00,2.275459449874377427e+00,3.069732123975841276e+00,3.084341417021079224e-01,3.368106015846675128e+00,-2.906583849802756525e+00
-1.422687965427012369e+00,3.326517992243051225e+00,3.018458619113210339e+00,2.569481726422937040e+00,-1.768645071251124357e+00,-1.955351818366582783e+00,3.069936441708439823e+00,4.089924482146770401e+00,-2.422307319243498291e+00,4.644787493187616079e+00
3.230068812640169540e+00,1.610709655433700149e+00,2.133718648107691962e+00,3.669399334282176905e+00,-2.084937823785852462e+00,-1.610732584701981329e+00,-1.093312611638639353e-01,-1.390883274763295319e+00,-2.126939277114040294e+00,5.904654963798838807e+00
1.293793998920067079e+00,-1.383333191267777096e-02,-8.122892206824365857e-01,-1.347194530007998159e+00,2.276855589849231531e+00,1.772246032951820593e+00,-8.689123180564406468e-02,-2.281302623593437939e+00,2.628680922251793284e+00,6.330112671410603742e-01
-5.087306801900949083e+00,2.263404253176998893e+00,-1.201540859406827977e+00,-1.766680179704756215e+00,3.860933664180020486e+00,2.393327580124913645e+00,2.351639819039511359e+00,3.935732439804485505e+00,2.962192525586888614e+00,1.092121370186564189e+00
-9.276013635287339021e-01,-2.031715974280089654e+00,1.909943134311180124e+00,2.763702243617348397e+00,-1.893535534501144424e+00,-1.321916610140413617e+00,2.133518270832658992e+00,2.645488422171404785e-01,-1.955526976527597771e+00,1.644838679937432380e+00
2.267827020961145301e+00,-1.660190559013237532e+00,-1.807263967712417152e+00,-1.661312805006003090e+00,2.095202575115031163e+00,2.097166904620766825e+00,-1.401600928035855897e+00,-3.604737816045236354e+00,3.394599304414315455e+00,-2.386320486735584279e+00
8.151220545332748202e+00,-1.538109117747199495e+00,2.828635164612347985e+00,2.281350753959720201e+00,-1.678284507476160314e+00,-1.883511500007026607e+00,-3.375323251053352180e+00,-3.984280287413993538e+00,-2.343829267709894193e+00,2.118583641755971136e+00
1.391959096716978372e+00,-2.681567643445040172e+00,-1.481994733912313844e+00,-1.688972885315347616e+00,2.503068673701482005e+00,2.118962368283926256e+00,1.483732215812514355e-01,-2.528570812637641829e+00,3.966840629172418531e+00,-2.998415878454757877e+00
2.141335657644941826e+00,-9.612195066169340052e-01,-2.881117225317347597e+00,-1.772146151206341003e+00,2.017921248273449208e+00,2.519186170151737514e+00,-5.803250373249886351e-01,-3.120165616163872002e+00,2.870133051114870604e+00,-5.554572360539580256e-01
-1.085472676412089221e+00,2.358499162901335211e+00,2.448431329640955667e+00,3.041847161343231853e+00,-1.963503514964947128e+00,-1.800665420656605509e+00,1.949339624969836038e+00,4.371074572265289504e+00,-2.238425051901674401e+00,4.583362217310211761e+00
-4.793084148327233507e+00,-2.701861852708581146e+00,-7.957560700354968652e-01,-1.499484777067330077e+00,1.900832167155015462e+00,2.064810111478919907e+00,2.242541294293128651e+00,2.051151250772250023e+00,2.471100010487339294e+00,-2.784576452187725870e+00
3.284934569076735755e+00,-3.142951719614108796e-01,8.324661110741296000e-01,-9.967481729098015553e-01,1.927050273639640876e+00,1.130079899255336473e+00,-2.642171320991555827e+00,-3.645020602258745246e+00,-1.023005523500277736e-01,1.283596132301748627e+00
1.756461485288439039e+00,4.147649860698341406e-01,-4.414717148155458126e-01,-1.444574059360612672e+00,2.485496329871224930e+00,1.877526643088070379e+00,-7.457580077480034930e-01,-2.722140257931362939e+00,2.394804188964480218e+00,6.060900525559550500e-01
-4.126709073344287937e+00,1.904284926411494716e+00,-1.712285203156507229e+00,-1.725742397913681669e+00,3.671472704928446795e+00,2.404456225542312087e+00,-9.323149980452933860e-01,-2.280840476765577662e-02,2.932221886726749549e+00,1.266005223844909988e+00
-4.320546672231827756e+00,-1.904421455841002864e+00,-2.723063476408453809e+00,-1.842250107273263993e+00,2.861327311246826710e+00,2.950695420063985441e+00,2.168005557608800871e+00,7.238931594569016914e-01,2.907089545073308301e+00,-2.885973748296605912e+00
-1.823272261594361954e+00,2.297786143918157720e+00,6.866841788351152331e-01,-1.055410296455993713e+00,3.300028379180099058e+00,1.144910914040466299e+00,-2.523952946551264009e+00,-8.583682276965616254e-01,1.273872856317737723e+00,1.527463476436516032e+00
1.691448832629917298e+00,9.162390374042184149e-02,-1.704688868737921137e+00,-1.645398409676801288e+00,3.573361303000589295e+00,2.176790572876231344e+00,-2.712044218167207976e+00,-3.490764950639657638e+00,2.543420578217130412e+00,5.207459111532503071e-01
-4.237553545406013811e+00,-1.724972581362858026e+00,-8.128890008333895523e-01,-1.634350441400855170e+00,1.928660077420125685e+00,2.335087158363491788e+00,1.105633212525519049e+00,3.838157498891792141e-02,3.004074300836237832e+00,-2.530211411299793323e+00
-4.584013840606040446e+00,-3.229219131549127209e+00,-8.937567258805478865e-01,-1.946068951707507599e+00,2.202188154614049154e+00,3.071628878114696981e+00,2.079963754778201945e+00,7.141674450285687703e-01,3.623276701562030411e+00,-3.580703441840071832e+00
-7.171144880165598590e-01,2.505063405021536127e+00,2.651936251944992051e+00,2.502607419047314430e+00,-1.763984582009834101e+00,-1.787970298539675706e+00,6.663999536885922836e-01,4.007639433283662456e+00,-2.338153930068928688e+00,4.869655645098543317e+00
2.934870664459511946e+00,-1.288903554032239551e+00,-2.727403009493639008e+00,-1.800495748451765854e+00,2.213531228260958716e+00,2.563498789859316673e+00,-5.352928193687529479e-01,-3.147103147811369350e+00,5.366860337400241932e+00,-1.920022636616524725e+00
-5.028916660870928368e+00,1.876923174229428781e+00,-1.493650881192999158e+00,-1.699074057291613871e+00,2.221383045726538441e+00,2.513164973035393768e+00,1.955066301004145579e+00,2.488103344435955488e+00,3.694954444119213921e+00,1.398641194461216708e+00
-6.080458710268545897e-01,-2.507319010234621004e-01,3.310702819506625261e+00,3.318317044867351573e+00,-2.027139571495146786e+00,-2.018389664310209941e+00,1.330619060183843239e+00,1.737301547282536496e-01,-2.508518551087004056e+00,5.152383839839206559e+00
-1.162505594333327785e+00,2.569274259536474148e+00,3.177839221283634608e+00,2.093196917919606825e+00,-1.688292746019221191e+00,-1.977853446675769122e+00,4.441469033726779259e-01,1.117067627635193627e+00,-2.486416676883403287e+00,4.585967212784672675e+00
-4.630665634536348385e+00,3.412754864041712466e+00,-6.050261597440544925e-01,-1.791184156873445898e+00,2.254866132718931659e+00,2.623166631529891824e+00,-5.878967702994630784e-01,6.742161254940032267e-01,3.249361457653331620e+00,5.113168903842694180e-01
1.070389966822268502e+00,1.523138515776302881e+00,-2.361399532809944635e+00,-1.828214873803429619e+00,1.946846044591745928e+00,2.748716821540651445e+00,-8.311101904049018607e-01,-2.029857716297817749e+00,2.616111932813110830e+00,1.530049998153613089e+00
-5.068551518888174456e+00,1.904378272294200869e+00,-2.803535761217309741e+00,-1.852538722256144466e+00,3.022617992205248072e+00,2.722221539748507446e+00,2.808629867592397744e+00,2.390298074635696324e+00,4.071024711191777001e+00,3.988774366143115757e-01
8.830222312698921883e+00,-7.087976638309445576e-02,1.603404571422208491e+00,2.450262814532554234e+00,-1.814423342315806043e+00,-1.228295582733479829e+00,-2.008980509483675903e+00,-3.483581229121613720e+00,-1.703744541751010644e+00,4.434507327347612993e+00
1.017332177625893230e+00,-8.267527419451958792e-02,-6.917115803537106089e-01,-1.941615700825334745e+00,2.392573003753008187e+00,3.335978335154390795e+00,-2.531191887718344802e-01,-2.822533010855796221e+00,2.870676735086665765e+00,-2.452368936561461488e-01
-4.170852222341952853e+00,2.498400004337568703e+00,-4.338282309256187297e-01,-1.873416271455350834e+00,2.978230498898575718e+00,2.964595013922958877e+00,-6.146964311294644823e-01,1.161234936937008966e-01,2.246155502715793784e+00,5.484952663962823216e-01
6.212093474920916680e-01,-1.124429661313364193e+00,2.777105267221001483e+00,3.126202357880073279e+00,-1.986418131672112342e+00,-1.868116534394212991e+00,1.366120097866181382e+00,-2.656820909170421463e-01,-2.383955881087735929e+00,1.925652421327677777e+00
-7.021173147832224792e-01,-1.430323020081074592e+00,3.382687615922086444e+00,2.324106593504086327e+00,-1.787149782082597449e+00,-2.036913600267686419e+00,2.357523230025167393e+00,5.310864359059267459e-01,-2.519069711269927847e+00,2.767676844243784906e+00
-3.624074859178490815e+00,-3.448904397067575012e+00,-2.237249544309838356e+00,-1.901928201003517671e+00,2.723429939301153180e+00,3.186086516025778970e+00,1.169521896253032267e+00,-2.822687235071608680e-01,3.435702684318760358e+00,-3.674930405910744824e+00
-4.961954428296926345e+00,1.504069971388767968e+00,-1.384232256137140737e+00,-1.859028580263534236e+00,3.089979880174647864e+00,2.713858724033450631e+00,2.870228919861507855e+00,1.753509542212055017e+00,3.791719914034259453e+00,2.211735955860222591e-01
-3.618473346601736473e+00,-3.389681249661141926e+00,-1.526525785083436837e+00,-1.907363670233187092e+00,2.135990456930334069e+00,2.881351052221852616e+00,1.213472528256120064e+00,-2.491478533519810856e-01,2.919908726702949764e+00,-3.561867741352269245e+00
3.593898117654132918e-01,9.242254701800334260e-01,2.562228373445303298e+00,2.550493669288676823e+00,-1.779006727678781541e+00,-1.807540226940032912e+00,5.946843719984640231e-01,-4.251374082201559990e-01,-2.299958968015574090e+00,4.792225106513242849e+00
1.901617926583351714e+00,-3.369082217233099197e+00,4.039070933181601042e-01,-1.402575236314864027e+00,1.810170753696781931e+00,1.772368039201161594e+00,-2.309292036011107108e+00,-4.076983584333561339e+00,1.200851871100573787e+00,-2.979692745824487066e+00
2.420097344917526150e-01,-3.070608659048090328e+00,-2.175607695501552641e+00,-2.013817697457359834e+00,2.377168741577974309e+00,3.460413412950002154e+00,4.171872623641403877e-01,-1.980100775846517003e+00,4.486691375336972598e+00,-3.649708739518159550e+00
-4.302677005934322452e+00,-3.471382160848176746e+00,-3.134802378470897821e-01,-1.662468225985682002e+00,1.958819657622806965e+00,2.065248218396042557e+00,3.194051313686231630e+00,1.372684799683195900e+00,2.111773289015526522e+00,-3.202068658450549332e+00
3.189321112532715885e-01,2.052301745591179838e+00,1.810956951687531458e+00,1.950776857140607667e+00,-1.528510983901677056e+00,-1.407587696632498941e+00,-5.057537265351879086e-01,-5.211883328713795560e-01,-1.850805315898503167e+00,4.649678321488925903e+00
-6.777198047898566058e-01,-1.090791603054106051e+00,1.960675943348322292e+00,2.416903193048857368e+00,-1.798849161849164657e+00,-1.494409099841077060e+00,2.143021025185126049e+00,6.841582424692093101e-01,-2.028140133891211949e+00,2.203795183987896866e+00
2.139468973622469683e+00,1.287867937686710818e+00,-2.639126167995264449e+00,-1.716705657031004417e+00,2.267781984926432237e+00,2.583818249890060148e+00,-2.698972632681376549e+00,-2.502610667754182394e+00,5.062522733899117000e+00,3.884590018795160971e-01
1.483163046130600016e-01,2.800891830364012236e+00,2.314539129621935309e+00,2.103149289572823655e+00,-1.720743722579677781e+00,-1.754925250125927372e+00,-1.567735219730536755e+00,-3.236294264953898381e-01,-2.221543841736307812e+00,4.311523199705676213e+00
3.603089250594896598e+00,-2.155131100395609955e+00,2.893567703912984790e-01,-1.023055238363733022e+00,1.902187556759631137e+00,1.258067127042762579e+00,-1.176413839569728559e+00,-3.719999697320061305e+00,2.177052556492460766e+00,-1.986388738507207208e+00
1.590745781407825854e+00,-5.017977155130051159e-01,-1.034457941509135281e+00,-1.529065271555231087e+00,2.894996030835179646e+00,2.135312476771566104e+00,-1.472566443406079006e+00,-3.363504130871282527e+00,2.488331800157108198e+00,6.613488842322223782e-02
3.936558362945801193e+00,1.049596360691984920e+00,1.840837891899784751e+00,1.811993590533111931e+00,-1.435585242247898075e+00,-1.482515008118941102e+00,-7.647608490392654446e-02,-1.359093386041981599e+00,-1.942317029656540850e+00,4.310277257928345485e+00
6.864941044109325929e+00,-2.127827055381765753e-01,2.964464331891614179e+00,2.130957292209608056e+00,-1.654062659185272732e+00,-1.951340150420356023e+00,-1.310649751887154935e+00,-3.169483689231821888e+00,-2.411332467370590038e+00,5.692322487571940925e+00
-4.486224558769064785e+00,2.779169743571937801e+00,6.976227849184386542e-01,-1.449798065599392283e+00,2.978233549499008426e+00,1.620392876441163921e+00,4.736490383416747108e-01,2.186044793431039412e+00,1.840047651417508368e+00,1.387492563196246476e+00
-2.347895266529733682e-01,-2.963975125296120172e+00,3.286048363568352393e+00,2.857523189289924659e+00,-1.888997799625573570e+00,-2.008653230297199777e+00,3.477285823631532935e+00,1.177991930947690058e+00,-2.507287216659533691e+00,1.603549658638538267e+00
1.716483450407951583e+00,-1.856352162657381566e+00,-2.041404844149598663e+00,-2.049793230756658868e+00,2.471191073349921385e+00,3.717997326797866542e+00,-1.283725095467343369e+00,-3.712903555641750675e+00,3.117649480215594515e+00,-3.077745355790622028e+00
-4.452732479110737884e+00,2.188692369080693645e+00,1.731193714552210494e-01,-1.439789130585652499e+00,1.892776785440927201e+00,1.746314129391643100e+00,7.295615874798144773e-01,1.698099721673546281e+00,1.714130380463015690e+00,1.607784009278821369e+00
-4.510038487751664604e+00,3.008658587718660016e-01,-1.153730812584275345e+00,-1.669992881527305517e+00,2.148158009075704200e+00,2.431338402854358538e+00,2.267192622983554173e+00,7.067491073519056588e-01,3.784971271280052285e+00,6.014630897431640921e-01
-3.361765611272988785e-01,2.634451557512329956e+00,1.982119262705127838e+00,4.117234698037623097e+00,-2.152302043830647715e+00,-1.566921071464470128e+00,-6.224728316808869621e-01,2.774804723097403780e-01,-1.946780824641292762e+00,5.460134952847841561e+00
1.892908046283856782e+00,-1.699300904901514198e+00,-6.794492987584233035e-01,-1.665747466822723233e+00,2.255455688903787781e+00,2.539797282273848822e+00,-1.114948836610602623e+00,-3.595685716151163280e+00,2.296877685458772245e+00,-2.404292752852615678e+00
3.033825512741867847e+00,-2.962192884463647147e+00,-3.076997493289987506e+00,-1.817089654744061145e+00,2.814182275204933692e+00,2.816444698937705660e+00,-3.285904714609872546e+00,-4.165481498343244660e+00,2.807637866703772467e+00,-3.401451098770739812e+00
-4.258298370133932309e+00,-1.249879793058358946e+00,-1.840369468785561846e+00,-1.736318513319399237e+00,2.219410608235299343e+00,2.576182846840460616e+00,1.535637859207016120e+00,6.319381162298578491e-01,2.610922654508994523e+00,-1.825105872852087474e+00
3.853376126528370804e+00,-5.898942224909076160e-02,8.764803748246539072e-01,-1.309418178968979607e-01,1.504894447512300282e+00,6.341915899473276053e-01,-3.471089207677121813e+00,-3.630088855709833418e+00,-4.881581820369124136e-02,1.789991299781284573e+00
-4.072352921650696622e+00,-2.930893537260436332e+00,-3.453786225900413065e+00,-1.836697609733458192e+00,3.980477929144536020e+00,2.740955093551894706e+00,1.096507261376888032e+00,-9.451816917749322755e-02,3.040164621507362330e+00,-3.408640909613668946e+00
-1.597423433071203158e+00,-2.226847685601383908e+00,1.308536361361755773e+00,1.418750044637697272e+00,-1.329796651528956541e+00,-8.749876878986436735e-01,2.976238411983547216e+00,1.321820528075823509e+00,-1.357300278341659672e+00,2.163727106726239247e-01
-1.769433502275037373e+00,1.533112329294113785e+00,-3.466066259299755092e+00,-1.778935839529090179e+00,2.528937096939052331e+00,2.461468139393605092e+00,-1.993197366241510338e-01,-1.153778534124532795e+00,4.723500899287161658e+00,1.818031679700686576e+00
1.780659365407531558e+00,1.042727824144296100e+00,-1.348441377043094747e-01,-1.763952986589580663e+00,1.999009011498469768e+00,2.402636540887982619e+00,-2.440423660384527960e+00,-2.644410068437374139e+00,1.888936885757805939e+00,2.652868356348915824e-01
-8.260082274222199095e-01,-2.246338591736917412e+00,2.855637659905161385e+00,2.498512517736843463e+00,-1.846321820952458115e+00,-1.926263076549487918e+00,1.012861211049012944e+00,7.883495900116597177e-01,-2.379342647038911185e+00,9.485623031451750897e-01
6.914947578923722915e+00,-2.189624501729505290e+00,3.185445317514394858e+00,2.079782166145800026e+00,-1.706255137917318532e+00,-1.992532678226369480e+00,-3.499219332618449751e+00,-4.102871430557268440e+00,-2.486779055426427743e+00,8.409019002828457268e-01
-4.929841244241382370e+00,1.642752560584791688e+00,2.254389979984443571e-01,-1.277393486196869210e+00,2.502011496575239580e+00,1.448948330917606331e+00,1.852351334843618247e+00,2.559470730845220920e+00,3.111415977738585248e+00,2.549285635844862785e+00
-3.077356404362674880e+00,3.197741877044331105e+00,-2.804299456594767648e+00,-1.603469175946571790e+00,2.618136252656983576e+00,2.402947457186973335e+00,-3.304397712954699529e+00,-6.213967415877162948e-01,3.053813302668514140e+00,7.682904598208695202e-01
-1.270489384313705061e+00,1.880398087064556023e+00,3.216166766991469750e+00,2.428927187777114138e+00,-1.825701686522572587e+00,-2.005079701069573783e+00,1.132564712889649883e+00,2.698628624553884858e+00,-2.483194207617299920e+00,4.044692641273671896e+00
-3.579664338704123150e+00,2.380773843196255513e+00,-1.549958701583864951e+00,-2.152725238152641385e+00,2.466528572903040839e+00,4.437010040575781744e+00,-4.589707617198692802e-01,-5.692095278962302496e-01,4.290048249787390411e+00,5.151595007788358771e-01
-3.713862624068759111e+00,1.976107839542057931e+00,-1.622243439104885221e+00,-1.623563598712725708e+00,2.199263966570227158e+00,2.285590166164793047e+00,-6.314521616421142625e-02,-3.021327239046918689e-01,3.323238526509998181e+00,2.139131446857359009e+00
2.295627102028038546e+00,-1.625417102952172232e+00,-3.992620519383542899e-01,-1.696533717204382175e+00,2.164594994886800183e+00,2.193173547779062815e+00,-3.254724634013799189e+00,-3.955985243620720571e+00,2.103758455741661759e+00,-2.414325075791599495e+00
-5.039340927222480282e+00,3.276542149612351018e+00,-2.484111805382227534e+00,-2.016315275448866462e+00,3.214224079527923550e+00,3.571978129256436763e+00,9.724056415690682798e-01,3.552778154709787639e+00,2.874090118713724884e+00,2.447974914817862280e-01
-1.290291322460708878e+00,3.588582496382013431e-01,9.729460249167631858e-01,-8.354758736104272998e-01,2.135632215699467373e+00,9.010723581387589665e-01,1.116361888091478960e+00,6.045725626461249946e-02,-5.349354460748496631e-01,2.728664611258279749e+00
2.083885771883609905e+00,-2.928589025667260870e+00,-9.906258495706810052e-02,-1.473812890891679217e+00,2.966824659165922640e+00,1.674070386182810566e+00,-3.064077992589511190e+00,-4.142049833344002785e+00,3.401578716678025138e+00,-2.826583428619245719e+00
4.690691654377828756e-01,1.209954084828937404e+00,3.231467271330978441e+00,2.243008585616630857e+00,-1.692252628111106771e+00,-2.003118572827117472e+00,5.146841389492768926e-01,-4.100153783921746675e-01,-2.490313715992225507e+00,5.267106094787605386e+00
-4.615078424574325489e+00,2.288320003540437853e+00,-9.121885827542861591e-01,-1.716309778276113196e+00,1.845490680641688197e+00,2.229028010698368423e+00,1.708772759342740422e-01,1.096437145399282942e+00,3.644036019910505075e+00,1.444674254476941755e+00
-4.913725427488489395e+00,1.942403687648726063e+00,2.706203726679179411e-02,-1.700833639707694189e+00,2.768291887938294948e+00,2.393482825664567937e+00,1.850791143338121891e+00,3.760198926649414020e+00,2.570922601568358612e+00,8.572258502521552526e-01
-4.314455245552348828e+00,-1.580400074110638098e+00,-1.880360346632702573e+00,-1.900820525291608165e+00,2.736177674602460197e+00,3.067655955650421262e+00,1.048596929707427350e+00,5.097669302415481773e-01,2.860022437982118859e+00,-2.592619096375731846e+00
-1.629561459355560515e+00,-2.508442920131038978e+00,9.756289262069408608e-01,6.772306822531739545e-01,-6.225398450891361790e-02,4.307440745430861084e-01,1.361084178455562288e+00,1.717060326342740417e+00,-6.704052195748675391e-01,-8.643846392458398586e-01
-4.712968354392044645e+00,-1.399329086954618440e+00,-4.381974254736276109e-02,-1.807877382465071125e+00,3.680433796364661170e+00,2.736261351591362967e+00,3.272436048718973645e+00,1.129299186762809937e+00,3.216035142807048608e+00,-2.120203336485384504e+00
3.115427618180415692e+00,-1.126330566283515466e+00,-2.483665046699461865e+00,-1.657744490865477260e+00,3.934094009772339362e+00,2.367654419516638242e+00,-1.782388498239525276e+00,-3.606147001760907855e+00,2.677413688802111835e+00,-1.456255639536724322e+00
-5.023841407662285263e+00,1.698317695768285951e+00,-2.070765343436079764e+00,-1.817239588626799351e+00,2.955899023385549107e+00,2.727671046557611056e+00,2.298799514582281489e+00,2.777000100448629105e+00,3.446264875134806172e+00,3.868421093773629638e-01
4.306929345233826645e+00,-2.562499977306918808e+00,1.114350546829925293e+00,1.030954764383020805e+00,-1.021828341941764418e+00,-1.860995436278354842e-01,2.855840748827036535e-01,-2.072865642489985838e+00,-1.029902175243021523e+00,-3.138871821589307998e-01
7.103829489127555519e+00,-4.289933946329771430e-01,1.499412335772100313e+00,2.791339564359391900e+00,-1.921270554147832321e+00,-1.195863376417616974e+00,4.230390889511363994e-01,-1.513148203369476752e+00,-1.539981080909032407e+00,3.170882069833055539e+00
-1.165168027451197297e+00,2.325325898570828720e+00,1.693767166507202049e+00,2.366498763154528007e+00,-1.784143607652584507e+00,-1.316673131194694646e+00,3.350031508455861839e-01,3.720972440773469003e-01,-1.823408041194098717e+00,5.845047481044876037e+00
-3.585153662368111949e+00,-1.275895422940664936e-01,-3.372944695241978597e+00,-2.180074721012091654e+00,3.175728349970426301e+00,4.659752848818895288e+00,6.947228836240189054e-01,-6.367776257567521192e-01,4.051732070473537561e+00,-3.349150599966314035e-01
-4.764299700873197985e+00,1.257848133117539291e+00,-2.107544386769076183e+00,-1.889524724724425786e+00,2.139080800182165731e+00,2.830810004703381288e+00,1.226281023788086344e+00,2.239656525283718835e+00,2.964920785278769344e+00,7.374425559802391117e-01
1.119188987737834040e+00,-1.295905397334269349e+00,-1.167448260335964605e+00,-1.839626514713667449e+00,2.101329216562198177e+00,2.925684364747554334e+00,-1.722240493437539044e-01,-2.590399682149529870e+00,2.523091611205512841e+00,-2.022214174620328819e+00
-3.753389233384647916e+00,-2.487684190434283682e+00,7.248942692952686784e-01,-9.568957873675723036e-01,1.683060902628313205e+00,9.878048714707017286e-01,2.359810903599981913e+00,1.445606665144391290e+00,5.737610140139056680e-01,-1.825311290718496293e+00
-4.117496883634644611e+00,3.404864108919751331e+00,-2.577122585701827617e+00,-1.879318099213589832e+00,2.369949358263506944e+00,2.765391034159592643e+00,-9.394957566260693227e-01,2.601295208316796170e-01,3.438112919144382662e+00,2.058876410792002787e+00
-4.114348575317326784e+00,3.121696966932072215e+00,4.924155301990573719e-02,-1.709071199229169613e+00,3.207241782732549673e+00,2.388629723256757487e+00,-1.912207450223473604e+00,9.060259140593474037e-02,3.240939831405767801e+00,1.363961599275843817e+00
2.965979451379016307e+00,5.818151453767299586e-01,-2.340850491205995976e+00,-1.809174589553166568e+00,3.667093204512866578e+00,2.840213566962976444e+00,-1.574538093427659602e+00,-3.025577069661757434e+00,3.338389002245674586e+00,5.969192870225819014e-01
-3.348783746389654148e+00,7.884051109535477053e-01,7.654967709012225896e-01,-5.452816063377932121e-01,1.639362810135636339e+00,9.233888603247646376e-01,2.233150926303230754e+00,8.402283424713524740e-01,1.656063009760983251e-01,2.582419732231980181e+00
-1.473152441073852792e+00,2.308093438372383233e+00,3.203386891093474631e+00,3.219948486636961427e+00,-2.007965123964745136e+00,-1.987602486048622108e+00,1.281991329574196037e+00,2.643823003758023038e+00,-2.482534864326821467e+00,3.926460202381965470e+00
-4.404044218816659750e+00,-2.110104714563533879e+00,-1.829784320585869928e-01,-1.397084505138329158e+00,3.321135463231261742e+00,1.683877581481633134e+00,2.712084117637031611e+00,9.321337868694303808e-01,2.160771064730116819e+00,-2.264094202298704506e+00
-6.807647906300707819e-01,-1.515592354323853641e+00,3.279635522173674822e+00,2.257502218155125639e+00,-1.693816199119797972e+00,-2.013721669100496658e+00,3.213512688986368104e+00,9.074511387946361252e-01,-2.503386301302038319e+00,1.918326535384638820e+00
-5.237771883231927994e+00,2.758941498980852280e+00,-1.357915542597110115e+00,-1.832626458006420656e+00,3.366748297630990816e+00,2.611559479553473118e+00,1.558246499696958054e+00,6.002869176706955301e+00,3.403377938844970974e+00,9.374434873617452091e-01
1.868240235240756331e+00,1.601513968314694836e+00,-4.004331585325653364e-01,-1.888120988216388296e+00,2.904845381283374994e+00,2.869047222141382747e+00,-2.936930548636742078e+00,-2.267484394568013872e+00,2.480793816787062678e+00,7.819255835726844905e-01
-4.090744292495758216e+00,-3.056474392958311359e+00,2.941610701135388695e-02,-1.684473442449666569e+00,2.249201646180801983e+00,2.251495901406723732e+00,1.062405878440610962e+00,3.937998503960191687e-01,2.443237930682760073e+00,-3.124136305745096820e+00
-4.899700119616991145e+00,1.136715752913317168e+00,-1.619962459768215179e+00,-1.618714725235404828e+00,2.083738449112595870e+00,2.052268838979701471e+00,2.467071568558449890e+00,2.288636780372709012e+00,2.716698895680688786e+00,2.628949828595209759e+00
-4.230808445546593077e+00,-2.181237641503724234e+00,-1.126260748742927920e+00,-1.608552707001793314e+00,3.672088550434870591e+00,1.997437722235066104e+00,8.827670092364057197e-01,9.494467640342318937e-02,2.865267058205478889e+00,-2.708733892312370273e+00
-3.514391911582820605e+00,-6.838024552338319850e-01,-1.450786024318009737e+00,-1.648251759389814497e+00,1.872172653641726914e+00,2.246930803077966665e+00,1.030864712471256439e+00,-4.429835376376704548e-01,3.024611502513758321e+00,-6.800021505866177263e-01
6.388730649545657059e+00,-2.162001695234651688e+00,1.455477511186158424e+00,2.630595731498897472e+00,-1.870449774716480551e+00,-1.006778158774698229e+00,2.568150832502644754e-01,-2.142150753890388337e+00,-1.601727252909729504e+00,3.373987207274475875e-01
-4.498829704037269117e+00,-8.260387517668390522e-01,-2.935811772216954552e+00,-1.896305401580952177e+00,2.416195322539627988e+00,3.244023522174316998e+00,1.986035187214748809e+00,4.467343191010838543e-01,3.635517104269389232e+00,-1.214236765603877055e+00
-6.604071711396556355e-01,5.846756680782068116e-01,2.366358426699020079e+00,2.066468051308033793e+00,-1.639942724070572178e+00,-1.768105720247434176e+00,1.428947489301394924e+00,1.360224066577106150e+00,-2.182907602630212551e+00,3.675210082868321848e+00
-4.638748682929469069e+00,-8.998918475497461600e-01,-9.641703684128266616e-02,-1.194973949495358845e+00,3.259474737828394808e+00,1.581006208139324576e+00,1.689195758171535999e+00,1.091944797360598685e+00,2.758576962299370106e+00,-4.954362066314424995e-01
1.123061015556843900e+00,-3.246851006152633445e-01,-1.268988413046614472e+00,-1.882304547515414539e+00,2.061719154421600919e+00,2.780018844970634451e+00,-6.109236486978613101e-01,-2.944566001282250767e+00,4.045152826169757354e+00,-2.499076652074919691e-01
-1.523205167137134275e+00,3.211877554186638228e+00,9.950975604896816762e-01,1.204625360384260269e+00,-1.002250017040672736e+00,1.456844872060778229e-01,-1.471843268041275632e+00,-1.963197762580076167e-01,-2.246786931005171351e-01,3.973276316429247501e+00
1.986406039005006008e+00,5.037470144105649084e-01,-2.227161660553794498e+00,-1.817562789197798345e+00,2.117633180715427166e+00,2.796237510422033612e+00,-1.923432426335083711e+00,-3.185211079625048569e+00,3.092622394685814236e+00,7.133867683756558442e-01
-4.728324277599328163e+00,-9.356180702267327121e-01,-1.504110405200037359e+00,-1.876510152357422800e+00,2.424824697921992289e+00,2.834254759481066976e+00,1.320808233386229880e+00,6.671514927552797403e-01,4.562612498088785884e+00,-1.250962228373525109e+00
5.160742734537058674e+00,-3.114657056116699074e+00,3.016165738901062099e+00,2.334209557509104194e+00,-1.749558371646337207e+00,-1.966574798737698027e+00,-1.781780334799107912e+00,-3.910336335008150588e+00,-2.445048513576191240e+00,9.689957861445308573e-01
-4.900498459736607693e+00,8.111756786799917407e-01,-3.155081233362664328e+00,-1.883614262058585398e+00,2.570639197997770964e+00,2.850718259123682152e+00,3.400779545240376400e+00,2.407127386986187112e+00,2.885576391826513376e+00,4.471173038107251196e-01
1.134179611075866845e+00,1.695572099246896336e+00,1.600114503398724075e-01,-1.671337731581418629e+00,2.832755602926132710e+00,2.113218099073783662e+00,-3.200775007965041663e+00,-1.977436317076341377e+00,1.631174249809546062e+00,7.200083632613236695e-01
-3.551173285505744293e-01,1.990994816372526621e-01,1.815379862678675238e+00,1.922390592997170966e+00,-1.579561206114292737e+00,-1.331045004193823544e+00,2.207927077761841161e+00,1.457392396143339708e+00,-1.940605883063065029e+00,5.159810188659223584e+00
3.328341148043699960e+00,-3.808647913936784590e-01,8.968570314320185588e-01,2.034235880462834656e-01,1.213297850247941900e+00,4.045240684361161021e-01,-5.653709244080364904e-01,-2.892991499845247283e+00,-6.660563076815784189e-02,1.856090449942822351e+00
4.558540100499834047e+00,-2.088510138514001468e+00,2.251019449086113511e+00,2.272199669372108044e+00,-1.754033535478524586e+00,-1.693946790586290829e+00,-1.465525524995020312e+00,-3.808007143037712261e+00,-2.189914192337729215e+00,9.388898801738503330e-01
5.499677271328752504e+00,2.262706436782959685e-01,1.929678244481944915e+00,1.952849203488648877e+00,-1.502242697962983264e+00,-1.337764991389099212e+00,-2.895790546950960831e+00,-3.275066593033391094e+00,-1.977945204220451503e+00,4.149755754214234926e+00
-3.683610864143276320e+00,3.246931268124562564e+00,-3.470614740316024349e+00,-2.140440419285948082e+00,2.657502230268241838e+00,4.307267040526502555e+00,-1.995816237820488670e+00,-3.917053551008731760e-01,4.335285486361294183e+00,6.083642176883515829e-01
-5.168216636646189244e+00,1.924751118505261260e+00,-3.482684930341054752e+00,-1.959065783097383662e+00,1.988171475862126503e+00,3.229233993649680112e+00,2.489444588419932103e+00,6.285076224488078012e+00,2.780300971165920565e+00,9.610520965687837647e-01
-6.895641006964035036e-01,-2.425723084144242758e+00,1.468596670648792291e+00,2.076712929643361516e+00,-1.572052025238286799e+00,-1.129752981855411509e+00,2.740436059739174368e+00,1.096249661720748891e+00,-1.417246990346394453e+00,2.110745683440700404e-01
1.728175950800546534e+00,2.713433222052652027e+00,3.448892331196477201e+00,2.069224368673038494e+00,-1.640764743045165952e+00,-2.049245095135594497e+00,-2.683776865421610758e+00,-9.495379582679357444e-01,-2.536360649710841741e+00,4.279980549993783079e+00
-1.422901121101475264e-01,-2.572315630287138166e+00,2.079028488957860965e+00,2.559601276983160645e+00,-1.828973799231708552e+00,-1.518577244207407695e+00,2.284097888077274874e+00,-8.520598892924168000e-02,-2.129650721321969975e+00,2.169764146322533671e-01
4.584254426500336876e+00,1.721348967469817914e+00,1.247032123716079965e+00,1.645101160203392254e+00,-1.485485489984209373e+00,-5.209849580363854482e-01,-1.005336812599113561e+00,-1.272484277356568549e+00,-1.356492897557825872e+00,4.512932364390678686e+00
-4.698123872467683704e+00,2.537706046153528128e+00,-1.513208328041786288e+00,-1.928448045987479986e+00,2.222042972239694603e+00,3.052183884974743577e+00,3.892625925850450308e-01,2.510817350942820880e+00,2.479240705230895792e+00,2.996105807732447612e-01
-4.577432528539087997e+00,1.368260063830646800e+00,-2.855718902648759272e+00,-1.796214624117864478e+00,2.449365630536996186e+00,2.732214754612404484e+00,1.956173780648960303e+00,1.361019427007971183e+00,2.688564970629910178e+00,3.469610507806798472e-01
1.063616541887248168e+01,-6.761672194542693859e-01,2.739878084954670889e+00,1.866904581220847126e+00,-1.574031129669576590e+00,-1.873463787635550659e+00,-2.949726643285613736e+00,-3.714035853568017131e+00,-2.320939033812312591e+00,2.994796829711678932e+00
-4.802825895876944529e+00,1.556141552574521469e+00,-2.549173351239531371e+00,-1.644880595167605541e+00,2.908234436912708443e+00,2.191138628079011053e+00,1.552821315355290110e+00,2.200434578165942234e+00,2.718070165640595448e+00,1.133966483794678570e+00
-4.217362638999078150e+00,-8.399758431060222463e-01,-2.635318731090772637e+00,-1.857489363677988337e+00,2.780660320489900972e+00,2.774035621369788096e+00,2.956361313032283888e+00,4.797101337591717085e-01,3.006767247265561327e+00,-6.969206901458748771e-01
-4.112621034884210935e+00,3.458901769963437900e+00,-3.407402612313215506e+00,-1.730235536617442005e+00,2.821231176899201110e+00,2.447729618637031201e+00,-5.879730161738612182e-01,2.111160283888245948e-01,3.227784533613894613e+00,1.127153222960131096e+00
-5.918866852629967035e-01,-1.801839361010793006e-01,2.230760835933731201e+00,3.004844490167286608e+00,-1.955385347966724696e+00,-1.696525355762516396e+00,1.287992632274251648e+00,9.273021125039193624e-01,-2.175838429533967666e+00,3.329478235152033339e+00
-1.572471067336145278e+00,3.355551903781492484e+00,3.246624402722644298e+00,2.235324248607944320e+00,-1.594324379877984255e+00,-2.009025818637678373e+00,1.166391086560802925e+00,3.592892961209707803e+00,-2.496991627010741510e+00,5.058884517363301470e+00
1.684183097931337025e+00,-2.427498906229121900e+00,-2.913928199703110344e+00,-2.042508675622601633e+00,2.900638269165685124e+00,3.715807158821684553e+00,-3.452155893130097741e+00,-4.116229826018432902e+00,2.954063768238047949e+00,-3.488618432527969215e+00
2.856705527070069195e+00,-3.267861556500051279e-02,2.900332069981211625e+00,2.516660577622057637e+00,-1.847326178640426919e+00,-1.913531645538712356e+00,4.111897370744959090e-01,-1.305345141362567407e+00,-2.421894462771139178e+00,3.856456189873419760e+00
-6.439856842056275177e-01,3.308750530172858362e+00,2.130614017613795319e+00,1.898745626174312973e+00,-1.617410369854239471e+00,-1.632094905818515018e+00,-2.372812282367331882e+00,8.721827746077670529e-02,-2.151018530768148196e+00,5.156613710814929696e+00
1.535872059262001432e+00,-2.426176674289655111e+00,-2.512349158646359992e+00,-1.955947756581413399e+00,2.223569444870582945e+00,3.277355205426539797e+00,-9.196657531624441440e-01,-3.610880043467428191e+00,3.097863013493895590e+00,-3.339360540139649558e+00
5.219298674961027729e+00,1.044127433131740723e-01,3.030123446471858273e+00,3.326227446476844207e+00,-2.037143046585969675e+00,-1.967205022934277237e+00,-1.115978084783566970e+00,-3.075371403743657694e+00,-2.448341016949930893e+00,6.097244861435402896e+00
-1.459492987466608493e+00,3.068262886058219507e+00,2.189107335387624254e+00,3.781732079488845599e+00,-2.108248897818893575e+00,-1.687552075361907544e+00,1.159251312123531719e+00,4.138693811800225220e+00,-2.139654851686014325e+00,5.882278553814644262e+00
-4.649649994544233778e+00,1.053369831038705406e+00,2.379585788367126753e-01,-1.689718016149796442e+00,2.524009657708052856e+00,2.507440058771817082e+00,2.059876894686493820e+00,1.525150602627939556e+00,2.194998423293501144e+00,1.409194353771535457e+00
1.512555587625777465e+00,-2.244256508232717717e+00,-2.512722686327651722e+00,-1.704770493650331398e+00,3.054507258964807903e+00,2.393385451940392539e+00,-3.189642340243680874e+00,-4.064315508845453451e+00,4.154663508189777588e+00,-2.847371376532186638e+00
-4.172561860254480059e+00,5.755140168782917343e-01,6.162071929556098837e-01,-1.113679637178730308e+00,2.044172956233041738e+00,1.290628868948585417e+00,3.300120220219646683e+00,1.625247986688357793e+00,1.198130893546204279e+00,2.153502760026278828e+00
-1.124448904158236173e+00,1.137460562893687133e+00,1.884721045144232221e+00,2.509952720998426479e+00,-1.830315463403717757e+00,-1.434103556154140424e+00,2.422847033087651702e+00,1.716547392945301009e+00,-2.005513089911127089e+00,4.462702040090318789e+00
1.330540493293483673e+00,1.578963776111474537e+00,2.745175069100091569e+00,2.167881739287802922e+00,-1.682871349858831023e+00,-1.886076291230751156e+00,1.168231459015469653e-01,-2.960093047381989750e-01,-2.374061026112208150e+00,7.964501771241971895e+00
-2.343342901724254634e-02,-7.411776971780099643e-01,2.966613010303325026e+00,3.186746137513090549e+00,-1.987569372375400434e+00,-1.941518337038525610e+00,5.655000270607741797e-01,-1.851538947292088455e-01,-2.418854112607205842e+00,2.812739312243156764e+00
2.250985335020541989e+00,-1.661608550542553520e+00,-3.099738632999335053e+00,-1.836599720520697643e+00,2.781763485448731643e+00,2.677657623050675006e+00,-2.522129205173654576e+00,-3.860778724147019947e+00,3.926830514117197080e+00,-2.550261508475099248e+00
2.644184553250277681e+00,-3.013603130418048170e+00,-6.412050523693837434e-01,-1.883914439519269068e+00,2.791912436374428541e+00,2.789116011814846807e+00,-1.607381763952581810e+00,-3.855352172816412626e+00,2.510095638315003708e+00,-3.425395514378614781e+00
-3.820447292694521213e+00,3.419737839691451065e+00,-1.218660686094612089e+00,-1.585148933879968691e+00,2.631258377090876177e+00,2.368283481292438708e+00,-2.329393563134743772e+00,-1.338332863114163329e-01,2.796030570083535949e+00,8.098309599055136809e-01
2.216302385495060978e+00,-6.477172071969570233e-01,7.516926572332947032e-01,-8.272773262934405292e-01,2.418806253117518068e+00,9.584666745271368526e-01,-1.259961168736300152e+00,-3.383215349328039689e+00,4.629515019927345487e-01,1.015737257308419350e+00
-1.607616479601236881e+00,2.133435930862053631e+00,2.227384118719555772e+00,1.778842493368096411e+00,-1.544423525270247399e+00,-1.668171770674791832e+00,2.214442225079779725e+00,4.167169186690221849e+00,-2.171554660283794735e+00,4.528352331022913013e+00
8.892865807167016357e+00,-3.440708553909725964e+00,2.098978073141842593e+00,3.280401647774278562e+00,-1.979864468962244217e+00,-1.486982540478442694e+00,-2.903018571591142294e+00,-4.166425827195779696e+00,-2.078291521837437816e+00,1.895881906993269195e-01
2.315897669460032393e+00,-2.752772327254131124e+00,-1.550487058260046069e+00,-1.898281168832174792e+00,3.193871214967823668e+00,2.860877092319328518e+00,-2.029379487452371844e+00,-3.970828192258995859e+00,3.240168801339277316e+00,-3.264756142797937244e+00
4.617059129459325284e+00,-2.445906395358791841e+00,1.074882731342404085e+00,2.395116605611350202e+00,-1.826585596863199212e+00,-2.976024206366563174e-01,-1.526796664203500686e+00,-3.841939977645720816e+00,-1.046535253841845980e+00,3.188108420724354852e-01
1.649436706277228382e+00,-2.073868872121934714e+00,1.206762728268797602e-01,-1.288018868595577127e+00,2.083552299717932321e+00,1.549690837734442939e+00,-3.315735987151513520e-01,-3.312526422510484458e+00,2.197328848253568001e+00,-2.350851250201492881e+00
8.769972975767119650e-01,2.635716751621262510e+00,9.277005734299947903e-01,2.962277705611532919e-01,6.448773343935934044e-01,4.104918806188459501e-01,-2.347858455263138300e+00,-8.586837471985268033e-01,-3.758490219452260139e-01,3.036027265106097772e+00
-7.799324497966244607e-01,8.949818150828612318e-01,2.872340446337120490e+00,3.366537493455816765e+00,-2.039568152383969935e+00,-1.920081336646856762e+00,2.020300261330593372e+00,9.754937422567585559e-01,-2.379209606607243455e+00,5.602605591962991127e+00
1.854766229381336951e+00,1.476453451160604224e+00,-8.316097365752863624e-01,-1.674828777677587643e+00,3.623949382720922152e+00,2.424835807477065952e+00,-6.793257368167950894e-01,-2.032544626232549057e+00,3.632446912792794524e+00,9.644584174283251654e-01
3.624281766372376978e+00,-2.381724266901430909e+00,6.099797513144142869e-01,-1.224641960228739945e+00,2.326365920193546266e+00,1.353034511863569600e+00,-2.851238270655828799e+00,-4.048817108410426080e+00,1.926992490087614751e+00,-2.145282933935312109e+00
-4.491750938597538045e+00,-3.051597496145470600e-01,-2.914406275221280040e+00,-1.857327476540781896e+00,4.247789413890103560e+00,2.861516659616419656e+00,2.517847210678635150e+00,7.809299856758484815e-01,2.930752447273589745e+00,1.930659610704743567e-01
2.209898921739688049e+00,1.568077573232480759e+00,8.274912927285074105e-01,-4.210894152685030201e-01,1.569501234483587027e+00,7.323660147360111505e-01,-6.633266090338594267e-01,-1.471585397612632518e+00,1.220129906604731085e-01,2.956550963088395712e+00
1.949660722705778060e+00,-1.707002219204048821e+00,-2.836166428386708294e+00,-1.851517131694482288e+00,2.505374094453279632e+00,2.881606671116582419e+00,-2.970882461600934832e+00,-3.966894078103659460e+00,2.673845744295787696e+00,-2.766848487326323713e+00
-5.241272896292872296e+00,3.240322515613815568e+00,-2.833991373780521794e+00,-1.854965474610755782e+00,2.544370824543129572e+00,2.891180526936087514e+00,3.112500629494758364e+00,4.254421595579928272e+00,3.804093140395087502e+00,1.064397156400421540e+00
1.645286678064046493e+00,1.116245184489192965e-01,-1.314731221207289913e+00,-1.750800883126274909e+00,2.503381919811997314e+00,2.575059573674733926e+00,-1.692295595035763878e+00,-3.246925766775375255e+00,3.536087095871462083e+00,4.121430804666209591e-01
2.398257073255019911e+00,-1.534090521192837731e+00,-1.337761445106603553e+00,-1.687254304183918086e+00,2.411176365379985587e+00,2.127662407651445875e+00,-7.518496930416733726e-01,-3.413570389684791984e+00,3.153895150867068509e+00,-1.922324286230026491e+00
1.253098865307109566e+00,2.334154429691803756e-01,-2.353000571469479940e+00,-1.733878668688221047e+00,2.374453493317673747e+00,2.762927614129885523e+00,-2.314695551498942905e+00,-3.256117756493235316e+00,3.041825517940053736e+00,4.339151864916167556e-01
-1.069539463358659681e+00,2.014425071153732816e+00,-4.122393567873476883e-01,-1.313196330352114805e+00,2.699155100335311808e+00,1.837747137276944054e+00,-1.725512051895419230e+00,-1.331020875105542345e+00,3.158821986771038759e+00,3.321782212064490203e+00
-4.621995323595132987e+00,4.085147178582295702e-01,-1.598095254037330548e-01,-1.802814406390539803e+00,2.833817896464527308e+00,2.564293204623420586e+00,1.897382627146386724e+00,1.855957532094064000e+00,2.528081123980087330e+00,6.072290761744226772e-01
3.504285879289414041e+00,-5.144067758667234536e-01,2.741633139485704085e+00,3.270619034013061643e+00,-1.997272868576736693e+00,-1.870489017815073485e+00,3.489984875439153811e-01,-1.750280887733881130e+00,-2.347093746033347639e+00,5.102771821814365616e+00
1.276625771919659869e+00,-2.539282078687130628e-01,-2.932094104511984156e+00,-1.777096969580677310e+00,2.717759635043783817e+00,2.426357691301844532e+00,-1.958335533358776193e+00,-3.415033651844186835e+00,2.924702982455430700e+00,-4.883192200025521235e-02
-1.046607187939415429e+00,3.328421763533691013e+00,2.690787062980872335e+00,2.522404314266209369e+00,-1.841247689446780189e+00,-1.842237072363246853e+00,2.462864085821542481e+00,3.773854883062061738e+00,-2.359039465958402637e+00,4.382598327310569530e+00
-3.840698491178820007e+00,2.833262586618459977e+00,2.718031996616430135e-01,-1.408786834253529463e+00,2.516226053754630154e+00,1.545906418255590165e+00,-2.087268665751470742e+00,-1.774453495288749183e-01,1.764155508909153625e+00,2.216775960564459691e+00
3.995836737003152894e+00,-3.880115664161154498e-01,-1.372885942346893096e+00,-1.889457104901718587e+00,2.145089735772970574e+00,2.877344396437777174e+00,-2.559601016684379893e+00,-3.508349103957888904e+00,2.889925868228722994e+00,7.382267800161967930e-02
-3.906716110326252434e+00,3.101425206375961530e+00,-1.287096035765165958e+00,-1.578584047264229850e+00,2.845433727538527524e+00,2.062201994468784161e+00,-7.688500779686116005e-01,7.021053369126706301e-02,2.519506050379967110e+00,8.973446314053705741e-01
2.471634463062186704e+00,-4.365897943229679612e-01,-1.215342537656741495e+00,-1.784208989286942604e+00,2.166158870278157789e+00,2.420810228256081054e+00,-1.641031776266047348e+00,-3.373580452826220988e+00,2.893472832742659762e+00,-1.012784819312436135e-01
3.225499518523122777e-01,3.366296161265639242e+00,1.909343634289101921e+00,1.821540807404052442e+00,-1.583757482799283967e+00,-1.498502446561817747e+00,-3.137660915179598220e+00,-3.979098824981640581e-01,-1.971821602959878739e+00,4.634354824513914117e+00
4.080991624913981042e+00,-3.282524886150355314e-01,1.204116686172294060e+00,1.394280992351615733e+00,-1.341729186632223181e+00,-5.595976534619788723e-01,-2.805048299615312324e+00,-3.636543955023745500e+00,-1.121426478573393837e+00,2.931245569054480971e+00
7.855921711023667875e-01,-5.023989483069075668e-01,2.679233782203372272e+00,3.081313761644221660e+00,-1.959459344633285749e+00,-1.797238711211702977e+00,7.989904284849984606e-01,8.535409486177958360e-02,-2.335474705515699245e+00,4.192207483911712274e+00
-3.610967816853179801e+00,1.557010616074603782e+00,-1.665924249213998065e+00,-2.105627631893344009e+00,3.087574180390669554e+00,4.215783606503426206e+00,7.481516776476571096e-02,-4.997970987846449553e-01,3.276723824901460524e+00,7.127592114775951893e-02
5.664187268622375093e+00,8.766031830889824406e-01,1.072490687239427309e+00,9.349540278567475271e-01,-6.499347697260169365e-01,1.663069445884741704e-01,-1.896718616803465096e+00,-2.647149564771013264e+00,-1.086452508700063602e+00,5.879554409455826303e+00
2.213152421117266844e+00,-1.870289285579250338e+00,-3.303066492324444603e+00,-1.773116212228786681e+00,2.705088892833205527e+00,2.427255910372376757e+00,-2.879705640151454471e+00,-3.945768256496452242e+00,3.136615881958547902e+00,-2.715107091522490190e+00
2.116256290507223525e-01,-2.212056426098345518e-01,-4.210431048006455512e-01,-1.863700807525261682e+00,3.229869465216465230e+00,2.903748809095582750e+00,3.233113398382290171e-01,-1.357018206011614714e+00,2.114774769712907787e+00,-5.488466665657243393e-01
-4.336999524281339724e+00,-7.296900357909255064e-01,-1.368557340339581430e+00,-1.810582903906632568e+00,2.877473362636415288e+00,2.809434910585281386e+00,1.550349660434640064e+00,7.380176490551353385e-01,2.603548305399839613e+00,-1.442368300299038397e-01
3.148088961356987792e+00,-9.331064311980341586e-02,-1.198670600320348889e+00,-1.672248089225054191e+00,2.554197934236306811e+00,2.154533374765616571e+00,-3.078609825431313229e+00,-3.586917669501521910e+00,2.459234288786432021e+00,6.368293305752442679e-01
-4.380818604615410727e+00,-2.628859262079493497e+00,-1.458013862474102584e+00,-1.901851946873039267e+00,2.076976453955541313e+00,2.888766784247549957e+00,2.135074863553125368e+00,1.459917191045170259e-01,3.403692039747438169e+00,-3.270583875056733980e+00
-8.425156598803517083e-01,-6.059403250651778094e-01,1.888862932341465850e+00,2.232289634802569367e+00,-1.732494470576869450e+00,-1.442317620566339054e+00,2.589377470748293497e+00,1.633407672062136884e+00,-2.022653104416785474e+00,2.790582332023114454e+00
-1.784988184215832163e-01,2.330357287585717252e+00,1.281595671792961078e+00,1.550874348799261115e+00,-1.407704127487600099e+00,-6.659325906137048001e-01,-1.191720784681127299e-02,-1.040870754204578919e-01,-1.227165068055185548e+00,4.616406818744323459e+00
-4.824496671951819415e+00,3.065291641053711658e+00,-1.036517316194091265e+00,-1.602522878940396023e+00,2.640616508446002264e+00,2.502974960994427622e+00,5.684033842981328633e-01,2.022159580308213744e+00,3.090902509039167079e+00,6.682042959789040726e-01
-4.723970972002704549e+00,3.430994625901986339e-01,-2.640671670535135185e+00,-1.973156937273825129e+00,2.648874192530105809e+00,3.288447515511487396e+00,2.967253147154647941e+00,1.697791319775816099e+00,3.227712810917428232e+00,4.412401448710074892e-01
-4.676336448711507110e+00,1.046543429360190736e+00,-1.758585499288757070e+00,-2.067566221339107724e+00,2.024583630104034526e+00,4.015891329794222031e+00,2.113695287445148452e+00,1.131921761330489939e+00,3.013219478065592760e+00,2.078894086673357955e-01
1.413575360059555530e+00,-3.845217148631672188e-01,-2.406830267752063879e+00,-1.670116479683025679e+00,2.667041463664884038e+00,2.106094075850606817e+00,-1.769180456629464437e-01,-2.831650636526666265e+00,3.850057935908883344e+00,-1.873469701608077576e-01
-7.749214854446028200e-01,3.248143757500816520e+00,2.116385794590607716e+00,2.216609554689285222e+00,-1.686975365671791849e+00,-1.590072183966759534e+00,-1.835340330165749378e+00,7.227646044083335664e-01,-2.131521166132465783e+00,6.014179948277942778e+00
-5.113914988078958501e+00,1.998041453507934051e+00,3.894696470329135352e-01,-1.313189179627971548e+00,1.843918590510754019e+00,1.619483151203738203e+00,2.172436720674684629e+00,4.362161018268341017e+00,3.113461535303869265e+00,2.459024202534124015e+00
-3.680513009313575168e+00,2.836579370327392269e+00,-3.476598027246771583e+00,-1.658503700915872736e+00,2.821616974075720652e+00,2.355654232736405174e+00,-2.068951422358432879e+00,-4.319515606664159901e-01,2.858111775084142714e+00,5.847980745843287531e-01
3.739632777562926336e+00,-9.799203643609262215e-01,7.663454784366230399e-02,-1.720082592387314424e+00,3.894505550106566627e+00,2.355210365125528504e+00,-2.381741949632293576e+00,-3.744614437794536066e+00,2.041439531111742145e+00,-1.353579064060899340e+00
-4.694054518532827736e+00,2.031666818588802492e+00,-5.202299137149415387e-01,-1.562815539267008891e+00,2.322656018973512815e+00,1.933571991693176839e+00,8.052043288768242491e-01,2.581058603242608385e+00,2.164279203297982512e+00,2.167682870792412952e+00
-8.605856808645785394e-01,2.032570896250271986e+00,3.261431970515665135e+00,1.907520121460920981e+00,-1.440459919508779496e+00,-2.011763667196289962e+00,1.177852671794168415e+00,2.747894654604503550e+00,-2.492231524250446473e+00,5.948909901029621139e+00
-6.135845068194516472e-01,2.413149682085340864e+00,2.758685965714837707e+00,2.477591613436822993e+00,-1.809760781389257112e+00,-1.805623091291537641e+00,1.439003340531221475e+00,3.389316474113242883e+00,-2.374403290214515572e+00,4.411084734719205258e+00
6.789496316854426006e+00,-1.949496700582042497e+00,2.368378613259329413e+00,2.306864208254749471e+00,-1.791210109399702155e+00,-1.682469587793342658e+00,1.563451930091557252e-01,-2.319829677609504870e+00,-2.252975699285184152e+00,1.249987161784388734e+00
-4.526410643123120359e+00,-4.304590222231698959e-01,-3.710619064605102935e-01,-1.583067250432216078e+00,2.316351376941226725e+00,2.032023731902570685e+00,2.614189677086378616e+00,8.313049189940792116e-01,2.714022076636087633e+00,1.605088233461593461e-02
5.384365577945032122e+00,-1.885084522461712986e-01,1.755414180348978448e+00,2.239857628058518291e+00,-1.758662312763964231e+00,-1.236537608870606153e+00,-2.023115406991330190e+00,-3.356860505330837796e+00,-1.708812640240417124e+00,3.473667681111741512e+00
-4.725274902027552848e+00,1.841222013969519011e+00,-8.466871381158611598e-01,-1.628744445011957920e+00,1.953767567588069909e+00,2.188164530125571439e+00,1.241337955704198137e-01,7.254576069898479584e-01,3.970799932456844594e+00,1.970330771462698305e+00
-4.094727215077602622e-01,1.468350526791883937e+00,9.315275984006659016e-01,7.219115073164504848e-01,-4.474010340121159501e-01,2.163592393518113943e-01,-3.401167534901388123e-01,-5.426926074280469248e-01,-3.682115046933256974e-01,3.693648990548333622e+00
-5.150412247762261586e+00,3.261196141136085913e+00,-2.105270083078325527e+00,-1.692893231245691243e+00,2.634195035893582837e+00,2.214812722283419522e+00,2.709131368337500234e+00,3.963404726505463938e+00,3.381532986726334844e+00,1.112062821499455012e+00
-3.793574155554866323e+00,-2.618431186830534330e-01,3.847608417218415511e-01,-1.298038032039276590e+00,2.713465685308134034e+00,1.877705877504828536e+00,2.860924050458147683e+00,6.661303673724161545e-01,1.207147641287894535e+00,3.963416666274403033e-01
3.090441441935650069e+00,-3.289133193250044052e+00,-3.406633126481422913e+00,-1.783181046864172004e+00,2.039155371229023128e+00,2.609677639894053325e+00,2.705449446296945837e-01,-2.471543361789231508e+00,2.695041684926148040e+00,-3.431547467043980504e+00
4.528409055522572224e+00,-8.903196565707505172e-01,2.235641874606055346e+00,1.803228009831781220e+00,-1.556949058583060763e+00,-1.718455804123909969e+00,-2.923123035831074024e+00,-3.739045780009599085e+00,-2.182231634395463082e+00,2.282242714006026851e+00
2.270013272373673008e+00,-1.670661607520859793e+00,-1.493180512440002161e+00,-1.909754796972769064e+00,2.340464145301295318e+00,3.114950232370645722e+00,-3.023711181157474392e+00,-3.981088637810357156e+00,3.253478854653141905e+00,-2.522599525601011194e+00
3.724887153496595493e-01,-8.791153581768949010e-01,2.583286036440488154e+00,2.760962064093795298e+00,-1.820660937702681670e+00,-1.774460491234315374e+00,9.873886164209935146e-01,-5.764716637236805274e-01,-2.311588884034608160e+00,2.421287227277105547e+00
-4.719245002435613401e+00,3.075172328632389984e+00,-4.651759413401457266e-03,-1.293250080400687674e+00,2.103424730310070156e+00,1.554605742970480931e+00,1.554663952570448870e+00,3.345145505362661975e+00,1.983299288540130823e+00,1.806700646082180839e+00
5.079514192922435001e+00,-2.401596502204951022e+00,7.088467227241377344e-01,-1.338437369033764091e+00,2.596973795542478314e+00,1.451174577148426570e+00,-2.453728031183211034e+00,-4.003657838074976993e+00,1.038465388484305141e+00,-2.466209005484963246e+00
-4.422583317321450380e+00,-1.607929684069949516e+00,-2.464659171982351182e+00,-1.729145529179126450e+00,3.262772995839777312e+00,2.536167499419977656e+00,3.213019191356419668e+00,3.945326476535326865e-01,3.493642145820577305e+00,-2.458656789658300479e+00
-3.650383777165718602e+00,-1.087342893364182217e+00,1.179043946725508718e-01,-1.259276448783018143e+00,1.855140067172674545e+00,1.426657808514837367e+00,9.307263701616763640e-01,-2.449950961140059391e-01,2.513897320675685165e+00,1.026733181545063101e-01
2.547658172867329540e+00,8.124521817374006361e-01,-5.749850088397727710e-01,-1.748708474628406506e+00,2.232901799824632327e+00,2.334743997853766295e+00,-2.440813751157023148e+00,-2.990097493200094991e+00,3.203765562229174968e+00,8.750904513408838126e-01
6.428027413160339876e+00,-2.998516151812658848e+00,2.184887693176419177e+00,2.096012646986759709e+00,-1.682506070376412755e+00,-1.620548826541927223e+00,-3.156192916048368158e+00,-4.157670406467381063e+00,-2.047952601004969786e+00,3.956504000570865709e-01
-1.534847076885681671e+00,3.001057824641302219e-01,9.864971744747581539e-01,1.481605897160289453e+00,-1.306403347698720463e+00,-1.572950445136533926e-01,1.556299792166044860e+00,4.961885561272418865e-01,-8.600529056484591539e-01,4.448929849389346103e+00
5.148439245670276776e+00,-2.475409743406633112e+00,1.560115248741714034e+00,1.837356072605591972e+00,-1.551610975969374140e+00,-1.068439820016894970e+00,-7.802845646528524526e-01,-3.396495031250753360e+00,-1.781228809195369411e+00,5.290166306857937428e-01
5.773707897384364074e+00,-2.038149846345732819e+00,2.237305269376319572e+00,2.926512097662716805e+00,-1.897679465929952514e+00,-1.621518182790442131e+00,-2.982501443609137048e+00,-4.032728089173318153e+00,-2.199554327756929606e+00,1.182942408520260891e+00
-7.583905087693587621e-01,-2.169610439990465878e+00,1.602289726177516194e+00,2.633680577575524318e+00,-1.878814619929544572e+00,-1.146305562678185508e+00,8.734311937306458162e-01,-5.721912371877801995e-02,-1.595121078218264765e+00,8.262084002316472109e-01
-4.697830562093781026e+00,-1.539681309944227472e-01,-2.585882924867237254e+00,-1.747241309819224320e+00,3.059353185839559952e+00,2.347971936011247873e+00,9.778944919752881049e-01,1.055587594069670399e+00,3.586661429131166923e+00,1.809669768895628139e-01
-3.969034687013736296e+00,1.960920793177857391e+00,-1.759011907233196670e+00,-1.775630167689502104e+00,1.894250269944517395e+00,2.453376887726569144e+00,-2.517439224578553958e+00,-2.554625774973575680e-01,2.716567378517680709e+00,9.992347093298751259e-01
2.235358124816773540e+00,1.302338806956418793e+00,-1.493268830468396313e+00,-1.635608544206147208e+00,2.457663040381317110e+00,2.211324971494085023e+00,-1.176490482543122162e+00,-2.021444032205058416e+00,3.833405538637705501e+00,5.070626817472715375e-01
5.125222644382593451e+00,-3.641679782904985174e-01,2.573277489322508771e+00,2.460750086860030272e+00,-1.745608817284310499e+00,-1.783239228401345189e+00,-9.456568219359855476e-01,-3.321936961740072025e+00,-2.307635015763235931e+00,6.097520118022529800e+00
-4.402492092207157093e+00,6.626605220800456664e-01,-1.620381371822626315e+00,-1.601431096313704394e+00,2.072285837819519028e+00,2.093236031556669818e+00,1.330776039693534862e+00,1.009984383835979882e+00,2.437848553170925303e+00,6.177540240744322508e-01
1.487417758309553806e+00,-1.402549893271936909e+00,-5.495538897429081970e-01,-1.909091663164867336e+00,2.309003292345204184e+00,3.197401566007385121e+00,-6.156636951954270742e-01,-3.200030606035476399e+00,3.373198465894997167e+00,-2.271647517775010616e+00
-4.930623499405896837e+00,2.249273781538899009e+00,-1.896934463749637700e-01,-1.878950681026713143e+00,1.969967593331340971e+00,2.834102185084136583e+00,8.756862317254654471e-01,2.815289256327693224e+00,2.840261098075750557e+00,1.377794544197851190e+00
1.607180301169790271e+00,-8.207423963036255543e-01,-6.725641851762400591e-01,-1.830755318301490631e+00,2.005518785076700894e+00,2.716791451123452994e+00,-2.606845468661588061e+00,-3.785022013786806916e+00,2.266369427632956679e+00,-3.445820959491474600e-01
-1.409077743099692581e+00,2.139020825656359648e+00,1.581355955871408980e+00,2.733398460366059268e+00,-1.896269843087399209e+00,-1.213194160985045400e+00,1.382999913213411425e+00,2.806976888202024067e+00,-1.544993216227121602e+00,4.172108168659347527e+00
-8.990973905090511309e-01,1.377169238179016375e+00,2.227029324417935996e+00,1.867367613244910851e+00,-1.623901486161451357e+00,-1.612871473580908654e+00,9.129694713193146072e-01,1.556701884020787574e+00,-2.131382740855268576e+00,4.249884999748354986e+00
-4.465181066505973462e+00,-2.616051134476752971e+00,-1.366182802628602921e+00,-1.700971566965757908e+00,2.634992502416146909e+00,2.344434410935234414e+00,2.274396630810523234e+00,3.695176900568588052e-01,3.515143224234155372e+00,-3.103851475268108562e+00
4.711101375706070016e+00,-3.329703849031563578e+00,3.098595762708812096e+00,2.054159475209609287e+00,-1.398449199880846816e+00,-1.975612227088106021e+00,-5.409740678952621451e-01,-3.485223464076792066e+00,-2.464910205258881160e+00,7.433271160430022784e-01
3.215938749327992952e+00,-3.442660397565092456e+00,-1.977445888937590102e+00,-1.739899685432965137e+00,3.071136946188588013e+00,2.379539713069836804e+00,-2.961270443463905444e+00,-4.177465620971153371e+00,3.526433768687655235e+00,-3.292948559038247680e+00
4.976580538049293345e+00,-9.186156307968396106e-01,1.274278994464514980e+00,2.377239230767208333e+00,-1.813385815713229432e+00,-8.401820912117646811e-01,-3.000742648242058941e+00,-3.782483744124500280e+00,-1.024309035499503473e+00,2.982066636312652896e+00
-3.851688306312092802e+00,2.929488492784658504e+00,3.980726689454527900e-01,-1.827935188545778189e+00,2.761955914195339812e+00,2.707997482762706465e+00,-1.171891781117128328e+00,2.202424837529763924e-01,1.807141215121310651e+00,1.319618549535533258e+00
2.907949235506039010e+00,-1.354743878137071089e+00,-2.152916179497669447e+00,-1.793353842675415200e+00,2.765983329783556322e+00,2.770342451186742938e+00,-2.606570186406074630e+00,-3.804301672594676553e+00,2.786367491363875626e+00,-1.996175146581627757e+00
-3.349075136952536447e+00,3.752337446237250518e-01,4.620899416606438770e-01,-1.606225232189645524e+00,2.301959849553727455e+00,1.915912472561524638e+00,8.328383735166955404e-01,-2.331292016106340237e-01,1.048524624557838569e+00,1.205510944044651200e+00
-2.051156209518258056e+00,-1.819239007221892912e+00,-1.088544899940342425e+00,-1.929524362027684070e+00,2.082396706086396598e+00,2.975690686432320931e+00,4.976279683386861663e-01,-9.896622690227556696e-01,2.707079011480774344e+00,-2.750488418757820686e+00
8.091387828710696617e-01,3.258929656735809033e+00,2.103961571631308480e+00,2.352596387625639274e+00,-1.767209977205833615e+00,-1.578668567847218096e+00,-1.598750917406482897e+00,-1.970495277253623279e-01,-2.138619557651211256e+00,5.946599254132610035e+00
1.478033399522054037e-01,-5.195491725761778312e-01,2.439586929504860002e+00,2.940242599295713077e+00,-1.909325359340406036e+00,-1.790742223149490053e+00,9.983633709932950850e-01,2.618491815469403683e-02,-2.281163809492209094e+00,4.728060980265940572e+00
-1.526142571647216339e+00,1.758854686097071962e+00,9.435121567976691992e-01,1.962869519525686224e-01,8.691664808907679785e-01,3.739639785693008034e-01,3.906794408736313784e-01,5.944985133226046159e-01,-7.118277642715897802e-01,3.196607235367823208e+00
-4.445471871932573649e+00,-3.069760179327837513e+00,-2.366034841761044394e+00,-1.750353120795085093e+00,1.952758075681115590e+00,2.508477460721376229e+00,2.289827183073025907e+00,6.971168962757963161e-01,3.150178480500700040e+00,-3.342625932908862119e+00
2.158053854364335056e+00,-1.661627573258340318e+00,6.325101761720075544e-01,-6.265301530148181808e-01,2.015804403796304101e+00,9.480972593340030175e-01,2.096772472006716015e-01,-2.533448764143248155e+00,6.198221267806746093e-01,-1.159426096977806742e+00
3.179847958372290950e+00,2.556152825566848641e-01,4.934208435837317275e-01,-1.357238538447730125e+00,1.999458475662978296e+00,1.586383016398941859e+00,-5.017425215015687279e-01,-2.695192528812275334e+00,9.682797301898098397e-01,7.010535302178459993e-01
3.431451232251692574e+00,-2.209229539670096720e-01,-5.195084761041317556e-01,-1.529244657182144085e+00,2.270352133299813779e+00,2.206457889268628847e+00,-2.658239527221970100e+00,-3.632317259161424339e+00,2.282760324738696944e+00,5.511847950401057572e-01
4.702458546953248941e+00,-2.390758844540727956e+00,2.875201278059358323e+00,2.559729543467283097e+00,-1.846211326148918808e+00,-1.891886851266621150e+00,-3.355514825571962678e+00,-4.081115489740755109e+00,-2.415253903731735097e+00,1.959801070517442234e+00
-4.488098996597990720e+00,9.065269743331647589e-01,-1.809245960946236131e+00,-1.770564255452056868e+00,2.221236000784111209e+00,2.363657547648743140e+00,2.924463036487457757e+00,1.381819520186036598e+00,3.138941161229586996e+00,1.971392442950603563e+00
-5.141063476951823752e+00,2.689772568270022646e+00,-1.436809097869621077e+00,-1.669096555482130650e+00,2.763727169727929756e+00,2.252510476512113335e+00,3.144376639955284602e+00,3.735760654947150705e+00,3.470695780635998595e+00,1.617214748845886119e+00
5.760569228087153881e+00,4.477939111545281570e-01,1.987633361845601243e+00,2.878515604517795090e+00,-1.917813375278871746e+00,-1.557118856563419085e+00,-1.570315765598327529e+00,-3.132356906443246380e+00,-2.023446829780735534e+00,4.738723686530645907e+00
-8.380694440440626947e-01,-1.922328497708704731e+00,2.106203514531955534e+00,2.831097579562200650e+00,-1.879806706442428421e+00,-1.598669358231830095e+00,2.704075952983814091e+00,1.573624768867204482e-01,-2.082458079628620506e+00,1.659520813455128030e+00
-5.110943877961680037e+00,2.159263320891815496e+00,-2.660358402704986247e+00,-1.709147697750625916e+00,2.416111248913650478e+00,2.324455221535119964e+00,2.455905349409238880e+00,2.687613035053781463e+00,3.869836495537426480e+00,1.921472987074777761e+00
1.789361292670172077e+00,-1.196524696466543247e-01,2.735608877285091722e-01,-1.115287227432806061e+00,2.352819698604671661e+00,1.407028486621338059e+00,-2.110634381771716583e-01,-2.179481802523854039e+00,1.836548441502412699e+00,9.832940700742893725e-01
-4.842274047471575749e+00,3.035317074612347454e+00,2.043925261100589807e-01,-1.255711841106710080e+00,2.178840996452069412e+00,1.485731431173400230e+00,2.701937329200199578e+00,5.286587177209037591e+00,1.747657956863193363e+00,2.100051365775740475e+00
-4.604756660963275294e+00,-3.940367698176396871e-01,-3.135258521423063716e+00,-1.836234847624193867e+00,3.793393360190377983e+00,2.731399263431393276e+00,1.869095173106703811e+00,1.359241169154035367e+00,3.427837243667286593e+00,-6.695307304768050027e-02
2.272328493375230352e+00,3.049644533053369244e+00,2.150603630652060616e+00,1.853434259412350293e+00,-1.576139427411077598e+00,-1.669622183740407495e+00,-2.175303145246634262e+00,-3.437132292341462669e-01,-2.140052972016627475e+00,4.623230268803057541e+00
-2.096840061316102011e-02,1.826503065008994398e+00,-1.040485340742471898e+00,-1.685181616610899935e+00,2.192138169148676319e+00,2.745804195355374233e+00,-1.892786901977282277e+00,-1.637776824496304684e+00,4.487730317228010968e+00,4.016272724744172073e-01
-2.706970715794771554e+00,-2.559582352735745747e+00,-1.123887765516038861e+00,-1.756361899017905959e+00,2.339194722642104818e+00,2.353599907509793088e+00,1.063524775230460406e+00,-6.997733525282898714e-01,3.659679108053230934e+00,-3.097806854565641199e+00
-1.763370675629397422e+00,-1.975436727806312298e-01,1.073658460867505049e+00,1.371959570421965147e+00,-1.313989015653090009e+00,-3.060004457441103387e-01,2.001891411116923258e+00,1.192859314653958558e+00,-1.059329138452121510e+00,3.908636357861703381e+00
-4.485088242590887120e+00,-1.408641388950568452e+00,-1.156355665392458043e+00,-1.886500094714516518e+00,3.345405727344641367e+00,3.015891534578980959e+00,3.087841064013113979e+00,9.473590882106940336e-01,2.491467994105610373e+00,-2.485345788470641804e+00
-2.010222118997885055e+00,-2.964558026401527879e+00,1.102711296875297009e+00,1.642113855815555468e+00,-1.500693766048402766e+00,-4.807375895836401014e-01,1.769299845608819588e+00,1.021595434258483426e+00,-4.810426827742021461e-01,6.915318590529970777e-01
2.540028497778182182e+00,-3.140424674620087675e+00,-2.542874022708202286e+00,-1.795727096432277126e+00,3.273527457986805889e+00,2.552403038109358313e+00,-2.895752518490052108e+00,-4.146037800933922490e+00,3.436886575666851407e+00,-3.324510578202855005e+00
-1.411292112753508965e+00,9.926043424170236662e-01,2.043979133732626075e+00,2.055732447942871133e+00,-1.658504116898450897e+00,-1.621216297619578084e+00,1.740906715392986470e+00,1.401065776436010601e+00,-2.033680547498773805e+00,4.762193238940529483e+00
-3.449582676614803223e+00,1.234340097322315977e+00,7.688273136786554218e-01,-7.560475554952399424e-01,1.967724223119252436e+00,7.852128036102897779e-01,3.216236619342439873e+00,1.661478461202543278e+00,2.364404383510714802e-01,2.813761804275751288e+00
-4.647992036875111310e+00,2.535242135189066381e-01,-3.227188351879138217e+00,-1.926304682341933194e+00,2.578373874485411221e+00,3.044524878457562256e+00,9.265417034446654654e-01,6.604849249140861689e-01,4.379701996174668821e+00,-1.996061172193345223e-01
8.490369410473922462e-01,-1.500170702153305058e-01,-8.828308314820318969e-01,-1.776013526993862390e+00,3.015380966044493682e+00,2.780682485816368121e+00,2.914164316907874586e-01,-1.956758457318390931e+00,2.973919022653975119e+00,-1.527641872158676528e-01
-4.273046596783805384e+00,-3.389571207176970358e+00,2.064495653497093741e-01,-1.430932379101538920e+00,2.265139395779772080e+00,1.627168640908251529e+00,3.228469245028385615e+00,3.198739157012703282e-01,2.377135647130485641e+00,-2.740062486742216752e+00
-8.876598994342641546e-01,-1.315979132170780552e+00,2.236913699327172544e+00,2.195203742095318766e+00,-1.646091067911829020e+00,-1.691138519751451241e+00,2.339512998995498805e+00,5.982888122198714020e-01,-2.159837614076191681e+00,1.428845489862638596e+00
-3.541772987794098437e+00,3.213370869756342785e+00,-2.669211893037943373e+00,-1.651103310765568377e+00,2.781826227504730298e+00,2.330306436299967032e+00,-1.640525101650290640e+00,-5.590603659278609028e-01,4.388751095750432540e+00,5.959315724183128493e-01
-4.343877584281714554e+00,-3.002919726172380344e+00,-4.357212415059805721e-01,-1.768992982986414386e+00,2.555731252977620382e+00,2.550367741549959710e+00,2.932235769296519301e+00,7.209832553208954664e-01,2.402748063090468289e+00,-3.226283495476589991e+00
1.364593335907231086e+00,-1.783337079123671121e+00,-9.147290689580263034e-01,-1.881325957203659804e+00,1.982177248880975240e+00,2.965804267942933947e+00,3.553263409869735767e-01,-1.873917425003434722e+00,3.325243440468965250e+00,-2.838248704773172371e+00
1.591509244442945059e+00,-2.750077429127135265e+00,5.081442594821412584e-01,-9.802901764141493945e-01,1.859174363351182357e+00,1.076341328028799449e+00,1.296762224846403910e-01,-2.756126140852545703e+00,1.751249976582427426e+00,-2.050024070100717744e+00
-1.316939184593346912e+00,2.185402617746730058e+00,3.400146606585571440e+00,2.636289470683526925e+00,-1.860445821219575580e+00,-2.038338354806892294e+00,3.357456833975771104e+00,3.960995828917064809e+00,-2.527650951504111898e+00,5.169119383286695069e+00
-1.908175156998974220e+00,-1.278961324912084585e+00,1.029850123287684660e+00,4.501277417005558057e-01,1.186091695821192560e-01,1.445451534551661088e-01,1.636448784846909810e+00,7.409143504810939973e-01,-8.062673415174438363e-01,9.126089286909171427e-01
6.507321944824195903e-01,7.883690187782574910e-01,-2.863569410748871391e+00,-2.092250526229091356e+00,2.668732705773098957e+00,4.007124413804406871e+00,3.463011018334372082e-02,-1.875858467340107749e+00,2.738401689264213790e+00,7.615082964272148480e-01
-4.406294295334141076e+00,-1.662867851390611218e+00,-2.873254601130307506e+00,-1.892352978842409605e+00,2.358088797514406032e+00,2.884694810055590253e+00,3.403832717734275981e+00,3.705813238491142969e-01,4.069779154820627021e+00,-2.607067459112692553e+00
-4.749314031719346296e+00,-1.178738140437757043e+00,-3.174158924144972360e+00,-1.940301154295382080e+00,2.970823588511817714e+00,3.116725940356685598e+00,3.324407651169076772e+00,1.018572880126444424e+00,3.357422485503344767e+00,-1.782770116006323402e+00
1.532096117175704597e+00,-2.310075232423078884e+00,-2.917727072709697111e-01,-1.645671146249371386e+00,2.362264031306527290e+00,2.153834294381660186e+00,-2.081919429614796258e+00,-3.951385039483496175e+00,3.266640217761628051e+00,-2.888709928007482830e+00
1.983237293957188285e+00,-4.978351614311864459e-01,-3.329617918973065471e+00,-1.993549351823201699e+00,2.736322150557133792e+00,3.360319885284385855e+00,-1.126718418122480969e-01,-2.740692261876394031e+00,2.882586534423717151e+00,-2.617147435964750635e-01
2.038318261798194975e+00,-2.972708837594510989e+00,-2.728054210891710074e+00,-1.846874545260800415e+00,2.419373069002191290e+00,2.903323771791765928e+00,1.586947449383302455e-01,-2.426153752681283748e+00,3.321462485621264005e+00,-3.446505785845291658e+00
6.387245920720165948e+00,-2.108588815624264701e+00,3.223183355081689072e+00,2.639950114765755806e+00,-1.806389105333636058e+00,-2.000491612075827152e+00,-1.351655162578213165e+00,-3.737908471065272131e+00,-2.490729801618593253e+00,9.083798163298462125e-01
-9.204334490310186467e-01,-1.480225630709128382e+00,2.746294830009178511e+00,2.547961068813533014e+00,-1.839449020672993873e+00,-1.881382292058118466e+00,2.176470536151606794e+00,5.811200153721953754e-01,-2.378037292510121858e+00,1.524384566754943160e+00
1.775817767230087885e+00,-8.312189629951700631e-01,-1.625860137837161323e+00,-1.720789943299067648e+00,3.780614827874746453e+00,2.499207308845103004e+00,-1.244403119010171199e+00,-3.510152144051358558e+00,2.754310850606038308e+00,-1.059620624755028828e-01
-5.072282081827436784e+00,3.035291613523334320e+00,-8.404075292215900106e-01,-1.745529884455762071e+00,2.272823672792543714e+00,2.421537035307616215e+00,1.921024782911024076e+00,3.716516052014726235e+00,3.213684923083754530e+00,2.880688872019127267e+00
-5.074424722846594626e+00,-6.684000312052518211e-03,-1.617466534149030855e+00,-1.705057897646410359e+00,2.201089975519254338e+00,2.439968711563545778e+00,3.476838098431858093e+00,1.803117112178901360e+00,4.821294911690135798e+00,1.045086513674677420e+00
3.072172083549546961e+00,-6.026719151262183161e-01,-2.531017801243792942e+00,-1.804897965138535065e+00,2.159836807817511417e+00,2.523585968922582357e+00,-2.882275553190968509e+00,-3.720065153478878006e+00,3.930574167154552878e+00,-6.153712866928839897e-01
1.637229804953722612e-01,3.214290838113213589e+00,3.283341163041821886e+00,2.028110979406369196e+00,-1.500658799405777843e+00,-2.015302929175141422e+00,-2.732899984854155306e+00,-6.685626282825771760e-01,-2.507350088243046393e+00,4.418331183767752357e+00
-3.265000959677728520e-01,2.762178810321829658e+00,2.229526846883286062e+00,3.308256103898702616e+00,-2.031480140282274860e+00,-1.703399373868440758e+00,-9.504607202467481031e-01,6.311554900330880180e-01,-2.134534544509533394e+00,5.574413131404476474e+00
1.386461628965329318e+00,-1.153739588090739954e+00,-3.263006705998567902e+00,-2.037872212269794758e+00,3.114909162666248399e+00,3.582398176897295450e+00,-3.378125886587111104e-01,-2.751024229978400903e+00,2.772247892993245699e+00,-1.718642313941057154e+00
5.119496903087245698e+00,5.227189978258781622e-01,1.501348630817874508e+00,2.415851733887534714e+00,-1.805746029755140869e+00,-1.132045372524344895e+00,-3.023465107104981620e+00,-3.355112032163668712e+00,-1.667068754990796320e+00,3.396063673693089591e+00
7.662426896746953098e+00,-3.391550566812937539e+00,1.925968816515189808e+00,2.093991670747828771e+00,-1.691425435380123465e+00,-1.450713967241630709e+00,4.264233783364845820e-02,-3.016764134187914781e+00,-2.027584070963983631e+00,1.108734522284058555e+00
-4.501104978241419197e+00,2.273941596693224376e+00,2.895473284340535081e-01,-1.373191152599582354e+00,3.730250290673414959e+00,1.491919911666460763e+00,1.824186683674152931e+00,2.623664360545414631e+00,1.380154899259455892e+00,1.984545640230624519e+00
-9.775402076535767426e-01,-2.507457455008386571e+00,2.250513929514763589e+00,3.138249666857286790e+00,-2.002766249475094629e+00,-1.701092491839262699e+00,2.139261852150692533e+00,1.048510487791892487e+00,-2.207281191204369275e+00,7.168154307251684010e-01
-1.179225735747708725e+00,1.994673759109710787e+00,2.234899773850408167e+00,1.939509562850196378e+00,-1.611704249554014368e+00,-1.666820401491339254e+00,2.710184449187413414e+00,3.050450576894227162e+00,-2.165339819864399384e+00,4.321606581166155259e+00
-1.720438704077718928e+00,1.995633290980131314e+00,1.549641372793630900e+00,2.680012653921378885e+00,-1.878027209274939269e+00,-1.212294245808682724e+00,3.443060822161072565e+00,3.017307243476712753e+00,-1.682335846949967184e+00,5.353755576392110527e+00
-4.626574833948071230e+00,1.205860576362010050e+00,-1.802666875123855483e+00,-1.794714831468498861e+00,1.880220970262261204e+00,2.578284916497525003e+00,1.238812909633860926e+00,7.041448799049384588e-01,3.739022567402643382e+00,3.464252920239150324e-01
-3.935708123781538781e+00,3.183826125097948712e+00,-2.604175957466925428e+00,-2.156284956509502138e+00,2.599448979954875671e+00,4.464064557156127044e+00,-1.721168448465908440e+00,-3.478332090686972466e-01,3.238051142613138200e+00,1.487280673602600745e+00
-7.442978899027103967e-01,2.933215199043064381e-01,3.041711823103456780e+00,2.481423697685245067e+00,-1.842451742461576725e+00,-1.965531581021637386e+00,7.547631837049051384e-01,2.148148203166440062e-01,-2.432022703447109357e+00,4.241940241964123892e+00
-4.080960915442219950e-01,1.385781201606277158e+00,1.443519909377346977e+00,2.975639033889853735e+00,-1.935162751209360321e+00,-1.019603124796736759e+00,2.840609290299139111e+00,1.638506635508602649e+00,-1.449445344279275405e+00,4.820538834925962135e+00
1.452554588377910960e+00,-2.087863765135017147e+00,-2.983905677417627356e+00,-1.775117020447574800e+00,2.560610124839141744e+00,2.696494751655157618e+00,-2.587410169214779732e+00,-3.992514974058945398e+00,3.847463557350446539e+00,-2.694335931940724294e+00
-1.086314419391080310e+00,2.907075267698105314e+00,1.474506270067088565e+00,2.419974518088181537e+00,-1.781585547579158879e+00,-8.589731998613652220e-01,-8.478808987396284635e-01,5.431664106050013707e-01,-1.234463043333184018e+00,6.763553579344650402e+00
3.641440201957537148e+00,-2.559350406098953812e+00,1.942906568503648401e-01,-1.763576304202753242e+00,2.185256914208476786e+00,2.550956102439642326e+00,-1.236023962971840362e+00,-3.653174122948660507e+00,2.835773380869269111e+00,-3.025959788643032056e+00
-8.359811560189589486e-01,1.053305125119121222e+00,1.771045899605816487e+00,3.592409961812244479e+00,-2.071001170135111202e+00,-1.438583592255198162e+00,2.323573333763787829e+00,2.616823888968265788e+00,-1.856864815525707257e+00,3.925889037992695396e+00
-4.844456512120509650e+00,1.172628170423985594e+00,-2.360499921100416287e+00,-1.738863882574014141e+00,2.679543925245196689e+00,2.484913668447907842e+00,3.337501330738168015e+00,1.738878184824570461e+00,3.535639977744184481e+00,5.757619956966131269e-01
-1.077365469887289429e+00,2.709621177796506686e+00,1.821635516624215079e+00,2.397755024151464909e+00,-1.810465012326109457e+00,-1.188998028583740263e+00,-1.470417267074992651e-01,2.394176028912374243e-01,-1.851632635989326703e+00,7.142917104045817034e+00
-1.549553086666646928e+00,-1.250545795231934321e-01,9.745590523775220504e-01,7.728744609069754246e-01,-6.554092397179117624e-01,-4.271349749449190880e-02,1.975122683276330449e+00,1.481385660483296007e+00,-8.086791438791717246e-01,2.734823396728661482e+00
1.468139008697634473e+00,-2.835974813108028680e+00,-2.824434700443383406e-01,-1.631814040648662312e+00,2.224733556667148893e+00,2.002361148580975136e+00,-4.311087149756933634e-01,-3.296685845982402885e+00,2.914470716346581725e+00,-2.878779066864054492e+00
-4.333949235463953720e+00,-1.361366437547277819e-01,-1.650599242993400217e-01,-1.535047339431448776e+00,2.096845382434144867e+00,1.778355266873735241e+00,2.499293229609333089e+00,7.589127389233474297e-01,2.143652355197101400e+00,2.649290150927516851e-01
-5.370567136690542753e+00,3.313317819546944598e+00,-2.585532792751553899e+00,-1.829787255247965483e+00,1.948206522076936897e+00,2.654307486418749029e+00,3.267966519533926473e+00,7.414137854202277111e+00,3.807062538232035109e+00,1.667204088420404906e+00
-2.835656919669019338e+00,1.866288742335058259e+00,-2.500536103668627774e+00,-1.730276024551759440e+00,2.292028018850598148e+00,2.738758357308520353e+00,-2.214406375440542973e-01,-6.479124105213061036e-01,3.724536168694548177e+00,9.628709683004480491e-01
-9.849185192346158191e-01,-3.487138499353711563e+00,2.070781713403810897e+00,1.712968333567603141e+00,-1.550910352156977368e+00,-1.629973403228487161e+00,2.198896355925456625e+00,9.722012386479796930e-01,-2.119109737439149654e+00,5.330926887107539924e-01
5.721968164096975507e+00,-1.191663385849130119e+00,2.839079503991304598e+00,2.478283488876215745e+00,-1.834605944132931432e+00,-1.895642061776105836e+00,-1.316974044539640509e+00,-3.553262653935211901e+00,-2.368982108956602772e+00,1.834005911068128158e+00
-1.477870216476098619e+00,2.400934224270543815e+00,2.704204632043008871e+00,2.444487732245352873e+00,-1.819700046876900901e+00,-1.879367296183823255e+00,1.127100542793117555e+00,3.247225160458971693e+00,-2.368001480206026521e+00,4.325263631004863107e+00
2.527904454143149238e+00,-1.874138287190678653e-01,-1.328631548722614131e+00,-1.709615271640753997e+00,2.890593815848380377e+00,2.457642701017879183e+00,-3.351316037556237415e+00,-3.561922302557301911e+00,2.653354644853493927e+00,-1.863672655357795638e-01
-3.535570132237578989e+00,2.476099979482131452e+00,-7.514153916977583947e-01,-1.908798499432266649e+00,3.804020715312007361e+00,3.111029958573599874e+00,-6.222784666642282581e-01,-4.508988183804411021e-01,4.463669433343342874e+00,4.125435019855392960e-01
-3.621367982247706951e+00,2.640460218799126402e+00,8.902909859636505274e-01,-8.354225430337229863e-01,2.601168310190475008e+00,8.949588036075231123e-01,1.385219163652213759e+00,4.802087998166318705e+00,5.182466491586190660e-02,3.335210253991070850e+00
6.045182304212405988e+00,-1.799912711841191282e+00,2.049270936786206754e+00,1.961120002367969795e+00,-1.614019881644972010e+00,-1.615822785779661208e+00,8.334793530586548371e-02,-2.520627004634540036e+00,-2.062938882020925124e+00,1.299275327633290900e+00
6.713827569148313579e+00,-1.801112172928557520e+00,1.939150473615430137e+00,2.674580067521451721e+00,-1.829465794186384553e+00,-1.523199468691508685e+00,-1.650202380202670849e+00,-3.752798800668835977e+00,-2.031057673774348871e+00,7.375901851440788137e-01
-1.362417114072808078e+00,3.075625618330460220e+00,1.796034690602175132e+00,2.965718586151777636e+00,-1.944479440869908426e+00,-1.258317386404971261e+00,2.325474844887107650e+00,3.981574885312377354e+00,-1.928328946013641021e+00,6.539590934479893924e+00
-3.443945400183305861e+00,-8.520883512192423126e-01,7.381522364963188920e-01,-2.919089252231499843e-01,1.178961061221032836e+00,7.136227521276697905e-01,3.057654533485218096e+00,1.722965795957029256e+00,2.848622839016251573e-01,1.091423772569804385e+00
-5.227539244319897582e-01,5.279508676367381526e-01,2.202388913175780338e+00,3.317550169263000726e+00,-2.022643649171439684e+00,-1.660127117113080697e+00,2.227841163581493866e+00,6.613009285067664722e-01,-2.166320397243664875e+00,5.650352389819134125e+00
-4.346410159328914169e+00,4.437613739208989827e-02,-3.810779504411714314e-01,-1.886645205369693823e+00,3.050687344145639912e+00,3.106897131614500207e+00,1.651257823820644788e+00,6.018344368118335730e-01,2.619031189754429167e+00,-9.822110356905544570e-02
8.994287500772956134e-01,-1.276509393459657637e+00,2.093039230178236565e+00,2.063687927720613047e+00,-1.709110741564534575e+00,-1.651122014620060918e+00,7.641926009706079270e-01,-8.238520181721042945e-01,-2.136093958396064973e+00,2.475841106157021798e+00
-4.954026273169664485e+00,1.772302764639293926e+00,-2.850311409995841316e+00,-1.707461011853373734e+00,2.100634721097237811e+00,2.359381977467609026e+00,2.337954836946136261e+00,2.756280936271509496e+00,3.272835735989515271e+00,7.137961146385835010e-01
-4.509916809655064363e+00,-4.152548076514968045e-01,-2.935056055089984461e+00,-1.752256078027579100e+00,3.199055153226828985e+00,2.343370660192432897e+00,1.816932047529690841e+00,4.844797323213896334e-01,3.862453664059676495e+00,1.797861598138461581e-02
-4.457114576023964325e+00,-2.463361215290677642e+00,2.739401421530196501e-01,-1.642372723680796343e+00,2.642197847905237929e+00,2.111880071648191581e+00,2.739361264299748910e+00,1.949272999715478960e+00,1.480225268619110190e+00,-2.886395716112808874e+00
-5.773141953656213410e-01,-1.259762081155359592e+00,1.762186194208523737e+00,1.832539446428578023e+00,-1.557797609893023072e+00,-1.303220629626575811e+00,3.451845601786583728e+00,1.418558511561545332e+00,-1.946957686671137777e+00,1.583366667622257973e+00
-4.192410468116738009e+00,-3.287718898829240288e+00,4.654784500493440724e-01,-1.356572711768819550e+00,2.153271439193093162e+00,1.465837011904662646e+00,2.903340217295165004e+00,5.936680048885777383e-01,1.655143502617106854e+00,-2.448190548251646170e+00
-3.234174027230259707e+00,2.709469000500135394e+00,-2.858291637186634482e+00,-1.775224460227784240e+00,4.516884124042341853e+00,2.527736617789316131e+00,-1.710820681663151044e+00,-6.612255186200201029e-01,3.368191555245750646e+00,6.431782289066315661e-01
4.691475203143667727e+00,-4.184087040718709183e-01,2.526118782411522545e+00,3.484305657746848084e+00,-2.053329278651888412e+00,-1.750998766350600588e+00,-2.912643304126799837e+00,-3.582570473645400266e+00,-2.315583568868238462e+00,3.580233846176698709e+00
2.789315243302247005e+00,-3.414999804690483920e+00,2.955414332461949733e-01,-1.395040360354497855e+00,2.620874045562480603e+00,1.889705951232447667e+00,-1.262827643181661852e+00,-3.891701238299333454e+00,1.414240970036305889e+00,-2.962174497030813036e+00
-2.384336227752071657e+00,1.624289827360163585e+00,8.889862677169571015e-01,-7.450628944822356159e-01,1.488656800768938027e+00,9.613754027064976837e-01,1.375831070552086643e+00,2.800199146721744192e+00,-4.639953396717682033e-01,1.838386130284990205e+00
-2.892786587860240122e+00,-2.018205385560875698e+00,-3.105300999732896194e-01,-1.799839194475689297e+00,2.907139460747728776e+00,2.636481514619807509e+00,1.137610476066894805e+00,-4.022773304493277302e-01,2.413510324332492907e+00,-2.798427699867359841e+00
9.046332116967612524e-01,1.251723566981436164e+00,-1.331007849577050095e+00,-1.903486132271146047e+00,2.127296273126155768e+00,2.976763564930777317e+00,-7.917951623788153093e-01,-2.089442885233699254e+00,3.807450621944866498e+00,4.685675895750118780e-01
5.699835488249917148e+00,-1.781747877785710976e-01,2.304227531246904270e+00,2.243392238109314096e+00,-1.714741195627038861e+00,-1.702205052546290842e+00,-1.377259092645810590e-01,-2.563308403854281714e+00,-2.237695551760625623e+00,3.713858560252341956e+00
-3.868833437724227498e+00,-2.852255633453939510e+00,5.636791064140869167e-01,-1.158004131037212892e+00,1.927473043109948714e+00,1.352352618761750502e+00,2.662992900640746008e+00,1.215916559910193151e-01,1.746295537985059543e+00,-2.297658201268181877e+00
1.348470751793429123e+00,3.152310722216453698e-01,-8.418505007283432207e-01,-1.543887727623924899e+00,2.979794866421055399e+00,2.075872396151244192e+00,-1.499815790965472129e+00,-3.166035257933947911e+00,2.511001859130909342e+00,4.611293112390521531e-01
3.315636279633800587e+00,1.742707265008991868e+00,2.189196250526606491e+00,2.509020975660484432e+00,-1.820850575748697908e+00,-1.646557830198122740e+00,-3.105925094383888307e+00,-1.649016590725101983e+00,-2.170533994228213803e+00,6.357928148916435873e+00
-4.499962544898129302e+00,-2.190868105690385814e+00,-2.477752891263904189e+00,-1.781074892423475164e+00,2.477482152124542036e+00,2.799596308917086773e+00,2.611442974809815354e+00,5.269261825015157941e-01,3.315894552225190139e+00,-3.090948146406915509e+00
1.867225794762090496e+00,-1.435345675373289609e-01,-1.962598812728470588e+00,-1.812321545983333726e+00,2.146005977385482932e+00,2.809641523542952157e+00,-2.361363420622232479e+00,-3.521489638503180863e+00,3.061923848065668974e+00,-2.068626050500040059e-01
4.775579833199035562e+00,-8.324715017694988006e-01,3.240550628502377073e+00,2.266660369565955957e+00,-1.752321009842597199e+00,-2.012102152945675293e+00,-1.655655050960310737e+00,-3.561935331022787032e+00,-2.498230016214649130e+00,2.946795058521311628e+00
-1.852749458756762779e+00,1.374148666617393211e+00,1.141073792544893273e+00,1.913587655936506593e+00,-1.462437087473531072e+00,-5.679265166442535318e-01,1.580150182310871898e+00,1.523965369039529394e+00,-8.698063794438113394e-01,4.713110515855804650e+00
-4.821354923051205610e+00,1.019959207578137850e+00,-3.104051827173559985e+00,-1.929927795360856457e+00,2.388821799587769856e+00,3.115790032963551059e+00,1.386007766652848083e+00,1.437211308172309021e+00,4.273099469291464558e+00,7.769921570170690295e-01
-3.751626604675678323e+00,-3.387129803193893451e-01,-8.299403332257613286e-01,-1.999827373518205276e+00,2.450144198906764714e+00,3.383130246077351799e+00,8.881026999716992165e-01,-5.325666896334423361e-01,3.348595215605859376e+00,-2.209534837275016761e-01
1.560844405012499436e+00,-2.736517091360218146e+00,-1.909794494334873693e+00,-1.675972282337315544e+00,1.938961866516888177e+00,2.213747005722496386e+00,-3.461170247653720722e+00,-4.153593009606279196e+00,2.762869009983454749e+00,-3.116740429254893030e+00
-4.262889649263605363e-01,-1.474272900203575709e+00,3.222175784436400292e+00,2.366899128697651289e+00,-1.773445590985315068e+00,-1.999983058566720651e+00,1.662629106423196390e+00,-9.184335181022033889e-02,-2.491180381080478679e+00,1.915056662401112053e+00
-2.716084374240844923e+00,7.543036466202668322e-02,7.476771750899535718e-01,-8.074247998504385793e-01,2.505831240518117564e+00,8.284123967734531302e-01,8.243408835645524846e-01,-1.061264231521496515e-01,1.851107528585218542e-01,1.583897136649934367e+00
-4.407846901958048846e+00,2.164036852914786202e+00,-3.426656781812161157e+00,-1.925490640848787738e+00,2.091739914894819474e+00,3.489397049269486573e+00,-2.508365141429944600e+00,1.553954455388224520e-01,3.578950382809091391e+00,9.589094362376141545e-01
-2.363295896011385899e-01,-1.207302416890951857e+00,2.962423270454433322e+00,2.340716379017620863e+00,-1.766872605252206130e+00,-1.934220774596618897e+00,3.248459453720319523e+00,1.191209489283942879e+00,-2.429959415419096658e+00,1.895383839336147069e+00
-4.711487161526406453e-01,1.598954432595613540e+00,2.189880837819908166e+00,2.199559463800558667e+00,-1.697421487916202398e+00,-1.686028555483612523e+00,2.779856261013414986e+00,2.284208308619207539e+00,-2.167055562866336160e+00,4.837675363961799313e+00
-2.712620300331678891e+00,1.991244681624437796e+00,7.653461112518158416e-01,-1.478520622695339015e-01,1.187056371750352168e+00,6.271521500083652167e-01,5.442299733787505645e-01,1.255528850451497647e+00,3.181778828247008167e-02,3.090224746564310010e+00
-8.093261479578848228e-01,3.479652397446531431e+00,2.635872250663212846e+00,3.198131870904919793e+00,-1.997220456647062381e+00,-1.819071138652281761e+00,-5.846903597990578128e-01,6.529868214532509318e-01,-2.341842671973028089e+00,4.802008688634012756e+00
4.014996058374409316e-01,-1.312107369796236434e+00,3.057834830285884209e+00,3.670374953107259142e+00,-2.071010362951398509e+00,-1.970684230451758889e+00,3.376726449898034943e+00,6.800068248997036546e-01,-2.431103284903632922e+00,1.718826833785594310e+00
-4.408204087491565559e+00,-7.597060220130646968e-02,4.034655590170412864e-01,-1.467191053347414176e+00,2.377562430448644903e+00,1.762725310323590033e+00,3.416471142184013488e+00,1.340289828424867657e+00,1.790647407922946854e+00,7.486171488078581238e-01
4.383633414074433077e+00,-2.673788102216740903e+00,3.117948200105725931e+00,2.963985473566559392e+00,-1.948822857442242817e+00,-1.986327454713962659e+00,-2.960715957705994938e-01,-2.988997384347838793e+00,-2.452453628037912559e+00,2.924330375648572233e-01
-6.699421247264403245e-01,7.381705921509587043e-01,1.732186782886782517e+00,1.997088396610918304e+00,-1.419263621736593040e+00,-1.391795504576550879e+00,2.642301911540038795e+00,1.137471992253993536e+00,-1.695084680407721311e+00,6.063667072402950886e+00
-4.554240964990921903e+00,1.623375702623601313e+00,-3.111376478577864813e+00,-1.865801538076695909e+00,2.037005830010961027e+00,2.692681468657421640e+00,6.609051873893685425e-01,1.134610500110908360e+00,3.131095453706415288e+00,1.023835035317994357e+00
8.334712714244510323e+00,-2.400695146938023328e-01,2.370963285818940669e+00,2.002425685583505199e+00,-1.594488924484645187e+00,-1.774233397233565324e+00,-2.800657251218446664e+00,-3.533956736196815385e+00,-2.200938610240326998e+00,3.059037053982169851e+00
6.554377959501518802e+00,-1.558278401746101327e+00,1.325025583293259146e+00,1.753833134217287260e+00,-1.541639100537103513e+00,-5.399434278885919536e-01,-1.356086601103615674e+00,-3.664222779253308637e+00,-1.311024115535980972e+00,1.020789123418058830e+00
-4.335666008168451491e+00,-3.293918623380772459e+00,-1.089221809380321648e+00,-1.685769255788703402e+00,2.119657670629503166e+00,2.215890928801943716e+00,3.287054181266964470e+00,2.538221347116706994e-01,3.591390940770798679e+00,-3.205081389295366900e+00
5.385094789478618971e+00,-8.951394986181249180e-03,3.107104394356301036e+00,3.001685862851022790e+00,-1.973795812980373876e+00,-1.985109912080420980e+00,-1.796206930218139375e+00,-3.403058632358199276e+00,-2.465522161890703501e+00,3.842841551929333299e+00
-4.382066701852632917e+00,-1.554303579741533436e+00,-2.233784911495125147e+00,-1.764595243815597181e+00,2.118170939351357251e+00,2.462216360542901494e+00,1.694767846235915698e+00,6.735053616577494351e-01,3.166212789302352171e+00,-2.393969314540348670e+00
5.773368394024842587e+00,-1.095275953399247548e+00,2.235178621347714945e+00,2.394029439024712325e+00,-1.801432184785575874e+00,-1.706183170540412908e+00,-3.255617013721599839e+00,-3.873560076074750835e+00,-2.207717868158941332e+00,2.760660935743880273e+00
1.104746088068639720e+00,4.398241353972509593e-01,-2.690048902693732202e+00,-1.703417613007657483e+00,1.874207560089517388e+00,2.160580863410863195e+00,-3.150104105980037872e+00,-3.373100724747038370e+00,3.829489737452780318e+00,6.444413665370418709e-01
-4.656106682087044035e+00,2.281956780650207683e+00,2.333172542055224064e-01,-1.858011153845969377e+00,2.685842998223936462e+00,2.969450263118891709e+00,2.003499877375580773e+00,2.690625713263486318e+00,1.653412431314278175e+00,1.270796445042325251e+00
-4.159833971336024838e+00,-3.218302494987143714e+00,-3.283879050967863922e+00,-1.901306110223060619e+00,1.989665835464779597e+00,2.941525526877840413e+00,1.407209928291692336e+00,6.915784059157925601e-02,3.004883019711316106e+00,-3.526733014836013869e+00
-3.905878682428535420e+00,-3.005414129062486950e+00,-1.500082307787866220e+00,-1.602079756729989146e+00,2.218180919551453023e+00,2.042295376199521950e+00,2.319504988170896453e+00,-3.693435208522420632e-02,2.770490660371970115e+00,-2.891485883699457471e+00
-1.110049409913730134e+00,-3.052041453898697743e+00,2.148830374357368456e+00,1.692363428579718221e+00,-1.542095250184447597e+00,-1.638964619290680380e+00,3.180348299789327982e+00,6.043205813604655141e-01,-2.169785935365178275e+00,4.060931120713655029e-01
-4.383163370693011096e+00,-9.005399491355712271e-01,-1.252164380304371161e+00,-1.613219490363476005e+00,3.371691083580900195e+00,2.183819344924638362e+00,3.337399882245460248e+00,5.852705851535746628e-01,2.858727841499154376e+00,-9.687672946953268527e-01
3.034510498461320260e+00,-1.808959655872980576e+00,-3.012761139690584677e+00,-1.984207378231919616e+00,3.020103567550298962e+00,3.327119918014911804e+00,-3.319618428329892623e+00,-4.027269901153945675e+00,2.779107389560412145e+00,-2.838020992558274891e+00
-1.590635394784795764e+00,3.450631964302514731e+00,2.907258235986498462e+00,3.316965444866173840e+00,-2.033071635643283415e+00,-1.919735206537363625e+00,2.333898505342892449e+00,5.253145507287163340e+00,-2.416890281878945945e+00,4.288065906547865680e+00
1.952915527150596020e-01,3.334183789477180859e+00,1.863817217020396377e+00,1.895067209515772566e+00,-1.470508071753845014e+00,-1.207584400887099951e+00,-1.150687003544358156e+00,-5.441073570262650039e-02,-2.020148329973759704e+00,5.805643308649383272e+00
-4.415623086549073761e+00,-1.989938968569877620e+00,-1.611103846966836395e+00,-1.889937753746522509e+00,2.315426612508660220e+00,2.984014686710564135e+00,3.492771718951777515e+00,2.921589393507879606e-01,3.373269567195849028e+00,-3.030826611178543573e+00
-4.734948607871483972e+00,3.136104482996576515e+00,-3.662551700333644966e-01,-1.435200236573832111e+00,3.284839026336675349e+00,1.981086587703249746e+00,2.822083518747904307e-01,2.008917189581175933e+00,2.778605337073621229e+00,3.730763527988444572e+00
-4.127002615801060870e+00,-1.954726054108008926e+00,-2.096369192278270344e+00,-1.771435048802830092e+00,2.081323931109574144e+00,2.575600001342854384e+00,9.084926190302766713e-01,-1.834574623277496208e-02,3.160080854479316859e+00,-2.735123507239759277e+00
8.159967234897272936e-01,-1.269529030264314073e+00,-7.453778088948510572e-01,-1.848276498405240886e+00,2.269594647355281936e+00,2.834214843048957100e+00,-2.935662559404543792e-01,-2.903345984459216211e+00,3.819788778167549914e+00,-1.869517871061156189e+00
-5.153029606998839718e+00,2.750099593276067012e+00,-1.352319265949192939e+00,-1.860234632404327293e+00,2.366318506449366588e+00,2.900246160498368031e+00,1.081884101422201816e+00,5.864519175632676884e+00,2.978322693819700717e+00,1.023400601261540643e+00
2.095106278056305005e+00,-1.619271493669792505e+00,-3.294100468628057499e+00,-1.993200831776628767e+00,2.725619567390196174e+00,3.359565585145584343e+00,-2.642365187662211401e+00,-3.901185742042873716e+00,3.124557567102648203e+00,-2.797999784872445161e+00
3.169150080771186317e+00,-6.845429875636872552e-01,5.792926435128968876e-01,-9.070306051444524398e-01,1.728702419072831287e+00,1.125978837870529770e+00,-1.938409544969402099e+00,-3.547716121562077163e+00,8.202574818265313539e-01,6.120998703949307451e-01
5.660913938750743668e+00,1.318645392893589730e+00,1.997722166495462304e+00,2.532037130523006496e+00,-1.781125857144992164e+00,-1.499335487952116130e+00,-7.283286348383901654e-01,-1.938504938763826013e+00,-2.090886806510128260e+00,4.827480539871068288e+00
4.646504232302501869e+00,-1.437470893621432211e+00,1.899237941453599809e+00,2.157215207043023497e+00,-1.719670808882516555e+00,-1.483657490596184569e+00,4.037823774957103318e-01,-1.886821567882448480e+00,-1.913841406192578587e+00,1.054372405992572093e+00
-5.348804689530189727e+00,3.040680147909876396e+00,-3.364625982060895026e+00,-1.906131690226728903e+00,2.821875054484672241e+00,2.891614658507879021e+00,1.729066388504794105e+00,5.497969966038906975e+00,4.200193425850780038e+00,2.242902721313657644e+00
-4.251652144448899051e+00,1.528853582489190899e+00,4.591920795957618040e-01,-1.027172057712025799e+00,2.560177194035937909e+00,1.272012979165562774e+00,2.718436292692731016e+00,1.749110257839142868e+00,1.087533585685563242e+00,1.243467999947710734e+00
-7.272072167433643042e-01,2.797280255897677925e+00,1.865580119299547590e+00,2.584693649396734294e+00,-1.865850313820417661e+00,-1.460865133140244243e+00,2.331463030799003633e+00,3.265534915261397941e+00,-2.012801004344233480e+00,5.377045935995718118e+00
3.303540992752208583e-01,2.348821562055315226e+00,1.268987953877138253e+00,2.684141149692932160e+00,-1.821113368126918042e+00,-7.844686277114426565e-01,-2.188173534651061125e+00,-7.077090488376862609e-01,-1.290971400520221302e+00,4.612827354822720771e+00
-2.105991281591394593e+00,2.383004140538852234e+00,1.176116822773768611e+00,1.131949729106311420e+00,-1.015038701990727654e+00,-1.994347579204871490e-01,2.757248318597456560e+00,4.187580570418899306e+00,-9.874172341404868769e-01,3.381398870752389207e+00
-5.287782043449986702e-01,-4.702025854079510125e-01,4.568629033275803941e-01,-1.350903185238136350e+00,2.421106449060218768e+00,1.759835804031478101e+00,5.590934933659017503e-01,-1.157618562402572326e+00,1.128076186764421340e+00,-3.723582837650202260e-03
6.688987101610836206e+00,-2.703487372936352440e+00,2.153938809858826353e+00,2.456555207102670391e+00,-1.833255268009226002e+00,-1.662425220307050644e+00,-1.463910997968090655e+00,-3.863804641960519426e+00,-2.120809733561097143e+00,4.542715278840769311e-01
3.385394943195140449e+00,7.904833304881231371e-01,1.372131641080112985e+00,2.404705831005304439e+00,-1.813415346874936107e+00,-1.030881106235023159e+00,1.485247041257946599e-01,-1.777824675929151610e+00,-1.505084361426317852e+00,4.274580864598497065e+00
-4.445700722619071676e+00,1.509441317984090425e+00,-8.499650829858840240e-02,-1.323102781208595813e+00,1.946841904460645534e+00,1.596703846303310970e+00,7.524706567904138055e-01,1.412056154525596519e+00,1.907381205888840636e+00,2.469474528705158711e+00
-8.739619997170524623e-01,-2.095214030203087496e-01,2.097942526938180841e+00,2.365348482124487894e+00,-1.778499095102794136e+00,-1.599665372005912412e+00,2.565340567673124461e+00,1.090441047540320341e+00,-2.097291387006629204e+00,3.946280186542101998e+00
-4.250978433590779204e+00,-1.712934735993787427e-02,-1.625262993361263231e+00,-1.772884784203242248e+00,2.092631433730473667e+00,2.495655689818646383e+00,1.567163590050270727e+00,2.750634774659739268e-01,3.960706810719954341e+00,2.313468870260209642e-01
-2.247944575981401183e+00,2.331872201309680648e+00,5.067098925281019461e-01,-1.203293542343862654e+00,2.064916245106741766e+00,1.422442437418790728e+00,-2.215464009531955547e+00,-9.646285413071110648e-01,1.389998541034483059e+00,2.335754097223662562e+00
8.636796343260382258e-01,-2.857201522750507650e-02,-1.406124347504272620e+00,-1.658232753774478541e+00,3.020410969715459082e+00,2.465942344317996415e+00,1.791792895158916821e-02,-2.479381331227942020e+00,3.557888648233637596e+00,9.375922130485569994e-01
-3.537449409183616833e+00,3.191970009519849327e+00,-1.907367163652135211e+00,-1.627414539104584890e+00,2.818216182958940053e+00,2.219858388976929664e+00,-1.743320110980943305e+00,-3.737768067496024527e-01,4.275077133922323469e+00,9.984774586040292554e-01
-7.090587856380518028e-01,-8.131970261799326138e-01,1.851237612254637455e+00,2.527119329877171694e+00,-1.818111095695883250e+00,-1.437744090514484707e+00,2.804550882686503321e+00,1.116491153161274674e+00,-1.932067980936242879e+00,2.339304500129114839e+00
-4.786979795703813600e+00,3.537343883597579008e-01,-2.723890043013491358e+00,-1.719959458544251696e+00,2.572874601436364372e+00,2.375259472743347811e+00,2.464234220935724196e+00,9.894989430718457157e-01,3.794931577106791742e+00,3.433754892882711074e-01
-2.560410316904668360e+00,2.387371231383350612e+00,7.784935031718136500e-01,6.611434406033511735e-01,-4.760942097020729458e-01,5.028235212994396353e-01,-9.708787756029741978e-01,-6.960000642932895332e-03,2.550721081158021653e-01,3.079895578768558462e+00
4.837239860195159835e+00,-2.266632111499102820e-01,2.531604337271618377e+00,2.725993289437495637e+00,-1.823386069800581488e+00,-1.816601419795407457e+00,-9.635074632106324088e-01,-3.252710704033193068e+00,-2.272153230678692459e+00,4.097504603687391445e+00
-4.493844996428038030e+00,2.069516780469053963e+00,-8.424708221375829531e-01,-1.784205343504970953e+00,2.373730513533002906e+00,2.536305936598621358e+00,-1.204627003916467487e-01,7.413586166484401607e-01,2.649082371808757941e+00,4.368486702197293958e-01
1.186551151402722271e+00,-2.448634255026582274e+00,3.042644738954331629e+00,2.396411163288034718e+00,-1.803933311683666885e+00,-1.963160741991676783e+00,7.831598562123449625e-01,-8.834838734065924015e-01,-2.453448602585188709e+00,1.786004235340012736e+00
-6.577757575462264139e-01,-1.554035408586780687e+00,2.659640341289702725e+00,2.568407770283852365e+00,-1.858379490475985829e+00,-1.871343518457815547e+00,2.941139875426406647e+00,3.540683198428732359e-01,-2.315675559282931228e+00,2.442297821095100296e+00
6.089650657679206880e+00,-1.327857886130394238e+00,2.434833592701648008e+00,1.985844621322926162e+00,-1.599221836831147714e+00,-1.791197878322754011e+00,-6.373892407734276233e-01,-3.412077282491846386e+00,-2.249970391352435151e+00,2.424654149367372558e+00
-2.973157077542751825e+00,3.149799150087062571e-01,-9.915190417859656158e-01,-1.712967045073721328e+00,2.721911293922510744e+00,2.299190733121887043e+00,5.518657871151377847e-01,-7.357664210003329597e-01,2.949540480325779868e+00,8.745528263862616392e-01
1.638378091750554155e-01,-3.478179114718516818e+00,1.598165539625807874e+00,1.985048141077816242e+00,-1.659827202729518225e+00,-1.135692966528202508e+00,1.076521903767329036e+00,7.098438161009477110e-01,-1.794511867828458174e+00,1.287011328142018129e-01
6.541499026872109823e+00,-2.421713166937120576e-01,2.592479342004926579e+00,2.835514964182860531e+00,-1.920648503975144417e+00,-1.848238488569776017e+00,-3.219995376171929102e+00,-3.588054973400772063e+00,-2.271578991394437974e+00,3.373829595222555877e+00
7.144440355057547265e+00,-1.939324292862485866e+00,1.328825247703679047e+00,1.783908699653116603e+00,-1.519692018730735006e+00,-7.202539289507150500e-01,-2.823462222132344657e-01,-2.982222464400074990e+00,-1.499308712989905645e+00,1.149230416133681265e+00
-4.384382413859332139e+00,2.188058536654875930e+00,-3.401802961538544778e-01,-1.457349859863749320e+00,2.858496264934225373e+00,1.908844697317914063e+00,-8.714954497286031554e-01,-2.055790527171941218e-02,5.009160493887791610e+00,2.793422170237684909e+00
9.450878145673913266e-02,-2.667118686365544722e+00,2.898862009810531326e+00,3.274427547040239972e+00,-2.009954281530829778e+00,-1.927448169694023994e+00,1.679443456155317982e+00,5.989739766629418316e-01,-2.414989230791704689e+00,7.579631971053325534e-01
-4.100580155014380779e+00,-1.735467187472860218e+00,6.495826358796952249e-01,-1.333064040076456624e+00,3.782121952257700315e+00,1.417619838136783716e+00,2.214453605129140357e+00,1.112102223969302806e+00,1.018726973462472207e+00,-1.899879023121374466e+00
2.591211754071756967e+00,1.299890188006298075e+00,-2.598704181421676473e+00,-2.016701715481270529e+00,2.544078318154773477e+00,3.491250670407254120e+00,-2.829353254814732654e+00,-2.672114984999139242e+00,3.278384340935508678e+00,6.402816311394791127e-01
-4.393633302255063100e+00,2.976898009522463084e+00,-2.661245230765483250e+00,-1.969205108164506335e+00,2.018525043182489931e+00,3.243849746580488080e+00,-2.944676082668168604e+00,3.135257825658517294e-01,3.152380767496677727e+00,5.003869972148056178e-01
-5.138568733691951884e+00,3.427405458419536366e+00,-1.725607709607686946e+00,-1.821095507836721028e+00,2.253712386121390132e+00,2.786171298893692860e+00,6.509794090259388710e-01,3.309128868586683758e+00,3.618126973638871036e+00,7.156902028704840157e-01
-4.577807537363425716e+00,3.004442546084331589e+00,5.196059433668818173e-01,-1.252860971123351819e+00,2.059708264841096703e+00,1.389241848344559216e+00,1.407002515197716797e+00,4.343191800545438852e+00,1.029361139785505364e+00,2.380167663786541432e+00
-3.886241696500133624e+00,1.821839748396259395e+00,1.142304796457205285e-01,-1.726513543189797106e+00,3.078991423682401418e+00,2.362266924745849206e+00,3.180298727650558988e-01,1.653531239282454157e-01,1.935512661521765487e+00,2.357060007040745919e+00
4.186959214785849426e+00,-2.090757606436759009e+00,7.239321239256772955e-01,-1.535454876454938500e+00,2.259633622644908968e+00,1.847728206767627501e+00,-2.422533751924476952e+00,-3.972369636029050355e+00,1.221577198072150150e+00,-2.543441118255789224e+00
-5.249496188525016649e+00,2.606519177113364449e+00,-2.480901336631613940e+00,-1.700782366335429563e+00,3.829315551141879492e+00,2.400053738603791231e+00,1.473259715825859573e+00,4.853848892315357766e+00,3.650183851020307291e+00,1.097534367411705736e+00
-1.046164523374075728e-01,1.467112016657328155e+00,2.824307304871614299e+00,2.361878967621352299e+00,-1.811901073049904332e+00,-1.899167701144667486e+00,1.569604543151369214e+00,2.178056436871607993e+00,-2.345573610118430796e+00,6.559015146195003254e+00
-2.734238410983691470e-01,-7.225893374701386485e-01,2.739995953813828322e+00,2.594850002658094290e+00,-1.855270555639366714e+00,-1.888028961828153607e+00,3.250908554956350116e+00,1.796855079899626562e+00,-2.355161991301013558e+00,4.318549056436379097e+00
1.131846132549898076e+00,-1.312608681566597824e+00,-2.752142792191359266e+00,-2.005577784956858345e+00,2.768758288251665256e+00,3.497185305539090017e+00,4.000492644626789662e-01,-1.501133027060626679e+00,2.687143508528952562e+00,-2.492363111837684109e+00
-4.394082200828599127e+00,-1.578915317954186381e+00,-7.963586777002711337e-01,-1.560408637954496580e+00,2.174535992290605346e+00,2.370533285287995007e+00,3.151069105666658210e+00,1.144431621780859221e+00,2.524656844180956039e+00,-1.888939921936880761e+00
-5.218156621092948200e+00,2.982361087050520609e+00,-3.368821791578758607e+00,-1.929856547980427939e+00,2.121794659420743745e+00,3.126034621011298587e+00,1.100266004140792120e+00,2.908725568959111385e+00,4.820997448954686071e+00,6.217529424991864451e-01
-4.397538289127527200e+00,-1.586008415798060511e+00,-3.035572840582863030e-01,-1.681827099403086834e+00,2.719249530894813471e+00,2.175142115711507174e+00,1.508689159631764198e+00,9.592911833618726902e-01,2.433672606366447333e+00,-2.361750120958080679e+00
1.955059760948983039e+00,5.801772452928357637e-01,-1.374431209483998995e+00,-1.649141693814748511e+00,2.277083158599166879e+00,2.288627270943399239e+00,-2.813151013157163760e+00,-3.239598189948047047e+00,4.419098372638194938e+00,1.087620054733026809e+00
9.147258559352983154e-01,8.107532875130205596e-01,-6.140761984436080567e-01,-1.979572930754455395e+00,2.852922908761422960e+00,3.422913837397792314e+00,-4.248922169076436717e-01,-2.124556273277398599e+00,3.345899704667508523e+00,7.970781367725193745e-02
-3.069696708222938497e+00,2.737144922530308833e+00,6.671198705337717527e-01,-1.145159027097460758e+00,2.348861613321910458e+00,1.276802597953256679e+00,-1.960345024318566054e+00,-3.457163625685954478e-01,7.505637325671634663e-01,1.678280462949622631e+00
-3.061421146447284691e+00,4.092536388657492807e-01,7.005667716040049342e-01,-8.425382267619641041e-02,2.381047890350644458e+00,7.072908308945528022e-01,5.962607674604356589e-01,-2.157996952511591626e-01,5.135788437549891894e-01,2.463462581706143073e+00
-4.844263413624788406e+00,1.640060393859886112e+00,-8.110942955748319250e-01,-1.632018589453181345e+00,2.587468295147502761e+00,2.306761966378566786e+00,1.204459234952418356e+00,3.118782197789724542e+00,2.291822862032638408e+00,1.432434522134440558e+00
4.132950954557697898e+00,8.698473539514894881e-01,9.449650941955471950e-01,1.412550616881493415e+00,-1.302123079426475538e+00,-3.476897049827343267e-03,-2.103009102830696087e+00,-2.992474527520112559e+00,-6.421674526799763250e-01,4.250136023143189945e+00
3.752677191231931886e+00,-5.727713282666213601e-01,1.175300299136483595e+00,2.960490781043723985e+00,-1.934080999488298813e+00,-5.283994925587449654e-01,-2.372686242476258478e-01,-2.369843402448739589e+00,-6.636601899331361354e-01,4.470911945862804160e+00
-1.051144701343582399e+00,3.449965691469842000e+00,2.214356237554793161e+00,2.317641472342580222e+00,-1.798836483932901631e+00,-1.611488696690955624e+00,-1.678166763700352337e+00,5.148282202106071459e-01,-2.168618911524357706e+00,5.619058577852317882e+00
-4.228762383412322912e+00,-2.072843503648877039e+00,-3.195697056507759370e+00,-1.862231811250291136e+00,3.054751353672643610e+00,2.953458046811572757e+00,1.792080663646396843e+00,1.624331553679588258e-01,3.288616759891674235e+00,-3.036630254193600553e+00
2.235676080098229157e+00,2.525415085875004628e+00,2.520113942723215317e+00,1.960001465140298382e+00,-1.643525709090319697e+00,-1.813544490634562134e+00,-3.023481717848044426e+00,-9.559160907235495497e-01,-2.310754124483786587e+00,6.436939727181515636e+00
-5.248911956307498627e+00,3.089972768700170569e+00,-5.849654584315402417e-01,-1.577073046925884459e+00,1.988292559331722442e+00,1.971990979557734391e+00,2.237272340804476123e+00,5.124491474726665885e+00,3.585328407720615118e+00,1.629974904751366971e+00
-1.781438113453041039e+00,-3.413590857897503383e+00,1.169898691838212379e+00,1.809770417856376934e+00,-1.589502933281269126e+00,-2.517131826108029991e-01,2.347058977754873155e+00,6.006647547406837040e-01,-7.965965954533732463e-01,-4.243888205903119104e-01
4.649237916124076442e+00,-2.043007250446835954e+00,3.016468670648956518e+00,3.255878680881454379e+00,-1.985267453448289032e+00,-1.953074080263208057e+00,-2.029505686701997824e+00,-3.781110536865101235e+00,-2.429388112268626276e+00,8.026202015525845113e-01
-5.186122057343395930e+00,2.197675335031577859e+00,-2.798207438000405389e+00,-1.969717070879241527e+00,2.939867298465604684e+00,3.270560041038632626e+00,1.376868613636801797e+00,3.281766734137525177e+00,3.963517453671641988e+00,1.448019253231659365e+00
-4.978703186269537895e+00,2.860933099953197001e+00,-6.888695733393470633e-01,-1.469455004412234533e+00,2.604520910566809455e+00,1.919488330203726889e+00,3.455846653449276218e+00,3.908030642313811143e+00,2.375474418938211763e+00,9.538733547132917101e-01
-1.300973316718697648e+00,2.119402576054820742e+00,2.525108004976244658e+00,1.832062506484311237e+00,-1.578366501275113576e+00,-1.817216032520635460e+00,2.921496343549677022e+00,2.893725573398125306e+00,-2.270563122262983846e+00,5.187685613614906543e+00
-3.626475181164218853e+00,2.414728563123854421e+00,3.653869177787854028e-01,-1.379896179863704164e+00,3.172268440786647492e+00,1.648460897503949640e+00,-1.373916663489475720e+00,-1.043835009710848416e-01,1.584837820581017631e+00,1.696434918798198632e+00
-1.544253625876659930e+00,2.499874085539013358e+00,3.244132645438983609e+00,2.918331723291880841e+00,-1.940054321265663129e+00,-2.010771110728843070e+00,2.851931763721658797e+00,3.722533067101507331e+00,-2.494436592307287537e+00,8.623789281246047267e+00
2.368090049021012167e+00,3.505123945658823459e-01,-3.556374367468122522e-01,-1.619401962833962649e+00,3.123615676824140763e+00,2.127648281065990243e+00,-4.645772223614037522e-01,-2.562935906033379840e+00,3.067593355282631329e+00,7.130750359931363747e-01
-5.439882002670816119e-01,5.387065994501991639e-01,3.419503107706971079e+00,1.954171185005334044e+00,-1.434090566860585891e+00,-2.037020625204173818e+00,2.331304241140002453e+00,6.842566405373698979e-01,-2.528297806154922167e+00,3.930215149232922034e+00
6.139813848939121854e+00,-2.757066161285414374e+00,3.051784963066872969e+00,3.042023755944724073e+00,-1.955305656068543341e+00,-1.947624885895156810e+00,1.803082064228589410e-01,-2.626368628055845811e+00,-2.457575520440008709e+00,7.472188529799752565e-01
2.392260412898644883e+00,-2.060403773563945329e+00,3.066851931321190605e-01,-1.247815740702195919e+00,2.214313954803483586e+00,1.278248973644352748e+00,1.526128634210683899e-01,-2.594626399653279236e+00,1.775886074471434650e+00,-1.986789047503753292e+00
4.546087962493588819e+00,-2.338013875793179430e+00,2.845373751012504115e+00,3.180260798210305495e+00,-1.993528298707353930e+00,-1.920967932569514813e+00,5.148707861210022330e-01,-1.297329593224124444e+00,-2.394491834938299313e+00,9.370377467471614485e-01
1.832273907060547824e+00,-3.201902959723314179e+00,1.000085944543799954e+00,-2.065822224509635263e-01,1.258693624251568721e+00,4.620768311941881312e-01,7.259351622644087954e-01,-1.127002914256523880e+00,-7.293762724546515308e-01,-7.129391227238102147e-01
5.307955588061850527e+00,-3.363415055603615311e+00,3.464736103688448310e+00,2.090277783900408082e+00,-1.712102296755326991e+00,-2.052256245414079583e+00,-9.009773299070773511e-01,-3.702544693329785641e+00,-2.539064162897749277e+00,1.172965345936808623e-01
-4.847757225653112734e+00,7.267032447058427991e-01,-2.748177100134375106e+00,-1.824419228473569410e+00,2.785723161287737337e+00,2.905412363528896869e+00,2.733502632101396657e+00,2.320887104898808673e+00,2.826025190457914782e+00,2.832768128407382735e-02
-5.581687322305329824e-01,-1.610823785100241601e+00,2.754832245913931388e+00,2.006230771862943740e+00,-1.639895112993903448e+00,-1.835577324051387071e+00,2.127380361985299118e+00,7.806739876744593909e-01,-2.358853602311166586e+00,1.469363192954508346e+00
1.921548619054384233e+00,-9.126244236530864917e-01,7.155690000774006521e-02,-1.287834072032654209e+00,2.766132837025035762e+00,1.767106010782157011e+00,-8.810765287126711698e-01,-3.413323286216527030e+00,1.911525961038275767e+00,-7.498689053824513229e-01
1.431208847482837943e+00,9.159824822480633344e-01,-1.496190646660661816e+00,-1.637466870114911988e+00,1.860876265550811759e+00,2.273298344652732617e+00,-2.072759888573907805e+00,-2.804232523732535842e+00,3.454171126985388529e+00,9.430874628522806224e-01
6.293619114039822549e+00,-1.133284702152347556e+00,2.321148665895636398e+00,2.222150639644825620e+00,-1.693607939700718878e+00,-1.675166165317578226e+00,8.708435328109853657e-02,-2.525208936543176907e+00,-2.222232371292675257e+00,2.075290707239172860e+00
-4.164886048771061056e+00,2.913203322441814791e+00,-1.156206829537561376e+00,-1.457677856121025961e+00,2.879314636225058788e+00,1.993537429577754816e+00,-2.697967543038571669e+00,2.280982576001364670e-01,2.591304057670389405e+00,9.381608379750923099e-01
1.838912459360451113e-01,1.384042053614533252e+00,1.361760396715173904e+00,1.527242561818363598e+00,-1.389573194390257616e+00,-9.251632969728998956e-01,4.442769767504444189e-01,-5.110326978911611251e-02,-1.281681275892028404e+00,4.803712932631680310e+00
2.358823124527793080e+00,1.425502013047679206e+00,8.083020736778356863e-01,-1.144227151459552783e+00,3.623091852179283201e+00,1.197233432716443335e+00,-2.721845577336766020e+00,-2.248189348932896792e+00,-2.202536580543815181e-01,2.237886654717606838e+00
2.515232040339991926e+00,-5.447476388577472406e-01,-2.928565864119792916e+00,-1.561320543416355067e+00,2.212390387770130307e+00,2.335116714561582096e+00,-1.996166191019317804e+00,-3.625276929214343191e+00,3.479088869249202354e+00,-7.583820611776437293e-02
-4.392735823526822792e+00,2.820869798043252885e-01,-3.369496088051086691e+00,-1.821856867121292023e+00,2.367667988088154374e+00,2.818997837693089981e+00,1.708193477591390064e+00,3.668943474025659901e-01,2.954978057897820420e+00,3.760038973150044983e-01
-2.656564437545890778e-01,2.900839243234848652e+00,3.441763845987236614e+00,2.023840263675969364e+00,-1.694453062649392550e+00,-2.047290116751142364e+00,-1.095646652764319384e+00,-4.210961317612764154e-01,-2.535782147108313733e+00,4.282437493980113530e+00
2.036982825363825800e+00,-9.498685666920625437e-01,2.231644996600845587e-01,-1.542235892042385981e+00,2.689650754703195368e+00,1.771388693625895350e+00,-3.381648027548505020e+00,-3.833160333821940657e+00,2.518543659269238955e+00,1.917583788437926540e-01
-5.098508179723263645e+00,2.962216201722774223e+00,-1.445227751714612374e+00,-1.818690072068968044e+00,3.064369602660710790e+00,2.580726908567731126e+00,4.751193564974647288e-01,2.630033422345024796e+00,4.296419495679622003e+00,1.500653735885099316e+00
-4.964446332101601911e+00,1.584217617749217766e+00,-9.191266497532879498e-01,-1.893792588066370630e+00,2.780639125892088614e+00,3.031622365069034153e+00,3.343743022950769195e+00,3.029022047000946571e+00,2.787603617759465635e+00,6.578515025623340451e-01
6.542699272515620557e+00,-3.478360723763376239e+00,2.549372156688042956e+00,2.517716795545593023e+00,-1.775313239750205829e+00,-1.803675689783176272e+00,-2.604338643950913745e+00,-4.139743322340436293e+00,-2.328196385900084486e+00,2.742092752770815545e-01
-8.086812625201635907e-01,1.351149145953455033e+00,2.100936809421651397e+00,2.267559819150531286e+00,-1.692105925556156576e+00,-1.604398303192913655e+00,2.558227719872216532e+00,1.885141655982523812e+00,-2.052260690773592522e+00,4.750899032354615414e+00
-1.516277523874884459e+00,2.989075349435675655e+00,1.204865837139946549e+00,1.973322146470616545e+00,-1.576031988628412206e+00,-6.597626093020592108e-01,-9.657797900094040600e-01,1.430916657875744402e+00,-1.044782909028667772e+00,4.051257532735241362e+00
6.022578362332955848e+00,-1.919311195811524984e+00,2.159830102394471929e+00,2.297642965375811031e+00,-1.644786948757772427e+00,-1.589875171488789318e+00,-2.825478652225698717e+00,-3.960893058395058119e+00,-2.139554861589907819e+00,7.983499735452945778e-01
-1.091136446918196112e+00,3.430536334120436237e+00,3.412554015364483107e+00,2.026237017334458379e+00,-1.675726262310465620e+00,-2.042625879952425727e+00,1.619430587168441349e+00,5.358232781248263521e+00,-2.530267357622734359e+00,5.207732241890230540e+00
2.121099008105305828e+00,-3.446542355930817259e-01,-1.543584914270361264e+00,-1.579705299501961813e+00,3.394971154109571287e+00,2.128334682404737777e+00,-3.023877497619118060e+00,-3.630894430255895866e+00,2.858252174564577697e+00,3.174023864600712397e-01
2.713027544423888049e+00,9.546298919652391746e-01,-2.849713705164382382e+00,-2.055990962705563252e+00,2.200841394978005905e+00,3.713709391459320219e+00,-2.615250285300453559e+00,-3.055724763295056157e+00,4.433740594531991874e+00,-3.133666648929098186e-02
1.784898567072863207e+00,2.462652570585082579e+00,1.800139689869121540e+00,3.687153547572199930e+00,-2.095193719735932714e+00,-1.459226586226038513e+00,-3.201946185596013184e+00,-1.008485018182363913e+00,-1.752030790182908415e+00,4.691777654257371033e+00
-3.300875506798765513e-01,2.769029384024671359e+00,1.902972474813815928e+00,2.955423320765377948e+00,-1.950139888873233751e+00,-1.515341079131849344e+00,-4.287557777736048514e-01,-1.600385983330524231e-01,-1.990410474807664309e+00,5.881348340735175206e+00
-4.460497254506043951e+00,-2.087221817866184992e-01,-2.682471731817988037e+00,-1.663049657847032181e+00,3.158114924504137555e+00,2.533699537981151551e+00,2.499877421819596712e+00,1.131172773394327979e+00,2.801553981083606537e+00,-2.872497468359832551e-01
3.797706531625488768e-01,2.319053931252774703e+00,3.289445714946872990e+00,2.494765706435654096e+00,-1.828205109460188327e+00,-2.017816056260286040e+00,-3.116897936435799821e+00,-4.808791901274980241e-01,-2.505956430304391080e+00,5.019521299342522447e+00
-4.397250425647760252e+00,-1.192553062920306495e+00,-3.197281204856170067e+00,-1.644811911268084126e+00,2.751972992060913281e+00,2.327514639919062933e+00,1.590480007676005059e+00,1.621078762469839174e-01,3.391882476273363256e+00,-1.311523810293160786e+00
-4.704428997857236894e+00,1.286734133109749934e+00,-6.978766538282634713e-01,-1.845942327562233309e+00,2.801614967342047624e+00,2.879857330069710120e+00,3.460159051729821300e+00,1.512136732281572415e+00,2.468912853073831126e+00,1.996878102385806764e-01
1.564382635777468611e+00,-3.328030130752091420e+00,-2.580423269698551625e+00,-1.894554860046866240e+00,2.890889881500542380e+00,3.031420274548566329e+00,-1.107670693906497306e-01,-3.183912020096513196e+00,3.150593976812396946e+00,-3.590127712312641162e+00
-5.139717091668836169e-01,2.252282790243707034e+00,9.425259740915041817e-01,1.417086521922775511e+00,-1.215271317951667651e+00,-5.144625133793628846e-03,-2.410163253360286362e+00,-8.588081642310441133e-01,-3.169495958321299489e-01,4.448647004743603084e+00
9.220577378902622412e-02,-1.616714500795819687e+00,2.396420507073590223e+00,2.366076363950385009e+00,-1.805704832648284519e+00,-1.726679838036919934e+00,8.641999373654529748e-01,-5.909512215384933320e-01,-2.206811351585826309e+00,1.243445920565550589e+00
1.796774659039339417e+00,-1.029408194459017878e+00,-7.358943870380936225e-01,-1.686945690063048398e+00,2.688286644368640843e+00,2.316891812453740318e+00,-3.283159167042659199e+00,-3.884121480195746212e+00,3.947149009722425994e+00,-1.195628651843181567e+00
8.285546260272804719e-01,7.644190675708095739e-01,2.859231264479146439e+00,1.862786781982022077e+00,-1.547750967525076238e+00,-1.886959656631093551e+00,5.494472567553696507e-01,-4.637081354015951118e-01,-2.393860976320566269e+00,3.917598794776268267e+00
-4.366462560183373753e+00,1.205145723360176113e+00,3.465010486935264922e-01,-1.834740248611901103e+00,2.480012332335350678e+00,2.624077414924434137e+00,2.475434720695751878e+00,2.333729377556604589e+00,1.374716507696787993e+00,5.313048579302193097e-01
-4.504340290198220131e+00,1.941876502864971599e+00,6.498723394082048799e-01,-1.111218348697134095e+00,2.414003281483087182e+00,1.265816812508692601e+00,2.664038460849608825e+00,3.515680248477377923e+00,1.096125970818070616e+00,1.714289558657283497e+00
1.240112504322106846e+00,-1.137997240456109171e+00,-5.156089658215705640e-01,-1.722967749900910173e+00,2.702992871715999001e+00,2.246199979968418248e+00,-1.806483624360540219e+00,-3.720773384517511939e+00,2.349247456448782412e+00,-1.498775253342956804e+00
3.126665443291716251e+00,8.433825188710324383e-01,-7.437328978773249943e-01,-1.632158391116798057e+00,3.541464528786657517e+00,2.143840743003526672e+00,-6.877391077063381708e-01,-2.513903952172142020e+00,2.393390883282001003e+00,9.893280471722446512e-01
-3.884624465717457120e+00,-2.709695337786067970e+00,1.871560580895135217e-01,-1.500161905746171032e+00,3.085665259349937184e+00,1.877542046252403285e+00,2.059264112407812597e+00,-7.836354013058340062e-02,1.997683495759164929e+00,-2.441402913428505794e+00
-7.629983428945639190e-01,9.579338281558724688e-02,2.150099310613571291e+00,2.227327269302309176e+00,-1.649985120339244826e+00,-1.659837806938052607e+00,1.552304982088281271e+00,6.660224220745082357e-01,-2.082190790656129664e+00,3.900677502024058718e+00
-2.117671472376188913e+00,1.897993336785612328e+00,1.017967393954308797e+00,8.836788602430153405e-01,-7.912710408160021913e-01,1.181565499219365822e-01,1.321260431416223291e+00,4.241981645683635449e+00,-7.989290513521549730e-01,3.660120941863109323e+00
-4.686035584051519542e+00,1.205135542296526197e+00,-3.377291608007458645e+00,-1.843981441023085255e+00,2.613795138673972840e+00,2.696224966206692830e+00,1.656241718029890286e+00,9.945843305791538524e-01,2.931715525760913099e+00,2.237834091627571298e-01
6.066958549687678115e+00,9.436719579031009886e-01,2.548977829937022044e+00,2.106625312320625110e+00,-1.580086453612346231e+00,-1.823422210370861274e+00,-3.108172087678191531e+00,-3.041909512144911787e+00,-2.310386318198822231e+00,4.700049801331891430e+00
7.702283314831522176e+00,-1.793242866724793494e+00,1.279981276925355793e+00,1.479082232316176082e+00,-1.322796639086946335e+00,-6.884408755265487567e-01,-7.447740731678611503e-01,-3.425462601165493837e+00,-1.375058349530028368e+00,7.622849951837027405e-01
-1.394185465753988717e+00,2.353324563197965347e+00,1.121332375554756844e+00,2.110844760020272659e+00,-1.570880750918763225e+00,-3.836619248456399900e-01,-4.851869755922377792e-02,2.873145693660497102e-01,-1.077982496046208993e+00,4.285605755082965374e+00
-4.530746168070511004e+00,-2.766932012253695561e+00,-2.236094789235766989e+00,-1.912766502811093394e+00,1.921146456894327281e+00,3.092735792843305909e+00,2.559563737317883891e+00,6.790569689144678733e-01,2.905023463071766621e+00,-3.457306412924483929e+00
-2.759318438963681341e+00,3.007073816888832241e-01,6.173555027799757511e-01,-1.325051353931575582e+00,2.533286465307178936e+00,1.424654673975767949e+00,6.102093526762812914e-01,-6.798377127188622859e-01,9.499168421861114986e-01,2.322836019172332733e+00
-4.460825295060372397e+00,1.276837765536775748e-01,-2.144806768581913214e+00,-1.673467858097908323e+00,3.338909488040598283e+00,2.386818970020063269e+00,2.336145266263944364e+00,6.032615509844744262e-01,2.763284246117717835e+00,2.538142954350289249e-02
6.096389861542438560e+00,-1.256193901210687081e-01,3.467277738677495336e+00,2.895172097657106036e+00,-1.955424320001251770e+00,-2.052501427507778864e+00,-1.191226442604225610e+00,-3.276814430821168411e+00,-2.540063904966849417e+00,3.338498889042226470e+00
2.741187262806339398e+00,6.619900109364333929e-01,-3.019153079711243137e-01,-1.513161743208623955e+00,2.345188082412322128e+00,1.934377376914073521e+00,-1.639464754081415787e+00,-2.789159637386989576e+00,1.984591069308899058e+00,1.722035545780121080e+00
-4.535031506706557192e-01,-1.323455464535999049e+00,2.865588834898431969e+00,2.069126730224270627e+00,-1.518249886355504286e+00,-1.889090525518563490e+00,3.216971663553040095e+00,8.438769920253136325e-01,-2.376096001455297202e+00,2.453777806742495127e+00
-1.045087853347857365e+00,-2.351222003723082654e+00,1.002720080312604622e+00,1.198776552932816486e+00,-1.072258142020096061e+00,-1.610346202021199491e-01,3.377500830789243125e+00,1.419900923848673058e+00,-8.543597486581657741e-01,5.346424944172355476e-01
1.737128614384432002e+00,3.575007329533912426e-01,-3.253450863824117079e+00,-2.000148186595189781e+00,2.431705626781153651e+00,3.411602778037285510e+00,2.297894209273554367e-01,-1.403948255933352485e+00,4.748499593049883671e+00,-3.467408622567991205e-01
-4.829485135634294934e+00,-2.164166228962932870e+00,-6.247582876349611070e-01,-2.024492137902770494e+00,2.197981005058605497e+00,3.627257817894723679e+00,3.358516368323345880e+00,1.899283380777631480e+00,3.420084135504130707e+00,-3.304281612539637258e+00
-3.820537450846478222e+00,1.573241491881942622e+00,-2.353741777421720194e+00,-2.010160900217790481e+00,3.088076753289533904e+00,3.405662644681954454e+00,-2.804469280988213242e-01,-2.935169261251657780e-01,2.843425162038700993e+00,3.316905182446820421e-01
-4.567605326033877589e+00,8.229027701593842892e-01,-4.665415549451128463e-01,-1.741093194436015956e+00,2.214967908682517805e+00,2.295916273913249039e+00,1.823354430853429520e+00,7.139606349998950385e-01,3.232219248167542247e+00,3.938271223048587233e-01
-3.693499877638779960e+00,-1.288625001262250880e+00,-1.502279527392282876e+00,-1.838907270169067409e+00,2.160305186106739050e+00,2.843558895769504602e+00,1.208062833997992414e+00,-4.747478348988981578e-01,2.779342371645128651e+00,-2.109459015107577606e+00
-3.897361034579370553e+00,-3.489789750112692879e+00,-1.774689103339460505e+00,-1.778547854985424559e+00,2.043540278607835159e+00,2.503442817243527241e+00,1.512384691593517516e+00,-4.303083072757788452e-01,4.707560210507571341e+00,-3.449256280849077871e+00
-5.034531850651304374e+00,1.161328352383366180e+00,-3.097940749409316297e+00,-1.843580918425338888e+00,2.909165570563190695e+00,2.614157437481521296e+00,1.532638095554236024e+00,2.647009371048057336e+00,3.362485594166043867e+00,6.999456135723489680e-01
-4.039960618705466189e+00,2.211362493889897252e+00,-3.432612655916134514e+00,-1.841011579018941413e+00,2.732418578465652281e+00,2.699990966727372932e+00,-1.385377191144608666e+00,-1.594774147203024128e-01,2.837129530610840611e+00,8.187654808624220681e-01
-4.699747006989560383e+00,3.392036232055064993e+00,4.489153666788605612e-01,-9.966476447183301168e-01,3.523516588890496681e+00,1.304214705221333315e+00,9.485509008390655694e-01,4.054332094431345013e+00,1.444480913061794825e+00,2.501353828499751408e+00
1.776451902967245644e+00,4.432475281565864123e-01,-3.009109728512143977e+00,-1.736197607312859992e+00,2.187101125751816699e+00,2.301362298212114688e+00,1.569849549057700244e-02,-2.177333901888678369e+00,3.944646466208091340e+00,1.019274529776028893e-01
-4.044456066027732000e+00,2.718731570669995712e+00,-4.039968779663816179e-01,-1.500606605930508763e+00,2.729728774176834349e+00,2.103651493253794857e+00,-2.807931674603282080e+00,-1.304528231611232769e-01,3.038611052018657332e+00,1.182002846215981284e+00
1.953618421599404353e+00,-1.285472534633786079e+00,-1.370297265435371337e+00,-1.714748215379970686e+00,1.926555360744096834e+00,2.397246173076635678e+00,-1.108089743630712221e+00,-3.455900177079852309e+00,2.696351273350291233e+00,-1.665917126636887291e+00
2.315654638667059562e+00,5.880769711498405883e-01,-1.240705564801872995e+00,-2.153651506174336205e+00,2.018272839519644979e+00,4.422313298370039725e+00,-1.635935413461826027e+00,-3.091547435644946606e+00,2.564317674486682908e+00,-2.766369948743304663e-01
-5.021353893667845014e+00,2.931928249613649839e+00,-1.828238454762365128e+00,-1.922304829292183159e+00,3.366463807813452114e+00,3.224258217929622639e+00,4.921857668510702943e-01,1.646994315363635719e+00,4.588796410406011717e+00,9.929922185257201717e-01
-3.947865214352416885e+00,2.696033487381853000e+00,-9.640661033252544421e-01,-1.809079179476751564e+00,2.302011584318596427e+00,2.608517222916298728e+00,-4.540624228177727595e-01,-1.783238033875068074e-01,2.389065470885736620e+00,8.048581502918221720e-01
5.086235273167240223e+00,-1.381206667097182539e+00,3.476159074373335933e+00,1.897613782239123248e+00,-1.588513181356605131e+00,-2.053935869062122332e+00,-3.066557570659208309e+00,-3.911412694570490789e+00,-2.541589808483758262e+00,1.350759795001064356e+00
-3.247660906742175335e+00,3.283615962197031557e+00,7.578050921037648990e-02,-1.469336141933980988e+00,1.875329578895229332e+00,1.735918137255694438e+00,-2.037262933814124377e+00,-4.626769515165591873e-01,2.305542442891225008e+00,2.193363789459600532e+00
-4.277296086185360835e+00,-3.675922596557179567e-01,-2.946016577398677061e+00,-1.865368376861243016e+00,1.973612961767023721e+00,2.937020195718757165e+00,1.122551593425981764e+00,-4.821941823093586765e-02,3.889399224488745421e+00,1.774214102204565435e-01
-4.137363346954461285e+00,-2.079726821503603773e+00,-9.293508610123732971e-01,-1.792839872300294957e+00,1.961034938108900283e+00,2.628091332394582924e+00,1.370772226873074651e+00,-5.844402541385806948e-02,2.976275289242170441e+00,-2.926793323061101848e+00
-4.162851769622404774e+00,2.128585988435132137e-01,-3.144532032794576715e+00,-1.938027267638671836e+00,2.357757318338727703e+00,3.077678223951394898e+00,8.141073806902463517e-01,-1.655891403453259025e-01,4.495079709194970796e+00,1.120915242724005001e+00
-5.070443657819913241e+00,2.073230157967550724e+00,-1.056317969998321171e+00,-1.609646400534073374e+00,1.919149596518570755e+00,2.240493517537534451e+00,2.166416632045406132e+00,5.000924228800693427e+00,2.468503674825051064e+00,5.572608387054406309e-01
2.751523320811521511e+00,-6.573812955852766926e-01,-2.783175230434788539e+00,-1.824113924963254529e+00,1.878459298818750289e+00,2.776635160917197531e+00,-1.233148864885218465e+00,-3.226368444562667026e+00,3.528980456844029945e+00,-5.000690754520029646e-01
2.264183087069393530e+00,-3.423905428840054110e+00,2.173438589554836931e-01,-1.268921171867009479e+00,2.050405555548347802e+00,1.406635545737537241e+00,-2.994971746278888070e+00,-4.176785196696081393e+00,2.721814426345277482e+00,-2.485665646365998072e+00
-5.117613491982949903e+00,3.224300178027456276e+00,3.142549576996955807e-02,-1.477382137490231839e+00,2.972407094274727157e+00,1.690338441189523699e+00,2.119037911261632878e+00,5.355080860766489259e+00,2.919286239489351509e+00,1.191508399185302602e+00
-3.975041710464350508e+00,5.027729413204395925e-02,4.369846137803294894e-01,-1.574966078318999374e+00,2.043791654020723936e+00,1.968582229476125267e+00,1.762303981427183253e+00,4.966140933488652487e-01,1.340290501475730034e+00,1.989377839274480420e-01
1.367717360995602371e+00,-2.551184495970172605e+00,9.515382504178004908e-02,-1.410096223386176018e+00,2.790266372373305437e+00,1.849410549318666774e+00,6.096613736420852803e-02,-2.824952278639765613e+00,2.153717765207732171e+00,-2.812433935390293183e+00
7.002504873415061892e-01,1.201647171721137219e+00,2.456550677743369882e-01,-1.521148784399570575e+00,1.913313360103355176e+00,1.780851563728608866e+00,-6.398765832202673032e-01,-1.924834530517205433e+00,1.689093826608111693e+00,2.159043925427004851e+00
5.838947088767709737e-01,1.064343389682317564e+00,-6.257306953633490210e-01,-1.559944705872062132e+00,2.477655302145078675e+00,1.929763251452206507e+00,-1.379613692435794903e-01,-1.846315718600830103e+00,3.303664612828221436e+00,1.852431575783039630e+00
-3.811737662256132531e+00,2.005480347981178468e+00,6.041729859920055290e-01,-8.563615822499850427e-01,2.131701269766775653e+00,1.153412156915874620e+00,3.575304209959551116e-01,1.254342796621873202e+00,1.245700334590867042e+00,2.311332856192601870e+00
-4.730465857648756156e+00,3.063701725243894280e+00,-2.553541546267917184e+00,-2.052110694666299917e+00,2.332230199584390817e+00,3.812381879808736329e+00,6.255990875269201723e-02,2.211474985187590114e+00,2.663877330707548730e+00,6.077619348919227615e-01
-2.763567003508642372e-01,3.134272972222825082e+00,2.810843079168166447e+00,2.096961059637855840e+00,-1.720439453821291709e+00,-1.884872574422714830e+00,-2.023098190880314284e+00,-1.052056389346943677e-01,-2.387351998943117337e+00,5.103247394728365194e+00
-4.153023442819128164e+00,-1.073067171669204178e+00,-2.295296908920443357e-01,-1.533303875029591978e+00,1.971852035803593362e+00,2.271647097735243648e+00,1.699728906894199199e+00,2.445789409919243984e-01,2.304453575838207868e+00,-1.148961239916692412e+00
-5.060141948608697149e+00,2.725993074810392436e+00,6.635627416145384316e-02,-1.155871940887658322e+00,1.692596437024380451e+00,1.558637365828956955e+00,2.542109312552837785e+00,4.628673233844329715e+00,2.728993544239724400e+00,1.427048559608170120e+00
3.790274977302836579e+00,1.264190684476841575e+00,-5.975046085072035496e-01,-1.953075682683220737e+00,2.905538171269265391e+00,3.103454046599712690e+00,-3.209407643609332617e+00,-2.577284747240435880e+00,2.737253603891695697e+00,5.223271239047688752e-01
3.280897856423330872e+00,-2.744361865431010905e+00,2.224135327136429474e-01,-1.762921145090316610e+00,2.148825900232634645e+00,2.373218577425213027e+00,-1.608000692237713469e+00,-3.895243643885363038e+00,1.714735711524772999e+00,-3.062371321323811735e+00
-1.383595772961583314e+00,3.372747014029777723e+00,1.329886960772030058e+00,1.732072760758651242e+00,-1.246245045988839895e+00,-8.153077679549955992e-01,2.038179435222464697e-01,9.855808242300534427e-01,-1.467422578112963949e+00,3.953237343390592962e+00
-2.423299170180331918e-01,2.417395656062600651e+00,3.124973481797856500e+00,3.032795481487389644e+00,-1.969593942451016266e+00,-1.979579917290896995e+00,-1.871712827731304429e-01,6.352359654862896887e-01,-2.460891684175245064e+00,5.253014625400122206e+00
4.917289610359616425e-01,-3.246868253381096636e-01,-3.429767447974971351e+00,-1.724100031899799434e+00,3.129173590235230673e+00,2.328959482802048342e+00,-2.692284861868827761e-01,-2.282690345401786836e+00,4.560182158216457893e+00,-3.599276643729353853e-01
1.253780252976998799e+00,1.315212540809019615e+00,-6.767337737193628300e-01,-1.961813376560769262e+00,2.727201456122345213e+00,3.182875593709516338e+00,-9.252002986697895892e-01,-2.315859024950926770e+00,2.537055010128665522e+00,2.597750620468283062e-02
1.218869912111290477e+00,1.456140862735553654e+00,1.795144137786879313e-01,-1.633460765333257791e+00,1.989760206047251012e+00,2.062802511062070465e+00,-1.510290722785696982e+00,-2.196401440041980457e+00,2.196278670864851623e+00,5.951609788193085171e-01
-4.412245973001620136e+00,5.949111916564886471e-02,-2.028851920277943144e-01,-1.905894827051641593e+00,2.230089020120564314e+00,3.084727110027529307e+00,2.714994866237220528e+00,6.161554725266561450e-01,2.559806157204581822e+00,2.235358100082566191e-01
-3.985902841724697776e+00,2.849266519851578749e+00,-6.799802658292786184e-01,-1.850280899468347284e+00,3.168074660719197411e+00,2.805496135924278711e+00,-2.415720937434997495e+00,1.932760594543583288e-01,3.137417260523029938e+00,2.276334724408645815e+00
7.759992550808657796e+00,-2.014637134807816476e+00,1.009291914111274835e+00,1.397598110934340720e+00,-1.303108548442275971e+00,2.029801287633742346e-02,3.358444469903099083e-01,-2.201800792744464275e+00,-5.157110074606378047e-01,-2.181356308252138665e-01
-4.332943114431410336e+00,-1.822640513590518818e+00,-1.910871170241946526e+00,-1.739162296685980769e+00,1.971758823851778697e+00,2.283586454432488644e+00,2.874485578803656516e+00,3.114221971101713837e-01,2.925653663232754109e+00,-2.405174818139118820e+00
1.447520601736443702e+00,-3.321824048142591579e+00,-9.323201644630256801e-01,-1.814763716557868722e+00,2.272410694076600013e+00,2.532543328544527572e+00,-2.527721735510792822e+00,-4.097995839219194636e+00,3.170511959925197853e+00,-3.400221771369170920e+00
-1.482028602582621923e+00,1.405384710170506146e+00,2.463002283000491843e+00,2.582497774045437122e+00,-1.804667837189465995e+00,-1.773658841334544656e+00,1.931065062751464723e+00,2.936304952462191586e+00,-2.235006411825665396e+00,5.273649415786334949e+00
-1.756570502404031897e+00,2.356250276919510611e+00,1.318622948289041474e+00,1.631393853126158699e+00,-1.429401416994193541e+00,-6.882020907691210887e-01,2.353592442992357370e+00,3.547690240655689387e+00,-1.246254256151172690e+00,4.308758408243885007e+00
-7.050807701694685736e-01,8.149566523459501610e-01,2.191035172558196464e+00,2.406171143445269944e+00,-1.803507722989331929e+00,-1.596221534570600342e+00,5.410008494202465101e-01,2.151459783195193154e-01,-2.117936477409593010e+00,3.872478906640838048e+00
1.380579089196633857e+00,-1.278868071865236544e+00,-1.697790699890015631e+00,-1.578074633376297609e+00,2.067117872451820215e+00,2.251976419405876673e+00,2.544208911789391792e-01,-1.986239157523551180e+00,3.360497674920084332e+00,-1.466097929562798274e+00
1.235371240043444674e+00,4.771015201684942753e-01,3.496365476546960949e-01,-1.538536494469914917e+00,2.161380837493545037e+00,1.857481070775228726e+00,-2.381180899433857245e+00,-3.210958221640997312e+00,2.017792513027288237e+00,1.122679524084043257e+00
3.884718812340884675e+00,-3.054826631989320251e+00,6.871467614351320918e-01,-1.319222816689802125e+00,3.287572037935384550e+00,1.445705490134490567e+00,-1.519700681353129301e+00,-3.827824352493992777e+00,3.162702815607325579e-01,-2.515889772729562601e+00
2.206477413164955603e+00,-3.244156578573544003e+00,-1.112405217675273672e+00,-1.622779693344049479e+00,2.347534062605471039e+00,2.087721687250272851e+00,-3.267332561604088248e+00,-4.189574326008856708e+00,2.311576570861122004e+00,-3.127222040606342013e+00
-1.018446978837410200e+00,2.142365031045986079e+00,-9.449982821948772482e-01,-1.989795606424467289e+00,3.161770067007083185e+00,3.308828022282694015e+00,-1.542668323183429280e+00,-1.154781027020057138e+00,3.769999051974163962e+00,6.052332781848051013e-01
-4.315184629655244741e+00,-1.199940197501043748e+00,-1.467480337004857027e+00,-2.083641226759576526e+00,3.216788175157452301e+00,4.042395364944498581e+00,2.933087167654147898e+00,7.994581244378149432e-01,2.805056998594260165e+00,-2.091097742720046337e+00
-4.413430286387847623e+00,3.887798266893218724e-01,-2.655905526720108600e+00,-1.938078282521052076e+00,1.991555878254541723e+00,3.229416907005846049e+00,3.435306302731998329e+00,7.687758236691759617e-01,2.778102778441978504e+00,1.798053899283170498e+00
-1.086526998041110526e+00,2.670408562156536547e+00,3.351604760147383288e+00,3.460810198996223441e+00,-2.045743171634939461e+00,-2.027839329152710146e+00,2.161039539520311692e+00,4.072945277279570675e+00,-2.520021318695001789e+00,5.419651655906308818e+00
-9.787827453482568218e-01,3.171979861942159751e+00,2.908921677464923583e+00,2.136542217584987302e+00,-1.714034387243703383e+00,-1.901499679201713588e+00,-2.126691190571011081e+00,1.248130700953978600e+00,-2.420831053975176950e+00,6.230826892410859408e+00
-1.850566064580677850e+00,-3.134564954837354644e+00,-2.357022674593365785e+00,-1.981416965655370843e+00,2.075543391660952697e+00,3.417124666223468221e+00,6.537676005900943110e-01,-1.003530512486001447e+00,2.850295868840967639e+00,-3.658960728301553278e+00
5.059873004732540203e-03,2.626931198620979124e+00,2.332576364410096303e+00,2.521370075163432034e+00,-1.791512464819690287e+00,-1.719134891843367763e+00,-2.212515522510291710e+00,-1.013031252865479459e-01,-2.226756665149409287e+00,5.957309727014886036e+00
-4.488036378116682990e+00,7.644021870786650297e-01,1.070880079759253256e-01,-1.451417649096430562e+00,2.585627238444889286e+00,1.934038501229852880e+00,1.149903703954533007e+00,1.129607846390555448e+00,1.964089519811377027e+00,9.466946508930191850e-01
3.062629170411938162e+00,5.694125672701444429e-01,-2.615787007457578195e+00,-1.873105192288571974e+00,2.389129555859119680e+00,2.781326511218733089e+00,-2.849666562627488631e+00,-3.305162605667823605e+00,2.891960281182329506e+00,5.185884509542929011e-02
7.460294274704826201e+00,9.170923442084308874e-01,3.492755323184780991e+00,2.925889349924058358e+00,-1.956156504975489652e+00,-2.056934537266680074e+00,-1.079069387186365692e+00,-2.618090244957451684e+00,-2.544362820566680838e+00,5.335387883280492183e+00
7.417479847588921871e+00,-3.039333503953768112e+00,1.117506028970875143e+00,1.177068974555431691e+00,-1.061426940619938142e+00,-2.120747801832633117e-01,-1.453607100129182150e+00,-3.879814906541043662e+00,-1.038609805833305311e+00,-1.812127723136047752e-02
-1.573881934626447432e+00,1.331051336472516056e+00,1.328154048785579633e+00,1.658698858358918837e+00,-1.378662052823159234e+00,-8.567870583061238943e-01,2.882306617630054468e+00,1.590454263667511636e+00,-1.457887117944940636e+00,6.150243232878883859e+00
-4.622496848482751552e+00,3.332050365885416809e+00,-2.118378412019846113e+00,-1.739883840811199844e+00,2.942441128924645710e+00,2.465912222675525900e+00,6.851439154794869424e-02,1.653144861809991983e+00,3.272370492519018459e+00,7.004737161073939511e-01
3.101343650285603992e+00,-1.119014270898637697e+00,-2.823655372910391481e+00,-1.703721749295650012e+00,2.948447701147534072e+00,2.231608969124430075e+00,-2.005242552076220264e+00,-3.748674666512014308e+00,2.882690717665645774e+00,-1.636483107089048872e+00
2.177777273506287692e+00,-1.755672318360544271e+00,-9.545999889039791242e-02,-1.461812673812613594e+00,3.070692800794196931e+00,1.697903784942990546e+00,-1.006747124116857073e+00,-3.537424486420380099e+00,1.855773903931397184e+00,-2.256186034440637922e+00
2.394326340347936899e+00,-2.284099890104420716e+00,5.639946655194583158e-01,-1.688990181290376480e+00,3.424206977063228408e+00,2.216852965810322207e+00,-3.366932086498116927e+00,-4.076904105908323750e+00,9.978081402224612262e-01,-2.799435931842547465e+00
-3.975210068951029463e-02,1.780154829914756043e+00,-1.240216432090712750e-01,-1.569341501193783461e+00,1.871283361321659289e+00,1.957768727056640401e+00,-2.812560006488609599e+00,-1.475982765850093692e+00,2.917248602322286999e+00,9.731514467053345996e-01
-4.135110050226251666e+00,-2.150945131642179486e+00,5.520515497962996676e-01,-1.358467068432904989e+00,3.218498252431285511e+00,1.509075514340924684e+00,3.449191601842771071e+00,3.785748777387011321e-01,1.665644419771318940e+00,-2.169831896670771254e+00
1.962629719727152056e+00,7.830692874851141738e-01,-1.410435523036897454e+00,-1.955266183720225426e+00,2.756019984583489624e+00,3.117090177289822073e+00,-2.069105390258894062e+00,-3.088617770250185135e+00,3.086721927700519785e+00,-3.585865307286650178e-02
1.249977831974384834e+00,7.176822053855582695e-01,-4.846863664440803632e-01,-1.643554722237970722e+00,3.565869246156927908e+00,2.390977716661786268e+00,-2.223357902695243471e+00,-3.164293206995461905e+00,3.045711362644814013e+00,6.237706009700516585e-01
-5.037933075257281956e+00,2.661643261093645130e+00,-1.525578918788961458e+00,-1.845321369295440883e+00,2.263803214404248365e+00,2.740766841057638015e+00,2.069670954712406363e+00,3.710705844807573150e+00,2.987205688524744218e+00,1.811223146426297559e+00
-5.958856692135724442e-01,1.071802181228818540e+00,2.522182790180775847e+00,3.078407325161891528e+00,-1.974079372058399118e+00,-1.749178222153175755e+00,2.556100169236064978e+00,2.332954613138053190e+00,-2.294833990699217008e+00,6.157373827422206958e+00
-4.631389832600700807e+00,-2.586677741999614533e-01,-3.272143365782195445e+00,-1.734653798364643507e+00,2.791187018054250846e+00,2.609850371973555738e+00,2.967633260863228095e+00,1.241568458992035051e+00,2.980816424689622046e+00,-2.652365477789419002e-01
1.419464097138056768e-02,2.792880500467402882e+00,2.473933676047690433e+00,2.818917362221646794e+00,-1.907280894510511970e+00,-1.813375986546245766e+00,-3.184889426415572711e+00,-4.644495199553011489e-02,-2.283967302964452273e+00,4.761977770550711142e+00
7.673396786026357219e+00,-1.513377932213788135e+00,3.229981369435077632e+00,1.974896575374458285e+00,-1.614029801217257365e+00,-1.992742672739331589e+00,-2.051994413625410907e+00,-3.732239500029355561e+00,-2.489162527343689479e+00,1.228165621466861923e+00
1.900482412601452786e+00,-1.463924790434497858e+00,-4.153316255813379598e-01,-1.520923435349600616e+00,3.848940150659573067e+00,1.967564913306414365e+00,-4.791418740337247684e-01,-3.282217261050938362e+00,2.344299861212320035e+00,-1.973807081169461020e+00
-4.573086319327797078e+00,3.116669940657779136e-02,-1.681501270648117607e+00,-1.756664709210556730e+00,2.425823450078349541e+00,2.559603192243207648e+00,3.062700352855151742e+00,5.543173621364071435e-01,3.219470148467999948e+00,6.610869359685378477e-01
6.193783877975665320e+00,-1.746861716264924258e+00,3.279251381829147327e+00,1.874622359832402108e+00,-1.607478352297886159e+00,-2.010725526613111214e+00,-8.214337107489440015e-01,-3.508077241033072280e+00,-2.500341174924846310e+00,1.532659687155556671e+00
1.557257509560882047e+00,2.664045779957846527e-01,-4.778836496213081375e-01,-1.734558946981172411e+00,1.960789156025768420e+00,2.490921396394224718e+00,-1.229449168109240098e+00,-3.084558342210352855e+00,3.321202007573639925e+00,2.320838403890128077e-01
4.514098060651066113e+00,-1.558102372865704854e+00,6.151949212173057902e-01,-1.314639268120644466e+00,1.920510471917592055e+00,1.471079490102554121e+00,-5.212479767938074104e-01,-3.288960334704206012e+00,9.925285410632060934e-01,-1.663424977350624223e+00
-3.011402004934455867e-01,1.131878614535549055e+00,-2.898183096093144062e+00,-1.919638234118826725e+00,2.561978717539061812e+00,3.238257791397770813e+00,2.682290781874221430e-01,-1.294416121004243303e+00,3.543654522205046398e+00,1.987549619007291102e-01
-4.460566845157951654e+00,1.183746125470246824e+00,-3.832070835773651041e-01,-1.583847431686895568e+00,2.061459937092910977e+00,2.143380534867106224e+00,1.961298893072293659e+00,1.391060422086659365e+00,2.067771230168065077e+00,1.201681550831547707e+00
-4.732428709965211588e+00,-1.072386178474894258e+00,1.636008306769900500e-01,-1.652363498165260181e+00,2.297418573243613427e+00,2.272043087018134955e+00,2.124373841282851672e+00,1.339772659204464311e+00,2.709762018485000645e+00,-1.591844980466852855e+00
-2.967520618777599317e+00,2.338500765723256158e+00,-2.174711480501141381e-01,-1.401697517261329518e+00,2.234217242352108279e+00,1.787552909109977106e+00,-1.258930531386116325e+00,-5.661297927148989384e-01,3.466038360139106267e+00,2.336210187498457103e+00
1.370280177386872467e+00,-3.442483236391986168e+00,-2.252826052334397033e+00,-1.816354105193316526e+00,2.112865781546460209e+00,2.570739274954772391e+00,-2.319023302912312623e+00,-4.092854712395771699e+00,2.870480550075559911e+00,-3.445333962444998122e+00
-4.626262807686803313e+00,1.372010045936394640e+00,-3.088109926458143306e+00,-1.813853738470477373e+00,2.280417853539788542e+00,2.669357408383052466e+00,1.351043503176504679e+00,9.751091014633366250e-01,2.959165658565241497e+00,8.847137503117512569e-01
1.247452204166836109e+00,1.239567289110405923e+00,-2.703407581943235272e+00,-1.689974662921879922e+00,2.542901771882045470e+00,2.212796106732085377e+00,-1.753405400624300725e+00,-2.362826862386533833e+00,3.963537401293807161e+00,7.890064355109305261e-01
8.409058761639123247e-01,2.661631137588556406e+00,1.262205823145965411e+00,1.382006626562859664e+00,-1.322121933774169644e+00,-7.656099371196097847e-01,-2.020594035940725508e+00,-6.779247521524781606e-01,-1.112898046263909313e+00,5.020558310170158300e+00
-3.608826084268498047e+00,7.226163402875043218e-01,-1.788586349738310322e+00,-1.953998465757128544e+00,2.391356199944095540e+00,3.179776652472274812e+00,3.985095318504234818e-01,-6.281828100942375981e-01,4.466400455830246585e+00,1.563607351853102956e-01
-2.289504589153829039e-01,-3.186467165850191741e+00,2.269718396072701871e+00,3.071254179957913610e+00,-1.957436561579557033e+00,-1.722357637190220503e+00,2.322942334703876455e+00,4.295565488835276780e-01,-2.203528332053497518e+00,7.487981556941043504e-01
3.958342053070543543e+00,-3.366256219822116869e-01,-7.839173147443037060e-01,-1.575140418477171345e+00,3.437477219699906605e+00,2.235913668116226383e+00,-9.677561994431043146e-01,-3.310749876843094075e+00,2.721434550088167370e+00,7.984642440915301620e-01
3.596494246869181843e+00,1.196751208733628502e+00,1.024005354155674397e+00,1.592528791158334567e+00,-1.330112925676876223e+00,-2.830238623778420504e-01,-7.834123875928398206e-01,-2.249382856181621815e+00,-6.541927434546845888e-01,4.603183817994329630e+00
-4.401147881801460215e+00,-3.263783768338319291e+00,-4.142169134465572000e-01,-1.754137433810146085e+00,2.645224233662158753e+00,2.378292364431205286e+00,1.482083781247589549e+00,5.106304843812344840e-01,2.554330563562694945e+00,-3.316049941831880510e+00
4.453777537920289298e+00,-3.093005593276000109e+00,6.051283153012443350e-01,-1.409532249833717277e+00,2.174369975116731801e+00,1.647545565001204082e+00,-2.806373338066302292e+00,-4.118470960791743352e+00,1.178504542902855556e+00,-2.571900320811943086e+00
2.241581889569266739e+00,-3.256178127711728543e+00,-1.724994459152319859e+00,-1.837517809485969655e+00,2.028082853061911273e+00,2.969523547672270780e+00,-1.995378612545334107e+00,-4.031024668423443202e+00,2.619040775526475517e+00,-3.549768233071703083e+00
2.997786271550703319e+00,2.869943557062581974e-01,6.310175749268482903e-01,-1.446606346910671137e+00,2.017941738970363108e+00,2.003703081292071086e+00,-3.278312076270235131e+00,-3.284153635601069432e+00,1.308777236427725921e+00,1.479762053175735392e+00
5.799917852642265004e+00,-6.993999212661887732e-01,2.049923422324965827e+00,2.210225029623027915e+00,-1.749709342067623963e+00,-1.523139900042304706e+00,-1.311369341718504167e+00,-3.492986148763129517e+00,-2.045341316584722069e+00,3.723751606679972070e+00
-4.764580430839129299e+00,-9.788724731774829380e-01,-1.255208828381262798e+00,-1.754399898234221711e+00,2.246089738954495374e+00,2.495699272641490385e+00,2.957330231023374445e+00,8.571093756190744095e-01,4.084758771288248269e+00,-1.269071496387961906e+00
9.946965189433227827e-01,1.842049924050670029e+00,6.104875099172444308e-01,-1.456649366984125393e+00,2.059582708080903934e+00,1.628624266569264734e+00,-3.030390892749044163e+00,-1.243993162359024574e+00,1.522949487808520352e+00,1.411192360402227397e+00
-2.248453140946488737e+00,2.722263156927640537e+00,2.283516217119707647e-01,-1.848907962668060456e+00,1.957411395525553655e+00,2.678141492527750245e+00,-2.499050951444893087e+00,-8.395965031161962688e-01,1.570880215351393439e+00,1.409572216953165036e+00
2.314320947118356564e+00,-5.865682396910130159e-01,-3.361843065782566420e+00,-1.808214832882685474e+00,2.074621551735408520e+00,2.472326971074133795e+00,-1.465118849218941754e+00,-3.547612080975074633e+00,2.992420946424966033e+00,-2.626335164102411301e-02
-2.940785018782831273e+00,2.105014829738328430e+00,9.927203531693518102e-01,1.254580205157014738e+00,-1.055346228013721133e+00,-1.714402973560034682e-01,2.176657826899522696e+00,3.745643447516073810e+00,-2.272327084987372237e-01,5.150687394649775541e+00
-4.692339806241230704e+00,-6.527550310048351179e-01,-3.401654800975477677e+00,-1.830809476537775371e+00,3.448070688444528020e+00,2.842280517958660102e+00,2.024543111291672304e+00,1.232257399462668435e+00,3.393086935633594425e+00,-4.420129297378129207e-01
-6.480360537150711142e-01,-2.492576131470840117e+00,2.955462146339630003e+00,2.246403156514096278e+00,-1.753882624426005510e+00,-1.939758480598487322e+00,1.821830128366904056e+00,8.050986548814564880e-02,-2.428204109260711618e+00,1.010810935225804785e+00
-4.157526187774704063e+00,2.682401900615247747e-01,-1.214120357338295264e+00,-1.866545952332361979e+00,2.711289627487310838e+00,2.898591022387118077e+00,2.804838990798015352e+00,6.604946339501139851e-01,2.492364538222743509e+00,4.566758114266724622e-01
2.747156548679219767e+00,-8.099340394048688552e-01,-4.131494946306348837e-01,-1.699814722275956980e+00,3.983190618791676574e+00,2.400330302100186053e+00,-3.178858888950321315e+00,-3.813640741449442650e+00,2.356429717026701454e+00,-9.475820533599402795e-01
-4.183219412060436682e+00,-6.942767513141130387e-01,-2.907898996762237509e+00,-1.711513437901689638e+00,1.930136683359377159e+00,2.387975138269117004e+00,1.413824443132174480e+00,2.242447912648447561e-01,2.966113139602621906e+00,-9.478322853941512083e-02
-4.806617038595754288e+00,3.330100332393863383e+00,-2.166960472837910601e+00,-2.049365474331910075e+00,2.232128767825030558e+00,3.743380747446966694e+00,1.336924307732934025e-02,1.523313219897604709e+00,3.052122092744906201e+00,1.643694406262701524e-01
2.942168045355296080e+00,1.983146152441594978e-02,-1.380371985898287246e+00,-1.452924090351613184e+00,2.027910514430771194e+00,2.058488683228802962e+00,-2.551998213789544057e+00,-3.395102746972127772e+00,3.691414302080964660e+00,1.734102960278437536e-02
-7.961341941977799763e-01,-1.364478032600508595e+00,2.824902660345039784e+00,2.381912768513189782e+00,-1.712184947568861526e+00,-1.915874084108655895e+00,2.411318400084998537e+00,7.182485155448392611e-01,-2.368904813800758458e+00,1.928591294139935908e+00
-1.328938267308354293e+00,2.217146934123778834e+00,-1.760167352722420864e+00,-1.637889988130613705e+00,2.141104438368178986e+00,2.228356669815855007e+00,-2.853508296461032323e+00,-1.182899303885315723e+00,3.410787629075018312e+00,7.425665304886157614e-01
-4.090340733017475472e+00,3.251665530870415211e+00,-3.382252674381421187e+00,-1.806083959144793250e+00,2.073986391640936233e+00,2.628788090576282155e+00,-1.215393057188469239e+00,-4.592067274115191333e-02,2.768383181059907550e+00,9.465759482956483950e-01
-4.943498535885436640e-01,-1.024368275439542231e+00,2.777237556981153155e+00,3.829426190825405474e+00,-2.105753532454450294e+00,-1.860669791491528668e+00,2.454897422013672781e+00,3.139841208658404881e-01,-2.371098245589209785e+00,1.992316154426943875e+00
-4.736423237698158317e+00,1.077903891682150395e-01,-2.648104451522744540e+00,-1.690052629490368163e+00,2.011651572450524394e+00,2.262061045837000961e+00,2.893023628505258849e+00,1.437557835753271007e+00,2.989549581752504182e+00,1.271674275674135934e+00
1.422455566672684579e+00,-9.454534400963239271e-01,-3.491896090214375636e+00,-1.827263955409279772e+00,3.136832321538451041e+00,2.628074195923077561e+00,-2.295575420759743857e+00,-3.707206333258500575e+00,2.928831571645384990e+00,-1.017584230302702952e+00
-3.722649505541084203e+00,-5.376005383236504009e-01,7.020689106280126879e-01,-8.577581977627863896e-01,2.117055393255359519e+00,1.054247826568909918e+00,1.550238310992370749e+00,2.221486194372185863e-01,9.389754079910102025e-01,1.020592298706479717e+00
1.592059468267106759e+00,1.145971094127936851e+00,-2.818632343694128295e+00,-1.736298584326038785e+00,2.267299759655346136e+00,2.455321828379672500e+00,-3.440459453846103965e+00,-2.863994618476389586e+00,4.729100708360036265e+00,7.298694903088036590e-01
-2.959971384162431551e+00,3.373844325627352703e+00,6.176957886378460216e-01,-8.928693534908557217e-01,2.186031776157745909e+00,1.022722097969692934e+00,-7.621397605112756324e-01,-1.934171816216292972e-01,7.562724708154223707e-01,2.065492249766506028e+00
-3.974656126898837627e+00,1.293331684103047330e+00,-2.147602595989555496e+00,-1.893611579515114052e+00,2.233491100836553223e+00,2.935131881714442503e+00,6.395015171111104735e-01,-1.294936489501959803e-02,3.129187041271083380e+00,2.926165781477405026e-01
1.721915782639064307e+00,-8.924248046326419548e-01,-3.437839525336502611e+00,-1.894310008447243954e+00,2.048496712302071199e+00,3.031420116816129884e+00,-2.726675051526673776e+00,-3.704451182638587081e+00,2.882769837968844673e+00,-1.418994187670067353e+00
-4.938654323539487301e+00,1.353985739440376257e+00,-3.352233048104030111e+00,-1.672541435635020557e+00,2.237616390682501510e+00,2.297028916741564508e+00,2.787420825623412313e+00,1.711870742146072821e+00,4.220077644344130796e+00,5.994216442746489459e-01
-5.105592633167649552e+00,2.386104014393781725e+00,-8.015215427966939643e-01,-1.784563208145543367e+00,2.432136578426715712e+00,2.846364616954420335e+00,2.097312459442193244e+00,3.131260279564612059e+00,3.719352076854185896e+00,3.323154269756393719e-01
4.538365017042751859e+00,1.445296492903630714e+00,3.246087954334773151e+00,2.229993045870934942e+00,-1.721091178461150450e+00,-2.010563426571710721e+00,-1.292930933695826567e+00,-2.089704158588209015e+00,-2.482480868534687968e+00,4.632664075610684051e+00
-4.545626829657123835e+00,1.178670076551968648e+00,-8.191584101552651376e-01,-1.595356956981294427e+00,2.174285645157492119e+00,2.221739039016101369e+00,1.529475483448156758e+00,1.111453424502084397e+00,2.752776533923501745e+00,1.136057129590250625e+00
1.077427053002297574e+00,-1.155902083333261832e+00,-2.578583909834312848e+00,-1.883325614732282105e+00,2.695532636155545614e+00,2.768355443860729181e+00,-3.081917329845055065e+00,-3.847891607333299380e+00,3.784204446472159145e+00,-1.745808112266756584e+00
1.256048350221046439e+00,-5.009007171544226367e-01,-3.131008123265226484e+00,-1.977822467227481562e+00,2.549555736134283990e+00,3.529698727700960603e+00,-2.653579711844683331e+00,-3.699943193046844048e+00,4.118611853051048044e+00,-5.161683952261602037e-01
-6.986187341461194134e-01,2.969949550585404552e-01,2.343139698296082152e+00,1.843669328401409624e+00,-1.456532038546361596e+00,-1.725822216521149866e+00,3.240544324474807780e+00,9.029214122444799706e-01,-2.170434114000112658e+00,3.932667358636545263e+00
-4.254789084765523199e+00,3.398391400121486328e+00,-2.662396499107099856e+00,-1.678742798376523293e+00,2.854149047430481367e+00,2.265680576452040018e+00,-9.025002541292161951e-01,3.269984325670394210e-01,3.723937588815168453e+00,1.672557952364514211e+00
-1.646049742345258027e+00,1.905516722711946720e+00,2.840508802761480212e+00,3.152648398914346561e+00,-1.994393568134585237e+00,-1.893417619677134400e+00,3.488673028345687044e+00,3.685499289167297743e+00,-2.371343237859020903e+00,3.955955545850402100e+00
-4.130136806810590144e+00,3.137131887832770971e+00,-2.942051162397589792e-01,-1.433651307221015303e+00,2.730405196371024967e+00,1.673659377219769873e+00,-5.772483132241901238e-01,2.181765494134498828e-01,2.567859295543491349e+00,2.026225141259854645e+00
-1.711016537058357434e+00,-2.883726692709267958e+00,1.000837090128972484e+00,7.776087371643706225e-01,-1.124055882983345800e-01,-7.956447204303637721e-02,1.910230593417058920e+00,8.854931658259790339e-04,-5.987684102414416731e-01,-1.910240021713048297e-01
-4.598519484047807637e+00,-1.964747887574062934e+00,-1.412256070563747024e+00,-1.753725624305494613e+00,2.229217187591108651e+00,2.449732591688154937e+00,2.662915957171227532e+00,8.646881124627844306e-01,3.824164028191304965e+00,-2.602315657759482370e+00
2.037649766181157229e+00,-2.947926194735830396e+00,-2.776898585083371618e+00,-1.714094237985226199e+00,2.555333078014755621e+00,2.362233313158474068e+00,-1.583673337413951110e+00,-3.913897627663601941e+00,3.860845165035384774e+00,-3.228779926181858162e+00
5.940060897537807527e+00,1.930763474657575252e-01,1.377325047984666817e+00,1.411817193298944950e+00,-1.286750096723961345e+00,-8.372425328763346553e-01,-1.049431980278111354e+00,-2.924422660517143058e+00,-1.514598608869947460e+00,3.200714182197805346e+00
-4.326121818077752756e+00,-6.212306392085644724e-01,-1.518983140439864599e-01,-1.737037312947042889e+00,2.192814106353417003e+00,2.307967768332082947e+00,2.418385181503852621e+00,1.620329462787466479e-01,3.425193625345906323e+00,-5.012313441166209582e-01
1.065859257720536357e+00,7.615020010763595693e-01,-3.033751961460036561e+00,-2.000801421953656067e+00,3.241988939109718526e+00,3.487743440200666623e+00,-1.004276666285389918e+00,-2.676049039981539313e+00,3.306426299827921689e+00,-1.492676584739044687e-01
-1.848386133716384272e-02,-1.300866136248767013e+00,3.381686483336006077e+00,2.279935961726904825e+00,-1.672725046639249591e+00,-2.034146319279074966e+00,3.012756310899343148e+00,2.760400547571865149e-01,-2.523313075439360009e+00,1.404013478536121795e+00
1.538579574521669269e+00,-1.582559912111380918e+00,4.772368025814062165e-01,-1.313285191160922905e+00,1.896544622905173449e+00,1.424925625174608301e+00,2.498566595475808505e-01,-2.136343383959831144e+00,1.392217470183687578e+00,-1.657513825575629429e+00
-9.900417512179146007e-01,1.061010292194722204e+00,3.005761221510740100e+00,3.227973271720587789e+00,-1.970461379044122330e+00,-1.943379424772467612e+00,9.590195399765262252e-01,9.856912581654447836e-01,-2.444122957277521824e+00,3.791614882416436849e+00
3.477645573507386789e+00,1.932452117953581627e+00,2.221680963637878925e+00,2.245068761026441706e+00,-1.697509577144611592e+00,-1.690543651256848134e+00,-1.120579003750742153e+00,-1.400371227323368162e+00,-2.158190361285346359e+00,5.172092270649873313e+00
1.182418539517839040e+00,1.776369454498044398e+00,6.350532766741796564e-01,-8.830584947311190813e-01,2.678494775465682487e+00,1.229072393857431278e+00,-1.384014355886112657e+00,-1.477766011495090792e+00,1.826526218347168884e+00,1.442342437024896284e+00
5.474571178000890548e+00,-2.296086965441856087e+00,1.188495831016346926e+00,1.227894110397702132e+00,-1.227337227938051001e+00,-5.021110640993056151e-01,-6.243013847148843887e-01,-3.541132565150286737e+00,-9.485533508268919611e-01,1.315242580347640189e+00
8.571610137009677555e-01,2.026805695124580531e+00,2.472396803332181925e+00,2.300189694159642251e+00,-1.748120836816039247e+00,-1.779327424489561604e+00,-1.824066802133647691e+00,-5.264308407302971116e-01,-2.259962072555526724e+00,4.984038452818427167e+00
2.610067417924623601e-01,1.515570045670801669e+00,-1.194705971902537911e+00,-1.633835718067748077e+00,2.268983253087849317e+00,2.018611722843309142e+00,-2.157666330440481950e-01,-1.658202015041843946e+00,3.291321406556256157e+00,2.179422406925055178e+00
2.601893553231554357e+00,1.093838328857706266e+00,-2.766801230267259104e+00,-1.686522332664040391e+00,2.117519216928174686e+00,2.389985168317446895e+00,-2.373996851420252963e+00,-2.794113035202667739e+00,4.023479146311154331e+00,8.582644233889261676e-01
-2.906138268063503283e+00,2.119640055870677386e+00,9.501590943898703401e-01,1.432990198619343403e+00,-1.315629166180857901e+00,5.078470042397831286e-02,7.532763126282588928e-01,2.955275395559522789e+00,-1.356000084713800957e-01,3.036719613544737406e+00
-4.833894242226645765e+00,-5.068169417236272345e-01,-3.060274088794505687e-01,-1.464403745985017657e+00,1.983744949704897786e+00,1.895130223939550662e+00,3.139605116798404261e+00,2.728251966480959023e+00,2.290173573026295983e+00,1.494262958718977630e-01
7.428309079403605963e+00,-1.447139773764011039e+00,1.176511119781451953e+00,2.610202350828062734e+00,-1.827372181001348350e+00,-7.207691479281194136e-01,-3.815727010764247140e-02,-2.646042307453969844e+00,-1.240890045020038190e+00,7.378950766202408973e-01
-1.257600520897603102e+00,1.606385624200569850e+00,2.386385238786409069e+00,1.972705366918924064e+00,-1.503404355635646006e+00,-1.757235914897643303e+00,1.064275486684434391e+00,1.740190207938098421e+00,-2.159885258979991729e+00,4.003584444604799231e+00
-4.419305975609283621e+00,2.468996913318197706e+00,-2.413559233655149683e+00,-1.730356276013351735e+00,2.659606812579326629e+00,2.491973173419125054e+00,-1.395946837815078112e+00,4.048671324777486369e-01,3.470912658846899479e+00,1.003041795027947991e+00
1.231212669753143363e+00,1.057955324015794396e+00,-2.293893365933774575e+00,-1.643541624891892816e+00,2.581133485818877027e+00,2.309705911126361588e+00,-1.661863135237983347e+00,-2.350215832828436380e+00,4.154891516194225254e+00,8.404426986337442118e-01
-1.086099776296180153e+00,1.720601564866976574e+00,2.343328398359130205e+00,2.559378606901265840e+00,-1.806150251624696557e+00,-1.735821006050105364e+00,8.347607274381685372e-01,1.611287850139955680e+00,-2.206612575173661384e+00,6.258870257372935342e+00
-1.010424203547874766e+00,2.243560210845394920e+00,2.838508264325903419e+00,2.623590168555920421e+00,-1.867328629513103744e+00,-1.909287719898916658e+00,1.852803801314894194e+00,3.261312483836644294e+00,-2.400850170330205202e+00,5.874800478393567005e+00
-6.610556276557634225e-01,-4.057352763423089925e-01,2.033811047707666297e+00,2.492221307335160230e+00,-1.850315662257535188e+00,-1.605629032191841832e+00,1.738951778729859399e+00,2.689270826360540267e-01,-2.109644686951360093e+00,3.491741341055287773e+00
-4.906145797485830684e+00,3.052640644802035119e+00,-3.138871933689377780e+00,-1.759516338733835283e+00,2.533647260424997327e+00,2.710790637912769974e+00,-2.156580324013761540e+00,1.123316806511693633e+00,4.930289812407366412e+00,1.209627659767529284e+00
1.962277107274712717e+00,5.641587454552317027e-01,-1.085276249533199344e+00,-1.583850460112075531e+00,2.487922863896346204e+00,2.136820425916357458e+00,-1.714619354278968277e+00,-2.806285430138855119e+00,2.511016457951529723e+00,3.556733771778787245e-01
-4.071970873600057494e+00,1.183994897898930532e+00,3.537752316171252076e-01,-1.576623623904770399e+00,2.807906133337479293e+00,1.993781516803798670e+00,1.540615793378012022e+00,9.013985419617698280e-01,1.312912120425160367e+00,8.678441660968163607e-01
-4.507013774835944453e+00,-3.791025458586849695e-01,-2.104652170465282524e+00,-1.888239658163306078e+00,2.089801494092520695e+00,2.923494395752403108e+00,1.024721955860438349e+00,6.970454178430214309e-01,3.839283178686477171e+00,4.429472406637522397e-01
-4.419712100713033109e+00,-2.073738922700300247e+00,-2.209570227010363208e+00,-1.682509599666403899e+00,2.704356889885567661e+00,2.441944428412622159e+00,2.190300617232264990e+00,4.947487137329735774e-01,3.420182448729920388e+00,-2.906375424649593864e+00
-4.764288631983792932e+00,-1.846799364793678677e-01,-9.233133725398738889e-01,-1.875579269389432646e+00,2.368482328087019528e+00,2.744847052243270191e+00,2.330943172080104375e+00,1.324207334021615168e+00,3.528407462146335050e+00,6.266355763450559557e-02
-3.617939763836338418e+00,-1.963364422552581257e+00,-3.139968762491767151e+00,-1.985645251453031168e+00,2.139176849650997081e+00,3.340605310280266860e+00,8.853482679593529525e-01,-3.071993824401980655e-01,2.776937948448725102e+00,-2.976074772337872432e+00
3.361873695496031100e+00,-1.611943254898446254e+00,-1.021977792131802509e+00,-1.777427392289630870e+00,2.388852516056793274e+00,2.420972999688636218e+00,-3.024975899603593366e+00,-3.981080802708044875e+00,3.407993639215561643e+00,-2.539862469680709722e+00
-3.036465443765869576e+00,1.093906574168848067e-01,-2.404999897224012084e+00,-1.567947181623291275e+00,1.902215049354001541e+00,2.328156332353648050e+00,4.953459141278657718e-01,-8.592056185544781899e-01,3.290508022187276449e+00,-6.113183349169214881e-02
-2.429979714553178738e-01,-1.195564366973866921e+00,1.370267419457951164e+00,1.681880034665022450e+00,-1.375831921114688328e+00,-4.136735821825036075e-01,2.273195466979727186e+00,1.449011531488335058e-01,-1.296285580459873632e+00,1.589049371967227398e+00
1.927207724756957008e+00,-1.448224513686130255e+00,-1.939134017410247157e+00,-2.136937670987021587e+00,2.776242052966927609e+00,4.304794967860150479e+00,-1.050595843899939208e+00,-3.578846509680277954e+00,4.633860033439590964e+00,-2.825442713813919315e+00
-3.156514826631207526e+00,2.662839986713271045e+00,-3.307990611171449657e-01,-1.465731896323193562e+00,3.364978088829572833e+00,1.883802602352478761e+00,-1.357049419012134717e+00,-5.643570543565453734e-01,2.715537624562580632e+00,1.288702555783365344e+00
2.457939242219684850e+00,-1.399823641681328112e+00,-4.023333370129731357e-01,-1.600822528815025514e+00,2.732903383919439655e+00,1.939632359946726670e+00,-3.650957956924716363e-01,-3.143588465656748987e+00,2.951441273078399874e+00,-2.052628680248032911e+00
1.491614281117376706e+00,-3.116229212350597688e+00,-3.370267094241163441e+00,-1.837554893188912075e+00,2.691614912380854818e+00,2.927360505895788112e+00,-2.405037034637080851e+00,-4.067384068960884669e+00,3.305861281542861185e+00,-3.522549403189106698e+00
5.589175469855592659e+00,-1.883584002511507149e+00,3.275489966716993884e+00,3.513405241654368627e+00,-2.063601858576643799e+00,-2.013314763181061728e+00,-1.044153960659719882e+00,-3.626878003378450455e+00,-2.504903837644406828e+00,9.814434490811705381e-01
6.038412678389763144e+00,-1.500119701777251180e+00,2.003719792144410761e+00,1.897186948909057147e+00,-1.602087328028981794e+00,-1.545573248770209851e+00,-3.088961392832819897e+00,-3.905428186089985765e+00,-2.061857328783813781e+00,1.438264467582035522e+00
1.003715278542519851e+00,-1.203533492300033814e+00,-1.813222834131207772e+00,-2.000453535841031361e+00,2.605277509002609904e+00,3.376970293486357466e+00,2.040035722204360802e-01,-2.148328755920206223e+00,3.625016910683898974e+00,-2.004759885256450325e+00
1.343209532264121098e+00,-2.814266746202020997e-01,-1.900699105765957242e+00,-1.905873918459372041e+00,2.517932763043690514e+00,3.163046640951090449e+00,-7.628485761101093665e-01,-2.659175968503247223e+00,2.748269139279375661e+00,-5.796517950447959144e-01
-1.566309989062728558e+00,2.901859705936863598e+00,9.762178228399527313e-01,2.357582835725983150e-01,6.817417301259275364e-01,4.910884761711045154e-01,-5.638416182354033523e-01,6.573391025868480231e-02,-8.506162305724630501e-01,3.565124562544529585e+00
-6.021200760375768901e-01,3.314620584243740176e+00,1.932945201422811010e+00,2.084474467709438006e+00,-1.618544121327494922e+00,-1.531581594867841067e+00,1.954588309251969136e+00,3.901043133840059962e+00,-2.045623821460274883e+00,5.007681369446173036e+00
1.085909089915569226e+00,-1.243210023262401265e+00,-6.853121888299402720e-01,-1.808330042119829173e+00,2.752528547065579367e+00,2.589434276145017755e+00,1.695552828941067069e-01,-2.508903676609692379e+00,3.349531262983602709e+00,-1.877646362444264749e+00
-2.260285126378644982e-01,-9.218779568198680607e-01,1.812373763671021543e+00,3.128918125265662376e+00,-1.993814772285033898e+00,-1.307490434462843965e+00,1.154055524900345020e+00,5.931199312935909740e-01,-1.972754698163646347e+00,3.317030547437598287e+00
6.433262592504613409e+00,-1.511041922543860050e+00,2.022541907467637401e+00,2.378792548372294924e+00,-1.745514652995667770e+00,-1.566446406697534988e+00,-2.378238374069457706e+00,-3.893918303737232467e+00,-2.098319536082926540e+00,8.703237828866241532e-01
-3.085258325602957097e+00,8.974571853896753382e-01,-2.044903625451071072e+00,-1.716731052347331143e+00,2.001397165703136860e+00,2.413386002179934486e+00,4.605416309142231768e-01,-7.324273488968744417e-01,3.533989937170537665e+00,6.126872750056819861e-01
5.441736140097130914e+00,-4.251597290860824607e-01,1.822732385987428927e+00,1.990393034246134452e+00,-1.589947393581986335e+00,-1.272541464175547699e+00,-3.224754859309035382e+00,-3.614980362048252793e+00,-1.877117451308932150e+00,2.969866692717539003e+00
-4.832550850390493480e+00,1.926817540072916835e+00,-7.567521088292004094e-01,-1.589821231062743534e+00,2.166768305007606976e+00,2.241995987958151471e+00,2.400191671004760607e+00,2.319139113480208181e+00,2.547969349560956775e+00,7.568456102090026505e-01
1.239380474044974978e+00,2.836207322179983947e+00,3.442537559839800920e+00,2.204564335848112844e+00,-1.584622742386089245e+00,-2.047313145340064366e+00,-2.859811871650272508e+00,-1.486616993415791343e-01,-2.533399454931461570e+00,5.511412594706245116e+00
1.169251901309645403e+00,-1.596294481895812911e+00,-2.810077450213237071e+00,-1.929273723360468429e+00,3.300495503656442953e+00,3.134129576931401928e+00,-6.642828436378014345e-01,-3.451788793086220331e+00,4.069806025892055423e+00,-2.478525163677812504e+00
-2.202783861195617421e-01,-2.164584934456875942e+00,1.987107942183463649e+00,2.218552028086263839e+00,-1.752141635174217615e+00,-1.492227340824568316e+00,1.283142531936179331e+00,-1.959012381536174852e-01,-2.052159956423128762e+00,7.796025360859712983e-01
5.959958955251119406e+00,8.573642765799442955e-01,2.230432132547761626e+00,1.955364675696875443e+00,-1.498108801782739530e+00,-1.690713522507702793e+00,-1.322658717670815332e+00,-2.738687314965291275e+00,-2.120661723192684089e+00,4.627654020729979223e+00
4.575415224618303967e+00,8.827584326872885967e-01,8.255629816364020712e-01,-6.439706309069934687e-01,1.804361791120272507e+00,9.169193121768380861e-01,-8.856616090464748403e-01,-2.491922389593297815e+00,-3.291388949951014053e-01,1.809577542081736379e+00
-5.219553307085392779e-01,6.361644804853225921e-01,2.171610520099516606e+00,2.177402421099614571e+00,-1.740841170559050299e+00,-1.617138832424757977e+00,1.352908933152541238e+00,8.163090643077620667e-01,-2.146147210114573767e+00,4.583233295156208698e+00
8.683547895803230832e-01,-3.275037401220159516e+00,-2.209229815474411218e+00,-1.893478634518883430e+00,2.509263295321543019e+00,2.893011696354478079e+00,-2.677858040134197815e-01,-3.282475211662032599e+00,4.148460916122261644e+00,-3.533628497627847143e+00
2.715274310001603020e-01,1.987579945219835054e+00,2.618567814166353536e+00,1.787573687433442027e+00,-1.526987151551001176e+00,-1.799654488449643708e+00,-2.395253880280607817e-01,-6.273485413242247954e-01,-2.295541231042436792e+00,4.649777910667268088e+00
-4.045739124102099460e+00,-1.367250000836678137e+00,-9.370337732361466720e-01,-1.974102292844440276e+00,2.554022788334687544e+00,3.267665090211669288e+00,1.546766025472176231e+00,1.223027192948487607e-01,2.507288247924054136e+00,-2.433622295470625030e+00
2.067530955490617828e+00,-1.183226632023806513e+00,9.645473251444292018e-02,-1.634772013969075344e+00,2.934383009256221087e+00,2.103046866262236581e+00,-6.142979839617548343e-01,-3.308218551801139995e+00,2.981093270863537814e+00,-8.110440532512521727e-01
2.947462629162655556e+00,-2.404607326450869387e+00,-3.370915951725820481e+00,-1.814626699420250011e+00,2.416484539423069400e+00,2.771113932499758015e+00,-3.223520244154401304e+00,-4.106306414377423941e+00,2.989197046318472051e+00,-3.080452825738306810e+00
-4.049219883712797952e+00,-6.120087680798746987e-03,-2.709147213643039009e+00,-1.784564897231688985e+00,4.156721180779618940e+00,2.775909432767100782e+00,5.755816399616184853e-01,-2.177731129549488331e-01,4.647812657100291567e+00,3.009718871589663891e-01
-1.280088164740301515e+00,3.152158865730579684e+00,1.767025752224257396e+00,2.388991259433233427e+00,-1.783534732158805536e+00,-1.449586943275035233e+00,3.139529124173665586e+00,5.883063974609429536e+00,-1.864671824154457314e+00,4.099975467472296131e+00
2.132444077714600594e-01,-1.014256717145696207e+00,-2.140522797330995708e+00,-1.575035331191777521e+00,2.565021064263770079e+00,2.076597060076182277e+00,3.845798287908053226e-01,-1.887875164199463107e+00,2.896864976659799140e+00,-1.299576000239439866e+00
5.474923844479383739e+00,3.622100231008751337e-02,9.303485794436738843e-01,3.028230870006869413e-01,8.015531645701873265e-01,3.050121843235974461e-01,-3.365704830442374007e+00,-3.478639294558364181e+00,-6.318226316524040431e-01,4.606970242966138329e+00
6.111702421483030001e+00,-1.580914736664934761e+00,1.830878872568937332e+00,1.657766512303574746e+00,-1.479510696342884124e+00,-1.379512916160365643e+00,-3.988250216655075953e-01,-3.247885761680031624e+00,-1.823847855171963683e+00,1.285796084514564841e+00
-4.418685748326345752e+00,-1.311566458832121196e+00,2.679912598943996471e-01,-1.505962884589068462e+00,2.000329773106094500e+00,1.715986259615639220e+00,2.480176971998782953e+00,1.233095256053438060e+00,1.865935583110362561e+00,-1.717483215556695031e+00
6.209109719277881467e+00,9.409092147360560432e-01,2.984355960576878353e+00,3.809616826384717214e+00,-2.108375624150170768e+00,-1.955803918445103262e+00,-2.373061509070224950e+00,-2.827443751085049417e+00,-2.428671981890428988e+00,3.698040600245392273e+00
-3.543277499570952394e+00,1.661057769434477471e+00,-3.114941986620530567e+00,-1.663602310065308343e+00,1.838191013507009197e+00,2.458384062481782983e+00,2.876781675796409310e-01,-5.378612487424869748e-01,3.967894781935448645e+00,8.553052478536459224e-01
-4.682358385515978938e+00,-1.220979596560618496e-01,-2.934912307222810490e+00,-2.030403280640107777e+00,2.135357296673663363e+00,3.795638519632422714e+00,3.086446678835278234e+00,7.739297431116654025e-01,3.445640615565119802e+00,-1.530794971522230208e-01
-5.253949532067811568e+00,2.898375640096402250e+00,-1.430521858870847929e+00,-2.000145421595847850e+00,1.994919982027467897e+00,3.397745484018138917e+00,2.973459997120213139e+00,4.833494174233096352e+00,3.725896962357508002e+00,2.500760549168444258e-01
2.408273248533178368e+00,3.467321230772015817e-01,-2.028648499986184905e+00,-1.613710504811102009e+00,1.919723071781356927e+00,2.174291208651046858e+00,-2.437143174477072183e+00,-3.210538956631361351e+00,3.718842392903821015e+00,3.610269014806226084e-01
-1.192026381420115300e+00,1.238540388128683389e+00,1.698814285397483026e+00,2.280055885312973984e+00,-1.772110031396679330e+00,-1.350032605479016601e+00,3.203639531061781121e+00,2.861595090691198440e+00,-1.712186738547508025e+00,3.957785684734807852e+00
-5.194991675488733307e+00,2.093451265300553921e+00,-2.847730625019599060e+00,-1.781269105912412165e+00,2.250871141356328931e+00,2.541486287724294968e+00,3.281441068513205828e+00,3.891372072819055727e+00,3.984214348337381750e+00,9.862565844462799491e-01
4.435918747063773537e+00,9.293016102426543412e-01,2.670893774653343655e+00,1.953474875598369964e+00,-1.641928678615480974e+00,-1.870405570550072394e+00,-4.302993325529667068e-01,-1.961938270192953304e+00,-2.326445386079722955e+00,5.655857116092231074e+00
1.196064793355633871e+00,-2.062426215520414274e-01,-3.366568433367304713e+00,-1.822395706346639610e+00,2.804179441884016910e+00,2.728894236221791836e+00,5.407415042970908914e-02,-2.413385652242701962e+00,2.754497490365645174e+00,1.033606550368462162e-01
-4.762017309542995847e+00,-1.492903567145226429e+00,-3.359941507756595946e+00,-1.634762044061816022e+00,2.983021594305737878e+00,2.402486383040459028e+00,2.983668370060978070e+00,1.557393404632817280e+00,3.028688762546931201e+00,-2.271658140190023989e+00
-5.113565320372176259e+00,1.832270155032962755e+00,-1.575064422334065739e+00,-1.741505082837872420e+00,2.626161055681228262e+00,2.357149578306973137e+00,3.351679148977294354e+00,3.159536446734455328e+00,3.861186621979732170e+00,1.669220965618589014e+00
5.370969319679222309e+00,-1.452743848495663848e+00,1.242016111341456508e+00,1.832633651471880176e+00,-1.558611695328802060e+00,-7.053254043419656671e-01,-5.349704362155462967e-01,-3.198569532905620516e+00,-1.299492830948044908e+00,2.213935028975413388e+00
1.266071767070712450e+00,5.868231482253172260e-01,8.229417199395250293e-02,-1.710678186086000085e+00,2.310441629974649747e+00,2.402278716109165657e+00,-5.018835715843894540e-01,-2.290030693813414953e+00,2.187739927934240658e+00,4.917473549598596061e-01
-7.906240307174168258e-01,7.219085505614950549e-01,3.422452255852561187e+00,2.651369273845250341e+00,-1.887802457902024056e+00,-2.044050394407807669e+00,2.861601290987041857e+00,2.522616442821379756e+00,-2.531706872333202796e+00,4.280379746282999776e+00
-4.284995684174538688e+00,9.574687070737670780e-01,-2.382491985455622796e+00,-1.974338120895886783e+00,2.936978813456598392e+00,3.362467162445458957e+00,1.061762551758148376e+00,6.978224941415100968e-01,3.569942681387636707e+00,1.036250523179964300e-01
4.510124933069116437e+00,-4.113334593437256714e-02,1.012465714438584463e+00,8.883205488445202747e-01,-5.743793127737816251e-01,2.276895740577835059e-01,-3.269829314656140795e+00,-3.536922219817757895e+00,-8.373279787336619373e-01,3.354598402996377349e+00
4.269500750927355703e+00,-8.035192661576928685e-02,1.699739917305718606e+00,2.795851698641352190e+00,-1.915353368578894822e+00,-1.318447229598663561e+00,-1.065449677329706635e+00,-2.958403905169464387e+00,-1.806053925414234262e+00,3.868787472531346694e+00
5.520884536402182796e+00,-1.424953610989488695e+00,2.539188631121408690e+00,1.792264003334397726e+00,-1.425769994234843185e+00,-1.765790679529872120e+00,-9.418185569046064742e-01,-3.487324615849011433e+00,-2.238957327916928808e+00,3.204157147186593502e+00
3.137294794468356685e+00,-2.179140670276974667e+00,-1.158398229405709579e+00,-1.813399997006054365e+00,2.300619379750904248e+00,2.701502235122820395e+00,-8.251952754325095896e-01,-3.563418820100643369e+00,3.635355792654554996e+00,-3.039216482052464308e+00
-4.860493522357042018e+00,1.880571248392536532e+00,-1.138358667258863033e+00,-1.914715658832727430e+00,2.076115308250764180e+00,3.108063043038048257e+00,2.165635334782519017e+00,2.857551064444673106e+00,2.453368397792219380e+00,2.209122139597709200e+00
1.153925663573945215e+00,1.429135536360015557e+00,-3.383134945725791543e+00,-1.822959792144527746e+00,2.756465784198022906e+00,2.666417133995920175e+00,-1.409537680489370448e+00,-2.310984122693755971e+00,5.374592043511153605e+00,1.300187970005869165e+00
2.022011106433041938e+00,-3.178824953604399983e+00,-7.034538724436529833e-01,-1.919035432777011607e+00,2.346244912472590372e+00,3.125740547101715450e+00,-9.495878166637892193e-01,-3.764894881091661372e+00,2.191423345434288628e+00,-3.574085660242907192e+00
-4.198811498719736690e+00,3.372735959674132644e+00,-2.473328799854780158e+00,-1.949132096109155610e+00,2.456510437006155900e+00,3.441810846791735656e+00,-5.253563637238780615e-01,1.047710078578131254e-01,2.799031730202839796e+00,1.711711171045758650e+00
-4.186222603906783135e+00,-1.212253501645473630e+00,-7.244298068356602727e-02,-2.001671031980216231e+00,3.242135195947047244e+00,3.459900974828765907e+00,2.273930796226533602e+00,4.714537338637164732e-01,1.900744112285828402e+00,-2.166827722204740070e+00
1.398977236705712501e+00,-1.303183845369321858e+00,-3.223272696764103884e+00,-1.860920386365291446e+00,2.771055925633511663e+00,2.859174755963587611e+00,-1.752015111616722187e+00,-3.658670396865860930e+00,2.839091930360214899e+00,-2.156306656243506481e+00
-1.514493502394570479e+00,1.726479546687778921e+00,1.857630028773147757e+00,2.303728571433527605e+00,-1.748433874349275996e+00,-1.483144243050112054e+00,2.909812738220421302e+00,2.669769272520633230e+00,-1.990171263225293696e+00,3.862173995096569890e+00
-4.235413685138053275e+00,-2.901499627541434201e+00,-3.991103651781227057e-01,-1.625648637361531090e+00,1.909947762704031771e+00,2.196158346073893597e+00,2.182248752117213364e+00,6.947727309734058609e-02,2.822888616743540080e+00,-2.971606960137584963e+00
-3.931304064844311164e+00,-3.470473437161043506e-01,-2.562461491104069733e+00,-1.787419338951577563e+00,2.392825692935574455e+00,2.667950637486399490e+00,1.078106797157885488e+00,-2.161279498260450516e-01,3.427932049385102431e+00,-1.237997266686367559e-01
-3.985185830081101610e+00,2.784670988034437578e+00,-2.568624613039118376e+00,-1.802236052451811732e+00,2.531402733557648776e+00,2.585080713813624698e+00,-6.816851188257553318e-01,-2.813572825568735336e-01,3.254841929138614809e+00,1.622319049634992627e+00
1.894157291739753557e+00,-3.021837623782927196e+00,-2.828629808319577776e+00,-1.718061833816042050e+00,2.818342153225174229e+00,2.502927598340669135e+00,-3.476264794027521532e+00,-4.186897992063795648e+00,3.287149627322865975e+00,-3.285015764886818790e+00
4.936460677096308203e+00,-2.721205618435211804e+00,3.422474779256980959e+00,2.856712695119858925e+00,-1.941687082755435778e+00,-2.044870039840155584e+00,-2.905343568419995748e-01,-3.290271246675762207e+00,-2.532316294885441632e+00,2.677365185337575726e-01
6.635855080272458295e+00,-2.213611838489036643e+00,1.347302226958437821e+00,2.113606014226349306e+00,-1.641986237417353278e+00,-7.313918614867769286e-01,-1.193663512665924742e+00,-3.730509641770638485e+00,-1.541254026208557448e+00,2.783241736911521436e-01
-4.174889383286341626e+00,-2.547152401065280181e-01,4.495296343249073345e-01,-1.153830562866557274e+00,1.728896118653103775e+00,1.474570957686763384e+00,8.290879218798048456e-01,5.735418637904989847e-01,1.571749395704064467e+00,4.106040020246681799e-01
6.244435670351397683e+00,-1.242684374096048927e+00,2.530054542839160092e+00,3.605111271142165563e+00,-2.060923712544254105e+00,-1.786096934856628682e+00,7.553336215994388425e-02,-2.445151178977560402e+00,-2.318111698885219507e+00,1.909529241599295712e+00
-4.444084327325142247e+00,-3.157984503947939725e+00,3.801911738567920196e-03,-1.841394101643289982e+00,2.438874982369615196e+00,2.770775164331475970e+00,3.181995456052355564e+00,5.813726856778899110e-01,2.580530121210534489e+00,-3.443222497794104164e+00
5.194905543225503131e-02,3.008934160127226143e+00,2.336946867279630524e+00,2.393730988034651119e+00,-1.791069650617860276e+00,-1.643463491102493235e+00,-3.069211151718684860e+00,-1.630142811454117213e-01,-2.241689728257143965e+00,4.064790489643872462e+00
-4.592589132156446929e+00,-1.255097359319877981e+00,-2.423615157478048232e+00,-1.744294263938496625e+00,2.317625566586952068e+00,2.474928041409913071e+00,2.083304782169523861e+00,9.299030490315214337e-01,2.783787764220585270e+00,-2.062364017866012311e+00
1.237178090979131895e+00,4.336379369734233435e-01,-2.021637000254726590e+00,-2.024477196186504901e+00,2.537355383256613806e+00,3.579689818716458305e+00,-1.096470764485435012e+00,-2.828354368321504442e+00,3.210411328198840231e+00,3.284762672450197707e-02
-4.634371532400556326e+00,1.509610001076522323e+00,3.109859173046460867e-01,-1.473340216814974735e+00,2.896916240500064355e+00,1.919530438411661155e+00,2.075904160556691025e+00,3.197984927106870767e+00,1.459311791180126106e+00,1.107839953581797321e+00
-4.181318999672957837e+00,2.760274914037205818e+00,-2.942757285206801576e+00,-1.824009513683374495e+00,3.716509822124258733e+00,2.725349085812928784e+00,-8.301424904155085827e-01,1.686488770995306918e-01,3.503168594252657364e+00,1.382844925319444140e+00
3.666135562901800427e+00,1.994400637914563568e+00,1.480624752316803239e+00,2.722689020549832861e+00,-1.846409757653737493e+00,-1.046438310568206687e+00,-1.837664842224913109e+00,-1.461881260657191817e+00,-1.521624979538145350e+00,6.324074750261955202e+00
-2.949071723079185858e+00,2.062868901080104678e+00,8.362981322681592999e-01,3.761208621839861044e-01,4.543367612501914010e-01,3.713376303077523533e-01,1.171311764561648872e+00,2.165575532494762978e+00,-8.275138491266931240e-02,2.993039329773110602e+00
-7.739358338027816364e-01,-1.278433682354154666e+00,2.440331615671193610e+00,3.475415454582527985e+00,-2.054081652083793674e+00,-1.716962745156349612e+00,2.358674563777808153e+00,1.597674547012384538e+00,-2.267675010007446978e+00,2.240927463078365989e+00
1.811029990746261253e+00,1.188849438055648022e-01,-1.086837475993855051e+00,-1.694830646694138521e+00,2.008793999083503312e+00,2.235843625408771906e+00,-1.761046203206932947e+00,-3.247878894137199435e+00,3.179706038852766259e+00,1.737061791243771580e+00
5.923673787599563312e+00,-1.445854300107374257e-01,1.802624010628658624e+00,2.560650010002007981e+00,-1.856368231193977758e+00,-1.474420786636111647e+00,-2.123990819897577431e+00,-3.357470459652266204e+00,-1.966523975197753682e+00,5.254529998967596427e+00
2.757146446047233912e+00,-2.601300118857378330e+00,-5.468277426624110760e-01,-1.575177682972546345e+00,2.761994247304357941e+00,1.992328804164476441e+00,-2.020629957325517090e-01,-2.977289511171788305e+00,3.072559630495705907e+00,-2.840777009891940708e+00
5.854423835368763207e+00,8.368513764596112736e-01,2.748040029612205615e+00,2.719254654278508987e+00,-1.855835227332326420e+00,-1.891315947840437328e+00,-6.017280686064720996e-01,-1.820176187284543445e+00,-2.373249822941670306e+00,4.693713930558316427e+00
2.592468561947079309e+00,-2.800973957610874976e+00,-2.742682063574962470e+00,-1.800744134903738747e+00,2.420225154385770683e+00,2.647370535905275712e+00,-2.878440691366699777e+00,-4.102800676196071805e+00,3.090805593455714373e+00,-3.318759875716128516e+00
1.628517868778204480e+00,-7.286523193365201934e-01,-1.252957190581164948e+00,-1.938528364448546037e+00,3.435870128878418583e+00,3.166061847881709745e+00,-1.756769809339055577e+00,-3.604739229540638856e+00,2.846590412607370446e+00,-1.899463198731466962e-01
5.112342205656833727e+00,-2.609486486094032998e+00,1.385473809403413803e+00,2.870945016403747552e+00,-1.935510717980427398e+00,-9.845757147052494052e-01,-1.955390703221762116e-01,-3.200613869505864795e+00,-1.475505814987561948e+00,1.186907302707804202e-02
8.014333720043914866e+00,-2.003431618667912417e+00,1.194910989673966029e+00,2.458505633718287342e+00,-1.818632783424364074e+00,-6.914235116713033369e-01,-1.009115290048528735e+00,-3.608431713649288941e+00,-1.307761362466811850e+00,1.231895360246958893e+00
2.289196610067789628e-02,-1.441520626807846650e+00,2.302936585626301103e+00,2.402096293280616024e+00,-1.824379977299980249e+00,-1.707198572227905053e+00,1.843691113090367040e+00,1.571391489529521679e-01,-2.103111027984077452e+00,1.246418377452370496e+00
-5.165304953032316071e+00,2.787073615828160378e+00,1.985567437851130101e-01,-1.651558522386857852e+00,3.224672419929891731e+00,2.463680825858613588e+00,1.020583595565619284e+00,2.936916829941202955e+00,4.070064158688264655e+00,1.275636879024341752e+00
-4.409892994644139641e+00,3.142769462709855688e+00,-3.110385130184002200e+00,-1.780992641391236253e+00,2.979084302617477142e+00,2.503458132349839715e+00,-2.366385733451128459e-01,2.980884436225056389e-01,3.122383836057632145e+00,1.774037064417595566e+00
-5.053234686224240768e+00,2.880814911283136048e+00,-2.025532225096953631e+00,-1.726282616057994712e+00,2.289533477947493179e+00,2.705675227157351426e+00,8.393157586429884631e-01,2.295077799635618643e+00,3.975940359215035969e+00,2.202460675148834035e+00
-3.014271863176629207e+00,2.164694988812446041e+00,2.352521971104786225e-01,-1.376562166613827243e+00,2.296937785118293718e+00,1.614532424269035094e+00,-2.099855172361211331e-01,-5.406257336799488167e-01,2.276145897852572375e+00,1.113789886778350002e+00
6.876017955496006806e+00,5.324316715312980008e-01,1.928243878881209739e+00,2.149286963816539497e+00,-1.602210296326454619e+00,-1.507714607194503120e+00,-1.823458660698913381e+00,-2.829555046699895104e+00,-1.868856594522817716e+00,3.826521571801671850e+00
-3.494832360001514981e+00,2.944621120152590699e-01,-4.608192823676304783e-04,-1.429341941757529488e+00,2.408366806151379436e+00,1.902899782083989022e+00,5.260240119143517745e-01,-4.737140743383273511e-01,2.798219204349895683e+00,4.684247265446068731e-01
6.632737897859630749e+00,-3.040988079777684927e+00,1.929430183343960437e+00,3.228323185491196234e+00,-1.998729263346836538e+00,-1.534792033629570840e+00,-5.160121308065206414e-01,-3.436455344854733251e+00,-2.042386123081010751e+00,1.712580900192297584e+00
7.679361735243326326e-01,-2.907071886375021563e+00,-2.700125970269549480e+00,-1.779172978080568734e+00,2.671612988718023551e+00,2.397745835308122686e+00,2.890703892067092440e-01,-2.396816307290005721e+00,3.008902648475149100e+00,-3.232059442334191068e+00
-4.053072882956798573e+00,-9.072413654007216444e-01,5.815572707529819141e-01,-1.379277963698025911e+00,3.981820641162896468e+00,1.532030960934928743e+00,1.926220789926917476e+00,6.134364338337545686e-01,1.353595326582779812e+00,-1.182458028788518911e-01
5.220817209215661947e+00,-3.428226090775359225e-01,7.817403524893764555e-01,3.011784334729794566e-01,4.609674720608165632e-01,4.520723801305280842e-01,-2.558368255545051095e+00,-3.563762545516928615e+00,2.441622465246170992e-02,3.527953499169751428e+00
-3.024044708722521957e-01,2.183375993551324612e+00,-5.122636528541013590e-01,-1.512080393121593591e+00,2.160066779857947594e+00,1.865781519728857196e+00,-2.722861210732738346e+00,-1.233642086939252591e+00,2.170502640920251025e+00,1.077977681286780509e+00
2.838480173757284231e+00,-2.533127410064723417e+00,-1.834239956886774436e+00,-1.751184460880215399e+00,2.692059423939548779e+00,2.590031403361377382e+00,-2.558300455941620477e+00,-4.048471649357183288e+00,3.093764532159814618e+00,-3.130305511402462937e+00
1.459260863719509249e+00,-2.491044455286847370e+00,-1.170635967225472918e-01,-1.621628942115483918e+00,2.244665403185784669e+00,2.198219694391509993e+00,-5.140425763758948996e-01,-3.328795665909473733e+00,2.694660213036265350e+00,-2.911764408061836118e+00
5.342634567899098741e+00,7.566802124958158515e-01,2.569250688300602548e+00,2.481765372032676886e+00,-1.812374953666110455e+00,-1.841767668368750277e+00,-3.460770292926545366e+00,-3.227654090123744268e+00,-2.312850471639077199e+00,3.768913190046266681e+00
-4.341880194088641787e+00,-1.000697199751332533e+00,-2.385548014552486329e+00,-1.921505630153400812e+00,2.100873578522192364e+00,3.107030830646876574e+00,3.029098496468540347e+00,3.974778336079842767e-01,3.099365047713349419e+00,-1.420059417761313281e+00
