-1.266619158043342797e+00,2.159631772952900874e+00,4.464087875674278116e+00,-3.282445895990469875e+00,-2.334747029696355725e+00,1.837038372042410606e+00,2.263268646489756009e+00,1.985385861397023000e+00,-3.003599448297024299e+00,-7.328629603753116228e-01
1.606048467340078778e-01,1.196404445774624570e+00,4.970498027875325242e-01,3.486576546455308900e+00,1.405483973593452340e+00,-1.011911946083924319e+00,1.898712745457252993e+00,-1.125937031393188903e+00,-1.179878365337354573e-01,9.762127116599979004e-01
1.160817050734286315e+00,2.669804145003640272e-01,-3.421089259214562972e+00,-3.252211732092632701e+00,4.570482659906771161e+00,-2.074795657534138638e-01,-4.933349301477703008e-01,4.513459981373406649e-01,4.976729727459035857e+00,2.170849023657730914e+00
1.603136022339675337e+00,-3.013438452933079770e+00,-4.091071711349172801e+00,3.300590181770581388e+00,3.577116935218453975e+00,5.262784447304488245e-01,-1.848328070682226043e+00,3.526062424889264690e-02,6.071294312480156385e+00,2.410063976023904875e+00
9.305689605285285548e-01,-2.873491373733898069e+00,-1.575186150707225785e+00,-3.258940799220886753e+00,3.255068707858538524e+00,-2.710401265949462513e-01,8.855678974298735184e-01,9.563593995311876483e-01,2.256070852585378095e+00,2.182944739151690960e+00
-1.424650135751370117e+00,2.602546051687450124e+00,-1.061120614246430893e+00,3.366390174017017678e+00,3.036698009184458869e+00,-1.942965288677093616e+00,-7.350439521156135747e-01,-2.030697761949121549e+00,4.429249020287039373e-01,-1.030236848686342910e+00
6.346511290534496696e-01,6.162384239778244677e-01,-3.886906535728985812e+00,-2.864053295473700800e-01,3.536940217748327342e+00,-4.026785167553788014e+00,-1.922042342865116993e+00,3.272600957085283646e+00,3.800351257025881502e+00,1.535292292945173553e+00
1.350473686111113292e+00,-2.964041404373031430e+00,-2.053364307328878091e+00,1.540663519206884047e+00,2.813205484497593112e+00,-4.800786581396500052e-01,7.365050749185613199e-01,7.630859439316282078e-01,3.351205212635463226e+00,2.183478609015674810e+00
1.327330997035502724e+00,-1.091244555968916785e+00,-3.938427935234907196e+00,-1.308539393654293725e+00,2.788296626378731435e+00,-6.035704402852609674e-01,-1.291639237535409102e+00,9.068033174935967722e-01,4.357043076738186471e+00,2.189182115539056284e+00
6.728353119399810289e-01,-9.355986953747130741e-01,2.749317274381460341e-01,2.981250012679653061e+00,1.979387678016900409e+00,1.000057162527796306e+00,3.347392944200025866e+00,-1.405414957420047628e+00,2.433301460653491399e-01,1.840089722926018023e+00
1.168293685289557127e+00,-3.416922217202971179e+00,-1.287801200782630606e-01,-2.748105673870362420e+00,2.967809040458163405e+00,-7.760379878608045789e-01,1.926255534241376743e+00,1.973903021455758022e+00,1.030081290425822527e+00,2.334340238701827275e+00
7.124280974728800508e-01,-4.071720778275342845e-01,-2.546551006441606813e+00,1.743830992256843793e+00,3.424401780062064748e+00,-2.230139265157751627e+00,3.671162531591560807e-01,1.809257558947662048e+00,3.480223397706567301e+00,1.703866319893925674e+00
1.448432111072817108e+00,-3.125201096511239562e+00,4.749172460598982681e-02,-2.971805864552314880e-01,3.004966326419406641e+00,1.386609511833781339e+00,2.264101774251422228e+00,4.220877399824396470e-01,1.794106548287046854e+00,3.566278130415144076e+00
5.203596102190530814e-01,1.208118366210937822e+00,-3.941815640842744273e+00,-2.088383213560171647e+00,4.189896960943847226e+00,-6.735393311009982842e-01,-2.941983614197315688e+00,-3.404425992888643560e+00,3.776389792821611913e+00,1.476137524503374987e+00
1.578513793101067986e+00,-3.274117317993550103e+00,-4.267599882783186693e+00,2.763016260243350786e+00,2.930762432347773228e+00,-1.359944607471293532e+00,-3.173391078991564918e+00,1.917406948909753162e+00,7.231105261547959628e+00,2.684467250529649185e+00
6.799460746188330518e-01,-8.085662930594033071e-01,-2.444177850995809198e+00,-1.773589133449507749e+00,5.163629456978393151e+00,-5.067370511089248630e-01,5.111881404963813935e-01,-3.143279549393704464e+00,3.570208250969763242e+00,1.804166098253723982e+00
-1.215647597975753724e+00,2.268927034746815785e+00,1.842687287614495739e+00,-1.503859851513367207e+00,-2.409195586920013454e+00,1.215964687035500313e+00,3.280958185759302204e+00,2.288709975629460658e+00,-3.552892705559914877e+00,-6.309426373257003284e-01
-1.479099389375739815e+00,2.786648307304118610e+00,-2.799306699459261361e-01,-2.314413831183952830e+00,2.165447233699017815e+00,-2.091473128243422241e+00,-1.285036694871726226e-01,-1.261642853930952324e+00,2.646110400578723931e-01,-1.217436272681748477e+00
8.211277031749437683e-01,-1.191478886397810300e+00,-3.622342182040212410e+00,1.179794617587914374e+00,2.791881719255752792e+00,-1.395863405131239077e-01,-7.102841578596597039e-01,-3.315678496852231039e+00,6.011490095947696233e+00,2.095229290761072782e+00
1.150782825943268195e+00,-2.818602726289204163e+00,-2.894019022923171480e+00,2.096627269562827856e+00,3.618033928160516055e+00,8.004724183283268291e-01,4.049392661292623430e-01,-3.315548568563736698e+00,5.396051388071575694e+00,2.596328116314640333e+00
1.398530200525075262e+00,-2.181235768683468024e+00,-3.004225489875617106e-01,8.559237317586392280e-01,2.300972629193670738e+00,5.948820787412334443e-01,1.433074385755026547e+00,1.243103093751286359e+00,1.719226186149757751e+00,2.220835075772261025e+00
1.384793620405244896e+00,-2.347809767314958940e+00,-4.043255200231825164e+00,-1.247445415040055572e+00,3.530000792377132601e+00,1.338642089735268548e-01,-1.879443986155392432e+00,-2.101452063879908572e+00,5.289294530064976740e+00,2.427523525576237517e+00
-1.524888002070705628e+00,3.060871308799677060e+00,3.810801336163729403e+00,1.427369650491626452e+00,-2.385753772934089856e+00,2.745949425613691375e+00,1.673252884938666085e+00,9.756675969559518435e-01,-3.361047135913292294e+00,-1.384835387719328681e+00
-1.561833172800484615e+00,3.418280876695114046e+00,-1.781253551878136943e-02,-3.258565111408605386e+00,2.286000160800494729e+00,-1.176709627512028788e+00,-1.525806853915626426e+00,-2.730240153310606654e+00,5.535971020127240516e-01,-1.543134124542836494e+00
1.362437480779157051e+00,-2.849659674967176315e+00,-3.725902343329447586e+00,-2.506410181429159056e+00,3.995865246689155104e+00,5.819154056434546751e-01,-6.709626989922488072e-01,-1.725294878683630628e+00,4.514648215914786711e+00,3.028165806308754426e+00
1.314957634690269606e+00,-1.664642419177634558e+00,-4.061345185808344915e+00,4.108386004007913428e-02,2.649606170160309304e+00,-1.127707095087805644e+00,-1.740176719377881209e+00,1.339093802155883139e+00,4.478239038050877419e+00,2.319706683588897977e+00
1.520849319862433546e+00,-2.571308324970741577e+00,-4.151649395498370865e+00,-2.215602762228415568e+00,3.460109694931132296e+00,5.230021709703291943e-01,-2.289639614847148952e+00,-1.312756719188553411e+00,5.313691856218418330e+00,2.635751161512822627e+00
-8.460009424056788019e-01,1.545636883274314144e+00,1.009404153888787903e+00,-2.381877526481853469e+00,-1.639443805339150018e+00,-4.762681007445408454e-01,2.144659253969342316e+00,1.136054792363790256e+00,-1.617868395831084216e+00,1.980663641060899094e-01
1.073099062151073868e+00,-2.160636721845404118e+00,-3.259495226725472872e-01,-2.204802415847630925e+00,2.460763536569129162e+00,6.174178960167098218e-01,2.306704336273894818e+00,-2.598367827452696677e+00,1.877348558009198420e+00,2.364573252415250071e+00
1.059831473689743397e+00,-3.394375902668926415e+00,4.615220752648478975e-01,1.934610263515542883e+00,2.322925488409745221e+00,2.888778792191941669e-01,1.905203969110038642e+00,1.729182971160706295e+00,7.171718109159556098e-01,2.262832030954474938e+00
9.366890823034325075e-01,-2.421838562213108226e+00,-3.129520939774896870e+00,1.664136586655125427e+00,2.787171428928115091e+00,-1.286906252542842910e-01,1.432813836710629118e-01,-6.132941388421060402e-01,3.874170584484336821e+00,2.410533797187862426e+00
-1.456490575856224101e+00,2.811223752435430434e+00,3.362061147847837717e+00,-3.446938951593839118e+00,-2.452045712160355606e+00,4.687664018090575979e+00,3.328081588947471303e+00,-1.946907983716096524e+00,-3.908811673543676868e+00,-1.126810315005134067e+00
3.186563434347745583e-01,8.008552854904920082e-01,-2.416265738220726877e+00,-1.260552670178434198e+00,3.232956383344400386e+00,-1.630007249704683581e+00,5.907549822950519669e-01,2.045021429162221516e-01,2.764432515006566948e+00,1.451046081039911950e+00
1.467737630428809892e+00,-2.823591111847499668e+00,-3.397557854122590815e+00,2.051508176618288992e+00,2.698555575185913380e+00,8.947533733274529166e-02,2.131596696708948357e-02,-6.506937787240651971e-04,3.667721397930908900e+00,2.972902697030439523e+00
1.475096757058772745e+00,-2.334499487873320955e+00,-3.411513848819670347e+00,3.035660592952993397e+00,3.170831965796934604e+00,-2.582637534135498569e+00,-1.416935181963063783e-01,2.656823567119381835e+00,4.274580355083722694e+00,2.252895433724820151e+00
1.025027004660474139e+00,-3.466421666116792366e+00,3.387821722496779930e-01,3.458881137835268405e+00,4.278020551692735651e+00,5.713540667182860355e-01,2.572328338796623370e+00,-2.868413879238630670e+00,1.044826187759876568e+00,2.150492327334177389e+00
1.015649774108135617e+00,-2.500947714458634508e-01,-2.174179837408529714e+00,2.890051942292022780e+00,2.431136127677417047e+00,-6.850164242443761431e-01,5.816698838813332273e-01,-2.690733863039880713e+00,2.168524755383367530e+00,1.773764060454242397e+00
1.418331631216698918e+00,-3.009803862464094149e+00,-3.997721433604397578e+00,5.380560622856709330e-01,3.568419751906838577e+00,-2.272245970512796198e+00,-1.125433711721557373e+00,2.858908148265422611e+00,4.343847861756659157e+00,3.050218223903168546e+00
-1.487156876626649638e+00,2.856915467942612530e+00,9.640221013301163433e-01,-8.889788521091177564e-01,-1.909404454859942701e+00,-1.824053878716895172e+00,6.359127664884454134e-01,2.513651311618692041e+00,-1.817426356458386127e+00,-1.246139137579632905e+00
1.179760252726361980e+00,-1.576553020756858325e+00,-4.199619646840542231e+00,3.242829742803811754e+00,2.980009034501236886e+00,-9.926238705778339666e-01,-3.175535928075027936e+00,8.382859190228231228e-01,4.780824010940965429e+00,2.209212328912419476e+00
3.623009120654392401e-01,5.676145511391039733e-01,-3.802122613841296239e+00,5.840193708553389484e-01,3.129076403203328471e+00,-7.535446481161066634e-01,-1.345855843567554277e+00,-2.575042408092608426e+00,4.502326901118820501e+00,1.499456524612359010e+00
-1.471306697651953099e+00,2.775500076287721996e+00,3.206098364555547864e+00,5.942730040464807573e-01,-2.457675654160610179e+00,3.658196282487989670e+00,3.415520393015883727e+00,-3.195306646678703899e+00,-3.919152984921143723e+00,-1.220341375404550677e+00
1.936553755133638699e+00,-2.386671992908063089e+00,-3.892574058003661630e-02,1.813946537919060908e+00,4.471286479826718008e+00,-1.842774727636316445e+00,1.420726377477651958e+00,2.951494634906283387e+00,2.173683633682623295e+00,2.931306798538337866e+00
-1.341150621661052256e+00,2.200133575860439450e+00,-2.137967527580697968e+00,-3.202282658404139060e+00,3.309894497349773257e+00,-1.882517077688853790e+00,-3.122237115990231793e+00,1.315010237190721298e-01,2.429893888866754281e+00,-7.548927195871093510e-01
1.438880845377557893e+00,-6.826395441252883778e-01,-4.247083202312238903e+00,-1.476671287032214064e+00,3.066442618209520798e+00,8.917489840115908062e-02,-2.926537764703747602e+00,-8.836216416266999829e-01,4.797230021141363210e+00,2.715190326816273370e+00
1.355415048188748806e+00,-1.875066067537092929e+00,-3.474849044119147301e+00,6.779624994619624090e-01,3.766875899939063910e+00,-8.038080097819499947e-02,-2.730620275539656916e-01,9.096698874484667741e-01,4.839065815384345548e+00,2.529894082138291811e+00
1.746289397361111329e+00,-2.660513124335942337e+00,7.069593441202748352e-01,-3.364216512484131894e+00,2.602465406964202366e+00,1.322137077855528364e+00,1.818743917230813523e+00,-1.439495829625342616e+00,3.042332480268127526e+00,2.525200442668922296e+00
8.382623174479342243e-01,-1.167310236353754860e+00,5.484004391655172839e-01,2.810166233789335166e+00,2.665683774178612353e+00,-5.070376875738495936e-01,2.866357995703032735e+00,-2.228020942505955837e+00,8.363350952918224834e-01,1.791460058066622008e+00
-7.909223269794006805e-01,1.591535385489492249e+00,-3.158518889005166752e+00,3.479400633236490847e+00,3.144982759968627306e+00,-3.419571870608669073e+00,-1.108384757276504651e+00,1.592962829504102729e+00,3.719446794538169954e+00,4.368599360164590606e-02
9.115850260467991406e-01,-3.349646745946260218e+00,-3.814657265829540123e+00,-5.110065786608117833e-01,3.323653223192828854e+00,-2.756791062582063301e+00,-1.012970155667797467e+00,2.337657521124489435e+00,5.278608773575178326e+00,2.177934964280297869e+00
1.745579002971572979e+00,-1.354441294963943498e+00,-1.315272506988252932e+00,7.617146762516924241e-02,2.713614960851712610e+00,7.499716531321668489e-01,9.672732557354315475e-01,-6.191767245724464352e-01,2.026249900624921274e+00,2.537069265819359654e+00
1.290732853850566020e+00,-1.515530223081281491e+00,1.218658223335756796e-01,-3.029454125160077727e+00,2.972325262531630319e+00,-1.642278031026952689e+00,1.987751769961001891e+00,1.953944287546789838e+00,8.958286723420771924e-01,2.220252629428510094e+00
-1.317808987430852730e+00,2.249299687426276506e+00,-1.704121637387273180e+00,-2.577119324396851319e+00,2.750854338445369862e+00,-5.080639541737332010e+00,-3.475797069409161111e-01,3.412424380002168967e+00,1.132285708888080666e+00,-7.120227631978911509e-01
8.951571518841725528e-01,4.038360088801207226e-01,4.437928582134208488e-01,-2.634685752187470253e+00,2.597788496035120964e+00,-1.519825315496390550e+00,1.748410607683563711e+00,9.740250014263827083e-01,8.667266582019139687e-01,1.640513223678605748e+00
-1.534960514381814800e+00,3.167151146416311569e+00,3.607934137412525111e+00,9.071565272144486158e-01,-2.408666414765501695e+00,2.567456373618937526e+00,1.765238772324265071e+00,-2.895529299868141226e+00,-3.493351219588778811e+00,-1.431120480187143773e+00
1.691664778028091121e+00,-1.410325378629357918e+00,-3.948356643465245952e+00,2.857236660744619350e+00,3.355519907881582942e+00,-2.602870354434433153e+00,-1.713514070752564455e+00,3.258505934574593255e+00,7.066064184579637697e+00,2.631123568788988010e+00
2.037314846655522427e+00,-1.138660734526597995e+00,-1.557308616623498843e+00,2.338570514654025878e+00,2.768690895246607386e+00,-2.625485574940729538e+00,8.741304302291803552e-01,3.377384379260883307e+00,3.305404997321638838e+00,2.958163942750425157e+00
1.512755174003907799e+00,-1.462844549152563012e+00,-4.199485033800187672e+00,2.434739003213489461e+00,3.401331449885086400e+00,-1.232462441583126012e+00,-2.735664771591018063e+00,1.520992077969117062e+00,6.002893767752446763e+00,2.417811453460356752e+00
1.189851192406214064e+00,-1.075779513542927113e+00,6.154686260131824183e-01,2.320012790305504780e+00,2.919670269593700684e+00,7.818179920375705194e-01,2.968396825668610184e+00,-3.301576931384667013e+00,2.235648488499602515e-01,2.376960056159439283e+00
-1.535955861500359232e+00,3.247008155196640544e+00,-3.560474771920574266e-01,3.379279193395856140e+00,2.187505947077162727e+00,-2.070391444101749912e+00,-1.416326041033580729e+00,-5.837283945805507024e-01,1.047454784229068903e+00,-1.452966193178361953e+00
1.000687463742673478e+00,-3.289513265360062277e-01,-2.314974407447901505e+00,2.134806229805450428e+00,3.837728762461921406e+00,6.749004941116180101e-01,6.516562222733170984e-01,-2.276076399336040446e+00,2.410060106124770840e+00,2.215598497739725392e+00
1.705989506259742328e+00,-3.095870551762000211e+00,8.877237895265019940e-01,-3.365487536534931490e+00,3.041988830462441840e+00,8.471005997433486145e-01,1.820472310146816319e+00,-2.769460367436095805e+00,1.170764738294501450e+00,2.902236085763686635e+00
1.083091912692851100e+00,-2.106212399236672361e+00,-4.195519518124877223e+00,-7.177332276246781717e-01,2.642714764416378870e+00,1.364803814611824651e-01,-3.213913760935465547e+00,-6.697597369938037559e-01,5.477002815744441477e+00,2.137441087234016379e+00
3.610130661963308896e-01,5.914609705443236720e-01,-3.942337674603881403e+00,-2.494202523491497736e+00,2.741479440723667338e+00,-2.335451728020013995e+00,-2.244698160224115835e+00,1.538228456152603840e+00,7.011592214937730105e+00,1.158421385357133238e+00
1.810067398874213307e+00,-1.957528148683332692e+00,-4.329348301281566336e+00,-2.370019734063133043e+00,3.970296943101437215e+00,-9.773561854977214081e-02,-3.142525203596824745e+00,1.109926437187022330e+00,4.747978285885470662e+00,3.301279644438563476e+00
-1.099651902429134909e+00,2.005133981891306760e+00,-2.518416563299768374e+00,1.826304243373693126e-01,2.199962051651527695e+00,-1.649053023057270639e+00,-6.899128013636182111e-01,-2.269279215774307801e+00,1.005502609056231123e+00,-3.723789389950847295e-01
8.835938448635373144e-01,-1.564233150784663851e+00,-1.634114193525576519e-01,2.169645458007592786e+00,3.286695033117895015e+00,1.225362387766227190e+00,1.320044741935781474e+00,-2.330839469748964277e+00,1.701266934181442148e+00,2.221181789562791664e+00
-5.657592225452804380e-01,1.544477394005784987e+00,-1.019597906082199357e+00,2.817280044108266601e+00,1.556916249542406039e+00,-4.019682919468889892e-01,8.605602370053588857e-01,-1.357659681016408548e+00,-2.363673843278144560e-01,6.093374127855913924e-01
1.483918659019919373e+00,-3.265045690575908210e+00,-3.654854172249094812e+00,-7.281596370910996541e-01,3.234941318356994611e+00,-2.596690956045531462e-01,-5.401667138427619363e-01,7.836734408112446815e-01,4.803886553519948421e+00,2.739910103822444487e+00
7.890564148239522790e-01,-1.232339896384968991e+00,-3.973479735299363824e+00,-6.986850784356990474e-01,2.783280862682805168e+00,-3.857927659315307345e+00,-1.647878108222159854e+00,3.298195743724075868e+00,5.821660610522330970e+00,1.828610165437164925e+00
1.403375002470315547e+00,-1.784286802997553378e+00,-6.836455919934758541e-01,-4.515632190068155083e-01,2.769010040517161819e+00,2.287575242460261338e-01,1.658890405806158874e+00,5.922794388521204212e-01,1.549997678213478558e+00,2.724208393560378028e+00
-1.564645242943612624e+00,3.443037608130532057e+00,2.749631434689486120e+00,-2.663252525829760575e+00,-2.352774308091166500e+00,3.331263853275349796e+00,1.333260149129811722e+00,-1.631227345960227115e+00,-3.157768533580371351e+00,-1.551263342344763263e+00
-8.609220597428770549e-01,1.775637415679994113e+00,8.325509869093963289e-01,-1.022750691400586831e+00,-1.499466244140337468e+00,1.310261900211218133e-02,1.417002559419274554e+00,-1.784646031272344668e+00,-1.221938095874727015e+00,1.153615134832483569e-01
1.414654162937356574e+00,-7.404967602790022418e-01,6.915605589603196490e-01,1.096935364946356906e+00,1.814715539171854797e+00,1.866166093313504915e-01,3.070125494885894923e+00,-2.139029395278330803e+00,1.593772156750587754e-01,1.776905522469375054e+00
1.059292873776197075e+00,-1.984107407146778801e+00,-2.261062914197331075e+00,2.152922346958776600e+00,3.397595059123299066e+00,-1.996483488632072867e-01,5.910691755189123597e-01,-1.155357774819570693e+00,3.101597387000698980e+00,2.188492745932274719e+00
-1.389122133152952188e+00,2.689826285505982462e+00,2.694485404190994693e+00,-1.604487493015046340e+00,-2.379083195287825081e+00,3.232337311797126134e+00,1.954242311778599195e+00,-2.343731781055050423e+00,-3.383685082808007394e+00,-1.081485258491830637e+00
1.054300929770365158e+00,-1.012972369088988689e+00,-4.282296985670146050e+00,-3.103693679376375858e+00,4.104062624280001792e+00,1.633422679540122546e+00,-3.280030421079685787e+00,-3.111613599568121113e+00,8.788267388372322131e+00,2.588095048709296186e+00
1.882663545892563128e+00,-3.781372887055258758e-01,-3.712146943591519754e+00,-3.274247518802178458e+00,2.732642498225582806e+00,7.232051274497193205e-01,-6.089458463257657606e-01,-5.461946522145630922e-01,5.134154219900382010e+00,2.227640264984279028e+00
-1.318519668199533923e+00,2.116302244461362392e+00,-2.163972619448389700e+00,-1.708588879888253587e+00,2.740430210139443545e+00,-2.028030435432111922e+00,-1.082557492753003281e+00,-1.613909754366297244e+00,1.717132758724605912e+00,-7.005331338172746669e-01
-8.829986986055669007e-01,1.551128980016700964e+00,-3.394362490283337142e+00,-1.932911485478220781e+00,2.439930393726073898e+00,-2.898055215869758339e+00,-1.284571567068069076e+00,1.517006193069276421e+00,2.665455727586237167e+00,2.258287725404932167e-01
-1.465689991638205569e+00,2.817671651699590996e+00,2.788588126858864147e+00,1.799342918739918140e+00,-2.349053320638136988e+00,2.760036812077975910e+00,2.228346331382095258e+00,-2.083833155594287945e-01,-3.304289561927070018e+00,-1.181148942657885836e+00
-4.208783933882466188e-01,1.343101095822284208e+00,9.037145751119890491e-01,-1.542979282233670979e+00,-1.292886582772531101e+00,-2.432310391185243503e+00,2.469287454299681883e+00,1.673115132599031440e+00,-1.066355903322546483e+00,6.721138751523867416e-01
-1.387130027324689596e+00,2.503078760236483902e+00,2.948968328126953864e+00,2.988819075080654031e+00,-2.373338770484108906e+00,1.710540293235282228e+00,1.947079464616815692e+00,1.402610765774350732e+00,-3.350424136689473809e+00,-9.458871781663042988e-01
-7.693909960195297604e-01,1.766716079151179564e+00,5.276510821131925599e-01,3.147320984732635551e-01,-2.223078489309329164e+00,2.074765650409819528e+00,3.361631838655156912e+00,-2.607452483458718717e-01,-2.512152820196737135e+00,2.848633096001760845e-01
1.112447410271298454e+00,8.179377996422063646e-01,-2.621815096039961546e+00,9.593454664744482940e-01,3.382672835943366874e+00,-3.018679536790585427e+00,4.735437558449171469e-01,3.408321448760408323e+00,3.315072886806223806e+00,2.408332145028180271e+00
-1.221082493010908321e+00,2.151108258597108858e+00,-2.954853843595222518e+00,3.329137572459906380e+00,2.897981712394719800e+00,-8.263301648740273286e-01,-2.401300244647964988e+00,-2.438687129759371075e+00,1.575019649061813798e+00,-5.002420955210373776e-01
-1.024648622650787377e+00,1.785605670539925249e+00,1.079606036873908659e+00,8.110263858832329475e-01,-2.145441772604794295e+00,1.569205291558861903e+00,3.370107149254064183e+00,-5.978377400483481097e-01,-2.291564469080083821e+00,-1.251157594742764723e-01
1.343851201072513879e+00,4.668308874641646788e-01,-4.220593488489956080e+00,-8.980361205028914995e-01,3.921692162622159916e+00,-1.296775203189843184e+00,-3.268500009323936251e+00,1.984958887094566471e+00,4.708188733162571360e+00,2.405932665093834188e+00
1.274132824618713578e+00,-4.559665861191795067e-01,-1.957404277709620111e+00,2.988306841152358118e+00,3.747308801987162319e+00,-2.708902296510442564e+00,7.540936230905481708e-01,2.333496891136818796e+00,1.856851412297378712e+00,1.801549582289372564e+00
1.299445870697395700e+00,-2.399549498163128902e+00,-4.167633933824735237e+00,1.598362866735643095e+00,2.672426850438079704e+00,3.011380963046602410e+00,-2.591583919450855422e+00,-2.300553940605334802e+00,5.430335779163815602e+00,2.175655015542547588e+00
1.120919675251110803e+00,-9.740781101809532494e-01,-4.138422463429315634e+00,8.912042072607926357e-01,3.536881544768877284e+00,-1.644731967389029270e+00,-2.998454334391808196e+00,1.568355408178890187e+00,6.818124397076736898e+00,1.938978500261249405e+00
1.446062196862955673e+00,-2.688190208679158477e+00,8.160757602527120014e-01,3.402054056005698435e+00,2.964453629225741516e+00,1.080923294421205050e+00,3.053896852686656338e+00,-2.084653600546236163e+00,3.550575705544503080e-01,2.522887729821771341e+00
-1.107421277884269140e+00,1.875463040899799871e+00,-3.103969302125214602e-01,-1.893664733479121232e-01,-1.899114638604751937e+00,3.002001381758320875e+00,1.182941625076470160e+00,-2.912704986041269706e+00,-1.941842182496955171e+00,-1.763341233722983126e-01
2.050518476928744782e+00,-1.413554998059967538e+00,1.049352419458469132e-01,-3.384097258135901676e+00,3.146734014856547468e+00,7.490376302788078755e-01,2.236378766087542047e+00,8.679453546985165246e-01,6.731337073553406158e-01,3.287453733353632668e+00
1.156050727448878712e+00,-1.440751353416566349e+00,-4.050271781083903733e+00,1.163940700514687343e+00,4.144556161058996935e+00,-1.094107169891717080e-01,-1.757861934457139341e+00,6.561686507590245299e-01,4.836707650571979045e+00,2.520329177763536599e+00
1.576965208913971406e+00,-2.203445701792580813e+00,-4.307346442774538708e+00,-2.656475961582822176e+00,2.746616156752144988e+00,8.547785770866369592e-01,-3.179415499921090849e+00,-3.096234088698843312e+00,7.178362748143785055e+00,2.980259537840886708e+00
1.553279944050520278e+00,-7.703098277748665623e-01,-1.327383157305009220e+00,5.296479514363721108e-01,2.906159051152403805e+00,6.714789729787097317e-01,9.444295330955796430e-01,-6.877167208740457838e-01,1.706846393606278989e+00,2.563454445229386369e+00
-1.487322211090504664e+00,2.866374792372792690e+00,2.493459535772357683e+00,2.482188664993723037e+00,-2.368969048140585176e+00,3.926408446973650879e+00,1.754598083834522981e+00,-1.234857551112211738e+00,-3.349610309518158857e+00,-1.290045354432747704e+00
-1.368091826823990331e+00,2.239161854268070684e+00,-1.654212895211623291e+00,1.653228852231316104e+00,2.941349541529539202e+00,-1.192100076343570958e+00,-4.851309497970759388e-01,1.739256049263451231e-01,1.086662993626739349e+00,-8.425069513043083047e-01
-1.280934886166998909e+00,2.234777887858641954e+00,2.104072032241409040e+00,1.989475063555206980e+00,-2.236345197370068316e+00,3.976587355724912953e+00,1.663778886935892487e+00,-3.085684892901685572e-01,-2.619469213751433045e+00,-5.897273068508271932e-01
2.655355634637169615e+00,-2.869287484164637192e+00,-1.622243667064635630e-01,1.527247645011296839e+00,3.451397314230054469e+00,8.160423279604411828e-01,1.751155595767065698e+00,-2.654086462492806220e-01,1.887841379764638061e+00,3.719692518523228131e+00
-1.327697485218693796e+00,2.146234970480856319e+00,-2.066549033730768148e+00,2.456584567670500263e+00,3.223007851209018781e+00,-3.746564365577900180e+00,-1.949551124311973860e+00,2.016570981221172509e+00,8.824715616688336706e-01,-7.253428626279421199e-01
2.190595280731020722e+00,-1.095159288161113409e+00,-4.307487210853080839e+00,7.494686607008276269e-01,2.980759023296351895e+00,2.516803697790473748e+00,-2.887323170845534470e+00,1.143568326206532149e-01,5.987481170404088893e+00,3.385129799944895268e+00
1.084369689399462322e+00,-2.516225877654922893e+00,-4.270958600789211523e+00,2.314834646128840490e+00,3.249159551740827823e+00,-2.763806500703511304e+00,-3.374431728956777565e+00,3.271669079363396904e+00,7.407879567539268351e+00,2.457071237956987453e+00
1.136514286776168836e+00,-2.599380087465282152e+00,-2.651095497286542813e+00,-1.884839487759989662e+00,2.575592313430426827e+00,1.646823930456767782e-01,3.519685065043329786e-01,-4.085416148351290744e-01,3.591143804070254131e+00,2.369614563433485088e+00
1.030204818238577236e+00,1.650673776341546883e-01,-3.991803349712137905e+00,2.255283120186419410e+00,2.503636577829229104e+00,8.796997388994080014e-01,-1.626466926103506738e+00,-2.121289347053325614e-01,4.107318699370807735e+00,2.051549605606759918e+00
-1.404658478816030565e+00,2.335959161702391818e+00,8.951280438401673090e-01,-1.079044572752498432e+00,-1.965073066335109475e+00,-1.491937129363570147e+00,8.133575535564929737e-01,3.256924964392730715e+00,-1.951553312820270225e+00,-9.430656815254493397e-01
1.313284615799321875e+00,-3.035841656994721305e+00,1.027199413596263877e+00,3.078760064188719170e+00,2.103175098638162765e+00,9.856862083726853907e-01,3.307446522318065796e+00,7.861104360757478204e-01,5.098532417120895666e-01,2.608021311281724763e+00
1.237212659893439426e+00,-2.391500779296665602e+00,-4.176673355085891437e+00,7.291954095717931850e-01,3.113451615203227885e+00,1.059548892117915808e-01,-3.137575472451676450e+00,-3.280564226588583043e+00,6.197113346535715550e+00,2.084822962406423397e+00
9.856184665942437917e-01,-4.039531399967826175e-01,-2.944854790833325353e+00,-1.627183269154088840e-01,5.119462227251015740e+00,-1.415058836662362651e+00,3.003168964618865289e-01,1.799032785748440944e+00,3.890907941078787236e+00,2.116543867074783147e+00
1.098008368341397922e+00,-3.463174049545044930e+00,-1.909072479988331295e-01,8.095647998974087045e-02,2.968741303533041886e+00,-3.668722142505242978e-02,1.998799571565816002e+00,1.095523652494803102e+00,1.954543705306213575e+00,2.290057538004511617e+00
6.565753955633667482e-01,1.972707485897702284e-01,-1.975560810791497257e+00,-2.833947567818721147e+00,3.187268168391711232e+00,-1.073390879424052313e+00,7.110855394792015005e-01,-1.874195070542392871e+00,2.630035468990834069e+00,1.492139126867203291e+00
-8.963571702543924324e-01,1.619927444474136280e+00,-4.185745948432090247e-01,-1.364703203850202939e+00,2.040171041465996371e+00,-9.420700850317242914e-01,9.369730829769364888e-01,-1.995296142861406885e+00,-2.718115444409363590e-03,1.852483018782336566e-01
-1.118088906423454709e+00,1.893431578031681717e+00,1.222997302322569535e+00,-3.195760381825956120e+00,-2.295351305233805927e+00,2.291400515303130270e+00,2.664647248000232338e+00,-2.202141066390221891e+00,-2.972890025351816679e+00,-3.300815157166968050e-01
-1.560165507812793617e+00,3.400317720943790256e+00,3.957351255052438344e+00,-2.362686153081616780e-01,-2.483878710529564771e+00,2.299316999980299592e+00,3.482386941467398245e+00,-7.243423871284084825e-01,-4.159151516100626722e+00,-1.534810376831863499e+00
1.193564575179253184e+00,-3.818236599565887346e-01,-3.922233428233998342e+00,-3.208388550927665950e+00,2.759325957354147096e+00,1.829161010852701774e-01,-1.349615211905143664e+00,-2.784544325962067468e+00,4.363777738362606406e+00,2.345657520714406807e+00
-7.253312469877029045e-01,1.569544092723965001e+00,-1.036174484340209312e-01,3.288495739576457133e+00,-7.962455832666248678e-01,-4.082168715165400918e+00,1.481136575088894958e+00,3.448447242549381286e+00,-9.297004215601613053e-01,5.011205638052879108e-01
1.339152881382429161e+00,1.858111295520288309e-01,6.537400425832891049e-01,-1.875577608407001495e+00,1.862667812503401077e+00,1.444881081804014755e+00,2.717343782493159665e+00,-1.035668366809550545e+00,2.507761018764395056e-01,2.173542029747839166e+00
-1.553715731597087535e+00,3.355773460789884588e+00,3.568166544007773666e+00,1.320469160326225300e-01,-1.873402743686408911e+00,-6.746594739872949775e-01,6.082337942507756168e-01,-7.128847095679593515e-01,-1.645686652252629667e+00,-1.514330300802174234e+00
1.392264048667467335e+00,-1.742185270856685841e+00,-3.280584837616411065e+00,-1.141872246184650663e+00,4.774199208953239015e+00,2.392724677564991298e-01,-3.767846900983196079e-02,-1.536428524744757773e+00,7.256186563604622108e+00,2.609426967958398791e+00
-1.095006705588038587e+00,1.906198962200712721e+00,1.628978407691090258e+00,2.138279962069873363e-01,-2.144614231844078400e+00,3.264251763762380243e+00,2.057227327000680894e+00,-7.947456788565858687e-01,-2.515765259219060024e+00,-3.738150040592219114e-01
-1.559234084879211002e+00,3.391486804845634140e+00,2.477957143415757457e+00,3.126891161840741340e+00,-1.964135741221551434e+00,-1.794272564868070463e-01,6.662958947645662988e-01,1.212111258899174260e+00,-2.096940951735193348e+00,-1.529586109895376245e+00
1.237949868493672057e+00,-3.032084185193927972e+00,-3.965246141617019493e+00,2.384069312896140325e+00,3.504930012514843263e+00,4.846483278739406320e-01,-1.303818737624964808e+00,-1.591548085654204803e+00,7.715087504906813720e+00,2.569327371506878954e+00
1.308787613418516793e+00,-3.364149846833934809e+00,-2.645287797097728433e-02,-2.953077095144367448e-01,2.473228954294339310e+00,-2.350287672755273505e+00,1.889629518499333471e+00,2.755067969743902445e+00,1.021151997844677917e+00,2.220233343714951069e+00
-1.506892441006038252e+00,2.998127479489469671e+00,-2.870446979029894763e-02,7.655411656282895549e-02,3.036025181664466999e+00,-4.437951196796442233e+00,-1.149555115452910226e+00,2.480282984227268450e+00,6.694139785389637831e-01,-1.325289049196645363e+00
1.599883173646950763e+00,-3.950047206672073763e-01,1.397785350632916312e-01,-3.002490563262269596e+00,2.251576661487459941e+00,2.605474823053737232e-01,2.505884604811442706e+00,1.132165277964423566e+00,4.952407973634935234e-01,2.126661068601069182e+00
2.232167307752012775e+00,-8.540131529421253198e-01,-3.321124870776963167e+00,2.848946232816466306e+00,3.660289443014168143e+00,8.022123256494306798e-01,-1.492503042953847725e-01,-1.528107415024422266e+00,5.105596956170534995e+00,2.231383289425653782e+00
-1.550175077288445058e+00,3.307732230951970998e+00,-4.884732849203936023e-01,-1.586461752408031778e+00,2.256356232037694198e+00,-4.875299941638249202e+00,-9.290299525344316578e-01,3.109755728104277139e+00,1.395937979069940549e-01,-1.492199737220806455e+00
-1.278432933929941173e+00,2.077134111742557465e+00,1.223976902322662763e+00,2.134406428138356127e+00,-2.196627993234795628e+00,2.945913700320889728e+00,1.527699771769676751e+00,1.343995800430565879e+00,-2.549415021446969742e+00,-6.920850911667894012e-01
1.426282899469481391e+00,-2.278387279280040367e+00,-3.806796971611424940e+00,-1.743297834242521382e+00,3.354845468057213509e+00,-1.837044832386802273e+00,-1.014071593416825401e+00,2.457527085899981145e+00,4.533982752715303377e+00,3.044496467107364435e+00
4.448794465926343422e-01,7.654262279032879590e-01,7.573667246734534508e-01,1.624888338148085865e+00,3.552220614622098260e+00,-2.650492452999421822e+00,1.544552771920780998e+00,1.998876871599049032e+00,1.089492993454921788e+00,1.546734688820919912e+00
1.153025499328299341e+00,-1.641768904116895467e+00,-4.201277717815244728e+00,2.368592143468000621e+00,3.454399922252478827e+00,-1.854605552718805672e+00,-2.660249081337645372e+00,3.012911678151969141e+00,6.073825505041635431e+00,2.612201761314538295e+00
9.025256629723742430e-01,1.423330157869249213e-01,-3.965823482468457506e+00,-1.238714729420205884e+00,4.364956908778677480e+00,1.119344109811118315e+00,-1.437156017656901152e+00,-3.249147565697133810e+00,4.752112818481966094e+00,2.239318516422287075e+00
1.634448189136386675e+00,-3.120138759459868183e+00,-2.383364455841812557e+00,-2.095261870876458765e+00,2.629388776612163525e+00,-1.884047082745623491e+00,5.394728163512025887e-01,3.290133908293994658e+00,3.310344107964392713e+00,3.214148989159385295e+00
-2.891907137767052438e-02,9.439902079193238649e-01,4.628462940875879283e-01,-3.056400829181414647e+00,2.832680816277856728e+00,-2.046139764461116783e-01,1.255351684498631215e+00,-1.612955658858981067e+00,8.542136576494364641e-01,1.017799324255013405e+00
1.098096450064446561e+00,1.479351224192058112e-01,-4.146328637727598299e+00,-1.706792762787650020e+00,4.448036101108894691e+00,1.059626867897207614e-01,-2.418467548820815161e+00,5.820378256511906656e-01,5.567818687978315140e+00,2.157236078265567514e+00
1.004003560051970112e+00,2.143878803999603733e-01,-1.379789195664640755e-01,-2.855035792940948447e+00,2.951177518785067733e+00,-2.657449692641172589e+00,1.805647540800201512e+00,2.215620302138457731e+00,1.549233388209198203e+00,1.662937841379925841e+00
1.565386983391662934e+00,-1.326958541244758649e+00,-4.128053080974761535e+00,-1.589602484734666810e-01,3.252668801426992662e+00,-1.138817490994705528e+00,-2.138007550938346935e+00,1.305940411546762547e+00,6.374925741717196281e+00,2.434935301680408060e+00
-5.521429366070409461e-01,1.140165185228127598e+00,2.422698545816965032e-01,1.560432036913349307e+00,1.054243064474246427e+00,-2.773112132982238798e+00,2.683355388326943647e+00,1.725396128552104891e+00,-4.815664738460678773e-01,7.615199937956571574e-01
1.159439693618745437e+00,-1.414758335868707029e+00,-3.346767020386289815e+00,1.584771663905620187e+00,4.294410715018457836e+00,2.477823343528475331e+00,-5.466540701484112752e-01,-2.340620024719731518e+00,4.074856755010768161e+00,2.650256773739047222e+00
1.484513474663372579e+00,-1.549257745917743456e+00,-3.191133825532299184e+00,1.318951819245246071e+00,4.399408304922448387e+00,-2.602689136494730771e-01,-1.212611763132893650e-01,3.107959357598701899e-01,3.565581212486153007e+00,2.525881166941259970e+00
-1.477820079794567754e+00,2.755053883658275637e+00,-6.741777464697759070e-01,2.808121043236463166e+00,2.309943896900029436e+00,-1.635393245871082479e+00,-1.220587466516268371e+00,-1.156663198219470168e+00,5.445615987153072934e-01,-1.231956685117257422e+00
4.642695295268940425e-01,9.821201085608644021e-01,-3.979634619256835038e+00,-1.596614521856107416e+00,3.081009786464812716e+00,-9.056796631417309840e-01,-2.235702427159917072e+00,-3.018734466109335379e+00,4.816892827850378644e+00,1.350883248478855769e+00
3.457694577292929061e-01,3.096501662175237257e-01,-4.027883230832296491e+00,6.549499806854495176e-01,2.828436236765492495e+00,-9.873547891168216184e-01,-3.273981660183796549e+00,-1.249900384773452888e+00,4.942048462100775197e+00,1.370217577391884323e+00
1.497967012296844924e+00,-1.122505360908097050e+00,7.607578297986722360e-01,1.697675647180815872e+00,2.498923933418979892e+00,-3.638319387020469975e-01,3.232368524816648048e+00,-3.984044238725439335e-01,1.002020791339260697e+00,2.242535343413230464e+00
8.913501541681363438e-01,-2.856582865246890535e-01,-3.990036509349044636e+00,-1.041922971736703118e+00,2.646957069542480223e+00,-3.119830092760309537e+00,-1.443396304880606440e+00,3.221770250022527371e+00,4.662697087789728023e+00,2.244308754216189694e+00
1.820988010734083895e+00,-2.769053776564720071e+00,-2.520631480242392364e+00,-2.429307484166760567e-01,3.184255354514912817e+00,9.731781612578367380e-01,5.320530811685575401e-01,-5.812332331598670798e-01,4.462567145512720046e+00,3.662197172799636302e+00
1.370241215509034660e+00,-8.251293126435128578e-01,-3.558320142484413751e+00,9.264695859226108610e-01,3.877475716894428714e+00,-1.634731369261393175e+00,-8.141080162714127155e-01,1.947988567230665602e+00,4.240545283628208040e+00,1.900720892422290476e+00
-1.153384455513515316e+00,1.952221784303501018e+00,8.050370348706303858e-01,3.228351946708762021e+00,-2.222321800188000740e+00,2.069497237860977723e+00,2.271210364034190299e+00,-1.227936281347932201e+00,-2.623288844413303789e+00,-3.472564508323741084e-01
-1.273483511077814212e+00,2.303128392994831408e+00,-1.687246928255075495e+00,2.626028569321309014e+00,4.415931200210223118e+00,-1.057133615032991525e+00,-9.011171044845958100e-01,-3.002557550036436762e+00,5.683879636491329101e-01,-7.825687747398692995e-01
2.336182296137802261e+00,-1.687784192587094667e+00,-3.381622152211923193e+00,1.061377197647879633e+00,3.371527016413919942e+00,1.169607317711651717e+00,-2.098171990832122802e-01,-6.181850916268309959e-01,4.249608109713521209e+00,2.957190298480129265e+00
-1.057580612981847468e+00,1.789410024102711105e+00,6.372112681212291907e-01,1.741950488157288923e-01,-2.230864586275912220e+00,-3.699991137716790446e-01,2.986609787384179704e+00,3.234013280377785904e+00,-2.668080312420579858e+00,-1.606757548892381593e-01
-1.719841427256791344e-01,1.236639357214351698e+00,-3.530118874149888786e+00,-2.064196105820402583e+00,3.910409238069612936e+00,-1.877261375329200233e+00,-1.034742991629755693e+00,5.755530923606340110e-01,4.556737743077909464e+00,1.027230279442761463e+00
-1.323977685957483441e+00,2.214436483697436842e+00,-1.936274102401695174e+00,6.256052000812850622e-01,2.546264596096354804e+00,-3.002375734012778796e+00,-3.058195992513914607e+00,1.046686612074376299e+00,1.302690591107975360e+00,-7.147279911111961148e-01
-2.874643208745751577e-02,5.607377719825814566e-01,-3.861476729900975569e-01,-2.278429085843503010e-01,3.284711225553882841e+00,-4.234404496355414160e+00,1.757280682395912841e+00,3.331050784560262379e+00,9.693052851988019913e-01,1.152596984928218271e+00
7.971675680879585224e-01,8.145466187818035664e-01,-1.390181398181875583e+00,1.720128286124579908e+00,2.869752542393105177e+00,-8.767074718777413400e-01,7.257162204083202894e-01,-3.265797307308435204e+00,2.587978156376990135e+00,1.571412094615520338e+00
9.772773204142897185e-01,2.861478481861565726e-01,-3.749098358975339718e+00,1.666247317542156381e+00,2.694775460953326984e+00,-1.710139942895415377e+00,-1.070220409355906899e+00,1.944971318629967527e+00,4.843202450024672423e+00,2.021801495685436656e+00
1.780784254038603187e-03,1.145825467465954262e+00,-3.013893405802550163e+00,3.416297350777038666e+00,2.686889713237390787e+00,-2.923804858582031763e+00,1.621559901109224100e-01,2.010797353377881791e+00,2.106864304051178749e+00,1.159787757259748364e+00
-1.561859251773429769e+00,3.424110120764391141e+00,5.210929350595793430e+00,-2.709008397780694466e+00,-2.433752651565300962e+00,2.271598867374313269e+00,2.016146125309340675e+00,-2.070311055871192352e-01,-3.750349588916935595e+00,-1.542372237757902109e+00
-4.059257927729054138e-01,1.289386533256218215e+00,-3.753674794834061412e+00,2.190367169358536259e+00,3.210644248239120202e+00,-6.362144214724918534e-01,-2.309146331403474139e+00,-3.168552865880469138e+00,3.019261323799422581e+00,8.997798499505329506e-01
1.219026171855499774e+00,-2.911985998422117028e+00,-3.914792038232629334e+00,-2.457254578977247306e+00,3.762094056648904949e+00,3.695497766664624373e-01,-1.146921159871380880e+00,-2.699798041437454721e+00,5.235082101170853264e+00,2.501490506307158856e+00
1.298001494780955722e+00,-2.368078707436619190e+00,-1.922264148163371988e+00,2.045114592528940456e+00,2.844744469750863480e+00,4.522522744304581788e-01,6.319133572409105781e-01,-5.837213452003711112e-01,3.743888237975804945e+00,2.980610069962703612e+00
-9.613357404358027214e-01,1.745911813487001751e+00,4.430537733573216563e-01,2.687829085522122519e+00,-2.134019227848999112e+00,2.502927667896169162e+00,2.485611725948497330e+00,-2.431287144209617335e+00,-2.452443620240317923e+00,1.229538676789470597e-01
-1.526032183867164438e+00,3.140084438610465156e+00,1.523909963804791268e+00,5.274372251018624169e-01,-1.684265516266011620e+00,-4.903114077595392972e-01,4.439107169043454704e-01,-3.153374380160222756e+00,-1.465298078164456008e+00,-1.390548755589694041e+00
-1.232354515385551297e+00,2.109125391126410065e+00,-2.766536835921874715e+00,3.403097248876226111e+00,3.233581343650016038e+00,-1.805021216120525462e+00,-2.952683133887527234e+00,-1.092401337370530801e+00,2.019641036717764848e+00,-5.596979831411532658e-01
-1.504018889188378560e+00,3.007390614846277010e+00,1.617901018579384509e+00,3.497999702568712621e+00,-1.264551164439528863e+00,-1.290918228609857721e+00,3.417766811939548788e-01,-1.777986170336339100e+00,-1.032522157122938822e+00,-1.330641381117112276e+00
1.529415364604657657e-01,5.740700512041616577e-01,-3.575307296498912546e+00,-1.522240772327696945e+00,3.279627318121907553e+00,-3.778488538383819595e+00,-1.491111952396437346e+00,2.545065563314525825e+00,4.616243789332144409e+00,1.308759497684274242e+00
1.147242146361428627e+00,-1.865304732142572419e+00,-4.153069042313139114e+00,1.516702568546870467e-01,3.507782888184777903e+00,1.879956061670589040e-01,-2.123611297382520746e+00,5.329711799965295427e-01,5.743873731275867200e+00,2.738535863559548922e+00
-1.528471578874975645e+00,3.193629237512699781e+00,5.836572286189309899e-01,2.472677130382480826e+00,1.905951989141091429e+00,-2.476611229678764126e+00,-1.365282086756755220e+00,6.016955275203077491e-01,2.405099112951977480e-01,-1.439023521453262289e+00
1.112239024734282378e+00,-8.482390458367587982e-01,3.666287672704875156e-02,2.409079383991675094e+00,1.955269263142263902e+00,-4.052124671135022282e-01,2.959995732662101808e+00,4.420753887509754065e-01,3.706893782781703894e-01,1.849759628563767855e+00
8.745056636133811123e-01,-1.894125637482742430e+00,-3.774304585348740471e+00,1.436851328342621414e+00,3.456615635373415429e+00,-6.694990330734437722e-02,-1.095542641989850630e+00,-3.149735193441657977e+00,5.780507915904481209e+00,2.161658167053250867e+00
1.727375964166249389e+00,-3.039677271047259044e+00,-3.956906841876473457e+00,-3.379779234550456479e+00,3.159310432126908097e+00,1.136557422713134979e+00,-1.022282456644541426e+00,-2.381492221960509248e+00,5.062296374915476349e+00,3.102130985833801979e+00
-1.565483654677283010e+00,3.452721886224495051e+00,3.635555924915892412e+00,1.399624215953434003e+00,-2.473374137154748187e+00,3.473836725215485366e+00,2.888088349716946723e+00,-1.142176939085456144e+00,-4.055225799413273435e+00,-1.555226497350485682e+00
1.074041997621890454e+00,-1.353871366946902910e+00,-4.108884835252498924e+00,1.679381989486655513e+00,2.979163132226003263e+00,2.719673621327913793e-01,-2.160500234197720193e+00,-2.975956744063425585e+00,4.995684804503168763e+00,2.204136542704882906e+00
1.795949988171316125e+00,-4.964304384351483357e-01,-3.416547150136560074e+00,-1.451419322619787344e+00,3.468681030175345459e+00,5.248100121138343788e-01,-2.694968438492355567e-01,-1.395731092980786237e+00,5.894154936911592202e+00,2.148290302625800230e+00
-1.502228404706895226e+00,3.059222113855849301e+00,3.298916342179408767e-01,-8.186063654267727863e-01,-1.279101534889153013e+00,5.377730721431417393e-02,4.294914291099303227e-01,-3.150132747418738166e+00,-1.124670754899758318e+00,-1.359109613924696314e+00
1.139587599106553606e+00,-3.029800821379420750e+00,-3.525286938065366193e+00,2.779442878621967594e+00,2.777108645828271882e+00,6.125156397660000973e-01,-3.691301505776225511e-01,-1.914644084149204728e+00,5.909366490165773200e+00,2.303002131072271474e+00
3.513563691028313563e-01,6.780999036665980029e-01,1.469346297600792495e+00,2.052421554635850853e+00,1.269227894568027093e+00,-1.369468099054027332e+00,2.928892423431371128e+00,5.323055469159294617e-01,-2.931333632682578960e-01,1.555850243772754160e+00
1.555489891714438411e+00,-2.956520510436642546e+00,-3.632807782318067780e+00,-3.358974403033810230e+00,3.692657987849083945e+00,1.492558264743637508e+00,-7.108703933074109749e-01,-3.407299398784317646e+00,4.860062703601101042e+00,2.098128616518284861e+00
-1.063129251033907208e+00,1.845900188207358461e+00,-3.123057647167140072e+00,-2.001585553234675796e+00,2.531069074052350487e+00,-1.127734957515717840e+00,-3.211962034058840842e+00,4.004984947329623957e-01,1.410638459049429416e+00,-3.143973061760917398e-01
9.796489568689328298e-01,-1.254393631915857732e+00,-4.020827227483994015e+00,-8.908994404011654211e-01,3.878884771126610342e+00,-1.067353633816980896e-02,-1.883749778470592773e+00,-3.301357058102627029e+00,4.866081142981106389e+00,1.954777880901754639e+00
-1.544293001122667208e+00,3.270632386871579200e+00,-7.051867850300164164e-01,-3.217048352935775846e+00,2.606153897502925698e+00,-1.003875636655030990e+00,-2.950031165816547674e+00,-2.284544013877955582e+00,8.679043269878270461e-01,-1.464753537570074871e+00
-1.500014274113992796e+00,2.976080709856674389e+00,3.533634901440847464e+00,3.000275379912055840e+00,-2.325205243953444967e+00,2.364432330861180542e+00,1.587664290758653785e+00,-1.269332907303258207e+00,-3.187122058863225860e+00,-1.323394226782662386e+00
-1.337627793406006127e+00,2.274988433364315554e+00,-1.683847051910617454e+00,1.740742226176067220e+00,3.523443071518504333e+00,-4.052376903767249683e-01,-2.338272563828153849e+00,-1.200351131146935479e+00,2.452775893268371199e+00,-8.864911457940655160e-01
1.537792405767175019e+00,-2.231704405841644867e+00,-3.807092160418128479e+00,-2.500681888856518320e+00,3.957430313370682740e+00,1.799952523563244977e+00,-8.342437071594930309e-01,4.681707638173815411e-02,4.289780668283525777e+00,3.104794788307582376e+00
1.479157696306999004e+00,-1.026844888091628771e+00,-2.678294384543927764e-01,-2.184821909270144857e-01,5.086189999039121723e+00,-9.082323249757882078e-01,1.944122526791531413e+00,1.440183524745649812e+00,1.626496254818667664e+00,2.321185121443511967e+00
8.831615751224962674e-01,-3.453184380667578157e+00,-4.040001356383427833e+00,3.189658472333237960e+00,3.616201946876725692e+00,-5.633825392453588599e-01,-2.032124704933472081e+00,1.362905839167508404e+00,7.728025410459350653e+00,2.188976391852262449e+00
-1.399394274542256511e+00,2.497721605439185311e+00,4.280710017018775737e+00,-1.383184144853630393e+00,-2.436561274953075173e+00,-1.077184011083558435e-01,3.446235625113591716e+00,3.127452803331856046e+00,-3.754766277428916332e+00,-1.029357699494399814e+00
1.348155975258784611e+00,-1.237219595751194667e+00,-3.845820171366296059e+00,-2.981102183237768877e+00,5.248737715060723730e+00,8.574998345034641201e-01,-1.097472436381163874e+00,-2.044742794873599223e+00,4.101437760182619741e+00,2.699458989418523913e+00
1.151517534427754175e+00,-1.807349301509220130e+00,-2.898302151030913265e+00,1.462123860898203453e+00,2.969288293157029024e+00,7.402337119117680109e-01,2.483273685256324192e-01,-2.180755668755510523e+00,3.426849474180536426e+00,1.991576777963565359e+00
8.394647612570432793e-01,-2.536273078565276506e-02,2.168758429883744787e-01,-3.177613794313153051e+00,2.862337022866040748e+00,-1.532011599923868372e+00,2.429178145587905568e+00,6.253068462750359657e-01,7.969926066855752556e-01,1.481560620347537549e+00
9.668378797024286264e-01,-1.259447156001076262e+00,7.479648757188109842e-01,-1.015385892747966867e+00,2.250220518697718664e+00,8.727948401959947367e-01,2.764125281446090376e+00,-9.773146110896813177e-01,6.265267934724580989e-01,2.088009419350226104e+00
6.903511210930154407e-01,-1.350576848353077786e+00,2.212091298565217468e-01,2.500483717797667538e+00,2.784616206222308321e+00,-7.177791636360286720e-01,1.614156089410917261e+00,-1.017712053039953268e+00,2.146337290417883459e+00,1.876422669101016627e+00
-1.475165560731894532e+00,2.829790025180535906e+00,-1.174478317448955922e+00,-2.377197431197508593e+00,2.834001674613820576e+00,-2.549900601279007084e+00,-2.084104807074954380e+00,8.189030459172563781e-02,1.011999188722190635e+00,-1.200639569178126642e+00
-4.508128940270458851e-01,1.046587774824571326e+00,-2.180490960560223623e+00,-1.798984067115495966e+00,2.908847861600040385e+00,-1.216322588126558468e+00,3.499184060470881263e-01,-1.392893111515755677e+00,3.820949632970740417e+00,7.632459926528744054e-01
-1.428078639765786972e+00,2.660523105318734594e+00,-6.481791592887149456e-01,2.643389494046784804e+00,2.802556821275882015e+00,-8.053423557116596854e-01,-1.573447977196439584e+00,-8.739571423576184550e-01,4.210276739353470132e-01,-1.140368619202664746e+00
-1.541247941796080045e+00,3.261716423833624035e+00,4.349140271607256025e+00,-1.302662442503870199e+00,-2.475868650180649055e+00,2.544377363377292589e-01,3.235708044391540916e+00,3.268370411724359492e+00,-4.073228327686089223e+00,-1.479401690479376752e+00
1.542863114509905431e+00,-3.261457184984245750e+00,-3.952162321436729631e+00,9.722859311260449999e-01,3.715479376084243057e+00,7.217603567640773488e-01,-9.669231472166117669e-01,-3.410029219089132368e+00,4.546197619187205774e+00,3.426984525908667756e+00
1.241331917263941875e+00,-1.915377048499274260e+00,-4.157921838150924643e+00,-3.366007619026640807e+00,3.816526863248297818e+00,1.393141208339771620e+00,-2.124827664377453296e+00,-3.094476338396022097e+00,5.218721765564105830e+00,3.021238590845351624e+00
1.297419945867323454e+00,-2.455470438998291538e+00,-3.880653829924202824e+00,-3.122314937719480099e+00,3.215254153779105728e+00,1.290503879700801715e-01,-1.354290874632977371e+00,1.453876186329982723e+00,5.083851363662699185e+00,2.565511876062770202e+00
-1.542976606744137502e+00,3.290856498623002224e+00,4.488474577623157380e+00,-1.649903512244121018e+00,-2.450867327997928946e+00,3.194827882444505551e+00,2.595603371064029830e+00,-3.980893626546393449e-01,-3.905138747804815402e+00,-1.490343841982991302e+00
9.229418445388728465e-01,7.562920959501404639e-01,6.836748133316310483e-01,3.458106367487242316e+00,1.689707632988855845e+00,-6.221250589246510865e-01,2.242240076667844306e+00,-7.089227183406858757e-01,-8.831071963548747794e-02,1.746220086785140069e+00
-1.320581643718536036e+00,2.345637888981507047e+00,-1.986894450503283505e+00,1.620518396579474718e+00,2.464807313498535102e+00,-4.941340698165860523e+00,-3.023211269137337176e+00,2.869974602843385902e+00,2.015498728487045366e+00,-7.988381719755233146e-01
-1.508223833036881123e+00,2.987430752414434565e+00,4.598465859392814048e-01,-1.327277355724462815e+00,-4.297612009682479361e-01,-2.328255629800505044e+00,2.877135298570827615e-01,1.589165717057851701e+00,-7.957040819770170303e-01,-1.321612245888098114e+00
-1.241320414709220721e+00,1.976241410338666959e+00,1.946355555132331272e+00,1.635028198549187017e+00,-2.296317147357515243e+00,2.910739435495048433e+00,2.846479912694632297e+00,-1.343666389199532407e+00,-2.892526865116497703e+00,-5.243416169699707252e-01
1.396863759122095372e+00,-1.386615902307517523e-01,-3.497606443141686672e+00,1.084109136753586000e+00,3.905244254402780335e+00,-4.256417580893704922e-01,-6.982169437693208636e-01,-1.380924967011565307e+00,4.760288628882038964e+00,2.124417297392352744e+00
-1.156068943238106828e+00,1.998513661399490715e+00,-1.765197691183133299e+00,2.991624945650228184e+00,3.273654865664477942e+00,-1.619549329145556271e+00,5.703135779819357154e-02,-1.940113870243524552e+00,2.171753226458917219e+00,-4.327253385360857463e-01
1.794607228857399095e+00,-3.384670619432696093e+00,-4.106404408307693821e+00,-4.645654960967426916e-01,3.856553737085265610e+00,3.572465586102104851e-01,-1.741153926591264778e+00,-3.878870972348544832e-01,4.644963050613929667e+00,2.978605588407532867e+00
1.331450006820984022e+00,-2.032187793652631580e+00,-4.022520156856482565e+00,-4.604391924345634379e-01,5.217590425152993205e+00,-2.914967725635737139e+00,-1.635648415782392728e+00,3.275029461414777465e+00,6.384316253724172441e+00,2.224308680437665497e+00
1.072163222486801626e+00,-1.130970866186363111e+00,-3.670609569978445563e+00,-1.978330081998373569e+00,2.682702038012186208e+00,9.690878289701578829e-01,-4.384657145413966006e-01,-5.626511971000831558e-01,4.960960661313715825e+00,2.308107674829142475e+00
1.095656589906760292e+00,-1.145237769270564865e+00,-3.962475463868712300e+00,-1.944695656724844568e+00,3.564538834384749055e+00,-2.453484802067898762e+00,-1.382919858411631786e+00,3.003875804534670735e+00,7.444425721858937806e+00,2.671955725143125626e+00
1.644359290385408956e+00,-1.849001062805041062e+00,1.750895429838198236e+00,-1.396275636832241762e+00,2.133906136031763712e+00,-2.056249507389730447e+00,3.478850156070291355e+00,3.048760174491334851e+00,1.590676688544430117e-01,2.947100361378945266e+00
1.035826162580846921e+00,-5.427345316066007896e-01,-4.119421684849122300e+00,2.767474713498080163e+00,2.833828236800664424e+00,-1.243139981234466784e+00,-2.513222094906167214e+00,1.823057260182739725e+00,4.475178291143913967e+00,2.198574944829624123e+00
1.001751005273120665e+00,-4.435081110677949745e-01,-3.922811888557000692e+00,-2.866343591958985471e+00,2.955864557758042910e+00,-2.216883606043763555e-01,-1.375138569255388354e+00,-9.082677398121350443e-01,6.669301006799248199e+00,2.082890060035226032e+00
-5.594750306536292461e-01,1.313876583442913137e+00,-3.865611260522397341e+00,-3.309432960798288637e+00,4.221735880704695631e+00,-9.787477486842505181e-01,-3.028793522232534841e+00,-3.424145754962423460e+00,5.108195979151016530e+00,6.242196186545594383e-01
4.624924106277975566e-01,-1.933633284985791789e-02,-3.852808491052047479e+00,-2.984319176474262925e+00,3.250509659953509711e+00,-7.269873363556433876e-01,-1.835648416286362217e+00,-2.095025694169005526e+00,4.798552316531284667e+00,1.677450095975005606e+00
-9.332140187009215770e-01,1.550981810112995518e+00,1.320768055652012940e-01,-1.016091759033129982e+00,-1.307529246640101173e+00,-7.250733868089916934e-01,1.686979110860958642e+00,-1.814639988889125144e+00,-1.130055406797090711e+00,1.970702960325977915e-01
2.373612615365410683e+00,-2.955218380554369695e+00,-3.237974606403316025e-01,3.087638261466722156e+00,2.573518297438071034e+00,3.381412740103842962e-01,1.668553226961642544e+00,1.011310791536906173e+00,1.151453764968328741e+00,3.193751157955772690e+00
1.498394491365704129e+00,-1.232258667789509765e-01,-2.496562844243186419e+00,2.502622379349416448e+00,2.958626956032363697e+00,-2.720166522268665510e-01,5.794450878629309187e-01,-4.223567168822373041e-01,3.108174031235771739e+00,2.423555544440539222e+00
1.342255057577545374e+00,-2.923962529254255482e+00,-2.772469056522737674e+00,1.102210741375460934e+00,4.103436431316229260e+00,-1.203449226741978295e-01,3.664039255067370604e-01,1.230472963164965350e+00,4.074042064607088953e+00,2.859424018213283070e+00
-1.542903678111415378e+00,3.235737046618886836e+00,-3.259186702348149112e-02,3.561161151540095382e-01,2.444048432207616361e+00,-3.620675568522477850e+00,-2.739842537095349417e+00,1.648610671058960975e+00,8.015226764666224524e-01,-1.467439355329694495e+00
1.180674189396298868e+00,-1.486907176386536023e+00,-3.325302850972230218e+00,-2.001748689659685887e+00,3.076588170955031121e+00,8.012634545700825228e-02,-3.348685176468313429e-02,-2.209089519106103072e+00,5.124916998998889639e+00,2.278160559869120583e+00
4.593450799137765994e-01,-2.920465634226188101e-02,3.058688021630043830e-01,9.847884851275123808e-02,3.999454988734402416e+00,-9.094881587508638621e-01,1.580895147789505017e+00,-5.449413099129336580e-01,5.173696113314628642e-01,1.592079633809777350e+00
7.474631506846097784e-01,-1.559776061676034109e+00,-3.841181473033060012e+00,1.506676562894827320e+00,2.746610598511609602e+00,-8.719429807246621422e-01,-1.414080571849964496e+00,9.871677508495402265e-01,5.012580486709063976e+00,1.966866622853414182e+00
7.273857592934198646e-01,4.108532754097340423e-01,-3.930959001009548981e+00,3.381057495316975192e+00,3.126428097547392149e+00,-4.897513644868720650e-01,-1.979374664877848300e+00,-3.251251072092815608e+00,4.011005497305474066e+00,1.589052638714577803e+00
-1.206313003159996677e+00,2.014433136982628270e+00,-2.565246693694425595e+00,-3.168234169072070561e+00,3.894160917719767134e+00,-1.534281276093498292e+00,-1.151387214563125649e+00,-3.285763790495421777e+00,2.380976085848341306e+00,-4.887764949568192963e-01
6.126572154625807842e-01,1.895622658059021859e-01,-1.032288597821908738e+00,-3.278017523423883972e-01,2.535634265198558168e+00,-3.560807231456861732e+00,8.528519963627791967e-01,2.547216388974522516e+00,1.284591478143085608e+00,1.437650793007526184e+00
-8.955092838511495845e-01,1.611347044865653722e+00,-3.620372032910877280e+00,2.988710848867387249e+00,2.749444919246235131e+00,-4.680948583359101356e+00,-3.333200771261489948e+00,2.880131418731634696e+00,2.698151638593071056e+00,2.657016118936180726e-01
-2.807642998504674692e-01,1.443815764778999089e+00,-3.901591624138016190e+00,-1.680772471965035209e-01,3.775984169673622048e+00,-2.331490952837256270e+00,-2.652044814265874795e+00,9.012692767577688002e-01,2.632163234740187541e+00,9.056885251694191119e-01
-5.353044033194803708e-02,1.006645767937997427e+00,-3.882368692115453435e+00,-1.831739782429542274e-01,4.103377190578346045e+00,-5.014096040169695456e-01,-2.065027502236288282e+00,-7.264969572026171996e-01,3.948361364538447660e+00,1.023773757323864775e+00
-1.348310252714713275e+00,2.363187338902307921e+00,1.697143982243284777e+00,2.297774119057662823e-01,-2.372795402277614318e+00,2.510771658306322429e+00,2.570892762823260291e+00,-6.813785287186773232e-01,-3.349949827438492456e+00,-8.220830863356274332e-01
1.396832219604566827e+00,-1.490266500980385267e+00,7.027815824722298821e-01,-2.789615701069836362e-01,2.233784218539195177e+00,5.223225690938764210e-01,3.112201783775465636e+00,7.464744429112135649e-01,6.621341721194827779e-01,2.891534291684784819e+00
-1.517509429399887644e+00,3.016920815120080590e+00,1.581978669658559822e+00,-7.875322297660929394e-01,-1.639078608334456177e+00,-1.187153777313405545e+00,5.712429639562888184e-01,-5.391323322162429044e-01,-1.329801334918867539e+00,-1.363018026031491026e+00
-1.543823619536695668e+00,3.261428866526967063e+00,5.343363349158423148e+00,-7.168242992350157827e-01,-2.468247245662130496e+00,4.950591983850323174e+00,2.984907750763931666e+00,-1.471132094327543882e+00,-4.023020954326323562e+00,-1.467041334013265308e+00
-1.109185228110249000e+00,1.814879468809939667e+00,-2.614083270804461900e+00,-1.811899798299551501e+00,2.502334394250750105e+00,-3.156244463718370863e+00,-4.201204635720348080e-01,1.549018927381135668e+00,2.436784020706091347e+00,-3.309517484546821153e-01
-1.543987741322105034e+00,3.249161240257606664e+00,1.622371071059843795e+00,2.341621801579924167e+00,-1.748513361757327189e+00,-7.957495488157730890e-01,6.695338663664065493e-01,1.219695375687115835e+00,-1.762001542692707812e+00,-1.473430037353410604e+00
1.200108988258361098e+00,-2.414681875894650886e-01,-3.366319787981344458e+00,3.528049886216315656e-01,2.686372362984815965e+00,-1.851822200329504842e-01,-2.936708033997561529e-01,-2.214251151416345653e+00,4.444264800584464936e+00,2.009125700108464141e+00
-1.158674668163839572e+00,1.948198666966703740e+00,-2.751750892752646394e+00,2.358180795251415773e+00,2.511346421388759076e+00,-2.722129624319426622e+00,-2.749628201388794491e+00,5.211567161832757478e-01,1.678071759000034024e+00,-4.779138193320230932e-01
6.442320403136470031e-01,1.789244632118069944e-02,6.169599386350199666e-01,6.692780613800586309e-02,2.332116122418775195e+00,-3.141462035872751191e+00,2.124999823445087088e+00,2.478044416007192829e+00,3.717260755021812302e-01,1.779074391961208867e+00
1.437862911539585564e+00,-1.272606980001578236e+00,1.142992550521859441e+00,-1.768973693565990768e+00,3.150753618624965391e+00,-6.015983651366363372e-02,3.302429150589384577e+00,-9.351658931635009608e-01,9.557697909429646588e-01,1.952896163797649409e+00
-1.463357307774427962e+00,2.770425761908566820e+00,2.445849007945009035e-01,2.899569407853430647e+00,2.107365716533676547e+00,-1.086574836651648113e+00,-3.811864096417574288e-01,-2.318673660105141643e+00,2.703899956591415688e-01,-1.173767299971368860e+00
1.056868301702953206e+00,-2.952570128144613726e+00,-8.821550836320819489e-01,2.951662966062602145e+00,2.758439859521487847e+00,1.636104390110075801e-01,1.286644626705792938e+00,7.344931201111011276e-01,2.683083240208712805e+00,2.379107557373347781e+00
2.024305986454107753e+00,-1.646546254782784491e+00,9.837328487909406949e-01,-1.362962980140122404e+00,2.939974748677712135e+00,-1.648718601094735448e+00,1.945891042544073635e+00,2.492706347043243120e+00,2.106652363370754344e+00,2.409002466036477941e+00
1.970498795933650626e+00,-3.009041317687939365e+00,-4.279904211953696525e+00,3.439179575992025839e+00,5.093881756307315101e+00,6.804005822680933013e-01,-2.805047657318447296e+00,-2.143532500479107039e+00,7.227548102948629705e+00,3.189380428038831816e+00
-1.501743752357436623e+00,2.893774378306829043e+00,-9.397328011245975610e-02,1.255999912376712047e+00,8.830502943532145821e-01,-1.100751536770929295e+00,1.939749827609742461e-01,-1.865035215594317064e+00,-5.052392875697687691e-01,-1.301348368005951661e+00
-5.465313478114015855e-02,7.391589654385963826e-01,-3.517874113881397147e+00,-1.987982687837822393e+00,4.787213312101232354e+00,-2.122665672917758872e+00,-8.833908392470988247e-01,2.783671769382856098e-01,3.793361474460561045e+00,1.160760141898539821e+00
8.783392565236345373e-01,-3.279410181172348615e-02,1.580871222909545348e-01,1.855014038701543910e+00,2.188281996791036299e+00,-3.296116941003635614e-01,3.376551296865980767e+00,6.620317688921844024e-01,-4.164864008442356602e-02,2.151140460013852618e+00
-1.521032288670685739e+00,3.107406389560842364e+00,-4.281174564832476159e-01,-2.382982456235178237e+00,2.780704087982031503e+00,-3.586491242976899141e+00,-8.961035829645984663e-01,2.122964899806278893e+00,1.640940331624512472e-01,-1.409914682396397057e+00
1.517598441508537288e+00,-1.073413772843632152e+00,6.660535883282241443e-01,2.199940547118885981e+00,2.339480444535623871e+00,1.612365466053995167e-01,1.891747227869316816e+00,-3.437375636421355907e+00,1.449214796201221400e+00,2.061449592861447577e+00
-1.090908580756455026e-01,8.336648084505959844e-01,-7.546272732250879356e-01,-5.321244988102331597e-01,2.730889347574469994e+00,-2.246741265748746663e+00,1.329298372368394432e+00,1.072716738277805781e+00,7.504728977254986333e-01,1.045752354958682684e+00
-1.521742097433812280e+00,3.095667980415055531e+00,-7.488275344028454406e-01,2.383676459406776083e+00,2.402589332087360585e+00,-2.214594893719254998e+00,-1.484589793162554017e+00,9.368277584067490338e-01,2.658744664879433284e-01,-1.391145570866447523e+00
-1.456371813415731298e+00,2.781536203502501081e+00,3.415520780630800779e-01,-6.381565009416467760e-01,3.318873794610952555e+00,-5.174250724897884623e+00,-5.764215947851778488e-01,3.470477384400746601e+00,7.557484911199757738e-01,-1.186014954600255189e+00
1.722520650863630376e+00,-1.640538192247541271e+00,1.234610224725389171e+00,2.417971184967874443e+00,2.453126952895945401e+00,2.429439949030679280e+00,2.644060174602051561e+00,-3.424352017866806097e+00,7.352903340564967971e-01,2.916532992257258261e+00
9.108771564852430336e-01,-1.327813762685881471e+00,-1.201000591940880047e-01,-1.690699166575777568e-01,2.391039717001724352e+00,-1.365356619629098933e+00,1.965627205987618531e+00,1.449820972538274688e+00,8.337927271488380088e-01,1.856078747754505098e+00
-1.545119598700479546e+00,3.259131406590948465e+00,3.114517290591195753e+00,-2.032839408499741651e+00,-2.447715292112758068e+00,4.463163132695518343e+00,2.375733303672321384e+00,-2.820651263607100390e+00,-3.811381415434170528e+00,-1.477121452141509028e+00
-1.242122343799253681e+00,2.011532115055891801e+00,-2.908129941481507608e+00,-3.111337278556146835e+00,3.419932104865578637e+00,-2.313559759847580111e+00,-3.165186023676464622e+00,3.362220875149031230e-01,1.961599567628918628e+00,-5.300734131198197030e-01
1.565419262229290620e+00,-9.764667102080535344e-01,7.652772329554449193e-01,-2.216757245890313754e+00,2.746758938886834311e+00,8.502762610028802293e-01,3.175631691093137476e+00,-2.929022485267437581e+00,1.024912855728753680e+00,2.590118403696657801e+00
6.645194976765691486e-01,-8.790746192907503698e-01,-3.994203545617574402e+00,2.687624138604149948e+00,3.414657126231800177e+00,-7.903556163752269992e-01,-2.225895329218046559e+00,-2.235258820821972137e+00,5.509278182905492649e+00,1.738701483100970169e+00
9.155303210756381427e-01,-1.014289314150488508e+00,-3.076908052467138166e+00,3.169271223885794520e-01,2.820719778252045895e+00,-8.478710993159599418e-01,2.473147416809196031e-02,1.326808955253532041e+00,4.289529795503825405e+00,2.264875920241103291e+00
-1.438214649656913702e+00,2.560366027740420769e+00,-1.489927452924094453e+00,1.674627679119817358e+00,2.900758875164803019e+00,-3.393234922841793733e+00,-2.648218379790581611e+00,1.765512346746384686e+00,1.165059921756896877e+00,-1.076066506707338277e+00
-1.515846158202660110e+00,3.072978012378769108e+00,6.397476015427288054e-01,-2.115262359385243762e-01,-1.437930510711713294e+00,-3.197852456702892088e+00,5.165677226919482834e-01,2.258618008203933769e+00,-1.232951946676140720e+00,-1.356620638058570805e+00
1.233314776967926463e+00,-1.143841915209840909e+00,-4.152225650962771297e+00,2.429263490371695866e+00,2.947066327909659389e+00,8.249393285242352380e-01,-2.924522985094101024e+00,-2.093970136370255197e+00,5.905322416038551125e+00,1.885377067799633544e+00
1.492417749439198804e+00,-3.021188330612886386e+00,-4.161199684408517285e+00,-6.034776207660339509e-01,3.290263659032667931e+00,5.776364065771798506e-01,-1.821410596763609391e+00,-1.191548864357676152e+00,6.257120658054722284e+00,3.622838186939759453e+00
-4.100941177216586020e-01,1.033982586837650430e+00,-3.458928485819583454e+00,1.441996054776248037e+00,3.027322535269521442e+00,-2.711081292126695796e+00,-1.323711413178155105e+00,1.155298650550982131e+00,4.038365909029164591e+00,7.980916437023316545e-01
-1.455341521279704287e+00,2.637440458903728135e+00,3.083192304769459380e+00,4.293261156950727297e-01,-2.426779888159011023e+00,1.672884736962226837e+00,2.861087750217337522e+00,1.391582911306084469e+00,-3.622829539322885761e+00,-1.133398190307758346e+00
9.830911469473917474e-01,-5.892411035586606616e-01,-3.880422694686024965e+00,2.724702156897897964e+00,2.910107166544313895e+00,-1.061583653792426141e+00,-1.331336045105927290e+00,1.437457028812130666e+00,4.727920871761263300e+00,1.973706082134291107e+00
1.583526839569100675e+00,-1.499908866089795900e+00,-3.166329550977805551e-01,3.288926865546351053e+00,2.503924860944127584e+00,1.004787003753975227e+00,2.077280562225962690e+00,2.138256601889190200e-01,1.007604463620104251e+00,2.770587151103213408e+00
-1.507411421710962984e-01,7.574195690826899252e-01,2.765242885670320394e-01,-4.827092765752101222e-01,2.924147683210369664e+00,-7.825005929510828739e-01,1.053791848565907685e+00,-3.029008803598697064e+00,1.623233331582835337e+00,1.106740250053842800e+00
1.448391042012683094e+00,-2.274671525685078244e+00,-3.498542267456043131e+00,-1.552842928883784612e+00,5.102463588065405453e+00,-3.843810795696462890e-01,-4.656104463993040454e-01,-1.781942960873084791e+00,4.393556002734738897e+00,2.055247282197581349e+00
-1.467812520658013042e+00,2.850212351436938185e+00,4.998846627631330364e+00,-8.247351111237692933e-01,-2.412434611883651492e+00,3.160810279598002204e+00,2.543657436654225279e+00,3.354849134311121972e-02,-3.531397022983028933e+00,-1.236838645944166926e+00
-1.498492080026537110e+00,2.971582327629636922e+00,3.167880575002324672e+00,1.340112974475946572e-01,-2.438203833736003023e+00,-4.333947613795017806e-01,2.346484056785093308e+00,3.097308886937855554e+00,-3.751850768162426686e+00,-1.313240101762977119e+00
-1.284963245964408918e-01,9.878800438498167580e-01,-3.980736852173345941e+00,-2.903232737544820363e+00,2.981397963171595222e+00,-4.570947710254913865e+00,-3.459756988324771854e+00,3.442216459042844789e+00,6.219327627981547479e+00,1.109247542513795759e+00
1.290917240095922125e+00,-8.879088722422876501e-01,-4.164423580746055009e+00,3.011470837330922024e+00,4.107832180371707054e+00,1.880198878387590034e-01,-1.957405571438731950e+00,4.241032418662902259e-01,5.642478979143486839e+00,2.979364103608793002e+00
7.042007813801306471e-01,-2.007708470879707718e-01,7.082790060145665034e-01,7.849226280805954303e-01,2.207117536933922430e+00,7.669404957366204867e-02,3.079975169177602723e+00,-1.100514179922774449e+00,1.003158421984727267e-01,1.942944129010970356e+00
-1.504355017107269488e+00,2.961810982332250930e+00,-4.605379948016463665e-02,-7.939394887312478666e-01,2.434389953834912301e+00,-1.712483449374250011e+00,-1.867347673953539067e+00,-2.755267436744515575e+00,6.681364234644687761e-01,-1.333358467997334040e+00
6.163565600438880576e-01,8.620314286878603127e-01,-3.955032476106171035e+00,-1.642967330612468135e+00,4.894738237994227248e+00,-1.251119969073006377e+00,-2.051951386942653333e+00,-3.479670878237923759e-01,4.667469338152384850e+00,1.517335862048424966e+00
1.181568284768726329e+00,-1.134176215494937079e+00,-7.063314267350164766e-01,2.273098736859368252e+00,2.654376246243265403e+00,-8.613111762183032205e-01,1.108706442869033637e+00,1.807580222989473739e+00,1.188601070461563491e+00,2.228919724090879129e+00
-1.415051898930233865e+00,2.508032739450959170e+00,9.515350620307261309e-01,2.108916424559930114e-01,-1.991767676127615294e+00,3.257383373330599019e-01,8.666516187726340803e-01,-3.199728897789422710e+00,-1.876851165655449183e+00,-1.057213033752428588e+00
1.761103068520920134e+00,-1.919586232167347362e-01,9.608033419894614902e-01,2.114437804894895301e+00,1.678936709335747679e+00,2.186450386130018408e+00,2.726751975785167481e+00,-2.931233051822085045e+00,9.283227210757274972e-02,2.429105934881157225e+00
9.131094069858867179e-01,-1.149890824339852458e+00,7.857657776930404570e-02,-1.690694165044462016e+00,2.702576147571310372e+00,-6.415539231117657337e-01,2.020803707216711764e+00,1.005323783863834031e+00,1.881114674488053140e+00,2.274751586358561006e+00
1.246820389658287231e+00,-3.107661541654583637e+00,-4.140239661035272078e+00,2.254460305622759009e+00,3.633706309907964283e+00,-1.204323661359052444e-01,-1.989463971661444841e+00,1.005216955835906312e+00,6.427400200166172972e+00,2.854996735300687760e+00
1.048681211747449327e+00,-2.730765158540541027e+00,-3.400471082462085626e+00,2.452238624294874825e+00,3.764887648968151090e+00,3.969593784660798708e-01,-1.865733623230196869e-01,-9.612760807271496510e-01,6.545310927419064839e+00,2.392103676593683392e+00
7.155165750105643152e-01,-2.161409265119100809e-01,-3.835978816301766958e+00,1.863702478256617390e+00,2.900735789284552890e+00,-7.702417016938172267e-01,-1.523939661860500117e+00,-2.561845669265307102e+00,4.374822632456790927e+00,1.549098596814943329e+00
2.363742938132046834e-01,2.063056020715459127e-01,-3.913839027209464305e+00,3.060109640090722394e-01,3.234374751391198011e+00,1.699153835065889684e-01,-2.086332128897971039e+00,-3.224135767210499104e+00,4.679913045505427860e+00,1.479976578704970347e+00
1.229574421617665170e+00,-7.298523200106434849e-01,-2.079745067095331579e-01,2.982868256193167866e+00,3.786563333917865926e+00,4.215206200431489969e-01,2.421407054039767637e+00,-3.057251350757883124e+00,6.757693240248121569e-01,2.116134862472008216e+00
-6.206931924457950167e-01,1.418409154684598938e+00,1.154781822482729314e+00,-4.547212415839134714e-01,-1.774507884526498991e+00,8.356596707015879755e-01,3.056646821042319218e+00,-1.284405494886047716e+00,-1.564734733524724586e+00,3.905455272483892015e-01
-5.568026174572369147e-01,1.506809103033585728e+00,-1.514449157173519467e+00,2.595425955326584599e+00,2.104918221833428582e+00,-2.139306147451889295e+00,7.195786685027867335e-01,1.126596818194437688e+00,7.320376472087887221e-01,6.038837757966826203e-01
8.439230483606910971e-01,-4.433324726838439034e-02,8.293659579602077336e-01,1.586766281373398257e+00,2.552997314145325713e+00,1.412201312941830711e+00,1.586499964006627295e+00,-1.931085960746272256e+00,7.497125318190878129e-01,1.720257176944586908e+00
1.023205356306151614e+00,-1.906945916027865673e+00,-2.845991610038498543e+00,-3.302907789144464701e+00,3.588034993951341178e+00,-1.320305371811834050e+00,2.935795637777056655e-01,1.975707290544503003e+00,3.901886603374600249e+00,2.352310150559530300e+00
-1.425841639247915849e+00,2.623283998876001277e+00,3.606562213061809352e+00,2.522771760558240928e+00,-2.426725410452650777e+00,5.848387468014060175e+00,2.726700276220269892e+00,-2.824956287573002989e+00,-3.657191360128885016e+00,-1.056989363571332774e+00
1.608647983417295757e+00,-1.864436891816134700e+00,-4.079202606435180734e+00,8.315976937362448140e-01,2.955199700167023824e+00,4.292879981029185665e-01,-1.952231802951728712e+00,-1.327573228531372607e+00,7.244334641633269456e+00,2.235675717830981402e+00
1.324510965762803805e+00,-2.214599025385830533e+00,-4.149033550286522321e+00,-2.744149699489534910e+00,3.533632774150324174e+00,6.158263356921087617e-01,-2.933330911263518637e+00,-2.132878618129962156e+00,4.801444468512268138e+00,2.232370908874481419e+00
-5.467203704342682435e-01,1.465799103184366459e+00,-3.684620231225987474e+00,2.069727274967538833e+00,2.886248507979556788e+00,-4.294353174173235921e+00,-2.792285206308593892e+00,2.434223269453800853e+00,3.992620190660254753e+00,5.353754320557512214e-01
1.780622724581149008e+00,-2.534431852408495445e+00,-6.634546109806294112e-03,1.388900752496804003e+00,2.637532525120483751e+00,4.938625802302866741e-01,3.214123015637940561e+00,-8.810782222905855221e-02,3.451704425173532376e-01,2.214389635305487047e+00
4.565230447872252739e-01,3.734281429363872640e-01,-3.305158701870798854e+00,-5.834688292718732683e-01,3.080517002590154707e+00,-1.494042011472089149e+00,-1.371666792195931350e-01,4.714232268226474787e-01,5.567906123833858523e+00,1.468954409924267956e+00
1.093213228949067917e+00,-2.342028575960785730e+00,-4.015466861875362170e+00,4.722797487318501908e-01,4.046297689762999639e+00,1.161460038260935690e+00,-1.733563061478872402e+00,-2.321093904512944839e+00,6.405138363665074053e+00,2.360577538656906782e+00
4.780327850142229718e-01,2.440376902812095850e-01,-1.562272578388150590e+00,-2.316485281315205924e-02,3.725128539064136213e+00,-8.179055240223563894e-01,8.464450107424195124e-01,-7.553772333519201965e-01,2.068994269181900769e+00,1.473547506870796386e+00
-1.355420859773675435e+00,2.381885619016422595e+00,-1.720604926119984057e-01,-1.877481027417344350e+00,7.785393801972316508e-02,-2.569552080897310464e+00,3.231740881118780884e-01,1.234193979576277300e+00,-5.779854410544007504e-01,-8.771496661058127975e-01
-1.467379302810004393e+00,2.779818529397521054e+00,-8.970016138668936989e-01,-3.060631515389369284e+00,2.198627551321929552e+00,-3.921955790579621848e+00,-2.735512150798906639e+00,2.118356333485667875e+00,8.606534233998210937e-01,-1.173936223593164296e+00
1.642877938961847084e+00,-1.927535511029426107e+00,3.195590659027707225e-01,-4.310971600545250304e-01,3.643824273139661507e+00,1.448283391379536322e+00,2.391039100583244092e+00,-1.443096472657742879e+00,8.896088357908449318e-01,3.125063363041934661e+00
1.524386481863065024e+00,-1.333544898411930912e+00,-6.825949822232730835e-01,-2.652514860239844730e+00,2.634159725298412802e+00,-1.898847154595341369e+00,1.664505266026990782e+00,2.848792442059647989e+00,1.284381059416397353e+00,2.713851916580863666e+00
-6.544890490896797530e-01,1.531405578922549360e+00,-3.448364289864671139e+00,2.697378657551912085e-01,2.967830188686797044e+00,-2.239310895946624580e+00,-1.210862459570387628e+00,1.501872313303227457e-01,2.134976775291426598e+00,3.705147189291478349e-01
-5.856118810474549852e-01,1.282976818042959266e+00,5.233495878978473570e-01,-4.687184279650846719e-01,-1.017255562023596127e+00,-1.456334381530562938e-01,3.122767528749969657e+00,-3.375867988393163266e+00,-8.827104223357317148e-01,6.670334021513317779e-01
4.871598522483159277e-01,8.335276393429715824e-01,5.468465541843936517e-01,1.150922482432624072e+00,2.791534126028347274e+00,-1.589582794137396782e+00,2.849421925655145849e+00,1.506670368025179840e+00,3.391807599024274644e-01,1.462097292126612880e+00
1.178823413936266773e+00,-2.728436434955524792e+00,-2.315519178490371033e+00,1.659612681153900482e+00,3.202489445352010744e+00,1.033098342087612975e+00,6.746301584895952885e-01,-3.928850867690778514e-01,3.210588208087353124e+00,2.696897269792521090e+00
6.575656496481314672e-01,2.346552244649435792e-01,-2.698666535928968102e+00,-5.256465357387183346e-01,3.779402242777154086e+00,-1.901008547823906714e+00,4.131010276708719786e-01,9.848736014910031145e-01,3.635031254809026890e+00,1.651807111732809918e+00
-1.017195846780170942e+00,1.858809181456439141e+00,-2.869828465693816888e+00,-4.566196101758812631e-02,2.680482758368714524e+00,-2.572800682873484845e+00,-1.460115915968923872e+00,7.149144185344553648e-01,1.556809977005649825e+00,-2.076277268216826788e-01
2.287514547676519516e+00,-2.856264697619596227e+00,-4.281369031894938892e+00,-1.318566876832278467e+00,2.655808531608458978e+00,-2.103923163942320873e-01,-3.339568055012157810e+00,-6.177867848948195295e-01,5.727176032508258352e+00,2.548456725222419728e+00
1.909776256668240357e+00,-3.482325577047864051e+00,-4.240046172917730338e+00,-3.403116904341139115e+00,3.282087716033720071e+00,9.565660222633193266e-02,-3.148404310242149506e+00,-1.698240430622357522e-01,4.770874523482986795e+00,2.522312140204717057e+00
-1.549970738295140871e+00,3.305003841343905790e+00,1.701666550355934504e+00,-9.475018974537681160e-01,2.462335437050349185e+00,-1.412864993574910688e+00,-6.956134122596897562e-01,-1.309250414201728496e+00,3.088664443311739394e-02,-1.495897017908842441e+00
3.716143617981277902e-01,2.390244419911100593e-01,-3.903734287273518344e+00,2.401464724777329529e+00,4.322088734887469030e+00,-1.425957719362997311e+00,-1.737783304580839516e+00,7.441134939663598402e-01,4.492922908479162203e+00,1.579073938983054814e+00
9.978427946517450797e-01,-5.439199423459095684e-01,-3.516622060216661794e+00,-1.728530612245918530e+00,2.823874558173880445e+00,1.007943414366645030e+00,-5.275896522652576692e-01,-1.836337307515011119e+00,4.856788914927614442e+00,2.029353927419805359e+00
5.808199679811990590e-01,-7.550338065239259322e-01,9.790017358688136717e-01,-1.442254201824912929e+00,1.966596743334313890e+00,-4.950988576478924097e-01,1.870709819848031863e+00,-2.317860885739673638e+00,4.670484628509346536e-01,1.734990808012931929e+00
1.733660446303793012e+00,-7.764602630052515053e-01,-4.174185602928488059e+00,-1.325367844361557523e+00,3.769076579183824993e+00,1.857703202583460556e-01,-2.275354409077086970e+00,-1.073005959827121991e+00,4.909346586051175798e+00,2.627581480771191913e+00
-1.485596771944429406e+00,2.867944589368138786e+00,2.065668904640925785e+00,5.776790754859453259e-01,-2.271935212138319837e+00,2.077901242228854084e+00,1.153745334337737738e+00,-1.594609878652058832e+00,-2.661677831963415120e+00,-1.243992047567570092e+00
8.980365624430000082e-01,2.659002098976901429e-01,-2.118389759643910963e+00,-2.230619360212947822e+00,3.850078491571595318e+00,-1.279218903505431049e-01,7.598490643262465483e-01,-3.347374036544006337e+00,2.763998051849652526e+00,2.033488710527911802e+00
4.817947367736065134e-01,-4.752991496197949139e-01,-3.995058014512590905e+00,6.956319093532501441e-01,3.878987557406606612e+00,-4.788708154310172826e-02,-2.218658500302405301e+00,-3.086260409042274944e+00,4.629713487160862506e+00,1.708270516343086687e+00
1.073246144598808849e+00,-5.972463768452560551e-01,-4.137668865052986256e+00,-3.178368482056940447e+00,2.841961266174764411e+00,8.716051902242161198e-01,-2.647352989349258667e+00,-1.129025265017112201e+00,5.365796526687607759e+00,2.238247842095765883e+00
-1.401723341031359871e+00,2.418103238263109134e+00,-1.106769990763520450e+00,1.610020650649337526e-01,2.798680449988666830e+00,-1.616261099098134757e+00,-7.132669645714990736e-01,-3.172056123520948123e+00,1.046182120918477398e+00,-9.389410360536533107e-01
6.492957405719406161e-01,-2.074651562292650908e-01,1.513195415417647460e-01,9.845695182753635422e-01,2.307828499199579220e+00,-8.059636338267399669e-01,2.452118473427580270e+00,-4.710248568081647491e-01,3.578401526299100910e-01,1.631088231457794580e+00
5.196524539554057132e-01,4.670981272985361699e-01,4.581359764239093524e-01,1.583135150395174939e+00,1.177367315435755790e+00,-5.742346695168765169e-01,3.423182695948864485e+00,-8.949811939857519327e-01,-5.444037574730311579e-01,1.531859573908874950e+00
-4.631764952694364945e-01,1.339661561015153879e+00,-3.722946996981560286e+00,3.229851638940993475e+00,3.367371286937919983e+00,-3.021945637133553575e+00,-2.572912665312458991e+00,1.870541035867140600e+00,4.060765869315165588e+00,6.765202395089240373e-01
1.064670369842603659e+00,1.268060256643996908e-01,-1.106623299359062562e+00,-4.442782895599339810e-02,2.527058448901042809e+00,-2.745886181279696636e+00,1.079376266632868564e+00,2.109612380668324683e+00,2.160573684388581217e+00,1.615441347692018637e+00
1.282777648518791613e+00,-2.989821384637582291e+00,-8.937666290579197037e-01,6.630000087716414470e-01,2.996339536068914011e+00,2.406238203818277022e+00,1.144063794792090860e+00,2.794984161623537133e-02,2.525313561283947461e+00,3.041334182145594145e+00
9.858616683487873011e-01,-2.916965163817552220e+00,-4.174459742507931281e+00,-1.967820242260639674e+00,2.744351566789171137e+00,-6.308963331028797361e-01,-2.526664336048225046e+00,7.609135318440563012e-02,6.104217453895964596e+00,2.389312631673526699e+00
1.243790830390460567e+00,-1.424663250519169644e+00,6.457243716904049746e-01,1.575896120961683522e+00,2.671409062670524026e+00,-2.099923316358610847e+00,2.966474565622893245e+00,3.312490764049482728e+00,5.054743126116760799e-01,2.768112890410601601e+00
1.414294416027580548e+00,-1.644842064128974268e+00,-3.498051979512676990e+00,2.226089620721147355e+00,4.406310896484582074e+00,6.344904440033383164e-02,-2.979645106344621652e-01,-2.426073555769416856e-01,4.134493649385595937e+00,2.653755470045107145e+00
1.405969361246652394e+00,-8.251590341425352193e-02,9.879108510331024995e-02,-1.141858242195354034e+00,2.682438042742035123e+00,-9.273432708663458257e-01,1.912660861274745550e+00,7.329014236021080819e-01,1.080738757720479448e+00,1.837198036732924589e+00
2.036312101776010408e+00,-5.421753255621450940e-01,-8.126361212018640146e-02,8.588388705612892693e-01,2.866483256679622560e+00,8.878163593784101915e-01,1.510511445078903670e+00,-7.040517046410665891e-01,1.803184336049023839e+00,2.408622526755993309e+00
1.766389230298025304e+00,-1.594510727800443117e+00,9.061079184898016003e-02,-2.225057418051433977e+00,2.444907849927592913e+00,2.111530229785315294e-01,3.287442357413471683e+00,-2.200012905700419186e+00,1.183164256573132178e+00,2.558256772743741969e+00
1.613375795065133733e+00,-1.340424154260356548e+00,-1.692502782350305823e-01,1.086978008255224282e+00,2.496742172545796556e+00,1.029760949698019568e+00,1.523932073542097143e+00,5.598790116956449125e-01,1.782934237988601955e+00,3.331855492111008843e+00
1.119692487283912685e+00,-1.271369484034316155e+00,-2.736707785360432688e-01,-1.191587750090453035e+00,2.968792741338804664e+00,8.571148853226703279e-01,1.517366478340304248e+00,-3.483464784532687819e+00,1.837729771014937841e+00,2.433537091779924388e+00
-1.552647575689560799e+00,3.333554237980264290e+00,-2.110495848478344261e-02,1.425866132507283446e+00,3.487725527461897457e+00,-4.984768821222092861e+00,-1.357286710917545491e+00,3.001068598728981129e+00,6.703591488878488658e-01,-1.506063735150000138e+00
1.882991583320564377e+00,-8.205186394002392802e-01,-3.572451414861375962e+00,-2.789912400677978965e+00,3.083931121068617998e+00,-5.955534326236111564e-01,-2.582265503364897796e-01,1.894761339932724553e+00,5.059533658611724327e+00,2.591897443421780078e+00
1.726492366460281147e+00,-2.904034802790727454e+00,-3.559108123941612245e+00,-2.596253319515406499e+00,2.905735833627841380e+00,7.909290761299789807e-01,-4.750099325938403894e-01,1.800414248563004804e-01,5.133702936845100595e+00,2.270332472070894170e+00
-1.545799479413968669e+00,3.298685268580854313e+00,-1.004282733006800488e-01,-1.969871925286382330e+00,2.589827077874152117e+00,-2.918676507862464131e+00,-1.647875072682935649e+00,8.968330184648216630e-01,9.850578830448718515e-01,-1.486365986719434762e+00
-1.567662992456856363e+00,3.475948239508552362e+00,-1.654993055114661882e-02,1.917840181506114128e-01,2.464431187586410665e+00,-4.355167150489924310e+00,-6.653428709242827921e-01,2.256171135171787689e+00,4.054784800796800148e-01,-1.564496052596518139e+00
1.043396228783629365e+00,-2.617182230352799621e+00,-5.080640667371795205e-01,8.119541570769062133e-01,2.714092546350289847e+00,-1.660321934425699641e+00,1.735308627388107539e+00,2.389290636710417637e+00,1.606210710965263910e+00,2.562409139879934905e+00
-1.350734197185761598e+00,2.353011947313183860e+00,-1.781414292169011704e+00,2.596101318181798234e-01,2.626614000328567400e+00,-2.986619713640173757e+00,-1.343328661718328654e+00,9.594189629136424813e-01,1.971462251009305167e+00,-8.867963496477507812e-01
-1.504767229676782003e+00,2.899480726226836502e+00,1.637999643353457380e+00,2.050270640561830504e+00,-2.120410767013601649e+00,1.708836568873489004e+00,7.890258389934121652e-01,8.362540999845720080e-01,-2.290650620124105252e+00,-1.309010184746508543e+00
-8.423718839458687047e-01,1.467276555713694641e+00,-3.585106637850817179e+00,-2.973318161576692376e-01,2.581081587827474433e+00,-1.386049291373437242e+00,-2.674532485795820591e+00,-5.658266588801867947e-01,2.463453429552452167e+00,3.122409427118284508e-01
6.283550008969184253e-01,5.492665481300118557e-02,-3.020290992956312870e+00,-7.183195185386770376e-01,4.375042993157311599e+00,-2.898750818347937130e+00,1.527303041454297627e-02,2.780943319736190134e+00,3.571568309784249884e+00,1.771535961735472231e+00
5.941762531435406114e-01,-5.329326002484382485e-01,-4.102336644475328420e+00,-7.893405499491383814e-01,3.409581169733223671e+00,-1.046402307967314815e+00,-2.548266924168742342e+00,6.160826858987107357e-01,4.966319241668953666e+00,1.755013043804144912e+00
-3.458525780345110823e-01,1.328560584391332178e+00,-3.768064350220313052e+00,-2.145872974630580465e-01,2.813365350528390429e+00,-1.488232239049023020e+00,-2.311927145251492899e+00,-2.105227214126084601e+00,3.755319058368744578e+00,7.070601959588593832e-01
1.238166561164886659e+00,-3.029678977879140866e+00,5.257054935740406165e-01,2.898174505494894859e+00,2.428982394897974739e+00,4.111090019158024078e-01,3.155887513818163903e+00,-3.568236684421046689e-01,3.086750542514366535e-01,2.985075103240133032e+00
6.306000643547746698e-01,-3.653184497184724933e-02,-3.694117296860881972e+00,-2.496255478152631380e+00,2.598755722900367271e+00,-5.911476819212269085e-02,-8.217331968745469339e-01,-8.063498588978328385e-01,3.773053098368254865e+00,1.593640977406250769e+00
-2.642775744139599925e-02,1.025884329784100935e+00,-3.424448246168301235e+00,8.740557697490425326e-01,3.025472791841179898e+00,-1.138757640551563810e+00,-7.657200260990197904e-01,-3.244032806340255704e-01,4.626857339816528025e+00,1.156197469205896278e+00
9.945848581758946760e-02,8.080324893948693799e-01,-3.912614715868270032e+00,-1.260145165314977778e+00,5.032783194333934951e+00,-2.639218063267493086e+00,-1.848333251119536058e+00,1.626286885592443276e+00,4.746810605194585975e+00,1.321010996987920461e+00
1.280924217723787617e+00,-6.144249223911830704e-01,6.389056824886977237e-01,1.633994392047297239e+00,3.064265657970431711e+00,3.743263018516149732e-01,2.306772107136888295e+00,-1.697993533629325036e-01,5.310580260474647707e-01,2.302755121014951278e+00
3.876325968805184319e-01,4.761109573704880304e-01,-2.576366919588973570e+00,1.362350311759739085e-01,3.005676170931623759e+00,-2.948989662544677870e+00,4.452207584036371735e-01,2.619576417733652463e+00,3.798774959918852723e+00,1.576622942178369957e+00
9.672086720984438557e-01,-7.941844047749668789e-04,-3.926398831756683805e+00,-3.005442073635684608e+00,2.821083461039481488e+00,-5.803614356087858361e-01,-1.622201155064870726e+00,-2.187097248882952094e-01,3.974439840228475518e+00,1.616997762582107256e+00
5.823435591740258044e-01,-1.816806160330348696e-01,-8.887794567785789468e-02,-1.260307047914531076e+00,2.268155672565420833e+00,-2.389215349380243048e+00,1.991583979141840821e+00,2.071772574130298139e+00,9.370100869857779236e-01,1.825381714233798913e+00
1.411309871821170958e+00,-2.660750082496879720e+00,-3.783511136256852314e+00,-2.673410478445961580e+00,3.301569065390529634e+00,-1.103999196676012762e+00,-7.943882808760109882e-01,1.957956403404926604e+00,4.573768768015130881e+00,2.652953290876281844e+00
7.115770649833301764e-01,-1.587311775413688730e+00,-4.087625994897358339e+00,-3.990753903833592631e-01,3.144124306200190233e+00,-2.590431473421380693e-01,-2.202747307278809519e+00,-7.246389930941576907e-01,4.597228674195791065e+00,1.953634894791659082e+00
1.720286774125601381e+00,-2.180464004564208746e+00,-3.144159571412303844e+00,1.294061625276820671e+00,2.975465304481121454e+00,1.097576319039119674e+00,2.691325048633963490e-01,9.101194978629525423e-01,5.104575563027200502e+00,3.100132418560836101e+00
8.736533344751719055e-01,-9.900112139370529363e-01,-3.593600598689684622e-01,-1.863167707286035313e+00,3.877414569996980198e+00,-2.456810341786725971e+00,1.541137420619126175e+00,1.955419634924951744e+00,2.594310356059901679e+00,1.884433646245832206e+00
1.357743337341221768e+00,-1.244611428223879823e+00,-4.117085994023480744e+00,-1.820688219564970511e+00,4.680301562859430220e+00,-2.941691454078834145e+00,-2.347125553834776390e+00,2.768141905752223408e+00,4.729680698814497042e+00,2.212171809520597776e+00
1.929139355440478099e+00,-7.055684299331606013e-01,-4.350139489597586895e+00,-2.013696117274188513e+00,4.545472697102192150e+00,-7.959536924214801745e-01,-2.990273176301136537e+00,1.690190773814210345e+00,4.575594322547221537e+00,3.740471782647006194e+00
9.241689079467904078e-01,-1.868663563446890663e-01,1.671529341341940200e-02,-2.184901381804849052e-02,1.463827779144466046e+00,-1.007857188683984218e+00,3.275475460816178241e+00,1.921904297912620407e+00,-1.142878377253309097e-01,2.314404293648500754e+00
-7.639307315822692068e-01,1.509983551388312861e+00,-2.738859081942700335e+00,2.474699553830213894e+00,2.881695066633441549e+00,-4.959752321226838845e+00,-2.317700345952751206e-01,3.440082692574281786e+00,3.527522176320451841e+00,4.204486568457265760e-01
1.382818517641989375e+00,-2.220801163153407032e+00,-7.732842293783165344e-01,-9.002884185072010936e-01,3.233811818506187041e+00,-1.680080960881573438e+00,9.356733501617791049e-01,2.056928092953352660e+00,1.576228772640558384e+00,2.326497769946718197e+00
-1.070005028857419493e-01,1.024626300596327866e+00,-8.427711144005012311e-02,7.761225246646006326e-01,2.499781849338765127e+00,-2.004743228736034943e+00,1.232271358120279103e+00,1.122498607864145015e+00,3.208090330283763225e-01,1.123723588323842559e+00
1.184279908889970256e+00,1.700449894390478889e-01,-3.016369170133073041e+00,-8.734541482572955040e-01,3.023000473382532416e+00,1.863617712584162867e+00,2.955964289767920583e-01,-1.193247070530855769e+00,4.136608557060167612e+00,2.471073447691387148e+00
1.481503784138091362e+00,-2.057787448252736962e+00,3.867167857268245523e-01,2.374092329682575553e-02,2.648715063116903856e+00,6.957354749001952721e-01,3.034615273734283747e+00,4.386189039810304280e-01,9.952826582329350469e-01,2.728613738404496836e+00
9.329025985585972514e-01,-1.118558353415972650e+00,-3.362513896193543683e+00,1.286308293175199680e+00,3.844763439550931583e+00,-1.840877671819452388e+00,-2.096195329260273077e-01,2.001389827524964637e+00,4.034944227341910938e+00,2.089667281039694569e+00
1.425383099114339025e+00,-1.110692212056372696e+00,-4.066427797948116485e+00,-2.374023269266211766e+00,2.809140648586447409e+00,-8.800453350480491599e-01,-2.143646277233010711e+00,3.066463943948383175e-01,4.419037625325047181e+00,2.149504022555513316e+00
-4.579434426127615421e-01,1.436149894258423210e+00,-3.645858673032981834e+00,8.744996645068292551e-02,3.250480526946397219e+00,-1.886283396628315234e+00,-2.363229811137572689e+00,7.470810585929479331e-01,5.004031057980939501e+00,8.264015713201944280e-01
-1.299315000975407086e+00,2.131823634919786770e+00,-2.635208083638478804e+00,4.305866860895117831e-01,3.516865142541908185e+00,-2.703631740552971063e+00,-2.467833496535851712e+00,7.274465030441970015e-01,3.041429019072888984e+00,-6.843402549519778111e-01
8.161615832040918228e-01,-1.831893467407610387e-01,-3.962727705132884193e+00,1.172431226770300761e+00,5.417112199464201083e+00,-3.170780029332438965e-01,-1.382121295613287337e+00,-2.793135495372452759e+00,6.934556725791848564e+00,2.168080368466538399e+00
1.076618925547202732e+00,-1.007459336809975792e+00,-4.257211047682719851e+00,-1.615401642259651549e+00,4.460826532603082484e+00,-1.420514076705534201e+00,-3.153524809029522480e+00,2.063153185860988614e+00,6.026463394470264134e+00,2.585015349870926737e+00
1.578597705332153822e+00,-3.478961760403278092e+00,-4.191337461885778382e+00,2.375580281610243816e+00,3.884360493230192279e+00,3.341852304806328666e-01,-2.193276055936835611e+00,7.055640845860144950e-01,6.599637928758033567e+00,2.988999464203975442e+00
-4.081710284364288566e-02,7.348540091902870941e-01,-3.844172091892530840e+00,-2.610831988169512563e+00,3.822955184093219216e+00,-9.197171605507321601e-01,-1.739990360221306265e+00,-4.785815731633125125e-01,5.724080454253398287e+00,1.240059416696646544e+00
8.802333538092784737e-01,1.547540521201042907e-01,-1.229071268796654071e+00,1.102502709897560607e+00,2.863069191116558443e+00,9.336932427086273023e-01,8.546955521725818627e-01,-3.111932545772308600e+00,1.183585184818911840e+00,2.022539670292859970e+00
1.117325814021273622e+00,-1.338113715753450617e+00,-4.020206879412661749e+00,-1.848945550661670989e+00,2.841714220195113327e+00,-4.986639911829546801e-01,-1.953537835944113787e+00,6.012041204263756100e-01,4.804996095928189881e+00,1.877251955460992106e+00
1.606104597681216939e+00,-2.580229347227374959e+00,-5.782490966808931931e-01,2.205588006910799592e+00,2.742397252171928645e+00,1.437032207544543638e+00,1.442750000714363878e+00,-2.459915622807093527e+00,1.098834951757716949e+00,2.422068650748903540e+00
1.269181410083462191e+00,-1.731025927903198980e+00,-3.785449110938086115e+00,2.630170972665992757e+00,2.917675786022268181e+00,-7.694503514513264530e-01,-8.733934469748363405e-01,1.356927871583439860e+00,4.656632126391125226e+00,2.126815804433256574e+00
8.969356945600559516e-01,2.862945330492419060e-01,-2.744539209265651092e+00,-2.960647678109622927e+00,2.848704403750204506e+00,-2.525576478009768255e+00,2.613850642108026534e-01,2.340042031451215365e+00,3.754079520633978539e+00,1.909513881465644047e+00
1.286280325280106496e+00,1.801639672023709338e-01,-3.338976259867531660e+00,1.074257665703353126e+00,2.573895395939498787e+00,-3.177871472142053122e-01,-1.918506692430272942e-01,2.370332775124186497e-01,3.338321634960054407e+00,1.908606509651591399e+00
7.058397702133044627e-01,-1.576785696452213337e+00,-4.012822194836539680e+00,3.226504445103078211e+00,2.590891507554102802e+00,-1.867659136486738980e-01,-2.250282972761703970e+00,-1.095790543171748510e-01,5.580316748288260520e+00,1.939772489349484319e+00
1.246104829199001340e+00,-3.153650841741593602e+00,3.583637917705941867e-01,2.811134633822299556e+00,4.248672657427047916e+00,1.449451261242715283e+00,2.428834759702864332e+00,2.571091296883887267e-01,1.852687151652131048e+00,2.890086667112780283e+00
1.362251570441233239e+00,-1.874644757935918449e+00,-1.784221365681409655e+00,-2.078453190489091718e+00,3.637681725304495295e+00,-2.710447357403167334e+00,6.785698980053753715e-01,3.117874499131857213e+00,2.194219868531791739e+00,2.543926735366753622e+00
1.872355557604444387e+00,-3.437562356705726963e+00,-3.332868264374622580e+00,-2.007798663711193754e+00,2.984002116768496915e+00,-1.595182436307440055e+00,1.263261229728889212e-01,2.617933388002853690e+00,3.868840902378971158e+00,4.367320296974018135e+00
-2.822330851898849913e-01,1.360634792388320413e+00,-2.138681267288724097e+00,3.446873185019472707e+00,2.432767801935940000e+00,-3.290830299752955934e+00,4.547406648508980354e-01,2.474041980555346854e+00,1.142330633202650825e+00,8.809257733511983712e-01
9.125591592181596656e-01,-6.199666579373515063e-01,-3.676159887220821432e+00,-1.841188398782497515e+00,3.882348784084568294e+00,-2.083792279409529158e+00,-6.749366742147819842e-01,3.375168902486203493e+00,4.028255687149482789e+00,2.156554228136542850e+00
7.243522310012582288e-01,-2.565818082998250205e-02,-1.920748639821818315e+00,3.281569858384960625e-01,2.635037378135877795e+00,-7.576321841073947461e-01,6.664077111438100331e-01,-1.434844367643088869e+00,3.760670545457943881e+00,1.825211667790189729e+00
5.128225832777216775e-01,-7.390175372287144384e-02,-8.124258237030761443e-01,3.403845032154068306e+00,2.850017685940712031e+00,-7.220967554350488093e-02,1.291246878285649657e+00,-5.772714720310365699e-01,6.245138952250784969e-01,1.707270017979510834e+00
9.609245533667477579e-01,-1.274926535136856831e+00,-4.219406726742037428e+00,-3.285304274384390766e-01,4.179340172996588443e+00,-2.986516817121653844e+00,-3.178381161063629445e+00,2.751945830342910959e+00,4.860503605207565414e+00,2.135698991555107451e+00
1.154418304239115844e+00,-5.666387190463466617e-01,-3.940403180629878932e+00,1.848235384990677410e+00,3.339607811899893974e+00,-8.373538798949619055e-01,-1.810077099875282425e+00,-2.512917630861799534e+00,4.515862688679852965e+00,1.713715263344774753e+00
9.633322441006959558e-01,-7.370210540817447864e-01,1.067016008731838106e+00,-2.587354111390134381e+00,2.029339179970240270e+00,1.828811683894159268e+00,2.527497699549277499e+00,-2.991207955326963486e+00,2.510047603213162448e-01,2.135269403708465408e+00
1.298037194836946462e+00,-2.535807891321865348e+00,-3.765554521835608348e+00,7.220520940069912186e-01,3.532856093968786748e+00,9.922265413620438013e-01,-9.234158848214186754e-01,-2.408991719997357173e+00,6.975629950256501566e+00,2.108844844305650224e+00
-1.544867636198953953e+00,3.300194341489365080e+00,-1.666091038545670644e-01,-1.596007458164545589e-01,2.361246594617337546e+00,-2.461788867361712541e+00,-1.113005334947898994e+00,7.094202459949183748e-02,1.656266508106501445e-01,-1.483936625479778781e+00
-1.231848362288856080e+00,1.947873994740709769e+00,-2.345038870233725259e+00,3.202708100471336472e+00,3.330698540796551921e+00,-1.866297222861675653e+00,-5.131854051933562033e-01,-2.087542769814350052e+00,1.228100478752624181e+00,-5.098498856337579932e-01
1.126027400695163827e+00,-1.070001061792024810e+00,3.814320162704568085e-03,3.224330949572021154e+00,2.894577565021658749e+00,1.002739431961146011e+00,3.095018895830778938e+00,-9.482950660366116225e-01,2.536369371346830492e-01,2.280049442614392241e+00
1.050637672032098457e+00,-4.451799626329533410e-01,1.003898966912744939e+00,2.961023893481827152e+00,2.394573580075197494e+00,-7.703941594419480010e-01,3.312486752191327710e+00,-9.155927126809899619e-01,1.000898085537149873e+00,1.779013689060614967e+00
-8.996505091228423900e-01,1.572432337605488506e+00,8.355699077139253639e-01,-1.605741553585372072e+00,-1.840740933396284973e+00,-5.702402303656469718e-01,1.644036249157477592e+00,-9.567904108460076884e-01,-1.580083560480855631e+00,1.558792836338918353e-01
-1.404066870088860997e+00,2.436879761994625859e+00,3.462915664412597128e+00,1.339419559970209228e+00,-2.296624163899586790e+00,1.255278590626497826e+00,1.698697860900347578e+00,4.717852485717988209e-01,-2.979994474451669539e+00,-1.011802536185824275e+00
1.734108362922521129e+00,-6.759636627698015765e-01,9.288624671357197382e-01,2.330198173836299347e+00,3.031149061501324127e+00,1.727563895984936426e+00,1.417973714378591765e+00,3.030292518258717038e-01,3.215849461511441021e+00,2.688219363587271538e+00
1.476637526956294133e+00,-7.123329181828381707e-01,-1.168844534449969830e-01,-4.798112654541659694e-01,2.419680264551236970e+00,3.612034872467256852e-01,1.944404551842214168e+00,-2.914918377670452365e+00,1.153443988727258063e+00,2.515449936771961603e+00
-8.697053231834933618e-01,1.489978290044073894e+00,-3.413878045712337439e+00,1.170846008333147559e+00,3.036236682275373244e+00,-1.057802910179782341e+00,-1.462584410023800352e+00,-1.917346968287634290e+00,3.794131881215532687e+00,2.530760703543755707e-01
2.708737085619892238e-01,8.763187357382058451e-01,-3.171211465591579515e+00,5.765041548935396776e-01,3.317636434746760621e+00,-1.051523439609982624e-01,-1.751576105866048394e-02,-3.171085645552918386e+00,4.394815013140778603e+00,1.375024152813504097e+00
-7.403208718303425639e-01,1.516555281504278874e+00,4.131656586080895144e-01,-3.074539281140893809e+00,-1.629621107031635763e+00,-3.847290150802096242e+00,2.008871211831508852e+00,3.468838196461970114e+00,-1.343271515506166303e+00,2.856439053105240267e-01
8.294234788631440480e-01,-3.166204454048098249e-01,-3.473372960661315290e+00,2.679255592789733242e-01,3.823054143842758101e+00,-9.073329662936919782e-01,-4.546112600005609572e-01,-1.209882178660022234e+00,5.026049203993815162e+00,1.618111052019659546e+00
1.773631098252686833e+00,-3.390866407227761226e+00,-1.729670728211978870e-01,3.037551592318883387e+00,2.287829291766354078e+00,-2.034430029460722711e+00,2.505023633036988606e+00,2.722801634117319125e+00,1.161829855047846749e+00,2.271915958577805927e+00
6.712332969460605980e-01,-1.501878596162371515e-01,6.120393487256782228e-01,-6.766228095571347190e-01,2.606980847320782946e+00,1.007659211857209414e+00,2.347813671752091658e+00,-1.889978540090859305e+00,1.815039548160093663e-01,1.679713871435851047e+00
-1.514649216495509876e+00,3.062597764198759620e+00,2.019169728365444172e-02,-3.278627058961931073e+00,2.566887843219149090e+00,-4.915846090823727366e+00,-1.887574007512876406e+00,3.007208533652894644e+00,6.183216934887620919e-01,-1.370160142259303271e+00
1.653087440608002057e+00,-2.676667899205364964e+00,-4.058449450360381405e+00,8.933414930135956666e-01,3.032542035045379336e+00,1.724760487195889924e+00,-1.543079506106639354e+00,-3.442718143277399001e+00,7.931734167409334901e+00,3.246094948431102800e+00
1.439230250975254588e+00,-2.879843263916677110e+00,-4.288190566573400808e+00,-2.522682764003759015e+00,5.081363659096734153e+00,-2.187990026791118314e+00,-3.219839142821404376e+00,2.962453448756412477e+00,4.906102650925749487e+00,2.735794708581468448e+00
1.023927166277146750e+00,-2.845494498583534870e+00,-3.065210960290251307e+00,-2.680538638269303497e+00,3.605102471997292390e+00,-9.166620433477046248e-02,2.686533778325452815e-01,-1.285382120764960501e+00,3.860002351284777422e+00,2.420591990863888654e+00
7.700124475426702864e-01,-1.308104563867347192e+00,-2.893711828341698933e+00,-3.240224981201416110e+00,3.442425059146980271e+00,-9.249591558468084340e-02,3.980299293866762511e-01,-2.125183246126125969e+00,2.940983669439361403e+00,2.041592959652276384e+00
-9.470406827012930462e-01,1.776892058771894156e+00,-3.101965836263295806e+00,1.883086654967895512e+00,2.411420166469808279e+00,-2.053997914657129442e+00,-8.279874838111811464e-01,-5.527328645017135500e-01,2.135807184566729688e+00,-1.606927803174762470e-02
-4.735508630437076372e-01,1.568589445845470998e+00,-2.320932664867244810e+00,-1.896231500455716201e-01,4.021096538650207997e+00,-4.277740366230748492e+00,3.417537684722864455e-01,2.605183413785261415e+00,1.953682041114257917e+00,5.367512383100719875e-01
1.008292769724526527e+00,-2.963139227576816914e+00,-3.784988050974191331e+00,1.954731196208206789e+00,2.618771486856483754e+00,2.370327950613003720e-01,-1.122948839217113193e+00,7.895922555290040279e-01,4.999412328786180915e+00,2.439646836114386375e+00
-1.548243910051127381e+00,3.320043170762168039e+00,3.290612139375647782e+00,-7.377539518195233015e-01,-2.460329030382376825e+00,2.653374709985714119e+00,2.709138594071442974e+00,-2.572697812299606923e-01,-3.943397665147084563e+00,-1.496589980044336743e+00
5.790563330826115074e-01,-8.820734648626746832e-01,-3.930928540255790971e+00,-1.064260008745546049e+00,3.281405384957069682e+00,-7.060350850540153544e-02,-1.733045973683447372e+00,-2.614148053310899833e+00,5.784024392423448901e+00,1.738794755614024856e+00
1.099239864680186640e+00,-1.918830374643822001e+00,3.069927017868386843e-01,3.095580453988183045e+00,2.593918083888740345e+00,-4.250046138074633495e-01,1.865177899950183793e+00,8.518858912217321944e-01,1.981378072987087346e+00,2.693135736329323571e+00
9.500765000078743583e-01,-5.704635891883298449e-01,9.385865762770007059e-03,1.811824318292424074e+00,2.337746918168827293e+00,3.715348918089103059e-01,1.257364034373295247e+00,-3.112220943657970196e+00,7.753692057930738901e-01,1.702493509314768172e+00
-7.009048196371081563e-01,1.647936136274163132e+00,-3.137619648780384463e+00,-7.044278338879408352e-01,3.655109190160916288e+00,-9.713068372266333572e-01,-4.734595223559225907e-01,-1.766818240367759030e+00,3.360554251844264151e+00,3.371487925079280079e-01
1.398124706200539524e+00,-1.917471132238067311e+00,-1.060096435027623407e+00,-2.018962224119701609e+00,3.454236557852172318e+00,1.264888062394172508e+00,1.022560760385544221e+00,-2.061719120424937657e+00,2.605990379115431743e+00,2.202715228022378735e+00
9.494680432526534375e-01,-1.052265549053418070e+00,-2.059275211725603683e+00,-1.972912692823266090e+00,3.518701594846867842e+00,-2.984197688268205528e+00,7.251684031459841862e-01,2.650824939399656799e+00,2.380210181685228576e+00,1.993563414147646817e+00
2.742384283441576809e+00,-3.291448353282194539e+00,-4.315070683443838817e+00,2.843975058977358472e+00,3.184518372127726593e+00,-8.188248203781058887e-01,-3.400290643960838022e+00,1.415180645664992909e+00,5.283262355661444865e+00,2.852243651703190164e+00
-6.304956082681846263e-01,1.648720643847352285e+00,9.030009356472918913e-01,3.103133053082526516e+00,-2.083559323119884787e+00,1.663830453267609588e+00,2.689042785151957382e+00,2.631954338503836865e-01,-2.117448353259216098e+00,3.988141052783170104e-01
4.368777808722817957e-01,5.210880347457704787e-01,-2.785040508370471457e+00,2.874039242953503326e-01,3.362808520753739039e+00,-7.975473746118569851e-01,2.680283472041402604e-01,-2.332327414729766790e+00,4.562591024301953624e+00,1.550010602607644117e+00
-2.047392189179869093e-01,9.009796788789534716e-01,-3.752517946311280550e+00,-1.562344909119525171e+00,3.142819063364450383e+00,-2.119953900325354468e+00,-1.526992308571968771e+00,4.221318572240244649e-01,4.101770715917288257e+00,9.865147695711369291e-01
-1.437774071257743813e+00,2.597543592895045883e+00,-1.380332260766025110e+00,1.835186038767142591e-01,2.373617237996625828e+00,-5.134752595936935116e+00,-3.314306270093115625e+00,3.478575452944119739e+00,6.529863245532157023e-01,-1.081728826855471670e+00
-1.408286716938912386e+00,2.518183422661603998e+00,-1.283079258712468196e+00,-1.847532356112934648e+00,2.748975554041882319e+00,-1.435297848680135768e+00,-1.258242168495328883e+00,-2.956565758978554559e+00,1.882433475964122582e+00,-1.063724408510398067e+00
2.342752474646061067e+00,-2.141371703081453859e-01,-3.848023561903286094e+00,-1.861978841076410429e+00,4.383109196479505698e+00,4.125915705072328299e-01,-8.970326200691403074e-01,7.401032358363481833e-01,4.353570131616800509e+00,3.006904281764473996e+00
-1.169876030539004574e+00,1.940528659335427619e+00,-2.847189758292622663e+00,2.582072203324662141e+00,3.109700080868385896e+00,-2.785092783865151134e+00,-2.010795143561260545e+00,1.218293446181904827e+00,1.839021466343640387e+00,-4.054266970700677875e-01
7.250426562277654252e-01,1.366938587060393395e-01,-4.025752066188806211e+00,3.169580644224669896e-01,4.009746896124115167e+00,-4.264376143336634506e-03,-2.075032447952794179e+00,-3.156822231691085889e+00,4.754287077054282662e+00,1.738477560999475813e+00
1.412255262106695053e+00,-1.211821750412830134e+00,-3.648397566042156814e+00,3.008479309616324038e+00,3.614753494873516715e+00,8.305724609517746160e-01,-6.191769889840950114e-01,-2.930037037901504604e+00,4.831947661615566325e+00,2.238990398450178887e+00
1.120596079100816711e+00,-1.047682395588227511e+00,-4.239494691091560519e+00,-2.862344517997554849e+00,2.957810180508590570e+00,1.599451187313574163e+00,-3.181690886932249551e+00,-2.928720585946127830e+00,6.510285666409368233e+00,2.469216273336056755e+00
7.124876038034946291e-01,-7.130609087359691678e-01,4.754922600743054506e-01,1.839148172037263329e+00,2.223885003430906337e+00,-6.812962659020505019e-01,2.010175598676351427e+00,-6.603221020780019046e-01,1.196319800160059454e+00,1.919743478158805639e+00
2.087435570016788616e-02,1.222612097904351991e+00,-3.438260676957692663e+00,-1.952552753633056248e+00,3.826084912411827688e+00,-4.397111199277797589e+00,-4.962057637680770128e-01,3.195099950906326036e+00,5.135367752999689728e+00,1.251733044390475946e+00
1.739126068166670036e+00,-1.285826019603741877e+00,-4.347459118401389766e+00,-3.126648228669400620e+00,4.266624589770512621e+00,-1.013510678808287185e-01,-3.187368908399065948e+00,2.542349362644658051e-01,1.037652637547284584e+01,3.423697334053924290e+00
-1.513216844140394368e+00,2.974865584641942284e+00,4.151672442585828904e+00,-2.129870769639128358e+00,-2.408717357008586024e+00,-1.376964885243485703e-01,2.209145959326380471e+00,3.487934000148532832e+00,-3.678278124817824679e+00,-1.351886316229766738e+00
1.910712824717350600e+00,-2.396012935184490544e+00,-1.940910978685197741e-01,-7.401642218785440264e-01,3.910471897573263966e+00,-1.378607759643548869e+00,2.912188113935047618e+00,2.155452918992309286e+00,3.599740034222874141e-01,2.982659361010781218e+00
1.440846762323144237e+00,-3.305390634301789365e+00,-4.240974598234054760e+00,1.299862675096934872e+00,3.387200798073768393e+00,-6.713598179709597824e-01,-3.382055482466454155e+00,1.286021289126428435e+00,5.363685436291127040e+00,2.417169128441312154e+00
3.279317836008355247e-01,8.692817226840947598e-01,-3.682860591022274033e+00,7.907304549829063944e-01,3.162457546524435781e+00,-6.786549317230131662e-01,-9.365007427551530483e-01,-2.798218825306195257e+00,4.704422046580527095e+00,1.460823545179816829e+00
1.163147997180859150e+00,-2.533625901201632225e+00,-2.276670356135348516e+00,3.036906282150853009e+00,4.080059821786876206e+00,-1.686139953138501291e-01,5.462100817880504167e-01,-2.746285291360526237e-01,5.683752930644766721e+00,2.107751356878290405e+00
1.941451856841217127e+00,-2.270732049508653816e+00,-1.726486008586614052e-01,-1.545029894845988405e+00,3.968486498753313718e+00,-1.893805623062565779e-01,1.224172853615963952e+00,-2.808451424753499737e-03,1.493831198281276418e+00,2.432760014459984355e+00
1.195183619668783725e+00,-2.332181186989967792e+00,-3.990700604949496633e+00,-1.156642954853188243e+00,2.995621790128935924e+00,9.427251497614249631e-01,-1.203267054042771900e+00,-2.851348687213669297e+00,4.351777870046523944e+00,2.894805819525069435e+00
1.381009954000218531e+00,2.375002072735954428e-02,9.128281132471248727e-01,-1.937669771579229039e+00,3.019170509861667018e+00,-1.270819403581908036e+00,3.462532595056461382e+00,1.476714091070489232e+00,9.155711142788922619e-01,2.178860128271999930e+00
-1.493490108015022466e+00,2.917481902617489631e+00,-1.078893517053799433e+00,-3.842255922043151806e-01,4.027079834030850236e+00,-1.349799535013664231e+00,-3.482308801710738422e+00,-3.176549023219198631e+00,9.097737971506805188e-01,-1.268158181169459775e+00
8.543586469081401180e-01,-9.690268038559777253e-01,-1.334296061107258735e+00,1.961415629653084025e+00,2.905727759701197677e+00,3.258941710254228408e-01,1.004236871076266802e+00,-1.573700866373785034e+00,1.195881532849603746e+00,2.036115168939300446e+00
1.712641252881944354e+00,-1.915265494109518185e+00,-4.254128506092319739e+00,-2.758496802029801742e+00,3.264925340247831542e+00,4.916477475252155060e-01,-3.438798504726224170e+00,-1.805821287312315615e+00,5.700769451938699106e+00,2.236200188339343420e+00
1.686433310306663991e+00,-1.692256397990901329e+00,-1.106579930211523566e+00,2.828794309943321039e+00,3.153959964584515774e+00,-1.543113306525225603e-01,1.156521145977562171e+00,1.253273942586809575e+00,1.706529091076471438e+00,2.808098462512678584e+00
5.422806441468940308e-01,5.825903426853145106e-01,-3.995798000043894405e+00,4.041038954426667829e-02,2.741841043723132199e+00,-1.114921107173452164e+00,-2.731671122839801846e+00,1.904132315586526403e-02,4.856321369132060362e+00,1.352130688270041681e+00
4.193183833055856846e-01,9.467977720432845246e-01,-1.241441013710708585e+00,2.879260471683569023e+00,3.625297129115357286e+00,-8.135438117367369548e-01,9.382654392034739388e-01,-2.150118638981742603e+00,5.852932296224537811e-01,1.540329937660325221e+00
1.311139823181131314e+00,-1.005525799329195280e+00,1.673758516285047127e-01,-1.179283387543264006e+00,2.058563019255815529e+00,-2.576532711273095133e-01,3.175962004652563841e+00,4.304388670589669452e-01,8.232063141976333487e-01,2.210761345893393237e+00
1.242266716303927598e+00,-2.427612909263370256e+00,5.825740254178254363e-01,1.941229164960407871e+00,2.739299096081905915e+00,-2.050567676715442378e+00,3.376844381023709651e+00,2.362330586635454033e+00,1.541005448002229050e+00,2.563078867726889420e+00
-8.838306444211454505e-01,1.757828545803063136e+00,-3.128056234378794542e+00,1.431168575886397676e+00,3.221606364348035711e+00,-1.228604401855849737e+00,-8.807587068165587674e-01,-1.651537177787035793e+00,1.159909717395038120e+00,1.040848707298254738e-01
1.827179972141068642e+00,-3.373360224852184341e+00,-3.767158370858407768e+00,9.939206636624753344e-01,3.464890482651508563e+00,-2.262060327836025397e+00,-7.366143730966476788e-01,3.479775927697409621e+00,6.353695971803427156e+00,3.276533770718907945e+00
-1.546517819341317601e+00,3.290149178572729483e+00,-4.514655990668672292e-01,-7.920926750637651281e-01,3.175831674300894747e+00,-1.479456952741134312e+00,-9.539618465385863999e-01,-1.575585602970885457e+00,1.897251051832918312e-02,-1.488110273939546868e+00
1.394079660720005887e+00,-7.939343112204233499e-01,-4.215406332684078272e+00,1.713442678613405157e+00,4.695613171364546368e+00,4.136094815710600892e-01,-2.613976489481171228e+00,-9.955847673635531692e-01,5.737777507131946564e+00,2.891852103362455573e+00
1.778542651201299840e+00,-2.666187197012581223e+00,2.736505216476772251e-01,-1.812215144809032452e+00,3.477982457354496848e+00,2.121607085679253046e+00,1.734410715260214175e+00,-9.642657606047935204e-01,7.518578165382284739e-01,3.078350449506414677e+00
1.256916333072860770e+00,-2.697198582415616386e+00,4.172071949874348595e-01,1.971136668387003077e+00,2.353026902536371257e+00,4.268460961941343834e-01,1.983149900995771375e+00,-5.917847416351147416e-01,1.542066717657202712e+00,2.138814818377806404e+00
8.636866033538500576e-01,-8.721992678250742870e-01,-3.889639979201062747e+00,2.788899805881610128e+00,3.363586357773353797e+00,-2.469557668081184154e+00,-1.456252520285271856e+00,2.561063717871955525e+00,6.467100696038950325e+00,2.174849029160670799e+00
4.549268967415469600e-01,9.728202482972401199e-01,-4.040321386510600021e+00,-5.385440277294497591e-01,4.061751147378101834e+00,-1.164648754604552527e+00,-3.074087195715676124e+00,-3.104074836126407444e+00,5.903869752199483401e+00,1.320642628250212169e+00
4.375320647744886937e-01,2.169640291916854480e-01,-2.337412685953357716e+00,3.473523652887990920e+00,3.957226150432391787e+00,-1.202595550000826297e+00,6.049045722822654625e-01,-1.945169297180687984e+00,2.975749353239696582e+00,1.525710350877364174e+00
1.014209183007303672e+00,-2.758203896987216019e+00,-3.905133147845362362e+00,1.366206203080055914e+00,2.802536540703064905e+00,6.300073506268002443e-01,-1.538844931677006977e+00,-1.158468106881764825e-01,4.847357245527080138e+00,2.110090061076046464e+00
1.407956592258870820e+00,-2.944211821114672389e+00,1.692420329932177725e-01,2.022610449269104826e+00,2.463852275697161698e+00,1.504629019410481439e+00,2.879541750304893455e+00,2.330062991826116203e-01,1.871738687202296525e+00,3.295993178019028136e+00
1.078827800555892669e+00,-8.709392397873036984e-01,-3.780349092280266721e+00,-3.057812367434835643e+00,3.124009218869260085e+00,4.697983611563688600e-01,-6.714304021409418510e-01,-3.427475742484882737e+00,5.355315468636540288e+00,2.432572959866827755e+00
1.231577154974068167e+00,-2.914303026163836297e+00,-4.130787681541161938e+00,-6.963029109283085383e-01,3.001401473466369652e+00,4.159440595800714124e-01,-2.338970123376290733e+00,-4.182072582984841524e-01,5.266016439045977826e+00,2.168165423223797905e+00
9.971196937973301200e-01,-1.594685105792730706e+00,9.506624469618016882e-01,1.598620774550141732e+00,2.223136373672179200e+00,1.091432395709319492e+00,2.743549406187733908e+00,-8.786938860901054582e-01,1.010661157150657186e+00,2.326888858728408671e+00
2.391038968546488896e-01,3.894370284154895501e-01,-3.671813024890214550e+00,3.338005672526396239e+00,2.581315075703556339e+00,-1.200762685019210352e+00,-1.106562325111760003e+00,-9.072785218224410642e-02,3.830096039409223607e+00,1.382135187049791547e+00
2.629048659428695478e-01,9.235298533567792845e-01,-3.996881224193858273e+00,2.749898758444857094e+00,2.702553834393203847e+00,-1.344206002822087243e+00,-3.237334080179370410e+00,-9.248086725641759820e-01,4.037322045861666986e+00,1.069493586827978460e+00
3.677128259588211545e-01,5.937144285803030996e-01,-4.009108265507169477e+00,-2.457715585642337608e+00,3.331911289179898983e+00,1.488648910207912568e-01,-2.507715988669546814e+00,-2.521819421926827509e+00,3.994673927958317883e+00,1.315643882571918555e+00
-1.408059229100417475e+00,2.607429951447962857e+00,-1.230207948173805299e+00,2.308079215468319845e+00,3.363756241996529006e+00,-4.995151359456004414e+00,-1.314066502330643704e+00,3.055792821213062282e+00,1.948548022702256466e+00,-9.940899642785149259e-01
-1.323564562875256145e+00,2.171852462059593591e+00,-1.367927621827437434e+00,-1.728714756337859537e+00,2.572311013062381413e+00,-1.130245456499040291e+00,-1.234034544933880984e+00,-1.471528968350824584e+00,1.869975677036543216e+00,-7.698395693447894761e-01
1.628394528322990364e+00,-1.885484058573954957e+00,-3.520239906964933496e+00,-3.100052995063817818e-01,3.536100564128832779e+00,8.818884654110710208e-01,-1.615749688558523189e-01,7.511854325709954594e-01,4.461686968358860916e+00,2.994259213364128591e+00
-1.158478101825961837e-01,1.110576425129480960e+00,-3.804866147147572875e+00,3.409496905810335932e+00,4.297122151737498008e+00,-4.527224649835908110e+00,-1.926437422443516123e+00,3.375583916536900375e+00,3.627544310287651896e+00,1.059695714482455919e+00
-1.163736159587447805e+00,1.851401824745901870e+00,-3.090363420954772344e+00,-2.509540602811400234e+00,3.235373333001025031e+00,-4.847407079836500543e+00,-2.676581440887519925e+00,2.966906741468262609e+00,2.218338174865562618e+00,-3.020394090653090169e-01
1.458044155979178358e+00,-2.856552133502396007e+00,-4.018470661618330553e+00,3.088156290826855610e-01,3.226688279614051691e+00,8.418021516063326493e-01,-1.761187472573370272e+00,-2.206263114091973954e+00,4.927116742393656601e+00,2.719578510190627796e+00
-1.251602980170105184e+00,2.053163085141482824e+00,1.546840435100024780e-01,3.091193033220420716e+00,-1.999666188053726534e+00,5.532420311385437550e-01,1.019957953588274790e+00,-1.013009657878183312e-01,-1.912280871096548207e+00,-5.159995385666236167e-01
-9.023619922952355044e-01,1.635336829669224556e+00,-1.872345710721471601e+00,-1.234417373356965886e+00,1.502003417470828772e+00,-1.272290561351148819e+00,6.186662563241052126e-01,-2.498776078033389858e+00,-5.540986803250586012e-02,1.036816709979981599e-01
1.512374405936524946e+00,-1.076877572951990381e+00,-3.283106694626660271e+00,2.084381531685807865e+00,3.134517431580216673e+00,-1.276758353019086467e+00,-6.534490616512345085e-02,2.486328945642363841e+00,3.440282850660557390e+00,2.723597733491677886e+00
6.404694252156186707e-01,1.808999596805547228e-01,-4.084523911898736870e+00,3.136046313478337844e+00,2.754731497788945660e+00,-3.549872315426509051e+00,-3.001458215360442328e+00,2.749524268937236116e+00,5.348503246676490797e+00,1.594318327401987867e+00
1.073979373660990166e+00,-9.959014592197235061e-02,7.578123067684130465e-01,-7.435211705597586374e-01,2.835270806159146062e+00,-8.445189019875674052e-01,2.059579095369551638e+00,-3.775960110374620982e-01,7.895236967904689651e-01,1.835874219943575358e+00
-9.270735217448018428e-01,1.574825733226199453e+00,2.650533200947850498e-01,-2.085104305288636883e+00,-1.400400755672813302e+00,-6.247037724181323526e-01,2.323252570540367046e+00,-2.557664397010499080e+00,-1.394051604616600049e+00,1.321306272337066379e-01
1.209723711022200332e+00,-1.275896851617905448e+00,6.182349937703897069e-01,1.580259302238224528e+00,2.356680238338554556e+00,-9.920308341071409908e-01,3.499844189019855278e+00,1.877460820695944221e+00,1.433313879681444414e+00,2.338622462421923398e+00
-2.689356808753884387e-02,1.108706016052376064e+00,-3.974643818377038951e+00,-7.873401465525113885e-01,3.603293398631162603e+00,-4.294264821720165770e+00,-3.217996224162931185e+00,3.303037530128284160e+00,3.660873260863220402e+00,1.133640556522748311e+00
7.434574149863171222e-01,2.612829721680949291e-01,-2.462127797586299849e+00,-1.730213431757881892e+00,3.899338677140083753e+00,-1.077400741935188755e+00,4.056679059233125884e-01,-2.226763037131277212e+00,4.814956727440391049e+00,1.617203225268445177e+00
1.659159855056829169e+00,-2.912393303676685807e+00,-3.789983841647194041e+00,-8.340339674048604657e-01,3.355952295046923162e+00,2.041795245349455334e-01,-9.198847480126408627e-01,-6.168824083623114518e-02,4.926566330044098052e+00,2.724331044071601315e+00
1.507835890578392846e+00,-3.306483634428526219e+00,-3.875942232699612688e+00,2.221317834937082125e+00,3.961218478943218990e+00,5.704377601218848515e-01,-8.161751117992546156e-01,-2.354021322623821799e+00,5.856796342700496538e+00,3.200074982266189139e+00
1.305196916144345298e+00,-3.452409992362547086e+00,-4.315316929408261615e+00,-1.180476131994761868e+00,3.079981298511632382e+00,1.088561905948598696e+00,-3.437040157444383404e+00,-1.448197450945595932e+00,5.355733604913487156e+00,2.841817484507922931e+00
1.124834726537640606e+00,-2.292261464799307813e+00,-4.196976704112443279e+00,-1.964218701610583651e+00,2.974283791995263826e+00,2.259615310188600179e-01,-2.879266809533377991e+00,-2.273817612370089059e+00,4.562447245444074539e+00,2.280179290970975714e+00
-1.475325638226419045e+00,2.795087115889795193e+00,-9.927865251481013953e-01,1.411910296369635276e+00,3.927629937901266466e+00,-4.521275397839813692e+00,-2.316636989934471202e+00,2.433880988536322398e+00,7.793481772207764280e-01,-1.224500289816425669e+00
-1.497589769576652019e+00,2.925072086573024421e+00,2.927469702580293376e+00,1.488151873150274085e-01,-2.409364167217491470e+00,1.837097736213658905e+00,1.899394893127071882e+00,1.612975682569706137e+00,-3.494144320392431169e+00,-1.315684270796770416e+00
-1.524034526506012455e+00,3.114377393309616160e+00,3.411454040306554525e+00,-1.575239976603089787e+00,-2.279731878863120009e+00,1.277976906419870051e+00,1.266359105092163873e+00,1.556382855285607825e+00,-2.872440725875066825e+00,-1.404375918581223681e+00
1.397439813398565267e+00,-2.612230923756219347e+00,-2.358839579951323540e+00,2.334224933680127734e+00,2.553346719788249786e+00,1.331033830464545265e-01,4.665747747318000904e-01,1.581067168308081250e-03,3.219993899097512546e+00,2.346872015022414715e+00
1.356587146144647926e+00,1.051837694916484267e-01,-3.204999094575594620e-01,-3.124677207751792807e+00,3.043859555898076330e+00,4.865819869984147061e-01,1.413499963724310859e+00,-2.235478318349293225e-01,1.752838442016023679e+00,2.225698893620459362e+00
5.021832611894350151e-02,8.651436202496816108e-01,-3.827608161851405733e-01,2.303351813385383196e+00,3.651206009987408851e+00,-2.157422224109883935e+00,1.558475352099714328e+00,1.108785974245131811e+00,2.252239070665668641e-01,1.169611478079255917e+00
3.313773650731355880e-01,1.013009366318313731e+00,-3.911696848158081163e+00,-1.956883774817517185e-01,3.809840173214008363e+00,-6.195109350960426031e-01,-1.983941514848396981e+00,-6.007669462976097385e-01,3.911683196444712518e+00,1.261575080985414710e+00
1.479026073910695072e+00,-5.678149766295668144e-01,-3.880437575980852039e+00,2.121194543309817604e+00,3.451651442104143985e+00,7.534529723529223011e-01,-1.492564408000652154e+00,-2.678193610385469547e+00,4.417311418902449383e+00,1.838924933150133834e+00
1.024337073287401978e+00,-2.809922498337361407e+00,-8.317371732662268702e-01,3.439490167003382837e+00,3.564618676597033353e+00,-1.427452033944145993e-01,1.050594389968519060e+00,-2.540871032735229740e+00,2.815040119888072567e+00,2.177072768513419021e+00
1.582848804326833836e+00,2.443020720900310749e-01,-3.868437928069161647e+00,2.487223781408681944e+00,3.287098538076712373e+00,5.751381158655086701e-01,-9.486008506737202417e-01,-2.655290787879063252e-01,3.927370455428742968e+00,2.660407375619971759e+00
1.217348956541118188e+00,-1.660075328678133566e+00,-3.410397958854096245e+00,-1.866081241648336331e+00,2.779781963568719316e+00,-5.289228839320522235e-01,-4.468745463628986947e-01,1.257603643921262560e+00,4.576111797890111355e+00,2.574158656926684330e+00
-9.786513405274736010e-01,1.658406586204980826e+00,-3.477209987708772321e+00,2.132715974488569977e+00,2.803951049439532550e+00,-1.626740804942522267e+00,-3.209939221926502828e+00,-3.089961399168006828e+00,2.530380220802280533e+00,-3.080704276166114364e-02
1.114443709140924499e+00,-3.274927492911322346e+00,1.309801604605784098e+00,3.397209206081853949e+00,2.370918500733226075e+00,1.917516751334747749e+00,3.451947225901291105e+00,-2.176525539533746390e+00,3.635823400250803861e-01,2.427293340097479657e+00
-1.308561447184227511e+00,2.144579502156436668e+00,-2.456806392051251731e+00,-1.860475603234692965e+00,2.899525073292656074e+00,-1.819122006598448360e+00,-1.943530481588206182e+00,-2.587988453181065296e+00,1.571462730283969211e+00,-6.481236941410023489e-01
1.308532131623579842e+00,3.658356434485874331e-01,-3.694709440155720337e+00,-2.527761563735455574e+00,4.185954335171818919e+00,-3.929248309821934404e-01,-8.861316431918155878e-01,-1.954996647976666502e+00,5.111677602489345773e+00,1.939962524292907498e+00
1.082633930169184966e+00,-1.993332113975926356e+00,-4.060528638131658319e+00,-1.325457692298185552e+00,2.704099169635318489e+00,4.445208238113952381e-01,-2.654336520756235718e+00,-1.877160904394554741e-01,7.801986650817972269e+00,2.072229092356868918e+00
9.493503159003078284e-01,-9.614734170703975735e-02,-3.527742508050518033e+00,3.153996493447270844e+00,2.998200460288829916e+00,-2.790458747243574900e-01,-5.111109100749131606e-01,6.213561418434938588e-01,3.803803651133562891e+00,2.248078347679844491e+00
1.075735609775139823e+00,-3.713991227255011296e-01,3.736979483199902585e-01,-7.925927520648943236e-01,2.300841595243289461e+00,-2.921616967790645170e+00,3.175802059831844382e+00,2.954821205128809858e+00,4.945217288677222767e-01,1.884954552444010112e+00
1.192100681250296779e+00,-3.224421968047042064e+00,-4.160737891218056816e+00,-2.523341383418062911e+00,2.735201530576717222e+00,3.753311967705833530e-01,-2.097288251677990711e+00,-2.860159077596768462e+00,7.756544125570255410e+00,2.800661838688877303e+00
1.422863103269779383e+00,-2.021031063467652711e+00,-3.284075700196333880e+00,7.943370495042021417e-01,3.837038744399296597e+00,-6.564066843218185898e-02,-3.369368084067447811e-01,5.232901776892173729e-01,4.938178319181269593e+00,2.924509794048204991e+00
-8.605645864933687550e-01,1.947304693448338675e+00,1.222466138780413436e+00,-1.668318732553703887e+00,-2.316556176498850927e+00,3.093763799940445924e+00,3.220268564819686929e+00,-2.135628467213166459e+00,-3.024478814228679369e+00,-1.831708076469651392e-02
1.788883200313577060e+00,-3.010087392515665705e+00,2.137064042802936381e-01,1.129024400282986562e+00,2.906680398439156932e+00,1.702363202683637167e-01,2.342533674436509727e+00,2.438475575066125778e-01,7.004967628308919059e-01,2.886834011154103763e+00
1.398627387985945658e+00,-8.407867386805216725e-01,-4.262373345437686645e+00,8.958195487817652847e-01,4.303922797528183963e+00,-9.911297477653354671e-01,-2.450695738812711966e+00,1.743122035000377323e+00,6.139059672643965015e+00,3.619012599298219168e+00
2.577937642331559864e+00,-3.117005729996506602e+00,-4.203320546193216600e+00,-1.705896511759940726e+00,3.320180182921210754e+00,1.458799162551302486e-02,-2.680255139751571480e+00,-1.551982091824283927e+00,4.623226487919514405e+00,2.397066546753537697e+00
7.262386773700953979e-01,4.596973840189915173e-01,-7.761929401424301211e-01,-2.248083149433023564e+00,3.045940094345820359e+00,-3.324209146354518474e+00,9.976599023886816298e-01,2.966659658021590928e+00,1.509718291962146353e+00,1.755526718743087189e+00
1.085386378177385147e+00,-3.019727782570543084e+00,-5.504643669665105765e-01,2.498939124274285106e+00,4.152055373945334082e+00,3.753020277117199988e-02,1.434068583290220467e+00,-8.930723750841709219e-01,1.179844581526922731e+00,2.432430993272389763e+00
4.082514169462228559e-01,9.222144876955162829e-02,-3.265124082998870580e+00,-3.210882297115824180e+00,4.517087767850105351e+00,-2.381885401662426904e-01,-9.007333486226709596e-02,-1.228819734356751070e+00,4.461136857794472554e+00,1.567504871826407964e+00
2.154468755347037856e+00,-3.403871932133779588e+00,-3.543874630197786590e+00,1.510055509077607994e+00,3.042816602687949956e+00,-1.886904112510647602e+00,-3.565234568530057935e-01,2.583475415964072042e+00,4.093306714350160469e+00,3.373378465341538845e+00
7.388764794504484312e-01,8.174138721002339736e-01,-3.101940317193212060e+00,-1.462497511231093394e+00,3.260435562782711294e+00,-8.091749241861972974e-01,7.065406716906696971e-02,-2.844614930619480120e-01,2.648033206451191113e+00,1.392809839695919649e+00
-1.159124553182475426e+00,1.868920797760363683e+00,-3.101599221105617588e-01,-3.401876940759247514e+00,5.315828746177723163e-01,-4.587308145424178640e+00,6.526506914248138003e-01,3.255761526910275094e+00,-5.060547115549581809e-01,-4.108817520444659199e-01
3.583590793468210967e-02,1.229155480265104572e+00,-1.184384381630246619e+00,-2.147849062678740317e+00,2.789229644712043932e+00,-1.535524670642731682e+00,9.184273216993599220e-01,1.237540589246049372e+00,1.465807717976719271e+00,1.140567570104705108e+00
1.882139023871396866e+00,-1.301963099469075402e+00,-3.775791884671831689e+00,-7.707063901673310014e-01,4.702403852672428997e+00,-1.292679188352599651e+00,-5.816525546672082214e-01,1.832572042417892177e+00,5.507585967009261729e+00,2.928381510898977247e+00
9.149249337844232999e-01,-1.796522917738058833e+00,-1.044632551055437730e+00,-1.759051297121620117e+00,3.204604675679864290e+00,-4.770889763787968807e-01,9.340454568334548568e-01,-2.675683447692805750e+00,3.449988100910033495e+00,1.879227802348657272e+00
1.329288122715451825e+00,-2.599980791081690779e+00,-2.480865966184942373e+00,1.804654457028815884e-01,2.766815984415504470e+00,6.536353695928257546e-01,6.420224428457119714e-01,-1.514551758661059733e+00,2.569814227939009488e+00,2.899462856810611111e+00
-1.302494520454373639e+00,2.054568476099183805e+00,-1.087653304803365639e+00,2.318388371569267470e+00,8.842269428619280447e-01,-4.635329341607646647e+00,4.817576645728198770e-01,3.224852707194662216e+00,-4.571970022611255291e-01,-6.475016172763224942e-01
8.603862396345183239e-01,-2.874393493640608810e+00,2.306492416820936864e+00,2.911353190014356329e-01,2.208130587276082579e+00,2.037540961646588378e-01,2.666998200334937508e+00,-6.074114241983323836e-01,3.772739477706811839e-01,2.057482026282806853e+00
-2.406765279123153078e-01,1.200443091919488836e+00,-3.490812652157042617e+00,-7.863421697718302461e-01,3.130651316201650936e+00,-3.726494307754517621e+00,-7.791401087133866810e-01,2.248985699810916117e+00,2.867993785875821988e+00,9.225075579135075809e-01
9.925321250184753197e-01,-2.824748913169472520e+00,-4.190312952167389859e+00,-1.381338722081601578e+00,3.812682413746072196e+00,1.090937263495596499e+00,-2.762151115906965604e+00,-3.373513541582120467e+00,5.144289867808987893e+00,2.278599503915892832e+00
2.439110817308586809e-01,2.009254252364485183e-01,6.966975407188635838e-01,-2.935997384424597900e+00,1.889687175071498970e+00,-9.488311585421222993e-01,2.289917203799597623e+00,-2.090408588312449023e+00,3.104428441827249419e-01,1.350321104310537645e+00
1.310262797351062769e+00,-2.476517164077193467e+00,-3.091289676966035849e+00,-6.823725602608528007e-01,2.648200566772632936e+00,4.806332897139454774e-01,1.630834791371795767e-01,-1.909302822848362391e+00,6.008675331204349490e+00,2.228967466224208493e+00
1.643404100476236307e+00,-1.479244946144963713e+00,-3.254353151488452500e+00,5.420405711597471310e-01,4.432321992233876351e+00,-2.492032975331148759e+00,-3.072365072869525093e-01,2.681158417597849564e+00,7.158665633778824144e+00,2.430058608577279511e+00
1.001279887039726368e+00,-1.412072898416904643e+00,-4.185343279547653061e+00,1.507507236268508244e-01,3.091636565772714285e+00,-2.296176261897170612e+00,-3.067921178479426025e+00,3.134394492579474445e+00,5.108198140611785121e+00,2.223311299860643686e+00
9.756345687067800032e-01,-9.667318082654405842e-01,-3.997084068299674886e+00,-4.308749216484963895e-01,3.410952169461250350e+00,-1.063988868814165767e-01,-1.582574305609422582e+00,-7.800236918743803649e-01,4.511075629242444762e+00,2.436677349301753281e+00
1.468612524494608662e+00,-2.712579328639127763e+00,-4.249436586690955586e+00,9.400139109344820554e-01,3.836256226704507277e+00,4.102233194441762265e-02,-3.168922940046311698e+00,1.268308670696518092e+00,4.632717251505201084e+00,2.478266561660637191e+00
1.563731000267542193e+00,-3.080838229145121510e+00,-6.342684961693216827e-01,-2.572218941587814278e+00,2.490054728392831151e+00,1.840648840923926333e+00,1.324283096385655334e+00,-3.413559970269934851e+00,1.823029959506840436e+00,3.146224883266267369e+00
4.261753817223428165e-01,8.309646415195386382e-01,1.697458761477713685e+00,-2.209028791452323226e+00,3.019743174520700180e+00,-1.200079252646270245e+00,2.679951025003323828e+00,1.343210438333942491e+00,8.734390956483133461e-01,1.454605522996994083e+00
1.411399479277059443e+00,-2.706796753930237109e+00,-4.204055086955795772e+00,-1.453164707059878769e+00,3.068020023832869647e+00,2.199363607452202274e+00,-2.497926255997409584e+00,-6.279999217064275996e-01,5.028366113855910591e+00,2.868193293865299420e+00
1.769819452529873605e+00,-2.304140070026950315e+00,-4.288454790295863184e+00,2.257269816114289895e+00,3.278626603310462073e+00,-2.061272263917782954e+00,-3.157333907840481402e+00,2.437308663317386603e+00,4.460694567650753228e+00,2.793074016743585464e+00
7.967664304948772758e-01,1.102682693825368432e+00,1.230263173955709499e+00,2.689442053262727228e+00,-1.024863053396228407e+00,1.045177401851898225e+00,2.948327745145552292e+00,-2.928713883826036035e+00,-9.798484598744479079e-01,1.397333364811602419e+00
1.659558828670596675e+00,-5.033351569226560684e-01,-1.202229455503371458e+00,-3.339440938472496789e+00,3.126186151009585856e+00,-2.243491053480138220e+00,9.353102723031181398e-01,2.783933195671814964e+00,2.418754259760270919e+00,2.582819693379540205e+00
2.977766969539307751e-01,8.651225816274639158e-01,-4.004128665990920766e+00,-1.751734700921836252e+00,3.772218793017500182e+00,-1.025504326279525813e+00,-3.049785568906979272e+00,-3.431426286349186228e-01,4.601971630224759302e+00,1.231566051953040253e+00
1.244119689888476543e+00,-4.388013830164783080e-01,1.281537234005460268e+00,3.121749254313762378e+00,2.125811423148040724e+00,6.913626652480168167e-01,3.314228279555716306e+00,-4.285719428102297002e-02,7.660571748194061614e-02,2.426010452063309231e+00
-1.547478153221592434e+00,3.290586839711505895e+00,1.176888548135433199e+00,-3.335777752786617256e-01,-1.811888907443217178e+00,-3.233193562272880683e+00,6.403058241829784336e-01,2.796584335171332647e+00,-1.585773959357393625e+00,-1.482121051291711789e+00
-4.806034957380965755e-01,1.507446034348947528e+00,-3.892890895630904069e+00,2.731219929413621905e+00,3.404260628306349012e+00,-9.972495843120587899e-01,-3.453162432371749802e+00,-2.007147954776951071e+00,2.846787040909722677e+00,7.114100975005359651e-01
1.353987240233843314e+00,-1.430508556008029952e+00,-1.605817389290157937e+00,-3.204769551806303518e-01,3.197931364369893892e+00,9.339402760906294620e-01,7.878856383126100482e-01,-2.840846694809814554e+00,2.446182426233820539e+00,2.201932589121315065e+00
1.465272578228567379e+00,-2.992205056079145109e+00,-1.766146629430792592e-01,6.900897469746034574e-01,3.176122595827369999e+00,2.233353571899633128e+00,1.676365812223599150e+00,-1.999676646248489842e+00,7.107487075497055384e-01,2.859470800163784965e+00
1.804013760099945962e+00,3.551060576485411957e-01,-4.172289350282158082e+00,-1.916462226841378236e+00,2.859567226700761911e+00,9.800254376115171695e-01,-2.881482654020175005e+00,-1.075261619732721829e+00,4.214221312259502916e+00,2.093410405021281839e+00
-2.832708595331033807e-01,1.102635555123184119e+00,-2.576001965203891242e-01,-1.905824843033656180e+00,3.865338826490017254e+00,-5.564297904358029845e-01,1.492432608645587244e+00,-2.595741689181827017e+00,3.060405234570378052e-01,8.919482292377106658e-01
-1.505053909343004870e+00,2.976681068366618277e+00,2.220225786292258086e+00,-2.155256833855633491e+00,-2.260491209290683923e+00,4.019992854528881665e+00,1.171528596561810964e+00,-2.298575567715224643e+00,-2.845668617494966135e+00,-1.355303282825739197e+00
9.274879704449366935e-01,8.909934565464565637e-01,-3.884552457784921309e+00,8.829699520192786366e-01,2.679960473345515126e+00,-8.220385802825501687e-01,-1.114842806468255176e+00,9.132903007468051726e-01,3.660198898212554397e+00,2.411919597589563757e+00
1.458264179090240864e+00,-1.786883010645201386e+00,-4.219810732107476703e+00,-5.333445731761012887e-01,2.816482454660917067e+00,1.554150949819161909e-01,-2.821009917002392786e+00,5.635577566549923034e-01,5.874612646405871885e+00,2.458644353775172320e+00
-1.356208286213068659e+00,2.387802673542592125e+00,2.945123321456003751e+00,3.923318660200094676e-01,-2.375199068019116400e+00,2.374652953095861552e+00,2.294276249652194899e+00,-2.551104709306046825e+00,-3.249419178207664682e+00,-8.617525422321080653e-01
9.520123800443719420e-01,-5.148049606439366599e-01,-5.014790846647627642e-01,-2.590323424237288563e-01,3.744875618020077290e+00,-6.850915585415031650e-01,1.332642651831185354e+00,-1.258036420040181458e+00,1.068194111418644399e+00,1.711140400690085217e+00
4.712405177550870183e-01,5.848410003707318339e-01,1.608613057453953887e+00,-1.812703589391426284e+00,8.220772536871026048e-01,-2.803794286157074822e+00,3.134991957048620215e+00,2.189964904720037353e+00,-4.514799645839672193e-01,1.397169372106533469e+00
-4.719463925305191765e-01,1.576995495128580060e+00,-2.932012079070091648e+00,1.083752128638136192e+00,2.729531388029711625e+00,-3.956563340619687175e+00,-1.613887006390264389e-01,2.561869644324578310e+00,1.289930582076551202e+00,3.714912684954878586e-01
-1.394477361084947686e+00,2.579337963258577560e+00,-1.345074163331330785e+00,-3.205809975453606242e-01,2.479152942566999140e+00,-4.257748578784264382e+00,-2.293300204624829863e+00,2.158299936100142702e+00,1.623828339041978319e+00,-9.847072872557909307e-01
1.535570464705855454e+00,-1.200533484372521276e+00,-3.791627201754426135e+00,-9.147467842856578102e-01,6.665797788663598844e+00,-9.375836777538480993e-01,-7.945057892238853725e-01,1.948451068842473433e+00,4.385468674455329285e+00,2.816039794076465874e+00
-1.542016090482500212e+00,3.270451602789122170e+00,-5.796679278222187648e-01,5.382019722639057591e-01,2.565730711639004014e+00,-1.975201632897456427e+00,-3.442803590662086410e+00,-2.853633223439680844e+00,5.534717830078963452e-01,-1.479105787586771026e+00
9.735624996424154798e-01,-1.127307820892544221e+00,-3.472433242693266475e+00,2.948728362411522141e+00,3.021316364584731406e+00,8.649993929987745966e-01,-2.110592275219627112e-01,-2.659126877422467228e+00,4.792948418518769849e+00,2.406228435971893731e+00
9.658536174836561683e-01,-5.542410043153607191e-01,1.306098116206376059e+00,-2.051755638810206506e+00,1.495723748452802315e+00,1.195277579617582964e+00,3.412787989611575590e+00,-7.795111730321582222e-01,3.913831984165019873e-02,2.205297677322508143e+00
-3.822514746499978688e-01,1.240349786746187455e+00,-3.829202567369196508e+00,-3.054117358929575143e+00,2.957638275260044747e+00,-4.007583194790593772e+00,-2.627856621798636105e+00,2.280825921531815403e+00,4.571267523626663554e+00,7.851765663869074707e-01
1.441691888386503972e+00,-2.540394615833792891e+00,-3.384796360545239136e+00,-2.893990716467668367e+00,3.513885867099342253e+00,2.958489204996685107e+00,-3.352433810574151352e-02,-2.811249097622535054e+00,5.588027856458813503e+00,2.692323456400759429e+00
1.026279697565083415e+00,-2.000799381438493008e+00,6.591204812510234046e-01,-1.966025800691686864e+00,2.171721072476184400e+00,-1.591625539182295324e-01,1.704880449595612468e+00,3.654466469714963139e-01,1.055244321923259232e+00,2.096905554284168360e+00
1.347096497992794628e+00,-2.910956154009868069e+00,-4.362238374375509764e+00,-2.802954275362088410e-01,2.802665543336742449e+00,-2.209286220976744985e+00,-3.428473220890707829e+00,3.030651890583594188e+00,6.563545764470977595e+00,3.331022439667149726e+00
-1.563184652269069774e+00,3.433095451216365390e+00,3.943065695383878300e-01,7.901944348352669678e-01,1.972129254411343569e+00,-5.117950172841576162e+00,-2.631091198164990264e+00,3.397891389222230885e+00,3.700189537140569085e-01,-1.545878269103377223e+00
-9.572028844127004055e-01,1.778662542616191722e+00,7.392609340427930276e-01,-1.749565799168023350e+00,-2.168685912469619836e+00,4.413221449194080770e-01,1.799115653684872029e+00,1.764612891277206330e+00,-2.400868226420891371e+00,-4.917241642295167026e-02
1.069253480827497826e+00,-1.287512856333681732e+00,-4.202879564129238799e-01,1.943882314030787484e+00,3.323167588843524367e+00,-2.584917372679810921e+00,1.587672008987072836e+00,3.446731232242254528e+00,2.822104001784933924e+00,2.390622020789526569e+00
6.168945294690250103e-01,4.198963876288401842e-01,-2.681644798216313852e-01,-2.370007206434213032e+00,3.633211001349909708e+00,-3.584859617575259616e+00,1.774935574594536547e+00,3.021197232211137340e+00,6.300525391185072266e-01,1.713958907705606993e+00
1.162088470072505597e+00,-2.511281496451342576e+00,-1.977295703875273092e-01,-1.493625872422478462e+00,2.761075534331314252e+00,1.272891951121241094e+00,1.847936099040962787e+00,-1.139481842988439020e+00,1.115013310297914728e+00,2.802800074246424522e+00
5.420465352621433031e-01,1.989376681321481932e-01,-4.259412038357632824e-01,-1.476434211400354801e+00,2.552269187375988402e+00,-3.404058111671400155e+00,1.443613457859276750e+00,3.002601114867029963e+00,1.014110028571292510e+00,1.665574864026226454e+00
-1.529840779118985417e+00,3.143365169152445127e+00,1.503998367268411407e+00,2.973694541070307729e+00,-2.004540800059893879e+00,9.978422289796178291e-01,6.115803777674546637e-01,-1.424918076202160044e+00,-1.915030111556160319e+00,-1.426418969292972738e+00
1.373634777063236001e+00,-1.044765794975474726e+00,-3.786557102401315156e+00,-2.019849153704234457e+00,2.916006264300766926e+00,4.739963171562294741e-01,-1.088598019262487782e+00,-2.796202527014012063e+00,7.587303122512150999e+00,2.097163013977747070e+00
-1.366381816086395640e+00,2.269362113848222506e+00,2.584186481902058574e+00,6.867077241516419406e-01,-2.404081642426138643e+00,2.906891029570726204e+00,2.888142395499907700e+00,-7.527748086732581889e-01,-3.458652374843705246e+00,-8.394727256849829899e-01
-3.751288309713302072e-03,8.319535638194217597e-01,3.205161659784058203e-01,2.350629721697723440e+00,3.143685178572928063e-01,-1.349582672510082793e+00,3.217903573868662548e+00,4.021437937244520811e-02,-6.407059664567302804e-01,1.126651316120875990e+00
-1.467475315685495385e+00,2.750360478485757376e+00,1.225333111009729858e-01,-2.781638160328746778e+00,2.160185670733318908e+00,-4.926496974211532986e+00,-1.266678844767131551e+00,3.088591941780214789e+00,4.104121123854883590e-01,-1.216001391141964705e+00
3.616527205977192461e-01,-5.981929277822128910e-02,-2.321274641739480060e+00,-2.232855869523486803e-01,3.261077305564859419e+00,-2.791283201852714058e+00,3.473956028028255538e-01,2.211275471714706953e+00,5.235075508046199033e+00,1.514151947348794991e+00
-6.394815900067059022e-01,1.315038970427750087e+00,-2.030590320851621833e-01,-1.606711239637878874e+00,1.461389283991858079e+00,-1.190882650744426563e+00,1.882616374192226161e+00,8.685365040435764072e-01,-4.895660841567160970e-01,5.047795164024775350e-01
1.244275114627762413e+00,-2.574732375994473799e+00,-3.190010974018470780e+00,-5.795475018959068692e-01,3.090527808242663710e+00,-2.330944088384482971e+00,1.601225039207729850e-01,3.474179711055579212e+00,4.735882901548403190e+00,2.827599677721603921e+00
1.941537633381838379e+00,-3.426551261666718418e+00,-1.321810082316161150e+00,-1.665780262027627412e+00,3.184657320278964754e+00,1.729555754310291960e+00,9.839467119304590170e-01,-2.732798050452966976e-02,1.726106391832880949e+00,2.400354058980650684e+00
-1.314317042750818842e+00,2.153132909090914815e+00,4.303052000695474777e-01,5.861536034481460433e-01,-2.067817347464959710e+00,1.105261866332053255e+00,9.198460502055718635e-01,-2.901483853494913223e+00,-2.027273140754791925e+00,-7.525396312096812590e-01
-6.809336696933216970e-01,1.317164274303541660e+00,-3.403688350222773273e+00,2.840770960416663549e+00,2.678554446688739432e+00,-3.152909317738517458e+00,-1.471341589179756326e+00,1.714706126023494370e+00,3.468949429011584318e+00,5.758531047647371670e-01
-1.544345613730176314e+00,3.291261470107042619e+00,7.316821776397708366e-02,-8.353687304220689391e-01,3.498428475871404153e+00,-3.846981927096012832e+00,-7.634861598236972746e-01,1.874872492731320506e+00,7.800005536426606323e-01,-1.479279459887883341e+00
1.113221728845643188e+00,7.177330572665638897e-01,2.478064889295831241e-01,-3.197446685466640126e+00,1.668498689296057380e+00,6.191993095244228140e-01,1.909167328353883697e+00,-2.008827420664855534e+00,1.157334329694992281e-01,1.596479983003837200e+00
1.529652026614944926e+00,-3.242740622817231078e+00,5.709329894226856661e-01,9.962764713780538628e-01,2.513716554477243292e+00,-1.069449368656485155e-01,2.943015671189199267e+00,-1.021861237234007458e+00,1.840757964376725564e+00,2.308760883089947757e+00
1.925229320557421797e+00,-2.572230419961400116e+00,1.923009309704548198e+00,-2.446614987125403040e+00,2.063907902302564601e+00,-1.830437306815300813e+00,2.774128875949919859e+00,3.296122817644080882e+00,5.013167069779814744e-01,2.773240703738551360e+00
1.086969651853781915e+00,-7.988358425043560196e-01,-4.122200697258743496e+00,1.424128299347595217e+00,3.413327516431439612e+00,-3.134630334886699954e-01,-2.760318918436320601e+00,-3.201331533605810797e+00,5.322582051471835385e+00,1.785576448126076743e+00
-9.859354558093116339e-01,1.766475689212512634e+00,-3.248648746274601873e+00,1.103230897251965992e+00,3.177179267937028762e+00,-1.919096154197977855e+00,-2.291242775406150400e+00,8.393538137424325640e-01,3.056816378967440073e+00,1.183291527766054951e-01
1.333183258512064429e+00,-3.206136943267584805e+00,8.118770456025221627e-01,-2.662582110403646229e+00,3.382906694184042884e+00,9.254531008982724849e-01,2.760809949203864910e+00,8.688852371633934979e-01,6.724097519871925499e-01,2.661331839960483059e+00
7.048583930017561228e-01,-8.660955690659637440e-01,-4.169847235065129887e+00,-2.446764829340993597e+00,4.943776376674165363e+00,8.394806268879428934e-01,-3.318806529048730525e+00,-2.850105222793688053e+00,5.386494716676987871e+00,1.976803635626062983e+00
8.577785936617626783e-01,3.401502847871284985e-02,-3.553235583687095467e+00,-2.360075971309921972e+00,2.940167709418455733e+00,-4.779815401631166694e-01,-3.547416184415563833e-01,-3.153210241471397612e+00,5.035686938878581209e+00,1.883786780876818279e+00
-3.586571167188079001e-01,1.275390600963542731e+00,-2.479136537371021021e+00,-8.922593948933936758e-01,4.378344195819575901e+00,-2.976686243176754676e+00,3.816517575219782188e-01,1.446858333587105250e+00,2.286083385502671650e+00,6.712274261370045902e-01
2.202994409361253236e+00,-3.194169387171663210e+00,3.155228993404506355e-01,8.294711437733477410e-01,1.999898344808123785e+00,6.182547940148999110e-01,2.383636515290439739e+00,1.166197428872121300e+00,6.244957666482831016e-01,4.377378225471642459e+00
7.334949043608613994e-01,3.254538868655014738e-01,1.125454794090141042e-01,2.579489993396958170e+00,1.304043567091811573e+00,-1.521563343992452078e+00,2.931486631712174606e+00,2.139167067000293798e+00,-2.098877295631092765e-01,1.792320307053659079e+00
1.862307040297075389e+00,-2.879252051697494430e+00,-4.270722203226382518e+00,-2.962570391968708527e+00,3.238888177525323542e+00,-7.952240596915314264e-01,-3.075881956833514508e+00,1.541009159670323925e+00,4.815346979124394799e+00,2.679955100390082556e+00
-1.391240832491005497e+00,2.421582680446775271e+00,4.212891039723598574e+00,-1.236419425648610293e+00,-2.406747335612699157e+00,4.450275128368133437e+00,3.206413842231427225e+00,-1.444398631673611710e+00,-3.527203808236745175e+00,-1.006912353438015328e+00
-1.561541160314006804e+00,3.425040924030048117e+00,4.634932224770432541e+00,2.344745216898313167e+00,-2.458283454450602701e+00,2.687619480293334195e+00,2.685316272353245992e+00,1.228429911940351005e+00,-3.967649350538547726e+00,-1.542561527539695776e+00
1.275984235733146788e+00,-2.495376531869918146e+00,-3.747371672841070200e+00,2.622608731027168183e+00,3.870210958801426848e+00,1.264243593231275220e+00,-9.379927419234039832e-01,-2.921041292530574651e+00,6.028466746933776932e+00,2.597445176512179987e+00
1.317176818218255940e+00,5.510966582599508001e-02,4.920434634300838717e-01,-6.790063791921325809e-01,1.453876932923126697e+00,-1.175134308916279569e+00,2.908978705883791704e+00,1.277790037758951947e+00,-7.778495841495325358e-02,1.708977895457706175e+00
1.617135100675025416e+00,-3.458823269542747880e+00,-3.232602461042138220e+00,2.057291326596280001e+00,3.056844000534876482e+00,-7.235676124602516412e-02,4.653039564220096125e-02,-2.710916907685580135e+00,4.229797768319458307e+00,2.262509398018695883e+00
2.375529501695498702e+00,-1.367272862865489991e+00,2.665192729659936477e-01,2.433529357697773676e+00,2.207720950521213865e+00,1.216099108687559216e+00,2.888008661844425617e+00,-1.957274246177904908e+00,1.776843437668344516e-01,2.594586828984648541e+00
1.632696888393230239e+00,-7.437579177249316054e-01,-1.746350926207232701e-01,1.005666674270638161e+00,3.206593785942127184e+00,-3.185486155217474025e-01,2.169972952946933376e+00,-1.621012392639897826e-01,7.369063885430843230e-01,2.027633482428279788e+00
6.684058767103067122e-01,1.698732300985517085e-01,-6.012626246472474456e-02,1.224854389979948444e+00,2.313607316449989515e+00,4.832452036826333508e-01,1.576187834324694670e+00,-2.990658140444431012e+00,1.220636452485958534e+00,1.687312027087702004e+00
6.635362343692768894e-01,5.295500261242676032e-01,-4.139148296502082935e+00,-2.035596537919539095e+00,3.086554252977993684e+00,-3.449108433181023781e+00,-3.320876379071830531e+00,2.806737841719423088e+00,6.155841405643272424e+00,1.674738905153711155e+00
1.326755353168855844e+00,-3.280999504246655540e-01,-4.169741105817817761e+00,-2.231528208424590876e+00,3.460757511321987501e+00,2.285450909596509206e-01,-2.848624592762909025e+00,-1.254864857913432274e+00,6.093377013124692709e+00,2.110556614270975295e+00
2.646849876208871577e-01,8.516751591049525061e-01,-3.932722234957706675e+00,-1.749226826400614776e+00,3.534803736534620988e+00,-4.953386697913686465e-01,-2.130901408156173016e+00,-2.758659944206032666e+00,3.700754640540186546e+00,1.222761270475937856e+00
-6.639152511408670243e-01,1.617163754451111934e+00,-3.666110999926199376e+00,-2.860774812250209465e+00,3.662354816735328811e+00,-3.029727218844603165e+00,-2.286110112402218064e+00,1.310885967632073879e+00,4.140362636965626564e+00,3.972254290641647478e-01
1.342642941197150996e+00,-7.730523413269096977e-01,-3.705018200413343621e+00,1.984410380982614797e+00,3.686391216568154050e+00,3.472201285761571388e-01,-9.419662217255000414e-01,-1.620334004224550650e+00,5.415975095235600278e+00,2.354096005812500891e+00
-1.400632888335251014e+00,2.431628771080207585e+00,-1.216910820124730730e+00,-1.277590903352724183e+00,3.254740541027407730e+00,-3.268642477697365933e+00,-2.410043720809957879e+00,1.277622159878401220e+00,1.838409458348754466e+00,-9.746047311151013748e-01
2.201879235256502199e+00,-1.925882394567436595e+00,-5.692530494641199201e-01,2.690681139174463610e+00,2.735427433878916403e+00,-1.028656824620422849e+00,1.015289698946291175e+00,2.278721617089792595e+00,1.297890060049253780e+00,3.248528672905633741e+00
1.096198756633919746e+00,8.394775538131042936e-01,-2.837834105924342154e+00,-2.078881788459695734e+00,2.772342271653174706e+00,-1.040091661155153835e+00,2.094489429444506001e-01,5.123159504977179424e-01,3.036347273940529501e+00,1.736326743773177306e+00
-1.482106218162050348e+00,2.972287705685443981e+00,-6.678047754599897301e-01,-1.017945186627327470e+00,2.717445296902611496e+00,-2.086416931673964026e+00,-2.846784983865390473e+00,-2.258217495612530268e+00,1.932118172387820465e+00,-1.296969993431987378e+00
7.442127215929829065e-01,3.761177518869791570e-01,-3.763411816656656583e+00,-1.787052718239998450e+00,3.150197159132786418e+00,-2.748898744765536639e-01,-1.095193766990225637e+00,-3.210909974289311020e+00,3.986620385269936229e+00,1.636560909415287313e+00
-2.111506236948526849e-01,1.084085421838431706e+00,-3.264930065755890176e+00,-1.607945973392261196e+00,2.863811722998324871e+00,-4.326567692257894393e+00,-1.847679725609974177e-01,3.124837054877880327e+00,3.557573628193061666e+00,1.016307853874333089e+00
3.918751909740222361e-01,6.402744468766750074e-01,-3.823181901592081378e+00,1.552897132548137549e+00,3.419590011655165185e+00,-1.772403407438035927e+00,-1.556832630915370830e+00,4.625079806897107737e-01,3.874642204995097927e+00,1.245702383032939453e+00
-1.550177253183782078e+00,3.289586860593715301e+00,2.638420756941973533e+00,-3.343926844426845513e-01,-2.023430615105020980e+00,1.010206658835698157e+00,7.518432736057434340e-01,-2.082839838756049389e+00,-1.947192215230253431e+00,-1.494785323158728030e+00
3.229870689512024384e-01,3.611218674232654635e-01,1.866165265233389881e-01,-1.910540426617765242e+00,2.850536652516320935e+00,-7.781103444678364456e-01,2.128183338742396735e+00,-2.113657424233114313e+00,2.502665105886089369e-01,1.441917660317148631e+00
1.600575406895145658e+00,-1.017842567791337416e+00,-4.115547885625754354e+00,-6.234169013475767684e-01,3.372633175064880806e+00,-2.498184946297992148e-01,-2.703225921492526496e+00,-1.916160108938539164e+00,5.480746276902220160e+00,2.001393132539020847e+00
1.393356315338744267e+00,-1.281368998026068962e+00,-4.310482374558022300e+00,-1.126903894152101238e+00,3.305372889632140598e+00,-7.831341410313141793e-02,-3.351477623455486388e+00,1.717844106155261841e+00,4.648565390636218986e+00,2.951149149474698419e+00
7.392535557794488454e-01,2.098148226485827550e-01,7.132818821529212094e-01,-3.063235979721676827e-01,2.521927517220774906e+00,-3.689081204789544932e-01,1.557117083096974497e+00,-1.784088545501966383e+00,1.063409229058889238e+00,1.582792778097801056e+00
7.977531764360985544e-01,-1.001059461374067538e-01,-3.839897824414032712e+00,-6.866274253809705463e-01,2.871364375351880494e+00,-5.679503960476068869e-01,-1.569765493095568676e+00,-7.672879988850986877e-01,4.073623041158713320e+00,1.923117128040995327e+00
-1.351702495819383287e+00,2.439640948606907500e+00,-2.020889407548438488e+00,1.345760567078009728e+00,2.503190124669224748e+00,-2.579865612303605893e+00,-2.241140943730058677e+00,-2.759715879448130238e-01,2.000082661746297674e+00,-8.456843085232359503e-01
9.325178857290987722e-01,-7.384311132125165322e-01,-4.062374441491483523e+00,-2.120670409713949933e+00,3.294814602687944571e+00,-8.370436806763446036e-01,-2.675217348898703662e+00,-1.456950369831216729e+00,7.005244319935753694e+00,1.752344456759193481e+00
3.465971831791567204e-01,4.915556867888044579e-01,-3.403280554771595412e+00,8.511362746830819503e-01,3.672162054793872699e+00,-5.427479332736373507e-01,-3.009376257824794010e-01,-5.297079544006351171e-01,3.652526642068483209e+00,1.454465286678544578e+00
1.208906728047121959e+00,-8.778976897578569805e-01,-3.731386656909161825e+00,-6.652016376743956627e-01,3.103699424100231141e+00,-8.593066748371809283e-01,-6.807097747977239877e-01,5.114528101961317574e-01,4.864591368881310274e+00,1.998896248810117182e+00
1.413258375389858212e+00,5.963942237425596815e-01,-3.787843365289679465e+00,1.436722573015329907e+00,5.423405869059554796e+00,-4.316710774570948761e-01,-1.227417177068180543e+00,6.043501191105944415e-01,4.571957728596842685e+00,1.823927447183324890e+00
1.400148447202665958e-01,5.253184156299885998e-01,-4.067447622209578562e+00,-1.189588669701555190e+00,4.329958252205078573e+00,-1.313832852894598169e+00,-3.028172976686621443e+00,-1.937728019180850803e+00,4.163540483075983012e+00,1.351971897694677072e+00
2.137594772595736270e+00,-1.942416122130294909e+00,-3.034535357213710149e+00,-3.278962893295685355e+00,3.763802605618313812e+00,3.749699610622214685e-03,1.540207559352504418e-01,1.233835690579383915e+00,5.035966565628140934e+00,2.772798234656027372e+00
1.417425265266718082e+00,-7.683573593108592448e-01,-4.194415272108254378e+00,2.216967473296564073e+00,3.112291348534856006e+00,8.734147022697184015e-01,-2.939933100883960648e+00,-1.393298842809413962e+00,7.069573300784762537e+00,2.312099049717820876e+00
-1.393513778199215514e+00,2.473785084189342065e+00,-1.228193157847756289e+00,-7.260602367400008639e-01,2.727293291265592501e+00,-3.689907176549642287e+00,-5.116802242174429693e-01,1.932137382265056935e+00,7.990197548202945255e-01,-9.949140508897955648e-01
9.481083988104117566e-01,-6.499259421122318692e-01,-3.607601322075929318e+00,1.990585539740890475e+00,3.331812938873986774e+00,-8.712173455318213966e-01,-8.254129505966267821e-01,-2.215721589240728040e+00,6.236657734632638395e+00,1.797531152538137222e+00
-1.470038395789692975e+00,2.805448477964096909e+00,3.028301621629385654e+00,1.483685038822950553e+00,-2.391258420775535853e+00,2.947444447686043745e+00,2.428490865634601370e+00,-3.248908511893916717e+00,-3.567089994369713857e+00,-1.204495191839308088e+00
-1.141570990924628992e+00,1.928295300005982149e+00,1.243292252197600867e-01,-2.019425005783533233e+00,-1.931159891490508818e+00,5.477577360882511792e-01,1.013607667382709465e+00,-1.489834629762203821e+00,-1.769565142949520720e+00,-2.993636084676488673e-01
2.661740125945816438e+00,-3.473728062219818113e+00,-9.093333307181888925e-01,-1.502626278827017714e+00,3.517958886993983292e+00,1.201065527717944392e-01,1.306867134540210529e+00,3.593109273978782880e-01,1.181157512158015344e+00,2.563749741974308716e+00
1.362088899922536456e+00,-3.121378468583555055e+00,1.677039669610404848e+00,4.964221719116226339e-01,2.814932068801892395e+00,1.649948765681939378e+00,2.982031790342366762e+00,-3.239518742243222782e+00,5.954293690756203850e-01,2.819106892452226454e+00
-1.525765784201314590e+00,3.086026966688875106e+00,3.626107005156499863e+00,2.381560873401816991e+00,-2.467751386863641372e+00,3.901669605798038898e+00,3.322901019624596053e+00,-2.390806873729347526e+00,-4.018300006934207858e+00,-1.398242700512244863e+00
9.388859415423622679e-01,4.781914220418084227e-01,5.933318364711844817e-01,3.346206874368238715e+00,2.859232156515735035e+00,7.871258944606009944e-01,2.347628952160772720e+00,-1.703727197266161397e+00,2.914988661237319922e-01,1.884783491392015398e+00
1.986777524811957019e+00,-5.201366911562246287e-01,-3.343098564265121642e+00,3.091517293266843325e+00,2.628194288716164007e+00,1.943536650536580312e-01,-2.997211240098689444e-01,-4.851287896939586730e-01,4.493278149431847446e+00,2.494351967740934484e+00
-1.326346544567487795e+00,2.148410988377654540e+00,6.441206131489113362e-01,-2.143117784294009454e+00,-1.959538076525350281e+00,8.825994418619305115e-01,8.537997855237833278e-01,5.730862043890727620e-03,-1.952220917035288217e+00,-7.246694484606931441e-01
-4.733617163146660034e-01,1.150738002806114935e+00,-3.852658820284144525e+00,3.591866341613894065e-01,2.607500707896909908e+00,-9.614935831683368850e-01,-2.904374832814123675e+00,-2.803782313744909160e+00,3.401794138543484891e+00,7.288426839241927135e-01
-1.081061283723276256e+00,1.824786023913440580e+00,-2.933908525705443804e+00,-2.272590834910372948e-01,3.422344869710660209e+00,-3.112510213316177499e-01,-6.124772130727822450e-01,-2.367066263650646096e+00,9.945762190618889775e-01,-1.673480796827733763e-01
-4.355305942838195166e-01,1.291262139361904815e+00,-7.085587609577255197e-01,5.131058336488969474e-01,2.645601484735437214e+00,-1.621933146293417449e+00,1.089233266245483556e+00,-1.780003160516709926e-01,1.661442545400585447e-01,5.376217601141850544e-01
-1.285012950612194338e+00,2.120949191070138795e+00,2.921776732459038683e+00,1.802640856565257188e+00,-2.260538164213133250e+00,1.656297833979093026e+00,1.980564723789889570e+00,2.950358452790116104e-01,-2.826650525057291752e+00,-6.603784852750038681e-01
1.400546840455593411e+00,-1.256822280842178952e+00,2.393383901285361937e-02,2.639381403495932865e-01,2.783556406419338103e+00,-3.152626307917051118e+00,1.505339814903493334e+00,3.272943516071607384e+00,1.138215492050152600e+00,2.077829013652760182e+00
-8.427089165101880885e-02,1.105622433527099879e+00,-3.833807925838873309e+00,-2.796325966778747674e+00,2.829517571955954658e+00,-3.112137378605355664e+00,-1.739019917063262755e+00,1.790808525920981609e+00,4.867787902563776470e+00,1.041587157185292156e+00
6.786254699693122783e-01,-2.103621936995478947e-01,5.127037978003293750e-01,-6.825882507038603109e-01,1.427936960641104092e+00,2.106553728406752590e-01,3.014536028472174500e+00,-2.512323865327889205e+00,-1.474805596976169753e-01,1.803151391240976675e+00
-8.995555328605434608e-01,1.506169860310509812e+00,-7.121849774504872277e-02,-2.829334631225531638e+00,-1.553089414776250399e+00,-7.522236579678318602e-01,1.630199031954269628e+00,2.385283919837943856e-01,-1.247663358603686490e+00,2.386689108588046504e-01
1.717350157017749179e+00,-2.707106625199644068e+00,1.788357053874209401e-02,5.132928691857507886e-01,2.538597823272238152e+00,-6.860226067005757988e-01,2.717502750768304054e+00,7.729065284743450448e-01,6.386820106953383647e-01,2.173849673130988869e+00
3.298191595588937375e-01,6.215911715576112329e-01,-4.049588596688922237e+00,8.898502296928612054e-01,3.522839285783733398e+00,-9.200604766364585130e-01,-3.107184329595162886e+00,-7.216862586427525983e-01,5.132759727628680935e+00,1.327388479695337686e+00
1.057595108817052099e+00,-1.612489654689018170e+00,5.650726400911663116e-01,-1.638871893679879177e+00,2.714960577040412382e+00,3.912484211545186330e-02,2.046696027462695078e+00,1.583958458662415580e-01,9.571965725848521345e-01,2.132068584863391347e+00
1.129832797287849466e+00,-7.345132640021043713e-01,-4.264806008433091655e+00,-2.260595562599390096e+00,3.553389387729592563e+00,-2.621948512769056272e+00,-3.160779884205946022e+00,3.264198355536454876e+00,7.074332663672507238e+00,2.567465339865552032e+00
1.452809383964472678e+00,-3.188978354072165899e+00,-4.148366688846162553e+00,-6.864975866692359929e-01,3.140148351860169829e+00,1.581045695637422366e+00,-2.145302515761754236e+00,-1.073279935897261339e+00,6.706054184399084406e+00,2.757851897541607755e+00
-1.404098004621175066e+00,2.407027320497509670e+00,-9.771752908514339531e-01,6.560442995839519398e-01,2.478492865669546852e+00,-5.065214345435644638e+00,-2.572022672055963355e+00,3.196247545652465050e+00,1.197257789532327976e+00,-9.840470976673683090e-01
1.150317710202490851e+00,-2.354300460715702314e+00,-4.019133843031508668e+00,2.659681858561896206e+00,3.474610850249927108e+00,-2.852244813719374772e+00,-1.664508644159053530e+00,2.557321395573087131e+00,5.497780717538852890e+00,2.212852028577038777e+00
1.753462897111921048e+00,-6.028840608534151713e-01,-4.125761488474580574e+00,1.997551782422627653e+00,2.846611918096773053e+00,-1.922605644238223110e+00,-1.709132539478598112e+00,2.618836296763229043e+00,4.354946905084056574e+00,3.091034481998184980e+00
-1.243114693890913447e+00,2.100557647896503788e+00,-2.360807759718387633e+00,1.127921705073072545e+00,2.283398333529081281e+00,-2.400020266977175076e+00,-1.795775967954686969e+00,1.923932907722245567e-01,8.746156085221080678e-01,-5.358023416375315984e-01
1.308884256947517422e+00,-2.399073814166516883e-01,-3.943230741306883225e+00,-2.813197514679921518e+00,2.879907489012797583e+00,1.231203739792443130e+00,-1.105744997670089269e+00,-2.826353588580694520e+00,6.429438910948901409e+00,2.500429740268456769e+00
1.672060592085501618e+00,-1.878796675525453708e+00,-2.042906142668906022e-01,2.284746104703237357e+00,2.274527165132051998e+00,7.527058588429504926e-01,2.647890563130284924e+00,-2.870261578921627699e+00,1.101876203756325889e+00,2.701256856695171571e+00
1.221129824002010755e+00,-3.388343063529832833e+00,-4.133060973890812839e+00,2.120628506387497225e+00,4.114075989875208172e+00,2.270457249205249106e-01,-2.042637743525277383e+00,-2.819297259795253918e+00,9.559816252138338299e+00,2.576649079790895414e+00
2.577784590412924848e-01,9.036275382202845208e-01,-4.013679810237133161e+00,3.192466580694980571e+00,3.336408564739325122e+00,-1.855614998361740042e+00,-3.153714770898177200e+00,1.025480537181877594e+00,4.442958218936262860e+00,1.155174948935636214e+00
1.706828697359078273e+00,-2.188653690644225769e+00,-3.891688922429222153e+00,-2.518199585657389772e+00,4.500191449295733115e+00,-7.859124830777582948e-01,-1.212317424740500194e+00,8.118854894286862134e-01,4.465554973403583539e+00,2.278121164609678395e+00
1.420793546476123659e+00,-2.569701439561820511e+00,-4.918698044361778932e-01,-2.218116513501856346e+00,3.907249860022626198e+00,5.437096876892903996e-01,1.162067372862773951e+00,-2.055898926172668340e+00,3.130085031757191327e+00,2.447472040726592191e+00
8.465617862022036810e-01,5.039373639276956141e-02,-3.468588203411838711e-01,-1.926921127700319314e+00,4.786778108159101208e+00,2.156465310856197082e-01,1.452272392951742042e+00,-7.759263206428355097e-01,1.530552867625778246e+00,1.705390903030753691e+00
-1.354766725425911034e+00,2.441830271701334709e+00,-8.106776795754653264e-01,-2.556969112383258746e+00,2.230743789746256756e+00,-3.661830760490884185e+00,-2.625784597249438690e-01,1.914476690779274293e+00,1.238640944827368973e+00,-9.206214270839732094e-01
-1.302230517901342144e-01,1.074763461207503212e+00,2.858348937705639248e-01,3.408303387546961716e+00,3.582655851759514398e+00,-1.737122517443409508e+00,2.642584088962083300e+00,9.526947566086185759e-02,1.339346170280764081e-01,9.427929425707219924e-01
-1.223775385188397236e+00,2.104446951834936463e+00,1.024507311991450509e+00,2.017481561981204763e-01,-2.336279819581720041e+00,-5.128828830294935859e-01,2.417348545355315181e+00,3.105572433401637689e+00,-3.067346184328602732e+00,-4.141912100768855298e-01
2.315396682855490162e+00,-3.346833528333085450e+00,-3.885877099327279982e+00,-1.881981806074771058e+00,3.636555504789292570e+00,2.385714144525123981e+00,-7.785220684350977471e-01,-3.485873721472470432e+00,5.911436324539504739e+00,3.532736832886300249e+00
1.431398657790535101e+00,-1.967219413189629229e+00,-4.153791584910336177e+00,-8.671185168647688180e-01,2.890231832097588160e+00,-6.251358332283624142e-01,-2.801775404016321858e+00,9.959110813606466550e-01,4.627027177691977577e+00,2.433413697408382426e+00
1.081860320165996203e+00,-2.343357914779164552e+00,-3.771337321565343181e+00,2.085191602389642185e-01,3.042855166417360646e+00,-6.573655267714306749e-01,-1.086314919240302324e+00,7.799464616998843525e-01,5.256523966890132904e+00,2.247354470527285653e+00
6.458101026389475585e-01,-1.769853802132210774e-01,-4.021914279926224189e+00,-1.328242022243041998e+00,3.118949914307207916e+00,-9.856844528656005799e-02,-1.996732632153531695e+00,-2.823306195716517752e+00,6.678578047562570674e+00,1.869543390353668899e+00
-1.565944830343765304e+00,3.457970016086580500e+00,2.388217877794990285e-01,-1.295013853115267288e+00,2.470941043020352890e+00,-1.929174443248629967e+00,-1.694248702961915765e+00,-1.461726994685290215e+00,8.781985031270841402e-01,-1.557366807079830773e+00
1.323623104855385701e+00,-8.349890571190043964e-01,-4.125474344039399277e+00,-6.607332779481147611e-01,2.657207798787470043e+00,6.243938770100545543e-01,-2.541425595221456391e+00,-1.557113672688781758e+00,5.550585092075374760e+00,2.178285048259606782e+00
1.274394558358528773e+00,-2.477606039234904856e+00,-4.153067430702704677e+00,3.187990167705177846e+00,3.029944749590773867e+00,-1.089358811796445448e+00,-2.506994234433549629e+00,7.318163673839555017e-01,4.621686809830128695e+00,2.134612022900911565e+00
-7.616662923243074923e-01,1.671006955970229413e+00,1.302741569298564883e+00,-2.803455699748464980e-01,-2.192896948231132459e+00,2.305802725559679356e+00,2.981870597781724364e+00,-2.880171533904928083e+00,-2.379713900294797568e+00,3.394686989496835672e-01
1.574861064062215599e+00,-1.993593643695073414e+00,-5.244411994545967737e-01,9.932668067352619090e-01,2.517137155771920654e+00,7.256051323884984416e-01,1.379219551817039147e+00,-1.410226945690032707e+00,1.551705455902979036e+00,2.433655288722196275e+00
9.310011949438206091e-01,1.293372784554369659e-01,-4.184421797931813458e+00,1.380249922127068984e+00,3.038512560931074802e+00,-5.650738572375341162e-01,-2.775055430769075571e+00,6.878086285313793624e-01,5.227508868588230939e+00,2.207647556900627972e+00
-9.726551603095434650e-01,1.832175727635411810e+00,-3.084230983978031748e+00,2.374732197127788602e+00,3.606592891766025488e+00,-2.758425895989907062e+00,-1.171080345570924219e+00,1.389422228686440164e+00,1.532640586933241345e+00,-1.082906884459770014e-01
-1.497899306168581912e+00,3.069865399689820862e+00,-5.645874115680636907e-01,-3.111363503880121506e+00,1.899902061000869224e+00,-1.706264419725345816e+00,-6.949789368765499908e-01,-3.225246113678368332e+00,2.813344286097201885e-01,-1.319813567969406964e+00
-1.047259678920186010e+00,1.705541225741876055e+00,7.602131698204315224e-01,-1.064329501870524552e-01,-2.136339281207896512e+00,3.377621276327181565e+00,3.176386118929964475e+00,-1.342906120299709016e+00,-2.406967496227752523e+00,-1.102341829152922864e-01
1.471839664222559074e+00,-2.887986794797476886e+00,-4.096576110234262380e+00,1.037823433793137795e+00,3.081252308683505969e+00,1.027517957339892374e-01,-2.090428443110810441e+00,-1.199416525957889945e+00,5.335485699336486753e+00,2.302873627178378957e+00
5.342620413214044239e-01,7.267322519132237701e-01,1.991496524888747288e-02,-1.797031410179265709e+00,2.195138262772300841e+00,-7.287451916942661034e-01,1.630122393255695634e+00,-2.274497715610702908e+00,7.608434560046292150e-01,1.427684506071022152e+00
1.464488849448664975e+00,-2.417832440239323866e+00,3.436973319472935717e-01,2.060059417534781723e+00,3.081443030245239356e+00,1.488424300950826895e-01,2.882604133485785702e+00,-1.562742234046999634e+00,2.048817614791877073e+00,2.438630040502568708e+00
-4.117655225407112485e-01,1.449769039776062307e+00,-3.473137904207588722e+00,-9.693163511832727508e-01,3.377681836018659567e+00,-1.999227414440814199e+00,-1.002024226000920670e+00,3.347656492146393603e-01,2.713662765607947058e+00,8.769171142438088040e-01
-1.025817821066009605e+00,1.762413793169496756e+00,-2.755725572965320946e+00,8.660456070022171104e-02,2.955623700749494098e+00,-2.133407532799148854e+00,-1.893753079036537113e+00,-7.260397847741533184e-01,2.016134556019380852e+00,-1.733587215166538242e-01
-1.249818057471201227e+00,1.939620851523910616e+00,-5.549390407844079220e-05,-1.233898695942208690e+00,2.219015881997782991e+00,-1.682691810589480808e+00,7.100966747357251307e-01,-1.807473328881885832e+00,-1.576514675141744704e-01,-5.281284598149275089e-01
1.370468189308194251e+00,-2.150583403324921150e+00,-3.741620590362465304e+00,-3.147600256218581194e+00,3.019104137642380170e+00,6.283978487665926593e-01,-6.325902369167071271e-01,-9.118437107478323256e-01,4.189039589684668385e+00,3.256937341252831963e+00
-1.320534712475590844e+00,2.186832475409068444e+00,-2.105688245125782121e+00,1.102407770048346336e+00,3.621704559982225291e+00,-5.011934095191213245e+00,-2.295287583835028400e+00,3.052408950164551271e+00,1.670860118576513509e+00,-7.909180100644904732e-01
-7.216224154428972914e-01,1.396209398673795121e+00,-4.536505036439453242e-02,-2.355164746335276504e+00,7.502138982805480749e-01,-1.346270957606275909e+00,1.291231799639674271e+00,-6.019954438988226464e-01,-3.906439510303670870e-01,3.939389184673021682e-01
-3.278372770346376086e-01,9.717035829193729768e-01,5.278550202567783289e-02,9.344687968637730435e-01,3.732948983784058483e-01,-1.881818586955703587e+00,3.013305847820610950e+00,1.205208488164885239e+00,-6.003187296747101165e-01,9.472311674897453404e-01
1.211272247794489498e+00,-2.066270692467074621e+00,-1.947335752940903886e+00,2.230244602314010116e+00,3.556074243618934094e+00,-1.803036646409754251e+00,7.210956811526765264e-01,2.322921570963827342e+00,2.926162470134326288e+00,2.350651654621691122e+00
8.399209976233938946e-01,-1.407973844932501883e-01,8.412295926627846310e-01,-1.479318631735408118e+00,2.281232043366460793e+00,-2.971347844030755025e-01,2.282046520184893623e+00,-2.481234776878016302e+00,1.100846013561536774e+00,1.935938765522866145e+00
9.024558534229614182e-01,-2.168596917337115570e-01,-4.128476857937776856e+00,-3.143596290297345774e-02,3.083584995643401605e+00,-6.524788610144222067e-01,-2.500090090171071644e+00,4.997362414789354723e-01,5.417046982723648263e+00,1.960084301842648147e+00
8.796404891303926110e-01,1.020990043652192369e+00,-6.829437455764431064e-02,-1.658475868848290347e-01,1.825761255162115626e+00,4.677806639037793146e-01,1.073654146694110523e+00,-2.358958509320294716e+00,8.349534396218881438e-02,2.078202642152313651e+00
1.722671959980965006e+00,-3.469363765621650053e+00,2.127536650592349865e-01,2.733880737508119552e+00,2.482425392724975755e+00,1.185751407533423230e+00,1.604165150411294150e+00,-3.276416810976253480e+00,8.390180635907734663e-01,2.206798098092557670e+00
-1.543147640813240296e+00,3.264603681487227682e+00,4.622459748727914430e+00,2.962345659404932441e+00,-2.304141651964129345e+00,8.375145996254462766e-01,1.172545737680416700e+00,2.327843615951874945e+00,-2.880283055245316248e+00,-1.476038307357953272e+00
1.407321371900864815e+00,-2.959636495094962072e+00,-1.897493975844640746e-01,3.369646101939353322e+00,2.933015964766257699e+00,-2.932623482309258733e+00,1.547065240000012665e+00,3.281331368878483090e+00,2.207204124707848436e+00,2.317397409983172007e+00
2.427065656811236316e+00,-1.500325929321126850e+00,2.959488940792937006e-02,2.634673612365316941e+00,2.309074930298639750e+00,6.928227429907973800e-01,2.349276109493960263e+00,-1.716616837246203175e+00,6.206219525646652357e-01,2.668100002269404136e+00
-1.473299895184308594e+00,2.817731906062038050e+00,3.202351163712534365e+00,1.781240948460638407e+00,-2.391587364495439960e+00,2.835994308957297871e+00,2.163970131894330073e+00,-5.699086363818679501e-01,-3.413188388230611547e+00,-1.263115488581407542e+00
1.439585135852019526e+00,2.577984616486128644e-02,-2.479281742952160972e+00,-1.897232806631997448e+00,4.123420091985386726e+00,-1.909608536691151937e+00,4.756533207682696052e-01,1.993374728430041820e+00,3.550359372824491544e+00,2.068299578427664986e+00
1.249397320885649698e+00,-2.736638799374600417e+00,6.089843730818896850e-01,-6.906074988444008689e-01,3.711190694614849850e+00,2.431059503683570711e+00,2.699995779475485413e+00,-1.964387019664981970e+00,6.279773818739884383e-01,2.823109728522673834e+00
-1.273452684934210044e+00,2.172404663897586019e+00,6.280674338601356377e-01,-3.393834061999114748e+00,-2.042781309921343880e+00,1.405374146121992851e+00,1.297331894021579224e+00,-3.001429234709685367e+00,-2.050608635239973943e+00,-6.707622291547881144e-01
1.055550816550163473e+00,-5.740739636211653618e-01,-3.964282848478286603e+00,-1.953072165242225378e+00,3.913066959081775487e+00,-3.661574854346759667e-01,-1.746817277948832903e+00,3.871279001585081758e-01,6.298112725721104255e+00,2.101638153378778462e+00
1.163538713087619803e+00,8.277376824549111944e-01,-4.070137431164436492e+00,-1.489914653261598332e+00,3.686553510484802842e+00,-9.331267450549340925e-02,-2.959057437884491826e+00,-1.059555544630029100e+00,4.505791232836874549e+00,1.813036814902015292e+00
-1.415750268443593862e+00,2.531493989473228012e+00,1.879397437935333315e+00,-2.709257672841714815e+00,-2.263130605718141286e+00,2.779167195804493673e+00,1.123080490698532330e+00,-2.430390784157895556e+00,-2.683537928218634683e+00,-1.036155644627230865e+00
1.299995891839222262e+00,-2.442050459067643509e+00,-4.100376966366819254e+00,-3.480315477690191894e+00,3.186481734065890414e+00,-1.062255443907991759e-02,-2.173414987134780318e+00,-2.621918297568758049e+00,7.023789594897209554e+00,2.496944179219008575e+00
1.290865334790149976e+00,-2.508312859308203358e+00,-3.438467902022109279e-01,-2.036091537537852325e+00,2.814612083419803845e+00,-2.110925767926824292e+00,2.399749749214939776e+00,3.192291709984061754e+00,1.404427356682152350e+00,2.823973383408230120e+00
1.322819267110339814e+00,-2.828148025555683454e-01,-3.546221209613200198e+00,-1.054528775322991052e+00,3.388933723508126494e+00,-2.418870926754997264e+00,-5.832204420244400112e-01,1.673428209752213291e+00,5.251872921548070394e+00,1.646007052002852911e+00
1.507355317586305254e+00,-9.688139443942049844e-01,-1.320648918017558460e-01,-1.417374638625883421e-01,2.710129266122009994e+00,1.724884586842866607e+00,3.048472017866757255e+00,-1.654583452514452713e+00,3.213679619063203319e-02,2.856707960027478954e+00
5.502292491603741897e-01,1.106214156960216854e+00,6.768470001888389209e-01,-2.563360890397505809e+00,-6.117782831826075185e-01,-2.853516453973611977e+00,2.272260532433950431e+00,2.482270786904835269e+00,-7.650330779034595352e-01,1.203962491296357573e+00
1.031657342017567647e+00,9.151661881898309758e-01,-3.976614970153976358e+00,-7.981135098612188727e-01,3.426163133114800363e+00,-3.032202465916899570e+00,-2.052925613640892877e+00,2.603446804302116391e+00,4.740483104700804695e+00,1.816071531745966805e+00
6.215244232971275373e-01,1.762322571759153966e-01,-2.426219534911598918e-01,1.448884454432129765e+00,2.193414972641168248e+00,-5.734203419822658798e-02,1.266005999132953086e+00,-3.257381009162597429e+00,6.480351031646898186e-01,1.470247033466574038e+00
-1.541595273283083101e+00,3.280949543747372132e+00,2.432749695412465551e-01,1.578179044367397310e+00,1.502997281617490799e+00,-1.129130077301552904e+00,1.520846805723183870e-01,-1.365875739080185447e+00,-8.187353506008476778e-02,-1.475932709763823736e+00
9.702309200132451794e-01,-2.740396992888622485e+00,-3.812549990878538964e+00,7.318149088496754828e-01,3.327509788762418097e+00,-1.701756234294317327e+00,-8.589481750730714182e-01,1.952463992835396844e+00,6.052833407343158001e+00,2.131170287779923012e+00
1.203077682258984815e+00,-1.252473731248354039e+00,-1.023513906570874266e-01,-1.625346123609411553e+00,2.718638661142956714e+00,-1.575491095770656935e-01,1.577790364189365135e+00,-9.567834435862483389e-01,1.512467927270155998e+00,1.959862690603748181e+00
3.718057675284937580e-01,5.525517756752398313e-01,-3.150459625757205728e+00,1.567853584328867456e+00,3.173154892738835553e+00,-3.982431891132069524e+00,-3.331624438341940220e-02,2.892459747336604714e+00,3.551977451001910424e+00,1.422482966991667874e+00
1.041404388284071114e+00,-8.480360540335096786e-02,-3.721836455230018714e+00,2.343525300976390113e+00,3.633427015688652784e+00,1.267734838461418434e-01,-7.397366146052415381e-01,-1.633759563685322380e+00,4.647785962837472695e+00,2.250678503549256249e+00
1.918438082749417184e+00,-2.471736235581678542e+00,-1.039931778212539015e+00,-3.360636558465535551e+00,2.554603572622082819e+00,7.579987968553602018e-01,1.157525852351865225e+00,-2.874602159117925826e+00,1.803204824521855709e+00,2.380661642017781965e+00
1.000640823611791852e+00,-2.621081131450079038e+00,-3.526121049006886832e+00,1.084005905875763176e+00,4.025774292655129649e+00,1.008019923691929387e+00,-3.080292238388242509e-01,-2.548801180554405299e+00,4.853649905809832354e+00,2.224086437929181592e+00
1.072603070461227937e+00,-1.297444645047239220e+00,-4.069161196083347143e+00,4.330361868750243204e-02,3.523674428326981189e+00,-2.939792044599853327e+00,-2.372197447643517698e+00,2.792754190870219588e+00,5.470785951823459392e+00,2.040222074990044820e+00
-5.444261083487531572e-01,1.326791521423440479e+00,-2.563214663160768847e+00,-1.608677120105416414e+00,4.450366349513285691e+00,-1.377504427068035886e+00,1.736493179739269088e-01,5.088638407603562896e-02,2.954202257244832541e+00,5.128237440903926636e-01
-1.437208488244037907e+00,2.741229325132680472e+00,4.079119443787880828e-01,5.293379511732272391e-01,1.275786255044801809e+00,-3.098128203404608705e+00,1.661801128475470790e-01,1.829402706073785190e+00,-3.245010911412281041e-01,-1.177980206311564970e+00
1.627962819351893131e+00,-1.441112404060436170e+00,-3.818479757126470364e+00,-2.575835733234562497e+00,3.081516950173746494e+00,1.261053664426487808e+00,-6.830059928131846370e-01,8.675573388909461059e-01,5.483820626183693925e+00,2.840200320667005673e+00
1.420491578890819007e+00,-3.093120892400587518e+00,-4.209934578732073440e+00,-3.010596824753327017e+00,4.253186623441669312e+00,-6.321354502500013961e-01,-2.957949263618638192e+00,5.330709320602604606e-01,5.463176792586851072e+00,2.359207707009403965e+00
1.454522967153579316e+00,-6.310646292075410280e-01,-3.487333855543368166e+00,-4.272388276859935274e-01,3.365090747078050448e+00,-6.286324037541746179e-02,-2.837359429346224537e-01,1.603363679367744155e-01,4.156652755463607463e+00,1.974070068664435240e+00
2.784334553891540942e-01,3.214135612608437498e-01,1.688714091936801109e+00,-9.341015239357526312e-01,2.929103624144288265e+00,-3.526861298994477867e+00,2.637059622754224009e+00,2.905496312711614237e+00,2.627164613635241119e-01,1.342747654350949116e+00
1.346622897897458149e+00,-2.543236274331894364e+00,-3.468346455447843812e+00,1.153860576111856773e+00,2.724158013660790356e+00,-1.268703273076481119e+00,-2.930463204022180079e-01,1.785386591435894843e+00,4.539529497498300259e+00,2.803153497378145342e+00
3.706588264019319290e-01,4.461690146716108529e-01,-4.087462654317239874e+00,2.017411819950444496e+00,3.049951796125178305e+00,-2.802964977409275971e+00,-3.169442146810879546e+00,1.892779327412167589e+00,4.753958496351619267e+00,1.384160181357283026e+00
-1.539423612578376011e+00,3.221500360296459142e+00,2.051742105692007101e+00,2.299548094342739546e+00,-2.233240289585155303e+00,4.386040198042017835e+00,8.969354689232398314e-01,-4.717737952668610291e-01,-2.649904566703569220e+00,-1.455743741042445194e+00
1.046817503447099895e+00,2.902074267592613666e-02,-3.047002681269772584e+00,-1.682928441602546954e+00,2.588319590188551622e+00,-3.632438075863824167e-01,1.754795149567511814e-01,-3.049500714528779799e+00,3.141620402860371364e+00,1.811608113111980556e+00
1.248192333264804610e+00,-1.837486877160431131e+00,-4.214863108115260992e+00,1.048986282879258880e+00,3.361798140396048407e+00,-2.753230570456211890e+00,-2.983553127407603700e+00,2.953394254660270946e+00,6.934120569155329150e+00,2.328011566597201654e+00
-1.478865126133256158e+00,2.806337109488130643e+00,1.753640124108103215e+00,-1.547351655344404442e-01,-2.154629788694917725e+00,2.010680634236019948e+00,8.274357008336643560e-01,-3.132213402241645461e+00,-2.362641211974790600e+00,-1.241942877537100420e+00
-1.322752566358495141e+00,2.272585231388541516e+00,1.844739935365160566e+00,-1.891881097144505475e-01,-2.194211157515300048e+00,3.397115494665281510e-02,1.396604352991487552e+00,2.506524145609406951e+00,-2.488150015735493437e+00,-8.694671065284935718e-01
-1.332009563190194479e+00,2.188622740422745849e+00,1.679706530922876473e+00,-4.576306238824079387e-02,-2.367828508937031451e+00,5.879973117082544221e-01,2.727709159089497959e+00,1.728846068897293975e+00,-3.280350508680141886e+00,-7.650512596508969310e-01
1.663734032826756248e+00,-3.124511604725874303e+00,2.235775468473609084e+00,9.912373783338122024e-01,3.525641229979139535e+00,-1.060659323849735269e+00,3.491021203967545006e+00,1.686819417268562660e+00,3.483414125486737900e-01,2.455621371139787623e+00
1.165429289016370218e+00,-3.461589805268240116e+00,-3.404831922484933493e+00,-2.526563898819105258e+00,3.602674607211791891e+00,-1.259785354489699749e+00,-1.879660512032232944e-01,1.304424393839138219e+00,5.897590247746132164e+00,2.150228973103522900e+00
1.117122371294503758e+00,-8.091860988241519337e-01,-2.075179448948985872e+00,2.504627358407740978e+00,3.363178467243512326e+00,3.857915969793299094e-01,6.098013413270493288e-01,-2.646137426586409713e+00,3.678157243353378014e+00,2.482395474772285837e+00
1.414671051554530212e+00,-1.153790125813356049e+00,-3.433869870371616617e+00,3.301726425821151167e+00,3.058448702055618362e+00,5.608132035229651535e-02,-3.501013364269351946e-01,1.891733489052365158e-01,6.014971415903803909e+00,2.267903371106320343e+00
-3.742057067243960145e-01,1.233004582593379972e+00,-3.732129913686865752e+00,3.086178855407061050e+00,3.148239187718536058e+00,-2.292407652964894460e+00,-2.569482044527105824e+00,1.218976360895878130e+00,3.383827648434233559e+00,7.209819898315399378e-01
1.719728398618422194e+00,-3.754683902480966395e-01,-6.548035857680640781e-01,-2.521063729669410058e+00,2.350169141016081653e+00,1.216120844174019666e+00,1.750389180001812761e+00,-1.136503651785075508e+00,4.669345829913630341e-01,2.728280681325892409e+00
7.963990874445794343e-01,-1.187919014535626872e+00,-3.835143029083006638e+00,-3.035592498916926729e+00,2.994110519655875269e+00,-7.680421594252098139e-01,-1.171668691368234150e+00,-1.939121988830601495e+00,5.464045742829697794e+00,1.858121756468518404e+00
1.713454629166597964e+00,-2.969263679088091745e+00,-3.288013396320974113e+00,-1.002805628649207748e+00,4.136100585899397331e+00,-1.383583120240444053e+00,1.117263951093740992e-01,1.983544354036278712e+00,3.906653608673155809e+00,2.640057279717204608e+00
1.984103905523714850e+00,-2.876805167081686321e-02,-3.523825557630719807e+00,-2.998841940376100634e+00,2.919946532341999745e+00,2.613610095976435233e-01,-3.284188347858947310e-01,1.260404163083184592e+00,5.002664100533857017e+00,2.968092617024346236e+00
1.526648393806576909e+00,-3.114961777379286367e+00,7.640789768637470392e-01,6.007045577696610295e-01,2.073935317955911906e+00,9.947503080347053217e-01,2.358584556418585443e+00,-3.116950291508492121e+00,7.582388115979847854e-01,2.459982481919885000e+00
-8.037819852369485485e-01,1.495247794320523127e+00,-2.587396679421870349e+00,2.623494263644968960e+00,2.958078559225199022e+00,-2.056840588437818251e+00,3.585406172426175431e-02,1.014110994636445717e+00,1.773534395355460758e+00,2.265960482342290749e-01
-1.314611612027550169e+00,2.226342757576843745e+00,1.903539544408242579e+00,1.304326607959123585e+00,-2.038601382650233163e+00,1.286661994807428488e+00,1.110030178231165010e+00,-2.215463731149245330e+00,-2.094803699173339417e+00,-8.271613437442468797e-01
1.176644334970521122e+00,8.846808473428948716e-01,-3.215189121078747547e+00,-2.236846113606584474e+00,3.741854157719895380e+00,-2.943137380814408566e+00,-4.875644283322833061e-02,2.154189643714600422e+00,2.880801345913219791e+00,1.712565921361951737e+00
7.484945533700824161e-01,4.907938000702811721e-01,5.988162795532503413e-01,-3.362273217394477598e+00,2.674608219902055328e+00,-3.623182289452226090e+00,1.928858814134997601e+00,2.929525354220420041e+00,1.617671059326346139e+00,1.512887088080309805e+00
8.296675440328727946e-01,-3.262177849620118142e+00,1.526217338086646835e+00,7.594096269216894513e-01,3.203421988688107458e+00,-1.087371459309622646e+00,3.442999809125830701e+00,1.084420384266127968e+00,1.260559647394448923e+00,2.126958631446118186e+00
5.951423446455877952e-01,-3.408879407125913197e-01,-3.826540868960698116e+00,3.212849818424016846e+00,3.404450909890909927e+00,-2.217377942596889806e-01,-1.348340727065458822e+00,-3.272851303575574189e+00,4.199003796331765237e+00,1.761186387539276144e+00
-7.456209242057137976e-01,1.521271217645133511e+00,-2.939421773306424956e+00,9.875185381279907304e-01,2.778049670147890726e+00,-2.592436314728155278e+00,-3.201215988854939631e-01,1.004755513103533282e+00,2.210567503459385463e+00,4.022285216273180364e-01
-1.528070128828594054e+00,3.166413376995482309e+00,-6.235219273601134704e-01,-4.193486194952589230e-02,4.375408501315581233e+00,-2.065648086633509628e+00,-1.002081345796729472e+00,5.142473512944043534e-01,1.724044890926914819e+00,-1.435212020725209925e+00
1.310167503341218120e+00,-1.037135155186950541e+00,2.671438839253472697e-01,3.487888431741764883e+00,2.772042090960647798e+00,-1.973633321290214848e+00,2.756995460128335296e+00,2.721894922900653491e+00,2.050378008942672081e-01,2.855870432595142283e+00
1.190511552985396904e+00,-2.240485247607777008e+00,-4.139193832969340292e+00,-5.457152071282869166e-01,3.861444259132948087e+00,7.193046925034657368e-01,-2.363686288199292829e+00,-2.971025309530806791e+00,5.089820139055261983e+00,2.279269491012864357e+00
1.077319202181753477e-02,1.079487461857058683e+00,2.389298292950666966e-02,-2.700019844365804556e+00,-9.906349425535008191e-01,-6.998469865792534828e-01,2.639447092679302997e+00,1.191277093094913475e-01,-9.106217085605501360e-01,1.014848487814315803e+00
9.262493293244673520e-01,3.343247048654363063e-01,-3.794698811183580212e+00,-2.888458888136923530e+00,4.371929166745490924e+00,-1.402286978551897656e+00,-1.426274667109345806e+00,-1.541001154436907994e+00,4.644072105494737812e+00,1.373321346421726652e+00
1.305706574317956115e+00,-6.873362329620031907e-01,2.115894439853595710e+00,-8.545537454341740613e-01,2.693879618311564528e+00,-8.655219505467758312e-01,3.428638463514062984e+00,1.486958419896033057e+00,7.304024780878456968e-02,1.962572898260524168e+00
1.228681626454040110e+00,-1.681052798785185987e+00,-3.760732717915602485e+00,-1.143760907959934237e+00,5.307223491479692967e+00,-1.778598886286758329e+00,-7.427527655096919368e-01,1.617502044139840223e+00,7.090131741496746187e+00,2.046724299472768127e+00
1.180117324072432750e+00,-3.372889604201899871e+00,-7.226308425670471269e-01,1.547187928921549549e+00,2.597270279818535421e+00,-3.165211145104222523e-01,1.426194149951037105e+00,1.130627470516427202e+00,1.213710990394817113e+00,2.702130194953482167e+00
8.670396082131250903e-01,1.880749139912323287e-01,-4.037234463728347933e+00,3.282588789485973990e-02,3.181794289185859714e+00,-7.113469302723252063e-01,-2.925071183566710253e+00,-1.418938500468008179e+00,6.439566111959804218e+00,1.519937665700780149e+00
1.202723731148130915e+00,-7.270573558056940833e-01,-3.988701836187001248e+00,2.041988795034588300e+00,5.085691744292615724e+00,1.333637842108155391e+00,-1.261141813197300010e+00,-1.077921451854734425e+00,4.095853015365318761e+00,2.587142767635850049e+00
-1.480888173220473947e+00,2.774296043020076041e+00,-7.179335215345856724e-01,-1.204129333163623361e+00,4.197639408164373975e+00,-5.268867868890799500e+00,-3.163744658331215653e+00,3.451210618045708500e+00,1.476993031402101142e+00,-1.220247313996307037e+00
1.185467103622816820e+00,-9.568576003939770480e-01,-2.884244626793583510e+00,1.914579753970807374e+00,2.699904945369530296e+00,2.549038063152763711e-01,2.056061022724358089e-01,-1.396931510343135674e+00,3.245744351039784981e+00,2.430881615836858245e+00
-1.343147857323689243e+00,2.288103562334923069e+00,-4.146561339045560235e-01,-4.535660024968013460e-01,1.983639248057154081e+00,-4.688831415629579169e+00,-3.372975768520682927e-01,3.001636166822057028e+00,2.114466224174108705e-02,-8.914425690027972804e-01
9.924731727766238354e-01,-1.688263829378882086e-01,6.435604183776419962e-01,2.216725110994319792e-01,2.102700071419032035e+00,-3.758332582548830070e-01,2.137193579809483879e+00,5.795662691362428731e-01,4.269310838711217193e-01,1.954387833280395670e+00
1.525444598642007765e+00,-2.293383846539286619e+00,3.203764711755191508e-01,-2.325270241458234910e+00,3.988003187696893992e+00,-1.373949571656698065e+00,1.990936625689113448e+00,2.143772365079187558e+00,8.436199417476086815e-01,2.251352512520248705e+00
4.804666732041188437e-01,7.674730390033008831e-01,-3.686261066433223377e+00,3.093335829321928188e+00,2.925582977501047566e+00,-1.039638213912434050e+00,-1.227710926030185945e+00,-7.053956180400646758e-01,4.538207496769993909e+00,1.334543408557599342e+00
1.150379537290725951e+00,-3.098020300668333782e+00,-3.616725151145965711e+00,-2.351873967296270518e+00,3.930769329012065771e+00,-5.094751870851187414e-01,-3.691678756312137821e-01,1.346583422579084477e+00,3.897605266738914054e+00,2.473081320467096944e+00
-1.489426160040232316e+00,2.922913371507988245e+00,-7.052269241066203564e-01,-1.350210601725690740e+00,2.337776588666383049e+00,-4.816881543615205707e+00,-8.757199222615921208e-01,2.848103662011427950e+00,6.994397097619703407e-01,-1.296604052801143769e+00
1.198376548793003593e+00,-2.710586030537736058e-01,-4.210429996241817463e+00,-3.271974829467920287e+00,2.751633274410929086e+00,-8.867544284934925081e-01,-3.424662184199469550e+00,6.926038335253519307e-01,4.252586936184827415e+00,2.034707895879464878e+00
7.811942673365550593e-01,2.588264543688052477e-01,1.785212684012732476e-02,2.358226217040763295e+00,3.258715210086165825e+00,-1.071844650753561279e+00,2.199557865638284149e+00,-6.987456500607835963e-01,2.695162450028389944e-01,1.520864077221763422e+00
-1.542407803856846726e+00,3.282515540665463583e+00,3.201555793089414514e+00,3.459178314960226430e+00,-2.412865135831776531e+00,3.396575709998853387e+00,1.825785530390559686e+00,-1.264152394053834172e+00,-3.549895848850038060e+00,-1.472585836844753748e+00
-8.145114268801212365e-01,1.692191547563343335e+00,1.444731543362918202e+00,-1.525374515544743126e+00,-2.055726078292386294e+00,3.208075119245036966e+00,2.155650890476987769e+00,1.025180073306315442e-01,-2.097432564937631749e+00,2.394719955111923038e-01
-1.563923387921921648e+00,3.442508720823642676e+00,4.070330609322907023e+00,3.392338395974466181e+00,-2.476494937246680461e+00,4.854189215612578323e+00,3.128874171382695302e+00,-3.436938848129002189e+00,-4.097993082426415690e+00,-1.551330361698230575e+00
1.218486952405019252e+00,-2.431063038931317699e+00,-2.172093228599280224e+00,3.008672173552542795e+00,3.617149017323646909e+00,4.568523214951114575e-01,6.993598783558363507e-01,-1.836902446845452452e+00,3.019015123334861883e+00,2.302325640269521578e+00
1.044534196778834856e+00,-9.706400041481684227e-01,5.111195746430616804e-01,-1.393882740865082681e+00,2.726270959138386463e+00,-1.748806613891488171e-01,1.485528099121059320e+00,2.825596864194190871e-01,1.758581780738776024e+00,2.165354783828822516e+00
-5.628868161766018563e-01,1.395858647291352561e+00,1.349138185114265642e+00,-7.405294489226248444e-01,-1.515201703237218700e+00,-8.713774276535688479e-01,2.098798358665465713e+00,9.174604688443732670e-01,-1.212044780390568066e+00,4.051666962996590127e-01
9.897895109699457183e-01,-4.355489075380818420e-01,3.241325196934286557e-01,1.733903729254887338e+00,3.002185696666545667e+00,-2.653598675652911965e+00,3.028417337934824261e+00,2.163550357180725747e+00,7.559938155715186792e-01,1.731437707187097219e+00
-1.231884976013710720e+00,1.876195675639526605e+00,-2.901118070959579853e+00,2.641020571150157537e+00,2.820578321422422263e+00,-5.113003318495678684e+00,-3.494446822412170750e+00,3.271984898937053465e+00,2.969856829281992461e+00,-4.427194501040101482e-01
6.513914599508839887e-01,-1.332921193302126106e+00,-4.176303105309214558e+00,3.086305706773657676e-01,2.809486576732858509e+00,-2.442514759778180888e+00,-3.062903125115364222e+00,2.127620890515300012e+00,4.948382300226294994e+00,1.931492589501521806e+00
-2.603689500859736050e-01,1.108383533574977875e+00,-3.676307295680350418e+00,1.814158614976667749e+00,3.039944166888396637e+00,-1.156917619224693272e+00,-1.338190135061648078e+00,-1.511140211184606397e+00,3.512249009855611614e+00,9.524543590474652266e-01
1.399711759900230224e+00,-1.744441389392609176e+00,-3.512927478422402938e+00,-1.761600130264290520e+00,3.214320432787108661e+00,1.095086855529286085e+00,-5.714683683565526806e-01,-4.124223335862127193e-01,5.136053494676196429e+00,2.681183301548188957e+00
1.818743946313622128e+00,-1.509701142308856880e+00,-1.454959782387526268e-01,-3.056805494866576822e-01,2.281784656258693644e+00,-1.175326606538612095e+00,2.624781880405982371e+00,2.461688669845364608e+00,7.742855571806621651e-01,3.068192420628428785e+00
1.459433694103522861e+00,-2.137258064055938434e+00,-4.313767522711003721e+00,-3.424296192300890773e+00,4.258378655527864431e+00,8.888318460783888320e-01,-2.824354363468988716e+00,-2.811719884899321897e-01,7.578353696918108895e+00,3.498907359197288791e+00
-1.376810477098598717e+00,2.274190103439182487e+00,-3.622411238759266627e-01,2.722452323638616889e+00,7.597265422993765283e-01,-2.101826253915293208e+00,3.320771455629056845e-01,-5.230845587662629192e-01,-3.982413962523027040e-01,-8.807743150467318705e-01
1.291708701971319595e+00,-2.892375697199792040e+00,-2.586419685768602594e+00,8.749576854195550979e-01,3.783550567910963558e+00,8.392215914004714783e-01,5.569950265239489440e-01,-2.411590590086189145e+00,2.822813219397138695e+00,2.265357464417137034e+00
9.563620360390028274e-01,-1.523672287182853857e+00,-3.883849511952937039e+00,1.151038462579641042e-01,2.954594597095135278e+00,-3.405857319239209702e-02,-1.152475755256806345e+00,-3.274921613841522028e+00,3.996364283751923097e+00,2.239366067746414668e+00
1.544612021986087491e+00,-3.256237096339063886e+00,-4.095464843578913161e+00,-1.912649544078970809e+00,3.303638401231985711e+00,5.906789566996365481e-01,-1.934376104493299664e+00,-1.876237939214592032e+00,4.583179206938020833e+00,3.099157306360972530e+00
-1.487444143961521581e+00,2.988659618134146712e+00,2.884587130266766497e+00,-1.438764253453521214e+00,-2.314181115391866772e+00,1.375227907475230937e+00,1.126148548253744330e+00,2.060522663563737034e+00,-2.881019406257260940e+00,-1.290390757325023730e+00
1.048762810043654348e+00,-2.838830076871301067e+00,1.509480342404541930e-01,-3.929275046991445031e-01,2.684399846913506416e+00,-2.331969323015041340e+00,3.338174708001078628e+00,2.691405199929919334e+00,5.575024175639387014e-01,2.162833989112168620e+00
1.840143455530560690e+00,-2.602380719404351339e+00,-3.477269115332187077e+00,2.980902285963225040e+00,3.397808853926168826e+00,2.021977028380353980e-01,-2.505315620351193928e-01,3.573167547661890708e-01,4.176182631723354355e+00,2.901608097478461712e+00
9.604974468105809127e-01,-1.811668581570965664e+00,-5.419494638081525650e-01,-1.174243846948582082e+00,4.075116441011879864e+00,6.072858696027880754e-01,1.295170870526163753e+00,-2.420844513445913115e+00,1.882937899701080386e+00,2.038458900227273496e+00
1.468799653241354308e+00,-2.031823635305032294e+00,-3.013442745740527506e+00,-3.325192804418671155e+00,2.901612952561345438e+00,2.737652905352740418e-01,5.792153231943952818e-02,-2.858194759377626681e+00,4.824922758565106662e+00,2.037393391037720214e+00
1.243148847648197775e+00,-5.412722859616412308e-01,-2.756561279926018848e+00,1.272745461092112507e+00,4.414520484824609348e+00,4.006290441942280678e-01,4.700022056719985741e-01,4.565523345002815425e-01,3.941632223622544728e+00,2.514925394238991530e+00
1.130075240759196742e+00,-1.961973670996730590e+00,7.358104093823741865e-01,7.966375412591375493e-01,2.414535586094646469e+00,1.064872702290174278e+00,2.614591676007225196e+00,-1.578860296233922655e+00,2.329125489849624309e+00,2.644066635457640313e+00
-1.498443116149428045e+00,2.896119532240530425e+00,-3.263699122594182489e-01,-8.335724471208236785e-01,3.470299377193632573e+00,-1.728483095006524417e+00,-1.329735584981967644e+00,-3.301029272321592600e+00,1.276002444181596918e+00,-1.289429170704124772e+00
7.084523232729584841e-01,-5.449798374079639629e-01,-3.914288431957000824e+00,1.915389104238851559e-01,4.054270379592409768e+00,-2.421524056281134651e+00,-1.863095797992525782e+00,1.671164258432191296e+00,5.679538762647322159e+00,1.790469043690716910e+00
1.723870114153612132e+00,-1.044600093996522983e+00,-1.469983457542824334e+00,-2.030909120645179033e+00,3.448710539838949707e+00,1.004114387861616109e+00,8.818856753964219308e-01,-3.377439684176885670e+00,1.984404779149406384e+00,2.863682736591945943e+00
-1.326556363067917799e+00,2.388619989177904301e+00,3.392290306189656768e+00,7.394287345150818425e-01,-2.397349340994001654e+00,4.598634478421677940e+00,3.359669722981237783e+00,-1.662736192829248338e-01,-3.504368713393023693e+00,-9.745310720296715967e-01
-6.407470149867868781e-01,1.312280066032952774e+00,2.248305492691046459e-01,3.154575053436213139e+00,-8.156993331862181229e-01,1.456802873059932502e-01,2.466336847347510464e+00,-3.480375635076399909e+00,-8.885215399182224694e-01,5.465822684327675818e-01
-1.399756816836634332e+00,2.487679832795463675e+00,2.929792232398831242e+00,3.387652983351598479e+00,-2.344826232732016180e+00,-2.849550039256147915e-01,1.853163304695153002e+00,3.307322891312506563e+00,-3.102430847352515286e+00,-1.024724565244153451e+00
1.851130036320895456e-01,1.093407707462842104e+00,-3.976376915745233998e+00,-2.707380055038463240e+00,3.224937829698866221e+00,-9.352559802784177201e-01,-3.017571692391953331e+00,-7.037644999934742351e-01,4.139493875624390640e+00,1.337154448541325591e+00
1.363467482334783210e+00,-2.028581191418542318e+00,-4.159606744552878155e+00,-3.257771235129601095e+00,3.737211871584023903e+00,-7.729273610709076481e-01,-2.785155582000812480e+00,1.238239982211822188e+00,4.852282591249456267e+00,2.206300305788575056e+00
1.382500320275451333e+00,-1.879707290723415580e+00,-3.909617831824516720e-01,-4.616994880969014226e-01,2.306215350257772467e+00,1.392824163297898155e+00,1.327904520678287348e+00,-2.832246403252712597e+00,1.384558847050842312e+00,2.172307946430424686e+00
-1.404511897427659139e+00,2.471177879612945105e+00,3.970493833389321381e-01,1.372736487858281507e+00,1.343600869545762855e+00,-1.672645784438229200e+00,3.832940696308821948e-01,2.141720307311825167e-01,-3.604694256683279585e-01,-9.620625044079771371e-01
-1.542354712012737883e+00,3.271964204515944274e+00,3.476895894662338282e+00,2.038827756545937397e+00,-2.475622272916759403e+00,1.246258954807497155e+00,3.398990519296687829e+00,1.251193803020201223e+00,-4.087932388539861961e+00,-1.470088495174646681e+00
-1.418541058098027552e+00,2.637784154686928950e+00,-7.501804000779034309e-01,7.677466460555315564e-01,2.426109927954268830e+00,-1.893018388869992297e+00,-1.280275698514724780e+00,-1.724807559394738732e+00,1.141034116800468290e+00,-1.028708405020458683e+00
1.231354309625034338e+00,-9.265857164725255224e-01,-3.967292501052289921e+00,-2.358669267694533112e-01,2.995243631595384315e+00,-3.300755550608526434e+00,-1.625662359300233062e+00,3.350505656047547021e+00,5.641229125490393237e+00,2.143702333724065934e+00
-1.411495702881425673e+00,2.681249769399892457e+00,2.648232164375833975e+00,-1.619677648950594406e+00,-2.422208787628472137e+00,2.053913808677056529e+00,2.685501880398177832e+00,-7.717853045066465079e-01,-3.698907229669361918e+00,-1.052421761328670824e+00
1.152762498910455902e+00,-6.305188431591055576e-01,-3.969470642449885567e+00,-1.085551519886110761e+00,3.551333665802295592e+00,8.468160646446798445e-02,-1.581519965377124581e+00,6.373053446834182623e-01,4.331120752562316767e+00,2.204169856381215098e+00
1.136100021603964505e+00,7.339234897593724938e-01,-3.713094207915372369e+00,3.253049477634947451e+00,3.034795810617739509e+00,-2.870475700708765565e+00,-6.167904261407368693e-01,2.977741387936628570e+00,4.751004602471642357e+00,2.351784920082008679e+00
2.428601458597280605e+00,-3.305830949240744943e+00,-3.462847047332435757e-01,1.828628092756711787e+00,3.075465111555689024e+00,4.377955373753463775e-01,1.969418043958162556e+00,6.747763547354743707e-01,7.198292619229442746e-01,3.697184875195309139e+00
1.681651631762490329e+00,-7.413891141114770100e-01,-3.054731756763350070e+00,2.014693841474254121e+00,3.504383907337105697e+00,4.227769930290504741e-01,2.155997333926387149e-01,-2.040620836741374955e+00,4.624980556052593172e+00,2.384787858652881898e+00
6.560298106206624569e-01,5.537247462321417402e-01,-1.807323396159925544e+00,-2.055020416003076278e+00,2.387232356624084950e+00,-1.486773716256845290e+00,7.537841279170685027e-01,3.226350184268103050e-01,1.754894650199022799e+00,1.452157237198163919e+00
-1.271308786547999947e+00,1.997477077240446874e+00,-2.669089122089365329e+00,1.621056802737612657e-01,3.119304056212796716e+00,-1.537226522460361622e+00,-2.548445563823989790e+00,-2.341081362610768934e+00,2.548516877052326102e+00,-5.391199616037449793e-01
1.232983161506553849e+00,-1.827494422283493902e+00,-4.155933598616092794e+00,-8.979530136071312008e-01,4.158342325000959683e+00,-4.508784888083019471e-01,-2.412234863133116303e+00,7.157505159232311343e-01,5.117191731948293132e+00,2.278949097599285434e+00
-3.778626658685227957e-01,1.378570792317761473e+00,9.741328077457092061e-01,-3.284459413163221875e+00,-1.345674030723258641e+00,4.019349117827435425e-01,3.073135334597814072e+00,-2.607711230410256764e+00,-1.172604367134260084e+00,5.640494287752106928e-01
2.355124673824597004e+00,4.543180851278556531e-01,-2.800209375826684388e-02,-2.111963792553731789e+00,1.747445779973620938e+00,-1.976784557421546185e-01,2.150193135278038348e+00,8.948616613320679036e-01,1.590101421760785616e-01,2.666081172442227754e+00
-6.373112309292738864e-01,1.204227774466461121e+00,3.713816532558086303e-01,-2.820326247597239266e+00,1.842242214245715992e+00,-1.107335456533699691e+00,1.606433802233183883e+00,4.625170075933962011e-01,-1.479604443278447201e-01,6.151978644929225748e-01
-1.304604824518047712e+00,2.283937436347656558e+00,-1.741048894205525777e+00,3.319914887887988719e+00,2.677567727649965867e+00,-4.418386896803011332e+00,-2.621007120146425784e-01,2.570762764752588581e+00,5.247886783703847868e-01,-7.467194737035818264e-01
1.540161619348816124e+00,-2.566583981359336519e+00,-2.939324351258302492e+00,-2.235558682852559098e+00,3.738071821285042340e+00,1.415290605200970386e+00,1.674942932610248292e-01,-2.843515206607205137e+00,4.738532620637448289e+00,3.029469180037028586e+00
8.675441442002602699e-01,-2.948061299185562589e-01,-3.873340527785533727e+00,2.086090264305862085e-01,3.395659974994171382e+00,-9.678722928240176548e-01,-2.020740830218842987e+00,1.650105840987556860e-01,5.263786644725907848e+00,1.574730085718136552e+00
1.032991062766132062e+00,5.497679046091334953e-01,6.446736974338536097e-01,1.565315011288589631e+00,3.196184007131751770e+00,-1.224635225581360842e-02,2.666661499824133585e+00,2.274968007726951846e-01,6.335375545799384334e-01,1.527992708629123397e+00
1.374949410468197408e+00,-1.548237067520507049e+00,-2.634318036857483669e-01,2.048978592596465198e+00,2.496264197865984968e+00,2.865329732808363783e+00,1.187665745174787624e+00,-1.095321411831336800e+00,1.777686406016237619e+00,2.379039446868303376e+00
1.250931513524805805e+00,-1.618143896173993568e-01,-3.897265069776375768e+00,-1.931146030071022812e+00,3.307818454772140093e+00,-1.060000898587787121e+00,-1.821100502954811962e+00,1.440797511911706685e+00,5.749188382426147825e+00,2.155146335120980527e+00
2.272562394175139389e+00,-2.816440280463914370e+00,-4.287524293375281736e+00,-2.876747584341465824e-02,4.105645034707527508e+00,1.584991535806513419e+00,-3.114802061803857658e+00,-1.122555239943387129e+00,4.641334112540032031e+00,2.877770477046610154e+00
1.333926576942951359e+00,-3.292026982037445038e+00,-3.629423754119478041e+00,-2.559555270758403722e+00,2.929547002317485216e+00,1.450304682174791138e-01,-3.710428964868643931e-01,1.118298203675805347e+00,4.698831962821053310e+00,2.598065979079410059e+00
1.592751357526312805e+00,-1.162027559588849179e+00,-1.402266501074460880e-01,-6.511551329985683090e-01,2.556812674384984163e+00,4.968380542245746101e-01,3.053063002860747055e+00,1.223515740146622122e+00,1.174316377784221821e+00,2.823509499869939710e+00
1.354948667615619273e+00,-2.527099132034133167e+00,-8.330979369376940724e-01,-2.870227144173681744e+00,2.750574661811727495e+00,1.655744002760396461e+00,1.224769547361415967e+00,-3.380872900657941216e+00,2.085503462895742288e+00,2.864103083278350503e+00
1.443582844260860476e+00,-1.555775998457222364e+00,-7.977025768417822515e-02,1.394980532758549607e+00,3.650204164926657224e+00,-3.249218600165668658e-01,1.564982696681675556e+00,1.008067764476024308e+00,2.595790623678062570e+00,2.597321083505220507e+00
-9.681053057608329793e-01,1.932446471899336160e+00,-3.491932222426311849e+00,7.870637969494023167e-01,4.200086643314084434e+00,-2.801817643984763517e+00,-3.299470954158541858e+00,8.219771093247913996e-01,2.508704739401005135e+00,-8.650544024147577282e-02
-1.158509842372789089e+00,1.989494350086665087e+00,-2.203255357476427978e+00,3.197926445171319187e+00,3.643286746375267171e+00,-1.745793521472529530e+00,-1.541773729080175848e-01,9.623280081469731684e-01,8.484764044712876929e-01,-4.142993964317158717e-01
1.891502535116784234e+00,-1.983979324514484333e-01,-4.182292695800458482e+00,1.401778419032758016e+00,3.625071545002056972e+00,1.523942053884678183e-01,-2.669333446051068037e+00,4.489621704993851381e-02,5.461312279717452256e+00,2.422825166861199975e+00
1.730760818989551808e+00,-2.698099793812716918e+00,-3.783053973122843416e+00,-2.324777277345651427e+00,3.527753980617176932e+00,-2.304324125411979729e+00,-6.678900002444945194e-01,2.926075893615744938e+00,4.941766010741500459e+00,3.096531274926796584e+00
8.840490046656603873e-01,2.780967024334626281e-01,-3.894848267006571607e+00,-2.499499441987052428e+00,3.512272705603058043e+00,2.502380337708879909e-01,-1.484984710764918336e+00,-3.346101633918965312e+00,4.839257518070994912e+00,2.155427457274293968e+00
9.750099746147958824e-01,-8.630797651687993621e-01,-2.810568885394318706e+00,1.372705758591651559e+00,3.671020318908654545e+00,3.059201790827241751e-01,4.377096523971149011e-01,-2.461686657909836651e+00,4.018407646487569984e+00,2.214442506683889089e+00
1.565825128709293246e+00,-9.980428286979776686e-01,-3.719290205118611858e+00,-2.749853107135082020e+00,2.855211132575066646e+00,4.639072780260600215e-01,-7.219529892939604565e-01,-7.771512928302861667e-01,4.675769773689708586e+00,2.145657054599910740e+00
1.009037165604068864e+00,4.763812391293296145e-01,-4.099518809709417511e+00,3.322323321828594800e+00,3.195713076202344904e+00,1.855832987323815075e+00,-2.252984791331742009e+00,-2.469539199975448351e+00,4.300588018777813382e+00,2.179472174155716147e+00
-1.495252346222511797e+00,2.903022836344256064e+00,1.378847215816247918e-01,-3.410425065337816530e+00,3.131045597588192564e+00,-1.293447293157606870e+00,-3.070413154432236169e+00,-1.256878251446383210e+00,1.083339261023862354e+00,-1.274192554155961998e+00
-9.174078666819607264e-02,1.274322616158228172e+00,-3.922739936120991366e+00,-6.157795277824282820e-01,2.981248698309843626e+00,-1.977260127360039199e+00,-3.029695382205472853e+00,-2.494660606719434348e-01,4.297509735315175661e+00,9.997093136062747964e-01
1.142769344955748556e+00,-9.120076041437359393e-01,-3.882770157079079798e+00,-2.121596049545241058e+00,3.987493319784498613e+00,-2.670049018463876767e+00,-1.332115486092814383e+00,2.261116853349490974e+00,5.511485079368140916e+00,2.102566481436137114e+00
2.170558042252389797e+00,-2.847384067369718608e+00,1.222891017183127538e-01,-1.603713769844951731e+00,3.818814111071331840e+00,2.767683625587596952e-01,2.840214883133897139e+00,1.190150782204360880e+00,9.606315447028938026e-01,3.194954621538731221e+00
-1.529021489278694412e+00,3.177723039515742975e+00,1.368421046011689679e+00,2.853159480190958774e-02,-1.820127372976884539e+00,6.222627608617742334e-01,6.460878292085885377e-01,-4.334466555936882237e-01,-1.825675668904612525e+00,-1.425975441830536372e+00
-2.691579448583679146e-01,1.143324901969435814e+00,2.653643863683374238e-01,2.796319919341123672e+00,1.188372091757624371e+00,-2.237595274866650108e+00,2.222828963357318166e+00,1.237384900808661925e+00,-3.565026781321576355e-01,6.803651145283134971e-01
1.534542214533036963e+00,-3.364012957993825825e+00,-4.252809008458212858e+00,2.337788054430719242e+00,2.864604268002221232e+00,-1.473207804838770063e-01,-3.332103791055099684e+00,-1.136311807831093201e+00,5.411877536899450725e+00,2.399224421204781965e+00
5.909812137066041693e-01,9.374512734960482874e-02,-2.463083643656085453e+00,2.104347050731663060e+00,2.850992517920542202e+00,-3.754140407051358430e+00,5.879522878735032876e-01,3.058477808537335640e+00,5.436331152350561524e+00,1.606701848534973998e+00
6.178951742897007549e-01,2.041608394823799522e-01,-3.900726392945899068e+00,-6.232398565749219799e-02,3.067876011558242411e+00,-3.542512022658260040e+00,-1.438038996981184869e+00,3.490931113658984231e+00,4.175308620000739879e+00,1.830657098887257028e+00
2.130341991874269425e-01,8.787677679518779428e-01,-3.922306778302830921e+00,2.305572175650087097e+00,4.084874633658915677e+00,-4.695094875579651550e+00,-3.039710502092994204e+00,3.434569303463081091e+00,4.500336984493467085e+00,1.018155358045987890e+00
-1.348347992998587097e+00,2.218250565646843420e+00,1.802748701979883794e+00,2.355850057563990241e+00,-2.370711714629599509e+00,2.834519673460694111e+00,2.736474775475493892e+00,-2.853734560807294152e+00,-3.308814329799113274e+00,-7.993700601200177669e-01
7.490926592646859339e-01,-1.037301025230466855e+00,-3.790970524880740378e+00,2.253605501421747093e-01,4.633303705307902476e+00,-9.534502625578086255e-01,-8.079115665488503240e-01,1.197862718623431633e+00,5.069524394355028107e+00,2.068468004493809520e+00
2.066176294592585450e+00,-2.334553477466351445e+00,-3.331238536331073252e+00,-7.013524927331729053e-01,3.558730045636862904e+00,9.456586966553177653e-01,3.723321428656545251e-02,-3.036630400436890920e+00,5.697799021266697572e+00,3.075480200685694498e+00
2.087384146515719685e+00,-5.862175744059161531e-01,-4.182899300323197345e+00,9.954392120276702727e-01,2.800861020499336274e+00,3.280069199010534620e-01,-2.415620999061125485e+00,-1.955984808324457758e+00,4.578315038749398269e+00,2.724010123287405882e+00
9.390094024999162681e-01,2.486882392013054499e-01,-3.794474734392436321e+00,-1.771867831079721345e+00,3.540152152315480194e+00,-3.702169433550198896e+00,-1.297922558692254480e+00,2.982586988014641172e+00,3.698698363246735621e+00,1.772955632416290506e+00
-6.912455062875044742e-01,1.505312161778462610e+00,1.116018958501628688e+00,3.222362467177506851e+00,-1.695777190028153747e+00,1.611120850642868696e-01,2.808319730481300347e+00,5.756452040950081894e-01,-1.614897547983847659e+00,4.630032553684894081e-01
1.118069485702139376e+00,-2.943895881551139571e+00,-4.272154971069796581e+00,3.284457873859632393e+00,3.293163769705403254e+00,1.380575364952606465e+00,-3.270989171158041664e+00,-1.328971610150980975e+00,6.963046066907291554e+00,2.533900627687613483e+00
-1.359359038796583263e+00,2.442551497592925003e+00,-1.462245322245913748e+00,1.707677308516201364e+00,3.094128589478676972e+00,-1.412189725910791172e+00,-1.963482874132315370e+00,-2.531371403341235116e+00,2.690902459113612810e+00,-8.546664891707970169e-01
1.136059006014400019e+00,-3.003239614983510108e+00,-2.725928035407261696e+00,-1.467954825236309269e+00,3.606724265820246522e+00,7.591817830540262824e-01,2.742993292269888528e-01,-2.078158203507143753e+00,4.785302506300439518e+00,2.717549998827638369e+00
1.730730387282659155e+00,-1.163246674661467583e+00,-3.658566833377973726e+00,8.025147360181463796e-01,2.955140998610281677e+00,-1.129970493440618506e-01,-6.416252719390156400e-01,-1.275759243366009876e+00,4.918325849545929884e+00,2.433114866344599392e+00
-1.269232337842305158e+00,1.979280540486531237e+00,-2.535047910378398051e+00,2.230060876185491203e+00,2.338956741130334027e+00,-1.532084847739580091e+00,-1.169390045702795700e+00,-1.740708459583837575e+00,1.349586638325258159e+00,-5.720303853915724712e-01
1.909526462559984594e+00,-1.005980461828806849e+00,-2.368115151020514786e-01,2.868020955631825686e+00,2.528216637499968833e+00,-1.187236488830125891e+00,2.023849202783182477e+00,1.440589840616286921e+00,1.129508980233532744e+00,2.054707714890202652e+00
-1.516556238513889765e+00,3.189389735793517033e+00,5.785306006570256621e-02,2.742223303697659986e+00,2.282023251649260231e+00,-4.479773205518429613e+00,-1.579464895476322628e+00,2.346371828711271590e+00,1.006185209315437756e+00,-1.429630824813164391e+00
-9.266083162125539063e-01,1.672449476028081250e+00,4.678515894522256025e-01,-6.765227385969536655e-01,-2.197495773686918064e+00,3.011403712409091993e-01,2.656303937906837831e+00,2.126618147783930546e+00,-2.483861216210751621e+00,2.817453387032300971e-02
-1.388569575362806674e+00,2.606040505556279641e+00,3.295608178999669846e+00,1.111512996972183309e+00,-2.438869647872131896e+00,4.310683141600684110e+00,3.415848771645957349e+00,-9.169336451235352570e-01,-3.745850157983475981e+00,-1.041238696509884543e+00
4.271632026639557989e-01,1.346458589657775207e-01,-3.650935241345366844e+00,-2.607820944997345514e+00,3.571320798480106085e+00,-1.041783524968815655e+00,-6.497683607341526724e-01,-2.183133113937054226e+00,4.133497633116518521e+00,1.633633214399377032e+00
-9.776216489331296389e-01,1.597864463773216670e+00,-3.149094469807036667e+00,5.513529749936356694e-01,2.661168033343471073e+00,-9.778570303504434680e-01,-1.123129645793468523e+00,-9.942619592100543358e-02,2.788417802935895473e+00,5.031521226190482227e-02
2.046000493857645264e+00,-2.384606923055863081e+00,-1.740451676395304847e-01,1.927506539088610360e-01,2.513169599036201074e+00,2.053839153467671985e-01,2.548256371986317603e+00,1.301044143368352835e+00,6.361298669688819629e-01,3.942755068334252044e+00
1.588858747451493691e+00,-2.068008889350819057e+00,-4.266103024865423698e+00,-1.678268100015552378e+00,3.581214583726262557e+00,1.717988788930399968e+00,-3.232618920716640698e+00,-3.410919750474349144e+00,6.386538849105198423e+00,2.512545020200414037e+00
2.028811419168531582e+00,-3.252056977153498618e+00,-4.275057080415127331e+00,2.002997100115646134e+00,4.499169257865171190e+00,-1.239570052187848770e+00,-2.396139101389963777e+00,2.100539618019023891e+00,6.996175514127686235e+00,3.679111280624586477e+00
1.508604149914372305e+00,-2.461235579013394847e+00,-2.247556289221817050e-01,1.493280683727756575e+00,2.162769836069077023e+00,-2.739478165299691348e-01,2.838091538068367115e+00,1.476050316723554801e+00,4.445849412365786568e-01,3.203026662243216194e+00
1.287042310067304296e+00,-2.742462432273200967e+00,-7.020723221218666543e-01,1.709975145531427820e+00,2.569757157661577196e+00,9.794593277807384091e-01,1.317541970932039952e+00,-2.938476749186416548e+00,1.329855397811992024e+00,2.551598049587095574e+00
7.055240622678476958e-01,9.965611521208401768e-01,9.344285744466580834e-02,2.336842249996457177e+00,-5.810998191678867775e-01,-8.107079984753795543e-04,3.138025184505753629e+00,2.128375258882231336e-02,-7.404199983706640786e-01,1.396641690984685491e+00
1.819303603403315428e+00,-1.798912437323485491e+00,2.506196045337949485e-01,-1.585810084173439716e+00,3.252418512695596231e+00,1.788554658110540041e+00,2.570451085343459674e+00,-1.909766528349880144e+00,8.289671315331600399e-01,3.301133078047305158e+00
8.984013547914144748e-01,-8.113266365558393645e-01,-1.675181878803352897e-01,-2.362642648943509283e+00,2.395287895492057118e+00,-3.049706595886664484e+00,2.039146365229607127e+00,3.302115232375868459e+00,1.449591968308414858e+00,2.018745642272135932e+00
1.271939544461730298e+00,-2.199720424766870686e+00,-4.025533120146882915e+00,2.103352999392594569e+00,3.838215566881362673e+00,-1.852282552509841640e+00,-1.818915991910581287e+00,1.942630656174437753e+00,4.466735850922909812e+00,2.428878795108721178e+00
-1.293626316203033033e+00,2.183249725156995780e+00,-2.378818290490615883e+00,8.192786562522096361e-01,3.065369871797325452e+00,-2.143437277919300055e+00,-1.377995645474840103e+00,-1.335490287150262745e+00,2.975106892797076963e+00,-6.110114055924774634e-01
9.800214051136582061e-01,-1.425869649466689815e+00,-3.612194982510191998e+00,-9.145638788391261542e-01,3.875998087696171268e+00,8.874627949759198442e-01,-4.524602611814625419e-01,-2.682933356088965660e+00,4.971464800686576702e+00,2.362488907894408019e+00
-1.208598966539266906e+00,2.067805059907473542e+00,-2.491701333500676352e+00,1.754193433585884421e+00,2.810569637217309680e+00,-1.076687656394023085e+00,-9.248094536945896671e-01,-1.315249151865053090e+00,1.789234500558001706e+00,-4.661156738538067557e-01
9.394157239639099322e-01,1.877323863393423053e-01,-3.054972039191389932e+00,7.404171329831621406e-01,2.604997643960200282e+00,-1.100281087559407789e+00,2.061018613968390589e-01,-1.380890130391927428e-01,2.797413369317754750e+00,1.790279768250861991e+00
8.366496384096523409e-01,2.620488761549908396e-01,-3.420842923013613479e+00,-1.887477846327223041e+00,3.791298823747243141e+00,-3.257742993637867457e+00,-4.906494063814572648e-01,2.759326607030352818e+00,3.764852684396052585e+00,1.771269135007682571e+00
1.457001313759710204e+00,-9.201267351250561610e-01,1.423373897435813440e-01,-4.953335826219609217e-01,2.682088668951622346e+00,-3.363946428288923762e+00,2.597673603549967680e+00,3.322672099776537991e+00,8.207588063076194373e-01,1.961198416644140963e+00
-1.472691386233240030e+00,2.830183591683392841e+00,-9.785287325397794556e-01,3.435660052636775319e+00,4.153841773842998464e+00,-4.703731799038401995e+00,-1.805427947638010400e+00,2.516543132326631849e+00,1.350685490700532787e+00,-1.254096893905491283e+00
1.394229860601005733e+00,-3.244136560748500209e+00,-3.783905240448026674e+00,-6.240354039596947011e-01,4.936393521778212445e+00,-4.038664286264652681e-01,-1.115441837026956762e+00,1.330618686941011042e+00,6.082548619935947976e+00,2.251689765061280379e+00
-1.081341408976016050e+00,1.667539942395444008e+00,3.757518125101089623e+00,-3.056797234328360702e+00,-2.129840123003492902e+00,6.707570665830027146e-01,2.341405382400246538e+00,2.519077411280109757e+00,-2.286629666338340972e+00,-1.070213799669727794e-01
1.715277995575090753e+00,-2.225751999496794920e+00,-2.580577883463516908e+00,3.232509476947956983e+00,2.507382374640210632e+00,8.598910450569849928e-01,4.192246071344225555e-01,-3.343610450540344559e+00,2.903707232230391622e+00,2.753880605325114139e+00
1.351128252503575711e+00,-4.452376746140664920e-01,-4.179334740015242744e+00,1.004305865728111868e+00,3.679186159007462820e+00,1.029555411644815122e+00,-2.117866807837004206e+00,-1.531831348707614060e+00,6.174471157069913119e+00,2.996517492045135178e+00
1.109445315126395659e+00,-2.864782244220290597e+00,6.498881658923435500e-01,-2.148491870193682818e+00,4.588160607241327682e+00,3.346580329109155594e-01,2.833094060525016111e+00,1.266442447594525511e+00,8.780797693947517413e-01,2.599289751969678264e+00
1.950954640852413213e+00,-1.338314432366931150e+00,-4.101611965619922806e+00,1.005817126823481900e+00,3.566447585591250302e+00,-2.219890271626476785e+00,-1.905842128002002367e+00,2.798832195954687130e+00,4.445022564403591225e+00,2.632127335501169618e+00
1.177513516445004793e+00,-2.480158406594632936e+00,-3.388409939166112217e+00,2.854489385759346298e+00,3.980764571741220781e+00,-2.260108923353564947e+00,-7.253833280482746559e-02,2.930155397075700385e+00,5.588334573150161688e+00,2.658537013058904996e+00
2.392597854796415735e+00,-3.265145466237372229e+00,-4.287842146885138206e+00,-2.725216735942631807e+00,4.789292114095474062e+00,3.587003281418378320e-01,-3.179156076377553042e+00,2.142001805227753408e-01,6.727193348088437830e+00,2.821235923956584735e+00
-4.534352232600161736e-01,1.243923358740918417e+00,-3.947575578998671286e+00,1.449929858387145387e+00,4.811644864027655899e+00,-2.894338948448016868e+00,-3.050957269141474359e+00,1.919714122641853038e+00,4.909731664481295610e+00,8.046218142640536586e-01
1.337677243528488935e+00,-1.784848923781866548e+00,-4.109777989085671379e+00,9.746074435788756318e-01,3.647028860505918679e+00,1.280587230502802099e-01,-2.227074085279793003e+00,8.527151930473690911e-01,4.598814242072553071e+00,2.677183747572903005e+00
5.067819964465838378e-01,-5.981210417180915506e-01,-2.781669913556282125e+00,8.595961337013005021e-01,3.393338025315371986e+00,4.248647195400259147e-01,4.133491610587833875e-01,-3.112580953837067899e+00,3.790240913715694937e+00,1.654811782085253924e+00
7.794804562094105327e-01,7.279481350743610690e-01,2.185930537510277494e-01,2.694119604776587629e+00,4.764897628420546316e-01,3.074245136743952722e-02,3.361223634186063514e+00,-2.664379162734414663e+00,-6.055016573121980716e-01,1.804291374885769406e+00
1.432539724606865406e+00,-8.067933417828268006e-01,-2.708664539583738318e+00,-3.291721405129332201e+00,2.742065714297203360e+00,2.842752732503273538e+00,4.878238487090582609e-01,-2.498241507809775719e+00,3.700900500026715001e+00,2.970176118421372635e+00
1.653132089053414466e+00,-7.263482326462336047e-01,-3.855721225592065426e+00,7.055604980269718496e-01,3.492643729014842435e+00,8.388591069791039301e-01,-1.128917639739581702e+00,-1.037719978345710725e+00,4.277985131402235908e+00,2.249712731532724774e+00
1.045987281698678828e+00,-3.107856161397605455e+00,1.740127920820006557e-01,2.888598489641691636e+00,2.370496951761932536e+00,-1.196014222514981240e+00,3.302850155784103237e+00,1.736857595648237051e+00,3.613076655002663840e-01,2.490850717849685481e+00
-2.191822369183184238e-01,1.159010065652871013e+00,-3.954572546927319188e+00,4.917380012036201009e-01,3.756234636278431793e+00,-2.735136849023780403e+00,-2.682036505048468467e+00,1.512497541342018970e+00,3.367369426924546882e+00,9.682949572736470056e-01
7.433885020938068022e-01,7.044358167337509968e-01,-3.922049803589390926e+00,2.649600828599965041e+00,3.166510838101616709e+00,-2.276761076365234171e+00,-1.850200943669312537e+00,1.500508079236364978e+00,6.079187444191744838e+00,1.770117867445301307e+00
-1.302899588949617993e+00,2.279373393340383025e+00,3.076170722110851408e+00,2.616801914841502708e+00,-2.312880555036314512e+00,2.899445649435864247e+00,2.306269923094578900e+00,-1.749325813103249860e+00,-3.238583065992038268e+00,-7.905803689198855899e-01
1.172907216178130874e+00,-9.066730572216097350e-01,-3.836887990006557114e+00,2.951556950966479853e+00,2.856287165053607691e+00,-3.529949483667549348e+00,-1.144467599622942977e+00,3.097068037272345364e+00,5.634707834410519922e+00,1.980831709763914761e+00
1.319967673767121097e+00,-3.126396266576445093e+00,-4.225763497637240462e+00,-1.769989745763165256e+00,2.788774419393767801e+00,-1.570649475707929454e+00,-2.591640992439326663e+00,2.759904847137529593e+00,5.798898353744594836e+00,2.936763556115497664e+00
-1.434777391866760565e+00,2.561589245758348454e+00,-4.128509125056240014e-01,-3.109996650071131352e+00,2.613039807024464700e+00,-4.172017630460203463e+00,-2.238730451029309343e-01,2.533247763530844132e+00,3.477429530309887884e-01,-1.116883173718312250e+00
-1.014036534504612952e+00,1.773525634010969299e+00,2.956020243917297230e-01,1.850079238450574870e+00,-1.895340440567089280e+00,9.225959666302809836e-01,1.522586967991035323e+00,-1.775506833614657332e-01,-1.821233787322239284e+00,-4.676402573319182743e-02
1.118415798068115530e+00,-1.623206653269308131e+00,-3.370343301070179542e+00,3.636614767442121199e-01,4.278515510591097915e+00,-1.439889858155000812e+00,-2.154219886173036613e-02,1.607596397870489469e+00,3.596948874629921633e+00,2.371289154358659612e+00
1.471303843344137663e+00,-8.107250416425326733e-02,-3.916902070770076794e+00,2.446177307656795641e+00,2.700300762226353513e+00,1.241895398916529780e+00,-1.654844884410279438e+00,8.689095265234794141e-01,5.233021916349680502e+00,2.216223319707547379e+00
-1.260217090488809699e+00,2.242245147837743424e+00,-2.659399735289804667e+00,-3.047911066144423753e+00,2.741801090699373500e+00,-5.002903792313619036e+00,-3.009849782812417107e+00,3.224607915578652673e+00,1.100775165338202743e+00,-6.476278438411090521e-01
1.579026797232547352e+00,-3.376015680577415967e+00,-1.793614600652425839e+00,-7.613154973525659841e-01,2.477578380613083997e+00,1.567378519240570922e+00,7.837435564499282137e-01,-2.774320631792825953e+00,2.168236969971204076e+00,3.322267478657762840e+00
-1.559341330515872759e+00,3.390208468393860919e+00,3.481322739436564895e+00,-2.123966952552619247e+00,-2.029791829276542003e+00,1.457664987237407228e+00,8.863331374954119823e-01,4.624265061200607541e-01,-2.001435608136163946e+00,-1.529039832516842168e+00
1.655404309540437158e+00,-1.309367695456316039e+00,-3.897019832544351914e+00,-3.042148595582157000e-01,2.688732736364572773e+00,-1.647404286507156534e+00,-1.356693489987190748e+00,1.588270515662017601e+00,4.398009755654474162e+00,2.058316140862850752e+00
1.419352549328559254e+00,-1.300260649396353330e+00,-4.013476129197302456e+00,-1.037309790075347848e+00,3.641068447234882655e+00,-2.206676170150970728e-01,-1.496546987039936383e+00,-4.381972376780880474e-01,4.680956946048722145e+00,2.572651739624795653e+00
-3.977872497986431055e-01,1.357407066619080283e+00,5.794668200483150677e-01,-1.121592237666928948e+00,-1.428088905454498736e+00,-7.980851599441762811e-02,2.343336370427404169e+00,-1.021057010455642899e+00,-1.321605806802063743e+00,7.850575518851850010e-01
-1.557944697159975966e+00,3.380463608080738425e+00,4.720974582537983189e+00,1.622919708737122768e+00,-2.438371809434896509e+00,1.638785630407916472e+00,2.230844517652354142e+00,8.491215623994552431e-02,-3.795952996720043160e+00,-1.528193695497210181e+00
-1.306579820701103012e+00,2.065076166841659067e+00,1.579950937870891359e+00,-2.512792313932135535e+00,-2.315078228779809066e+00,3.600336855496952815e+00,2.280233398797813393e+00,-1.935063918514900561e+00,-2.901109775249807399e+00,-6.535193736555700017e-01
1.129146767480857516e+00,-9.013539662960736720e-01,-3.766272888148391118e+00,1.285352423585901960e+00,2.835564511788380315e+00,-5.746284799783214492e-01,-9.633553944227530863e-01,-2.426838850405061532e+00,5.711966133164350978e+00,1.915493784723068416e+00
1.453069360865564930e+00,-3.394888730847649416e+00,-3.987071799155384788e+00,-2.929338787508581454e+00,3.550782180623862860e+00,-1.068428345723938522e+00,-1.584023363033806309e+00,1.459259832814716162e+00,7.422231475336412920e+00,2.548900308724614927e+00
-1.181095576184673535e+00,2.088540224415037727e+00,-2.737312855215802365e+00,2.750104459117361344e+00,4.410884687570892915e+00,-2.022058625596638404e+00,-2.623067138929466857e+00,-1.401501605657490046e+00,2.183513587242929432e+00,-5.826237760730799131e-01
1.228349571101341020e+00,-1.797000743556134372e+00,-5.726122164709934736e-01,1.654118548043263637e+00,2.646883921497757530e+00,2.383651400225230699e-01,1.377925401646424852e+00,-1.011210571581353523e+00,2.127472371887025204e+00,2.286061770654685521e+00
6.687101311757636113e-01,-6.782481329063374531e-01,1.112187080703393560e+00,1.804719208584018908e+00,2.238369441777948943e+00,-1.064433702789203684e-01,3.401102846079472108e+00,-2.856588950123919002e+00,4.160524244265200178e-01,1.759588937409421350e+00
-1.261641836793594207e+00,2.078348089063211113e+00,-1.096172737662453267e+00,-2.930561517276091710e+00,3.002413905614497391e+00,-1.836288488318210899e+00,-4.667485016855001945e-01,-2.317606243035292835e-01,9.603715757647180995e-01,-6.214438609672728875e-01
2.591402121181877405e+00,-5.820043202320559494e-01,-2.697095284261134207e+00,-2.260367196018475688e+00,3.948804658407656376e+00,-2.608396657907234850e+00,1.608383464864422407e-01,3.161900648973658079e+00,5.842482890217540081e+00,2.945123298847825311e+00
1.377941282315250149e+00,-3.018000738822241402e+00,-4.205175826993925448e+00,7.941465237006450906e-01,4.036237438835899916e+00,-3.000927532235273532e+00,-3.277769456904574330e+00,2.996206257933018868e+00,5.085156512763678194e+00,2.226979979407378352e+00
-3.585188423323455997e-01,1.026554641660747613e+00,-3.684554307331342038e+00,1.302739393295144765e+00,4.508367940618216885e+00,-3.500474950348543501e+00,-1.489103250920128740e+00,1.925310662699301290e+00,4.063447832796663661e+00,9.059058351205656612e-01
1.268177585060160650e+00,-3.215233761861640893e+00,1.197884185290778170e-01,-2.012624062238332456e+00,3.724241609775735373e+00,1.071246737196409171e+00,3.312498258989861277e+00,1.198695319668607873e-01,7.839408912914456184e-01,2.747771238897476209e+00
-9.968135475022207315e-01,1.686319633909103999e+00,-1.786544944749227870e+00,2.272150058853211085e+00,2.240172830650832836e+00,-2.080299401062943421e+00,5.327468453321406727e-01,2.935832917332525938e-01,3.726281339675180382e-02,-1.305482133619731422e-01
1.064826154486822496e+00,-5.801380754992684352e-01,-4.242653689842011744e+00,-3.462147906869160519e+00,3.557300878092998886e+00,-1.499958733254973087e+00,-3.267470589147819737e+00,1.920260192559361201e+00,5.404544987396778133e+00,2.243659207588780902e+00
8.217652302960004596e-01,-4.000816386468559749e-01,-4.079276089967744490e+00,2.704663243822770013e+00,4.490726982787533572e+00,-1.988343915785301341e+00,-2.381878982172746184e+00,1.745315380085997070e+00,7.704618912155401844e+00,1.901518532713388776e+00
1.020042856622273009e+00,-3.082044862952026953e+00,-4.263344679522800718e+00,-3.378382632832608756e+00,2.666615506374867994e+00,6.053605299198139278e-01,-3.162028507781529552e+00,4.444895998352516031e-01,5.695120026567867200e+00,2.585878147050014064e+00
1.690782419133905146e+00,-1.396754812046112182e+00,-8.291580086432960295e-01,2.188905805893394785e+00,3.212240331743555721e+00,8.127419522464710555e-01,9.077240728769844225e-01,-1.229700709154880833e+00,1.927082122348449778e+00,2.538738801631923891e+00
-7.603745760402094156e-01,1.744031952085926207e+00,-4.078293140533751360e-01,1.884208692349019998e+00,-1.716657889351278277e+00,-1.097167208355423362e+00,1.240605408518457686e+00,1.286255488824926907e+00,-1.513853457665398583e+00,3.031126074951594473e-01
1.066478245267026503e+00,-2.853124313155658953e+00,1.027140062725919067e+00,-3.043115713968767899e+00,3.039142202135054927e+00,3.458445974400126133e-01,2.832783725528128294e+00,-5.489789930010848806e-01,1.307060924063306429e+00,2.265158348631257645e+00
-1.332350217210725773e+00,2.299559737168804574e+00,-6.371404896286958497e-01,-5.876358298324100282e-01,-8.330963806326536769e-01,-8.062742893959971013e-01,4.105733910191160518e-01,-1.232260886765288888e+00,-9.486985014906303970e-01,-7.863884286090563336e-01
1.154876340478615315e+00,-1.772778944678742530e+00,-3.958030255987424084e+00,-2.377577814038119186e+00,3.867467310409110848e+00,1.285431372067755151e-02,-1.540006479958723862e+00,-2.316395473617262724e+00,4.753414823233063302e+00,2.351622762986539161e+00
1.185680589151735687e+00,-1.677569644446985642e-01,3.119968743311639647e-01,-9.710272084184783381e-01,2.968438141447125922e+00,1.271986285243433823e+00,3.494816080531064628e+00,-1.399841667243955090e+00,9.295268634595614810e-01,2.124700122535527758e+00
-1.539829901579322868e+00,3.223267509497184768e+00,4.084525486574925424e+00,-2.537828207987615770e-01,-2.317572632399447663e+00,3.749517225851198621e+00,1.473035046060903852e+00,-1.712328925257614376e+00,-3.206770815254071483e+00,-1.457941419942117456e+00
1.175405789506109855e+00,-1.019106643467856177e+00,-3.601925610465049665e+00,-2.316653025696751023e-01,3.876265045405038023e+00,-2.357585363201362583e+00,-3.940337919353158469e-01,2.016756245191914765e+00,3.747849066957107400e+00,2.052284095617944004e+00
9.189778337136311759e-01,5.849183384698166677e-01,1.255783319471676096e-02,5.013594746282397097e-01,3.335703440947597187e+00,-6.458845598510392083e-01,1.794674855350079312e+00,-3.382648376893540920e+00,1.475086763731002781e+00,1.505224482817798082e+00
1.676029118054278566e+00,-2.524523111758491201e+00,-7.860268097379188301e-01,-2.016860759789642632e+00,4.000597331301982251e+00,-2.224705264363369128e+00,1.165815605856451498e+00,3.136919054977394872e+00,3.889975684834759750e+00,2.920130299369889659e+00
1.972669238413724546e+00,-2.956942278605267038e+00,-3.313338441480010665e+00,-9.002048613813213862e-01,2.772964533348884597e+00,4.518147178239811934e-01,-4.449863261722741825e-02,7.634829987248217265e-01,4.550703629092450520e+00,3.095132623211108491e+00
-1.359875147311058852e+00,2.447339502173888626e+00,-1.799862955174411416e+00,2.245529456470147345e+00,2.177757842706766755e+00,-4.991180873456144695e+00,-1.049244937211555762e+00,3.353597617184187030e+00,4.386500641846970971e-01,-8.625241734591402309e-01
-6.335053133548681492e-01,1.433063116271471316e+00,3.202420841985876843e-01,-3.375673223101625098e+00,-7.629265248959956613e-01,-1.027878400389791391e+00,2.092286196930150055e+00,-2.116118509980720042e-01,-9.656459418148624074e-01,4.933146815790816486e-01
4.294938192711396652e-01,-2.702889633535190406e-01,-3.999268325117909750e+00,-2.615012595292658393e+00,3.963815027808613500e+00,-1.255721949769090351e+00,-2.479621936221592993e+00,1.474985324338207171e-01,6.339715425251552183e+00,1.589511650105012608e+00
1.547491345027153464e+00,-3.426646826480684638e+00,-3.649021235950983932e+00,3.450538588446077526e+00,2.901647225524500939e+00,4.664894411265185781e-01,-4.243157536576465105e-01,-1.660341736983229399e+00,3.976928354369024810e+00,2.997131702332163972e+00
-4.155431841297442253e-01,1.331100061003458457e+00,-1.141071000624637843e+00,2.870522485181234984e-01,1.240004696396621586e+00,-2.195928854689207732e+00,1.034325211868341476e+00,1.674083225792945662e+00,-3.843951298202172850e-01,8.943556449467156000e-01
1.167180576634298861e+00,-1.826235339894894949e-01,-4.167724474173979843e+00,-5.590178231415121601e-01,3.225381468249306494e+00,-1.328868579195762178e+00,-2.845873220098217971e+00,4.855340655049271703e-01,4.192329651335998442e+00,1.988581074565439533e+00
-1.312935317568715732e+00,2.277053446762109523e+00,-1.540931217182064383e+00,1.972218140617252757e+00,2.257463828530302141e+00,-1.711473383846650709e+00,-1.049074459577084006e+00,-8.418343035758901749e-01,7.601930020954161815e-01,-7.931631876237800194e-01
-1.445037609941143497e+00,2.782954858284920618e+00,2.810546357857003130e+00,1.695646154454534482e+00,-2.428165312430698553e+00,2.269992159452212555e+00,2.486170245132178103e+00,-2.019747303744717115e+00,-3.652950490997356248e+00,-1.150723435800905969e+00
-1.507928363340047317e+00,3.029663493275935870e+00,1.713825299863394935e+00,-1.824326954171876736e+00,-1.191228876228585642e+00,-1.061650837205720510e+00,3.940254934394613606e-01,-2.107250929716217414e+00,-1.098699829603933864e+00,-1.381234897252393345e+00
4.285119815539799593e-01,-4.837068205022410083e-01,-3.406940488812773005e+00,3.349233676950762018e+00,3.517823226423187677e+00,-8.448563844189491689e-01,-6.015613369283485667e-01,3.841849368704308709e-01,5.914567248621864337e+00,1.637151025741130583e+00
1.015623552491166537e+00,-1.910997679439545127e+00,6.800249740334000093e-01,-3.233222251669707337e+00,2.444424834176750494e+00,-2.673066173777226329e+00,2.787038638399999435e+00,3.093868154483956801e+00,9.826157197450736680e-01,2.357386254836584705e+00
-1.460246591846774633e+00,2.735894877462210495e+00,-7.306077421503756053e-01,-2.406173369533898487e+00,2.823550303427362351e+00,-1.682977594768027441e+00,-1.363814998385449506e+00,-2.184460593971958797e+00,1.284660813415404057e+00,-1.141503250209151998e+00
1.159961460364551389e+00,1.082449124881570413e-01,3.139462851010291766e-01,-9.834863572216123728e-01,2.014954586366318079e+00,-2.999695066004396615e+00,2.225582240390751920e+00,2.484931118833919150e+00,3.518245407640452904e-01,1.801628398616125892e+00
-1.255151590420447771e+00,2.149302907100095084e+00,1.163988852346132585e+00,2.021070440041835781e+00,-2.325027500689175852e+00,2.980954379007429988e-01,2.036373412626694801e+00,2.447372216331869410e+00,-2.965662921980810385e+00,-6.137051958249766237e-01
9.996000408403270532e-01,-1.503688637575652853e+00,-4.159693504616908122e+00,3.195030082476248978e-01,3.023031821837287580e+00,7.869207999812288801e-01,-2.728070030630323828e+00,-2.274914122358361546e+00,5.211342866649630423e+00,2.475667111112524577e+00
-1.555493786838340720e+00,3.340188343249411496e+00,4.303920833426087000e+00,3.230029565244616485e-01,-2.335830186779336959e+00,3.247507608076260155e+00,1.272617231978488306e+00,-1.049709692705948161e+00,-3.036279151000401466e+00,-1.513796182583265981e+00
-1.199417237801881697e+00,1.950231440758530610e+00,1.594453412675732817e+00,-1.507745926187497698e+00,-2.356364650407406280e+00,2.267289837020908028e+00,3.239651851975061447e+00,-1.420637548567261099e+00,-3.140443999110526629e+00,-4.988970063882582906e-01
3.709583250238249197e-02,1.114791646685517001e+00,-3.994437591015667532e+00,3.175632672536272239e+00,3.052373599017545125e+00,-1.933862006884941920e+00,-2.852289153045929559e+00,4.432345922011902140e-01,3.971020537153503227e+00,1.160896220498889075e+00
8.210054578057489616e-01,-1.619138943820236154e+00,6.704370498801122125e-01,2.192880195882994876e+00,3.816965105819306814e+00,1.057486331739409202e+00,3.289203898277468063e+00,-3.297506725745230405e+00,5.613330251373839230e-01,1.883887098682790917e+00
-6.273697314237747236e-01,1.398029613619081957e+00,-3.608470529919770353e+00,-3.204509754412247613e+00,2.948000107566883798e+00,-4.771375019658569805e+00,-2.053384609836873320e+00,3.005003103619536375e+00,5.042947891197696819e+00,4.934837628037454516e-01
-1.398268580727312971e+00,2.578067454679504600e+00,4.779596891024351812e+00,3.348791607096808676e+00,-2.352952169525043047e+00,2.297633834560371735e+00,2.026567106434154830e+00,1.325013398255631358e+00,-3.110090466506010731e+00,-1.068681099327840167e+00
2.214330723752808261e+00,-2.295507037280092533e+00,-4.113354388057334887e+00,-1.882998312255840911e+00,3.578215773771494135e+00,1.188200694056448459e+00,-1.826480608665611571e+00,-3.043986129318638323e+00,4.532818712548259299e+00,2.994401057668909516e+00
-8.066572574439927479e-01,1.819260982796847337e+00,6.743791079608596473e-01,2.974037765760095375e+00,-2.244123210214346020e+00,2.799113259734600234e+00,2.282733157522929268e+00,-1.884140798256827676e+00,-2.685201419429656511e+00,2.482584901647702513e-01
1.026080945375515530e+00,-6.717401313377608929e-01,-9.271844216578787323e-01,3.048389901192617657e+00,2.503551993295647815e+00,-2.470188110480464605e-02,1.106990664758567000e+00,-1.484466955218645801e+00,1.620420113548189489e+00,2.062714200860924052e+00
9.470465566178501993e-01,4.612973282630488114e-01,7.229905472336422001e-01,-2.408168749598928571e+00,1.865818734118833477e+00,-3.029708936743181980e+00,2.164498476854619824e+00,3.378478401012105614e+00,1.791723412952124228e-01,1.786557486821245710e+00
-1.851222823264933315e-01,7.804776826973345294e-01,-3.643847536070055515e+00,2.448727001965087524e-01,3.842278159856589603e+00,-1.868490670172076484e+00,-1.425072031779239801e+00,-6.370184752442229481e-01,4.578411587887125656e+00,1.051259904237205944e+00
-1.553678900687787134e+00,3.351572896083006903e+00,3.744538178221456626e+00,-2.326672290373458907e+00,-2.445095597127556530e+00,3.080252125161589305e+00,2.188355426723812336e+00,1.117051254004044480e+00,-3.771935883022101255e+00,-1.514030835488617610e+00
1.005444363373569017e+00,2.918394917077016260e-02,-4.147697858373148527e+00,-1.154892681444407820e+00,2.836086534005494819e+00,5.453588707457353024e-01,-2.691299710156534353e+00,-3.332859290387655715e+00,5.225495684963467724e+00,2.212784353636196855e+00
1.874483539851176772e+00,-1.855583895815777984e+00,4.720204599887306562e-01,1.029212576598478535e+00,2.625244221406985989e+00,2.511510181309969170e+00,2.893056623150327411e+00,-2.758405902031634049e+00,3.437423706335097640e-01,3.062886274127709640e+00
-1.566708785640277268e+00,3.467013722299217449e+00,-4.365211975678317535e-01,-2.062437673908095181e+00,1.723629635855282283e+00,-4.947523291858557215e+00,-2.618903594386178479e+00,3.096793424049852028e+00,1.832946726530689796e-01,-1.560636880227322498e+00
-1.464706352680390733e+00,2.849196128524971172e+00,-9.288622780406874391e-02,2.630367582192345566e-01,3.105517566795594764e+00,-1.398663460926103053e+00,-2.096372989025071298e+00,-2.732479205675217404e+00,9.320059848367884259e-01,-1.187364702212793555e+00
4.144888995298416923e-01,6.740027185438339785e-01,-4.041252813756460505e+00,2.289834209920063479e+00,5.343305526300397901e+00,-3.751643094706908155e+00,-2.801970673706398962e+00,2.576001621960376298e+00,4.332075817589190692e+00,1.299759939577018297e+00
9.806269117350352449e-01,-1.793094630037626924e+00,-3.847940756721387690e+00,2.083968484257106013e+00,3.148549487731983731e+00,2.498115736796526209e-01,-9.135259087234404163e-01,-3.417184538067694177e+00,4.761225851290879163e+00,2.318501949750936486e+00
7.259604837379975972e-01,-1.178679948417173051e+00,-4.127320271515499961e+00,-5.457471884790177086e-03,2.777945589862858888e+00,-2.610623297286713829e+00,-2.789848351398189763e+00,2.209051365759457042e+00,5.805728000779016185e+00,1.862428611682610091e+00
-1.552644513859206654e+00,3.347208720889870648e+00,-1.221009874211103907e-01,-2.007844229393310975e+00,3.392448668632954245e+00,-1.542900923612338326e+00,-3.663819298155237547e-01,-3.318120809042501396e+00,-2.916926163031988706e-01,-1.513778194881674866e+00
-1.125482873075439594e+00,2.188350564290141520e+00,1.271867858443343380e+00,-2.020905733144084060e+00,-2.321624662695548569e+00,2.638976720276517529e+00,2.346877854101230731e+00,-2.834663613574712748e+00,-3.106760790716745380e+00,-3.908047388043683346e-01
1.023661088688000653e+00,-2.136361109002002046e+00,6.563093258533797547e-01,-5.213092950322466557e-01,2.700185644550558539e+00,4.823192429643790025e-01,2.788646583000682355e+00,-1.508747181924038561e+00,1.501409166697468933e+00,2.347023371904347400e+00
1.749538814090779493e+00,-1.196670008355264159e+00,-3.799436040630634004e+00,-1.500682179930627136e+00,2.859109557401282142e+00,-1.145569433050152908e+00,-9.446314581457357917e-01,1.865820474848001176e+00,5.739928868979260912e+00,2.503362969962001472e+00
1.392045724737849488e+00,-1.786611057565485439e+00,-4.004586244292389630e+00,2.071171742393067561e-01,2.804466083161534673e+00,-2.469024667727930944e-01,-1.747445809764735625e+00,4.417944814577410284e-01,4.973455656064877495e+00,2.822967961612295351e+00
-8.230609477309577815e-02,1.096769245027984674e+00,-3.951349876553424956e+00,3.316519630676138419e+00,4.266247101379475382e+00,-2.336300094672879801e+00,-2.809091828067804109e+00,1.370780855327708991e+00,4.702855831164599820e+00,1.025125901739605272e+00
5.404828236540113462e-01,3.733029504592071390e-01,-3.854472000346080396e+00,-4.047803238899847500e-01,4.820895237527977883e+00,-1.007906938612377790e+00,-2.366514562590162907e+00,-3.053162943958405151e+00,4.249509699671326857e+00,1.381670420093462415e+00
-1.553336298703169360e+00,3.355452466086989105e+00,1.820063164961303048e-01,1.841302310966283606e+00,1.794782614116861907e+00,-1.984509612889591601e+00,-9.184196080836377618e-01,-1.736033457040881967e+00,1.866373737492326157e-01,-1.516328812026915385e+00
-3.791446125887080743e-01,1.439274091764594310e+00,-3.565666682455109981e+00,-3.235817608762721953e+00,3.004546008743930408e+00,-2.224677165684527669e+00,-1.238940269410472972e+00,7.203111076263120083e-01,2.664273877877594732e+00,5.535994887676719545e-01
1.353499294563289990e+00,-2.900891925538660043e+00,3.208946885811225780e-02,1.201299956970603766e+00,2.937452888713909971e+00,9.095679805201186685e-01,2.999506966397998298e+00,-8.213485896194070435e-01,9.392894750828413297e-01,3.311049813433199596e+00
-1.564795102289527007e+00,3.447322800593019210e+00,-4.047088886141579356e-01,8.657868995753750241e-01,2.528862505824978513e+00,-1.736475216300070512e+00,-2.367809034772319965e+00,3.714021869307302381e-01,9.262898664990811826e-01,-1.551900753705658165e+00
9.686387338595099372e-01,-1.536270516767296979e+00,-4.249374226122665021e+00,2.545953496089579993e+00,3.563679463957045712e+00,5.604892965723812237e-01,-3.341456805904181593e+00,-3.081696666558555897e+00,5.049042763101890152e+00,2.322030915388049621e+00
-9.462454200490237888e-01,1.649022576781352001e+00,-3.533795538360137378e+00,-2.862253036336827261e+00,4.008087827761860567e+00,-3.224704273166265622e+00,-2.401731729697246909e+00,1.430333682366975445e+00,3.759993368485780696e+00,1.018600435662373460e-01
1.360995730258278469e+00,-2.850369119354724035e+00,9.514256570699763937e-01,-2.444985398931439846e+00,2.331626369280992428e+00,1.531727396946891417e+00,2.685732463096406342e+00,-3.441361039821257961e+00,5.940006586888526563e-01,2.536692836366118087e+00
-1.546760064018531056e+00,3.301698470585794354e+00,-5.038167926759946624e-01,-5.339863734906376003e-01,1.893207929167872727e+00,-1.275098883451159182e+00,-2.516689614515518425e+00,-3.099785878441721820e+00,3.811001544293647902e-01,-1.499062413748899703e+00
-1.482118910560902503e+00,2.797968925017485731e+00,-4.070749564941931187e-01,-2.018703739384088980e+00,2.720894115161143212e+00,-4.406877637744938347e+00,-1.571349641139195175e+00,2.330602297658669997e+00,9.117068761572973967e-01,-1.238914485723255243e+00
-8.391974703637052890e-01,1.657234092628584676e+00,-2.365832706164314736e+00,7.855437596573535686e-01,3.286584779437811576e+00,-2.123720638459719368e+00,2.134212127366934553e-01,-2.321727282906969059e-01,1.137089756759163350e+00,8.470005446398122528e-02
7.129089276556598298e-01,6.719209319541645797e-01,1.847392435237684705e+00,1.856569208601083432e+00,2.154919257644440478e+00,-1.374613694240005124e+00,3.277504768061135110e+00,4.197036609667179619e-01,6.592091732834102213e-01,1.255303322042833791e+00
1.661513063966709725e+00,-1.868550272237682996e+00,-3.546333047986671705e+00,3.302929358814864713e+00,4.153441541014361249e+00,3.034572418245166658e-01,-9.150076582405919368e-02,-9.180208781436651755e-01,4.355899675970983154e+00,3.345505761477937767e+00
8.324959416711673610e-01,-1.712604715723895943e+00,-1.829729776884951031e-01,-3.044483871732543978e+00,2.678199191289866832e+00,1.663260341963159084e+00,2.527907361707912415e+00,-2.903991929939114147e+00,9.390988172972722925e-01,2.205398428945601452e+00
1.391806873966224822e+00,-2.774439301869470853e+00,-4.265915769442878869e+00,-2.682038270240568956e+00,3.348962690584487589e+00,3.552278718767369003e+00,-3.046734955830473712e+00,-2.079251473616849033e+00,5.239632544891210664e+00,2.757794356347213593e+00
1.786345589870999451e+00,-4.567315404279765900e-01,-4.204534760430621354e+00,-1.645963483317615328e+00,3.429211072385792924e+00,1.685377741782230654e+00,-2.343003191713837197e+00,-1.702875072208684282e+00,7.473547156402302605e+00,3.298653750715162758e+00
3.859968680205194680e-01,6.596575172432102008e-01,-3.635075353118457198e+00,2.773792040877330223e+00,2.690629473138604677e+00,-1.127467965110374726e+00,-1.391470604666864119e+00,-2.654608392223485769e+00,4.317255586488970565e+00,1.316200382612052300e+00
-1.526858022228356981e+00,3.151275769243635061e+00,-4.539568284666906095e-01,3.384899372195273592e+00,2.443590489983151315e+00,-1.289248311845194728e+00,-1.292180280640814249e+00,-3.336090722570199230e+00,8.227170027784358464e-01,-1.416974571465044797e+00
1.470021123187856826e+00,1.370188149927793475e-01,4.812164373076801560e-01,2.459850605604529505e+00,1.364481002346030092e+00,-3.079610121449591897e-01,3.173994149065721082e+00,1.157736942034244265e+00,-1.431855716621649455e-01,2.038696130582720922e+00
-1.032796292924976100e+00,1.676711262906134259e+00,-2.953605621738641496e+00,2.967158456785403686e+00,2.555270469320981341e+00,-1.857145500490983814e+00,-8.636119061363487504e-01,-1.369369611461355607e+00,3.449387690862672606e+00,-1.214475490146331715e-01
-1.041205044629546883e+00,1.691384751709166245e+00,-3.382614872393239214e+00,-2.810768085362749691e+00,4.386373598979171007e+00,-1.162429703581925100e+00,-3.383288627343129740e+00,-2.813548265378254420e+00,2.556817725072046965e+00,-1.908113762519175749e-03
1.134296696856181619e+00,-1.803662487175380136e+00,-4.552024693963772073e-01,-1.222765917529560209e+00,2.631433459463991653e+00,5.317880500265378396e-01,1.336932981804419107e+00,-1.941026211007891078e+00,1.293691671835131674e+00,2.299771396957480007e+00
-1.184417653156853323e+00,1.862276144866296335e+00,-9.538208962865978302e-01,-2.066525909771538938e+00,6.253090394793381357e-01,-1.134197332191789975e+00,6.381304568638590524e-01,-3.410164942729566384e+00,-6.236832586190446115e-01,-3.440202492851983096e-01
1.269846060419326017e+00,-9.012203640562335138e-01,-3.956213531864565702e+00,1.402322781342783209e+00,2.753101254214522786e+00,-1.236956624411921224e+00,-1.629348462448930501e+00,1.230525423278966635e+00,6.529515783685424957e+00,2.113333732611559324e+00
1.584509590260406720e+00,-1.482124649164956232e+00,-4.571368598285421303e-01,9.574394228120342021e-01,4.028305638211270967e+00,-8.775946588545806559e-01,1.719834130809118733e+00,1.900943228962850284e+00,1.288401356712857160e+00,2.186469686316725891e+00
8.362919167881124327e-01,8.741906028266486217e-01,-3.986435430872210084e+00,4.740731701415903387e-01,4.746838211368192617e+00,-3.887152588808059583e+00,-2.310791080650050677e+00,3.087109541819309300e+00,4.295778658025306562e+00,1.695042430281641588e+00
9.529530280231965911e-01,2.836633207881251728e-01,-3.840108587168109100e+00,3.449453212943402569e+00,2.659976325197527469e+00,-3.398141712769386924e-01,-1.350599991157749535e+00,-2.621678957392288734e+00,4.518065682720762588e+00,1.815549714985629226e+00
-1.273698628576294567e+00,2.402385220337355243e+00,-1.951608087929283197e+00,1.924544128020040823e+00,3.406737393687574222e+00,-3.896430695994610893e+00,-1.935539709831878064e+00,1.961185622187344713e+00,1.330830608797380687e+00,-7.169269131461661893e-01
5.791618651862403544e-01,8.584332914477768028e-01,-3.906543903146175722e+00,-1.866063559532198601e+00,3.230914637599527239e+00,6.192987541092098702e-01,-2.083638966862069619e+00,-1.323302315596750489e-01,5.316466123597118454e+00,1.768040433708961467e+00
