3.756191022402161739e+00,-7.576366351445198433e-01,-2.268431314348225758e+00,-1.621304193763276391e+00,-5.491774146921112321e-01,2.774291463037474426e+00,4.340282733372555768e+00,1.334949699654370825e-01,-1.725980527716434398e+00,-2.289797584617182746e+00
2.279305896559553180e+00,2.183634236923624350e+00,-2.378896827089083565e+00,2.445468957583987635e+00,-3.603386092436153376e+00,-2.116773214672472037e+00,1.438176579383947606e+00,-9.297450944683829377e-01,-2.179775843495814769e+00,1.568406644069590072e+00
3.602387245431317275e+00,7.876773752719081756e-01,-8.994903875198163590e-01,1.304620000596029838e-01,-2.145181921509458078e+00,-1.262053830405515109e+00,6.322847885294086145e-02,2.291442790478370739e+00,3.427935552444468570e+00,-2.649942481524865556e+00
-4.115789128910575023e+00,-1.634683554551598750e+00,1.723590859719866586e+00,-1.932285396840710545e+00,4.535749597872784200e+00,3.649021323320271293e+00,1.016648014971917036e-01,1.676809796317862755e+00,2.863999820086594816e+00,4.280426092646631986e-01
3.647587326974315758e+00,1.007399869684656224e+00,-1.107679532832152258e+00,6.026643821922630373e-01,-2.836027116657872771e+00,-1.821868639885821706e+00,1.593387170734198000e+00,-8.054023687396254516e-01,-2.082459740947204097e+00,-1.081186461592071879e+00
6.903187935425938448e+00,2.177434705592889763e+00,1.824286271097788514e+00,1.705407208773290550e+00,-4.007531112069451673e+00,-2.204625614845395543e+00,4.506440551328486088e-01,-2.126142934523840289e+00,-2.350604030704855685e+00,-2.879169805361410095e+00
-5.588680600312540214e+00,-3.366826790252021251e+00,-1.543282986114711264e+00,-2.328991489304478524e+00,5.920527774798260090e+00,4.297431234979260495e+00,5.697790074492108392e-01,1.841586980399266160e+00,2.064491071264765498e+00,2.301930989144522322e+00
2.470333173260204074e+00,-3.221537467061416304e+00,1.953429807984997879e+00,-2.306236803355677267e+00,1.995551556988226505e+00,2.674999721384125451e+00,2.489392522469898450e-01,-3.120584494827757460e+00,-2.428910297254541550e+00,-2.757696887412736775e+00
3.656037868012929071e+00,3.115026958763785991e+00,-3.445249948269720086e+00,2.188070015172337790e+00,-4.203669433576106229e+00,-2.240160131802253929e+00,4.131490809221313398e+00,2.182589894577020573e-01,-1.613466205020823718e+00,-1.293745839369662587e+00
1.872480745942734170e+00,-3.755556180167358704e-01,2.500752535077181093e+00,-1.390888357040259482e+00,-2.598408439183879093e-01,2.224825522638118613e+00,1.987689797199764796e-01,3.434055459582025627e+00,3.379905288491143800e+00,-2.955188986563446640e+00
5.708147565247678301e+00,-4.105602836263173572e-01,-9.840678323395133376e-01,-1.365279769976535551e+00,-4.857377792560126917e-01,2.667459600271729681e+00,3.126301342455829468e-01,-2.936857888651478010e+00,-2.415023140472726482e+00,-1.044796318436464144e+00
3.234587583935014443e+00,-3.040033197364218509e+00,-8.099154303427789081e-01,-2.289210094290401898e+00,8.485434437197760804e-01,3.189432228975996875e+00,2.318767022807576295e-01,-3.276272257314082559e+00,-2.443403307233646515e+00,-2.506942481876303308e+00
-3.923014879934894061e+00,-2.268971367360612668e+00,1.922217722763976511e+00,-2.134092198420057596e+00,4.910872487263923780e+00,2.534802040998865635e+00,5.478093746714010948e+00,9.304519557473618363e-01,-4.305803349413876435e-01,1.226372028416896853e+00
8.468278595449559631e+00,2.561179318529822169e+00,-3.468322284550451329e-01,1.956837082713622333e+00,-4.210006160820086052e+00,-2.242479011298921687e+00,2.823642929442148342e-01,-2.823851577717232608e+00,-2.399515913944742174e+00,-3.383425691086592746e+00
1.451255993528820287e+00,2.404696821116708350e+00,-1.960444614422617970e+00,3.389574495989906566e+00,-3.701593156949837038e+00,-2.129051999393603012e+00,1.023992652546033666e+00,1.371168210460109727e+00,1.696361692608312488e+00,-1.172798385549608469e+00
-6.594263637912327614e-01,2.976072137768281500e+00,-1.762690739426245656e+00,2.223585191991180210e+00,-3.113547345045365233e+00,-1.888731321393582352e+00,2.022926875847360861e+00,1.268419938480436215e+00,1.403745235080976927e+00,2.625071333656599393e+00
1.096060751770217667e+00,2.592145335398622130e+00,-2.594197050327130327e+00,2.655468259186567259e+00,-3.658923887047722534e+00,-2.121154682580348894e+00,4.462250625697522288e+00,9.759194277889253755e-01,-6.200208973258631850e-01,1.588048071559478913e+00
6.068556132009923498e-01,2.346796949594265769e+00,1.741971174637542141e-01,1.869645271806671172e+00,-3.521805623936951513e+00,-2.115940069726606421e+00,3.990931180881880369e+00,5.982243672944473900e-01,-8.847557294104764214e-01,1.583180944527676104e+00
4.904250138458661201e-01,-1.673195468207048897e+00,1.468005402366610035e+00,-1.989333176244113321e+00,7.246668558127931092e-01,3.547297360438090408e+00,3.665284871878607409e-01,-2.493929224765083053e+00,-2.365416767370732476e+00,-2.334969998022184967e-01
-4.059377200725574397e+00,-3.249692714903027912e+00,1.037218409685359610e+00,-2.313744168716055150e+00,6.473513689595344900e+00,3.278003271754658776e+00,3.734398966554973498e+00,1.182867622256576823e+00,4.799585889212401035e-01,5.267338161031176469e-01
-2.730106926419245905e+00,-1.898661324259500960e+00,-3.499980454961173937e+00,-2.043594309684408472e+00,6.806554816224356763e+00,3.427480110556888171e+00,4.059158934818968056e+00,3.135802324203202929e-01,-1.609613032604040317e+00,3.229545800339669981e+00
1.947173694317726245e+00,-2.021736102768565857e+00,-8.807446173039732429e-01,-2.054598226138293349e+00,6.644851723075534400e-02,3.200031358623475430e+00,1.680059729234129717e+00,-6.820355419301034061e-01,-2.089090269560388347e+00,-1.569615912472197117e+00
-5.783730572124820668e+00,-2.234955836361112613e+00,1.199823277461082860e-01,-2.137263092756897631e+00,4.343122587503888354e+00,3.564109083931316757e+00,5.454934610733226386e-01,3.256031252716185875e+00,2.550065147961862344e+00,2.760173485687344552e+00
1.018743817283334296e+00,-1.287186482470720428e+00,1.253883269973307790e+00,-1.899579355990948848e+00,5.701755481271703063e-02,2.252601835674784336e+00,2.307715516803585110e-01,-3.263451503487692307e+00,-2.438771031993519411e+00,2.298817240227826630e+00
-2.109406948548849248e-01,-1.812729779268535291e+00,1.836153045117420390e+00,-2.055350832159454466e+00,2.740475201619914092e+00,4.616893413334774543e+00,3.435648205233197694e-01,-2.858811006502513852e+00,-2.414973899918106959e+00,-8.856064202168578703e-01
-2.860273634966959744e+00,-8.724209608264268390e-01,-1.378910725452051622e-01,-1.667710120615951030e+00,5.685311792065172121e+00,4.510641602760459890e+00,7.390844770015756460e-01,2.690356379204015269e+00,2.013364468232976101e+00,2.629805726368618757e+00
-9.085930805578317226e-01,9.286478412703624841e-01,1.678284872810810846e+00,4.055574595478848021e-01,-9.008784757063792448e-01,1.638919291256866195e+00,7.193728572165128399e-02,2.283198044858441023e+00,3.250840371078624003e+00,2.427537190757506735e+00
-1.175077923243153855e+00,-1.938772325427571719e+00,-1.710148259114026459e+00,-2.057038007222359077e+00,1.256876082899803571e+00,2.565909198915810041e+00,3.399348071562081630e-01,-2.646644407707827718e+00,-2.397521780868023367e+00,7.007585937364941842e-01
-5.247128043008115306e+00,-2.528741581344475797e+00,9.358637724498759525e-01,-2.187948363295731280e+00,5.464177562167725100e+00,3.512996169622971898e+00,6.462394178773254172e-01,2.039082402607865774e+00,2.217022126490485689e+00,5.490857815297962574e-01
3.699848014693858822e+00,5.389787899630542611e-01,1.428251453698697659e+00,-1.886265854745952097e-01,-1.584234586567265346e+00,4.782799948405132007e-01,3.214891583754480031e-01,-2.686797397166647894e+00,-2.396951420695109913e+00,2.548267487042991775e+00
7.787218498441992320e-01,-1.038284022228931569e+00,-6.160407884447893778e-02,-1.755579676652194498e+00,2.069271031980499664e-01,2.228508014364392054e+00,4.664284068683933526e+00,1.771336283172071369e-01,-1.618533013715276914e+00,-1.177050397794778380e+00
2.945100610578087696e+00,-2.257475271324107524e-01,-5.561046147895227776e-01,-1.382723964265668792e+00,-5.896394980237574801e-01,3.483398526706407594e+00,4.128590633018869305e-01,-2.355825171503204363e+00,-2.361740058403944964e+00,3.390941474071213158e+00
1.084656516581334218e+00,-9.886354001182500184e-01,-1.502799825030803449e+00,-1.779290796926014773e+00,4.788073978717837242e-01,2.717934956840235561e+00,3.106470455684482990e-01,-2.581861428812695536e+00,-2.392318099813313115e+00,2.435179893837558396e+00
-2.511622868770359673e+00,-2.917816356694802327e+00,-1.039073387847508911e-01,-2.243957441125170593e+00,4.857313352981842414e+00,2.617461695087158091e+00,3.429444034413801079e-01,2.771234727794726460e+00,2.757659078560579236e+00,-1.797949988291777323e+00
-4.612955059710480477e+00,-1.729632710110277749e+00,-5.479440354251670087e-01,-1.991653288548919987e+00,6.389139168118509460e+00,2.839282077131799031e+00,6.967789373523486374e-01,1.839937340379523611e+00,1.976650737264134428e+00,2.500003569983889840e+00
-4.640678801495999650e+00,-3.168161531772404338e+00,1.155332885646395802e+00,-2.298721455217859866e+00,4.287086061924274105e+00,3.666484768505971381e+00,5.167134858161229971e+00,1.058409205765243222e+00,-1.361902682205160531e-01,2.602576654338673023e+00
3.381060516151903172e+00,3.005846571475082385e+00,2.100643184964702037e+00,2.546264045192117909e+00,-4.106396721791997884e+00,-2.216124665429606289e+00,5.152275911906542660e+00,8.030232555344403167e-01,-1.024237482731341631e+00,-9.127648000489991809e-01
-1.355994022589459114e+00,-1.847010750599954898e+00,-2.015736506662562100e+00,-2.017267576917572747e+00,1.133269183035239713e+00,2.996039336141759435e+00,7.187065169236110940e-01,-1.834944278150962615e+00,-2.316853144714916102e+00,9.810645992184516828e-01
1.694876250135131324e+00,2.176334555000996041e+00,-2.081904393208272808e+00,1.685527605917537031e+00,-3.599870734817444351e+00,-2.098360693506541974e+00,4.069317979248334716e+00,1.612438438409178332e-01,-1.638175259278363161e+00,2.083396141446242744e+00
-1.824115948023665057e+00,-2.616728391613373450e+00,-1.195711487266527762e+00,-2.194162744707036428e+00,3.903796274873642780e+00,2.815915769080065356e+00,2.004429389796892891e-01,-3.359850745022782359e+00,-2.447635231762502084e+00,2.991323958769537938e+00
1.683696765700681608e+00,-2.970055399260537854e+00,-3.020029460698460344e+00,-2.263476188993849281e+00,7.437105362655641594e-01,2.426383348930959638e+00,5.134654464512779626e+00,6.803212760827079819e-01,-1.209466113985586677e+00,-3.138001904731934744e+00
6.333874080786852545e+00,1.299117471491405773e+00,1.612182350894366678e-01,1.228437996626597251e+00,-3.381665058683508196e+00,-2.058940326892291228e+00,2.985044918879205533e-01,-2.581281262885494421e+00,-2.388813094286772909e+00,-3.203515762363352781e+00
8.892405774163016474e+00,3.129518203606862059e+00,3.131205761202322080e+00,2.555389981586800641e+00,-4.366516229514348701e+00,-2.264146013575011107e+00,6.651601305171772616e-01,-2.105717176061481233e+00,-2.344456926914388450e+00,-2.372392641279293723e+00
6.411492533512154424e+00,-1.290285558914268993e+00,-1.170600419950059479e+00,-1.825410834600713184e+00,-7.065372529473453733e-01,1.811199005894191583e+00,2.517829977388945095e-01,-3.117484803826473083e+00,-2.433011908456697903e+00,-1.764578066605471562e+00
4.391922378560370710e+00,2.633904545884088400e+00,2.733597815125336616e+00,3.330725505143042664e+00,-4.096409198804392027e+00,-2.212749383793038760e+00,4.118084355559410881e+00,9.272444672058677284e-02,-1.820334853469742997e+00,-1.170469904472649869e+00
-1.273660013155678117e+00,1.387159268056400663e+00,2.898826524961056528e+00,9.506825545319879112e-01,-1.602624407968741060e+00,5.273840241693702469e-01,2.553567900524224554e-01,3.402536648597075164e+00,3.227569616042205158e+00,1.839421081420304915e+00
6.864738977167236023e+00,-1.005388372884866044e+00,-3.241667174846757593e+00,-1.789599078733887350e+00,-4.761911868310944040e-01,2.224722688511370450e+00,5.116534837359263399e-01,-2.196527961099252746e+00,-2.341950634035154355e+00,-2.850458215082800173e+00
2.968905488501935697e+00,2.832032615827183797e+00,-5.812577161945950976e-01,2.208533629475518012e+00,-4.028541188509758619e+00,-2.215560578328592989e+00,7.719389761562891472e-01,2.441904941546935603e+00,2.111672518270620635e+00,-2.340948829617751858e+00
2.097354104685200227e+00,-8.650636821614856586e-01,3.085307816228444189e+00,-1.699366013490032801e+00,6.554297857328486021e-01,2.387807576259705300e+00,1.716893411859774787e-01,-3.235503908793719852e+00,-2.440164730997365972e+00,-8.320333473969645510e-01
-1.282934490194546751e+00,2.427055917070101820e+00,2.027158272904939551e+00,2.618704224312121021e+00,-2.201423405667904731e+00,-1.347765404873908945e+00,9.423436328322570832e-02,2.592939210397282146e+00,3.591506827572708005e+00,2.356600212612446121e+00
2.867901881579719703e+00,1.634088054501265930e+00,3.301154664281400919e+00,1.740993570146917246e+00,-3.176043922542442388e+00,-1.968880712813045442e+00,3.382659835543084248e-01,-3.020462975180216780e+00,-2.424293804143895059e+00,1.194108471741261113e+00
-9.910857504192281953e-01,1.392867201341813299e+00,2.632413049436171271e+00,1.418396865381726935e+00,-2.271846494332158795e+00,-1.236033647453851136e+00,7.610509988698512807e-01,2.376671149807205730e+00,1.948120164491039086e+00,2.750016593871109194e+00
-8.575748335558037727e-01,1.186569113974505818e+00,-2.261656547842771925e+00,1.409667580589174296e+00,-2.188916707108873538e+00,-1.450211813958370399e+00,1.831222097572011154e-01,2.476958638487140263e+00,2.962184013766910873e+00,1.725754832083647550e+00
-5.818053520407213242e+00,-2.940145334743960337e+00,-2.858416347418617942e+00,-2.235818616424853023e+00,6.785412100341082109e+00,2.803920520747436029e+00,6.717525766238378049e-01,3.282493310090911720e+00,2.327553420659790984e+00,8.715782613311464644e-01
-3.736337970118930318e-01,-3.187465192987204432e+00,-2.885241128403825073e+00,-2.300159291632299041e+00,8.165114116269845956e-01,3.487285821755195414e+00,2.948388328299067496e-01,-2.594828272699555516e+00,-2.395729383522468225e+00,-1.001153919064863729e+00
9.937244990593889771e-01,-2.833613454340739857e+00,1.581865121112352668e+00,-2.238078979102452681e+00,7.590197850183442174e-01,2.736564614035840393e+00,4.098483416372651345e-01,-2.259369449108709738e+00,-2.350350696957696162e+00,-1.499523649000105152e+00
-3.993616151948281789e+00,-1.977987950574167542e+00,2.277956033508961475e+00,-2.080825033072601915e+00,4.589789346448431395e+00,3.391688571759196691e+00,4.516679411201721450e+00,1.120863710124702095e+00,6.627118447278594615e-02,1.328508552930445674e+00
2.832934545796309322e+00,2.149115835153592613e+00,-1.816759861242745355e+00,1.638104247751131837e+00,-3.660255661469149491e+00,-2.140471470978485780e+00,1.971736035771686879e+00,-6.212415352962841197e-01,-2.082263804907559912e+00,1.861413974395225601e+00
-2.058503679734382086e+00,-2.797337023728009076e+00,-6.211958356400879566e-01,-2.243026095913499329e+00,3.547105302589687259e+00,3.775480778255220660e+00,2.054662152854461521e+00,-5.253750613655081558e-01,-2.016776316590032980e+00,1.381142652818510896e+00
-1.291026026424903828e+00,-3.050240401510338373e+00,-1.576937557081949492e+00,-2.275654164569171911e+00,1.721883215592369343e+00,2.329134732257420293e+00,2.047483062871026327e+00,1.304979793064537041e+00,1.315203286809263794e+00,-1.757809565050707956e+00
3.517856145893544006e+00,3.107654704008423252e+00,-1.479353698047621180e+00,3.412889138959391389e+00,-4.187417497308431713e+00,-2.240445554810612361e+00,3.789610467807894345e+00,-1.183897432713942877e-02,-1.754173600618289974e+00,1.493243140469419750e+00
-9.213578753510445196e-01,-2.359897964415643479e+00,1.572041177131429102e-01,-2.123592493514036672e+00,6.897059351079006806e-01,2.348329135687268199e+00,7.865546195372455918e-01,-1.391086494365753268e+00,-2.265762773311491340e+00,1.655760677230516897e+00
2.818164253787046380e+00,6.431155525292444608e-01,1.030117292947020147e+00,-1.072562709095614686e-02,-1.587156381402712757e+00,-6.045360277420452899e-02,4.698418549208103201e-01,-2.476563052389231689e+00,-2.380694975756831866e+00,5.769630024812073543e-01
5.655669153092737211e+00,3.152482625436427988e+00,9.420520479688638815e-01,2.291684237041141881e+00,-4.297706657578252987e+00,-2.253675594338897525e+00,2.929046808008226588e+00,-3.955436346619465304e-01,-1.945107206016549739e+00,-2.791997392186725158e+00
3.524107832230331194e+00,-9.326123120314910864e-01,2.511764444666567897e+00,-1.629319918030533998e+00,-1.722199545508433793e-01,2.415047509996042674e+00,2.553853553710500601e-01,-2.946948310581522623e+00,-2.421187185627203586e+00,1.820441821727782461e+00
-1.460665064862044726e+00,-3.348669138999738948e+00,1.179140949667643490e+00,-2.329929156676612489e+00,3.176509868371395040e+00,2.514888442630614396e+00,8.085438898284684761e-01,2.251949352530738580e+00,2.005718203405716604e+00,-2.607288441970789350e+00
6.618303580674395725e+00,1.447208059484275111e-01,1.028688988735275700e+00,-1.083692292676614155e+00,-1.221470405784652158e+00,1.371162797635100850e+00,3.536223931485246830e+00,-1.659395814702300243e-01,-1.679345966498003273e+00,-3.427817389052373542e+00
-8.766121004838034469e-01,-1.350911276130658312e+00,1.380234665471506972e+00,-1.922336780570822690e+00,1.713285943481274609e+00,3.626335360273766906e+00,3.687259052393668135e+00,5.192966140950083798e-02,-1.698146100137799763e+00,1.306351049229229844e+00
2.525553750992938884e+00,2.332039852459548257e+00,1.243168206790468133e+00,2.161467611068744077e+00,-3.847734175426960501e+00,-2.178766200530912744e+00,5.584060314948567916e-01,-1.829550294924613185e+00,-2.288886183327279333e+00,6.326673630141570470e-01
2.101861941232471942e+00,3.005580231558454329e+00,2.001546806689546543e+00,2.776482294835900255e+00,-3.992670772929389322e+00,-2.188177208091796278e+00,4.358953727762872710e+00,7.076764132699926435e-01,-1.014222666659517103e+00,-9.319515421604145367e-01
-5.790287226530502096e+00,-2.597452648684763332e+00,3.407891962207123981e+00,-2.203193536834165744e+00,4.641839904669957662e+00,4.251899359712423276e+00,2.512076909042608164e-01,2.674917130431549772e+00,2.934748946336410036e+00,3.012399521245899159e+00
3.574146203277062561e+00,2.317948031531001263e+00,-1.725042288536590807e+00,2.926305108121182386e+00,-3.928252676155948198e+00,-2.181967129399387861e+00,2.449276300886194802e-01,-2.901071613176717801e+00,-2.405908071907808310e+00,2.229283694535077132e+00
3.415610575680423366e+00,2.007272024981758385e+00,-1.827851333145331880e+00,1.669417848808075089e+00,-3.821642720603458443e+00,-2.181533921810250742e+00,6.416457459872495495e-01,-1.853788880477779566e+00,-2.299849486182497404e+00,8.119936744931957051e-01
-1.858307570576396284e-01,1.327508766738365154e+00,3.498327917494771455e+00,7.638999309171864427e-01,-2.669372379510887683e+00,-1.800425666625338872e+00,1.717731879462436329e-01,3.173777701666317341e+00,3.365025790275593565e+00,-3.912701321209905991e-01
2.180112823116927778e+00,1.053087767117059315e+00,-3.011407168316695415e+00,7.134547397902435417e-01,-2.606916645507193486e+00,-1.569873991031445204e+00,5.227209957714427091e-01,-2.115403678670578547e+00,-2.314906911494956532e+00,3.137531633043411539e+00
6.234901094106455766e+00,3.061040346834766446e+00,1.030798040032373741e+00,2.027894715380904156e+00,-4.264124257621152658e+00,-2.251668314311281893e+00,5.129117100150060171e-01,-2.579410004307498561e+00,-2.395063246425981784e+00,-2.076579792610679487e+00
-2.964427601409134194e-01,-1.846938334099293755e+00,-3.103922958122983466e+00,-1.952716776213661465e+00,1.189795411728981289e+00,2.512742240353152301e+00,5.064818355619313817e-01,-2.020545872212747618e+00,-2.328244609204944027e+00,8.615411467256119948e-01
3.122589680635365461e+00,-1.297804150590882166e-01,-2.645049553975566514e+00,-1.313801236459465560e+00,-8.852291089432517968e-01,2.478284359721251384e+00,2.413553483488196372e-01,-2.871835550358694533e+00,-2.415547540728265830e+00,1.142407075371549396e+00
-1.147953922822615214e+00,2.991860285851541512e+00,2.565464836627443290e+00,2.113074455726093426e+00,-2.824019037071665572e+00,-1.745671955087386040e+00,1.394584153763743228e-01,2.464250288138744693e+00,3.227901773893707471e+00,7.988298794889381327e-02
8.194720390843888147e-01,-2.258144121974733132e+00,3.018110860233658599e+00,-2.133126916096069525e+00,3.888527764720881019e-01,2.285764312248258268e+00,5.262125846800558726e+00,6.734121099655920872e-01,-1.238519372342473890e+00,-2.966653025092373497e+00
-4.611370180438946420e+00,-2.428802241957335184e+00,-8.352363085646019591e-01,-2.175955690394448805e+00,4.077822940903559790e+00,2.769402474394564884e+00,1.190275927865723560e+00,1.652628292776899599e+00,1.688543839038635364e+00,1.334778829927429911e-01
2.786499140791159235e+00,3.273757415327050779e+00,-4.498214421311281797e-01,3.049973036010690031e+00,-4.131389545329929192e+00,-2.227155119347617340e+00,4.012738867446740132e-01,-2.287801096078494023e+00,-2.364645250507996455e+00,3.257839131480849915e+00
5.045541922428963266e-01,-1.255690487105636244e+00,3.265892477790048432e+00,-1.858377598798885311e+00,4.452298808335203306e-01,2.723266453190408498e+00,2.792184169877918731e-01,-2.873292928993942397e+00,-2.415100990650865587e+00,1.834388948531669783e+00
-1.044665280518823680e+00,2.700579668078642470e+00,1.214520589362744651e+00,2.306832508379943025e+00,-2.839816255883540919e+00,-1.877613388191155641e+00,7.889099473401904872e-01,3.247103877503081826e+00,2.295988536883880382e+00,1.867036352855413028e+00
3.268970225025730869e+00,3.176384050947724802e-01,-2.910464863619168785e+00,-6.481765551543692272e-01,-1.267317149562556144e+00,1.300488221053609728e+00,3.505961619076128910e-01,-2.331958640369103719e+00,-2.352769196816776542e+00,4.638887664800517285e-01
1.349728075688820805e+00,-9.022567434127997110e-01,3.979852989963958976e-01,-1.756979227935238308e+00,-9.602928490719941923e-02,2.768983538965557045e+00,7.170072843096851889e-01,-1.822500654448586888e+00,-2.295145624443428289e+00,3.181216170762343864e+00
1.264675624268041254e-01,-2.541519262736250173e+00,-3.297629095952966161e+00,-2.155332724249988896e+00,2.236053635848501031e+00,2.794933086551194545e+00,4.327815030170189203e+00,5.212826171452364932e-01,-1.162129960753657709e+00,-1.468553030823917638e+00
-2.076322920110211356e+00,-2.712427661320282013e+00,2.678812608266885498e+00,-2.227370738624941726e+00,2.813651059482463079e+00,3.472279126955641004e+00,2.980808628629330048e-01,-2.554432306645049611e+00,-2.372697510044413427e+00,2.993837875525175107e+00
2.112264397857018139e+00,-2.994017181419186713e+00,-3.257080729975596611e-01,-2.282600690524025477e+00,4.147774132992095852e-01,2.303264328162209384e+00,1.069087547228684709e+00,-1.241989972098817230e+00,-2.187007633219047786e+00,-2.185024289721066548e+00
2.836044069015277280e+00,-2.147326403429256736e+00,1.000393647628865956e+00,-2.068790330099745667e+00,-3.368236623166683819e-01,3.032300657115698073e+00,1.062482560284954802e+00,-1.025826655335762894e+00,-2.164723446111065375e+00,-3.480448005005306822e+00
2.270527944394248543e+00,-3.479513798914985134e+00,-1.641286343366552547e+00,-2.349292358746734255e+00,4.408470668085159305e-01,2.305595610605524204e+00,2.313700024741153494e-01,-2.986098006195165411e+00,-2.422094913687595330e+00,-2.694283873909714355e+00
1.008129873984883140e+01,2.637549993263846204e+00,-6.006431476033844419e-01,2.159550208246960867e+00,-4.264008572899231631e+00,-2.252133933265023646e+00,4.864505902861163023e+00,5.846059119519715352e-01,-1.395822459492761292e+00,-2.609408720847550711e+00
1.818447408155410283e+00,3.059941568456522987e+00,2.244404584089564558e+00,3.992974260634550632e+00,-4.012193709605964997e+00,-2.195619048631579417e+00,2.786907023104568282e+00,-4.111601962748845374e-01,-1.941084078828778869e+00,2.335518387988971156e+00
3.861707593037402297e+00,1.853652857838383738e-02,8.147153932479440641e-01,-1.128054740843998927e+00,-1.036774549207009066e+00,1.699989054112009956e+00,4.297386951349887241e+00,9.159634413644690554e-01,-3.428112595425096276e-01,-3.240022773276802770e+00
5.941652376111992151e-01,1.732463708387017576e+00,9.884965527855431588e-01,1.550416377272883395e+00,-3.253823988292614100e+00,-1.984000979852293067e+00,4.853592905687733605e+00,5.715933697259387714e-01,-1.238183343710729467e+00,1.208885592263003517e+00
2.020771949913184873e+00,-8.280238187194388644e-02,3.326542124835079051e-01,-1.243246908622369196e+00,-7.481317254917694282e-01,2.142059070210113880e+00,2.959710845342503616e-01,-3.145700343396207188e+00,-2.433058709921338103e+00,3.178354930099901665e+00
-4.670786145894578745e+00,-3.472553764193053283e+00,-3.050081729632989180e+00,-2.347704856252942562e+00,4.696837424178128551e+00,2.641351600030646729e+00,4.200933614006689076e+00,1.071827622190102858e+00,4.354966994307439832e-01,2.199887948444771091e+00
6.667694653212784317e+00,-2.636944630536981471e-01,-2.346204662812120034e+00,-1.426980157654633041e+00,-8.735882765449416443e-01,2.739702419517382914e+00,7.375489765079967786e-01,-1.823806376888406078e+00,-2.313159079862437739e+00,-2.820229988806644883e+00
7.099424815163033475e-01,-2.481763706593943297e+00,1.346064318509371915e+00,-2.160778551920890855e+00,1.053341729170409691e+00,3.606690917869639357e+00,2.560973928660988941e-01,-3.038174134303305962e+00,-2.424646261667335878e+00,-5.340161506660643376e-01
-2.037103492152914086e-01,-1.338438054049710946e+00,2.387644078332707309e+00,-1.911762140454903447e+00,1.114914166996938238e+00,2.335314945073878157e+00,3.829792098345436102e+00,-1.239001982024294790e-01,-1.797126277019059915e+00,3.216955965374737936e+00
5.728737807685037708e+00,1.772484597272896423e+00,3.110961943375153638e+00,2.437305764039122025e+00,-3.754098515543518477e+00,-2.152034432281009213e+00,6.646924806161418342e-01,-1.790306613205578934e+00,-2.289289323893810568e+00,-1.853120325166570659e+00
-1.206676768477310091e+00,1.787515743526722822e+00,1.153781329967666025e+00,1.509176161825701801e+00,-2.080016031859103443e+00,-1.226314453033606533e+00,5.980022459163149007e-01,2.877383540799185901e+00,2.197097036366169043e+00,1.601140651892297484e+00
7.749849695711555242e+00,2.922582690466810185e+00,-3.285429846795808295e+00,2.684614940964926699e+00,-4.303325215706541584e+00,-2.255022182615125104e+00,3.963517650839767370e-01,-2.241508068553026867e+00,-2.342886726953770982e+00,-2.558114384979522704e+00
4.168542164186249011e+00,3.021823124710161679e+00,3.275107504419203508e-01,2.202489114847431928e+00,-4.184097150738605997e+00,-2.236593367731081639e+00,2.309113577246582061e-01,3.253743893837348189e+00,3.227928427709154668e+00,-2.522267667322910523e+00
-2.487339662158641662e+00,-2.869007903351628030e+00,1.152852605867827229e+00,-2.244332019403050715e+00,3.409092625624831285e+00,3.154117617627478332e+00,4.634865146432962213e+00,1.843512003453291470e-01,-1.669319999618956274e+00,4.873349525942853866e-01
-3.534381286229294705e+00,-2.132867028873952631e+00,1.544429690203783956e+00,-2.114555471140977083e+00,5.083084242724845936e+00,3.909865189388653128e+00,4.780847315128670338e+00,9.931209694188734005e-01,-1.868408640326101877e-01,1.771123388817890998e+00
-1.975604803601577419e+00,4.302792574536460357e-01,1.274013706762707976e+00,-4.808787410391888173e-01,4.340183440418265981e+00,3.118275089947317724e+00,1.180201720829377326e-01,3.471321298378986064e+00,3.791499758950679144e+00,2.828363875765532498e+00
4.913508865664029113e-02,-3.427013268547197011e+00,-3.361091839633498779e+00,-2.340118324223315227e+00,3.485582820863885045e-01,2.226472449126469133e+00,5.791571641566750639e-01,-1.781431265314669998e+00,-2.292222798245725279e+00,-1.154698690462041988e+00
-6.505323138896492718e-01,-1.890721679713804892e+00,-2.203015689576711011e+00,-2.068138945595274780e+00,9.400980119389972245e-01,3.654222771829023664e+00,3.186460858476110602e-01,-2.482256769766507443e+00,-2.373114720947874012e+00,8.132957821848387781e-01
-1.732767563007831413e+00,-3.241969072722301615e+00,-2.884380274584979809e+00,-2.316466164231361091e+00,2.541079121753328618e+00,3.879249403393346007e+00,8.232927959833449272e-01,-1.524481960343333498e+00,-2.269885477964634024e+00,-3.738377351863708675e-01
-1.896158428527874307e+00,-2.909323094184415037e+00,-3.392924317778283072e+00,-2.259976348165631421e+00,5.560289108056158724e+00,2.913353748219300599e+00,4.473874026243300328e+00,-5.243119511097171781e-02,-1.827496089629113918e+00,1.319089186172863748e-01
3.195512530078972624e+00,1.136117041943959016e+00,1.748627175130691214e+00,1.058634314793194919e+00,-3.057879824881627684e+00,-1.969043094469124622e+00,3.042911675728286358e+00,1.308909186552488890e+00,9.954034982014947630e-01,-2.017384719361074552e+00
4.184554907493787113e-02,5.848047495114219174e-01,-1.818997796230108044e+00,-5.623831023880077051e-01,-1.179385542458724512e+00,2.959977649799660604e+00,1.463870968155218444e+00,1.514387880920195606e+00,1.523507941566921264e+00,1.392268386911402089e+00
-1.289107480574145814e+00,1.588041135945493565e+00,7.055492052659326774e-01,2.135377539905711775e+00,-2.135021650567825446e+00,-1.125862103542463188e+00,2.261366215859381135e-01,2.676374327145402354e+00,3.147627578088772804e+00,3.024745067395604003e+00
2.060283181432195576e+00,2.830636364239397906e+00,2.286775597934010307e+00,2.411047435854011045e+00,-3.987222025440398721e+00,-2.208042292235122606e+00,7.509456867505474031e-01,-1.645354794312513969e+00,-2.286768679911133084e+00,2.762398411915654606e+00
8.141922013003753955e-01,-3.382976369974627140e+00,-9.580791014349605561e-01,-2.334162296260117841e+00,4.585030478859235537e-01,2.685090896339869637e+00,2.225627237567854078e+00,-6.762544643472256922e-01,-2.077162171857405149e+00,-1.672113935193228818e+00
2.712017787052279694e+00,2.776842993988906549e+00,1.223245547232928665e+00,2.051301768400115577e+00,-3.956398005175666643e+00,-2.192044497050787299e+00,1.049179273830031844e+00,-1.216000329499537180e+00,-2.215756360666520930e+00,-4.859526386732451186e-01
-4.225840424037882737e-01,2.730690009433711651e-02,1.046523202842353228e+00,-1.120893307974595743e+00,7.380428516460797450e-01,2.577300988550591754e+00,5.477270883019894621e-01,1.921732740128349270e+00,2.090498573400841220e+00,-8.890976560609762380e-01
2.735308220368719123e+00,8.037361272223311204e-01,-1.984190220608251787e+00,-1.457701516641109474e-01,-1.992946448558758910e+00,-9.123473049435466553e-01,4.249034413350624151e-01,-2.150373864525595202e+00,-2.354387905727999719e+00,4.720922418364015272e-02
-5.290831393594313425e+00,-2.556780452671032489e+00,5.440133010502945510e-01,-2.192817367234481729e+00,7.288399001574580538e+00,4.358133505852558542e+00,2.306206766576422429e-01,3.237676807502168685e+00,3.322917045936867986e+00,-3.566225737599495460e-01
3.249953575085897661e+00,-1.962235264637621768e-01,1.536194776264696138e+00,-1.006648869977817773e+00,-9.155941379935159663e-01,1.573343248217925261e+00,3.750862973762418395e+00,1.131680487794584522e+00,7.132875663864397531e-01,-2.480370660855273801e+00
3.898951188376356569e+00,9.419864195903207005e-01,1.875736687877064490e+00,4.569814029625646756e-01,-2.339030656391471563e+00,-1.465798265926630206e+00,3.527075927126937405e+00,-3.146058319764213351e-01,-1.868509592899243454e+00,-1.262751508555996161e+00
3.128153122957120225e+00,-5.748655129004776043e-02,3.259314678249236152e+00,-1.174748866292298466e+00,3.713425550064264336e-01,2.194575279350955643e+00,5.819361255915578290e-01,1.953328217589638705e+00,2.059644111191607063e+00,-3.331551580609340313e+00
4.854216555307782954e+00,3.019899863167447407e+00,3.398424712488123056e+00,1.812028143632096633e+00,-4.182108965706158088e+00,-2.240930339800778270e+00,2.921896753437707162e-01,-2.836812469311269513e+00,-2.414674095631114792e+00,-1.507582100178101570e+00
3.704392599985597556e+00,3.051256850482953809e+00,7.049515306359177558e-01,2.929985441033602811e+00,-4.179130348288126129e+00,-2.235745551527037467e+00,2.435968275945621930e-01,2.230576134953317080e+00,2.807187539973756252e+00,-3.323083338630842931e+00
-1.362363079308520630e+00,-2.698238689329279794e-04,-5.860360415609981999e-01,-1.157991737257077158e+00,1.223118675256809285e+00,2.803867724035496778e+00,7.953193774965912066e-01,1.622296843153227641e+00,1.912766843143787199e+00,4.017609341812065082e-01
-1.740245017526333093e+00,-6.325515697097943146e-01,3.405290113151329123e-01,-1.577784962666883395e+00,1.573995712454407947e+00,2.601559921174543266e+00,9.119464556147535150e-01,2.553480362338353515e+00,2.062071826432029464e+00,2.578078853373355628e+00
3.201776467725881758e+00,2.175859805040200712e+00,-1.527859558109145199e+00,1.900774861560581730e+00,-3.798261429634114617e+00,-2.149813258129427584e+00,5.210417824160263889e-01,-1.894862625670553635e+00,-2.325831515035233110e+00,1.661980939232233112e+00
-1.852477382574114095e+00,1.104017531920979955e-01,2.075086146013422450e+00,-1.086908247600981925e+00,1.789311259447281532e+00,2.569754256799162917e+00,4.229155549024143923e-01,2.859078483627897072e+00,2.483808535742651369e+00,1.587969842869723536e+00
-3.881031378262445042e-02,-7.217602399613864961e-02,2.823269162414883127e-01,-1.187249606168450766e+00,1.235769273290931114e+00,2.790304084451635802e+00,4.656502520744550289e+00,4.731143654654079711e-01,-1.540033542928653576e+00,3.446468322364902193e+00
1.278633751582292089e+00,2.592744982715585067e+00,-2.742583481516192467e+00,2.203326101336666731e+00,-3.780859372506163218e+00,-2.135860743680315643e+00,4.913475315837671498e-01,2.653005772356870295e+00,2.316528364897251890e+00,-1.432001198301274147e+00
4.762151668849284647e+00,2.786642404397977835e+00,-1.520691611388428566e+00,1.859662353269398993e+00,-4.121820647221821510e+00,-2.229692602111060573e+00,4.210197994067728655e-01,-2.226836434315468960e+00,-2.331975589870517229e+00,-8.083373823432902228e-01
9.214332227759112204e-01,-2.525727429485770781e+00,-1.053845205736272383e+00,-2.182921734735832953e+00,1.190855510935198813e+00,3.390285677985573010e+00,2.696067917239355349e-01,1.957964755032753246e+00,2.700447751693902276e+00,-2.321033057278538259e+00
7.079270631181657336e+00,1.606882142574880490e+00,-3.195268937056723324e-01,1.892512611906173259e+00,-3.541560680841930875e+00,-2.114867443017335535e+00,1.943446057433072527e-01,-3.083811377654060326e+00,-2.425244303277997560e+00,-2.049490398350934495e+00
-7.323174842419033492e-01,4.574105436770441457e-01,-1.490204082767887961e+00,-3.657805990508739558e-01,-6.556962016888292499e-01,2.846474379084293016e+00,1.078583070758515339e-01,1.893095907829953184e+00,2.981296554212674366e+00,7.983077013998327587e-01
3.838069534012138462e-01,2.736914176609863247e+00,-1.723076639187384407e+00,2.284872908939389102e+00,-3.581821894695435216e+00,-2.089332024113003783e+00,1.521723174992795080e-01,3.489868841579873759e+00,3.751963768340512040e+00,3.058935592284727889e+00
4.543926378190905613e-01,-1.286064453845708222e+00,3.447167825303376176e+00,-1.790714271538756730e+00,1.101564122840651416e-01,2.106962649199632498e+00,2.688373806097506868e+00,-4.015236779238819942e-01,-2.002331612185637155e+00,2.914001959311555368e+00
1.570032722356818455e+00,1.776988150032707381e+00,5.385981709782328153e-03,2.000384535630608251e+00,-3.236544613702875051e+00,-1.969479495231823751e+00,3.282368737371783585e+00,-1.759760213712988630e-01,-1.879690662695305825e+00,1.842970666637841148e+00
-4.922535019331152339e-01,-1.545376406338292874e+00,-1.501424764692300240e+00,-1.830227740336732634e+00,8.418414211474410935e-01,3.971538188417004456e+00,6.959330115485559132e-01,-1.555772504599276962e+00,-2.283476851008315656e+00,1.942596090451913504e+00
3.911736529196056189e+00,-2.662963199455961938e+00,8.657315601183945830e-02,-2.224174602096187225e+00,5.042724077141377270e-01,2.097253450378371298e+00,2.296983825530142242e-01,-2.889211313088230426e+00,-2.416712177399288120e+00,-1.605645377442895372e+00
-4.585890369599424865e+00,-1.911132858649450483e+00,2.100013745737670412e+00,-1.961029277849386521e+00,5.607778706361717269e+00,3.742338913931369859e+00,3.718112710838119561e-01,1.559843088798847255e+00,2.268465889551379178e+00,1.295942157842242537e+00
-1.307332387449687827e+00,1.917801413738176919e+00,-7.476331006043714922e-01,1.413014979271747018e+00,-2.150309145308062941e+00,-1.231094609440702925e+00,6.866020795166188906e-01,2.644002394903930409e+00,2.275357608179542801e+00,-2.056198536719975323e-01
3.822133941151855119e+00,2.013610562812901073e+00,1.595336726519343884e+00,1.926531260807365697e+00,-3.655178658531362590e+00,-2.128017400931857317e+00,9.369176903142755197e-01,-1.276891556857187915e+00,-2.199017184718107476e+00,2.353251974230440524e+00
7.985175206693194694e-01,1.055075588669515341e+00,1.301593341983926067e+00,5.847031257029696727e-01,-2.507492906598513205e+00,-1.712118796229299411e+00,6.284496811436854458e+00,5.045038817847764534e-01,-1.476603339315996077e+00,-3.283363174921216654e-02
-3.286918655414872159e+00,-1.348083703877146711e+00,9.042526917143520748e-01,-1.787496977968544343e+00,4.661713158021425940e+00,3.832425800753955336e+00,4.159212538960532779e-01,3.390325961877402428e+00,2.944495486073320123e+00,-1.102633993128587786e+00
2.785487012463859102e+00,3.481827926370151260e+00,-2.714740955277221701e-01,2.180977620118557780e+00,-4.141246887320393810e+00,-2.234603796744999649e+00,1.590418761793589209e+00,-7.712865570775235824e-01,-2.006979289861941407e+00,-8.231645031055410122e-01
-4.434228309502876719e+00,-1.437572077786457569e+00,3.466247652456758033e+00,-1.935349714476048311e+00,3.923162987824021286e+00,2.576528410853101470e+00,3.905930573928659277e-02,3.408048149677777694e+00,4.304520087024123143e+00,1.231408687915850564e+00
4.451105262081691549e+00,1.176785754399410244e+00,1.333080981624606309e+00,6.266951776057410051e-01,-2.978201507845214202e+00,-1.899136583275720103e+00,1.128040431179224257e+00,-1.107737577820175900e+00,-2.195584915919918778e+00,2.895953905024632569e+00
-1.050004386352666241e+00,-1.650176426335984381e+00,1.516745028378911897e-01,-1.867981073045262175e+00,1.697675298345078909e+00,2.827460005386837061e+00,2.626466967293581423e-01,3.449896642790980295e+00,3.259351899411726983e+00,-2.059917450334630473e+00
7.639111793787356497e-02,-5.434383634698694010e-01,-1.365025311080399373e+00,-1.581889483228348769e+00,-3.665327617795632875e-02,2.229128451659494914e+00,4.863832582923046211e+00,1.364808959903471397e+00,8.418509842320586190e-01,1.435853167686796716e+00
1.176704892238404909e+00,2.639545347093875449e+00,3.114807765507946691e+00,2.101957775304849729e+00,-3.577429047331576850e+00,-2.127550307566470345e+00,3.880909965293114272e+00,1.693850758931541023e-01,-1.755082782544670650e+00,2.050934129357850466e+00
3.804034836455010282e+00,6.773052199238449589e-01,-9.532114590215647887e-01,-3.526330452851018094e-01,-1.850154107211691823e+00,-6.060555964613276725e-01,4.034213575168072996e-01,3.011057121064228070e+00,2.636163821554359465e+00,-2.314117274813702441e+00
3.473994044218728483e+00,-1.536412480079810461e+00,-2.552801624014635173e+00,-1.857408107003232001e+00,3.855732245819163406e-01,3.298781830614694321e+00,4.194154228133560203e+00,4.352836909458801529e-01,-1.516715472964717648e+00,-2.408660067060856225e+00
-1.245905552289755747e+00,1.744694058659741920e+00,-3.211456592639140073e+00,1.465742494807905860e+00,-2.027601007650353004e+00,-8.171719095737439709e-01,5.193158919555591613e-01,1.955577968546800882e+00,2.156073933691143640e+00,1.517136610587073164e+00
8.102959601293035163e+00,1.594100658866567599e+00,2.551133688418161682e+00,1.940081582664606064e+00,-3.673334774347789988e+00,-2.128661923214716367e+00,1.999171184308735860e+00,-8.391156026547825775e-01,-2.106953269944669138e+00,-1.630034103501633913e+00
2.723362029577158783e+00,1.328497036543298648e+00,-6.273362850310881811e-03,1.635223008227023822e+00,-3.257975621222160889e+00,-2.046250000159912652e+00,4.804104051022619060e-01,3.061611991411977485e+00,2.600939467968126806e+00,-2.475357895867143831e+00
3.796429169135543180e+00,-3.386551216744901893e-01,3.576654115772766040e-01,-1.358634502150036782e+00,-5.291221809223090045e-01,2.301643174652668211e+00,7.817392291275964133e-01,-1.391019283745602131e+00,-2.251665370160227386e+00,-9.002956310992242805e-01
2.733831436073924870e+00,-1.091710314945499860e-01,2.392999621687137868e+00,-1.163549919820441980e+00,-3.252838744880045541e-01,3.039384748184809304e+00,2.878274518800881254e-01,-2.705732966254392302e+00,-2.394941364883110158e+00,4.990332823303100795e-01
-1.104465537942569853e+00,-6.635050664995567615e-01,-5.802317216213164208e-01,-1.597790144723045591e+00,1.176665133211051817e+00,3.366425664624999925e+00,6.624124911899150758e-01,1.707337227854381467e+00,1.925567917815408148e+00,3.025602922334350353e+00
5.648475317481800317e+00,3.163792943139613456e+00,6.026509174378453793e-01,3.244998220990380489e+00,-4.290537550212382811e+00,-2.256133543025808486e+00,2.347799249512105002e-01,-3.216397837396152148e+00,-2.438606617388968445e+00,-1.869826454297718321e-01
-3.879670777885954047e-01,-3.384614705568558257e+00,3.388913790819742644e+00,-2.336451440316529737e+00,6.742286789331184416e-01,3.451694515684418096e+00,5.489804325487118719e-01,-1.968024319995133053e+00,-2.337152632097027727e+00,-1.047274885106548759e+00
6.429801513073498676e-01,-1.306433636314671798e+00,1.775009058602577738e+00,-1.862018371022743368e+00,1.166051121705232174e-01,3.716200230699219897e+00,3.623818853580765276e-01,2.344064429595992927e+00,2.587529946627818767e+00,-3.088559889757192867e+00
3.387275511277946904e+00,3.430818433519199573e+00,-1.069178499900615531e+00,2.818018727737041651e+00,-4.171244197474705651e+00,-2.224245226307233647e+00,3.257010752109788410e+00,-3.975348989744333927e-01,-1.979643443592656649e+00,2.833530734714599930e+00
3.151441154414999612e+00,2.688296689075487578e+00,-1.750611333816726845e+00,3.229490808623141529e+00,-3.996411477286302638e+00,-2.207050088200792182e+00,3.971660211595359868e+00,5.277064857665525466e-02,-1.753921274804975505e+00,1.721173579032842405e+00
-5.845240375727017934e+00,-3.360403476763999198e+00,2.400524226014034035e+00,-2.332643520685417471e+00,5.339985693283970214e+00,4.202123577683841482e+00,5.029240202891201994e-01,3.337306967817056602e+00,2.684262232123737490e+00,1.619800517636571513e-01
1.301245711313934850e+00,-2.780433343133936752e+00,2.890111589832731198e+00,-2.212655909679551947e+00,1.335232034522179978e+00,2.554071035874911022e+00,2.659124372976025441e+00,-6.168345319430263984e-01,-2.024272213287726885e+00,-1.991489758377241071e+00
-3.000307075499176079e+00,-2.841435487364374346e+00,5.653000437434592129e-01,-2.256306103689516895e+00,4.293687525807092342e+00,3.658953286157879514e+00,4.798638452162087731e+00,6.496825732128073128e-01,-1.069923266179588328e+00,3.219261079279790216e+00
-2.388964153811188318e-01,-1.639418727096781492e+00,-2.009024975980475247e+00,-1.958583758878636338e+00,2.025047277971384840e+00,4.376310228540987168e+00,1.469649585293592020e+00,-9.368055475402483623e-01,-2.114066540248571879e+00,3.130726615135972501e+00
3.163620206312244054e+00,-2.135366195704999637e+00,2.342047555585921259e+00,-2.086396677940990152e+00,1.154127229458015158e-01,2.696347092458313721e+00,2.438170430548444179e-01,-3.207353498235020250e+00,-2.439560989027037330e+00,-2.244575468941523599e+00
-1.838564937331816473e+00,-7.410456268429905791e-01,1.113135202125488554e+00,-1.660695843120186366e+00,2.536089993492397276e+00,2.758040203911423127e+00,4.647107970324277360e-01,2.592713242208201763e+00,2.341610275373759098e+00,2.339533959274564978e+00
-1.155894789692757385e+00,2.026167579858573653e+00,-3.040088086576907767e+00,2.166254807577479458e+00,-2.042889656487830941e+00,-1.149017295017346729e+00,1.904169205121974684e-01,2.090554938061113255e+00,2.876306976119446190e+00,3.189232556636275362e+00
-7.158909488737535964e-01,-2.883226056627387734e+00,-3.081531078525603817e+00,-2.262944455405803357e+00,7.922037367624433779e-01,2.874994975655167817e+00,4.071258456846952867e-01,-2.267108104491300846e+00,-2.340208125715213416e+00,-4.226035855749583625e-01
-2.604953715139779469e-01,-8.550848865308884328e-01,2.975268115648610490e+00,-1.645620465834047863e+00,5.455941632136066533e-01,3.262248455782424728e+00,4.245562509467490031e+00,3.350608279918363408e-01,-1.542083184299365417e+00,3.465648994884015011e+00
1.234058107125520998e+00,-7.583235909517549445e-01,3.445459832355885155e+00,-1.630363409690624099e+00,-1.902904714600088254e-01,2.172020106907981418e+00,1.300576644007403138e+00,-9.091545837185162071e-01,-2.111808932685613094e+00,2.614866418978413876e+00
-8.685683979173892677e-01,-1.383428550201406093e+00,-1.113577255975766178e-01,-1.876979500910319842e+00,2.742949678326328744e+00,3.692233962429197547e+00,3.491619633829970759e+00,-2.288602244322790469e-02,-1.852824509351430393e+00,3.356195970281508956e+00
2.545023291032018076e+00,-2.272726612258968437e-01,1.718546049837469170e+00,-1.367566394805801444e+00,-5.698869295348751862e-01,2.034655070240515951e+00,1.860960423341381786e-01,2.770034600556291693e+00,3.343532005231375059e+00,-2.627274848468200474e+00
1.649005589756625811e+00,3.434645968310131359e+00,3.127327627155731093e+00,2.911291681645089113e+00,-4.065053604951723187e+00,-2.215490783655865936e+00,2.783536289817189147e+00,-4.388537285893221451e-01,-2.008376388653266176e+00,4.861598413342473890e-01
2.866138884823269173e+00,1.730739134194347884e+00,9.025714549956562749e-01,1.207519949096264256e+00,-3.385793669261834005e+00,-2.080073715060603234e+00,3.353704578083424037e-01,-2.570353594604410485e+00,-2.395473516040087958e+00,7.468654359220661121e-01
-5.511671571413881310e+00,-2.912697350260133877e+00,-4.872865083740665071e-01,-2.268217466923503345e+00,7.355452909748329660e+00,2.874309782446834660e+00,5.939805835858937844e-01,3.260091153193337199e+00,2.639758756782951465e+00,-3.204748648043209691e-01
2.426567193889992424e+00,8.075340975513745079e-01,2.422703749122379513e+00,3.044326692589053862e-01,-1.795901484751391219e+00,-3.307451212791400197e-01,1.094702805622942698e-01,2.189835182333991881e+00,3.158545312408781669e+00,-3.413719576146810653e+00
-2.659623560080042193e+00,-2.133381879611583098e+00,-1.100585312818884276e+00,-2.122965923675115718e+00,4.378298819751686111e+00,3.171339619991308645e+00,4.251747643729046011e+00,1.635453794163272967e-01,-1.640738848924844007e+00,1.744530489967424103e+00
5.255285442014624664e+00,-8.341601689592410551e-01,1.501275062834554141e+00,-1.579721761885505948e+00,2.324337541412266894e-01,2.227510867519951532e+00,1.671266111477486271e+00,-9.833925241474470447e-01,-2.180332078565887066e+00,-2.584165982610363343e+00
2.502438691111177782e+00,3.132059955618824887e+00,2.563840461528841708e+00,2.495168226646634846e+00,-4.020901377097910512e+00,-2.204513771241100706e+00,1.463630494092856560e-01,-3.415179768205536259e+00,-2.451226855543893191e+00,1.966779866234756646e+00
-4.674543436383600259e+00,-1.852353505607016171e+00,-3.238513740916511452e+00,-2.027243532805185655e+00,5.313758684497024376e+00,3.735283310910369359e+00,7.173553422401403035e-01,3.070163281802286370e+00,2.214092761621733629e+00,-2.562713552561071140e-01
2.960780791488840435e+00,-6.596855360580473615e-01,-2.770577526524764522e-01,-1.613956133244776492e+00,1.709475543947469589e-01,2.320909539630570784e+00,1.596921165980284218e+00,-7.723748648666584060e-01,-2.117480257747212047e+00,-1.276895598598782211e+00
1.318999778806122958e+00,3.301923257225912955e+00,1.682361771291124519e+00,2.576763573710514788e+00,-3.964476862737808638e+00,-2.188708478661780532e+00,5.853721208512747687e-01,2.651233592671673023e+00,2.504653989453258234e+00,-1.386072320379376777e+00
-2.724096703437919320e+00,-3.192542453355758258e+00,-3.220455823839383669e+00,-2.312023182350740225e+00,4.214785691099321774e+00,2.706383685739271794e+00,3.787383902252968504e+00,1.045869798886709390e-01,-1.792849913254934702e+00,2.826766399451828171e+00
-3.809398279396668308e+00,-1.503287814475254169e+00,7.243838700586930912e-01,-1.951232500036616413e+00,4.727718644731402797e+00,3.006051993922365551e+00,1.644050393356213169e+00,1.674214089387950466e+00,1.483812325884884320e+00,2.704281571555250174e+00
-6.167708553714199571e-01,-1.606751491318834324e+00,-2.679587270842644919e+00,-1.999806303717378553e+00,7.715338792746760932e-01,2.623700417550816510e+00,2.281915249613657437e+00,-5.604632081726084181e-01,-1.990326551074413253e+00,3.204843943696670472e+00
6.461199060491342294e+00,-2.600517216866680137e-01,-3.246340521054054129e+00,-9.465776800854047712e-01,-1.146503862934257434e+00,1.974061820625081509e+00,2.846646442339945682e-01,-2.780272204762577637e+00,-2.401230612008260934e+00,-2.320840721585545552e+00
-1.896327557232423411e+00,-5.264542185324554424e-01,4.788275329904112532e-01,-1.366666184428189768e+00,2.907725826886889298e+00,2.698472450741457696e+00,6.235454313300825557e-01,3.365142576306117128e+00,2.460098033992576649e+00,3.259079491711210252e+00
2.341309604801214306e+00,1.789544991125130657e+00,3.090925700883973448e+00,1.507457207015722833e+00,-3.485394005494829361e+00,-2.100465681659881678e+00,4.648926007531525073e+00,3.394975625896199389e-01,-1.393239945512532385e+00,-7.587378071123125345e-01
-3.627694487310840765e-01,-1.739510750781188442e+00,3.264203787912602017e+00,-2.033211582378592119e+00,2.200834724186659042e+00,2.856386840624882684e+00,2.056232980495493745e-01,-3.434913800615023494e+00,-2.452739523790125720e+00,1.375810074548032169e+00
-3.411545958078650020e-01,2.543429856322849680e+00,3.350399361230056883e+00,1.681849272665934203e+00,-3.297307599090516739e+00,-2.002856545883186179e+00,2.835228424934429281e+00,1.198377424087085252e+00,1.158184912664582678e+00,1.701262662724334795e+00
2.494494006265003172e+00,6.134408261036314869e-01,-2.192572161890938176e+00,-1.249554243443170565e-01,-1.732080861350485446e+00,-5.602775914092306131e-02,4.477854728380356697e+00,1.129720120770499214e+00,4.465345166372772789e-01,5.366081293144198128e-02
8.123063345388748857e+00,1.457014124239648822e+00,6.297473029501894359e-01,1.113353082474869415e+00,-3.340839014539885188e+00,-2.073963494364026161e+00,3.316483435229008458e-01,-2.871133820956785154e+00,-2.415416331511167414e+00,-2.875214480138486017e+00
1.601150017268738512e+00,-3.322188097389706218e+00,-2.233297017596433065e+00,-2.321570978526064533e+00,1.060567887785943131e-01,1.898049433854911427e+00,2.366809504600317027e+00,-4.798696958707848736e-01,-2.017292487295017533e+00,-2.561472947667281730e+00
-2.742737261336193555e+00,-2.545513662410668232e+00,6.145682096613835910e-01,-2.188454055463259884e+00,4.031367302464159863e+00,3.655024851080010073e+00,4.410300592187820001e+00,5.068418306326538669e-01,-1.430877110380489592e+00,1.340431029951620445e+00
-1.847283945794883753e+00,3.248408258172563734e-01,-1.423762352121411112e+00,-3.382275961466583158e-01,1.697344270457650017e+00,2.551071707077749551e+00,2.484211665982903605e-01,2.429561822999380283e+00,2.772948483515281559e+00,7.607444509477412353e-01
-1.646536600690031715e+00,-1.667104403082031006e+00,-9.656983655300668268e-01,-1.988254231326543442e+00,2.037356020483118257e+00,3.037402013607114704e+00,4.759250448071385975e+00,1.026056932017950452e+00,-2.234800968142438005e-01,-1.272138660075002647e+00
-3.094274510908431086e+00,-2.208770406242896556e+00,3.957269519831490001e-01,-2.090867694135580379e+00,5.970313844024790484e+00,4.599437538279028459e+00,4.170532935185433665e+00,6.371412697004448233e-01,-1.262970824248169199e+00,1.048621927862448899e+00
-6.014768144494813562e+00,-2.744061650025577670e+00,-1.584358001434334806e+00,-2.242958562597330285e+00,4.285723860612958624e+00,3.072880716051079819e+00,6.673490133496911003e-01,3.316140666004217863e+00,2.425465010798273369e+00,2.851806293594016495e+00
2.100201666994406580e+00,-2.865853486965727726e+00,3.269098518282277155e+00,-2.260486050600681640e+00,-1.295027996790933944e-01,2.138851834583344047e+00,5.430763315560751536e+00,4.335640278544010684e-01,-1.554602455408074624e+00,-3.370140961651485245e+00
1.631064664131210540e+00,1.926008368452873931e-01,1.276601457825152330e+00,-1.017713244210210144e+00,-4.142724876257544153e-01,2.319882644764070356e+00,1.486494531385320339e-01,3.013662403932708678e+00,3.383467156327672143e+00,-2.470024924514849118e+00
2.214300688539138307e+00,-2.069820355800569889e+00,8.529494266697259519e-01,-2.034655390203366832e+00,3.479952296580222093e-01,2.533295535702729140e+00,3.246979782373304868e+00,-2.976982090387467750e-01,-1.840054576243947970e+00,-2.000466700310650658e+00
-2.761594043993635061e+00,-1.449974696514436445e+00,-1.120793433005498052e-01,-1.856312330799686938e+00,4.108740214702112148e+00,2.421060167743607661e+00,1.043586502229333135e+00,1.978569194773440287e+00,1.753278775309165427e+00,-9.877672946722393377e-01
3.012325190621916615e+00,2.976309815916440726e+00,9.695088148496067149e-01,2.026946926630106560e+00,-4.120087202212080690e+00,-2.229144263085357291e+00,4.762353680039500325e+00,8.196977378035850137e-01,-8.730796528092671371e-01,-1.673084504761614300e+00
-1.122369016761171956e+00,-2.236685143177681745e+00,-2.617036895533580765e+00,-2.117487648968368941e+00,9.611581065621093156e-01,2.883623008354440742e+00,2.472159334579721035e-01,-3.041526592626103920e+00,-2.429395889877310921e+00,1.204483145254733323e+00
7.715444549263649421e+00,9.839264613054830022e-01,1.005360326729231701e+00,5.533283289378717607e-01,-2.760930449913803653e+00,-1.851928066420910346e+00,1.388392468900369714e+00,-1.025267586771180461e+00,-2.159512309923435680e+00,-1.894970402337930349e+00
-4.995663687186077340e+00,-2.796148362176926749e+00,2.872239937071705107e+00,-2.243021904313950099e+00,4.360600375619185343e+00,3.000584651962452387e+00,3.544212174025412332e-01,1.767641029484724235e+00,2.315265973827793644e+00,1.235882314294175721e+00
-1.327770059619229448e+00,-4.468029322306974471e-01,3.266674934595743984e+00,-1.540364042117183807e+00,1.060985544719288409e+00,2.612450899489129341e+00,3.296781391795446381e-01,1.713296202560222525e+00,2.339837538611938328e+00,-2.121244381951576941e-01
4.043134913007640385e+00,1.659776153954640066e+00,-2.444371385680197406e-01,1.955829635897282204e+00,-3.474379071884003523e+00,-2.093565456068297248e+00,2.927701179685067157e+00,-3.452028899518877481e-01,-2.011246943440302193e+00,6.852325058267982882e-01
2.513507855621840203e+00,2.296756383920159905e+00,7.587463558762230775e-02,2.307475733166492571e+00,-3.821738275840723897e+00,-2.156162540689523510e+00,2.278932823481889525e-01,-2.950894802257973737e+00,-2.417846331773370050e+00,1.920975387093823983e+00
2.613832276821199230e+00,-7.766476999301659134e-01,-3.432635024354177666e+00,-1.683242272119552574e+00,-3.272524444452599712e-01,2.501508171272502246e+00,3.308845266664089957e-01,-2.957509006093551829e+00,-2.421520838088480509e+00,2.006521983570386247e+00
-5.938108253857767860e-01,-2.716879792070655331e+00,-2.814629517472736264e+00,-2.204597626551059175e+00,8.999475459562477075e-01,3.531481353558636016e+00,6.294657015626176744e+00,3.943755961678130362e-01,-1.453878734061260447e+00,-1.358597158432599095e+00
2.332511702729767933e+00,3.519265954410233377e-01,-3.081241164402233501e+00,-5.505577355886197566e-01,-1.275654921909048722e+00,9.331028720348333305e-01,1.543652379952567877e+00,-8.425027167905683179e-01,-2.095871001528991417e+00,-9.374812268933596648e-01
1.014575008767801734e+01,2.044004068081262560e+00,1.775889385013758037e+00,2.472705483882375432e+00,-3.982666890423503414e+00,-2.204179527854934761e+00,2.631895544007746279e-01,-3.235671086226270976e+00,-2.437592298276697989e+00,-2.899192239850784336e+00
1.957211887742011935e-01,3.486129432590120203e+00,-1.758493002906405200e+00,3.321850634477732989e+00,-3.563772576814513204e+00,-2.074638620440187431e+00,3.277447068269452868e-01,2.592297423263653755e+00,2.615138878681448897e+00,2.267242825128968242e+00
-5.390315177206828068e-01,2.351121752407586030e+00,-2.137510477904247974e+00,1.730076988344234845e+00,-3.088111175795573260e+00,-1.957178193884205886e+00,6.490273497010946580e-01,2.754411883278788054e+00,2.175773154434970991e+00,3.014095144887518174e+00
8.233536173671380354e+00,2.035066829844294212e-01,3.248937733568298292e+00,-9.908428904934371007e-01,-9.721788381920548616e-02,2.613509851901056447e+00,3.907008494332408488e-01,-2.563239831597294405e+00,-2.374522877346985084e+00,-1.720449633688899471e+00
1.315091636617613968e+00,-6.087127113718691085e-01,-1.792473842433259579e+00,-1.574092472226177541e+00,-4.830955696407380762e-01,2.147504065420119623e+00,5.196279059940787093e-01,2.202252040737181282e+00,2.396103671385766187e+00,-1.786972650320252320e+00
-2.922846751677262045e+00,-3.062031696465142172e+00,3.271883049764285900e+00,-2.287015948053122472e+00,5.006759147039778313e+00,2.894544241607423629e+00,4.138766954575603840e+00,3.166096037441348265e-01,-1.477703154628249749e+00,2.836420484675987730e+00
-3.679145097041250922e-01,-2.127829263470619736e+00,9.462488950925838083e-01,-2.081539621648768712e+00,1.863954295266296635e+00,2.988024583434087944e+00,3.480406287653536879e-01,-2.662759285046530255e+00,-2.387880994355237707e+00,-7.638283848838023360e-02
6.214136514252295296e-01,-3.231953434624550425e-01,-1.235538366196307081e+00,-1.176754438900715183e+00,-4.828364593302656438e-01,2.040200947840105083e+00,2.766441243608753098e+00,1.384185217930018474e+00,1.185858445972965747e+00,3.713491557637826901e-01
1.833149310741234994e-01,-1.051882290311344725e+00,7.522851969638040259e-01,-1.793263011939377982e+00,1.156697877585632916e+00,3.392448652512221496e+00,1.601437424641320773e+00,-1.026033012106478015e+00,-2.185852848608383248e+00,1.618811174804266173e+00
-5.565186344774260441e+00,-2.215360106329085532e+00,7.358944742502515624e-02,-2.091021307574353560e+00,4.857267126174682481e+00,2.916248486294115150e+00,4.417666820345942380e-01,2.777907976982285199e+00,2.744229216976263430e+00,2.381138008086280067e+00
2.908963164468255425e+00,2.585981435862054312e+00,-2.258091019895051232e+00,2.780834230940363305e+00,-3.974564100271678946e+00,-2.206451337058451756e+00,2.375378718685580703e-01,2.244279084772770716e+00,2.824501834090590080e+00,-2.205905955611974445e+00
3.444284507561766739e-01,-1.033144597314759494e+00,6.189609437922110047e-01,-1.784314852196776213e+00,-8.335299599517576041e-02,2.128934483549570267e+00,5.079088100415702911e+00,1.184655197205084498e-01,-1.758975878631325429e+00,2.131030790980082301e+00
-5.241007451025868846e+00,-2.343867578134730234e+00,-2.766126035641648162e+00,-2.135651935985297456e+00,4.780410035313230388e+00,3.172563542425502980e+00,3.653409996884273148e-01,2.122484463195978499e+00,2.625029780626863207e+00,1.345469607545408230e+00
-2.232117961429714859e-01,-1.464121039368560862e+00,-2.728184217622203089e+00,-1.933895027721827864e+00,4.433880668738157671e-01,2.604066208176756714e+00,4.987139078526789393e-01,3.241948440368593864e+00,2.412515452365255442e+00,-2.674092746769141993e+00
1.873817118384479397e+00,1.720792949912886449e+00,2.819772747605764351e+00,2.170917994289155217e+00,-3.450792116904008555e+00,-2.065714148074878853e+00,1.304432012147564990e+00,-9.380566503244418541e-01,-2.177572319526487110e+00,2.662401849759483241e+00
2.131931915637912400e+00,3.161680183586277337e+00,1.539288197109526024e+00,2.967506407190646733e+00,-3.979091101671300645e+00,-2.204081209139435948e+00,3.758631140218088529e+00,-2.089443287264955984e-01,-1.892193827087607971e+00,5.539246329167406557e-01
4.532208370385783169e+00,1.139517856624772563e+00,1.066672521257330253e+00,1.624754218228477320e+00,-3.003724303462744771e+00,-1.905625610708957307e+00,3.698752919056581545e-01,3.084974959250152082e+00,2.872852469970396783e+00,-3.034060144786805857e+00
-1.083767886982307527e+00,-1.257447451661591664e+00,2.710666077195484469e+00,-1.800154660525124850e+00,6.770158997134080314e-01,3.398676960629274824e+00,5.215090154722423321e+00,5.918569274602276664e-01,-1.353183895414049376e+00,1.188440512273267302e+00
8.142167666578470353e-02,3.401899431225974269e-02,-2.870236911251899059e+00,-7.641137906492294629e-01,-4.350954498134365078e-01,1.791217210835328366e+00,8.489784216120492832e-01,1.705962419664265539e+00,2.009262311196588602e+00,-9.698746756757308241e-01
-1.410345095302965701e+00,-2.865278071985173813e+00,-3.283308515745188227e+00,-2.258036598756915314e+00,1.719012088433010010e+00,3.492404176686136452e+00,9.980144146598934896e-01,-1.350587783620266435e+00,-2.237008430008641913e+00,1.955460511648556832e+00
2.236761598742195822e+00,9.260337436403007771e-01,-1.859223934299475411e+00,4.595878542239040243e-01,-2.024305230604960926e+00,-1.099642883576792851e+00,2.309327338824826992e-01,-3.036377961385939184e+00,-2.427114048631299870e+00,2.511697112320470104e+00
-8.610317330693306737e-01,2.451412023672312479e-01,1.557742569885867567e+00,-9.901505881097604211e-01,2.663955287269748062e-01,2.267144196698646308e+00,4.624592854704537292e-01,2.584422308185765793e+00,2.411893385953359559e+00,-7.562965732075341840e-01
-2.882621884241297838e+00,-1.438898431591439042e+00,2.761330962314223925e+00,-1.895806107589077305e+00,3.899518612680084484e+00,4.108167589484203575e+00,4.889819232826090101e+00,1.069729816910493625e+00,3.536039039474281331e-02,1.004340550753792805e+00
9.073711251438325576e+00,5.129851935365152826e-01,3.424477440970228770e+00,-6.526848633331507887e-01,-1.859431053913805920e+00,-6.458664116416497070e-01,5.418432034782133533e-01,-2.119049833160130181e+00,-2.345504306532110395e+00,-2.276536448452376238e+00
5.087152153268389654e+00,-6.881063628177437330e-01,-3.076252435296216170e-01,-1.589380271658971555e+00,1.192141376479438630e-01,2.628791678469358573e+00,7.815216346484276100e-01,-1.642937330800697371e+00,-2.284812420348440121e+00,-1.334609624299049280e+00
1.912552624092492826e-01,2.086658322505927643e+00,6.345508538004498433e-01,2.413706278932945537e+00,-3.133639891062086846e+00,-1.951145067913789610e+00,3.880312438120668173e+00,1.158704089177327923e+00,4.140017596816066847e-01,3.174874900802599598e+00
2.212901971083096164e+00,-1.010648442326365082e+00,-2.358663219171064807e+00,-1.717760436758323905e+00,-2.011723681084324200e-01,2.389654028040248512e+00,4.007152075430926885e+00,3.382006139101814135e-01,-1.556377405793393898e+00,-1.369990107002645008e+00
6.107321626405961545e+00,-1.348165784007611556e+00,3.092812417583983731e+00,-1.837298602075850829e+00,-3.058651394990964389e-01,2.357578458396381915e+00,8.092906828015249410e-01,-1.404513538982506304e+00,-2.225330604767603138e+00,-3.278665187471725417e+00
-4.219296349328635287e+00,-2.562895221481138908e+00,3.099338672609777134e-01,-2.159322052322502294e+00,4.533639174294064489e+00,2.848870718264328250e+00,3.530208920434480646e+00,1.178755285643745765e+00,8.683002328759641397e-01,2.703667513894673746e+00
3.836056706211443235e+00,2.723073434841316143e+00,3.468840314871997066e+00,2.774481890554614694e+00,-4.058850058306362918e+00,-2.215082927979175054e+00,1.240720480008663085e+00,-1.128879429191688377e+00,-2.203601754396895540e+00,1.351324070302826641e+00
1.464056335792514929e+00,-6.527092383643671170e-01,7.493821218961365105e-01,-1.562522316162856750e+00,8.110626177656343749e-03,2.987013174287448614e+00,2.898764150058355527e-01,2.810821190218229404e+00,3.135550211990690617e+00,-2.708582170081836438e+00
8.719350754977146067e+00,2.555661181767320045e+00,-1.408756748331692510e+00,1.901702706986200031e+00,-4.215829279554199616e+00,-2.246403441052036154e+00,2.121115173848004687e-01,-3.439965257325583892e+00,-2.452526971435760483e+00,-1.358186974597130448e+00
3.034815997161596890e+00,1.611507282773470884e+00,3.369041359534129754e+00,1.527873681605655731e+00,-3.513375290119839622e+00,-2.113263610355695654e+00,1.171879978619141616e+00,-1.072677560216658055e+00,-2.169747883342340256e+00,8.292338488114125994e-01
8.785339890027266563e+00,6.755229390221764163e-01,3.346041939705765245e+00,-2.567825253172935640e-01,-2.033804615644657421e+00,-1.240133755319233977e+00,1.051555322718427332e+00,-1.204758389132168706e+00,-2.204914640846391105e+00,-2.405750951121815362e+00
1.007427967811139169e+01,2.206164711099112274e+00,-9.715391728461129084e-01,2.146116276737939366e+00,-4.073245369654268977e+00,-2.218474996028123591e+00,3.389831509379033769e-01,-2.376489588057960400e+00,-2.350241830013998001e+00,-2.289046713200333372e+00
1.204924752625982087e+00,1.156797423171971317e+00,3.231733382306869018e+00,1.089313710177486350e+00,-2.589048491463153301e+00,-1.715328875996310565e+00,4.442538541277865960e+00,6.079558282074231101e-01,-9.900595562790376336e-01,2.896895660391932026e+00
3.303788404694578240e+00,-2.467530962874073808e+00,2.451452474308685403e+00,-2.157790917103096451e+00,-2.620166690729345271e-01,2.584195997020933611e+00,7.166145929778025003e-01,-1.607947241390895954e+00,-2.230288348881682481e+00,-3.363492825596436475e+00
-1.381741702740679756e+00,8.439847311689945286e-01,2.432324342717413934e+00,5.071866642438745965e-01,-2.955767435320035830e-01,3.114630097823912980e+00,5.975218348503446020e-01,3.464280682723390292e+00,2.338663105986155788e+00,6.815242104781802368e-01
-9.276958958223193719e-01,-3.017213965414601073e+00,2.626151840062773246e+00,-2.284955491312838927e+00,1.325822488310908653e+00,2.595375866977821300e+00,1.186960774609870040e+00,-9.774673660254307173e-01,-2.164368175799141536e+00,-7.092045110664160212e-01
3.457637927213404794e+00,2.794570598589944943e+00,-1.047315424200667699e+00,3.309754402514621940e+00,-4.087838449655555983e+00,-2.207082991419001772e+00,1.597925937983833977e+00,-8.818760878595046648e-01,-2.168418114541185826e+00,2.333319573103284306e+00
1.098133703988168897e+01,1.992275152261229643e+00,4.358377325813918013e-01,2.471098461891184428e+00,-3.994329150366002334e+00,-2.197515829388458464e+00,9.019178743148050792e-01,-1.299953144989102860e+00,-2.227948010238038901e+00,-3.414938893460090164e+00
1.660344168552031707e+00,-3.472891533357992611e+00,7.391727805982331034e-01,-2.348508821525194357e+00,1.268337776615849899e+00,4.322976520632130004e+00,1.541596075272959165e+00,-8.180708669452680937e-01,-2.076509669597385255e+00,-2.441535943757886518e+00
3.705398414916231342e+00,3.034798381593102334e+00,-1.892118810484365365e+00,2.583186733670576274e+00,-4.181050524779934996e+00,-2.238039685424246805e+00,1.402152975613545904e-01,-3.464776520868743326e+00,-2.454651901403892555e+00,2.557724697092163879e+00
-1.522165658223205487e+00,-1.974587063879957860e+00,-5.449705479840023514e-01,-2.062417267363719109e+00,2.212835623937628782e+00,3.862633314041884702e+00,5.025373385764521084e-01,-2.004576378120644709e+00,-2.340418252261439402e+00,2.474222192202779169e+00
2.104073652109673453e+00,-1.645589932489798901e+00,2.841107872252831790e+00,-1.840248725119068007e+00,-2.690622438307886943e-01,2.356045249195181768e+00,5.129568394961068201e+00,2.935834770190992593e-01,-1.589218279835545644e+00,-2.577553583280820071e+00
6.562066137133075738e-01,2.669811158374317372e+00,-2.348326841426372269e+00,1.745955274287142700e+00,-3.687366337333837230e+00,-2.152815898633990699e+00,4.693064024888516705e+00,1.196177846499647757e+00,3.134002676655248676e-01,1.767619491464190951e+00
4.436270484067182274e+00,3.204318263660896449e+00,-1.254555904297816049e+00,3.594361345552644860e+00,-4.206906964518125847e+00,-2.232752677149564935e+00,4.884668854119594283e-01,-1.990367547706209939e+00,-2.322084681000982975e+00,-9.257185714004076971e-01
-9.904516268546406099e-01,-1.812798142290347414e+00,-2.451789496889942299e-01,-2.049522863991033894e+00,7.439022830843455836e-01,2.314687863067170781e+00,2.790951176715843474e-01,-2.856685838626925822e+00,-2.413551514784121999e+00,1.246765482464671670e+00
1.502026488791796899e+00,-6.344683589161803638e-02,-2.605685569468217722e+00,-1.134157205673509861e+00,-8.225070226780847316e-01,1.657066854251540322e+00,4.899231226628339542e+00,5.674642951375954425e-01,-1.409687921184204162e+00,-3.140275557254805783e-01
9.603170778499563465e-01,1.684480801104739633e+00,-2.989417931750593116e+00,1.837620615931538470e+00,-3.154164096650370119e+00,-1.983828649897611207e+00,4.371257595753125891e+00,6.440484991457262609e-01,-1.225662594506192971e+00,2.278389943940211992e+00
6.299938894693625002e+00,3.500284501098072099e-02,3.119383418905162131e+00,-1.209841804250932240e+00,-6.512999463256587962e-01,2.093544174741085673e+00,5.460870352947029271e-01,-2.284622126614509696e+00,-2.366578216878999719e+00,-1.950862620287137306e+00
7.600086058342502282e-01,-3.268583726346181884e+00,-2.965999437564987407e+00,-2.318684720255510090e+00,1.186285224706668417e+00,3.252257176549000484e+00,5.731020937197422782e+00,6.797891010007237611e-01,-1.138111984868889648e+00,-3.162393228893300545e+00
-2.652888638435462187e+00,-2.051258854589724123e+00,-2.689373945089626794e+00,-2.048674678007291750e+00,3.606450094340508894e+00,3.049616994926664049e+00,4.443179283722455075e+00,3.413911823723809746e-01,-1.353574881924748841e+00,2.900650263776667792e+00
2.882591168077932142e+00,2.387380112265418575e+00,3.371655028425726286e-01,2.814956279971402076e+00,-3.885106499489620724e+00,-2.180287105235497958e+00,2.319325523426301883e-01,-2.876214389759742751e+00,-2.413549983262313070e+00,1.716119968605696045e+00
3.344493185718919293e+00,2.423350308517820295e+00,1.365646630465075617e+00,1.647324132090630666e+00,-3.976274522512096787e+00,-2.193930693512244456e+00,4.771037647270692794e+00,7.618379260465157898e-01,-9.938112067315647558e-01,-1.828186507874273614e+00
7.978819896252272059e+00,3.324859712865879224e+00,-7.807881509671847908e-01,2.475475986959500663e+00,-4.393887437484873537e+00,-2.271461230829621591e+00,1.212785637557277640e+00,-1.097168775329206536e+00,-2.170778867185432226e+00,-3.290612854555711841e+00
-5.251484487431012482e+00,-1.972840296791881443e+00,-3.195830680419680103e+00,-2.081239631770154030e+00,4.438821086851278963e+00,3.451978459021110890e+00,6.786738794898269367e-01,2.563876269390116036e+00,2.160339008065257804e+00,2.383189464672637925e+00
2.954040175613334096e+00,3.258000141848000908e+00,-1.576401749419955589e+00,2.048321016183336507e+00,-4.090375493055777412e+00,-2.227195554241153896e+00,1.014310154264556507e+00,2.252945380898196959e+00,1.969523788527083985e+00,-2.772823880234609462e+00
1.516583000792006031e+00,4.653602790254010024e-01,-1.756780573611705698e+00,-7.027777213187752503e-01,-1.418025389562684424e+00,1.257332305285541851e+00,2.314908762327429148e+00,1.607923254925087697e+00,1.288781083893966839e+00,-8.168957272737920050e-01
7.542843960192648467e+00,3.083376629199618968e+00,-1.917700695760444773e+00,2.227592719095344620e+00,-4.320299905488488967e+00,-2.261064685909036420e+00,1.262921762120029268e+00,-1.129944995550906661e+00,-2.208828596725755489e+00,-3.249942356010876665e+00
-1.085463146748917751e+00,-2.805604918033061335e+00,-1.712376503769202252e+00,-2.241002172120796665e+00,9.613673721565264563e-01,2.330049298398837454e+00,4.810412580731071031e-01,-2.115842113335511421e+00,-2.347872542989673850e+00,2.869334485659195799e+00
1.330362985827639566e+00,3.231222295090190322e+00,-3.469012003040472081e+00,2.130443779889259481e+00,-3.981297906236023643e+00,-2.190616153400096966e+00,4.017284831968488845e+00,2.026901823038715911e-01,-1.687479416707959867e+00,7.963216204641048179e-01
1.391768085982123759e+00,-8.450489914063554764e-01,3.272504467778427184e+00,-1.679897019097108979e+00,3.323159813445440980e-01,2.518811689088920058e+00,3.150638498339953797e-01,-2.958565251800256313e+00,-2.420526337337344902e+00,2.339824063194899217e+00
-5.001598158899693836e+00,-2.706501648372203306e+00,1.243691346324331093e+00,-2.181770604197827090e+00,6.299340683434357047e+00,4.243470990216559713e+00,2.960033168144950988e-01,2.120520867872874859e+00,2.510342999319296275e+00,-2.673916179520179348e-01
1.237515767069639949e+00,-3.154726557412946164e+00,2.573525436011337320e+00,-2.303880089036080214e+00,1.755909772165511751e-01,2.892145771480356675e+00,2.507389601492944653e+00,-4.894325662038228053e-01,-2.021614758255336763e+00,-2.702256914933084175e+00
-1.421940758671938809e+00,-2.134221903529579301e+00,-3.397969524450100476e+00,-2.069558569305031792e+00,1.700331570472830123e+00,2.554525655759718017e+00,4.572345081875756612e-01,-2.147487209144005593e+00,-2.331961654354705260e+00,7.786769989994564156e-01
4.242412677056785597e+00,2.450455960138699041e+00,1.915526815586301446e+00,2.762428502110036987e+00,-4.040543289250370762e+00,-2.217172107079957488e+00,6.605672341868910058e-01,2.693000813071545707e+00,2.243605125030006864e+00,-2.047644005612943463e+00
1.554509999118586006e+00,-5.378849767041860019e-02,-1.477922016404783712e+00,-1.226625496452703690e+00,-4.754254752598866540e-01,1.906040764227097561e+00,3.937502275237436677e+00,1.265212280220395336e+00,7.704052659022999627e-01,-9.852119967582462223e-01
2.346358775148903675e+00,3.363062727481690217e+00,-2.896530157152426010e+00,2.231370977841736547e+00,-4.117780668061934435e+00,-2.227285526905237401e+00,1.193771185458461170e+00,-1.060468823499868041e+00,-2.186352023581576987e+00,2.033244052767413379e-01
2.452841965997849094e+00,1.113248721257802387e+00,2.650492001111871332e+00,7.375266687881045780e-01,-2.870977684368992477e+00,-1.901043856209440053e+00,2.839325726167035047e+00,-4.081116211926612003e-01,-1.969470548164962365e+00,3.348021739019095833e-01
6.125541068865361538e+00,-1.592888368013253064e+00,1.274429330203326494e+00,-1.901825542071727604e+00,-5.825729426457537663e-02,3.571529110200311052e+00,2.036037089314678972e-01,-3.245703496583632663e+00,-2.439102065417879217e+00,-2.842188903301977376e+00
2.517694128266395825e+00,1.018138418629542130e+00,3.278535556153456376e+00,3.264544402173051307e-01,-2.735136002357297702e+00,-1.764857522859048400e+00,3.970693537481246871e-01,2.034135988467669520e+00,2.388903114683595952e+00,-2.617622852258327804e+00
-3.369228380434730052e+00,-1.804980452087487253e+00,-4.590725547694334274e-01,-1.958281869061276437e+00,6.381397889376442478e+00,2.943114630490320405e+00,4.385602903504285166e+00,9.993945604110594516e-01,5.575429223356609398e-02,2.422101017501389286e+00
2.829831277281754431e+00,1.000575818686025187e+00,8.473709761828702725e-01,9.669034687063711164e-01,-2.755965170079387239e+00,-1.713278692318378038e+00,7.552556271787792541e-01,-1.423712855215989670e+00,-2.188110979617736707e+00,6.573369391482550839e-01
-2.063672815423116980e+00,-2.719003670575669496e+00,5.865662333325936117e-01,-2.223347982608899986e+00,4.637767306507605269e+00,3.531667324118865636e+00,8.054240367175138360e-01,2.274413685592294065e+00,2.010472913706032649e+00,-2.085182207859614500e+00
1.009908433463774902e+00,-1.023035535202161395e+00,8.827399402877249557e-01,-1.606398789674647665e+00,9.867697676390911887e-01,2.244554460620316494e+00,5.495143608836019489e-01,-2.000206511473256121e+00,-2.314965179555076968e+00,3.102934008636429652e+00
1.562873480322355624e+00,2.164880558747004358e-01,2.587742955336673312e+00,-8.891794114403986926e-01,-1.186214597001661541e+00,2.230175840534319054e+00,7.937095877338840033e-01,2.224536849044817188e+00,2.114006998857119068e+00,-1.944207026431820751e+00
-6.057954092998234508e+00,-3.490508945015271536e+00,3.232297998067654277e+00,-2.350745956344527432e+00,5.444221777145573427e+00,3.352126906401052597e+00,5.925452069557668455e-01,2.928626443072205099e+00,2.451877146319299428e+00,1.801338742638944446e+00
5.675153608012548645e+00,2.761373488105136609e-01,1.255061242431186663e+00,-7.779427308937647556e-01,-1.136926790118134134e+00,1.776084102924742503e+00,4.631037667836738869e+00,9.437995699047823095e-01,-4.614957531461719165e-01,-2.385769416265967724e+00
-5.115890587562941239e-01,-9.923698882291933643e-01,-1.762886646589555628e+00,-1.751254044443304014e+00,5.435108348213917306e-01,2.696662069319313293e+00,4.312024185818333244e+00,8.391319217177972689e-01,-9.215340325289561596e-01,1.330923036850579777e+00
1.997051686252980573e+00,1.246567205295003866e-01,2.593213925361968819e+00,-1.008410148734555589e+00,-8.301687938218196283e-01,2.030190670889505888e+00,4.598807623382792364e-01,-2.070877954416436850e+00,-2.347494146286239758e+00,3.221288181759220492e+00
-5.131653424902227201e+00,-2.004008561742313788e+00,-2.098388804331842827e+00,-2.036170933135676542e+00,5.086523894064907125e+00,2.726950254070493074e+00,4.573848090693795054e-01,3.110197926738494267e+00,2.471432831168376865e+00,-2.045994290752028988e-02
-1.262504288496122840e+00,2.861757417055648567e+00,-2.016358165363145716e-01,2.912380725268214565e+00,-2.561855918785018282e+00,-1.705668443699922987e+00,2.451978016808089578e-01,3.158246368044398622e+00,3.023918062549796559e+00,-2.694386931160654974e-01
1.080677736142383161e+00,2.409602725429108361e+00,3.308368351275993824e+00,2.851656953510565806e+00,-3.719825919865280550e+00,-2.158308457813981729e+00,4.410642960451517602e+00,4.721285708143407867e-01,-1.256145751053102444e+00,1.152482236303492336e+00
-5.457768308723125905e+00,-1.786405072067043243e+00,-2.175879046214745927e-01,-1.996794323275813188e+00,6.600786789586802428e+00,3.797048807235120726e+00,1.725824755250022491e-01,3.483724991598721843e+00,3.577670972229292978e+00,3.065284609416181638e+00
3.426925066457071622e+00,2.875294069569274136e+00,1.570014407108927479e+00,2.223283354577285653e+00,-4.051283628204174647e+00,-2.212720403253479518e+00,2.463194429776545402e-01,-3.284173977545019607e+00,-2.443405620105054243e+00,2.698219926715264450e+00
1.564287251131921685e+00,2.234834352264543078e+00,-2.832428369023129999e+00,1.867728100256583978e+00,-3.602381487388827352e+00,-2.131802865521614798e+00,4.844121330688468952e+00,8.530807419047059525e-01,-8.848973776438426864e-01,2.325382399472148975e+00
3.530604955503404252e+00,-9.083389296895765241e-01,1.286376996898926706e+00,-1.759333118778043437e+00,-1.397518906274032302e-01,2.720925251872175377e+00,9.426891393375754769e-01,1.328267795520347683e+00,1.669481599721351905e+00,-2.114792318434052909e+00
5.393320173478805657e+00,-6.165856737569472834e-01,-3.232983525691052407e+00,-1.559748567449143586e+00,-7.732272718795129007e-01,2.156689321472869736e+00,4.356092894921156922e-01,-2.193361756968757792e+00,-2.350629946579796847e+00,-2.056768626088794516e+00
-6.847823229582495896e-01,3.433002964011834024e+00,2.412123841584408623e+00,2.504503460110853563e+00,-3.272827996198973910e+00,-2.038286801421197225e+00,4.511025363642947594e-01,2.488603965845903154e+00,2.393741802443687394e+00,1.837808543694362307e+00
9.004525650772783330e-01,-2.537305075636715479e+00,2.715694227969494889e+00,-2.210438370816985909e+00,1.422951978429332964e+00,2.264269018229612573e+00,4.833878184737990580e+00,6.356735282029131184e-01,-1.174555372034312262e+00,-2.385480403027409935e+00
-3.048215212752714010e-02,-2.400345714944604136e+00,-2.560257223628951806e+00,-2.145967274541868974e+00,6.231064796641310188e-01,2.218283477942862625e+00,3.793252266404475437e-01,-2.320328516210338421e+00,-2.359501543382905187e+00,1.972661946353647444e+00
-7.025037198890289325e-01,-2.642850357504171743e+00,3.303849990897162137e+00,-2.185300461739903000e+00,9.724772043652666342e-01,3.519694958845053456e+00,8.327179873118827347e-01,-1.408257045197383484e+00,-2.248073703542171398e+00,3.167559988437253615e+00
-9.665897226969203393e-01,-2.796657941239253820e+00,-1.695711277279738916e+00,-2.217349185873840778e+00,1.943804299437898786e+00,2.703192279504259776e+00,4.283906783183382139e+00,1.258062849845289044e+00,5.929245780721663639e-01,-2.573815238403227568e+00
8.091826171455384298e+00,1.717094439601612343e+00,-1.870058842323696791e+00,1.267988712844136723e+00,-3.512305079190529256e+00,-2.094781586302052023e+00,2.047808146369414217e-01,-3.487432212920370311e+00,-2.456152309769470854e+00,-3.186045138916569819e+00
4.906217640552425152e+00,1.106537021231534190e+00,3.148304965185255710e+00,1.268940345427390870e+00,-2.944831756657558586e+00,-1.875112645898770580e+00,1.115817214831212434e+00,-1.147208169822880652e+00,-2.209920248752227590e+00,6.619170708613131282e-01
-1.988203287109000739e+00,-1.081160036239410260e-01,-7.669186730411903241e-01,-1.281251344211213894e+00,1.996645980703231071e+00,2.512252006108272706e+00,9.853109724194941688e-01,2.125231328208447401e+00,1.870487142189829255e+00,3.261965208900742930e+00
-9.660165919824990066e-01,-7.150651034899411229e-01,1.726920090618610182e+00,-1.437860997965669352e+00,9.125847605790915473e-01,2.858851393298116772e+00,6.393913683058309871e-01,2.509667167462592552e+00,2.415358656850931318e+00,-2.387904256144826043e-01
5.880694727846228709e+00,-4.777065116199379347e-01,1.484673878240257316e+00,-1.490119663565699248e+00,-6.829920615498809022e-01,1.783599456875107236e+00,3.802422569788314610e-01,-2.748175224319168830e+00,-2.409255597467296006e+00,-1.950253034576843625e+00
2.468963927829782357e+00,2.577712061706802338e+00,-8.059742248346566384e-01,1.771038374593112863e+00,-3.865689532890504321e+00,-2.149802952628167674e+00,3.893991221651196710e+00,-1.090245592930836338e-01,-1.844430968397032133e+00,2.756206628013059046e+00
-8.342793059652799936e-01,1.707786434453980817e+00,1.021276914274166003e+00,1.332574518133086139e+00,-2.587079815116825721e+00,-1.589261218457556746e+00,3.117791158292728126e-01,3.342339430435710135e+00,2.879053059958881278e+00,-9.787822732572184492e-01
-1.561679585633348299e+00,8.047485961982037139e-02,-1.089752230258582699e+00,-1.040942466746241024e+00,1.659925426330948639e+00,2.702000414336878098e+00,9.193596583300637226e-01,1.750926770377855490e+00,1.847049295666193913e+00,1.806329786654189640e+00
8.134817933572455195e-02,1.718977571532350979e+00,-2.150188244026989715e+00,1.610699976776400089e+00,-3.104250778044000736e+00,-1.889158027284571606e+00,4.071418032731388692e+00,1.069475058491025088e+00,-4.030445916928027117e-02,-4.148205656121399798e-01
3.843881697383519924e+00,-2.093123838910656787e+00,1.527150062795392671e+00,-2.034383490892705204e+00,-3.166682836680746460e-01,1.844528681654445057e+00,7.328960676871592028e-01,-1.568089153737483699e+00,-2.284364627764510214e+00,-2.424989726509494403e+00
6.413624628289634977e+00,3.450938432734432126e+00,2.949020106043212408e+00,2.806341390754452547e+00,-4.371712222517417423e+00,-2.267715100705212095e+00,4.714009318742983790e-01,-2.242917355936022705e+00,-2.363592489976858779e+00,-2.995324964555930336e+00
2.676917468456661453e+00,-6.364325358956364198e-01,-1.401969883035067088e+00,-1.399707342929518372e+00,4.203930470619599014e-02,3.207758276370353823e+00,1.020940912259014288e+00,-1.177322423723047962e+00,-2.219684178902888050e+00,-7.275050447732400727e-01
5.519956804724629684e+00,1.201067812241880972e+00,6.380084029679906621e-01,1.105555013844256695e+00,-3.193907806952824391e+00,-2.026618913968174951e+00,4.085743291057103654e+00,1.427562770835999473e-01,-1.688997410231290797e+00,-1.902245269572481856e+00
-4.101157203174779831e+00,-1.481075972300376353e+00,-2.974478890563555300e+00,-1.872590767306065329e+00,5.236762935689195153e+00,4.274815575759348008e+00,1.968157669025526468e-01,2.217838892866957679e+00,2.884501141130538571e+00,2.504467525345056345e+00
-9.545282870240421325e-01,1.773723654688749818e+00,-2.670068496849924866e+00,1.501675816176081479e+00,-1.931236230857313885e+00,-9.854549806131355227e-01,2.750893804359199057e-01,2.279726547147642002e+00,2.837489702491698296e+00,6.386173594684700916e-01
1.627122746003416998e+00,3.852818425326147711e-01,2.490783909827300135e+00,-6.802239362067947770e-01,-2.449649114409635509e-02,3.122482671433561841e+00,3.321185213854554341e+00,1.224930096163269866e+00,8.850290731285743728e-01,-9.690013234422050203e-01
-1.537423267000795235e+00,-1.117436900653332899e+00,-7.840116993297385761e-01,-1.739430800972877389e+00,2.611862346663066603e+00,4.002649889420545115e+00,3.286725382931391937e-01,3.216692534610469778e+00,2.862283140486852506e+00,-1.343594755013556519e+00
2.115224305094773882e+00,-2.954901561162051049e+00,-7.810824466222374696e-01,-2.273983498639784884e+00,1.543434725027718057e-01,2.260977648328567291e+00,3.738542974296743981e+00,1.666925317677865337e-01,-1.577510921064558813e+00,-1.776998056972930673e+00
-3.074971680614065228e+00,-3.096930616502761247e+00,-1.397996352274519349e+00,-2.278361006808378608e+00,4.735771831258374753e+00,2.994976254847527386e+00,4.155831887580696993e+00,2.750166337192458954e-01,-1.643728532383025520e+00,2.368048973439378813e+00
-2.066892935971073597e-01,-1.458699735362369410e+00,2.250571123494587766e+00,-1.884952796775299255e+00,2.037289170458124854e+00,2.753110824845628635e+00,5.502243794796031207e-01,-1.805520089599903510e+00,-2.312052690230731677e+00,2.178528977399940558e-01
-1.508955975071541111e+00,-1.787226499236882482e+00,-2.784795946464551086e-01,-2.023439993192375219e+00,1.527328181214668179e+00,3.119440525738441217e+00,1.176252800186089686e+00,-1.125474332878885431e+00,-2.212096103534280545e+00,3.147292374033712647e+00
-1.199210079687542674e+00,2.071389628762659640e+00,-2.510069319910769092e+00,1.549355430702720859e+00,-2.400895546750112519e+00,-1.506040754443449536e+00,4.043724824024630959e-01,1.867184716654528565e+00,2.412376273181611630e+00,1.910576598065330423e+00
-6.014331608695149711e+00,-3.494533748016438679e+00,-2.027861073545564885e-01,-2.351262162081000362e+00,5.254122293440103064e+00,2.796584382948182679e+00,2.112164793938750562e-01,2.882700676647386828e+00,3.223354175217891360e+00,1.688290323646358004e+00
-1.601849304262763063e+00,3.426166750744648049e+00,-3.316898374142749795e+00,2.977327660020053113e+00,-2.244543530987401780e+00,-1.445939397078589428e+00,6.203554368512961270e-01,2.862722036924206570e+00,2.418046989612157915e+00,1.684252278602594188e+00
1.288299281179617317e+01,2.596650305624333299e+00,-1.594223805120446702e+00,1.894902968326442894e+00,-4.238000356887830833e+00,-2.249407850164753864e+00,4.108749528015794850e-01,-2.630342855022401505e+00,-2.381271906305955532e+00,-3.278830152801305964e+00
7.772674392461803805e+00,3.258705187909708201e+00,2.895361520505838726e+00,2.757034226574815783e+00,-4.376613587174210451e+00,-2.268737260938072264e+00,3.468511828211791048e-01,-2.357661041510943356e+00,-2.363864243351585515e+00,-2.301050949638354659e+00
2.446939695978681328e+00,1.432317169775529919e-01,-3.264250208537350595e+00,-9.839383105839627497e-01,-3.466487427134726795e-01,3.356459802487152366e+00,5.105206556092488634e-01,-2.060065808058691772e+00,-2.316875258596553078e+00,1.292204405942904089e+00
2.825426224640379402e+00,1.756534041133925861e+00,2.600703876837435757e+00,1.414349102330668018e+00,-3.597900364008133067e+00,-2.126100199678772729e+00,3.982372645005616274e-01,-2.569587659069854979e+00,-2.396441837035262257e+00,-7.524525973620690422e-01
-1.717390764053269514e+00,-2.599033530668340308e+00,1.249876734949644685e+00,-2.189233201024923137e+00,2.836376545585895137e+00,3.347560606977007858e+00,6.755596863953969855e-01,-1.559413089787338169e+00,-2.279484778976096138e+00,2.020788860547675370e+00
4.301811033294287157e+00,2.927283103449751955e+00,1.017797779404065572e+00,2.106224745844920143e+00,-4.167559328956566667e+00,-2.234942526576746413e+00,6.674630958238921830e-01,-1.705246211140143631e+00,-2.273994967732936523e+00,2.899508023252162836e+00
2.475216947188974892e+00,-1.459193704701889693e+00,-1.904988800104377766e+00,-1.933841409852937510e+00,2.183628891630386981e-01,4.020918936334254568e+00,3.995969984872323355e+00,-1.984803319674783850e-01,-1.907779599488689026e+00,-2.138849844609636008e+00
1.386702173287960305e+00,-2.699665167349703410e+00,8.623983608583216665e-01,-2.220196586447487519e+00,2.413894721541126609e-02,2.850721355027382664e+00,4.173994868918880385e+00,-3.047518528747872324e-02,-1.859067360088425547e+00,-3.299466779946611972e+00
6.094417526374250826e+00,1.045089842008718684e+00,1.778676295420807740e+00,7.296228985677142287e-01,-2.731054773930561286e+00,-1.821441609420317631e+00,1.058540568011561378e+00,-1.193369704339218629e+00,-2.163854938841770270e+00,-2.580403138066262869e+00
2.715636804230564749e+00,1.771458816656673818e+00,9.980258623539040030e-01,1.522425222138350964e+00,-3.201384515407966092e+00,-1.955744605849210505e+00,5.916013830314946487e-02,2.484687359750876290e+00,3.506290219220551840e+00,-2.384922777304541164e+00
1.953842751956399226e+00,6.967255428982515042e-01,2.006222499776007417e+00,-9.538679643074526870e-02,-1.925445777619206877e+00,-1.011735895979144484e+00,3.247047333118467272e+00,-2.924819442289798843e-01,-1.956050932200535053e+00,2.670709021115700743e+00
-2.806754929948653388e+00,-3.197036591351119394e+00,6.164595918248094719e-02,-2.303998580457332856e+00,3.740057294815675171e+00,4.161203010116747869e+00,4.913486804530633911e+00,-4.771088798678224663e-02,-1.884375281233687138e+00,1.992291568313546257e+00
5.105134636322585351e+00,2.398259520323678728e+00,1.288710416465061570e+00,2.691034037043355198e+00,-3.990865927758683984e+00,-2.192016399201826005e+00,4.226816459522054537e+00,8.455278865954207745e-01,-7.355051275324759885e-01,-3.346835921964492755e+00
1.355035819642780026e-01,1.985017191516088353e+00,-2.389647518500547019e+00,2.146391559240242497e+00,-3.044861029876784642e+00,-1.903145406992586608e+00,4.707986613093006478e-01,2.059993720481278601e+00,2.270959458959771027e+00,-1.206863753542431805e+00
4.861167304541937462e+00,2.123366967444724196e-01,2.195485160910435773e+00,-9.609032647414574857e-01,-1.172418460208168645e+00,1.089239529573686749e+00,3.405017956327267115e+00,1.364728796637149522e+00,9.356886631128522591e-01,-3.317026470759040890e+00
-2.082244506544852936e+00,-7.889591193356997323e-01,-1.013022410902153059e+00,-1.691235659628917087e+00,3.876314895839926500e+00,2.765868352930790586e+00,7.514592526227843738e-02,2.683726540569681518e+00,3.604672626752952524e+00,-1.748678023660663605e-01
4.061483593897049715e+00,5.107647670439945387e-01,-3.274341252314647122e+00,-4.075561331014903033e-01,-4.703849371972430582e-01,3.836641194198923799e+00,2.085817672795459710e-01,-3.049161014553596782e+00,-2.421006856299311671e+00,2.392392806747682066e+00
-4.086216882816989582e+00,-1.535871272172437685e+00,-1.806748094079216216e+00,-1.975594317285050305e+00,4.185884409169230658e+00,2.683030894900549690e+00,1.438146232810836589e-01,3.103796354097484667e+00,3.695916128137648471e+00,-3.823435371483503431e-01
1.155298473596406250e+00,-3.437396492166291395e-01,2.783522683349691107e+00,-1.292854981428379180e+00,-4.491993660818870970e-01,2.038693864390035415e+00,1.056643413449161573e+00,-1.263049697405921989e+00,-2.204152791725524807e+00,2.433566780007159203e+00
2.133841875710836611e+00,-2.312675192424811232e+00,7.351165352465702796e-01,-2.154184841478238521e+00,2.286233706052064885e-01,2.377193610805718116e+00,1.136012866355317952e+00,-1.391716141963614817e+00,-2.263937249464959667e+00,-2.536687868065344631e+00
4.831221368389714499e+00,-1.351383480554137151e+00,1.327243682429052996e+00,-1.898594884319212417e+00,-9.429335692812967906e-02,1.985603184915394781e+00,1.436573977089820042e+00,-9.747992158125322604e-01,-2.101597439015719715e+00,-3.228375505218615160e+00
1.679685864523302818e+00,2.033530373968294391e+00,-3.822534222714777385e-01,1.907475047334089790e+00,-3.627916175748326033e+00,-2.141078990909736746e+00,2.156715509791708563e+00,1.510430988056663537e+00,1.322200525194327403e+00,-1.334391928616472711e+00
3.545525252521017023e+00,1.548918900076090566e+00,2.279900633152569966e+00,1.435528022273747206e+00,-3.500672584711242319e+00,-2.102203837623111582e+00,1.543314649859574894e+00,-8.111095855987584535e-01,-2.065483840174590746e+00,1.875650397115472323e+00
1.632060905594080014e+00,-6.224693458247454458e-02,-3.470102951884975973e+00,-1.266732352443951104e+00,-8.919113603197081908e-01,2.589861445752019709e+00,1.089435548015316835e+00,-1.199163973091907032e+00,-2.221304006245480966e+00,1.644385735188004460e+00
5.599237875711842172e-01,-7.413783412939842776e-01,1.817578370923237152e+00,-1.565382752741652395e+00,4.772919091668872404e-01,3.461201573971087964e+00,7.120112064349812808e-01,3.028328345046931602e+00,2.254941872267238523e+00,-2.053435056494261168e+00
2.257637891383955431e+00,1.429855905498992108e+00,-2.156220635285643450e+00,8.603734872721834348e-01,-3.046527140343918472e+00,-1.900026066417511483e+00,3.283713577783694548e-01,3.450390308246719329e+00,2.955034113211477909e+00,-1.909521668974452968e+00
-1.118089436303757456e+00,2.961793315727829778e+00,-3.267599007899316899e+00,1.914391246611751862e+00,-2.591410682028691514e+00,-1.740588941057896077e+00,2.832813196505949982e-01,2.723112961714915237e+00,2.804451754457974566e+00,1.157818785726739463e+00
1.903282426314127473e+00,-2.280714625031459164e-01,-3.121003986777693751e+00,-1.084388599366015837e+00,-7.545460919256912202e-01,2.262476331418437070e+00,5.445411006410438848e-01,-1.894814826121407947e+00,-2.310974265045683484e+00,2.086309750182066658e+00
-2.503274805112225110e+00,-6.127318334263724964e-01,3.490468575576259447e+00,-1.438175450751962181e+00,3.178819293871505636e+00,3.206413769018961801e+00,3.708048966937891322e-01,3.421269375354822451e+00,2.732107534095835177e+00,2.554722931245231976e+00
-5.091733125323676390e+00,-1.589752393480545534e+00,-2.431661900248516694e+00,-1.976497343538177187e+00,4.866143723584460012e+00,3.275471390845603459e+00,6.313716942857526826e-01,3.322897540999321109e+00,2.283875899265042086e+00,2.719521004974420286e+00
7.901478524702904238e+00,-4.097833598156919166e-01,2.277262622967145766e+00,-1.487766150574941770e+00,3.241606319737067032e-02,2.200765566393960260e+00,2.068728137187008098e-01,-3.016167341772087340e+00,-2.422392580965662123e+00,-2.078957351824306965e+00
4.701488962748585188e+00,3.330158301492690320e+00,7.219682015810588993e-01,2.204151110350568654e+00,-4.246828007834897889e+00,-2.249974305074519787e+00,1.643516877225319195e-01,-3.458530282744366691e+00,-2.454620943266395905e+00,2.803870741794977306e+00
4.360689949134108900e+00,-1.373535467934334786e+00,-1.730072590483566763e-01,-1.832827854677149038e+00,-3.986183325253735421e-01,1.925813960831852523e+00,2.469634791665699103e-01,-2.841104394116956922e+00,-2.407561281946832388e+00,-1.829332978997467052e+00
3.121518804067912267e+00,2.667260663843769031e+00,-2.114381153143240155e+00,2.950529126961379589e+00,-3.824458882610259902e+00,-2.173340784034845985e+00,2.413343934342639108e-01,-2.958097937645023379e+00,-2.414689331617151158e+00,2.099027024034854527e+00
-1.949374985193268461e+00,-1.297914454993789768e+00,2.087869506030386901e+00,-1.797385957021432334e+00,2.721305849954283929e+00,3.291537558163253330e+00,3.086222423475612597e+00,1.306690867369124653e+00,1.043940858333293864e+00,-4.164685071204266009e-01
-1.036485686505420167e+00,-3.224737249150988472e+00,3.833279599429948448e-01,-2.312030800427166355e+00,2.551744231035264932e+00,2.780564123413038047e+00,1.252656557633242462e+00,1.636795144727211770e+00,1.680653855882571435e+00,-1.755373103822587488e+00
2.481554521630186194e+00,1.179063048750148113e+00,-2.738814098945346664e+00,7.025548342421584769e-01,-2.836043345400728999e+00,-1.856497188082784522e+00,2.795718785532527395e+00,-4.416073151521655582e-01,-1.994250322576242018e+00,1.146321978907534067e+00
2.056641478183826699e+00,2.469694808249871976e+00,-2.910895942040477635e+00,1.951277283713540367e+00,-3.881532295275758049e+00,-2.188551797040890090e+00,4.803039769643614676e+00,2.256778806958803507e-01,-1.649328080712741285e+00,-5.192572105061343812e-01
-1.007568631519713653e+00,2.323659799095614709e+00,3.220711669380938780e+00,2.329827362227971044e+00,-2.614928496639619571e+00,-1.726438582468266869e+00,6.347579147151104495e-01,2.397312883014684814e+00,2.171670836895005063e+00,2.817032747234159196e+00
-1.144898891269920282e+00,-1.982266273210508079e+00,3.493059093109227575e-01,-2.074294885144645662e+00,2.740171906609330854e+00,3.868937985388059442e+00,3.785278141788301909e+00,-9.965261440520256642e-02,-1.857671567365967169e+00,1.661908973073545681e+00
5.374774061938116354e+00,-2.059545322921518817e-02,-2.450848085001418930e+00,-1.073953136516828000e+00,-1.216449747938654014e+00,1.675102279094359048e+00,3.095059165226535791e-01,-2.553621484767188754e+00,-2.384564769339465151e+00,-2.184138001012214225e+00
5.918662702670232534e+00,-1.233952921750674392e+00,3.436021264651062168e+00,-1.725285876632194793e+00,-7.321619669490402327e-01,1.595236255981148155e+00,3.897041201342000161e+00,3.377807269869141926e-01,-1.365263423189138070e+00,-2.467198431811156389e+00
-5.982395478491032037e+00,-3.114460961925016314e+00,-9.155719043041470329e-01,-2.299437179417416655e+00,6.032668529446699068e+00,3.730847706948412057e+00,1.635177705145169358e-01,2.904700641267018213e+00,3.371565522577021135e+00,2.105698257861005729e+00
1.541753489491914930e+00,1.273574447103786866e+00,1.532159472197633932e-01,1.250442041772490631e+00,-2.771226288979244945e+00,-1.801412155126928205e+00,3.381879354133314752e-01,2.844029439531247760e+00,2.696719948271760536e+00,-1.204918532050000657e+00
-9.391569228157763405e-01,4.072287281948612225e-01,-3.185571940768924026e+00,-5.957376257950018905e-01,3.330871008489014740e-01,2.217674709369830133e+00,2.966073460103047510e-01,2.328702202846868019e+00,2.748712453419243751e+00,9.805096494988578826e-01
3.192355683064855842e+00,2.778062267181836908e+00,-2.867087471234754936e-01,2.912418420489314652e+00,-3.999654654628019390e+00,-2.207318636941406620e+00,7.513713361431055837e-01,-1.614430977390768795e+00,-2.285575972210368789e+00,1.599533191688191636e+00
1.011349077498237037e+01,2.432818620304848523e+00,2.486569461199996667e+00,1.916147423105024394e+00,-4.163611469351549133e+00,-2.234548778570385696e+00,8.562811227038192863e-01,-1.371082555947362280e+00,-2.248831824232850884e+00,-3.056032362791162527e+00
-1.605180630555963273e+00,-1.642235214918862596e+00,-1.337898538640772461e+00,-1.903773906598950516e+00,2.991333054625123555e+00,2.604340462415147606e+00,3.229430152621445282e-01,3.117086716123802503e+00,3.085949854346900167e+00,-1.777195777275516697e+00
-8.107288590044074983e-01,7.525473032868212897e-01,4.465307962179765333e-01,-1.235364679827613554e-01,-5.973743301512666193e-01,2.496956639205039075e+00,3.515332474235784432e-01,1.619447901886828411e+00,2.299299492617758567e+00,1.109066618433413254e+00
4.594217242951536662e+00,2.343921770063658094e+00,1.766069758210675467e-01,1.844783753566224149e+00,-3.999145033532558013e+00,-2.204900616005501135e+00,2.263913713348555679e-01,-2.904119339215398554e+00,-2.418420561870446406e+00,-5.917118664908458392e-01
-1.004207929234469443e+00,-2.468162593370912372e+00,-2.271534753898738046e+00,-2.188543547013897861e+00,1.522660900123568473e+00,2.883068565687621820e+00,6.037441526817552973e-01,1.781388876455696213e+00,1.982810774139833532e+00,-3.336759331607454193e+00
2.513167165517981694e+00,2.009335788122944777e+00,3.050981226070629049e+00,2.087435307733128020e+00,-3.603910744712835790e+00,-2.109304717308424504e+00,5.522196481431828063e-01,-2.407525771545394822e+00,-2.376877328346302498e+00,4.416235416217499932e-01
-9.357995382592687594e-01,1.037665611762497164e-01,1.705975657659172029e+00,-7.097696200205729777e-01,-1.147079062313299813e-02,3.278008455422849021e+00,2.290634989801737520e-01,1.660787583507717713e+00,2.479380287739283872e+00,7.008433977466701492e-01
3.843574838040470176e+00,4.539997240502913201e-01,-1.188484435683353713e+00,-7.429358509704404590e-01,-1.023510552102720350e+00,1.882669481876905415e+00,4.967543040936588383e-01,-2.075558829562750063e+00,-2.324579220935715451e+00,7.333098417800796298e-01
2.834790050100435277e+00,-2.665985690565987554e+00,-2.985289311890944486e+00,-2.209856100957408476e+00,-2.013558436055937206e-01,3.072062791595474351e+00,5.582044365253795437e-01,-1.993403148931953695e+00,-2.330606782977312275e+00,-2.802273925596039383e+00
-1.463347539931897368e+00,-3.359568951096464140e+00,-2.048820089896584928e+00,-2.333646801268221438e+00,2.704216171397943569e+00,2.462164932050518562e+00,6.598719609290232269e-01,1.990437433240468401e+00,2.050161161882690486e+00,-2.493851074736004758e+00
1.584666650445790470e+00,8.128539014716702482e-01,-1.075339619505012223e+00,-9.190280211928862630e-02,-2.211263871818516247e+00,-1.257663106123080299e+00,4.491611463469030952e+00,9.471436952998422143e-01,-7.317779463130597017e-01,-1.046923277519268503e+00
8.264791424175933487e-01,-2.813749099111635399e+00,-3.337657846004265849e+00,-2.246129042425454969e+00,1.470649440650341644e+00,2.474025166753579974e+00,3.809774937183382448e+00,-3.115646560323703795e-03,-1.670508538474955618e+00,-1.539836375435252869e+00
2.333779002448353790e+00,1.119007770890004139e+00,-7.851903507658697379e-01,4.752694418725921799e-01,-2.902644256371188725e+00,-1.871149311583720998e+00,5.045656744760527168e+00,4.489627620696357013e-01,-1.529080797718286755e+00,2.288296116539957126e+00
6.499250203844184171e+00,5.164731261172121890e-01,-2.543039694825076857e+00,2.472819584458019193e-02,-1.234507129877413512e+00,1.022941909706053698e+00,4.003995055728959862e+00,9.241599864395055874e-02,-1.753540432336421429e+00,-2.323179029419050412e+00
-2.755990401258251232e+00,-1.842803211220939819e+00,-2.508455950637344056e+00,-2.038023754514371788e+00,4.272423566560584085e+00,3.116446586241441885e+00,4.695253560237035440e-01,3.050351520499366309e+00,2.448149275865872720e+00,-1.458396429687764506e+00
4.029141296307518161e+00,5.062904059895663167e-01,-1.335467784570317118e+00,-6.444286419357928564e-01,-1.201014288630375848e+00,1.469243122428991466e+00,6.801952752656789114e-01,1.260437450805147463e+00,1.873572697633988593e+00,-2.539184713211851907e+00
-2.942444465129611109e-01,2.906832339892669204e+00,-1.942975690817026591e+00,2.000152617967341673e+00,-3.457568951739287577e+00,-2.054290345400697770e+00,3.487818354578636981e+00,1.269881820865968791e+00,9.333150819123534614e-01,2.441418786225916904e+00
-2.095712069039743053e+00,-3.064091131794075551e+00,-1.147196397834006731e+00,-2.287675223415718051e+00,3.834828074771969852e+00,2.773900874773582714e+00,2.600955085739010464e+00,-4.594224478095894071e-01,-2.014892393317367691e+00,1.104937720890310615e+00
-8.010298860717615099e-01,-1.991778408632807196e+00,-5.448458128036706150e-01,-2.071328339837648524e+00,1.747464239301021793e+00,2.307321972708131774e+00,9.219432359277404121e-01,-1.240308611708891284e+00,-2.151105834293543850e+00,-4.473140544907692195e-01
-6.643947254973194827e-01,-1.878103298473796423e+00,2.065980816610449189e+00,-2.062315591712680973e+00,1.542785265176105147e+00,2.293920441001925603e+00,4.400211105608199391e-01,2.553113741514557944e+00,2.497202922434857975e+00,-1.818750388304364307e+00
-4.246839446593890788e-01,2.727590857792785428e+00,-1.049117189197009914e+00,3.353639444885723186e+00,-3.211027362876679891e+00,-1.990849990142078640e+00,4.757318616567745573e-01,3.005490202405309397e+00,2.502890281811856354e+00,2.923761348418616457e+00
3.933332501851842800e+00,-3.096717359387702206e+00,1.844554068836142591e+00,-2.296014536343452317e+00,-2.185911472324967852e-01,2.440497526389194149e+00,5.963073993310290533e-01,-2.007825179286265360e+00,-2.344021572870296222e+00,-2.429532123298808965e+00
4.718086102562621065e+00,1.088507449459743093e+00,-1.149150045843389645e+00,1.591711343387889555e+00,-2.888603991699777662e+00,-1.831850666748623846e+00,4.947223761101106621e-01,-2.032650329216899365e+00,-2.342004239017573486e+00,1.647716929966369648e+00
3.316073963460823393e+00,2.381673098179096115e+00,-2.035461434912130940e+00,2.507174228495971491e+00,-3.962685811546703185e+00,-2.204110895189754782e+00,5.903937637761655921e-01,-2.044775381965134198e+00,-2.306902957974611645e+00,3.545784040814767835e-01
3.298293309248217398e+00,1.066740308790379288e+00,1.709840823322439363e+00,3.903642864732536077e-01,-2.902812944217489033e+00,-1.915155718330743051e+00,4.513628381958620039e+00,-1.119552273070305581e-01,-1.798886993966307690e+00,-8.734585865080788381e-01
9.663628943258018023e-01,2.154165669574163999e+00,-9.671907658477616465e-01,1.940263280220242192e+00,-3.545575861190250588e+00,-2.041633440509090569e+00,5.682170848107449823e-02,2.954144483376839325e+00,3.975926388507872389e+00,-1.556319052899224786e+00
-1.095009086414528987e+00,-1.485674680953822602e+00,2.166598551232205239e+00,-1.779930725265138847e+00,3.833763406419971709e+00,3.376539296232704768e+00,3.449984525233847243e+00,-2.175390274480606401e-01,-1.853985234732121512e+00,-4.724416559945501248e-01
-1.038130909609707997e-01,2.511032099918261373e+00,6.499491393349252633e-01,2.918471966811969409e+00,-3.416536366267394431e+00,-2.073798886765597427e+00,4.036076709362457215e+00,1.287504402548243831e+00,9.691624759038428572e-01,1.178540701024036075e+00
-2.081515376265195005e+00,-2.787641391884134290e+00,1.768279785519212943e+00,-2.241772090654079452e+00,3.841138527785703083e+00,3.545371749860603661e+00,1.095920370998864968e+00,-1.578202486387247028e+00,-2.273134631608555889e+00,1.414923369931020858e+00
-2.638258958430992340e-01,3.461441646969055874e+00,-1.417052348670801099e+00,3.867484818846657291e+00,-3.508521678404034283e+00,-2.075974476867980645e+00,8.708744654357202242e-01,1.711538607197495843e+00,1.879801513296130988e+00,1.108648193749575128e-01
5.477601777205224565e+00,2.171250761765030290e+00,2.668992510625338710e-01,2.009579022280477467e+00,-3.936137621151732269e+00,-2.170123312369081070e+00,2.913825550877802151e-01,-2.592545171878983812e+00,-2.387469374521617116e+00,-1.680102167261646962e+00
-8.970642899172839302e-01,-3.390383570008614011e+00,7.085345015446087302e-01,-2.337109507579536505e+00,1.011097075396766520e+00,2.489529956036393266e+00,8.977678962810704544e-01,-1.451751558979793799e+00,-2.244714150564945498e+00,-5.343150273914685222e-01
-1.533558692957072811e+00,-1.702152078788541578e+00,1.445824939522701413e+00,-1.901469462950290845e+00,3.424637460989737647e+00,3.484176227964730366e+00,4.805526898134604430e+00,3.061202285964172987e-01,-1.302525313522554073e+00,2.963013800407448883e+00
3.292177269267927642e+00,2.529263327662611971e+00,2.532312620013183135e+00,2.582197948907877016e+00,-3.931365252440810920e+00,-2.178025384372031859e+00,1.071790383520509149e+00,-1.135074677281564970e+00,-2.185333290134584328e+00,-5.924384497363677227e-01
-1.293758545653085346e+00,-1.974327716038304814e+00,4.661026206218212842e-01,-2.001197617565782849e+00,1.199006379614462325e+00,2.898737474149208904e+00,5.117015294463199693e-01,3.176800439367711171e+00,2.388110309265929487e+00,-3.171886450511073097e+00
-3.482121528661040522e+00,-2.203136024263101511e+00,-9.257762316830819849e-01,-2.071438918606400392e+00,4.283848216688222799e+00,3.148549903539907824e+00,1.791499860504595365e-01,2.343168689089202950e+00,3.037452675852264861e+00,-1.233589960911966710e+00
-4.353920109417797057e-02,-3.176781754346455600e+00,-5.011277624277696852e-01,-2.309190996015494601e+00,1.654622334556620000e+00,3.200338450171745563e+00,7.605133037655562589e-01,2.267807323256697316e+00,1.932115142625025372e+00,-3.197047448232384514e+00
2.726959267630344463e+00,-2.822047026855900143e+00,2.748680659949272354e+00,-2.222354215951571899e+00,3.860598037797616788e-01,2.515628667384710138e+00,2.674674058865777471e-01,-3.153805874167685097e+00,-2.436351544287756354e+00,-3.458072666208583446e+00
1.633489645510298072e+00,-1.113839309931199395e-01,6.259493998679168669e-01,-1.211074809591894619e+00,-4.585850040453397503e-01,2.714363698511349288e+00,2.598064288453114212e+00,-4.107387837025626709e-01,-2.017950852059843481e+00,-3.733261324841028461e-01
-1.900141367279665205e+00,-3.185485112468748881e+00,-3.356247320531290601e+00,-2.304328343822596104e+00,2.680351826726550701e+00,3.783213478835246946e+00,3.102337139872113347e-01,-2.740369605371737016e+00,-2.401242227759516901e+00,2.919307784460633215e+00
3.890548937458758516e+00,2.758180036425070369e+00,-3.064322897176069205e+00,2.698813809231752181e+00,-4.045518161544287672e+00,-2.220536366438338405e+00,3.872346822064108851e-01,-2.686466799818856721e+00,-2.388377669183136653e+00,-2.797574749155744556e-01
2.731415545305816650e+00,-7.323053983401273115e-01,1.977275791799269378e+00,-1.674444546297638059e+00,2.867065252840079737e-01,2.191566943185344840e+00,1.995132498960319190e+00,-7.004993451115910652e-01,-2.065987805515108189e+00,-7.081130658839986936e-01
6.811854919786927809e+00,-1.768882268971752492e+00,1.262575782997647167e+00,-2.043705705279046381e+00,5.964895681975532771e-01,3.093800972004313365e+00,4.351350379486145670e+00,1.806951658001620942e-02,-1.847760438237048275e+00,-2.053437503416436272e+00
7.840599367072869086e+00,2.256190567227571719e+00,2.277984048552533558e+00,1.985706627282052272e+00,-4.035614635289477725e+00,-2.214994336267526620e+00,3.716118366362157310e+00,-8.470304933422934113e-03,-1.851835296794222208e+00,-2.199721873939311845e+00
6.854827095748332155e+00,2.626242030359167146e+00,1.455243645049055345e+00,1.954243913475945060e+00,-4.165818827326690510e+00,-2.231832964600022784e+00,4.268547892038139224e-01,-2.157891174735376172e+00,-2.337390528824891067e+00,-2.472130756231113669e+00
4.036843869160930964e+00,1.174140154943065895e+00,2.180860171879854370e+00,7.047642107608629303e-01,-2.800701108662679406e+00,-1.823877239856280585e+00,4.345284862479728893e+00,1.289781368145195728e+00,5.885100971323039554e-01,-2.207842189027734214e+00
3.073697937895856658e+00,2.542262393275960264e+00,1.812924217511059588e+00,2.569204914746047397e+00,-3.812302965689575274e+00,-2.173388356512848230e+00,2.006322689007212223e-01,2.619615967702077164e+00,3.072612379447134501e+00,-2.888308817271397100e+00
-1.151318015630873326e+00,-3.266011983879756553e+00,-1.442167084561142065e+00,-2.310108224567794633e+00,2.505131175287795386e+00,2.689334965011652034e+00,3.473252250328877633e-01,2.668698647189436279e+00,2.689571790932315576e+00,-1.826520403937188508e+00
-1.814668491020779761e+00,-2.765549753128826893e+00,-4.391960708626898580e-01,-2.232396668724335953e+00,3.095573568659760966e+00,2.893457649827533729e+00,4.888917449452986119e+00,1.497603337268196277e-01,-1.603703137184781857e+00,-3.194829061572734830e-01
-1.728141467088800676e+00,-1.898933504909692038e+00,1.096179950484668097e+00,-2.042987658728141920e+00,2.487819433799777435e+00,2.986447826672819161e+00,4.949378982191746101e-01,3.093449289990898521e+00,2.446716411973139493e+00,-1.692576500791573846e+00
-5.113733861169723616e-01,1.892241579650657535e+00,-1.301385448678721524e+00,1.273743885363021855e+00,-2.898713035785180026e+00,-1.870465715522150685e+00,3.381653132496213049e-02,2.558849631682527104e+00,3.657943932232410766e+00,-2.092402870272009885e-01
-4.652226469578846668e+00,-2.655022424751577681e+00,1.985073054041746943e+00,-2.219002480648536668e+00,6.016028862726471971e+00,2.631987750614935617e+00,5.270419334986970128e+00,1.118458631340986997e+00,5.676995948371323097e-02,2.509891016152195675e+00
3.636308677685567314e+00,-1.069548151415656179e+00,-1.111902778939171998e+00,-1.752057177002946498e+00,-6.652164228080692521e-01,1.778870157752504344e+00,1.597491779318080396e-01,-3.375783801701091935e+00,-2.449832737102780378e+00,-5.673299258681963053e-01
5.370628950782037059e+00,1.501507619780560354e+00,4.564619280335033835e-01,1.456268348934149248e+00,-3.511961680202014602e+00,-2.114051433069725761e+00,4.246876711853641240e+00,4.235156663648287356e-01,-1.497242874155950920e+00,-2.966078172598395568e+00
3.832949868879055977e+00,1.099070364422375157e+00,1.460159810025480454e+00,1.279076890186427562e+00,-2.845823682219064121e+00,-1.859863196751138315e+00,7.873375082732853025e-01,-1.664750531572256609e+00,-2.289511230622645499e+00,-1.204264087478027268e+00
9.543107069827521105e-01,1.928447986816642867e+00,-2.308399133737386144e+00,1.851500216521497766e+00,-3.232597450939368233e+00,-2.024012591909018610e+00,1.452821955593875669e-01,2.660805163606396739e+00,3.235210031045432366e+00,-9.868196062618119768e-01
4.184968308877068388e-02,-3.154604902624381424e+00,-2.753917819269773304e+00,-2.301622122621342914e+00,6.163011754864313740e-01,3.441860203703961396e+00,2.490765757082394061e-01,-2.818792829021867785e+00,-2.413273585169202651e+00,-9.796349431166628818e-01
4.278091465333014654e+00,3.389693564135594528e+00,-8.399266401695193451e-04,2.907694176557091836e+00,-4.267005500837949050e+00,-2.249019640412768695e+00,2.073536774325118959e+00,-5.555390604842553870e-01,-2.084916150907807353e+00,2.223918447217888783e+00
7.391575897041726684e+00,2.944247846283546188e+00,3.216184783093628319e+00,2.365659301392978975e+00,-4.258503657100290773e+00,-2.249702542468782429e+00,3.927927849947166372e+00,-7.636753074780777695e-02,-1.773910659523770583e+00,-2.966957002757173889e+00
-4.388325946469090688e+00,-1.740516988841918522e+00,-1.803162363069609642e+00,-1.951596532756635582e+00,5.795146438664526833e+00,3.153572544753182605e+00,3.025759085663612957e-01,2.247333644968714239e+00,2.602437411626381536e+00,5.595616422307738702e-01
2.896888275074932295e+00,-3.059536329744093841e+00,-1.372817344300987230e+00,-2.283388922534723697e+00,-1.082095309761417767e-01,3.670831844113225273e+00,1.099291128701942677e+00,-1.062079219103028827e+00,-2.201798158659662885e+00,-3.375458658994790362e+00
4.540314189945523715e+00,6.261246605596486603e-01,8.242077381554295812e-01,-2.675931779336243599e-01,-1.534713954516070622e+00,1.724960739805233845e-01,4.289018947800581349e-01,-2.382377827632807143e+00,-2.368069146541225134e+00,3.273902464426840631e+00
1.999440641218507730e+00,9.871991209669683798e-01,-6.854831118165591874e-01,3.864311706748272401e-01,-2.210653628602880172e+00,-1.132172281615702492e+00,5.933890161746241398e-01,-2.026771877990742432e+00,-2.341693999225219702e+00,1.493451023396937138e+00
4.577609204905218832e+00,1.513227552616368321e+00,1.807955893526230540e+00,1.262410204295041360e+00,-3.539797045965361821e+00,-2.112994011374083492e+00,4.750675507879655313e-01,-1.985813958095195009e+00,-2.335113870706949424e+00,2.654158997691476785e+00
-1.390026241879709357e+00,-2.888690633947414987e+00,-1.182919086884747006e+00,-2.264435938631229384e+00,2.859004049756811661e+00,3.237186885270231684e+00,3.741337864236103705e+00,1.084475778298035209e-01,-1.771771938333909890e+00,2.123819128737152617e+00
1.634679266246645835e+00,1.901886751150315469e+00,-2.598547957838594158e+00,2.418842678147413494e+00,-3.494198633157121314e+00,-2.094481997130381856e+00,3.264547261816871160e+00,-1.538665411226367574e-01,-1.861829421171324661e+00,3.072608986055145763e+00
4.543946468784255899e+00,1.918400255186933023e+00,-2.022314347697323988e+00,3.052890959702241780e+00,-3.636091881611508203e+00,-2.141390661109256577e+00,3.116147892133289243e+00,1.440379100843606430e+00,1.125542842619478900e+00,-3.313782400574342812e+00
1.405097817335040578e+00,3.242226168673486342e+00,-4.676893528246108822e-01,2.221312335954648276e+00,-3.999687898841695510e+00,-2.208493906917926353e+00,3.881187139416725773e-01,2.658318483902227136e+00,2.739584030939121728e+00,-1.298591753136430604e+00
3.345107805595295858e+00,-8.346116162689867224e-01,-3.559297851334553009e-01,-1.686661815514236995e+00,-1.789793916594040191e-01,2.654308767326325480e+00,1.837756886521852762e+00,1.676140002928869777e+00,1.383785275966056938e+00,-2.383040791864696750e+00
-4.138426476510420393e+00,-1.806281728235372031e+00,-2.783155999106980971e+00,-2.011872252022869567e+00,5.848075213056005417e+00,3.285145908884298471e+00,4.014825133224797504e-01,1.815301097988719192e+00,2.349319845382607408e+00,3.486237045061812978e-02
-7.546713329829587424e-01,-3.070339877644901350e+00,2.573469539802770711e+00,-2.291928621253157328e+00,8.948083670206897766e-01,3.263134343635226031e+00,3.414704557063859558e-01,-2.524158749876576735e+00,-2.386070156971587863e+00,6.530258659593179971e-02
-2.120821229384430850e-01,-1.984899767579436425e+00,-3.176735413304672573e+00,-2.081022892956759573e+00,7.371587930655320031e-01,2.422634800363673513e+00,6.529178297489732774e-01,-1.618599144851621485e+00,-2.272984924158941933e+00,4.673953209382584184e-01
5.062478666437697505e+00,2.097104877336513518e+00,-7.790091505912002390e-01,1.705609605103399096e+00,-3.927176085833130159e+00,-2.187984511197559545e+00,4.028096753914915062e+00,3.642151623164191498e-01,-1.610068341666031744e+00,-1.793337467618030256e+00
-1.418425977982271657e-01,7.468194120410167613e-01,9.415949774557006435e-01,-1.339805116363825266e-01,-1.217683992408082894e+00,1.762891294498645234e+00,6.939509144815515507e-01,2.532263679683254942e+00,2.177067359489259335e+00,3.182179777980731927e+00
1.348062061155732350e+00,3.310959275526919043e+00,2.168802171771063492e+00,2.821436471054202144e+00,-3.992285640268101954e+00,-2.199745265051267662e+00,4.472815687472484925e+00,1.099021430810562805e+00,1.181746951650083921e-02,-2.422932509169588577e-01
2.382812477354040226e+00,-5.742107588648055483e-01,-4.102497046889475030e-01,-1.549237812227448163e+00,-4.441686720629086649e-01,2.117615254149725956e+00,4.424521223468729225e-01,-2.675502803697084264e+00,-2.402886671726610857e+00,3.460883418742897177e+00
1.471516044404863166e+00,2.870424680674204865e+00,1.308086595299809751e+00,3.764630912833235143e+00,-3.867498858191753985e+00,-2.179904165439100261e+00,4.396011184349385204e+00,1.114985105217440875e+00,5.344808150289945825e-01,1.446540867588660184e+00
-4.635525718303756815e-01,-1.399567099879862386e+00,3.036845189051150307e+00,-1.942451717382782217e+00,5.388211929725132965e-01,2.384995005172430016e+00,3.255118058805156478e-01,-2.546047585828203896e+00,-2.386962821781266619e+00,2.195267182281108731e+00
1.158537210574620779e+00,-8.093372564753105181e-01,-2.883131175027402904e+00,-1.552003849048404271e+00,3.807869278640046984e-01,2.278612396095987425e+00,5.261653764126840160e-01,-1.829434182233365291e+00,-2.280516448958776365e+00,2.213613029107126096e+00
5.082642664654619225e+00,8.510798185435595187e-01,1.688210063898862856e-01,6.987646753254096454e-01,-2.472020587529587310e+00,-1.613446095323544771e+00,1.882036132255152094e-01,-3.169713012571015565e+00,-2.436045776724221401e+00,1.042089327457377479e+00
-1.550867750473871709e+00,-3.999433638551472825e-01,2.827601925786504822e-02,-1.468948947742843680e+00,1.205366977856312083e+00,2.590813644305607788e+00,8.102038982461714500e-01,1.892805224701787026e+00,1.960154580321043394e+00,1.296082241765060594e+00
2.419175469216880092e+00,1.431474524174286778e+00,-3.137771705876861272e+00,1.999320676203054425e+00,-3.294091565797353738e+00,-2.026722322010766408e+00,4.339831351222702693e-01,-2.530306068406617204e+00,-2.383257229953241740e+00,1.365214335092610476e+00
-1.760253512845060708e+00,-3.016755580947384274e+00,-7.942330773088071005e-01,-2.276149748714255239e+00,4.369061403500532847e+00,3.507684159094178078e+00,6.303454062678242042e-01,-1.720830630560736374e+00,-2.291480052921714083e+00,-8.999888926261911948e-02
7.609772181472207464e+00,3.301004314454752731e+00,-2.251258879948812019e+00,2.704480214783845149e+00,-4.360318504948293317e+00,-2.264838392778817155e+00,5.418919597671958410e-01,-1.875608167378629121e+00,-2.323957715537197988e+00,-1.299706150382533121e+00
-3.115146936220974716e+00,-2.146669524112109428e+00,-3.492994044112288421e+00,-2.081054957368665637e+00,5.409220592065160815e+00,3.081783725201202806e+00,3.076740283250073649e+00,1.402462753187513123e+00,1.076050920807999800e+00,-8.049181395294029429e-01
-3.675352896509898049e+00,-1.944244897378941461e+00,-2.413146308909895232e+00,-2.015239676506956013e+00,5.818723230331977803e+00,4.505670234491786275e+00,5.285529191247272607e+00,7.870033993018781260e-01,-9.372607776250276856e-01,2.864259992317191639e+00
4.495248074650431747e+00,1.299987116737339576e+00,1.197283618599847443e+00,1.820627946624610694e+00,-3.323935826813003924e+00,-2.066041178419923519e+00,5.116111553618163388e-01,-2.267990794996459059e+00,-2.367975270670788834e+00,2.916734550319997510e+00
1.555289364961132126e+00,6.141665306235308819e-01,3.495921092735701841e+00,-4.954946393363560686e-01,-1.322194679933607508e+00,1.182809781370231850e+00,1.228061683881237487e+00,-1.073532392431533200e+00,-2.175988913001273950e+00,2.445857025008661978e+00
6.703026737049111450e-01,-1.483140335586680347e+00,1.873664142209090500e+00,-1.952177678508028258e+00,2.699101362356463585e-01,2.383457990445971397e+00,3.629538460384428289e-01,-2.593751766829073713e+00,-2.396842713868367891e+00,3.261105488758730964e-01
-1.633173206691348689e+00,-8.817944803583244173e-01,2.540351483967304702e+00,-1.635748662967286382e+00,1.551273398634971157e+00,3.534377920111102522e+00,1.065449563691455825e+00,1.923088382764095883e+00,1.665036110967180294e+00,4.649187429206556033e-01
2.592196743887908994e-01,6.837390887509897652e-02,-8.646100012149280367e-01,-1.023057787676171726e+00,-2.203442083803613949e-01,3.698706620886166974e+00,4.194032245135794312e+00,6.648511637546681285e-01,-1.205914454402629676e+00,1.497598130356196933e+00
2.782859076076508842e+00,-7.561534670165213079e-01,6.364162110168507525e-01,-1.586165572186638340e+00,-1.254642387650342084e-01,3.264957323482779561e+00,6.002671399265191443e-01,-1.707335500484687518e+00,-2.295687861923876749e+00,-9.119902471358809493e-02
-1.546204187245972639e+00,-2.701441428563504665e+00,6.735834455546187982e-01,-2.217468551808647437e+00,2.937238639502963267e+00,2.896312336565286749e+00,8.001691603079381654e-01,-1.482563711884471225e+00,-2.202657011818693444e+00,1.641258809142061459e+00
4.716494777356244228e+00,3.009434993150565063e+00,-1.914221164349079629e+00,2.180142716311756601e+00,-4.172763559763074781e+00,-2.231200383394954745e+00,1.176283048760312200e+00,-1.008002627471404899e+00,-2.191462337062521026e+00,-1.274025693851710272e+00
-1.083957065198164482e+00,-2.409396346722267879e-01,7.659441806238795891e-01,-1.228630301339913800e+00,8.181817349926405747e-01,3.349916497850017549e+00,4.745694430748429449e-01,1.785985518383611748e+00,2.276821411820322716e+00,-6.088255376623070703e-01
6.425153567197880555e+00,7.565957903936313400e-01,-8.544914552992199930e-01,-1.958872257228705949e-01,-1.564378392265739048e+00,5.719113667561912528e-01,2.092191234464022553e-01,-3.284493213812111456e+00,-2.442731115706383349e+00,-1.726305041327222733e+00
3.870770988289614856e+00,3.171825253126035804e+00,-3.792793121486024432e-01,2.747007617870234952e+00,-4.185463698963379109e+00,-2.225867087040585890e+00,2.162755361733891268e-01,-3.037553301298480335e+00,-2.422503751712859810e+00,2.773236327665158818e+00
-2.971329246751639452e-01,3.021277734884654897e+00,-2.790474846879549276e+00,2.474739837640559159e+00,-3.361396011904128400e+00,-2.007040377748928961e+00,3.298179227888591303e-01,2.408138235886856826e+00,2.571260049199435294e+00,2.136008379351325814e+00
6.530384759373980330e+00,3.380029212507448477e+00,-2.906012562308723624e+00,3.495171687114720704e+00,-4.365190503700826063e+00,-2.267185290795895813e+00,2.271472176871400239e-01,-3.169982872768886129e+00,-2.437004231723221004e+00,-1.238599463379524757e+00
6.381213723282835204e+00,2.263183858301686335e+00,-2.756996596432212954e-01,1.711060162156505582e+00,-4.053753454324203531e+00,-2.220122797427347194e+00,1.608022419630281141e-01,-3.422629171910382961e+00,-2.451086487931579239e+00,-3.434731863736986135e+00
5.954472505757976153e-01,-1.271766185434954455e+00,3.241642723513050939e+00,-1.789194987435568818e+00,7.903243194908371461e-01,2.569145412199486778e+00,3.973979069014220711e-01,-2.266192674184214884e+00,-2.365312881431250513e+00,1.110053386831242328e-01
3.699626926589425047e+00,-1.233670789037477622e+00,-9.456043484347862460e-01,-1.879618998471571656e+00,1.470566061622132548e+00,2.630841014625648455e+00,6.355806511913733026e-01,1.473099492993708459e+00,1.878797499667859583e+00,-2.385373623432445633e+00
1.616096010420686735e-01,-1.396134292191270276e+00,-6.540977126631695171e-01,-1.915694157057548974e+00,8.928888236538677914e-01,3.977884876296670313e+00,5.811868181976030945e-01,-1.812854446833580990e+00,-2.260662731484090582e+00,1.947067459088458463e-03
1.790577699837970993e+00,2.417705467389485996e+00,1.851762726825971761e-01,2.213437795880113246e+00,-3.843951876631400921e+00,-2.153155586015301548e+00,3.861422726903321223e+00,-6.234530389489734148e-03,-1.806087970481616845e+00,3.238216423954626499e+00
6.296448030007661956e-01,3.491989331903299743e+00,9.763774184542404200e-01,2.123879596946462556e+00,-3.881818335396958641e+00,-2.188725238041718146e+00,-3.406728700314858721e-02,2.055874787915757729e+00,3.554896210187440175e+00,1.271647267470205733e+00
6.216510618318240589e+00,1.971723766307003523e+00,-3.234345822347645338e+00,1.688496902154216439e+00,-3.915187968516121053e+00,-2.186991120509008901e+00,2.196844142236877850e-01,-2.942026059640903579e+00,-2.414394366172918360e+00,-2.378695782198324338e+00
2.733799934956548050e+00,3.297325690182248970e+00,1.598210244952760206e+00,2.028825479251262109e+00,-4.142195819407269219e+00,-2.231411713418540721e+00,2.232721229099420279e-01,-3.029711011124171183e+00,-2.426814747219427026e+00,3.265520846013375333e+00
-1.777093897588162275e+00,-1.935216293038122259e-01,2.099512422206644580e+00,-1.086942270463381988e+00,1.606722525430721138e+00,2.752720043816884399e+00,2.613131971721931457e-01,2.435665166387457781e+00,2.900041727278848569e+00,2.845127287440167407e+00
1.650474280184077713e-01,-3.218723890730007753e+00,-3.246972256981211391e+00,-2.309782324819475541e+00,3.358779407044234500e-01,2.211616589311366621e+00,1.997732625860473288e-01,-3.494539927973280502e+00,-2.456580808927523840e+00,-9.209220430685585157e-01
8.408587210482535212e+00,1.849970224029529042e-01,3.328831954067938526e+00,-9.954357454443715225e-01,-1.136458415815718936e+00,2.059052896124006882e+00,6.506349246364182548e-01,-2.042580530120805093e+00,-2.333246947171335073e+00,-2.450257438996028991e+00
-5.040333593863969952e+00,-3.109338053569068450e+00,7.651396052317078755e-01,-2.293763028748553090e+00,6.783514131954715864e+00,2.993949966012926733e+00,6.779564153750672340e-01,2.027487316472140755e+00,1.965114238055479357e+00,1.209942803957346769e-01
-5.388820400789455789e-01,-1.629630302179994050e+00,2.818541037099100421e-01,-1.886344520414370507e+00,1.322802421186026312e+00,3.331725096951132059e+00,4.610159003355324137e-01,-2.279109175564959955e+00,-2.368976135815271888e+00,2.534474382950310911e+00
5.143260199285830225e+00,-1.768943097516802121e+00,-2.210542871577398927e+00,-2.020752026998821282e+00,-1.116043800162902500e-02,2.047171348684553749e+00,1.019894048627780769e+00,-1.122457882921668926e+00,-2.214334986768838665e+00,-2.351266535936805013e+00
-1.756763392675252611e+00,-2.835432421342050091e-01,1.010252733296554517e+00,-1.447018630412499895e+00,2.372141130196862679e+00,3.401625697885863886e+00,4.691792280680899263e-01,2.792128304473900258e+00,2.505596625605550631e+00,6.011085937135032253e-01
2.450738579712386400e+00,2.983513267230840427e+00,-2.003562277407841208e+00,3.815534098317388878e+00,-3.991252993612829147e+00,-2.189099186614604342e+00,4.652958890208688025e+00,-2.200786646136165814e-02,-1.793823305058192652e+00,3.490664180004439565e+00
3.128852548044038784e+00,2.200532169819647166e+00,1.048533706351591377e+00,1.946324639962517811e+00,-3.855020573635220771e+00,-2.186964171431823978e+00,3.240614251604684970e+00,-2.631920228719066834e-01,-1.964852418646193311e+00,8.602434820720370467e-01
-5.342931355636892476e+00,-2.897880044042681735e+00,2.976458721588493006e-01,-2.256258741296305548e+00,5.904149105798230934e+00,3.889775866691924655e+00,4.896554566638763317e-01,1.863872030238553634e+00,2.171272781462898038e+00,2.752355115114179185e+00
3.377782641259263308e+00,2.382882506388509292e+00,-8.891352825809928362e-02,2.287224551150480512e+00,-3.841643646531549550e+00,-2.167968215535795995e+00,2.182828851135247827e-01,3.115876059906427464e+00,3.129970855202048874e+00,-1.519749994890305711e+00
7.728853500858789971e+00,2.394279184062082955e+00,-2.722733248832528208e+00,1.779093130868314221e+00,-4.044260426321708124e+00,-2.210092289173751556e+00,2.185394564859125810e-01,-2.992442004066762529e+00,-2.412100030830425457e+00,-2.339233511976627877e+00
6.525576211651178404e+00,2.845932818124744301e+00,-3.166691401606427370e+00,2.150231672103075642e+00,-4.218663205652517512e+00,-2.244421638654163331e+00,3.291080579971236708e-01,-2.483909953026301576e+00,-2.374798854205594889e+00,-2.845061894517422196e+00
-2.661974550839078191e+00,-8.301651023987326461e-01,3.010491563415484073e+00,-1.734441528572397972e+00,5.602858114909809117e+00,3.999739831207334007e+00,4.040870740325705479e-02,3.215859877153051549e+00,4.176911241769186489e+00,6.935562237239851768e-01
5.331246105850230066e+00,3.470522995697673529e+00,2.084096617198442303e+00,3.310138806696965919e+00,-4.343261040315970156e+00,-2.260618922989620749e+00,8.834035515775429115e-01,-1.320419055092433513e+00,-2.211798679305008619e+00,-9.693593802191990960e-02
4.785397377449300826e+00,1.349826406234969411e+00,2.885174283978440002e+00,1.012394641598427514e+00,-3.325232463759883128e+00,-2.032958575143183122e+00,1.752771629156378408e+00,-6.685819035728171045e-01,-2.052491840889673735e+00,-1.117787568138520982e+00
7.085538362329492301e+00,1.906207387407341969e+00,-1.024849759220101575e+00,1.701088229443495248e+00,-3.671779326943652055e+00,-2.126109323184812716e+00,5.325708868390025330e+00,4.021310604666861188e-01,-1.473723673158331859e+00,-3.205227668840264776e+00
4.575474438353083428e+00,1.920376381637279195e+00,-8.539294022084309432e-03,1.898450985700050886e+00,-3.702206346641442547e+00,-2.100640700374254877e+00,5.488641453056145592e-01,-1.778290488900349686e+00,-2.283428192084311803e+00,6.592112400612890610e-01
-2.018568543411618066e+00,-3.045009330637573175e+00,-1.287310718878231341e+00,-2.286182409184999820e+00,3.645379230215333166e+00,2.996521246993566479e+00,2.547177909225059711e+00,-4.526080739117483986e-01,-2.044013344754061379e+00,-3.609763133779204658e-01
2.495524735227911961e+00,1.823656750650442859e+00,-7.383899494460668400e-01,1.393637163303110160e+00,-3.594892959073697103e+00,-2.132819976543616214e+00,5.073689731225988098e+00,2.701319590076693977e-01,-1.683607764185354183e+00,3.382230760682587878e+00
-5.122131472199022983e-01,2.032474259329132060e+00,9.729092315902398980e-02,1.622061543552049123e+00,-2.959515436390909748e+00,-1.908741141534797459e+00,5.073616658852468930e+00,9.733038276807768341e-01,-2.360575885353070613e-01,3.297994495444796392e+00
8.263046482392768510e+00,5.260089943557693104e-01,-7.891319934692782034e-01,-3.641662817251383744e-01,-1.497190427000529844e+00,1.085927551481907782e+00,3.874066327354855677e+00,2.190332556661593877e-01,-1.654410572057980255e+00,-2.306188076813637799e+00
-2.537962849359095774e+00,-1.564311299476024431e+00,-3.361420395609465039e+00,-1.965569660750949632e+00,4.248627676541344655e+00,2.825282917784747827e+00,3.545558111429407688e-01,1.781028591826051333e+00,2.339097555683509633e+00,-1.273418321962548561e+00
-1.154909899127678941e+00,-6.208947468060754815e-01,2.107602806538266371e+00,-1.560088478813355106e+00,1.195744991183641970e+00,3.066056611683407596e+00,1.125838637720742774e+00,1.941063952907420287e+00,1.773890934553378651e+00,1.889790674199300469e+00
1.604579681278969883e+00,-1.796344883354577426e+00,-3.430127085671934140e+00,-2.013812890833637681e+00,-3.261405281173475612e-01,3.080616568383530485e+00,3.435832589150726313e-01,-2.598770972190360240e+00,-2.389570237565922906e+00,-1.277252131603186847e+00
3.724135705594587176e+00,1.924472474291306412e+00,-2.027535480039329929e+00,2.662839870590332225e+00,-3.607197392762887755e+00,-2.131730543053465432e+00,4.165396061002548223e+00,1.080429592284062323e-01,-1.785005372482666219e+00,2.309610126877370107e+00
1.421844146167725809e+00,-3.592390793991744324e-01,1.151354952848838487e+00,-1.274302531775983294e+00,-1.001363239887853585e-02,2.923822103699623920e+00,1.369666365395982632e+00,-8.772815295113454148e-01,-2.100612924525545822e+00,1.478564656536043742e+00
2.782632723287557841e+00,1.604377869780816646e+00,-5.736230983874381906e-01,2.348588006507879911e+00,-3.455139007761756975e+00,-2.067220495797882140e+00,3.914107526807464321e+00,2.324178342647837958e-01,-1.628984170069737392e+00,8.346441624952873894e-01
4.872064849546903886e+00,2.282369449230407632e+00,-2.019633951013897644e+00,1.522815171292119851e+00,-3.924019062916447975e+00,-2.160244255404057068e+00,4.388921882499455585e+00,-6.927129632866080300e-02,-1.867377562769633403e+00,-1.806825197131628702e+00
5.477281861446203770e+00,-4.013317463039545174e-02,1.870866300870174470e+00,-1.089942537637513587e+00,-1.243848554678690377e+00,1.970608368908117747e+00,4.889387509106539298e+00,-5.281705068812936332e-02,-1.738733439978422224e+00,-2.668847012856942147e+00
6.952223616703145481e+00,1.589572577498241657e+00,2.558329428406993067e+00,1.141492200253018785e+00,-3.646963030449803078e+00,-2.115744269729149529e+00,4.429347499640486241e+00,2.326112398808755088e-02,-1.844351705660385532e+00,-3.027176905763677262e+00
1.915371440178078033e-01,-6.044062294311070005e-02,2.168762827571415031e+00,-1.101945050283359651e+00,-3.858170052491273760e-01,3.323391480919977603e+00,4.018804104805782929e-02,2.136579882611219006e+00,3.307890780284246990e+00,-1.298220339330420359e+00
1.316925787756013877e+00,1.307454767854334676e+00,1.348156079950163289e+00,1.241869123928752927e+00,-2.878833360707934830e+00,-1.901833240107082768e+00,3.218549866793523062e+00,-3.622858036488572075e-01,-1.837049037121075923e+00,1.358544713422412009e+00
5.654996796644375934e+00,1.883981798092833060e+00,-1.487313685028350374e+00,1.389747052837686736e+00,-3.814702640636801867e+00,-2.176243933806966790e+00,6.613149681256157431e-01,-1.725902289083121044e+00,-2.261386406245224467e+00,-1.675914972036745887e+00
7.703075401554888568e-01,1.417017987777562382e+00,9.965539627752173502e-01,9.229726524125757559e-01,-3.024778627662228381e+00,-1.964659062210638796e+00,3.870302628281711232e+00,2.719617228562665190e-01,-1.667818750965488706e+00,2.433599775997536518e+00
-4.831049864367044089e-01,2.336683457525327690e+00,-3.269251097659389593e+00,2.265893206390656722e+00,-3.190909585218559386e+00,-2.008475140490264987e+00,9.991012459029551263e-01,1.461984833933869687e+00,1.708648373120585706e+00,1.595172884691388404e+00
2.494532117720790421e+00,9.791601171990205188e-01,-2.858373351832512732e+00,8.873340331573181805e-01,-2.537196426569581220e+00,-1.710618553717975665e+00,6.336205671693413422e-01,-1.795059636291174598e+00,-2.316648678748551404e+00,2.223709786617049211e+00
3.876966640584754042e+00,9.312804507662821862e-01,7.564984732701418579e-02,5.318648113682078460e-01,-2.252341315888529039e+00,-1.358647212916844538e+00,7.485502966478102538e-01,-1.445540062087558031e+00,-2.270799286822274166e+00,9.850704446199172182e-01
-2.187441716803060210e+00,-3.402727974168409997e+00,-2.963911371226779057e+00,-2.338451677882506630e+00,4.311617859280249654e+00,4.583456491121905785e+00,6.128038314803491149e-01,-1.933416453326239459e+00,-2.326995970608754849e+00,3.129351318572456186e+00
1.540465997894640449e+00,3.417304933118422205e+00,-1.352295809232763268e+00,2.439369337117143210e+00,-4.012698838117676026e+00,-2.210507889643697155e+00,3.723890042279859536e+00,1.165845682946635264e+00,9.714923373324726441e-01,-1.185522919032443667e+00
-5.085653187249298490e+00,-1.985610367088176620e+00,1.788900361528291683e+00,-2.088819603583511597e+00,4.554370329967897923e+00,3.142164569277690500e+00,4.550650420333143265e-01,1.969996590571455819e+00,2.195820798980336441e+00,1.760087299623561918e+00
-1.746473726095550738e+00,-7.875100449059289076e-01,-1.817552469924647918e+00,-1.700629447411422746e+00,1.777485196822541358e+00,2.733046755524843441e+00,5.352545736786460395e-01,1.693154636612710817e+00,2.147747287960031670e+00,3.183096633368761808e+00
6.517826469076631213e+00,2.413104376857816646e+00,7.895674093843556562e-01,2.413488142550397786e+00,-3.987847233715282158e+00,-2.211499367548504402e+00,4.469751463696938210e+00,-1.810290202106767943e-01,-1.892579005310493834e+00,-2.259312765440656623e+00
1.042974738901315312e+00,-1.496808856458224035e+00,2.589408821870928357e+00,-1.947655449203684386e+00,7.011158442986050732e-01,2.723651998513963335e+00,3.291157975038300765e-01,-2.720059231243304509e+00,-2.405918822523156919e+00,6.849954845609209642e-01
1.748867534470905483e+00,-1.135743454447241785e+00,2.560303489819766298e+00,-1.844813400027651928e+00,-1.798214531565629493e-01,1.937716682110635968e+00,2.767622827365759930e-01,-2.754685582016470846e+00,-2.393794203694142197e+00,5.586137307215395253e-01
6.121535670790902550e+00,8.375524385313894982e-01,2.967589284660826721e+00,7.621669243826025841e-01,-2.531054881985819627e+00,-1.598495088703392852e+00,1.167012035798530745e+00,-1.159368682687437424e+00,-2.165108773152258248e+00,-1.904117805577433042e+00
4.992396722446920343e+00,-3.062962336526111606e-01,1.341120594411551181e+00,-1.445234653941349201e+00,-7.365652674329858929e-01,2.348394598960041435e+00,4.512800952281535771e+00,1.195109551591335695e-01,-1.607762305326509544e+00,-2.234469219417060337e+00
2.638350650712426582e-01,-2.122203394075213190e+00,-2.031783803682815304e+00,-2.088098361279553394e+00,1.503188114698118971e+00,2.612048742682373081e+00,9.011700081696494280e-01,-1.358138075645773046e+00,-2.252688182908996861e+00,-7.991281513600809738e-01
3.065620753315410507e+00,2.506789617658813363e+00,3.966470013019547380e-01,2.240664276330071480e+00,-3.936406197888811853e+00,-2.194062725852011120e+00,2.292474978312591394e-01,-3.017588961608264508e+00,-2.421370282193627599e+00,1.825482528764618806e+00
5.936576312167629599e-01,5.998143270409004302e-01,-1.202210123638680628e+00,-3.198011421565694068e-01,-1.046250259947388184e+00,2.163045919385250038e+00,4.768841333545429606e+00,6.157050276922433341e-01,-1.186965529507538974e+00,2.877936404167297901e+00
1.396728438835630026e+00,-2.599096499453304787e+00,1.298650055809662973e+00,-2.201123192250591387e+00,4.951071735214349068e-02,2.194445821969549293e+00,2.128436605176296514e-01,-3.141688926285396644e+00,-2.435568514586758049e+00,-1.601783162195681953e+00
4.569778489311753233e-01,7.986534375566991528e-01,-2.931444363419879462e+00,-1.221770910055392373e-01,-1.852602983457305896e+00,-9.587434962985710296e-01,8.872756002045294466e-01,1.941199933793553711e+00,1.854563286246135867e+00,-7.236023905291490976e-01
-1.309267402568780492e+00,-9.204973053659930571e-01,-8.708563929091774902e-01,-1.706631004399565832e+00,2.337785212633772147e+00,2.434600318641383598e+00,2.717783990094703728e-01,1.997928909022187227e+00,2.584611679249683380e+00,2.358455300565555746e+00
-1.374241104731469765e+00,5.776405300233680151e-01,3.160388925420678952e+00,-5.429654219514394864e-01,2.998392099096449659e-01,2.112596787551361377e+00,9.667465508386127726e-02,1.857131665597289150e+00,2.879269491894071997e+00,2.896022817372343461e+00
2.644513167288088162e+00,3.438632596557056331e-02,-3.628660488865125266e-01,-1.197091511966122956e+00,-6.688076865835073104e-01,1.848068341428602324e+00,2.170576035477554955e-01,-2.987503154688326834e+00,-2.417892632488181093e+00,1.199461917850571879e+00
-3.774416042818291572e-01,-9.621556134599593690e-01,-3.924080035023669311e-01,-1.703805950364880806e+00,1.212385626725177579e+00,4.000751369083451081e+00,4.328990238689150338e+00,7.960679134852464145e-01,-7.035575389845917238e-01,2.643494042863282267e+00
1.598723061223769504e+00,-1.114417244403092422e+00,4.770011016528474812e-01,-1.835223680795714962e+00,-8.277065621538265416e-02,2.506343582782952772e+00,2.055266904284445140e-01,-3.293787514057358035e+00,-2.443104528824467270e+00,3.275139554106414330e+00
8.545028375447976110e-01,-1.189673522442004305e+00,-2.696366986792581688e+00,-1.861603406314405795e+00,-3.023923526943707585e-01,2.867141511111659824e+00,2.083229827852372262e-01,-3.026001344073806720e+00,-2.424004189846864055e+00,1.872774274052519061e+00
7.320318312361633328e-01,2.753435739736437071e+00,-2.497159248952901756e+00,2.713636111034695819e+00,-3.741783181461082020e+00,-2.153811875558448108e+00,4.110249041699989725e+00,7.111905192795102693e-01,-1.079198320448595094e+00,1.310592372888825352e+00
2.674732684025105556e+00,3.218155418083282981e+00,3.124237053006884146e-01,2.665249574690237377e+00,-4.023833773755989718e+00,-2.212949002597416115e+00,1.763930076399050639e-01,-3.301590903122212595e+00,-2.439927079941265120e+00,1.424341453760642473e+00
3.731999905223241321e+00,-3.170540840962824625e+00,-6.301941387438376729e-01,-2.305393953234673887e+00,7.792566063434001045e-01,2.611941806942607691e+00,3.352271337525585815e-01,-2.794368492347747868e+00,-2.401846725532929216e+00,-2.727508333088027648e+00
-1.552052862174673642e+00,-3.285997677247956883e+00,2.928038186161441736e+00,-2.323313423146853296e+00,2.205320408865286463e+00,3.329745688050570251e+00,3.759508938037846582e-01,-2.425966910404723897e+00,-2.373108576392183089e+00,3.266215863634008620e+00
-8.605325246445190146e-01,-1.828787424157003905e+00,-2.931600426881709964e+00,-2.021660130648494036e+00,1.671176265802914562e+00,3.745905504445020462e+00,6.141070889205347827e-01,-1.906317688673100808e+00,-2.292089035185552959e+00,6.201072966392606745e-01
-2.871771618801401971e+00,-2.989128832239273947e+00,2.188672556488191923e+00,-2.277599430655280255e+00,6.701713740674072994e+00,2.781589653292563469e+00,4.322068801923619752e+00,1.070687746081706138e+00,2.207181965313560479e-01,-9.581015279755487057e-01
8.491596670279106807e-01,-1.199054864068672455e+00,1.745987298862202941e+00,-1.719345166022698823e+00,6.141619844821519791e-01,4.291448069017352651e+00,1.195433729959084923e+00,-1.261283887942308723e+00,-2.198892494608059245e+00,1.758568961521596030e+00
3.208188839696697769e+00,-1.362551799584288403e-01,-1.695316175645981804e+00,-1.118447327435690752e+00,-8.098375354797586745e-01,2.083756541387863148e+00,1.100304769904603575e+00,-1.198538831254524872e+00,-2.175717662572576483e+00,-6.495525049475796564e-01
-7.398040116034634295e-01,5.691967720461423852e-01,1.849787179515277380e+00,-3.946934607790484884e-01,-3.936719594218260898e-01,1.933862060837373775e+00,1.239154689265132003e-01,3.466448409889872906e+00,3.875532612118739451e+00,-8.307849491492826921e-01
2.650272261305124388e+00,2.199710752177160167e+00,-3.164403887095837309e+00,2.214767275904470534e+00,-3.546676122841898149e+00,-2.100748953213640746e+00,3.512105909768896694e+00,-2.591838694713342051e-01,-1.950537943224835757e+00,1.869591452704757906e+00
2.066701005070005870e+00,3.408384709281389036e+00,-1.190028442727020686e+00,3.259036143062672419e+00,-4.128762603983128443e+00,-2.234380724921758876e+00,3.779035579527011635e+00,1.018327191260222087e-01,-1.770087819507273341e+00,1.352629986255120542e+00
6.398672060227717395e+00,1.454748685492838867e+00,-1.277468729423028915e+00,1.087232964809816682e+00,-3.347111854725292268e+00,-2.066195908302132178e+00,2.556448240956427087e-01,-2.847311893710260833e+00,-2.397768937267936273e+00,-7.756656033843123410e-01
-5.371851039146167128e-01,-3.058950569783468243e+00,6.810143012026044218e-01,-2.288729145534179388e+00,1.446353906341699025e+00,3.160400102579735471e+00,1.448537255097766541e-01,2.253593602922380867e+00,3.099163837543435385e+00,-3.402927594251234478e+00
2.386113089218503625e+00,1.806898942474660430e+00,-2.061215375703440600e+00,1.924398838125622069e+00,-3.383106960268462693e+00,-2.066388539622540321e+00,5.806911958197892298e-01,-1.737784700792908588e+00,-2.306384614513329989e+00,2.041316935595181015e+00
-5.878017433035548356e-01,1.598417379280652639e+00,1.232118758086539145e+00,1.337521610670876271e+00,-2.726300299454987197e+00,-1.772033296712822503e+00,1.025087146436365337e+00,2.160220350011692325e+00,1.876874783445468209e+00,1.562078848873174941e+00
-5.614507175303725006e+00,-3.252425746453750044e+00,-1.739601882521690790e+00,-2.309383281717598102e+00,6.371607426790184547e+00,3.692723844003824141e+00,6.648284948966884933e-01,2.241079000584255354e+00,2.196611101198973515e+00,1.315995628524232686e+00
-1.860203359292582626e+00,-3.351785860775551296e+00,-2.316413980008176221e+00,-2.332419697132689596e+00,2.846796517725493914e+00,2.550199083909136633e+00,4.574425975670487476e-01,-2.502006078999994276e+00,-2.371063205328815648e+00,2.851605584131429616e+00
-1.197807937582849425e+00,4.659268784321684009e-01,-2.304323170633039375e+00,-6.692077785690799807e-01,-6.054115692816736116e-02,2.856869038267044303e+00,2.944585026140599249e-01,3.054779998034544697e+00,3.051186924983893878e+00,3.409846199490016438e+00
7.341614810462926410e-01,1.534505943662534122e-02,1.009003695020820324e+00,-6.519792119796605778e-01,-7.395504602585416531e-01,1.617619466219651025e+00,1.494103271713057568e-01,3.233417550602683654e+00,3.445470054865173104e+00,-1.608819903823953235e+00
4.579962176299345877e+00,1.569346800005811282e+00,1.330789763309656593e+00,1.883254152702996453e+00,-3.215883784063030326e+00,-1.996985153982424599e+00,2.076966273335553836e+00,-7.197234140070900565e-01,-2.087806803892349183e+00,-1.290337273669472928e+00
3.187276734186972771e+00,1.594994506902962961e+00,-2.364545962066145979e+00,1.069637719154288513e+00,-3.312309674841409368e+00,-2.006355476783753922e+00,3.069710697015464729e-01,-2.527182048744816001e+00,-2.389806958869221898e+00,-2.229220648473497768e-01
3.540528443294788996e+00,3.331171601394188109e+00,-2.958416952910178033e+00,3.274116244768222383e+00,-4.232071821422184854e+00,-2.238059865520304115e+00,8.853410058191469867e-01,-1.333919463206995282e+00,-2.242136514822108406e+00,7.822922486627330585e-01
1.522630087549961431e+00,-3.745887456283969463e-01,2.418075736740759041e+00,-1.267223737160619423e+00,-2.402863888969621331e-01,2.545005992129259376e+00,2.632367578647643591e-01,3.070978724548797167e+00,3.168454104344899047e+00,-2.398265057448470738e+00
1.292869032541714924e+00,-1.236366067436664551e+00,-5.575549204594838493e-01,-1.790700058043576126e+00,-3.963296193794157429e-01,2.113786774561829063e+00,8.599295296229533259e-01,-1.306367723386556712e+00,-2.179145865347505318e+00,-8.747596092467744278e-01
-4.697066590373106365e+00,-3.290698280324154901e+00,1.792206220055807542e-01,-2.325403481853072662e+00,5.466086433348034568e+00,3.491906920698506056e+00,1.665960584376228848e+00,1.295190722792948890e+00,1.436625898893644004e+00,7.045976629466368379e-01
-1.674812896869535050e+00,-2.827683988638862278e+00,1.112826647349992371e+00,-2.253157095664244380e+00,2.121842173392071373e+00,2.750741477699498283e+00,1.087068683331504637e-01,3.283137827358864946e+00,3.807804941793147435e+00,-2.133038649632215566e+00
1.790745624989427798e+00,-3.756646301897377249e-01,2.892029238408777125e+00,-1.441598124832849770e+00,-6.891117390249669183e-01,1.638546739094981275e+00,2.572816377114009456e-01,3.217047930323074567e+00,3.242646932153101513e+00,-1.300915415528980379e+00
-1.028781993720484955e+00,1.615978216667702583e+00,9.768233030424235963e-01,1.946720404940134763e+00,-2.239303540691035099e+00,-1.451314093621210555e+00,2.683839535493842687e-01,1.535532618711807906e+00,2.343056659006445219e+00,2.915931302950895088e+00
1.216865078784869381e+00,1.765496869600969632e+00,1.615676593709357789e+00,1.409139506162775612e+00,-3.066217915335849753e+00,-1.958452598011960033e+00,4.287548660180017457e+00,1.119352496621512927e-01,-1.707408402916110512e+00,3.077872740229209647e+00
-1.838640289336990197e+00,-2.357080368214512056e+00,8.721913674140715500e-01,-2.120483691690404626e+00,4.678316501695925389e+00,2.533509829205670805e+00,3.111623433698714969e+00,-3.216859056437044728e-01,-1.852746704323800175e+00,1.554648484739934666e+00
-1.055690734579307843e+00,-2.333489493661942582e+00,-6.100010067221290910e-01,-2.151571401874251332e+00,1.120890711436983267e+00,3.005639672665112005e+00,2.161677830614478490e-01,3.001980995151440901e+00,3.105126694450626612e+00,-2.880785005391233611e+00
-9.434752283843568232e-01,7.694481739515630636e-01,-8.727886738524803789e-02,3.885675621978024186e-02,-8.813312232630604592e-01,2.287678608992269602e+00,3.963712705956700666e-01,2.900666386587279710e+00,2.580267910840335688e+00,-5.157915374154371513e-01
1.690593425798383009e+00,3.341963917557120745e+00,-1.862086880742293893e+00,2.915050404761537539e+00,-4.017018553322232677e+00,-2.204015891009754480e+00,4.078787842917149575e+00,-1.327918240327004007e-01,-1.866103468441222768e+00,1.705195202561386125e+00
-4.554940731290498812e-01,-1.940943973334162242e+00,-3.188949288494359102e+00,-1.996776251732044871e+00,6.210002555247674527e-01,2.698810312831399827e+00,4.029503289543457933e-01,-2.766005034279659824e+00,-2.396876142450770963e+00,1.783469015702156213e+00
8.809172677446373001e+00,2.882843599438731808e+00,-6.184898518528338940e-01,2.639957000435250833e+00,-4.290024086951474303e+00,-2.257116834597121979e+00,3.320540466388528511e-01,-2.897204625430393143e+00,-2.415622430997024228e+00,-2.168097155703411882e+00
2.017723465329616772e+00,-3.343135023032683506e+00,-3.293156541034216733e+00,-2.327096094459000231e+00,6.400577525112645105e-01,2.234783050336525356e+00,5.856090435034806418e-01,-1.959734913465699169e+00,-2.275631437255356992e+00,-1.842349005435591991e+00
4.632408759770643591e+00,2.400948906601016120e+00,-2.510214441743450653e+00,1.666879133458811557e+00,-4.033936940906665214e+00,-2.214372694265607677e+00,6.855131514963346273e-01,-1.626878609163242784e+00,-2.274957244826864233e+00,3.172174714873448487e+00
2.120480870822541775e+00,3.379521613720397610e+00,-1.951363292925893944e-01,2.667638523903121950e+00,-4.122387317110849381e+00,-2.222483184557543012e+00,6.166509704680454007e-01,-1.724392700998985450e+00,-2.252863969473917649e+00,2.801493235403881954e+00
-5.679111129119479351e+00,-2.241083754920755844e+00,-4.878946613918246911e-01,-2.146826121905777374e+00,4.458422175115085651e+00,3.236389404838798001e+00,2.957779663507808521e-01,3.403551438735012091e+00,3.175006893840773170e+00,1.503451932636483690e+00
2.267726622511488266e+00,-1.276769568865394611e-01,3.048192335715333101e+00,-1.255180454551800162e+00,4.942281652728430785e-02,2.841085884785875315e+00,6.952746380871099863e-01,2.668836268576423976e+00,2.216975004636330571e+00,-2.640742815070497684e+00
-7.238183442278778301e-01,2.010170719088326230e+00,3.225905305902999842e+00,2.349444758511744169e+00,-2.887239132117997986e+00,-1.863122330786893599e+00,1.089118977504750951e+00,2.688448507868320903e+00,2.067903549845478750e+00,-7.110286451683345277e-01
5.787402930721176730e+00,6.668983311112564039e-01,-1.537111027455856593e+00,-2.783828655552456621e-01,-1.725694614160151241e+00,-7.134390626848169381e-01,3.400301841975868489e-01,-2.631822322702346284e+00,-2.398607115001771817e+00,-1.091290567350076568e+00
4.510601159224282064e+00,2.047531252701413784e+00,-6.826244751068943906e-01,1.734118348962010003e+00,-3.842596260081214243e+00,-2.182375963728367285e+00,2.516851795705836170e-01,-2.915832358698674298e+00,-2.403863104431439357e+00,1.206141470087584544e+00
9.066263937762562009e-01,1.894971889626755335e+00,-2.860106539617753185e+00,1.511149535650775810e+00,-3.160082976123485210e+00,-1.956670088257507212e+00,4.132765809566291360e+00,9.001412570136348990e-01,-7.773819694292608551e-01,2.779455953455398642e+00
-3.700769274346502602e+00,-1.975430137767705041e+00,3.377587781865287297e+00,-2.085029803327366871e+00,4.398896515459240320e+00,4.724735666891299424e+00,4.109046545609624346e+00,9.929949473240409219e-01,9.861242584633500563e-03,1.239092611199661853e+00
4.683563882042006021e+00,-1.270104965439778688e+00,8.213327215385897162e-01,-1.791766570356903898e+00,-6.040232032957667530e-01,2.149771890643647154e+00,1.153582677843864701e+00,-1.176323652784525997e+00,-2.188214430164141966e+00,-3.077884038270294997e+00
1.026988369048704497e+00,2.879358243749182478e+00,1.287809969845535640e+00,3.645253099939885999e+00,-3.768172405972025185e+00,-2.160416387226348434e+00,3.926653252883961276e+00,2.063654316198779703e-01,-1.553229017601658324e+00,2.795923321280359808e+00
-6.296742902432378441e-02,-1.938185474622292404e+00,-3.131961845141907119e+00,-2.056146608885905280e+00,1.858481689969855744e+00,2.812670348475009074e+00,1.805885988694414801e-01,-3.372093028360824363e+00,-2.448976248623748742e+00,-1.169895544062442116e+00
8.373279939340256828e-01,2.084939053950012777e+00,-3.095833920724868626e-01,1.826628519459605027e+00,-3.243511528329179772e+00,-2.043020250684328687e+00,4.899537009432272328e+00,1.067355013566492872e+00,-2.717998225444110405e-01,7.185252303312150701e-02
-3.204902098973013480e+00,-1.466627238224956997e+00,6.082732036627938044e-01,-1.947303216575653417e+00,4.964292086525302850e+00,3.430906210708990933e+00,4.112361757422845265e+00,1.161085939818192969e+00,4.355423303572696359e-01,1.367243944907210462e+00
3.331216337570326314e+00,-2.720394942945496553e+00,2.015551318658964419e+00,-2.230333117955499489e+00,4.905759259901949498e-01,2.126925316639725061e+00,2.294325454297752587e-01,-2.964049155640845257e+00,-2.408717505730588737e+00,-1.502056203119544797e+00
2.849189325384764437e+00,-7.402690049913696058e-02,-1.761088900938287516e+00,-1.221246206809277757e+00,-9.129868941187424536e-01,2.602926853952526542e+00,5.526958051699408792e-01,-1.995545400218662113e+00,-2.330839585188162477e+00,2.187842154877814416e+00
9.163047732812692470e-01,-3.159453596882428883e+00,9.464704707480695589e-01,-2.301154924101413091e+00,9.480791193365681879e-01,2.379985129725434412e+00,2.125645151368517061e-01,-3.144667007519638791e+00,-2.430115310783113713e+00,-1.612561689937610065e+00
2.963333536191474771e+00,5.380536070891430711e-01,5.310476589072496978e-01,-4.637820360653462926e-01,-1.589911853225887794e+00,-7.353697567168193672e-03,4.569238620554200381e+00,3.093175153401843680e-01,-1.630160080535031808e+00,-9.790989934348464097e-01
-1.080421923128169093e+00,-3.377535388637776581e+00,-7.242625090057925874e-01,-2.332941198449975939e+00,1.505788634701039408e+00,3.353306288295692550e+00,1.970465478866810227e-01,-3.306290395679551075e+00,-2.445757749144514381e+00,-8.513912848832112523e-01
-6.945528130044764659e-01,-1.551728179607460234e+00,6.715891987845923339e-01,-1.947992779658889173e+00,1.358221228757029442e+00,3.076148130976948281e+00,7.707323649221962114e-01,-1.661612328742137823e+00,-2.243180320090409907e+00,2.573535178180277327e+00
3.882853060712447402e+00,2.187588889201876441e+00,-4.579212342616254539e-01,2.303287203641578795e+00,-3.817601721191948183e+00,-2.163593075346502026e+00,3.575975749912090884e-01,3.302599476784061849e+00,2.798371876110751444e+00,-2.351286472334197963e+00
-2.279560050650926151e+00,-3.052017049733453558e+00,-6.523442086701081166e-03,-2.279114741294105517e+00,4.179346427954829579e+00,4.409638842914903378e+00,2.340209289179485008e+00,-4.784818005681366060e-01,-1.903473933134539164e+00,2.974796202245533649e+00
-1.581676528097429424e+00,-1.765626135900482563e+00,-1.845211808706732626e-01,-1.987165599955906359e+00,4.134334146333960902e+00,3.671153703489447029e+00,2.588083916125967221e+00,-4.322440320216403009e-01,-1.953987245360815583e+00,3.314229456018225051e+00
2.671862744272994750e-01,-1.964130299040918182e-01,-2.619759112576402593e+00,-1.138727157864045658e+00,3.240907671496953135e-01,2.384868417420086928e+00,1.409845168044892294e-01,1.849081971826123549e+00,2.817538717759364708e+00,2.425010423955674455e+00
2.351192116779103891e-01,1.542008083218091130e+00,8.278308722920524332e-01,1.683288426834528728e+00,-3.056407006977615470e+00,-1.950108285590059998e+00,4.266792147665153800e-01,2.827934815660819723e+00,2.501420259040793681e+00,-7.200399279223179683e-01
-5.472520561563816166e+00,-3.099650984282556365e+00,3.478717552949154523e+00,-2.289064914396500949e+00,4.942559436369610815e+00,4.140599176572926865e+00,5.465926749402429952e-01,1.950277397713763960e+00,2.230598210680910132e+00,9.607112302210465415e-01
-1.802650145221783351e+00,-3.398729400208114537e+00,1.823955843262573318e+00,-2.338827159497172126e+00,2.685032266243252863e+00,2.563774577617326411e+00,9.592301507619553913e-01,1.910449791885571180e+00,1.957935214506460575e+00,-2.282810447756095762e+00
2.838788624692161200e+00,-9.206143167541922523e-01,5.215970480240201823e-01,-1.774103100527530952e+00,-5.703388833918570100e-01,1.840213709010058984e+00,6.186114072162001154e-01,2.468715336850209496e+00,2.185416758706664631e+00,-2.655313363908926139e+00
-5.648674964168183266e-01,1.537583069676457193e+00,-9.753067089869391637e-01,1.118474228283002692e+00,-2.419570285419053945e+00,-1.452714670087599469e+00,5.983230118692147714e-01,1.665905731802562073e+00,1.997545389250548586e+00,-3.943192801362469524e-01
4.412629923610950300e+00,2.929601815862312719e-01,-1.933137887868493943e+00,-8.739907049697541730e-01,-1.414296290860288074e+00,6.980773950356038426e-01,1.636179541708257801e-01,-3.359538158386047080e+00,-2.446060090432933265e+00,-1.297924455220536455e+00
4.270502774356483844e-01,-2.585293740473074031e+00,-1.123559287848828969e+00,-2.185726597759541701e+00,4.475417958496711313e-01,3.830656760942255268e+00,1.987780736866095466e-01,-3.132255702212123794e+00,-2.426293107269001048e+00,-1.002695594139834778e+00
1.157436593761186350e+00,2.131268969912858857e+00,2.645503897213664857e+00,2.435499027191758703e+00,-3.619044500596988456e+00,-2.130879965487769034e+00,4.010925373622331591e+00,3.316302336507384041e-01,-1.657593637952047727e+00,1.376619825487755300e+00
5.059367515097028090e+00,1.073266402854500257e+00,-3.563655896430106829e-01,7.875692563958585080e-01,-2.497929242525136928e+00,-1.521022863360142807e+00,4.755015440870931087e+00,4.033746698193079183e-01,-1.576707104072849530e+00,-1.366898014530100181e+00
3.729792567432705042e+00,-5.333716352754587220e-01,1.887782051756802026e+00,-1.333639971667912150e+00,-2.443268108197330646e-01,1.992963057441024866e+00,3.902279989907202484e+00,4.380860783097517697e-03,-1.855367854957586049e+00,2.401282024862657849e+00
-3.109951094262397131e+00,-2.477218050671428529e+00,7.086537196793321058e-01,-2.157176412498806872e+00,4.915682375892155065e+00,2.637017218684785114e+00,4.164297374522445416e+00,3.080868337749773644e-01,-1.607351518058028228e+00,1.998727862098514940e+00
5.115127984115179771e+00,1.831269795849315152e+00,-1.293440434411708750e+00,1.375456957445816419e+00,-3.743447577366151080e+00,-2.136887896724556146e+00,1.099268474597542511e+00,-1.456944378266019413e+00,-2.238434015876416439e+00,-1.086198753193088784e+00
1.897230861529392909e+00,1.638062667431081643e-01,6.194027717739434280e-01,-1.066224311720360918e+00,-5.149798977859647575e-01,4.060283044904134719e+00,8.267913404412405853e-01,-1.545281568988023047e+00,-2.210728311578709970e+00,1.231068842949175846e+00
2.375312026799659026e+00,-8.914649185269065690e-01,3.118948718616317173e+00,-1.624406934557578230e+00,-3.481387519435333866e-01,1.862820063318366692e+00,3.557008050081262307e-01,2.111245945578880345e+00,2.492284171109074187e+00,-2.714254530428459766e+00
-2.265827513580282115e+00,-2.420896730705992983e+00,3.299523468876436105e+00,-2.185926313827109002e+00,2.931852020712820028e+00,3.051809970461616839e+00,4.100216113419446473e-01,2.843901436798027760e+00,2.689515944802386649e+00,-2.003759796077569710e+00
4.461850608923651151e+00,2.766005337016737897e+00,2.016020869977858787e+00,2.303865119391378169e+00,-4.088878420125621638e+00,-2.215383691233490548e+00,1.092039965937280810e+00,-1.339371553437743056e+00,-2.239270934450446227e+00,-8.982225281862792343e-01
7.992475095753470704e-01,1.168627173469593217e+00,-1.203144728993293278e+00,1.234516094442328571e+00,-2.699244118525819580e+00,-1.820990956250103432e+00,2.435847758160978316e+00,1.355422816250863249e+00,1.301476122773380206e+00,7.563220040063649563e-01
1.051156126287216885e+00,2.553615859032136726e-01,-2.102151156168825974e+00,-7.631717697492903518e-01,-1.119524494715528729e+00,1.222651222543803318e+00,2.741028228356769958e+00,-3.904446774335381676e-01,-1.951059444496465733e+00,1.580173016470883596e+00
2.446216312334247966e+00,1.036650071831952680e+00,2.691752105554058083e+00,8.249141661964014549e-01,-2.764614113376341997e+00,-1.769161459474789977e+00,1.357247207661450794e+00,-1.050390233372664461e+00,-2.143734105047550020e+00,1.577512614071968855e+00
-4.909080884869724493e+00,-3.324535994519749238e+00,2.930157764366604134e+00,-2.328750924705596859e+00,5.364271441154548015e+00,2.831046257555283940e+00,3.206550426124249675e+00,1.320525692787342997e+00,1.090996447329705354e+00,5.229871660516458576e-01
-1.824036478661593907e+00,-1.911964048080344813e+00,-1.816639332534827345e+00,-2.055080167619310227e+00,2.618424973618084906e+00,2.563835390085355215e+00,2.214218000166128242e+00,-6.126824964339356860e-01,-2.098667953972598088e+00,1.940275702842365391e+00
2.327968540824053356e+00,2.379966759348270955e-01,6.367761888267802206e-01,-8.166561608491339497e-01,-6.269992217420614633e-01,2.185041474813453455e+00,6.381030900382944626e-01,-1.723884669804729430e+00,-2.298505313273308204e+00,9.654418356995391193e-01
4.176590313753356654e+00,7.969803505690364887e-01,2.939805211061024437e+00,5.288083561325451765e-02,-2.313878881433948820e+00,-1.505403745239770608e+00,1.791605661498251734e-01,2.491402159865510946e+00,3.195042580831273238e+00,-3.370185915483993266e+00
-1.460870222772056248e+00,-2.573431961996753614e+00,7.901254299271798232e-01,-2.209343253390441131e+00,2.793943563970630706e+00,4.057131827244643496e+00,4.578802955014170450e+00,7.382060961071026384e-01,-1.116168095627046331e+00,-1.357968246230244702e+00
2.055693456179048528e+00,1.046651159994060443e+00,1.459114798529893342e+00,7.849600524498185905e-01,-2.677690582807317643e+00,-1.682254692876901325e+00,3.647333100497507363e-01,3.024299548973615970e+00,2.902493833350162422e+00,-3.367122512751670627e+00
-1.449636967333027160e+00,-2.492648885746336695e+00,1.522170918532204098e+00,-2.199003680142541661e+00,3.504573450220846542e+00,2.493050114963350161e+00,1.729565305447222645e-01,-3.371485770476948751e+00,-2.449435136869511531e+00,2.436194248126859030e+00
-5.405313800899274490e+00,-2.028381364247593854e+00,9.867961111690100040e-01,-2.048225938833700077e+00,4.990112492526785459e+00,2.856865850235883908e+00,2.667921619930939126e-01,2.402072667651934168e+00,2.715418166599469885e+00,3.433607507081530841e+00
7.152484814415311920e-01,-2.926166507128953320e-01,-1.079621336824838629e+00,-1.036306329540422677e+00,-3.777408622051197096e-01,2.794693286758433537e+00,4.248518408508934918e+00,6.242732906403958282e-02,-1.750648050611913531e+00,3.118956492521156143e+00
-1.745673202697243909e+00,1.401939945838974744e+00,1.087488260337313051e+00,2.345429052252846258e+00,2.152734656035510952e-01,3.047032647681604978e+00,6.822295153495245845e-01,3.373854355741199740e+00,2.261553591884068126e+00,4.339201350784112066e-01
8.328406755509218939e-01,1.453000726121934427e+00,2.615985871551275821e+00,1.944028652766553567e+00,-2.931716214486416838e+00,-1.936447130030287900e+00,1.054812788183500660e-01,1.948410569498447487e+00,2.962090863824192066e+00,1.591579143039880684e-01
3.557072425361892165e+00,1.847748278869989491e-01,-9.367238297173505757e-01,-6.885805931577855254e-01,-7.984415833245538385e-01,2.054507774973410861e+00,3.192064382222325469e-01,-2.720148247091046301e+00,-2.399809596351020868e+00,1.254127980012972543e+00
-1.889409975761626725e+00,-2.310979924700147237e-01,1.449108006508148527e-01,-1.188702195634254943e+00,2.337604411302759644e+00,2.584753466497392793e+00,3.841413651570801946e-01,2.663226741820425403e+00,2.587219583521919830e+00,1.313957088005974327e+00
-1.220518093982511321e+00,6.316925590349526942e-01,-2.528221983548258667e+00,-2.822988353595103361e-01,1.004170258340489896e-01,3.359132248646949037e+00,2.369652341962381392e+00,1.485181398051667934e+00,1.239371298100011565e+00,3.475885041395310182e+00
2.164562625778152505e-01,1.803359140014565654e+00,7.893928564626699895e-01,1.436505785662215651e+00,-2.922265737216450443e+00,-1.879960209205250976e+00,2.789200018159717076e-01,3.341085781537747934e+00,2.998741974150703982e+00,-1.252268160198577451e+00
1.219334681129862208e+00,-3.078690671975889082e+00,-1.465636980999263983e+00,-2.295599787493818322e+00,8.632455970271794010e-01,2.360801885105884512e+00,4.216478715152839563e+00,2.498437562296422776e-01,-1.639511205559133877e+00,-3.022918173056115876e+00
7.806232235067804837e+00,2.529052350835365282e+00,2.510772615961013088e+00,1.913176071116673649e+00,-4.167311492401169382e+00,-2.233231617124538992e+00,1.198277990046804797e+00,-9.978867927977721486e-01,-2.163418671352691280e+00,-2.258221842362802434e+00
-4.637688492947757091e+00,-1.884580544762314513e+00,-1.755327237104675309e+00,-2.070632436342044080e+00,6.956060259912284494e+00,3.393252254909778998e+00,7.686985196103368612e-01,1.876150391658051753e+00,1.868851375201009191e+00,3.459111291218468054e+00
-1.029045976731244316e+00,9.215677629959486694e-01,-3.110866758424333689e+00,4.060520134623336608e-01,-1.052082305188486000e+00,1.631986127187731617e+00,7.949979664727395701e-01,1.618587253558738226e+00,1.812377709375040391e+00,8.599651937664543055e-01
-1.493529775476738708e+00,1.207130372286024489e+00,-1.587026545426154067e+00,1.099371574806176977e+00,-1.288495114919712803e+00,8.475111904544762043e-01,9.449743031220109862e-03,2.586519288030754815e+00,3.776579786618631029e+00,1.041825740988786997e+00
6.515546725043929399e+00,1.751137185869037438e+00,3.034157676282825733e+00,2.756271035305891459e+00,-3.685143078794902660e+00,-2.157095453989153366e+00,1.213633454979895498e+00,-1.198049340093593429e+00,-2.191720722989362269e+00,-1.544182415340062509e+00
3.806909128371169793e+00,3.043803157984946495e+00,1.013222052949709351e+00,2.912990843033565813e+00,-4.178903842609289043e+00,-2.240873018392568916e+00,4.321866836425598102e+00,2.663942643175500891e-01,-1.516750836195746466e+00,-1.280621418192290584e+00
-3.849577507854173852e+00,-1.420866152535563476e+00,-1.124989988611555525e+00,-1.906167359361162106e+00,5.325043803153085342e+00,2.804531332496726037e+00,1.274588031928022946e+00,1.575937676850641012e+00,1.656021367316198312e+00,1.682144536792769429e+00
-1.205480604561806501e+00,-3.062630505573976869e+00,2.074730187126374581e+00,-2.288152542930461220e+00,2.827873042292861960e+00,2.702010554147904919e+00,6.001925200363247281e-01,-1.992899411232298856e+00,-2.329520248617548805e+00,1.256747991239643980e+00
6.032416676842956349e+00,3.233215223092309465e-01,-8.427276328088706414e-01,-8.704481269823460821e-01,-1.053621474624495846e+00,2.146642980508389087e+00,3.475728167368163923e-01,-2.530843730070405861e+00,-2.390560246187889426e+00,-3.192889960702946173e+00
-5.397743354644414238e-01,-2.273698096407305691e+00,-3.427497289367917421e+00,-2.117058183139411298e+00,1.255908719305063537e+00,2.653593778479080623e+00,9.009926132631114193e-01,-1.698332039737580068e+00,-2.290643619173333256e+00,-1.689775299652520602e-01
-2.166363413680351346e+00,-1.923352979920593064e+00,3.122100700801349049e+00,-2.038189500925715159e+00,3.771748899917563680e+00,4.475553871557780283e+00,4.206017201053755095e+00,3.146511733983903270e-02,-1.778454273808988129e+00,4.773145855497933354e-01
-9.173934872697790954e-01,-2.530144599722025323e+00,5.849074393071322930e-01,-2.207940959842512374e+00,1.341968927103638576e+00,2.490649547907950012e+00,9.937269739042807748e-01,-1.336220239320290659e+00,-2.243327290537702190e+00,-5.536203469793479215e-01
-1.713426690187980439e+00,3.304372498032548400e+00,-2.409862754916050065e-01,3.884839707053800772e+00,-1.766819026720203967e+00,-3.334271623515615568e-01,6.928121672709842693e-01,2.513278955680114279e+00,2.080087888891934522e+00,3.299731470808561440e+00
3.534763674281863111e+00,-2.580340703926334189e+00,-5.397782893364944101e-01,-2.177748444002280515e+00,4.654103817456919368e-01,2.558561812520403045e+00,5.763200546456326290e-01,-2.017038179938812181e+00,-2.335240082053434474e+00,-3.143426477943259911e+00
1.711565432017112753e+00,1.971937489398261079e+00,2.202801924920406940e+00,1.651902488046376627e+00,-3.476602321319402389e+00,-2.096704537603730323e+00,4.612624271411799981e+00,8.932189964901358081e-01,-6.728937337071918545e-01,4.714990059385026910e-01
3.141761913617276303e+00,2.363480182550933506e+00,-3.379858461996163577e+00,1.715745037789562666e+00,-3.763387077996173780e+00,-2.156133378158624936e+00,8.475884385728608139e-01,2.033015268603264758e+00,1.819950439712936907e+00,-2.350428739618187990e+00
6.557041061497484336e+00,3.113679374767990282e+00,-2.127326277023220413e+00,1.925726050790579791e+00,-4.314428701731112703e+00,-2.259609135859141915e+00,3.454071700292503655e-01,-2.546813973129737896e+00,-2.382162318302966764e+00,-6.058594886991279793e-01
2.075853796385086270e+00,2.842289081161318620e+00,2.905705906659842519e+00,2.100898397587394939e+00,-3.956319063948699810e+00,-2.198125560508125798e+00,1.632564523700243519e+00,1.603019771975664476e+00,1.439067686837046889e+00,-1.467093153803795236e+00
-1.180709780685938570e+00,8.046788152299235719e-01,-3.136962577922614237e+00,-1.467076452305244583e-01,-1.102114958732012706e+00,1.837904787335765677e+00,4.639870950674522820e-01,1.714412111186065069e+00,2.199285234672064604e+00,1.538497299436056842e+00
-4.123615151168320558e+00,-3.379848336505063777e+00,1.034536356529254242e+00,-2.334995331981519762e+00,6.758597510094828564e+00,4.154749005623327385e+00,5.000636901810851853e+00,7.847809509631051839e-01,-7.259578256336205460e-01,6.845896788328387217e-01
8.955854313535386302e-01,-1.167120669030533797e+00,-8.197580369271895151e-01,-1.773952258760038481e+00,3.533740237170436282e-01,2.765573678662215595e+00,4.699397956224414807e-01,-2.447612563931903740e+00,-2.381948430055796262e+00,6.117673656274362770e-01
3.305651784755797351e+00,1.898229717031881592e+00,-7.081451250636301431e-01,1.946121395724414338e+00,-3.652646732855077794e+00,-2.144963437376421034e+00,3.290892378783004668e-01,-2.495196114863599490e+00,-2.388785032225948068e+00,-3.153300861071892669e-01
-9.438989724786950308e-01,-2.237723345451396284e+00,-2.809594111689603935e+00,-2.099768917599641238e+00,1.294058712253853383e+00,2.765618113812906120e+00,5.879392963753478085e-01,2.057262087870170397e+00,2.061785554083120697e+00,-1.942930223652803434e+00
-1.419190920979653159e+00,-2.258103578490763041e+00,-2.316556700754191844e+00,-2.131824987537298988e+00,1.325750501611210108e+00,2.747709106580571436e+00,5.327418609738964195e-01,3.033289132731020743e+00,2.492092683361216476e+00,-2.452218641639530627e+00
3.320473869581426207e-01,1.538159714225833419e+00,9.642479282044655875e-01,2.056790302993637631e+00,-2.983902691014745479e+00,-1.922911585799760958e+00,8.677489899948500618e-01,1.551546370825146681e+00,1.774647210300640765e+00,-1.325696676028531584e-02
2.307678826737179278e+00,1.487878612711128312e+00,-2.032837280849432382e+00,1.371149363133216559e+00,-3.124154102178802628e+00,-1.945415876197402527e+00,1.335123466086614308e-02,3.463502447170925258e+00,4.559581594957370143e+00,-1.035679508495382706e+00
-5.598799065527973795e+00,-2.801089352387954978e+00,-2.014560448698996531e-01,-2.248848837317329874e+00,5.795204761236227853e+00,3.450837638829338694e+00,1.475383638761667560e-01,2.194064740059811669e+00,3.006668404722321331e+00,2.731456780834222720e+00
3.256490479616823031e+00,7.476032746258249873e-01,-3.416743155126701570e+00,-1.434619675439164077e-01,-1.562682278029100535e+00,9.053721408911054036e-01,1.008497187155029673e+00,-1.431636071816177136e+00,-2.263685092728752846e+00,2.765548980965220061e-01
2.578087874300922788e-01,8.486764283883418969e-01,2.568988818578457511e+00,2.878573962888739124e-01,-2.056937996105240085e+00,-1.063728050498403022e+00,6.343533608924440959e-01,2.319266004238615508e+00,2.117423338834048430e+00,2.631102312318182257e+00
-1.518022346343001150e+00,-7.377645241534525056e-02,7.785594011349523669e-01,-1.095011058636630841e+00,2.720610834615255325e+00,2.891387682289919159e+00,3.356113278211056428e-01,3.140594562243158805e+00,2.798198815882432022e+00,1.135765251299181600e+00
1.289140577025600587e+00,2.511895320767144391e+00,-1.991501364895136073e+00,2.934793454629618381e+00,-3.615933382506531402e+00,-2.120316567849223954e+00,3.843560858811583270e+00,1.130527317362699513e-01,-1.576268817212066242e+00,3.016939296525445791e+00
2.293732490307054395e-01,3.688617329417778201e-01,4.527731368320120353e-01,-7.553532755342921012e-01,-4.933725401950485034e-01,2.481931870211826929e+00,4.109009870155596822e+00,1.383155829389869140e+00,1.130567806416750365e+00,-9.754657387523693046e-01
8.005571587230644326e+00,1.022661803253583912e+00,-3.266456493481249002e+00,9.265057869574524485e-01,-2.964131160511658258e+00,-1.902613534679336915e+00,7.203727517070543929e-01,-1.608972083699622857e+00,-2.280218153229204070e+00,-3.405864375667640331e+00
4.148043964110718740e+00,8.484731353780068375e-01,-1.889165071090298076e+00,1.233999235070935424e-01,-2.201930821968119734e+00,-1.321942942288543144e+00,3.109658313371145510e+00,1.422596149261249110e+00,1.111483487644150614e+00,-3.299376174811095908e+00
3.278716862929460518e+00,1.287955053334355782e+00,5.617481132774910790e-01,1.383541487058955521e+00,-3.052157379791814229e+00,-1.978412092617503948e+00,6.734940704982501636e-01,-1.706224933989450632e+00,-2.225655921229858336e+00,-7.910022878128737389e-01
-4.614008678468550784e-01,-8.704935505291366837e-02,-2.989752936487078294e+00,-1.274984231714344940e+00,-5.438762515856304658e-02,3.593749341677621167e+00,5.651585015800296603e-03,2.258316017058605851e+00,3.540840090575862575e+00,3.173712829700862770e+00
-9.676167965255609849e-01,-2.614465159985073228e+00,4.270392140769021516e-01,-2.194157523255808151e+00,2.316003951820135853e+00,4.872558350731997834e+00,4.959750358730219966e-01,-2.210536038293181793e+00,-2.326836591821185074e+00,1.067342211520379003e-01
3.250893956310296762e+00,1.524785116424481224e+00,-2.731210988269506146e+00,1.835942471794515196e+00,-3.414866629905571216e+00,-2.072312645792570684e+00,4.671253719794617787e+00,4.796547011817482442e-01,-1.486452110332140863e+00,-1.436920956786863268e+00
-1.087005474745944333e+00,8.602008302119834582e-02,-1.421275123430591147e+00,-7.081604692551629610e-01,8.225020011438411993e-01,2.476684805995931882e+00,3.838076003968257099e-01,3.340185221283474171e+00,2.930505690431847832e+00,3.377860006288361028e+00
-3.537092278998221317e+00,-1.285376643547502695e+00,9.352907604425153565e-02,-1.876785015307423921e+00,4.899590495868727302e+00,2.529679958564783337e+00,3.549083446076851667e-01,1.882425941878944187e+00,2.406565302315440302e+00,1.184604364251713449e+00
-2.895436084750844685e+00,-2.499182608100276592e+00,2.598997112195608139e+00,-2.181231867850173423e+00,3.808057054057919277e+00,3.356617129284714007e+00,5.581535576798108522e+00,1.031155383912837564e+00,-3.685775129642175907e-01,-1.013310691811410091e+00
1.960886185278939875e+00,1.938081118830785599e+00,2.503391253961866347e+00,2.167490313076266606e+00,-3.487286440184786063e+00,-2.093754613962548916e+00,7.373522818373901000e-01,3.316827915018509820e+00,2.180180005316733727e+00,-1.617695236468255082e+00
-1.849487845223538818e+00,7.120657034542761110e-01,9.076897764799669588e-01,-2.392138333392767047e-01,1.983377010653988748e+00,4.187248706550232846e+00,5.076248513990173628e-01,2.979898137019625359e+00,2.720404104112120969e+00,3.208128470060202631e+00
-7.984722723984607473e-01,5.770889538903363203e-01,-1.344228378987879058e+00,1.928389856709767924e-01,-7.277919846045308727e-01,2.913532137025438118e+00,3.700852123667187410e+00,1.266416175357475637e+00,5.756016406950263953e-01,2.451856685338463571e+00
-6.199987998877126927e+00,-3.375060814504616591e+00,3.329413006198474356e+00,-2.331786999938513905e+00,5.874923888612468836e+00,3.613089810119044287e+00,2.729244301356135161e-01,3.492497676627114522e+00,3.207917927181477502e+00,2.068227823803683307e+00
8.370975730541012183e+00,-4.786147676226617520e-01,-1.121402126384288156e+00,-1.485593757691291872e+00,-7.789555789387234697e-01,2.032239492621758181e+00,6.299386394444506099e-01,-1.804425991158903564e+00,-2.257452963232149834e+00,-2.407453563901542637e+00
3.716329300143811132e+00,2.403802443555894897e+00,-4.110833047195434631e-01,1.684660750845234478e+00,-3.981376603553750115e+00,-2.205674206106608803e+00,1.226078341887827383e+00,-9.491243986746664696e-01,-2.113710370891214829e+00,-4.677773887095142413e-01
-1.716696595414030524e+00,-2.540224821566752222e+00,-3.127520907145964202e-02,-2.170672579132761904e+00,3.072591777480607078e+00,4.114959434900005597e+00,2.139529916340616456e-01,-3.344115038311380239e+00,-2.446534562636427435e+00,2.909174949924412168e+00
-5.323102165859578072e+00,-3.333768025492714226e+00,-1.118945622895914038e+00,-2.322790523950803987e+00,4.434367509359161907e+00,2.846746685702872259e+00,4.238476759617605394e-01,3.404983176403899137e+00,2.778750423780649736e+00,-6.886096190066539613e-01
3.347281782033822317e+00,2.042989075639225049e+00,-2.955043286458537199e+00,1.774088795606126201e+00,-3.726884091789518738e+00,-2.133283515637517613e+00,3.268404079923017846e+00,-3.436801600289944858e-01,-1.997589186341535150e+00,-7.469014230803532328e-01
-4.991131856506639153e+00,-2.426485292098329527e+00,5.953082878656230648e-01,-2.177708445186244735e+00,5.520435668425528242e+00,2.530297965222298551e+00,1.619727389723848665e+00,1.647908727825895703e+00,1.506213288915714266e+00,1.521923605045649275e+00
9.589578553891648482e+00,2.961236169269603202e+00,1.283100904783092133e+00,3.708406320300403181e+00,-4.320147184567946219e+00,-2.259010926682909037e+00,4.591473352770831795e-01,-2.217519400685217246e+00,-2.347056188380461261e+00,-1.705622686939746169e+00
5.232219859201236112e+00,2.978869743711327622e+00,-3.115511882612171490e+00,2.822403873436510668e+00,-4.218416710367770328e+00,-2.242349441431755075e+00,5.147491102443808586e-01,-1.967596158524800298e+00,-2.317314400373894578e+00,6.515012860281998996e-03
3.207273853724202262e+00,4.443603780355744881e-01,-1.378319171582321978e+00,-5.486456737110909643e-01,-1.021136139177291957e+00,1.908757891650476157e+00,3.959234298701495014e-01,1.660530902786663709e+00,2.424492977573140529e+00,-3.362200682606264923e+00
3.780847526490124011e+00,7.176120787376527588e-02,-2.966154562251110516e+00,-9.051843752378132546e-01,-4.118613654770676424e-01,3.234121527577928035e+00,1.306058577823416833e+00,-9.752832107122784144e-01,-2.114983970571699512e+00,2.752890414171433875e-01
9.017869669961068979e+00,2.397051892620654101e-01,-7.430667600516969173e-01,-9.633708981465709531e-01,-1.160602948208825591e+00,1.376766693959643018e+00,9.587773491137963067e-01,-1.282619128437332279e+00,-2.219844285240173853e+00,-3.137363392202857426e+00
-5.836958031856872786e+00,-3.128289051865196235e+00,3.389794867030903269e+00,-2.292122696712907359e+00,4.827034372308788512e+00,2.989534651867127302e+00,4.982520645554588956e-01,2.721440762792230572e+00,2.522788420727625880e+00,1.617241447563543488e+00
3.560492211947704710e+00,1.275270792715454959e+00,1.023407914031417398e+00,1.632915856804661114e+00,-2.594335727437591554e+00,-1.712673621974629912e+00,8.396347977300075982e-01,-1.331591903045040937e+00,-2.218207569690868741e+00,6.080405869132912144e-01
-6.985357831467924328e-01,7.515917179925688529e-01,-2.647853470123595621e-01,-1.692501568232147036e-01,-1.090377646873492257e+00,1.684674758862760191e+00,7.189287528977407193e-01,2.048319717022220487e+00,1.971794337238715444e+00,3.207400313373289791e-01
-2.186289308554085320e+00,-1.329022577697402507e+00,-2.772896866917795577e-01,-1.905314414376347409e+00,4.748199045810736152e+00,3.790370491567292888e+00,4.490074341858984575e+00,7.376384589251170354e-01,-1.096439172508613114e+00,3.092810574575178606e+00
4.550872553409655907e+00,2.030202578975377037e+00,-1.353720554442248147e+00,2.530559222302561473e+00,-3.709127116507372257e+00,-2.152916485525873114e+00,3.831896751635143206e-01,-2.424327836291058524e+00,-2.371858905108842563e+00,-1.004079016206504971e+00
5.473588845856227181e+00,3.618253305659484553e-01,-1.028040171436344519e+00,-6.662088247738348068e-01,-1.103588080292983165e+00,1.751170395581943318e+00,3.640544778596458975e-01,-2.475194918962643875e+00,-2.381639932153980066e+00,1.809262802173089213e+00
-6.329889794784027135e-01,1.567603066091233899e+00,3.302584442596610437e+00,1.749524759689679243e+00,-2.586380452714704514e+00,-1.692837482505634261e+00,2.879537914556827838e-01,3.067119100097354334e+00,3.057342977915981308e+00,2.147281791586507005e+00
3.436724128710751280e+00,2.242904289409194618e+00,-3.095554159993255006e+00,1.986258403301109698e+00,-3.810919517600310780e+00,-2.158022612257669337e+00,8.755913695213282111e-01,-1.249149566922048926e+00,-2.168598298692331561e+00,3.298280005978766916e+00
3.503737629886976457e+00,-2.861372899480300269e+00,-1.500229836633113711e+00,-2.261026613863754253e+00,-2.603255167471230092e-03,2.142342799922836605e+00,3.494125055663834245e-01,-2.594272558902906756e+00,-2.391133189620105348e+00,-2.512538998860748940e+00
5.193385635149772916e+00,2.125834586666963233e+00,-7.890660685050798762e-01,3.140354286490957492e+00,-3.811154308184642403e+00,-2.178205307997641338e+00,4.803192641168799071e+00,6.683273052962048766e-01,-1.156668359222464471e+00,-3.448981522818486578e+00
3.354661893414089491e+00,-7.417945293335290735e-01,-2.340580151724727109e-01,-1.644158043074883668e+00,-5.009018520406227637e-01,1.797942828220242539e+00,2.434146050181870968e-01,-3.345547113814888451e+00,-2.446783076053151706e+00,-8.891548098583856863e-01
2.196849616420337270e+00,-2.407514462933104227e+00,6.936314508651371114e-01,-2.157173209807461411e+00,1.139855311391539949e+00,3.679252215889804223e+00,3.805576444333997443e+00,-1.019315758231389424e-01,-1.906215274657617531e+00,-2.180513086714241044e+00
1.066769352151948880e+01,2.604156197588515020e+00,3.392099487279524261e+00,2.192086576646598672e+00,-4.242938769550542055e+00,-2.243449672763809133e+00,8.426480935303635178e-01,-1.601906011657304285e+00,-2.261479593924428766e+00,-3.058640744992788818e+00
-9.493949686294966828e-01,-3.312026524426055829e+00,-3.335722605868621571e+00,-2.319213349572939009e+00,1.171116123164496869e+00,3.111947353362751745e+00,2.084901604681829168e-01,-3.051058943380908772e+00,-2.426599909920053921e+00,2.231053722538845818e+00
5.311477967492165497e+00,2.854419089788371444e+00,-1.698892502116176928e+00,3.015610689833386537e+00,-4.139008139274774400e+00,-2.228607454609385918e+00,5.720693856048727710e+00,4.792813164413649574e-01,-1.316439652782360303e+00,-1.420700872102834911e+00
2.139213454751691224e+00,1.344060179350603512e-01,2.907886809684183227e+00,-9.203705290198553879e-01,-8.335284129401725473e-01,1.590074892600148670e+00,-1.730640402410410852e-02,2.112639718314682113e+00,3.561898382962132903e+00,-1.550087605892566778e+00
3.443601809636355426e+00,3.601501789778911444e-01,2.598659135594695968e+00,-6.099815095578897672e-01,-1.535643923233683816e+00,2.319510421693423696e-01,6.110750230043299203e-01,2.563316306929516841e+00,2.406406509342026823e+00,-3.068864288821438358e+00
-3.655519918197248863e+00,-2.677813785281216497e+00,2.590511672426599965e+00,-2.218925395299254255e+00,3.974913269462009069e+00,2.547155831957091277e+00,5.006292825033679783e+00,8.214096587935264537e-01,-8.585099339050750178e-01,1.291884955136624491e+00
2.149011608393523787e+00,1.859830501038503670e+00,-1.707548406510636774e+00,2.235926327617200116e+00,-3.460553781453246547e+00,-2.019136515541292365e+00,4.890752643500993813e+00,4.297431428322520119e-01,-1.388551775599248028e+00,-1.039277823735236250e+00
-7.123571451737793492e-01,-2.908323847030459763e+00,-2.571056749528359830e+00,-2.264843999021300736e+00,1.152712286818398768e+00,2.759463279158538729e+00,3.077442325146886870e-01,-2.921864229595598772e+00,-2.414407864071522525e+00,6.630397650294517220e-01
6.543185472861574148e+00,2.965953912752928190e+00,2.379283080560748331e+00,2.085888068695908260e+00,-4.268598957015588446e+00,-2.243881818123486749e+00,2.132343969690678964e+00,-5.531622908893742974e-01,-1.944077253558996743e+00,-3.067026892303899022e+00
2.703296170627313977e+00,-1.172657495983573384e-01,-1.403168378334179511e+00,-1.044668428437843133e+00,-8.571954720444017184e-01,1.979038960582351070e+00,3.228061782812999270e-01,-2.654233038181860849e+00,-2.401857675988914309e+00,-8.374183389532454669e-01
-5.016833628970672088e+00,-1.825005369692132451e+00,-1.098076165296414608e+00,-2.039780941908883705e+00,5.283375177470175821e+00,3.590577371660181427e+00,7.901895711656268251e-01,3.312373790207254309e+00,2.541949707609561848e+00,3.832444667030223684e-01
-4.710842249061378162e+00,-1.520294752322702170e+00,-2.040973162286403131e+00,-1.972455565245119891e+00,4.975232173134102709e+00,2.611728011952356265e+00,1.429289701417421066e-01,3.162447526168106648e+00,3.821383788528794234e+00,6.479516557242730457e-01
4.992265851619640316e+00,-1.820233496651869842e+00,4.759622482526535414e-01,-2.016482815810425322e+00,-4.665882565664857262e-01,3.207107665088566151e+00,4.793996963063048011e-01,-2.525045366466014851e+00,-2.380226923521970406e+00,-3.428793793203221973e+00
-5.660160613636452176e+00,-2.665455523487885170e+00,-2.853356256967471527e+00,-2.223317723945677393e+00,7.537301026445838659e+00,3.185341092641940097e+00,2.307766539883596701e-01,2.500933143286307114e+00,3.091036439163135974e+00,2.039226811588711108e+00
-1.387167869464296821e+00,-1.170480031500703788e+00,-1.444503561424302696e+00,-1.852107289855507100e+00,2.932651120911199172e+00,3.705509183679027707e+00,7.408878004741467072e-01,1.642872645256846731e+00,1.921163632151802858e+00,-8.579909906107605622e-01
3.740942965683025534e+00,3.111065274439239303e+00,1.209678527885754917e+00,2.340363265078720278e+00,-4.202145826471140211e+00,-2.243143332907726162e+00,1.349871363862932272e+00,-1.068531787063294658e+00,-2.202062451286692202e+00,1.295049559856136234e-01
9.352845005824345748e+00,-5.993094282189366240e-01,1.611321332979771981e+00,-1.560207684364039782e+00,-4.684848018240206358e-01,2.522803044740990597e+00,6.451053352138969021e-01,-2.125558868773159915e+00,-2.338812876564106968e+00,-2.657269978000489807e+00
2.655305124048596088e+00,3.483086755194916506e+00,3.280546749119110927e+00,2.256457275489248904e+00,-4.153627438730004506e+00,-2.236654610873499482e+00,1.603121673837957228e-01,-3.381607534762054446e+00,-2.449054705258645548e+00,2.430178620857754268e+00
-6.978782898982038851e-01,2.695540266590954914e+00,-2.639732055082379070e+00,2.294938039346087422e+00,-2.909614936098730897e+00,-1.885276245638547232e+00,4.469286846141374281e-01,2.105926682973873199e+00,2.421386416106465767e+00,3.224100116492242485e+00
-8.838532933041534090e-01,-1.601622150619989915e+00,3.122489389599758525e-01,-1.951363530052342865e+00,6.161287617589068510e-01,2.633740900542328678e+00,1.715167464716057077e+00,-6.777328867580756366e-01,-2.023848684188636504e+00,2.931403722110506038e-01
-5.744554428361241527e-01,1.932604676723416404e+00,-2.292938307362684114e+00,1.650747829505837760e+00,-2.868805425867434256e+00,-1.798186860178556223e+00,2.106310793743814413e-01,2.919220270158802144e+00,3.248070952232972708e+00,1.443929305170738253e+00
1.442572735723047117e+00,-9.862940166603357817e-01,7.719199290069607144e-01,-1.688030795971101838e+00,3.327294834260163814e-01,2.463904137919647575e+00,2.129362172045499713e-01,-3.106587194178464628e+00,-2.430347179879359221e+00,-1.170322061303403771e-01
2.343335962428143127e+00,-4.286782633027410583e-01,3.401117788943950337e+00,-1.406576218049510274e+00,-2.039236134146685808e-01,2.469539341415790901e+00,2.638845633744957841e-01,2.409929734555228187e+00,2.697107982844100693e+00,-3.018900236364651324e+00
3.046589809317828301e+00,-3.231661755542537318e+00,6.984247439503672439e-01,-2.310786608393567754e+00,-1.139866634056066197e-01,2.708700278549595275e+00,3.599747243321607115e-01,-3.109151604993223739e+00,-2.432819197373391251e+00,-3.189063423079277371e+00
3.464244085430659315e+00,2.904989272858544247e+00,5.477399399867639573e-01,3.208660228680233040e+00,-4.057491024779585231e+00,-2.204946064914059978e+00,9.191859865070417523e-01,-1.353640612153908851e+00,-2.252244408034630219e+00,-4.939547662631049718e-01
-1.433314439273211116e+00,-2.647991759627786656e+00,2.627335584620718478e+00,-2.228806625318783041e+00,1.816883216225317010e+00,3.112940118811522439e+00,2.213591341222554965e-01,-2.928643884967558897e+00,-2.418116506272287580e+00,2.656093338573318974e+00
2.017578926011408758e+00,3.226474287446265521e+00,2.394744821829884351e+00,1.907258282516004488e+00,-4.046447845727284331e+00,-2.200626110173002914e+00,3.885380588053656936e+00,2.725389443916421683e-01,-1.694292803330400554e+00,-6.519375182572955119e-01
4.994296413906172738e+00,2.102311728514800748e+00,4.284281229056081663e-01,1.841318139360604622e+00,-3.880244736169702335e+00,-2.182638759981980314e+00,1.357614741491238286e+00,1.398873698493331652e+00,1.490064869937764769e+00,-2.542359674624875776e+00
3.693225903417439948e+00,4.070008442569399421e-01,-3.277049235758403789e+00,-3.705651384152930938e-01,-1.417027100777366488e+00,1.075212019944825403e+00,4.188220761109863410e+00,1.020937734266390784e+00,-3.414216487480854489e-01,-3.491175237415181876e+00
4.732983912579554087e+00,3.368826905135209770e+00,1.735738722736117623e+00,2.306637012953305810e+00,-4.272742972983263776e+00,-2.252942774673996507e+00,9.233107234518493911e-01,-1.516135791912649688e+00,-2.270590012731516616e+00,-7.342817459845818462e-01
-1.233477349110140509e+00,-2.220490053137229136e+00,-3.722762989167494041e-01,-2.116039766518969412e+00,2.490426021577013316e+00,4.302221315253881073e+00,3.281352656470664098e-01,-2.419047731888104735e+00,-2.377175641338731271e+00,3.402983546847970331e+00
1.510889872528107025e+00,2.421610286610110130e+00,3.467529488008326055e+00,2.066275082769706284e+00,-3.726324722244045429e+00,-2.113606067222321361e+00,4.444074264101113059e+00,1.024413902176177338e+00,1.362565851693280927e-01,3.352299655944444012e+00
-9.075331666914396855e-01,1.024631453072999854e+00,-1.255966429784981742e+00,6.413456777894415151e-01,-1.323829755722787382e+00,9.834100041062814324e-01,3.254104168417099707e+00,1.369767326101969829e+00,1.112974308154006886e+00,1.302581633885388612e+00
-1.901304964866328051e+00,-2.519424934325458665e+00,-5.643025961789498446e-01,-2.199084668142894827e+00,2.732769415406152369e+00,3.204291289814998667e+00,5.775496218416621419e-01,-1.933640818886048329e+00,-2.311275971363640824e+00,2.706794661729389873e+00
8.223339719108652801e+00,1.701435782779642025e+00,1.402646463622374995e+00,1.383278106462699775e+00,-3.613501946249675356e+00,-2.120894295142391694e+00,2.882661924533888032e-01,-3.036281069903070673e+00,-2.421210487210584184e+00,-2.479791254381528809e+00
-7.599236643467247587e-01,-5.923095654213614836e-01,1.593716134824053832e+00,-1.540035886391756481e+00,6.299764014090729614e-01,2.318278773074101906e+00,5.381737817118366074e-01,1.773165457641145970e+00,2.103519663747497326e+00,-6.403419741701288359e-01
-8.343132415136017555e-01,-2.606929810299118966e+00,-3.443426844086455496e+00,-2.191643933698641966e+00,1.401593629099276761e+00,3.382633564973960283e+00,7.261763976395347875e-01,-1.478163325587611432e+00,-2.244976199921702165e+00,-3.070230727709994945e-01
5.601583256501864838e+00,2.183624980799655724e+00,3.217073492631317144e-01,1.617099909432356597e+00,-3.903587100613749250e+00,-2.146336038965237947e+00,4.150535982335196827e+00,7.012401916261232770e-01,-1.088509681153865261e+00,-2.935647546190958579e+00
2.172381843727425377e+00,-9.552695745917505477e-02,2.143788980495586749e+00,-1.225714358932744386e+00,-3.205562907604447842e-01,2.067474229226170745e+00,3.590687005698439016e+00,-1.655507984902624408e-01,-1.840335638739541535e+00,-5.653435916131988037e-01
-1.358201970674780101e+00,2.174958908706186911e+00,-4.935820602954952285e-01,2.280401758242684984e+00,-1.621207405659079726e+00,-2.061765035160960657e-01,7.143355238855368938e-01,2.142369122842902485e+00,2.067867489601843634e+00,1.366670392851792926e+00
3.484892064442065784e+00,3.474531470042887982e+00,2.972647471068989411e+00,2.184244593281822855e+00,-4.220166276823299256e+00,-2.245603475892317125e+00,3.573158022698752490e-01,-2.510355254830142435e+00,-2.389859279524594537e+00,1.657957828971206027e+00
-6.240449698069721052e-01,-5.962605166136034640e-01,-1.630047339829368447e+00,-1.578459867929424387e+00,5.120387625510458562e-01,2.503170322726671948e+00,4.360405617200459716e+00,7.905711760049207726e-01,-7.675287326792104015e-01,1.178027380114244238e+00
-1.468239073397684946e-01,2.056669717963093724e+00,-2.394528697262382710e+00,1.657957677686359821e+00,-3.164670004624643873e+00,-1.963052953825899172e+00,-1.135519235733686294e-01,2.168296844865458262e+00,4.146130292810825679e+00,-1.164512115096409062e+00
-4.222086824923187987e-01,2.914308899881497439e+00,1.074925383317046901e-01,3.138892863828666169e+00,-3.419221388668248984e+00,-2.036124039449946910e+00,2.624218438798824882e-01,2.136117019892628477e+00,2.713804949688274348e+00,1.169545849832193340e+00
3.170107064035891486e+00,3.333807250912671272e+00,-2.350250128870095878e+00,2.138314145374311082e+00,-4.089972647507899239e+00,-2.212809260762300667e+00,1.497845287360948685e+00,-9.726239524846622686e-01,-2.105351385230548988e+00,3.130868811017739617e-02
1.261466793806480524e-01,1.595695646841814863e+00,3.602873591127062625e-01,1.155183596203220642e+00,-2.875554222857035214e+00,-1.891811650640592868e+00,4.441980674933809325e+00,1.025465744900145637e+00,-4.100082077015859694e-02,7.443103959604187025e-01
4.727766328467888357e-01,1.628478328979004353e+00,2.524352962485219010e-01,1.606701931512654280e+00,-3.085261383082495978e+00,-1.952705336008590420e+00,1.147483291641445691e+00,1.398146505732041689e+00,1.639656108080550734e+00,2.236524038037053685e+00
-1.194303842654941494e+00,-1.857237373372941036e+00,3.728906848482682612e-01,-2.035630279612751004e+00,1.396965135113676926e+00,2.260333543374209775e+00,3.843718275626348269e-01,-2.309408875636600023e+00,-2.363652256002631624e+00,3.021598999563375187e-01
8.302630913241934252e+00,5.984545397491149998e-01,-1.439063997582710641e+00,-6.181775026337155143e-02,-1.527182746411214653e+00,6.722210762384530636e-01,3.218338426096035709e-01,-2.645377968329237994e+00,-2.398715645898937598e+00,-1.519374837766862107e+00
-8.644540074387965234e-01,-1.590350911670247225e+00,2.159417800766902928e+00,-1.874757764167416241e+00,1.783736980483888068e+00,3.152983006985341952e+00,6.573334531174528372e-01,2.174984163907659251e+00,2.070558865031100204e+00,-1.542033949411875327e+00
1.375620258642905380e+00,1.154482292461725734e+00,-2.672178221565619793e-01,1.090789061814545491e+00,-2.456351487865473970e+00,-1.483035765904269887e+00,6.470836706376996705e-01,2.966730971553746876e+00,2.244206901977360058e+00,-2.007282758545370527e+00
2.245667780679490022e+00,8.617467921200008263e-01,-1.599599269291333670e+00,3.256271342440417715e-01,-1.936294098065459490e+00,-9.417605596133078460e-01,9.069675471086664498e-01,-1.402160367250389506e+00,-2.249355147754316775e+00,2.913370396561711928e+00
3.070253841885617341e+00,1.521697099379855977e+00,-1.029822587353912411e-02,1.421995767394300669e+00,-3.368160939952486110e+00,-2.041309104557501364e+00,1.163027591302586039e+00,-1.225650134897907861e+00,-2.214556090722074266e+00,2.704677096871921371e-01
-1.253414821207004426e+00,1.133256610150528587e+00,1.160202941820243083e+00,9.150657716391799035e-01,-1.267237588510299329e+00,1.339723335327532183e+00,6.076763329640659794e-01,3.327560777861605423e+00,2.329466983144585779e+00,5.130922010159606472e-01
4.859756587640745806e+00,3.374276639631683672e+00,1.173954029123528642e+00,2.084651639402538947e+00,-4.285577690617329516e+00,-2.255546809037937361e+00,3.418976147169006552e+00,1.195256590005474351e+00,8.747922709616626769e-01,-2.653799720762834102e+00
9.013531617002582763e+00,1.252330091456188121e+00,-3.297036456320295628e+00,1.550576493588017524e+00,-3.231753513816398193e+00,-2.019105582104244068e+00,2.524417189633314518e-01,-2.970975526961129543e+00,-2.421298896286954605e+00,-2.107653751296661770e+00
3.355037554189290283e+00,2.692741516528576184e+00,-1.345348517717372960e+00,3.087123077752773170e+00,-4.056037734598390010e+00,-2.207190976960955453e+00,4.004088362416360347e+00,3.120273985671513373e-01,-1.547039214199578350e+00,7.831645138742766576e-01
3.084671147829088245e+00,-7.619424667463317036e-01,2.181965415446166290e+00,-1.567574609336518154e+00,-5.523113273033598558e-01,2.191001213831059058e+00,1.615386846948827504e-01,-3.364435424708235534e+00,-2.447178808464806288e+00,-1.120576687312101694e+00
1.807200376133037079e+00,-3.329914952835091313e+00,2.635321686966651811e-01,-2.325950282466463737e+00,9.621222822829471610e-01,2.676262679965836444e+00,2.874036609945232468e-01,-2.734497754931772384e+00,-2.407356941938949113e+00,-1.926952150643985284e+00
-4.424252441943759884e+00,-2.059611903399479527e+00,-1.574197863509366524e+00,-2.070614224118749291e+00,4.207960024082572303e+00,2.879532739884385961e+00,-7.715921381413971825e-02,1.906499345612372665e+00,3.620155594946617761e+00,-4.467149888752732778e-01
-1.958533529955318597e+00,-2.802232398254163925e+00,-3.139191394385834499e+00,-2.241445834894138844e+00,3.498644630758549035e+00,2.643834041098866550e+00,1.504436857116045190e-01,-3.428061959708013529e+00,-2.452052105169158835e+00,2.949964212205761882e+00
1.977234646206546431e+00,4.202963013977631945e-01,2.217488329054685181e+00,-5.414059245971863943e-01,-6.297803189902788645e-01,2.312045794314136149e+00,4.502269801257595461e+00,4.466079553957187365e-01,-1.395418254504030342e+00,1.824106776543001907e+00
3.790508541750289062e+00,3.162896120419073753e+00,1.609344397342464816e-01,2.753901079594156087e+00,-4.157574198045356439e+00,-2.227272908126688211e+00,1.026231238833338333e+00,-1.164612789043993235e+00,-2.199976050779531622e+00,-4.746426721719387842e-01
-1.664929089540995610e+00,-1.197378028651058912e+00,2.954074141625691929e+00,-1.776654172530991449e+00,1.549343529363561345e+00,3.309102221947867406e+00,4.061339730277901516e+00,6.269539632345288993e-01,-1.139820909086803669e+00,2.769221371475053317e+00
2.970276043721971071e+00,1.674125642657324775e+00,-1.402471145228772365e+00,1.979183289260545209e+00,-3.094838912775891071e+00,-1.961174294083229297e+00,3.483581299839663359e+00,-2.863554816654882984e-01,-1.922396232584874909e+00,2.107528630115303336e+00
3.543339871756030934e+00,2.290364123093759474e+00,1.767875657265506106e+00,1.736527565888425162e+00,-3.798234941298494149e+00,-2.166174434815087313e+00,4.841198159453311334e+00,9.101175229229196972e-01,-4.782438463924376104e-01,-1.339214425612964554e+00
3.913678867489733371e+00,3.221783939808012143e+00,3.064040651376904734e-01,2.680823412975114728e+00,-4.204354713172557823e+00,-2.244142205807920565e+00,2.430311417185667899e+00,-4.547141231891318469e-01,-1.857650238566767253e+00,-6.359110137101686711e-01
-1.245918378149729167e+00,-2.309831686460558586e+00,2.588904504588296795e+00,-2.154336709306931663e+00,1.056766573526525255e+00,2.617231862407830345e+00,6.585243836964811415e-01,-1.881278389545135710e+00,-2.318576200502442841e+00,-2.133225677992425240e-01
8.703757297349079547e-01,-2.814988478268553251e+00,1.697574072919391774e+00,-2.238555314433640309e+00,5.967796525298332266e-01,2.468757482758089594e+00,2.518562873933687940e-01,-3.078798301171119522e+00,-2.426870373955743343e+00,-8.613525679965605697e-01
1.456138497342561955e+00,6.477137859070438708e-01,-3.023718151005198251e+00,-1.323060046104500009e-01,-1.020319378019308054e+00,1.818044374270064267e+00,4.117703791000243640e+00,1.227726883286273107e-02,-1.814759757633957804e+00,1.141289468125123108e+00
-1.944802065850167239e+00,-1.389757602915047130e+00,8.318900373646691548e-01,-1.890919642193539918e+00,2.336772592238741009e+00,2.507502679640381427e+00,4.476974737846386887e+00,7.515425451345709718e-01,-9.551126414723900560e-01,-1.034307432026926321e-02
-4.999482084622767886e+00,-1.796080180354056477e+00,1.993116551100500899e+00,-2.028280526982688237e+00,6.216918549983466491e+00,3.283356663880033111e+00,2.746506133060415689e-01,2.093717751509651670e+00,2.711792989051582392e+00,2.857299108874179261e+00
-1.045768043039693396e+00,-1.939486807206319607e+00,1.333597027757607911e+00,-2.056402646534032819e+00,2.353419909156188261e+00,2.856791530406160629e+00,2.425930556568032803e-01,-3.081325391771013056e+00,-2.423627041084555955e+00,7.692055838616642660e-01
3.762088792028048800e+00,3.264748332626931315e+00,-1.385519532264942733e+00,2.492374883193309465e+00,-4.146809784695625112e+00,-2.232794456715285314e+00,1.280910618262224965e+00,-8.876780090460867356e-01,-2.104394365851729454e+00,1.995892777738594859e+00
3.655220481833829638e+00,3.134121262574938171e-01,-3.367681224481756885e+00,-6.708402976758300884e-01,-8.828303391115270848e-01,1.562724950711244620e+00,1.563342550396271402e-01,3.401223304329850983e+00,3.516179149777149071e+00,-3.210244646699894844e+00
4.476193872529598217e+00,-1.529818878550654571e+00,1.917046096447150738e+00,-1.803090709175413364e+00,4.179803144935585468e-01,4.049851487958847862e+00,6.978667789935487642e-01,-1.578001450949755080e+00,-2.252649741919400039e+00,-2.396479908129757419e+00
-1.821970919825344648e+00,5.648065396832278040e-01,3.016179009492512719e+00,-3.687716642054009730e-01,1.547712624853363472e+00,2.536174979199654622e+00,4.736504002029645610e-02,3.366185345754348468e+00,4.320486713773343368e+00,1.505579860515498858e+00
-5.827838868125609917e-01,2.249977618733472795e+00,9.728596079054607770e-01,2.638732986685714543e+00,-3.045122758747839331e+00,-1.893455889967877503e+00,5.730440376245798939e-01,2.119075689060654355e+00,2.182604739723473575e+00,2.188801007566559598e+00
3.554907469967069744e+00,2.214485349284016635e+00,2.990423873697983126e+00,2.038103257615087038e+00,-3.701996604689338888e+00,-2.139713021959733119e+00,1.167306358706272570e-02,2.076153587382207455e+00,3.357447503422137380e+00,-3.107194859134800424e+00
1.625890492173628132e+00,-1.124833795591353436e-01,6.864123112568165652e-01,-1.097078808059306132e+00,1.680661147015214407e-01,3.413377140221475869e+00,5.147185887921982506e+00,3.645738592760432439e-01,-1.418399136623190948e+00,8.925527161111546093e-01
3.277861059440955849e+00,2.127778331328832095e+00,-2.139185442985072072e+00,1.861637861817832640e+00,-3.846692648744328480e+00,-2.150305285422887902e+00,1.765122677290958397e-01,-3.293923370262508588e+00,-2.444326109467723551e+00,3.010386315083282582e+00
-5.464909407912017514e-01,-2.345697147223228196e+00,-1.791799357887671640e+00,-2.172413401325249183e+00,7.181590490947289407e-01,2.520027419090773435e+00,5.255832419771655495e-01,-2.416266717227411487e+00,-2.383179707130352654e+00,1.411194631505078512e+00
6.173238341082274871e+00,4.833191346307352809e-01,-9.911814594904333475e-01,-5.404711838816742553e-01,-8.616065264975586446e-01,2.479138855924182927e+00,6.167052642818638963e-01,-1.705152695338126634e+00,-2.304233357644247082e+00,-1.520893358922479566e+00
1.846931592613949569e-01,2.408777218928370267e+00,1.877056705725256514e+00,2.472446347537308853e+00,-3.524329588228443111e+00,-2.087401616061106413e+00,3.558548753423090849e-01,1.960011151188503220e+00,2.551732734619033494e+00,4.673977834576770185e-01
-2.821234184704574766e+00,-1.265637750872501854e+00,1.863045088714198272e+00,-1.811525996433102081e+00,4.192629954414884175e+00,3.043448824656080909e+00,3.880857675404761675e+00,1.197927799641994362e+00,9.314456900662804184e-01,2.055324672370510086e+00
4.862669309624168434e+00,-1.616540805424039107e+00,-1.608839449436859859e+00,-1.847048897679807178e+00,3.455957547641186345e-01,2.197056114608280541e+00,8.557876250548193120e-01,-1.488003345224380158e+00,-2.259781131699248213e+00,-2.865050673547234084e+00
2.879661512223080422e+00,2.432135927879063075e+00,1.335550847755624382e+00,2.071177385021809148e+00,-3.947138593219301939e+00,-2.185643649356690421e+00,3.921469136418461732e-01,-2.592486828001920873e+00,-2.376164370996925346e+00,6.338175603519591306e-01
5.555122926353719848e+00,-1.387178054367322222e+00,-3.267041140460414717e+00,-1.830221292152597767e+00,-1.919456533357461470e-01,1.862733263834567943e+00,2.445521136535994344e+00,-4.572815845573545701e-01,-2.061840479988411357e+00,-2.631833894576824484e+00
3.586111918251104314e+00,1.400784760380835436e-01,2.909432797358139311e+00,-8.652735414975326611e-01,-9.076360316192424449e-01,2.187080042508449118e+00,5.839311563100482161e-01,1.840304364060837194e+00,2.132545500850214992e+00,-2.692605310179159606e+00
1.403268772267948661e+00,-2.708327663001117713e+00,2.640462174698409825e+00,-2.225291589379875479e+00,5.606597645930239127e-01,2.817573042313561871e+00,1.845091206671582162e-01,-3.194291898537248819e+00,-2.437168311100707196e+00,-1.724834308989435794e+00
-9.169652058920946258e-02,-2.062351996626585748e+00,8.063422891017433258e-01,-2.099793152709690247e+00,5.697169877301934138e-01,2.980310026117898747e+00,2.541809735279521587e-01,-2.977623295364588252e+00,-2.423789309529551961e+00,-9.922509739672715767e-01
2.290144981681352387e+00,1.530419267940855477e+00,3.327949253676573349e+00,1.495735401620677862e+00,-3.125118966667504772e+00,-1.982364950712332208e+00,5.740898394711579922e-01,-2.195272223705923231e+00,-2.360603523808734838e+00,2.340146974671530877e-01
-6.438120780491385364e-01,-3.321783110059001842e+00,4.152708632270711853e-01,-2.323415028633249779e+00,7.857981563392333335e-01,3.018486580689709875e+00,2.286958365692673412e-01,-3.338803857589593971e+00,-2.446898255711477788e+00,3.087885399488905946e+00
-5.559758669377905527e-01,-1.028746785015685283e+00,-5.073594467130488894e-01,-1.749529550557671786e+00,2.742091867636243796e-01,3.010646867392337445e+00,4.509847972562146978e+00,9.919174117845956928e-01,-5.099859497401495467e-01,-9.454392404873912525e-02
1.669779748823007504e+00,-1.576361731814947875e+00,-8.022192127000762341e-01,-1.882319840723215121e+00,8.955044696581679897e-01,2.562346659011340844e+00,3.293510623400255910e-01,-2.440437332248470259e+00,-2.383472274518229739e+00,-1.464255686175664373e+00
2.599506965518789237e+00,-2.141905281700789310e+00,-2.558258643473177329e+00,-2.127784516846679796e+00,1.989052196027738972e+00,3.088234798136291204e+00,8.545274492779257880e-01,-1.388847873832202762e+00,-2.243539504351286240e+00,-1.798926525628989026e+00
-3.711326562153641984e+00,-2.502668690200676060e+00,1.323123892744384911e+00,-2.193336230090681127e+00,6.027765602574853609e+00,2.832341361941716151e+00,3.580417024016623095e+00,1.321486149449871306e+00,9.067517957579545040e-01,-4.531292476330079921e-01
2.643038597569725923e+00,-1.140423760106374473e+00,4.647155091768881974e-01,-1.839211848870549337e+00,8.665402113293525499e-01,4.100620508676929177e+00,7.753831786949175742e-01,-1.425548733311773120e+00,-2.238495591149460395e+00,2.460979589887813290e+00
4.177015020410350665e+00,1.829804259293234203e+00,-9.049499281768764725e-01,1.589111029942233522e+00,-3.623526232452310314e+00,-2.139908423486184041e+00,1.289528095711824918e+00,-1.027502942177286993e+00,-2.186028044341276289e+00,-8.127729276408222070e-01
7.168512862536061903e+00,1.394968590427732025e+00,-2.649907921084042606e+00,1.549021203350807285e+00,-3.479681837364807517e+00,-2.055941196065242504e+00,1.673222410461983611e-01,-3.339939663108817403e+00,-2.447424081928404327e+00,1.222625718671080719e+00
2.666997807601657833e+00,2.099536884445532436e+00,2.488027957185690475e+00,2.134999463698957101e+00,-3.773468270447974060e+00,-2.151960088934987692e+00,2.610729464881850759e-01,2.564966791534220469e+00,2.989998082383027000e+00,-1.833485051164849278e+00
3.708399632791965495e+00,2.023326147521267160e+00,2.187274195210001437e+00,2.171709001943726847e+00,-3.844228463701573340e+00,-2.186428303595202571e+00,1.103728709310021427e+00,-1.127809343459200697e+00,-2.173360439656473186e+00,-3.723785905733314472e-01
-1.982834891279676715e+00,-2.963444528217114460e+00,-3.422266517739934955e+00,-2.252765617938248255e+00,6.539758547594097138e+00,2.740707248475257707e+00,3.472337933466467241e-01,-2.574702278442801529e+00,-2.387935333026194318e+00,2.711219492461866665e+00
9.196923706833651124e+00,-1.044148692812239432e+00,-2.500830306282886717e+00,-1.741908329445656767e+00,-8.320108391690983485e-02,3.183562204712901966e+00,3.152188698807370515e-01,-2.625946990839467254e+00,-2.381513650797069559e+00,-2.643164650506079294e+00
-6.840657986349751862e-01,6.731363006941126770e-01,-2.476149155110001221e+00,-1.713213343657229437e-01,-8.488832289465386705e-01,1.902278155107394397e+00,2.074714667779583022e-01,2.726850112029971740e+00,3.114356227978054115e+00,2.066449949936670194e+00
3.455259636498492437e+00,2.325736975167080445e+00,-2.510549327390993124e+00,1.969301079524340192e+00,-3.868596193630700508e+00,-2.175397588056207088e+00,7.517580955138654097e-01,-1.750465364094023979e+00,-2.258323096772608896e+00,-1.224640120250072517e+00
-1.109009448759564087e+00,-1.803035194979367928e+00,-3.096136936852871280e+00,-2.019159348973555534e+00,2.245603411232696800e+00,3.285894327181395180e+00,6.360788503916025016e-01,-1.770055963334481230e+00,-2.231670178664999948e+00,1.034149146198929614e+00
3.474760363831755239e+00,1.073643265773876365e+00,6.382171757792711730e-01,1.391151661236904591e+00,-2.954355555200400385e+00,-1.944473096326774453e+00,8.587585673933278985e-01,-1.327389208849198532e+00,-2.246585864768344543e+00,1.249682216984790983e-01
2.361051894226284809e+00,2.785699483302789048e+00,-3.264933710197515104e+00,3.013148943355886900e+00,-4.018166136950383382e+00,-2.211667130920179858e+00,4.297336849148948312e-01,3.424143579389982150e+00,2.620551655602429975e+00,-2.822100960373109313e+00
-4.740180555616407609e+00,-3.057587380249635167e+00,-3.277856974340962903e+00,-2.289701094497360145e+00,4.440620395676506682e+00,3.109349141030915753e+00,4.760115701557247725e+00,1.198208402888969459e+00,2.720115913957736331e-01,1.912471694437074987e+00
-1.400802381299593113e+00,3.086928544951573095e+00,-2.467554902903318581e+00,2.247753294289648096e+00,-2.570596426278490387e+00,-1.681094346034334386e+00,7.384901182673264675e-01,2.883368609286574902e+00,2.156499289037796974e+00,9.777414502568140264e-01
-9.835619249231757344e-01,-3.406639832433894455e+00,-2.151321935286011122e+00,-2.339073969182134949e+00,2.434248973292579166e+00,3.190227119406014111e+00,4.783356758515555640e+00,-4.627479460757299989e-02,-1.799014881019171508e+00,-1.302113408743791112e+00
-1.062543869706154220e+00,-1.346256472460825915e+00,-7.849128861630285670e-01,-1.815547497787865394e+00,3.708808563465353814e+00,2.986221184756249425e+00,4.200760147597180527e+00,3.788582292253042105e-01,-1.493503485857615054e+00,6.242049666727504942e-01
4.161434271571837762e+00,1.295004150961406530e+00,2.316239191378827833e+00,8.539336778072967871e-01,-3.225575562974753119e+00,-2.020393313721033923e+00,4.105820467587379952e-01,-2.549021324814297440e+00,-2.388732697689710527e+00,3.066862796457627383e+00
7.055822678252792635e+00,2.417846710534310439e+00,2.663998418633138243e+00,3.291237580071585622e+00,-4.095484312959947637e+00,-2.221438279698943141e+00,4.342353194931294902e-01,-2.124699147056785087e+00,-2.355641144880317395e+00,-2.766689181310710399e+00
8.790344814377961669e+00,2.807056513289868604e+00,3.344956414177460147e-01,2.317665767983849712e+00,-4.228847185991308599e+00,-2.227112914191996307e+00,6.241627255626358561e-01,-1.985366546658873244e+00,-2.329102190193949262e+00,-3.157818829944428973e+00
3.858995636483249392e+00,1.433141158634609447e+00,-1.076963295245914054e-01,1.250238128286118133e+00,-3.336596388154405179e+00,-1.986767097069062959e+00,2.778401385594844619e+00,-3.873186621240174432e-01,-1.971143840900209110e+00,3.476584780689631948e+00
-1.788568869643393677e+00,-2.346218539613579512e+00,3.336129087794811987e+00,-2.164221223798164839e+00,3.150700578112593853e+00,2.547258276220051521e+00,6.672985057222996508e-01,2.950902033581706441e+00,2.203747177192333595e+00,-2.596532061663124225e+00
6.026557626547095481e+00,3.266162715545207540e+00,-1.145649241632770376e+00,2.394330532051038407e+00,-4.299453599306995777e+00,-2.255984450558381926e+00,1.975858589294955669e-01,-3.368847916096175510e+00,-2.449161456167721074e+00,1.608355373891150464e-01
-1.025225523008405748e+00,-1.834845808523729582e+00,-1.266211882362421992e+00,-1.951699949744642115e+00,1.353912549784236141e+00,2.613546157806618364e+00,7.667761533097738891e-01,-1.484738999911457746e+00,-2.249123453008146534e+00,1.882199243430818569e+00
6.190284944496482478e-01,-8.401677280866399755e-01,2.138191737149666594e+00,-1.680215974837427684e+00,6.646943099949771394e-01,3.506867836222927970e+00,2.658657433807143367e+00,-4.285625669351120770e-01,-1.993108162581308296e+00,2.346850547332180348e+00
-7.568415008284121726e-01,-1.122888223315730016e-01,-1.826823304899231726e+00,-1.028919390730121730e+00,9.256062442427609449e-02,2.273198457528646799e+00,5.775921232361973523e-01,2.330249092021082546e+00,2.251675810814135481e+00,-9.767882540536212410e-01
1.867290239703972565e+00,-6.698942398395741904e-01,3.040726043559981662e+00,-1.401629817809018519e+00,-2.534043599256918800e-01,3.232045380388503197e+00,9.541217184259636053e-01,-1.275122055641227270e+00,-2.178692319812084666e+00,3.323912354197341656e+00
1.060222435285468201e+01,1.214895800996282915e-01,1.731674817741092554e+00,-8.920014287039153000e-01,-1.319975423909132139e+00,1.337189444107523828e+00,6.503265594463532029e-01,-1.906609863877195776e+00,-2.305657242119937944e+00,-2.209130356121333350e+00
3.985834649741939906e+00,-3.835189818197806133e-01,3.496297133868808693e+00,-1.502419114138541900e+00,3.049665756834873953e-01,3.531212071124115504e+00,4.478574824427111523e+00,-2.354306799393519611e-01,-1.709503038688994447e+00,7.215209782490594748e-01
-5.335540906147716589e-01,-2.714875234386119551e+00,-1.345700488051082999e+00,-2.231616819841188981e+00,9.032041458196142791e-01,4.473309128351205644e+00,4.238304531171395162e+00,7.653617306052300506e-01,-8.776735670739790329e-01,-1.662165758947957261e+00
-1.129835582629221014e+00,-3.223436408188252500e+00,-1.113991603731825819e+00,-2.307365387469842766e+00,3.597657300634472310e+00,3.020188459277301618e+00,3.706384619708523065e+00,1.467313973723004317e+00,1.064004058435824129e+00,-3.123122463147648187e+00
9.305633869753656029e+00,3.031310840396939099e+00,-9.486501965143379067e-01,2.695384886161209970e+00,-4.351995918025242993e+00,-2.264800427810549799e+00,3.286727956401052086e+00,-2.399459722738317424e-01,-1.944427596424114224e+00,-3.197527444774414196e+00
4.003768327393157023e+00,1.883079300108299492e+00,-7.815535802422908240e-01,1.875322240410522090e+00,-3.757405978917157441e+00,-2.158732473086416359e+00,4.137391164599181770e-01,-2.384365711860922943e+00,-2.367135914846468125e+00,1.662683595310782358e+00
6.574121761749218695e-01,7.380574128564063585e-01,-3.565250405379822851e-01,2.175486728048859342e-01,-1.759808700587855546e+00,-6.055730224411275398e-01,1.119619010897904415e-01,3.054640682440723509e+00,3.616554465235892302e+00,-9.541003118831055119e-01
-4.522433301760260704e+00,-3.312516634344572442e+00,6.233770846952406686e-01,-2.325051230712398276e+00,5.442823531010329674e+00,3.766941051404129048e+00,6.900925636711219280e-01,3.008519403173207429e+00,2.278770326202421703e+00,-1.161715119933652840e+00
-1.137703345334512672e+00,3.258227301193937109e+00,3.198115030904919998e+00,1.980743043678891757e+00,-2.966873463542182510e+00,-1.849942532706146281e+00,6.643693012144286092e-01,2.506242781165584077e+00,2.087089526798531214e+00,1.957497050010989170e+00
3.100903030403113547e+00,2.296766506159507060e+00,-3.168741425491615527e+00,2.623365412108225492e+00,-3.877585842781665182e+00,-2.188165967171784132e+00,6.424898168951970190e-01,-1.972798629212316968e+00,-2.308328746621788330e+00,4.578100681512240477e-01
5.015764167189391998e+00,8.703748454978557092e-01,3.242624397627804633e+00,4.972357070160594167e-02,-2.629675771696630804e+00,-1.709922769568925194e+00,4.531756886482809499e+00,7.602804024650122727e-01,-8.506826157195860327e-01,-1.711875967712479962e+00
-2.054497317424621716e+00,-1.449614445168959875e+00,1.873242199818936804e+00,-1.814748775194584551e+00,2.660768824824232492e+00,3.006323399933177321e+00,4.188297281262996385e+00,5.105249632277715222e-01,-1.432343308953683003e+00,2.094624171369305898e-01
-3.363471452654914207e-01,1.582070023748427090e+00,2.803351194898901610e+00,1.545571573687895217e+00,-2.591198763279438211e+00,-1.643563589627851540e+00,4.799255716460209875e+00,9.816246277648623675e-01,-1.333450068680759326e-01,2.887729562352319590e+00
2.406663513158038281e+00,-1.288733540631117336e-01,-2.630530099227103236e+00,-1.070935731872398655e+00,-4.722509283984473449e-01,2.133009151199048770e+00,2.873487744192260163e-01,-3.001973381597175194e+00,-2.418326744588795041e+00,1.284602724077670288e+00
-4.922168072397097305e+00,-1.977781912794915442e+00,3.041526740879882951e+00,-2.080459702135166289e+00,7.770842195336854275e+00,3.414811926920278129e+00,3.298477348674618281e-01,1.982185220506003098e+00,2.536012396014281300e+00,1.549706286688596002e+00
2.448798198986168462e+00,3.451310376016312631e+00,2.679381505838546396e+00,2.041778275077848814e+00,-4.168675270140425049e+00,-2.238200478311489494e+00,5.674048618582665515e-01,3.054507076281826272e+00,2.458566489884708606e+00,-2.289661815932632294e+00
1.348845137006335460e+00,1.117411710648989143e+00,-2.155891740608089524e+00,9.154392107820070734e-01,-2.624280739386758654e+00,-1.715064516296928465e+00,5.649934260538358899e+00,4.048134117727797410e-01,-1.559564929491070728e+00,3.335510592823811571e-01
1.946834727208800242e+00,-1.559803657418712408e+00,-2.848212304957424390e+00,-1.883558347329711724e+00,2.349211726880803264e-01,2.173827536507291658e+00,3.810454843059367103e-01,1.471131146388193756e+00,2.144962049968855311e+00,-2.872537141860631138e+00
3.190053972379454983e+00,-1.413862137434653832e-01,2.335454309949351881e+00,-1.216328170431323574e+00,-9.397614871305637330e-01,1.465776793747063822e+00,5.007301405720805398e-01,-2.254429995542750476e+00,-2.357543854963580543e+00,1.119773999716718649e+00
5.943518231818090136e+00,1.632442477020176419e+00,-1.943918210342546971e+00,1.832237930802698811e+00,-3.534592223949513556e+00,-2.095483361565825930e+00,4.069873144555781863e+00,8.293205148927249581e-01,-5.289711491971322843e-01,-1.871232625896174007e+00
2.972182075932581213e+00,3.357945725141947335e+00,-2.719396228614467503e+00,2.255671726382675768e+00,-4.152741650355878278e+00,-2.238383554587076940e+00,1.916092505700337789e-01,1.767745644672521266e+00,2.685095571529381164e+00,-1.349856139192043170e+00
7.590084955978417369e+00,7.644856439148561833e-01,-1.788807907216074078e+00,-1.110744917054461989e-01,-1.285244074553416826e+00,8.932460978852398981e-01,6.067048810240259771e-01,-1.803620389436578986e+00,-2.318244878750761018e+00,-2.920646202378345269e+00
-1.912870296388374580e+00,-2.862131933439608034e+00,-2.390903071524485668e+00,-2.245678827813237355e+00,2.904362506436281688e+00,2.587756728006039175e+00,5.828876837364949104e-01,-2.076086968304217351e+00,-2.319767812106354299e+00,2.519896935639711621e+00
2.856282641875362849e-02,2.239377722893738820e+00,3.881029762414662798e-01,2.462276285487313920e+00,-3.147981167063937491e+00,-1.941594202432070926e+00,1.003279411039658342e+00,1.661801369484393831e+00,1.881447217683980933e+00,1.954056012547033205e+00
3.771664249902812571e+00,-2.843096458265848892e+00,1.418692266339190766e+00,-2.257337302857822525e+00,-1.731779734870139698e-01,2.593063639932546849e+00,5.084250071158914475e-01,-2.026912378861165820e+00,-2.321944885722744267e+00,-1.704115535530984715e+00
3.783379766773005137e+00,1.497289899834494342e+00,1.983396708005242814e-01,1.088372504937047180e+00,-3.433170051382643084e+00,-2.076602932322851647e+00,2.969112849862060699e+00,-2.973193836279204305e-01,-1.945791274435575202e+00,-3.301376737925880711e-01
6.111775976236251573e+00,5.934112422331772052e-01,-1.124322065870824616e+00,-4.400947148127117292e-01,-1.500250097321439879e+00,1.714863710068555980e-01,3.400008857330675816e-01,-2.490517687982614081e+00,-2.383818336648167779e+00,-1.805931474689906224e+00
4.417263260171643502e+00,-2.172321094528357754e-01,2.217951435186255260e+00,-1.227112352067832868e+00,-5.216827778408730243e-01,1.877330268492870768e+00,6.959718851713975196e-01,-1.696798539982268039e+00,-2.303409846860856813e+00,-1.365037007127658075e+00
1.894699445044786046e+00,-3.487705802742269601e+00,-1.667851757562613724e+00,-2.350220254372098694e+00,1.174126548566015504e+00,3.754497400088415482e+00,2.309196479452950423e-01,-2.901703774569082128e+00,-2.417029258170594552e+00,-2.151136392057399593e+00
2.527558974350433640e+00,2.027573464979983697e-01,2.061800188582604498e+00,-9.474186211001236479e-01,-1.151103356617164009e+00,1.651599662822369030e+00,3.938597561284407078e+00,-1.943103644763715110e-01,-1.951444485891692615e+00,-3.251548074572547797e-01
7.981173798215325021e+00,2.521299337513825733e+00,-9.175144485972435149e-01,2.922965847729534605e+00,-4.160473291897252679e+00,-2.235719554384956176e+00,4.516042829130261005e+00,2.530464505122420604e-01,-1.638593972658542341e+00,-3.457881662820808000e+00
7.836343516514551188e-01,-5.827417539380914668e-01,-2.812243271742460582e+00,-1.476085788312974767e+00,2.874437294283650468e-01,2.422666653530579417e+00,4.191699211909196698e+00,7.580062932464022296e-01,-7.698925480314479097e-01,-7.246420982487427054e-01
1.423653702137043009e+00,-1.640728022589387214e+00,1.814276386354939596e+00,-1.931851331625080714e+00,4.678550115150549304e-01,3.662098309313412958e+00,1.896666162592110516e-01,-3.290610852530842845e+00,-2.443625099833014680e+00,-1.327872602468867402e+00
3.629613790549542252e+00,1.117777936377388315e+00,-3.386042641750397042e+00,4.861762994699049267e-01,-2.918206507591022181e+00,-1.882299100908213507e+00,8.884655060641907243e-01,-1.667799174696250164e+00,-2.262916416826910915e+00,4.982383998374979583e-01
-1.125551134840541145e+00,-4.780098032371098427e-01,-1.366044562431580900e-01,-1.220789864657174872e+00,4.416748749426142595e-01,2.856711399482996239e+00,6.185159485268533208e-01,2.238813159407504472e+00,2.132879307571301286e+00,-2.950083212260334875e-01
2.134030770351672324e+00,1.383915581670354555e+00,-4.662155732290464982e-01,1.378865563813330919e+00,-3.060818253862704008e+00,-1.926043625992073460e+00,6.965590060599797795e-01,-1.810549579952061006e+00,-2.305539122924269879e+00,1.787242072271768123e+00
-7.770607034606380470e-02,-1.611535892270300696e+00,1.277963566766220360e+00,-1.979621869993386740e+00,8.125384602965732839e-01,2.557238888979502356e+00,2.201281013353073301e-01,-3.189252408813782580e+00,-2.437685557525621771e+00,6.430774103332979053e-01
2.006422373638061529e+00,2.000353936565848478e+00,3.307924913091780716e+00,2.390342007825878134e+00,-3.674098708178241690e+00,-2.132379144237214863e+00,1.271589031871023678e+00,-1.075283129123740800e+00,-2.101904982735840477e+00,2.162363696888931486e+00
3.653261029959247175e+00,-1.479869969394189688e-01,-7.402817559099652556e-01,-1.015198564722941121e+00,-9.352051594192671846e-01,1.647807607331439161e+00,2.758016665233451459e-01,-2.871896356579712428e+00,-2.412741335284177779e+00,-8.958508234586446406e-01
-1.326145009614677406e+00,-1.569978024400181082e+00,2.988218220353028087e+00,-1.848482164994992516e+00,1.316221033064146617e+00,3.011935122653958796e+00,4.675653767185189658e+00,3.513248578364689401e-01,-1.334097486935362342e+00,3.494030487238521943e+00
-4.555133497867218662e-01,2.664701239368448604e+00,-3.256603809579283304e+00,2.513882221643684023e+00,-3.237426300653823752e+00,-1.964060745999960833e+00,2.896330844757326328e-02,2.905262000821005941e+00,3.975867958824673920e+00,1.846994288302381548e-01
-6.035381385844336144e-01,1.798081383248405274e+00,-5.726675243784207225e-01,1.469963737246556823e+00,-2.587104743539533125e+00,-1.743340634936048072e+00,9.193714096541441005e-01,2.056225250005106808e+00,1.953738954531035521e+00,1.269121404318859447e+00
1.679509607410514249e+00,-4.221171617649916996e-01,1.621148940412752815e+00,-1.388674219430063417e+00,-7.167479635838063246e-01,2.792346547139985979e+00,1.705999953085246990e+00,-8.226104977678323493e-01,-2.147750914456165727e+00,2.145351147474985787e+00
2.921889598866197701e+00,-2.020381118931690256e+00,-6.622815611200962849e-01,-2.078023079727388644e+00,6.513970938141897538e-01,2.758712372075202701e+00,4.288112588300370120e+00,6.046815021045492955e-01,-1.343555939800227694e+00,-2.337725236607990809e+00
3.933278282087877109e+00,1.892226517156768040e+00,-4.059681114655981915e-01,2.550469587125456350e+00,-3.791121453886237891e+00,-2.168058561259908590e+00,4.823111293538093314e+00,5.530505073876188504e-01,-1.346699488599763406e+00,3.685942827187469462e-01
-1.830954135399959437e+00,-1.664142126473691086e+00,-2.090638728243698896e+00,-1.963851832326273250e+00,2.561091546194957935e+00,3.529078946940318318e+00,3.662012506016155911e+00,-6.479605884816397321e-02,-1.770954328366769248e+00,4.411988791357064343e-01
-1.399072983496917111e+00,2.857801023538529606e+00,-2.258462007568227126e+00,1.935168842478073969e+00,-1.812043650442062503e+00,-4.659973302795436534e-01,8.816393021892143800e-01,2.416063756457314859e+00,1.957368290009989575e+00,1.266530346304978849e+00
3.960911539673729553e+00,-2.129133018596544691e+00,2.722081783930970111e+00,-2.103209747850256051e+00,9.405701373436392565e-01,2.476323882954887257e+00,3.933430012235641371e-01,-2.491768487848053049e+00,-2.380628632869809636e+00,-2.465286365533732926e+00
3.253558907828892011e+00,-2.311082554792154298e-01,2.232643047052537355e+00,-1.029943636323334744e+00,1.153804799154711791e-02,3.370247237459727874e+00,2.365007707596720188e-01,-3.282750987902193884e+00,-2.443687239120718058e+00,2.914436973357408256e-01
5.590693198818099674e+00,1.280119384780223690e+00,-3.837310975415890724e-01,9.460762690062272107e-01,-3.280916486230313289e+00,-2.041960543105157733e+00,4.877728184890585794e+00,9.639176324657938721e-02,-1.713828715034955597e+00,-2.287959388133092187e+00
4.751042164491190434e-01,-1.613998814388757586e+00,2.591116673829813699e+00,-1.887428648859617253e+00,3.967875240344240773e-01,2.310266188339948457e+00,1.630281661080082989e-01,-3.359325320396963299e+00,-2.447751657323703700e+00,1.010224332163365268e-01
-1.737677255926062259e-02,-2.675529106099848953e+00,6.746330516968370716e-01,-2.177104330106724106e+00,1.002138013991001220e+00,2.501951948860666963e+00,3.939244653613743208e-01,-2.251965465432616220e+00,-2.365659238786183227e+00,-1.034090703424776603e+00
-6.465647828656015950e-01,-1.917455288894084786e+00,2.590818095473058413e+00,-2.004852946877127895e+00,3.315062376917885967e+00,3.663551927547419318e+00,6.036878337419134821e-01,-1.851353129358471961e+00,-2.289288282633672900e+00,2.041685976693941029e-02
-4.562451921786773390e+00,-2.856983232479598733e+00,2.674541202901627557e+00,-2.251291360355399895e+00,5.037032903280939777e+00,4.247541328879490763e+00,3.190758095698468244e-01,1.303556891270576834e+00,2.246860265694818892e+00,1.267392074995468576e+00
3.337417902913723200e+00,-8.419255682617698966e-03,2.427423981579785561e+00,-1.152641878098979111e+00,-3.156112659476600912e-01,1.965753879851186881e+00,4.204363233286631640e+00,9.424405298275608800e-01,-3.330384400101832898e-01,-2.467801407467557162e+00
1.285664033228684389e+00,-1.257536616848238253e-01,2.816634776276393026e+00,-1.196145819869648852e+00,4.408906291762670904e-01,2.533515861832436933e+00,6.461033886327520737e-01,-1.794803852728920290e+00,-2.295145549071198943e+00,2.938888216071767978e+00
2.391346128553450967e+00,7.303102507306453717e-01,-2.934324761095774559e+00,-3.076724204888791614e-01,-2.020804314911065713e+00,-1.020280550041056333e+00,5.555827497062875153e-01,-2.065927269191560889e+00,-2.329693877117442025e+00,9.980798466804863267e-02
8.133118132424432822e-02,1.498954257369787157e+00,-4.115312917490605571e-01,1.686609819634389718e+00,-2.827111012919136801e+00,-1.861544438359704845e+00,2.840054326938416529e-01,1.855298687963895077e+00,2.471274912352670050e+00,-3.394598896658207465e-01
5.833560115134476476e+00,-7.193012447827751288e-01,-3.047066565138827343e+00,-1.648963170458034755e+00,-4.019055277769791878e-01,2.721224402310126855e+00,4.356483557855415967e+00,1.025369851684551747e+00,-3.392568575846495182e-01,-2.855133446745438341e+00
-6.706023380899289732e-01,2.268293613582721413e+00,-2.723694829932707506e+00,1.542811496052428399e+00,-2.914790834650994533e+00,-1.879013455561706403e+00,5.583207052683766269e-01,1.932981093727235589e+00,2.086410278033417942e+00,2.601657846247777961e+00
-1.613842596278381780e+00,9.175917057994871229e-01,-2.600711748934387835e+00,6.358595603782183359e-01,-5.229941034148248846e-01,1.957182503309819355e+00,4.971765666550672647e-01,3.393433349039126412e+00,2.503628824835881339e+00,1.474736195158564911e+00
-5.200804483980479453e+00,-3.190563793912174262e+00,1.145025506821095718e-02,-2.306230063431258692e+00,8.814684667437170162e+00,3.215068267762777321e+00,2.815864059090380511e+00,1.524047306323750739e+00,1.264434313949363009e+00,3.498044308676560021e+00
-3.211622749080444983e+00,-1.275418790712792294e+00,1.412498293278282802e+00,-1.853985645014470718e+00,7.282981872040192428e+00,2.639398861373982719e+00,1.000990355875771787e+00,1.892124038021947285e+00,1.881098462404946492e+00,1.740847903135543717e+00
-5.913176138699462570e+00,-2.727413536366164681e+00,-2.482197328860508367e+00,-2.213748182181551449e+00,5.542695078939912534e+00,3.483418197339847922e+00,6.789237658394045027e-01,3.168149385012691610e+00,2.150946802462246232e+00,1.792419811677965491e+00
5.208884695799943287e+00,1.994701324231463957e+00,-1.009048375265337416e+00,2.772825321967386181e+00,-3.790664020057685768e+00,-2.131919315389548597e+00,1.954479414026246031e+00,-6.841860839880236078e-01,-2.118486829593602128e+00,-2.207411241935621327e+00
2.439428253647373701e+00,9.609774805020441235e-01,1.367466550662896019e+00,6.405877929733412302e-01,-2.566004751761728819e+00,-1.668942753172812710e+00,2.026128625881940537e-01,3.208702587259995020e+00,3.215719497597715026e+00,-2.851550339077800977e+00
1.958085096005815817e+00,1.476926789646295646e+00,1.556722403390775611e-01,9.447952212261860883e-01,-3.032097313203949263e+00,-1.844049403632571416e+00,3.729982483192247678e+00,-2.912340303754490378e-01,-1.941347718611134754e+00,2.818688835451777841e+00
4.120328521558311863e-01,2.217931005554852675e+00,-3.011991498585893545e+00,3.191786569315687494e+00,-3.277332663112567435e+00,-2.033159374154746679e+00,4.430901265745991857e+00,1.111616335441445003e+00,6.933307451868006566e-02,-1.377175046726657470e-01
4.553360349615926950e+00,2.914290236356428920e+00,3.246603334401055641e+00,2.114563466171331285e+00,-4.140356342940950896e+00,-2.233590591111880297e+00,4.562568698220015762e+00,7.424577994665710889e-01,-1.030146635121435672e+00,-1.728804709701128761e+00
-1.368763111773342533e+00,-5.748437637546479628e-01,8.695183761816238643e-01,-1.546659259336359948e+00,1.111603085147885306e+00,2.900910468475741411e+00,2.123389574102598765e-01,2.714869202038205032e+00,3.004665524588844061e+00,-4.275609131022961584e-01
-4.568918953807232786e-02,8.072705185077655443e-01,5.965887154323805674e-01,2.502206407996940829e-01,-1.675324120613366663e+00,-3.608476314838526822e-01,4.000677493985671518e+00,1.001165817482528198e+00,4.436028357205124006e-02,2.109932998583154529e+00
-5.711270723016724782e-01,4.790060345993127910e-01,-1.964861326431353694e+00,-5.771543252142953273e-01,-3.552819593393566899e-01,2.745022447411503919e+00,4.528460032009773428e+00,1.180892740223153048e+00,4.815704235291823343e-01,-5.518016417102433735e-02
-1.393382630125891364e+00,3.264583848579695413e+00,-2.904004578121694991e-01,2.382305908426318286e+00,-2.575543621024585228e+00,-1.705515815596967411e+00,3.367278910790598156e-01,2.891257707259986987e+00,2.727166023882315660e+00,2.023104841009324417e+00
3.747987675750258152e+00,1.461238512902194309e+00,-3.268298937016151484e+00,1.070011227092903638e+00,-3.188012307711015403e+00,-2.002006506510539907e+00,2.275824956496124152e-01,-3.313516260307871608e+00,-2.444433663651167432e+00,-3.654082854448628126e-01
3.792059366747460913e+00,5.305486924490114831e-01,1.503781153192853104e+00,-5.686752580005145497e-01,-1.527869229530501194e+00,2.404195263540037375e-01,3.352519392110711594e-01,-2.789799630046198242e+00,-2.404061976073604168e+00,1.259969169661820487e+00
-1.057967622266847707e+00,2.512080732584219156e+00,-5.037104859111711797e-01,2.550344598767197102e+00,-2.553916488050720357e+00,-1.689978093359915556e+00,7.770086186476288237e-01,2.076478971056122447e+00,2.012381414397511392e+00,1.413281240153961171e+00
-1.549932957553374901e+00,-2.409181902671921449e+00,7.219115606946457930e-01,-2.156457462850312368e+00,2.670799807006251747e+00,4.713514669300211679e+00,1.479105464779669976e+00,-8.408798208862222623e-01,-2.140830982365486523e+00,-2.413679652373987850e-01
3.116454570185121842e+00,1.461620677028410142e-01,-2.869905217988693913e+00,-1.008604388776911165e+00,-7.125901150893285685e-01,3.117734207044283501e+00,5.508417382975872023e+00,7.721229918908747436e-01,-7.546386750090221529e-01,-4.768233058668331914e-01
3.510323213712556178e-01,-2.181265611369622714e+00,2.202159474951188578e+00,-2.105119002607060086e+00,7.088616495209008050e-01,2.420754120959633493e+00,3.918503344190494841e-01,-2.308766984986107662e+00,-2.357251069421449241e+00,2.484891786706025840e+00
3.819386791362706646e+00,-4.378545106986435620e-01,2.431852606607871614e+00,-1.425841597688666695e+00,-7.289108426468218216e-01,2.132183823786411914e+00,3.306669877026205406e-01,-2.755316727941694133e+00,-2.406815348249137454e+00,-2.246397247381306528e-01
-2.777898997538219561e-02,-1.653481825981682363e+00,-1.002601204810615876e-01,-1.974722262700266073e+00,4.031140396195830866e-01,3.429105738482430610e+00,5.473175704742369030e-01,-1.944339145834306892e+00,-2.298985441048157163e+00,6.841824784496202128e-01
1.934743268371142522e+00,-1.324319415445107673e-01,-1.125685366420583033e+00,-1.342372647547204645e+00,-8.369694265297306091e-01,2.278041031541963690e+00,1.370391220436329160e-01,3.432597964072333419e+00,3.795006801413716602e+00,-2.343185513397481046e+00
-2.388233555745171266e+00,-5.813394849532058650e-01,-6.612998362265876118e-01,-1.573455058832969433e+00,4.219609003447634343e+00,3.070193475323515386e+00,3.008302473392643894e-01,2.401690512234109676e+00,2.739521306252012955e+00,1.195681276707180274e+00
-4.363594278218106304e+00,-1.545730152909106980e+00,-3.774730747010717202e-01,-1.948864525396608371e+00,4.034530007939010510e+00,3.074020504616564065e+00,6.756033089159018123e-01,2.422331173311906838e+00,2.106413714724977293e+00,2.965132861269990983e+00
3.313034882169913153e+00,1.294674365473875710e-01,-2.353644951446550060e+00,-9.830508535153804628e-01,-6.601267152424908913e-01,1.839142177639045306e+00,8.368276949325771374e-01,-1.441931763679384915e+00,-2.258163209042013619e+00,-5.787086216950494411e-01
1.079796650371840583e+00,-3.680188196667550926e-01,-1.217764914863952885e+00,-1.204965531001898738e+00,-4.085068397453550659e-02,2.241280726644645505e+00,1.480281310374572445e+00,-1.093226874912814672e+00,-2.175762727051982814e+00,2.640149736780818657e+00
-8.742186218016586574e-01,-9.481366249990004214e-01,-5.838016227643088030e-01,-1.698611005643774208e+00,1.233883539265564044e+00,2.490108972738536597e+00,4.502157416907241583e+00,9.682421471084960984e-01,2.285209688631263392e-01,-6.033107712596281758e-01
1.054096316907024011e+01,3.346400632823185006e+00,-2.228554772304492282e+00,2.661026189736353409e+00,-4.442377921986409461e+00,-2.277763148322391018e+00,4.574263768248542639e-01,-2.278506443523845348e+00,-2.346958706141416773e+00,-2.873180499676497135e+00
-1.897378115768300733e+00,-1.495213115078474875e+00,3.269885314784379382e+00,-1.932182035540389142e+00,5.024123894703445004e+00,2.792943072416688821e+00,7.438617819712654011e-01,2.128686031937994549e+00,2.211487039228769991e+00,-1.484237352595978443e+00
1.499858260653303965e+00,1.821196147552676337e+00,-1.217109300233760294e+00,2.016766845873227076e+00,-3.509361197805238586e+00,-2.038359121936143215e+00,4.887391726558903748e+00,7.294927176793351009e-01,-7.579880042506790261e-01,2.014986136615934953e-01
-1.029143087274346779e+00,-2.986582673891635675e+00,-7.082031611003349880e-01,-2.281666978194522244e+00,9.642310462135581517e-01,2.350256211410274521e+00,5.629783311773310928e-01,-1.878678318451432627e+00,-2.316650416106327715e+00,1.278723316896757112e+00
-3.376645754387022080e-01,-1.765965804011974782e+00,-3.237268031780943467e+00,-2.024497303231736822e+00,1.926119339283617338e+00,3.342653720549819241e+00,2.221731103194107548e-01,1.767007877176714814e+00,2.528436915699976417e+00,-1.722098368629228604e+00
-1.529619901241963564e+00,-3.177054325293188874e+00,-1.699246582818559892e+00,-2.302739246615928881e+00,3.364255336729457646e+00,2.653343125224654209e+00,7.254515523818163558e-01,-1.458415010494777064e+00,-2.244412178645193379e+00,6.857635540922313311e-01
5.859622874645699753e+00,8.543262658641941343e-01,1.513920714050712490e+00,1.701559783257855785e-01,-2.207239371448847187e+00,-1.409372836433139042e+00,1.260983459623715053e+00,-9.524425917474550474e-01,-2.142336509193740302e+00,-1.714547452745926570e+00
3.828181437114114072e+00,-9.309248803987464349e-01,1.683302316341009686e+00,-1.670100751208893008e+00,-7.808567043958747345e-01,2.722286915207681623e+00,2.324221625895999566e+00,-5.088557916668721148e-01,-2.050689299598389415e+00,-1.521497647568896827e+00
2.763603246375548217e+00,9.735908663379531092e-01,-9.269179127747779745e-01,4.022957790260971445e-01,-2.212109831766000845e+00,-1.330428720350953498e+00,3.769163283961076694e+00,-3.273986570298825782e-02,-1.747054361791777755e+00,1.106075200235390632e+00
-4.737023346461591844e-01,-2.847162403244341000e-01,2.670823844246931422e+00,-1.430927694125749161e+00,8.251587953255750119e-01,2.450505780743269746e+00,4.694411142353809852e-01,1.866333354075164763e+00,2.230538869959088011e+00,-5.445648295551457352e-01
-6.431631427142294744e-01,-2.964650600145275927e+00,1.868124185360346523e+00,-2.275540728147928959e+00,1.120545109077718315e+00,3.102786397445754574e+00,9.123735082780961569e-01,-1.265502418899629333e+00,-2.231614181387500118e+00,2.960030527301418246e-01
-2.024933045498420903e+00,-2.622869412890959762e+00,-2.348801716028082520e+00,-2.193397058169847202e+00,3.743217235717396285e+00,2.739026970856401899e+00,3.819175849848546633e+00,-1.414978074213548709e-01,-1.867966744272107515e+00,2.554912953690515742e-01
1.619803070866174810e+00,1.200682623277641525e+00,-8.632747521541572766e-02,9.277259195256717383e-01,-2.875893743339782649e+00,-1.886008002209601297e+00,7.446585822567308721e-02,2.956058057715281073e+00,3.735840321611952675e+00,-2.426441215021954534e+00
6.421522284071579101e+00,-6.702435521468173008e-01,-2.531293020981734809e+00,-1.493790193235152941e+00,1.232903616421064719e+00,2.276308086910854289e+00,1.731998401707386837e+00,-9.041704016854841264e-01,-2.156302065354072095e+00,-2.629111788023481999e+00
2.768646328251827882e+00,1.422631977253367097e+00,5.233685460896069230e-01,1.676443505205974072e+00,-3.338531655746236559e+00,-1.974716155366307957e+00,8.554994469037491278e-01,-1.363274827648298881e+00,-2.240419715324373229e+00,2.462711857794634085e+00
2.754323781444424135e+00,7.758268897328166602e-01,2.925400719215282663e+00,3.811026855679829350e-01,-1.940878861344118356e+00,-1.104215183989241789e+00,6.697000555398356925e-01,1.694494805573340201e+00,2.056687291182023536e+00,-2.412695194027537404e+00
6.138328612672026452e+00,1.932322429639807382e+00,2.665079743639974907e+00,1.397102753626377591e+00,-3.865642048174406931e+00,-2.158084223257151546e+00,3.289233196970187678e-01,-2.460988601469529691e+00,-2.379825815991857052e+00,-9.587160938489502904e-01
2.089709051426855257e+00,2.336631581478058273e+00,-1.997962310449178602e+00,1.676031216302379390e+00,-3.849486423664570278e+00,-2.174466966325036665e+00,9.091159362967465851e-01,-1.252830949652243842e+00,-2.160904748820816401e+00,6.418168550552412199e-01
4.410783941432816491e-01,9.855397538576990968e-01,-1.314427553377401470e+00,1.040412675133550291e+00,-2.365680824039509300e+00,-1.369358617570938907e+00,4.329959748885500836e+00,1.012107952967172153e+00,-2.572298753862031218e-01,-9.373527093686049305e-01
-3.385326634567717985e-01,8.937743621595970467e-01,-7.298131572943238332e-01,4.072127453007705067e-01,-1.132056046664207116e+00,2.431127838741295566e+00,2.382162340418129687e-01,2.613477452325699169e+00,2.874564414668229873e+00,1.619857063674015052e+00
3.925990831664390779e+00,2.890978467860900736e-01,1.868654300824079684e+00,-7.293550273672863016e-01,-1.266466986748288504e+00,1.888055797214576170e+00,5.856462649361399153e-01,-1.767482204353862940e+00,-2.252050903634579715e+00,2.578597916561515824e+00
2.563974362271571827e+00,-2.396501140427386822e+00,-2.107551100805387101e+00,-2.120939610624801741e+00,9.748228062939847671e-01,2.909630129434118473e+00,1.250502894967780554e+00,-9.969893121156809812e-01,-2.186947460651627928e+00,-2.034067923618809726e+00
7.550317144403241088e+00,3.848890936193747336e-01,4.388125223638019712e-01,-8.501440044256191042e-01,-1.031989533038315976e+00,1.564562808182839548e+00,4.422776747670352226e-01,-2.150220013842365496e+00,-2.349547469558780133e+00,-2.295153740889849914e+00
-1.342577460816194890e+00,-2.964896720548441778e+00,-1.194053622200661025e+00,-2.253270350325259574e+00,2.081091630630830469e+00,2.744504042221528994e+00,4.034291684690001212e+00,-8.174953427731246336e-02,-1.870120408083924213e+00,6.079982216213783985e-01
3.173952218786369794e+00,-2.004226079177515274e+00,-3.206435264062362123e+00,-2.091508319965263318e+00,3.335345988961215813e-01,2.500814945494377106e+00,1.864013746488333567e-01,-3.203182342551926354e+00,-2.434423032703485035e+00,-3.086390466968549351e+00
2.905391832181048350e+00,8.946464377521419209e-01,2.021353868797432618e+00,5.760124676515273601e-01,-2.134046909110188572e+00,-1.380558654381550010e+00,4.450382323395118411e-01,2.820709887930352266e+00,2.457989951141526408e+00,-2.372986234300320518e+00
-1.307163144863145554e+00,2.844154097861543384e+00,-1.204168333645140088e+00,1.906446251197410735e+00,-2.021019478684062065e+00,-1.011158028402006748e+00,1.839587098450550240e-01,3.078371393251637222e+00,3.371419564844693184e+00,3.228200864313036433e+00
2.053376987660172404e+00,-9.720013438376007286e-02,-1.079957561027539814e+00,-1.255133303091829688e+00,-8.356404770187197961e-01,1.982720893755152147e+00,6.891403168578165150e-01,-1.772470331737891147e+00,-2.316224436794176444e+00,9.381781969227249718e-01
5.990644563297109038e+00,3.150161892003842112e-01,-2.594448905404086236e+00,-6.444761579555626785e-01,-1.053992559428754028e+00,1.891307614650873159e+00,3.896808214833216155e-01,-2.362739205829431199e+00,-2.350344060265566970e+00,-2.023906428660454893e+00
3.626796071340951055e+00,1.428101310976085614e+00,2.511739137911484399e+00,1.612787651417262325e+00,-3.340000771583389927e+00,-2.030625253870435465e+00,7.547176656733312061e-01,-1.416505293027205958e+00,-2.196301380884291721e+00,2.880314142786088993e-01
4.153759861658786967e+00,3.303052819958544717e+00,2.056192160508475197e+00,2.337071331762356152e+00,-4.254773038887170955e+00,-2.244359850697572600e+00,4.803728176351445889e+00,2.500188851121065703e-01,-1.645103998079954444e+00,2.579354416346520296e+00
5.697871500200520245e+00,1.275179687065602252e+00,2.517752467352154966e+00,1.049834351325501958e+00,-3.180228993557119299e+00,-1.974124281283276217e+00,2.916354006522207332e+00,-3.247556074373352253e-01,-1.865386271791550810e+00,2.006148108200451752e-01
-1.818257697298223841e+00,1.703963244151875500e+00,2.044427192739579624e+00,1.622708041374064436e+00,6.748183433306571555e-01,3.905723075553869883e+00,5.125159716811511501e-01,2.929797899296739949e+00,2.370050490829052059e+00,1.588146721655317783e+00
2.532298173601212010e+00,9.036050757191489424e-01,-7.729450051930917276e-01,5.239551926768291901e-02,-2.511091047768236439e+00,-1.592441725066272129e+00,7.250903877423670041e-01,3.345145393754316743e+00,2.313198086336128334e+00,-3.297441941213385963e+00
-4.848606958367706277e+00,-3.042090219121519112e+00,-5.454828530367143991e-01,-2.285741059972210998e+00,6.739312821175056811e+00,3.337739591961014440e+00,3.499622303692477288e-01,1.595882490385597485e+00,2.271244890280510909e+00,4.941508812300874354e-01
1.560493320368953940e+00,9.813218474728149232e-01,-3.253224826848105433e+00,3.854720366637717222e-01,-2.429172340617920423e+00,-1.513076338502313822e+00,3.207922840330935887e+00,-1.982376142816191233e-01,-1.889591922367074295e+00,3.103368099208188013e+00
1.023686600007071679e+00,-9.552298100282201609e-01,-2.985947259520041364e+00,-1.771462979252967473e+00,9.922362070348655916e-02,2.938700121780621011e+00,3.075132636846996892e+00,-2.501189904454150792e-01,-1.902916635333095519e+00,2.819485759327822194e-02
-5.609086622701168423e+00,-3.101360937911270987e+00,-3.097184551905872052e+00,-2.283972606648027259e+00,5.066890048000651348e+00,2.759718716834416607e+00,1.948774017081060794e-01,3.368647602774002436e+00,3.564235582416766857e+00,-1.469171661274626395e-01
-5.545237854950957335e+00,-1.863810558175670984e+00,-1.300898665773611462e+00,-2.042805370092894979e+00,5.226938120499019291e+00,3.879936392266279732e+00,5.503908728031282616e-01,3.441332415690156132e+00,2.683955935507039481e+00,3.411952716302107724e+00
-3.060558815147262912e-02,1.804001446692232946e+00,-2.998214594166420000e+00,2.419768700946656637e+00,-3.205638831797432253e+00,-2.010705113225924379e+00,9.070896504323027187e-01,1.678607320186972451e+00,1.724586692572996238e+00,1.655488626263180940e+00
4.368598284057658709e-01,-2.512475308423395504e+00,-2.803142788949997577e+00,-2.195903592430719087e+00,3.086266329669066777e-01,4.218878027782489326e+00,6.971185157632283635e-01,-1.846788765700278834e+00,-2.317353487830379866e+00,5.047463703764503151e-01
3.153349724016663913e+00,-3.058910004963167228e+00,-1.753906079640201288e+00,-2.281324618621684230e+00,1.779070380150301389e+00,4.693002231675396985e+00,5.202623013047349421e-01,-2.130319529438868376e+00,-2.321299341576079200e+00,-3.019902155064830840e+00
7.853535061558022612e+00,3.136338579796431603e+00,-1.951524091832540719e+00,2.151915632025590774e+00,-4.342965295814320115e+00,-2.262263234178116811e+00,8.137702728587083989e-01,-1.455680659288987044e+00,-2.274224373472025107e+00,-2.950457721399636135e+00
-2.023270128229157638e+00,-2.263541932378266175e+00,3.238471794574105722e+00,-2.125658597024861152e+00,2.999967634785789539e+00,2.963232986608277386e+00,1.726566195867872633e+00,-1.008604346200875579e+00,-2.182204290814034220e+00,3.446778705048312297e+00
-1.139833616322878607e+00,-3.410940123646460709e+00,7.744357937704844375e-01,-2.339095387809678961e+00,1.476001002079280644e+00,3.114121848497230172e+00,3.739650992080666980e-01,-2.273354299174604520e+00,-2.352876002754531459e+00,2.875532965989133771e+00
2.458554817081512134e+00,1.900011768188978323e-01,-1.011804544970298370e+00,-8.340473183810722668e-01,-8.036303198363810019e-01,3.125334440941201386e+00,2.877554833517038446e+00,-3.791429704491635633e-01,-2.006455452633326697e+00,4.650462456611847983e-01
8.675456107755373125e+00,6.997274146222078883e-01,-3.345334103349340005e+00,-2.272718792031327151e-01,-2.286509448220120699e+00,-1.545740840398067473e+00,5.259645537492399825e+00,4.271243789521270706e-01,-1.232399383433050888e+00,-2.697670132083149319e+00
-9.658375027282619651e-01,-2.725066576921711281e+00,-3.488153978354838980e+00,-2.219494140100538804e+00,9.694516808107709327e-01,2.939960894637232425e+00,3.717717788963998404e-01,-2.508148810671029239e+00,-2.381131946902956376e+00,2.647357629200637774e+00
-1.403495360314955365e+00,-3.178112696803813364e+00,-2.506403660145482437e+00,-2.300077607354795273e+00,2.752533467631198327e+00,2.989713945467073586e+00,3.664078155017660432e-01,-2.489885196604064266e+00,-2.377580842246474813e+00,3.449139341059876962e+00
2.594097792918077516e-01,-1.017062179843097880e+00,8.382413173700715703e-01,-1.797496465419096578e+00,1.656300190123990657e+00,4.151504608376803240e+00,5.288930998994518795e+00,6.158349190718235278e-01,-1.288350141584046149e+00,1.577143383636245844e-01
2.197546512455968326e+00,5.766280040714981681e-01,3.139051935982992703e+00,-2.127269575387050748e-01,-1.098058232757988861e+00,1.346218500411111352e+00,6.968888014842531398e-01,-1.951881442652228404e+00,-2.335008759403292444e+00,1.892888466485278087e+00
5.251656674367156441e+00,2.966087959331107804e+00,-1.038282097068743859e+00,3.130139282890255004e+00,-4.235883703702764791e+00,-2.244939641618077353e+00,5.795245277508639381e-01,2.654481864097014920e+00,2.232147818207751655e+00,-2.721236315241194692e+00
3.773219371504964670e+00,-2.755537104303673601e-01,2.614029103066672022e+00,-1.274449439100300285e+00,-7.918514178137733284e-01,2.096557678163966987e+00,2.314417222603762647e-01,-3.232005554880105436e+00,-2.434559085248548360e+00,-5.927417860560084684e-01
2.584644890559053554e-01,3.298011823204654469e+00,3.100064389098262652e+00,2.918236948075725756e+00,-3.665385562571955802e+00,-2.147968099768393202e+00,3.297607455634115614e-01,3.332904554521736173e+00,3.011964578423255823e+00,-1.099132070647049542e+00
3.406088287672639936e+00,-3.043115162692889619e+00,-2.944530955545828110e+00,-2.281619506810871112e+00,8.432614836825269578e-02,2.605663040205413061e+00,8.472685309276968280e-01,-1.469943787573387617e+00,-2.266586938385445116e+00,-3.170478088380174864e+00
3.112610376543208268e+00,-8.180661540884814897e-01,1.919402488814071717e+00,-1.657926085175421616e+00,-2.396964067080665783e-01,2.862609945444081205e+00,7.435236991458814559e-01,-1.818714340492028292e+00,-2.301597818389023331e+00,2.173339683358268104e+00
7.132104477041367740e-01,1.434145928505862422e+00,2.214308795960618248e+00,1.789346596773365938e+00,-2.895722475751101310e+00,-1.910346670740178388e+00,1.205151033763541824e+00,1.625110937330617844e+00,1.596508712777033212e+00,-7.894379649250402586e-01
-1.197084564670996443e+00,-3.106307693269610315e+00,-9.739410266674397576e-01,-2.284059789736569979e+00,2.013432666393871528e+00,2.485146765018884096e+00,7.517482163511282067e-01,1.706699618152199172e+00,2.009160963120542043e+00,-3.212397523099655761e+00
2.792919861685239979e+00,-1.505649790676982347e+00,-2.586355014003987041e+00,-1.885326982559108133e+00,-4.287843099604264907e-01,2.011038944655176852e+00,3.340380579873117650e+00,-2.645005094636827536e-01,-1.961941327447884964e+00,-2.675383238146638476e+00
3.458492365139790081e+00,7.750348256886656628e-01,-2.532130419408125555e+00,-4.508309135519844579e-02,-2.084539043878182341e+00,-9.613388669829756594e-01,5.013098488654225804e+00,9.124471539912866191e-01,-7.044793500153703203e-01,-1.687609531441800037e+00
-1.362893280236105342e+00,-2.632088292851630484e+00,2.853376187110074902e-01,-2.201008774578333327e+00,2.035951091883486885e+00,3.424357517479405644e+00,6.031439396723777158e+00,6.914887175628807725e-01,-1.081493295920002984e+00,-1.468617137545533691e+00
2.788262186118753316e+00,2.620229616019397412e+00,-2.227763128163875450e-01,2.582388205296562766e+00,-3.975922978137428565e+00,-2.200697385717966359e+00,4.743721793968526113e-01,-2.242416238110505944e+00,-2.341593892689739054e+00,3.136904242196978387e-01
-1.852499242402952717e+00,-3.340807047278034236e+00,3.439753924431872889e+00,-2.329791216341845050e+00,5.249928295978878445e+00,4.997620461794648250e+00,3.401866792110029847e-01,-2.422403604603992733e+00,-2.379629682184712713e+00,2.826579092227616385e+00
5.296801952177373707e+00,1.761116718053807872e+00,-3.030397968127990893e+00,1.959643464147314162e+00,-3.677692595459897351e+00,-2.108104709502616192e+00,1.916968443227757612e+00,-6.975146989910463446e-01,-2.109936737886916269e+00,1.097297355274479358e+00
-5.676382874992053296e+00,-2.452159247663702857e+00,-9.621308750713986058e-01,-2.181646831554179933e+00,9.389456784724224292e+00,2.821886087437670110e+00,1.084655675896021854e-01,3.396809268272021676e+00,3.739807897711575180e+00,5.408671008122762913e-01
1.465139958021771660e-01,-1.404030997261316749e+00,4.199097198030972145e-01,-1.864131580781640540e+00,1.563363683206994148e+00,2.637507375327484471e+00,1.270540823545207032e-01,2.179236849920541452e+00,3.048202455113980136e+00,-2.548564307468685453e+00
4.466528791059958259e-01,-1.134649456029219738e+00,3.054842764188184567e+00,-1.758320208409790419e+00,-1.565426203944549621e-01,2.452465475969680231e+00,7.830993364533818113e-01,-1.582023689399374433e+00,-2.233404824048951465e+00,3.035560900257321393e+00
2.616809248180686609e+00,-8.209039436435614512e-01,2.090215386404377540e+00,-1.712591273114630441e+00,-3.484271079532774706e-01,3.126110707545825207e+00,1.693780552830355668e-01,-3.422858505898016546e+00,-2.452233803655903710e+00,-8.488046562423328112e-01
2.198127396541104117e-01,3.170957798729846289e+00,3.263242551073687103e+00,2.430825293006803722e+00,-3.471085044504221617e+00,-2.092781099608564066e+00,4.227937586540901016e+00,7.535861493843816206e-01,-1.089993060506207811e+00,1.977369721756807586e+00
-4.996324529835902140e-01,-3.264085905764539941e+00,-2.931329624844991599e+00,-2.320365121623534144e+00,8.080924457478939615e-01,3.009404823661144590e+00,5.062046809187152441e+00,2.282666228162493205e-01,-1.673331824761814302e+00,-1.585368269152954257e+00
-2.213065362015043558e+00,-6.148782689454552752e-01,-3.036083917176671143e+00,-1.464880328045406133e+00,3.092649087956230947e+00,3.072171611737192887e+00,5.057697857743678194e-01,2.893580592115894135e+00,2.373772306345653504e+00,3.180423154274135911e+00
-5.010095226171129568e-03,3.161222598108038184e+00,-3.393342268894603553e+00,2.490305111098497282e+00,-3.625124961988971162e+00,-2.112641357262479147e+00,4.725446059789563336e+00,1.130003262515757889e+00,2.390745492567707409e-01,2.007464257897031423e+00
-8.003483165609639460e-01,5.513463393334268048e-01,-2.252302126521598336e+00,-6.225085167153747712e-01,-7.814363203223384513e-01,1.785520492625672251e+00,2.584665813040173399e-01,2.071798943814254557e+00,2.672271669906175262e+00,1.425967459140582427e+00
2.866037972145846435e+00,2.207370586050369177e+00,1.507198568243277137e+00,1.566804004007178674e+00,-3.764909172632612488e+00,-2.121847777543425018e+00,5.049266886271099042e-02,2.799550101294025595e+00,3.814463155218675627e+00,-2.531918863404303721e+00
1.173148498580190768e+00,-3.338849497571439784e+00,4.436538452509193320e-01,-2.328688679502615155e+00,3.130976353498423848e+00,2.756153006861535193e+00,5.628273047882076385e-01,-2.142837474342665693e+00,-2.346644574412701356e+00,-1.387493257715492145e+00
-9.292435259485632981e-01,2.793110910287488480e-01,-2.241933236076266489e+00,-9.610217366352565849e-01,3.687946529722213596e-02,2.039312038565086027e+00,3.973974396982788981e-01,3.049666829998421314e+00,2.654890040553144814e+00,-5.062275018760944434e-01
-6.217803964022351471e-01,2.674539888438838275e+00,2.698224898724213006e+00,2.128025505791040217e+00,-3.239266826671636679e+00,-1.983107869862640982e+00,3.794426063452690512e-01,3.337337607633447334e+00,2.797765830102183493e+00,-6.881059797304622805e-02
2.214063452522837760e+00,-2.539387701360276139e-01,-2.382247846225926224e+00,-1.273871770740942821e+00,-4.747113225002269066e-01,2.454280520177831271e+00,3.278599746245096647e-01,-2.677762594014361230e+00,-2.394980499176184274e+00,8.026996613878036868e-01
3.827046890401172075e+00,-9.884366626809626410e-02,3.072178193329976992e+00,-1.066103762611883443e+00,-1.034436032745971623e+00,1.723898761144315506e+00,3.036210865146489635e+00,1.308612061915362723e+00,1.170656564762621032e+00,-2.738036703114325121e+00
-8.865061539990590767e-01,-2.234008053601414190e+00,-1.842090379018332502e+00,-2.138972759153848102e+00,1.003887696426606135e+00,3.014234246486948265e+00,1.181320795368723031e+00,-1.065173506140166371e+00,-2.194769638742267492e+00,1.853098133256331437e+00
4.895864691610438690e+00,3.422611607302767034e+00,-1.676928982723901784e+00,2.188381063335290921e+00,-4.290006783947801772e+00,-2.257225398325465093e+00,5.140145598199263866e+00,3.165021025523313547e-01,-1.663378232666944845e+00,9.910204183790449761e-01
7.205402752971467706e+00,1.037698637558621684e-01,-6.656543875248144282e-01,-1.120663344991061683e+00,-6.683451701482524543e-01,1.814154614145066180e+00,6.489046321210314439e-01,-1.752623835593711377e+00,-2.285442937967122834e+00,-2.136135260912405798e+00
