-1.358427089008803268e+00,8.089106075232697091e-01,-2.439759862185924444e+00,-2.371564814795003695e+00,6.033561548258075113e-01,-2.602350261325738323e+00,-1.868058953033183478e+00,-1.888189808262088265e+00,1.493340807416672966e+00,-2.294104628070844143e+00
2.801518418642177544e+00,-7.919306785045269415e+00,2.724727881743120417e+00,7.105076399782639385e-02,5.817579055123736964e+00,-2.504050950055595859e+00,3.505196303004270320e+00,1.500858167129760723e+00,-1.958859720180502029e+00,-2.292839154489170639e+00
8.293486428994976123e-01,-1.059764651829974813e+00,-9.242058680580735874e-01,3.077391197466609718e+00,2.821701555336249001e+00,-2.366603967392020280e-01,1.459500658763657199e+00,3.496097444891836936e-01,-1.561942341737634798e+00,-1.892637715810245647e+00
-1.086748562190732237e+00,-3.666327318808908053e+00,-2.419766468208470300e+00,-2.248696276583435072e+00,2.504183333547727486e+00,-2.046769245535974058e+00,-1.663756609635242523e+00,1.161659748760878408e+00,1.775301106448162747e+00,-2.249336808725584280e+00
-2.462092867281997499e+00,2.789384983301650855e+00,-2.467404775184090848e+00,1.871800167748604693e+00,-4.107201913244089120e+00,2.286578055051640135e+00,-2.085966801686454541e+00,3.220938258870799764e+00,2.730914987044767983e+00,2.625716532185959018e+00
1.645071548531104710e+00,-1.537211526369063330e+00,1.119638666082531486e+00,1.213594774355708950e+00,4.937959852732396904e+00,-1.922179555273294094e+00,1.992229662033944804e+00,-3.488421974182201346e+00,-1.718410672626748958e+00,-2.229230957721832329e+00
-1.793985165140073779e+00,3.963661431342553332e+00,-2.448419220009420361e+00,3.371890029347291318e+00,-3.939992167428376213e+00,2.001505485464835310e+00,-1.922583372291268855e+00,6.516098825586871257e-01,1.917488605059514573e+00,1.121530967175728533e+00
2.538611214772421576e-01,-3.249836961947504932e+00,-2.148141213573982800e+00,-3.721562600834498191e-01,9.481455032287756657e-01,-2.903272949629602806e-01,-2.089334078457792399e-01,3.115533719906506960e+00,-2.379675553224313012e-01,-1.945172069491616362e+00
3.090344406824968360e+00,-4.157934165007945992e+00,2.123122084460921322e+00,-2.101983694662472146e+00,3.404417205841325789e+00,-1.706426793993189861e-01,2.389887925228910692e+00,-9.673844191643361512e-01,-1.780857156140379649e+00,-1.895692857440963053e+00
-1.622881219705931688e+00,-4.688092631213820916e+00,-2.455408790831705268e+00,-9.858219425988425932e-01,1.141921486081104664e+00,-1.514328662669927272e+00,-1.934393176052277452e+00,2.164996182919464829e+00,2.611190546281401126e+00,-2.180160183846553412e+00
3.425197881133990485e+00,-3.522224231946788020e+00,2.361641846900662145e+00,-3.435745470448137162e+00,6.096888175842367641e-01,5.597726823780355687e-01,3.468105626984995027e+00,-4.359041943798755980e-01,-1.949171801635627865e+00,-1.481389744669053821e+00
-2.188309318173329299e+00,1.053277586761692364e+00,-2.463578049084844679e+00,-9.141437034595352173e-01,-4.217454649623336493e+00,3.227235931038815231e+00,-2.045657185599453864e+00,2.079861068640378008e+00,1.720722313989993868e+00,2.215472329391740658e+00
-2.892276137374783840e+00,3.957186531789846917e-02,-2.470710428960571914e+00,-2.524905998917067240e+00,-8.732861116982237881e-02,-1.231789687605295391e+00,-2.122307168584636639e+00,-2.799209657048436828e+00,1.802567409692259925e+00,-2.125107802910817689e+00
2.787215000845482571e+00,1.088655430245753175e+00,2.727404296842583342e+00,2.476000864661918044e+00,-2.331026094121855519e-01,2.608595604285862457e+00,3.105502560570174708e+00,3.012668831259921021e+00,-1.876481872924236516e+00,2.503040654334337756e+00
-2.233194591722629241e-01,2.888918737074903653e+00,-2.325407431416080417e+00,1.040255047326423821e+00,-1.423703816014693979e+00,1.782068003563876957e-01,-1.046534353973308740e+00,-8.743897397320328224e-01,1.100020094263822745e+00,-1.645264113600391154e+00
-1.066786452383961858e+00,-2.596370150369276431e+00,-2.432665355897506654e+00,-3.183055313796296915e+00,-7.493523966981955331e-01,-4.770794711601924476e-01,-1.668774401255839868e+00,8.562743701079380543e-01,1.548686041831281557e+00,-1.998701328403560185e+00
1.671344761646136767e+00,1.392414250999867376e+00,3.640880605040995643e+00,1.906437322771836307e+00,4.705105704494449981e-02,2.706319196748970590e+00,2.305201023783241432e+00,-3.925291550248628525e-01,-1.781117835013455553e+00,2.346754115076167935e+00
7.100270068800167422e-01,-5.088801904838184065e+00,-5.762029963018860945e-01,1.369319538577336459e+00,4.709200362369315940e+00,-2.933182770486159274e+00,1.692028910902409589e+00,1.128127332797095761e+00,-1.633919884287925006e+00,-2.319786637792672135e+00
2.576470252417022877e+00,-5.883384993712126310e+00,2.598977629329120909e+00,-1.578698875300963422e-01,1.114994008151033889e+00,1.101431591896813167e+00,2.351392773585662788e+00,2.472193135250725149e+00,-1.715193206535495341e+00,-9.531371947309020820e-01
-6.589325770760288137e-01,5.400112319709392317e+00,-2.399343370471064496e+00,7.844537643330733445e-01,-3.355423130185376301e+00,2.700540767957047450e+00,-1.550905353892398475e+00,-2.381838630284861758e+00,1.678043367806204333e+00,2.420654951531276744e+00
6.564879115764910011e-02,5.349275926725924890e-01,-2.246823756682850171e+00,2.616404934730917731e+00,-1.295365991883613122e+00,6.884032621344822189e-01,-4.268580723394224119e-01,3.436886373288300156e+00,4.264847086793045472e-01,-1.222145146979213948e+00
-1.114420041642105730e+00,4.211816847060179114e+00,-2.440858533520002815e+00,-3.991385134923781663e-01,-3.725376027871063922e+00,2.696002715782459980e+00,-1.776072856296805780e+00,-2.991774480444224338e+00,2.042446753442757501e+00,2.258531228571584393e+00
-1.586004279179074938e+00,6.928914905713766892e+00,-2.445125930663955671e+00,2.051832615375144719e+00,-4.073312451422211211e+00,3.432877602515935322e+00,-1.919235509772937887e+00,2.253613519332724913e+00,1.851496700892695912e+00,2.037237895883495131e+00
1.144298167510605424e+00,-7.954893798272042460e+00,9.154839733797988099e-01,-3.453738154601119881e+00,4.540706262280864713e+00,-2.194475265730684299e+00,2.058797785604758790e+00,9.685458613576738429e-01,-1.691799171172641891e+00,-2.263704671577980054e+00
2.818369461564893541e+00,-3.243922913164311250e+00,2.646462830416830947e+00,6.251337138094479329e-01,1.090483793338621998e+00,2.302156710725393296e+00,3.090850841651342940e+00,1.887670029739424216e+00,-1.911081758164008715e+00,1.671123709864222207e+00
-2.050369971193669372e+00,-2.468297558631499911e+00,-2.460494248711304177e+00,-1.527920934420676780e-01,-2.444673667548585172e+00,1.499848205607667850e-02,-1.992821687747842185e+00,1.066572056918485778e+00,2.839839827505602265e+00,-1.805944645510520585e+00
-1.118435494672328723e+00,2.603258809030789322e+00,-2.434355872524580633e+00,2.075137383062445551e+00,6.469994255167752506e-01,-1.447077885659211027e+00,-1.765046729811191151e+00,-1.446767200790066710e-02,2.041589969716229191e+00,-2.128399181323664902e+00
3.441423219288375357e+00,-3.488614877976905504e+00,2.539237747380470811e+00,5.175658402247940160e-02,4.221963969693597107e+00,-3.098846466009916867e-01,2.934442374452885360e+00,-1.238462750388856115e+00,-1.892241426282860628e+00,-1.938853718977828322e+00
-4.170762294260921266e-02,-8.829428708441633411e-01,-2.294947572406035974e+00,1.119490624170991211e+00,-1.006923872677726095e+00,3.503438325255041619e-01,-8.013905720750533757e-01,9.506138927674863126e-01,1.129915785389243865e+00,-1.604815927859013502e+00
-7.118149284577532931e-01,3.531446461310437712e+00,-2.419224786642303116e+00,3.058641929330433662e+00,8.162399083732766458e-01,-7.467814484576225098e-01,-1.614472954816422501e+00,-1.881517238574062612e+00,1.825746357659767671e+00,-2.003228072517955205e+00
-3.912340866803019068e-01,4.411094518995814617e+00,-2.401846969320880820e+00,7.118444916438884107e-01,-2.622846700180346158e+00,2.018510914735213824e+00,-1.377306397932424487e+00,-3.269584896627474091e+00,1.515800762483617170e+00,1.103621628595638837e+00
-8.607781918193184723e-01,-4.115857792656373526e+00,-2.423558410109046157e+00,-1.602712559580175888e+00,-1.714787493550113950e+00,4.817548056523701661e-02,-1.631250982991076182e+00,3.237905745159708637e+00,2.148564838600385052e+00,-1.583087929466761912e+00
8.753141591530884114e-01,-1.900386414647684763e+00,1.687481810628977730e+00,2.787170945177519066e+00,3.535721304937011311e+00,-7.599842932318687794e-01,2.266905379593306513e+00,3.286285250736765917e+00,-1.742564493123347047e+00,-2.074071897667898678e+00
3.062468346849840373e-01,-1.182879610160984196e+00,-1.745962748809409604e+00,-1.143833706757348523e+00,4.520330793115408419e+00,-2.883376657664843634e+00,9.139603859321061563e-01,-2.433813730629811989e+00,-1.365051400846379881e+00,-2.319315091302941223e+00
-2.578059011823188751e+00,1.934536277874076449e+00,-2.467204079891125890e+00,1.487889365966092114e+00,-5.087289637322681135e-02,-1.477282131823145495e+00,-2.098834734131186597e+00,-2.438555882461356461e+00,1.666363824826461171e+00,-2.186401780816867646e+00
-2.425620022499729522e+00,-5.006466149289857448e+00,-2.465675883680768177e+00,-3.103289022043987710e+00,3.283807125272969474e-01,-2.181457623274714042e+00,-2.062743394822036613e+00,2.713326996578509842e+00,2.360121411225198695e+00,-2.246569101504393817e+00
2.700762538616277908e+00,-6.769579652445386841e+00,2.579869828649878016e+00,1.022842338047812660e+00,4.641508236600796700e+00,-1.265966355623342476e+00,2.520532614233693014e+00,1.379495676989392905e+00,-1.803651868460256491e+00,-2.135260957452486785e+00
1.213225081898436031e+00,8.647182921692712299e+00,9.985036656343144745e-01,3.388930746581897857e+00,6.257556230337155689e-01,2.238518309684118357e+00,2.160551916650331084e+00,-3.055102176695680960e+00,-1.748857449372744011e+00,1.628725926559296600e+00
-2.790621437676854999e+00,5.792643972192928814e+00,-2.470054212409643402e+00,8.281307686505883225e-01,-4.318021351426639676e+00,2.975513101610400390e+00,-2.117454172206282514e+00,-2.165565807391528708e+00,1.734928410921347419e+00,2.150198999130336297e+00
2.388127884805662404e+00,-2.438525329736621616e-01,1.831721651062475198e+00,-7.151400512170469348e-01,-3.221298675651484977e-02,3.310916820512771253e+00,2.538833992872865153e+00,-2.291041992744091704e+00,-1.805154857237458721e+00,2.354660622699342731e+00
1.425105243252062337e+00,3.710276138705762339e+00,2.062677180338544858e+00,2.801348824250601055e+00,4.540401247358915038e-01,1.963060484297297847e+00,2.343307553666464482e+00,-1.573217903953945118e-01,-1.793914376212346617e+00,1.408094382979069970e+00
8.319101042302907700e-01,3.878771780897604771e+00,-1.010422398056267212e+00,2.652708301927724222e+00,6.154067766216600788e+00,-2.026354114500688475e+00,1.394387662094178859e+00,-1.579721344231231228e+00,-1.545803289592639240e+00,-2.211774535189641178e+00
2.731029199375834438e+00,4.771368695231235080e-01,1.264214212060142284e+00,-3.356397638530527416e+00,3.243835599572325590e-02,3.403767561119932950e+00,2.122737272826377808e+00,-3.520111407271020454e-01,-1.757616829742765896e+00,2.839121124754524494e+00
1.554416046840762178e+00,-1.304406097203878234e+00,7.988560980047629823e-01,1.901494343689376976e+00,4.591058232471580070e+00,-3.172206887857677238e+00,1.918706562639176827e+00,-1.958761944292595203e-01,-1.680016515281883782e+00,-2.339098678138626930e+00
-1.235115258867566013e+00,4.054318605695607758e+00,-2.436664634240218508e+00,-2.465064720502485596e+00,1.544629314945327625e+00,-1.679138246801484158e+00,-1.748097316356045150e+00,-1.407276997353993142e+00,2.165983600124383734e+00,-2.163851230048710494e+00
-8.833523523077850825e-01,4.501313579330076919e+00,-2.411729095550243951e+00,3.443557489874999433e+00,-3.500557376104425966e+00,3.407858573093060173e+00,-1.532092291437086473e+00,1.483172589825853649e+00,1.647405176485530198e+00,2.323032429783290276e+00
-4.449614719520327277e-01,5.022066115747133352e+00,-2.380867531325826292e+00,1.207982766001026498e+00,-3.207422766334873110e+00,3.066060997990264880e+00,-1.260256854899084455e+00,-8.288104827568676392e-01,1.434209485720620236e+00,2.256920939961981176e+00
-5.182716363130301929e-01,6.663239850264924158e+00,-2.398773327171296099e+00,3.075155693759374920e+00,4.384767220980059221e+00,-1.904364736522833557e+00,-1.432908480972995058e+00,-1.861194281028820896e+00,1.230184254865361204e+00,-2.220864557485870083e+00
-1.471222570913076844e+00,5.008228027884553679e-01,-2.442373171866943693e+00,8.831476930301898065e-01,9.325037240828557561e-01,-2.078382509544922208e+00,-1.823013023624023843e+00,-2.782801061300825385e+00,1.739410881691981547e+00,-2.247279867594379255e+00
6.268746179663304829e-01,-2.136010814760624044e+00,-1.435497687954971902e+00,8.401683780034367999e-01,4.762798937698532242e+00,-1.582517711202208854e+00,1.063442667961146393e+00,-2.236843634934349012e-02,-1.284009200356809988e+00,-2.199534523013952914e+00
1.162217172328968928e+00,6.604770694340063031e+00,-4.666563784180133290e-01,2.941016608201377558e+00,8.920794133443465945e-02,2.478159599723115392e+00,1.755177366625763735e+00,-1.611419231104958438e+00,-1.659546894275175877e+00,2.459147021524399346e+00
1.669458196095169100e+00,5.375183810896509762e+00,1.365224906302385521e-01,2.311561206152111581e+00,-2.162097776365242974e-01,2.307221942744849486e+00,1.824741734239553104e+00,-1.610934774714679163e+00,-1.690442325580125305e+00,2.357589818918794489e+00
-3.372471171874937390e+00,3.856581639573209319e+00,-2.474697261365116585e+00,-1.462949592905404828e+00,-4.221442100716497947e+00,1.876121008170118287e+00,-2.175049369243237773e+00,-2.705794659623590448e+00,1.723125769275502428e+00,1.025203609807150640e+00
3.043042184069689959e+00,3.029354991218063287e+00,1.480320296695240678e+00,2.974895475263854117e+00,1.568277731004940501e+00,6.616681979513536760e-01,2.100890572545589752e+00,-1.544321777330536882e+00,-1.714362776556018542e+00,-1.507080667422094677e+00
-1.211887942358184755e+00,4.117708123723281766e+00,-2.426516078314563618e+00,6.273273830420835750e-01,-3.120157850314577264e+00,1.061176979858740488e+00,-1.746100216461097920e+00,-1.104973080291912879e+00,1.900966220827828401e+00,-1.056760040474527429e+00
2.918538063180368347e+00,2.275720149923355251e+00,3.034480376453281281e+00,-1.319538612380867004e+00,1.615752933056623375e-01,2.679583286470943015e+00,3.029531341579153381e+00,-7.090512354669855632e-01,-1.888824764422726066e+00,1.850304707264515569e+00
2.416837234726918027e+00,-7.309182107593490407e+00,1.197455910030766679e+00,-2.828933721554736103e-01,2.970369683087299872e+00,-3.824779810728311524e-01,2.098887710097395054e+00,2.249020988201280602e+00,-1.709163044473913429e+00,-1.856635697179913835e+00
1.397147625612277899e+00,-4.391440336461423399e+00,6.325598969011430039e-01,-3.202464251393118300e+00,3.228077439383603142e+00,-2.519503559189439912e-01,1.833604472242000849e+00,-5.837001910892491985e-01,-1.580644529561437084e+00,-1.949571838042959193e+00
-1.463801009647749840e+00,4.224969650345244965e+00,-2.447124370852998165e+00,1.208627573130740984e+00,-3.930758701093727936e+00,3.440510686930837281e+00,-1.836087100804214112e+00,3.399057167344258445e+00,1.436613979570285693e+00,1.958973977532016963e+00
1.014661223488704245e+00,2.039124501404216083e+00,1.903438829062623405e+00,3.206057216695173295e+00,3.055697185874667987e+00,-9.133770670551482063e-01,2.661754215876207752e+00,-3.447864593296698033e+00,-1.855089078865906682e+00,-2.085764042917301442e+00
2.608928647406795420e+00,-3.173128524568555431e+00,2.401195008508728357e+00,-2.411555608967653974e+00,3.727155977497320638e-01,2.024190490209929472e+00,2.683801872100614272e+00,2.933044587032092920e+00,-1.867530156493875770e+00,1.097191183274554893e+00
2.320926477914006192e+00,3.992875121594640753e+00,1.896660891739691435e+00,2.993885526576467448e+00,4.381942144787891458e-01,7.626247458962369663e-01,2.590420574087719530e+00,-2.148764604871032713e+00,-1.837982683488558200e+00,-1.413056385877690113e+00
3.326493841353449277e+00,-3.842165563623330726e+00,2.846028048979685643e+00,2.723423352111748130e+00,4.500693284412808026e+00,-7.295269208098140723e-01,3.077808630305679305e+00,1.454595493733666700e+00,-1.912300016376357492e+00,-1.989456590189344842e+00
-2.000574197974514412e+00,-4.079094173642126897e+00,-2.461941814813094265e+00,-1.631900747890719927e+00,1.032396026881639450e+00,-1.720157843942065945e+00,-2.017560627528852901e+00,3.059449286237297727e+00,2.561117623905937446e+00,-2.213439879129248666e+00
-1.725644516472946144e-01,-1.662386594434986931e+00,-2.336047531578917535e+00,-2.319548760290173206e-01,1.117574715237427352e+00,-3.694705851265220886e-01,-9.411005553559732562e-01,4.709370717791729888e-01,7.442787936695773876e-01,-1.879214666279896750e+00
1.842013880554820737e+00,-8.665056295914906670e+00,9.765819094435141956e-01,-1.684350050721494796e+00,5.843860264989062081e+00,-2.766656355969608683e+00,2.081370986048831639e+00,3.239238836689292356e+00,-1.717975742217448420e+00,-2.313664579174484537e+00
-1.948410657758735010e+00,2.688693319403271609e+00,-2.460395750391381586e+00,-3.099082675631331441e+00,-4.070416990641412269e+00,2.786208182784716492e+00,-1.996627213468139317e+00,-3.552695811842556672e-01,1.595547231647389319e+00,1.774747689366109604e+00
1.819407668588066684e+00,-8.008894151220493640e+00,2.052210046957688938e+00,-1.336562021017391189e-01,5.094881462935999750e+00,-2.721315415201482235e+00,2.915611918601340946e+00,1.956490716583659584e+00,-1.893283568107476222e+00,-2.301546780945502579e+00
3.284432391098009774e+00,1.296936653670742290e+00,1.525582543268764191e+00,4.018881288037321475e-01,1.061156541647819695e+00,2.600111256586626673e+00,2.256318512022459810e+00,-2.151017874055803247e+00,-1.776230141490113379e+00,2.186151407091883048e+00
1.346272210577532213e+00,-3.744511088697646706e+00,1.424568248503779611e+00,-1.089900299642851955e-01,-2.218621890839076460e-01,2.217462778318051164e+00,2.333781960053755267e+00,1.725779099427993124e+00,-1.795095717553223169e+00,2.576408157277918498e+00
2.971206277448447786e+00,-3.486138037327581429e+00,1.688175863091583739e+00,-1.739438714784822260e+00,5.158340341289062714e-01,2.891540849341505570e+00,2.427888105115835859e+00,1.619222867320140757e+00,-1.809944338677680564e+00,2.301799717488115071e+00
-2.992286728051849032e+00,5.217071645503302157e+00,-2.471203295605774120e+00,1.612653054105276595e+00,-3.911809436089743741e+00,1.206160497706248336e+00,-2.142764534853844882e+00,-1.328704975245880160e+00,1.550744083936812956e+00,-6.752295801763692484e-01
-1.554567943296498278e+00,6.946916434479438962e+00,-2.451775599298303021e+00,1.357380889191787787e+00,-3.776617989705759904e+00,2.406419907283121162e+00,-1.894401347635117805e+00,-5.616019708456323478e-01,2.191165995110972542e+00,2.806055936294006958e+00
-2.256850493075305941e+00,2.134284254891799293e+00,-2.462910938543107164e+00,9.851606449048508907e-01,-4.134625514868345952e+00,2.788880456024017462e+00,-2.038778167419909693e+00,3.967409987855488041e-01,2.754322953332403401e+00,2.218471215531529595e+00
1.372050522373864823e+00,-9.130079885298885145e+00,2.866350646603684105e+00,-2.885248128923671551e+00,5.049163030641161676e+00,-3.491809867230792896e+00,2.934938130464794792e+00,3.414922850274036747e+00,-1.869670584161024829e+00,-2.359327094005510883e+00
-4.396302531000628733e-01,-3.523165587201709581e+00,-2.387724925045762614e+00,-2.556814990719918690e+00,2.199705349345152161e+00,-2.393131736622848393e+00,-1.326841629854276672e+00,8.463177879671510695e-01,1.291829540969537948e+00,-2.284099421735542812e+00
-2.531459079870753470e+00,-3.003810081466952830e+00,-2.467692576562542595e+00,1.443383992178778996e+00,3.682514355418983198e-01,-3.130597206121788378e+00,-2.080318302592421453e+00,3.048777234678688330e+00,1.994473466725439348e+00,-2.328607128399661441e+00
-2.104768212252930759e+00,5.621324825072794518e+00,-2.459004554724622871e+00,7.336322913809825152e-01,-3.527145680813808415e+00,9.678949875647955281e-01,-1.998497549127778772e+00,-1.021602550203494886e+00,2.463651382683436974e+00,-1.170461999233959105e+00
-3.126130141214003011e+00,-1.073924084499462861e+00,-2.473010312067963401e+00,1.519482870370070238e+00,-1.391111197132803845e-01,-5.323831412771591332e-01,-2.152430098039556761e+00,6.603484096901039990e-01,2.991961861913767784e+00,-2.020433097183305104e+00
-2.684010632981745026e+00,3.139520129766624201e+00,-2.467359229215396521e+00,-2.309736648705157158e+00,-4.333393648829502176e+00,3.153087220495640608e+00,-2.095931911213258836e+00,-1.268787994940186348e+00,2.574126089302060549e+00,2.749800673345975444e+00
-3.288774385104537679e+00,-2.717535181919173759e+00,-2.474386227246661019e+00,-2.455541792016226577e+00,-3.224291023568040870e+00,2.698454351257164596e-01,-2.170349956674698877e+00,2.746829007420350521e+00,1.562089300446330764e+00,-1.750541260254867115e+00
7.916359595778477143e-01,7.263175055275148395e-01,1.236720543725335020e+00,-1.172977132540893308e-01,1.961352969852796502e-01,2.707836801625987277e+00,2.128049763274438622e+00,-1.356457854371853955e+00,-1.739280253858126679e+00,2.204838946140611711e+00
2.309194674278374215e-01,1.191667120874933872e+01,-2.213609672326296351e+00,3.190949766557597655e+00,-1.206449611575658665e+00,3.009906496993837166e+00,-3.471586018693176845e-01,-9.062391157775238071e-01,-3.680440413426072643e-02,1.818315057358691700e+00
-3.487901914593818375e+00,-1.980198019451393066e+00,-2.475679963078722068e+00,-2.213371397803576279e+00,-3.661720683790364195e+00,7.563674382926519613e-01,-2.186730408025072236e+00,2.578821248028633661e+00,1.908748818840080297e+00,-1.454715656069837770e+00
3.125246294524853141e+00,-2.272200831986552316e+00,1.501887122269522479e+00,3.302042530837159262e+00,1.412045079250725976e+00,4.299710783721373275e-01,2.092117088528251401e+00,1.380530801923168127e+00,-1.730068387619324799e+00,-1.587677266536662524e+00
-1.204239314387999027e+00,3.348482668291688391e+00,-2.438795711786805764e+00,1.970713925116742260e+00,1.346052171818506338e+00,-1.981421625140652010e+00,-1.811054946023771484e+00,2.080496454509428439e-01,1.956843419456983035e+00,-2.240498947249239148e+00
2.525743065415841038e+00,2.173759902039993364e-01,8.460250503588385707e-01,-2.014724353396870615e+00,5.165986666597469773e-02,1.487937001201801834e+00,2.117150074933203729e+00,-6.058076021054326077e-01,-1.681611022941450928e+00,2.425216480507177974e-01
2.448091801178144067e+00,-4.296278850637573754e+00,2.144002528273067920e+00,2.794789208723519991e+00,4.355199278318998779e+00,-2.608954430539330627e+00,3.000436355112368503e+00,2.471836889351690658e+00,-1.897178584992515793e+00,-2.287222451824125535e+00
2.082931141925141283e+00,2.188950409354484261e+00,2.816781958501954009e+00,3.063661679617347033e+00,1.891130938121499128e+00,-2.322218662818009705e-02,3.271561299527184996e+00,-2.118490531065552851e+00,-1.927103881640691574e+00,-1.618939132339239029e+00
-2.384385280755801251e+00,4.954971782661318214e-01,-2.460103338120993577e+00,-6.263283009135323098e-02,-3.382021204193656594e+00,5.715659699369517455e-01,-2.057498979985702636e+00,-6.380216912031140275e-01,2.007022217406008835e+00,-1.537868078173681319e+00
1.519175875530262232e+00,6.709679513366184622e-02,3.002212439895767915e+00,1.305309510494950587e+00,1.228952119427006551e+00,2.189138762039055663e-01,2.577543940171885151e+00,-2.583408409423855190e-01,-1.829733101823744157e+00,-1.684095219301673607e+00
-2.914450838563637625e+00,-4.918455208714688887e+00,-2.470471820056890699e+00,-2.067693042290305705e+00,4.178575645750700618e-01,-3.213189423612144324e+00,-2.125942650188628935e+00,1.808164268867368918e+00,1.776155800311568056e+00,-2.340782582292026515e+00
-2.571755788393352837e-01,5.625465019319610960e+00,-2.386447482771665296e+00,8.682668563909361481e-01,-2.321085003675853464e+00,2.650761410235903170e+00,-1.262838036483519000e+00,-1.428170951581162473e+00,1.483763756586194305e+00,2.572244842860893499e+00
-5.261990394948394822e-01,-6.432477034286254725e-01,-2.410494176814815148e+00,-3.312652535897803396e+00,1.218816436863592312e+00,-3.051651437136650991e+00,-1.453737627126356680e+00,-3.221985354409732771e+00,1.157570280733427381e+00,-2.329421278075190838e+00
-2.707347214768820454e+00,7.966937758801770908e-01,-2.467647718883648089e+00,-3.130849321937501539e+00,-4.288841752676255226e+00,2.937609820130909100e+00,-2.106374463511146544e+00,2.630842040822116701e+00,1.701916362115133419e+00,2.259537085072894413e+00
-2.130554661015939821e+00,6.763273733096756279e-01,-2.458885360172185841e+00,2.841347791665924660e-01,-4.213167744622907662e+00,3.454216259315365356e+00,-2.003813510259888186e+00,1.564371518818651552e+00,2.543140038120530466e+00,2.140331608280078957e+00
-1.050335229067722587e+00,6.416816755282462204e+00,-2.437259515475728833e+00,-4.654940944542094172e-01,-3.696485614254738650e+00,2.602547510236421502e+00,-1.720070763876305531e+00,-3.118908822219949695e+00,1.269339625322326803e+00,2.214666056084397816e+00
3.866743585881806666e-01,-5.835153727051554107e-01,-1.982611675924100147e+00,-3.062371949157958628e+00,3.314222838507352442e+00,-2.833204197501360433e+00,3.116203832969701715e-01,-4.041167026169132370e-01,-1.006098591148498977e+00,-2.317907851672462272e+00
-5.621179200918255958e-01,-3.319190349400066520e+00,-2.393350587259907236e+00,-1.884447125377702648e+00,1.561485335404840802e+00,-2.187500034821163730e+00,-1.339972703413266242e+00,8.937786650106298580e-01,1.843616105330148525e+00,-2.252429251589946446e+00
-1.190834950199825659e+00,1.843186070989780490e+00,-2.429233364847059651e+00,1.585067896331411319e+00,1.699148403238751825e+00,-2.916092796398984444e+00,-1.731879621384290635e+00,-3.259515877881835610e+00,1.905723550914540709e+00,-2.317037809516892199e+00
6.248321548806519132e-01,1.991758427318563118e+00,-1.307187228312952865e+00,1.976377758561196352e+00,4.099756962180148290e-01,1.334501414214988024e-01,1.114378214954137247e+00,-3.355701458778013180e+00,-1.336496308674407274e+00,-1.670662503927918374e+00
4.761115793315346956e-01,-1.215236348737920302e-01,-1.459977130117924293e+00,-3.202402219015846985e+00,-1.016761991536690113e+00,3.166082395527462623e+00,9.878746814909370455e-01,2.170438157023765413e+00,-1.380328571145028826e+00,2.040631351876677435e+00
2.722109173845575825e+00,-8.420452497638369893e-01,2.566777403376836464e+00,1.313800213694369390e-01,6.282619694156198475e-01,1.372491696389660731e+00,2.574571114350000745e+00,-2.900639503487459692e+00,-1.837973455873617157e+00,-5.958582954914870555e-01
-2.783980495785907117e-01,2.469803798475561862e+00,-2.367096652170292082e+00,1.818173051395170603e+00,2.121318917088652611e+00,-1.543781692643587444e+00,-1.096098366921423484e+00,-2.585926389324086472e+00,1.393636503183184328e+00,-2.167767239668783041e+00
-4.828942211162496889e-01,2.158726153016798932e+00,-2.402140543029596564e+00,8.196284890490517228e-01,-3.115159206614172671e+00,2.246204046357116901e+00,-1.413632011972884905e+00,2.176663439437005465e-01,1.613508934429045194e+00,2.541194033392812468e+00
9.981163962892711794e-01,-3.906154677583197454e+00,-4.192255497804937836e-02,-4.845205279893054495e-01,4.094038925700857590e+00,-3.321132685191534151e+00,1.835427371617918357e+00,-2.324513083470487906e+00,-1.701472835446853127e+00,-2.349067389228247649e+00
3.293047916269953745e+00,-1.675087980007792465e+00,1.648044461222666124e+00,-1.879381927334361713e+00,3.209133213989987077e+00,2.062768218600696812e-01,2.539318509771421706e+00,-3.069431777073642120e+00,-1.815111626313606230e+00,-1.674163915031275707e+00
-2.621246934736430223e+00,5.533240865152919685e-01,-2.469541154482809198e+00,1.001926756852578038e-01,6.132224036332443173e-01,-3.102413165764027259e+00,-2.106384814447709974e+00,-2.665905623344567044e+00,2.209914325825255155e+00,-2.335842740258231576e+00
-5.510782758660139891e-01,-3.807056299414384171e+00,-2.378562896104984059e+00,1.645795574127895122e-01,9.755311466174840795e-01,-1.515640985439957511e+00,-1.346873582531857405e+00,2.965196113766792152e+00,1.779484406326680812e+00,-2.188889465948776092e+00
7.810165044734862505e-02,3.114417841332476122e+00,-2.170890538186837748e+00,-1.262176810845322628e+00,-1.019599681320075835e+00,1.128643666104860444e+00,-2.656157523396226461e-01,-1.852079292352494910e+00,-2.523676411865433677e-01,-1.074048479275673262e+00
2.847715059487897271e+00,-1.154981200020338550e+00,1.702701620995122456e+00,2.061024706830787423e+00,6.280358374361492579e+00,-6.551945231487317223e-01,2.170043763489944766e+00,-7.576675104053771648e-01,-1.714976678456703540e+00,-2.032498202098262929e+00
-3.004880955006306031e+00,7.492310537634467416e+00,-2.470579397394347509e+00,1.580960743104546928e+00,-3.549201218384403944e+00,7.104211673375218083e-01,-2.137645681281611587e+00,-2.119092582201449471e+00,2.671913562993761815e+00,-1.459911506116077229e+00
-2.923393803519003686e+00,9.617468292646014216e-01,-2.471566048901900015e+00,3.251214326200897453e+00,6.371678314057289683e-01,-9.584126623107982468e-01,-2.132795116242506950e+00,1.397872001015163512e+00,1.725543691403892632e+00,-2.024404224364544369e+00
2.315226174779451362e+00,-4.703043223939196160e+00,1.218323574450115743e+00,-8.711697712802548565e-01,5.192976395356940084e-02,1.147807681753612918e+00,2.223254552483222124e+00,3.032231172714925371e+00,-1.733756095550690990e+00,-9.608388354518708763e-01
2.890843558904268029e+00,1.678830510296891454e-01,2.640250029352993355e+00,1.862955159646682013e-01,2.010576289236468916e+00,3.748469909089013896e-02,2.722177185748871686e+00,-2.478025005733476060e+00,-1.857858377648790915e+00,-1.835902266773388414e+00
-1.309594724879091565e+00,-3.727233526740571179e+00,-2.434258661145359603e+00,3.712089584950821752e-01,2.154469234073845385e+00,-3.098462625036026985e+00,-1.749997190771772626e+00,2.556547642926695119e+00,2.320155344246559892e+00,-2.332860717039677123e+00
-1.048292019054754221e+00,4.780104190490183313e+00,-2.422852936286694625e+00,-4.321910174069856225e-01,-3.626521073504346049e+00,2.720562387520561565e+00,-1.644018091678194571e+00,-9.069096757982020307e-02,2.045627158479329299e+00,3.042368258869748487e+00
3.400921949663551658e+00,-8.402048109948880850e-01,2.422041511276205483e+00,-1.773623926618268509e+00,7.484271815965143348e-03,3.256917850438011186e+00,3.971837620374961908e+00,-7.730803768938394605e-01,-2.025106294962280007e+00,1.947771577415999378e+00
-5.208714588190854755e-02,8.257540168009885662e+00,-2.346939257454556671e+00,1.622310876824382575e+00,-1.889334557986825036e+00,2.564131337588308135e+00,-9.610751267693927735e-01,-2.880405195233518789e+00,1.072327618549273609e+00,1.751904362260585213e+00
-1.621847852040306126e+00,-3.727098091749096120e+00,-2.451333965662214620e+00,3.393091560565224540e-01,5.868710501012220915e-01,-2.382355769194153261e+00,-1.917375467330350691e+00,2.023012252522120136e+00,2.311270078083179857e+00,-2.256866792470999972e+00
3.216059336224446064e+00,-3.478982391967205601e+00,2.562868258724910753e+00,3.194484644075814117e+00,4.902990823031763590e+00,-1.126238112438529448e+00,3.658491110015898329e+00,1.284977869431989994e+00,-1.985800741728104279e+00,-2.032851342183173760e+00
-2.728313852042393961e+00,6.249923403900325525e+00,-2.468229161005003558e+00,-3.111994810074247830e-01,-4.256581985290046610e+00,2.740512816033856325e+00,-2.107055889731717535e+00,-2.651423231314911089e+00,2.003458007741389491e+00,3.022872642587031145e+00
-1.131561648288068156e+00,-1.403534283664229942e+00,-2.442426498357091802e+00,-1.882564571510083162e+00,-3.297587962364551650e+00,1.037120317015201465e+00,-1.806981671643459020e+00,6.276749202772640146e-01,2.334422783745797148e+00,-8.109711236597334505e-01
1.572770182144045847e+00,-5.044009943876677227e+00,1.195712112673872785e+00,-3.210819439511000795e+00,4.623269554391741920e+00,-3.172980868765000739e+00,1.898605480327286044e+00,-9.428419070130122925e-01,-1.699364247421883967e+00,-2.337754999076110174e+00
-1.198735662452740325e+00,-2.419261911531322973e-02,-2.444887448639882610e+00,-1.899063698626940244e+00,1.636867921350401156e+00,-2.345895035040911125e+00,-1.833269128199174203e+00,-1.117073326340828565e+00,2.392327349662560998e+00,-2.261828504651817173e+00
-1.189457387003696631e+00,-1.009045076365554738e+00,-2.432417688541245848e+00,-5.298317691337541824e-01,-1.594581459936875723e+00,-9.578276650041050999e-02,-1.819344435505525270e+00,1.830284419456682521e-01,1.603034106143144344e+00,-1.801501770272424530e+00
6.319102255164921189e-01,4.021044246702938807e+00,-1.355457188568127469e+00,1.584330996557658189e+00,-8.193068872855130413e-01,1.974867541597185472e+00,1.127460772415713519e+00,3.195038528101345143e+00,-1.443953645975331490e+00,1.946139868011508955e+00
1.175199690811963293e+00,-7.917396663284351099e+00,1.953805759504900097e+00,-3.352813041731296906e+00,6.198522598706224684e+00,-3.128658899904343649e+00,2.501143256127119852e+00,9.463712037484777184e-01,-1.759343517651388966e+00,-2.335182335043487711e+00
8.447371150492610781e-01,-3.586173422233652541e+00,1.265633775904759339e+00,-1.142722216131186741e-02,4.019235847636307923e+00,-2.568496700048113368e+00,2.052730825187974339e+00,-3.386308103403754100e+00,-1.719606108539424305e+00,-2.284726055861184602e+00
-1.010592534228556882e+00,1.046802416449870243e+01,-2.431509229970882480e+00,3.162633557614663360e+00,-3.306817256894734047e+00,1.775773229615500881e+00,-1.765660173595597460e+00,-3.148885764720848357e+00,2.426803488880551640e+00,8.680994345550696600e-01
1.961992311421728807e+00,-4.112965962476878623e+00,2.419306200538860807e+00,1.180156129478559635e+00,-1.018639327970383285e-01,1.468931145130689231e+00,2.655040226398564407e+00,3.451163472592139847e+00,-1.791740248192875029e+00,8.628958926604063384e-02
3.258047776464531253e+00,-7.133130021559416001e+00,1.494791892676439859e+00,-2.841025520585730213e+00,4.851440882950449840e+00,-3.477123279661753941e+00,2.479422647658773737e+00,2.619072928803860556e-01,-1.797914513752621790e+00,-2.358330550228629807e+00
-2.915658255110530561e+00,2.334104196727802449e+00,-2.469775544639088327e+00,-4.648221661198497223e-01,-1.482073367072905823e-02,-1.175000314582206329e+00,-2.119147141065125250e+00,-2.960059312043558322e+00,1.844401888034026715e+00,-2.071063799573666930e+00
5.058894540759606429e-01,-2.189973728698893396e+00,-1.396427838726975290e+00,1.356900821632218701e+00,3.079625236194852178e+00,-6.491818161939946208e-01,1.267093032253477247e+00,6.517752463312751487e-01,-1.494032355733446948e+00,-2.044224212563258369e+00
-2.213367063996745543e+00,-3.544091325098909229e-01,-2.462495112945496611e+00,2.695887582776521185e+00,5.663451889136088546e-01,-2.084146335377527137e+00,-2.048825050233853418e+00,2.253606812728333075e+00,1.657341958478078636e+00,-2.258424324091702129e+00
3.169268943823553286e+00,-4.264877546798544472e-01,2.246987068334781235e+00,3.361771841139339578e+00,5.371889023114522210e+00,-3.004192903922382030e+00,2.931189582764834878e+00,3.340507678393844770e-02,-1.896430456543638732e+00,-2.328665764745636135e+00
1.123966436028439375e+00,-1.056119424663414019e+00,1.087787320472755059e+00,2.829568301752744652e+00,4.021516668632902913e-01,3.736896207488182853e-01,2.076618540086514919e+00,3.489570778995563671e+00,-1.729203566795342040e+00,-1.473781079086268209e+00
-8.517864735836688794e-01,3.297971779948119408e+00,-2.416379809578894644e+00,-1.757202297706403238e+00,-3.249861062377718657e+00,1.486679921397811022e+00,-1.526892431527614447e+00,9.174747212411507036e-01,1.743104781357765365e+00,-1.596571391915136418e-01
-2.925661951796187044e+00,2.560840671130261148e-01,-2.471046647398328577e+00,3.056857269891920303e+00,6.438737556362281178e-02,-2.174744759115767145e+00,-2.125307414487634272e+00,1.331394960974956909e+00,2.895357691278954704e+00,-2.235068027170031613e+00
-2.798759249098676349e+00,5.981927793460666276e-01,-2.470643847211515975e+00,1.884914838426161587e+00,-2.702386815280762189e+00,6.215123677950629144e-02,-2.119124821695528738e+00,1.529920560040505251e+00,2.211131168618789555e+00,-1.779862991083202450e+00
2.381313144500332157e+00,5.749558703730182074e+00,1.787221428345692198e+00,3.410385059667018659e+00,-1.631568031975320077e-01,2.486507187153343956e+00,2.477101147888864041e+00,-2.284421084924759704e+00,-1.818329246864777371e+00,2.038567196297508488e+00
3.718887212502695050e-01,9.883447523298929838e+00,-1.978219716180611432e+00,2.832543457480334759e+00,-2.021263984733169261e-01,1.264722573376761083e+00,2.927067610482628202e-01,-2.650663990206224341e+00,-6.211362660656374324e-01,-7.545065674762028163e-01
-9.497676132938157600e-01,-9.544061573449863500e-01,-2.416513600414793128e+00,-1.402649843378376726e+00,-3.439558894213728735e+00,1.999647623470302449e+00,-1.637152690610808259e+00,1.607036171790763746e+00,1.492383492587183280e+00,1.381024383067467998e+00
2.310721842798854730e+00,-2.838844839841480727e+00,2.650912870645511621e+00,-2.766379348869755006e+00,2.976404016024440935e-01,2.858203867383413588e+00,2.576092073466630605e+00,1.313106907907664933e+00,-1.813674702423408780e+00,2.051375818267882956e+00
4.030798175251932847e-01,-3.460020318341678447e+00,-2.001708410567002883e+00,8.425541609172935154e-01,2.835338372200937318e+00,-1.282191057451975258e+00,3.910346265153195056e-01,1.109731915472760733e+00,-1.025436004564628467e+00,-2.157782072745847213e+00
2.715536343744259895e+00,-5.936057625348729161e+00,2.211306092796899048e+00,1.449942084821832289e+00,6.740950406704209641e+00,-3.087824573461768640e+00,3.232024209315219387e+00,1.553385622111433051e+00,-1.923191885634926157e+00,-2.334088097521824778e+00
3.052602334678302221e+00,-3.303697966244766082e+00,2.643514595451053495e+00,3.367792518063516205e+00,1.965742938849031063e+00,1.867712497366538216e-01,3.929390811358192792e+00,3.431548491031656489e+00,-2.008264312389189676e+00,-1.760490932575426992e+00
1.102566534930238262e+00,3.343149220907663199e+00,7.923508016190127234e-01,1.531767653254012096e+00,-4.211698763205360407e-01,3.195301440573979690e+00,1.920080350906361311e+00,-2.101824597187356147e+00,-1.700608607791948002e+00,2.227830964422635507e+00
-1.639776582768590396e+00,6.306617070881763709e+00,-2.452203793716155822e+00,3.591255767786361019e-02,-3.624718998456843533e+00,1.481967153704188966e+00,-1.901433574107116664e+00,-2.473099773632231990e+00,2.190283609282213551e+00,-2.839322071202922126e-01
1.399788622751206191e+00,-1.708066682091275323e+00,1.735948755000476185e+00,-1.030089250918172716e+00,1.592319833510940308e+00,4.081707821960574023e-01,2.334389001913882655e+00,-2.405658385750670369e+00,-1.682367340476316198e+00,-1.707115982071879312e+00
-2.845663886133685594e+00,-2.954254459429741964e+00,-2.470652301371481396e+00,-2.445905935712653800e+00,7.594556637610234695e-01,-1.731450326992832522e+00,-2.128221914833072770e+00,7.887172014391730102e-01,3.066334272004145323e+00,-2.202729045894809001e+00
-1.999960355451061655e+00,4.768864960772388528e+00,-2.457474719723131695e+00,2.742713702151394983e+00,1.941726482536054954e+00,-2.381562505619124970e+00,-1.988244728049867183e+00,-4.067178796569277388e-01,3.094136523703915564e+00,-2.252582395493620382e+00
-1.192936404322603394e+00,8.785188767772627028e-01,-2.440631753883928390e+00,-6.434900406276584661e-01,3.558249356770981642e-01,-5.801224463820275901e-01,-1.763025629489745505e+00,-2.560326168180725226e+00,2.158290022321756929e+00,-2.021874877386665936e+00
2.005791503444501522e+00,-3.164186972097144501e+00,1.967026305223954719e+00,-2.377135645719018697e+00,1.660881988943092802e+00,3.390101021807652160e-01,2.976738945556832050e+00,-2.509341021038911101e+00,-1.898998696251835483e+00,-1.553355721667787570e+00
-2.521174574409456248e+00,-4.459111913795190674e+00,-2.467209669890311208e+00,-1.160238593150646036e+00,1.539797738279569783e+00,-2.346334808381369541e+00,-2.085968459450526780e+00,2.043845798253666857e+00,2.283977462444615192e+00,-2.268636889864108497e+00
1.338176087816216331e+00,2.157063329919211903e+00,1.011879464454114919e+00,1.427685393013096160e-01,-7.462095108643940211e-02,3.445001438213031619e+00,1.915230379548193085e+00,-2.202924466377398360e-01,-1.713308109322105643e+00,2.510452977132016983e+00
-3.423474690729768177e+00,-1.616935979870165463e+00,-2.475223805650162756e+00,1.404345858881359987e+00,7.570564824607742827e-01,-3.486763738470642693e+00,-2.181238482631586262e+00,4.956297790169132966e-01,2.190885451064848333e+00,-2.358987509669608240e+00
2.079889585801842244e+00,-5.865489033843409139e+00,1.900023025097875795e+00,-3.291555973433876403e+00,6.797717047382260347e+00,-2.140517417517546761e+00,2.281666591780309616e+00,-2.403022306395419250e-02,-1.733850336221425925e+00,-2.252242207756613546e+00
1.310956272286172286e+00,-8.359447966589016232e+00,5.005241347096071047e-01,-2.924952103612906473e+00,3.939050450398961623e+00,-1.925968904880380972e+00,1.894119214749023783e+00,2.592044113424246454e+00,-1.659562642825361145e+00,-2.219947930689748272e+00
-1.365139271717116021e+00,2.366553951523708843e-01,-2.445728072829505884e+00,-2.581743389515893661e+00,-3.901646169788922425e+00,2.839853261038116194e+00,-1.854544366077726547e+00,1.133945655705089983e+00,1.479700815771554767e+00,1.886254646393151324e+00
2.121965935551385130e+00,-1.014306399600526376e-01,1.743821964334794750e+00,-1.937400013236784790e+00,1.673149625066086221e+00,1.138099918871490424e+00,2.104575300552337769e+00,-3.390438551483411445e+00,-1.722343341972265351e+00,-6.811589189173157255e-01
-2.986344235459410967e+00,6.510903762801873995e-01,-2.472123182619902604e+00,-2.229499663231581774e+00,-4.187004542382544159e+00,2.003565773414013762e+00,-2.139971468741705518e+00,1.441541780431587760e+00,1.856313684172834488e+00,1.684593404569452613e+00
-9.609257446194341412e-03,1.451847648432184612e-01,-2.310993242236883738e+00,4.878032176281865695e-01,-2.066956110389730483e+00,2.796152280357350861e+00,-8.270892782604696292e-01,1.022712861151558350e+00,1.049179289126001891e+00,1.976141160774688821e+00
-3.456019518000730262e+00,7.210526220055884394e+00,-2.475399258499587418e+00,1.691615129541104601e+00,-4.295119045472104879e+00,2.160943806885658347e+00,-2.183911798419966743e+00,-2.824004886014036764e+00,2.404005763671047013e+00,1.480199759015519145e+00
-1.071119463484529799e+00,-1.735893750586825490e-02,-2.441027116511729655e+00,-2.548515706289093963e-01,8.282122274292293973e-01,-3.373226551683276675e+00,-1.782575433796590891e+00,-1.213117950806819501e+00,1.627919381965490686e+00,-2.351780959532056681e+00
-9.661918398002233843e-01,3.208838680750368155e+00,-2.417523555036708238e+00,-1.139296654287146104e+00,9.128369416164738848e-01,-1.601250427917067176e+00,-1.648579938682099177e+00,-2.826444946129011981e+00,1.423866257739863084e+00,-2.166861705410578320e+00
-3.220183688694939317e+00,5.051807326717634439e-01,-2.472922717666603099e+00,3.403974396038648820e+00,2.046866646420191671e+00,-2.700081411390749864e+00,-2.157224839653620219e+00,1.740031368682600110e+00,2.115982342593881071e+00,-2.304811673815207573e+00
3.357333341906695523e+00,5.305005748901080453e-01,2.350645255508699627e+00,3.207739410259035751e+00,4.437687372015484577e+00,-1.188278282532809538e+00,3.450900894943923269e+00,-2.193382260896825642e+00,-1.954802263327807932e+00,-2.122797693963438537e+00
3.476068382653092925e+00,2.246787202809499284e-01,1.436213475320692323e+00,2.197250571471897729e+00,-1.890360375361890555e-01,3.034867394387024575e+00,2.128536893282950704e+00,2.072052735056293393e+00,-1.735582337162500544e+00,2.483839042708203326e+00
-1.810600016256695977e+00,-5.809880786270715802e-02,-2.456579230530019586e+00,-7.620719076137709713e-01,7.455307487903791719e-01,-1.489531756414637975e+00,-1.959154025360771101e+00,-1.761493917595013059e+00,1.754042711045312952e+00,-2.149405219072181961e+00
1.595122774770453944e+00,-4.114237755014979570e+00,4.268315423956255961e-01,-1.494837185423179449e+00,5.179600535736024192e+00,-1.451632765020065108e+00,1.775542839650560367e+00,-1.063049033127237308e+00,-1.676171878657916725e+00,-2.155525572899669839e+00
1.880406390359730118e+00,-2.975259242827961170e+00,1.799142253111877032e+00,2.222070665496499231e+00,4.787173785301400919e+00,-9.647085703203215346e-01,2.573576893675847188e+00,2.133685626813904612e+00,-1.787569906935725372e+00,-2.102038113713292411e+00
2.063679800453818380e+00,-4.345395895087683868e+00,2.315007687413034532e+00,-1.096106498347875657e+00,5.395377699326897591e+00,-2.869012188825923459e+00,2.240144223787887245e+00,-1.939884481310133024e+00,-1.661360058242175697e+00,-2.314783463995160773e+00
9.891797867708476133e-01,9.540996501449470202e+00,-8.019604705010046075e-01,2.205605669615056996e+00,-7.479202288194432002e-01,2.455610907756397232e+00,1.529803242186665635e+00,-3.360526741085384739e+00,-1.491245694920731113e+00,2.281008718693158688e+00
-3.214499906133326590e+00,-2.123204263177461026e+00,-2.473859823519999335e+00,1.421124485969681217e+00,2.652880271959099368e-01,-1.316136898196982763e+00,-2.164509392139298161e+00,3.254144305483159805e+00,1.905065209732301756e+00,-2.162771603671937104e+00
3.285775469811689220e-01,5.781818705752934662e-01,-1.790084271321870535e+00,6.373098414984310622e-01,4.357447421060809845e+00,-1.252922436342411849e+00,7.553514084433550213e-01,-1.738326279681049247e+00,-1.255011463217701184e+00,-2.143290600384202715e+00
3.418563734680398092e+00,-3.916758866259977712e+00,3.392553774602540262e+00,-3.861778351616629301e-01,3.188882787075874581e-01,2.507581376834936648e+00,3.020704127458537780e+00,3.296264672472265289e+00,-1.863177725003258178e+00,1.683242777451140038e+00
-1.201740230549919186e+00,-4.178649758690426985e+00,-2.433737547185287564e+00,1.192825580259735396e-01,1.671771182533017486e+00,-2.926736967392689071e+00,-1.752741038774071392e+00,2.316032938106886263e+00,2.212560022699370688e+00,-2.315139436814912521e+00
-1.445796966473966272e+00,1.028541801508051634e+00,-2.442049414524403605e+00,-2.962769933096623731e+00,-2.839431117365796453e+00,6.317121430082055511e-01,-1.865354681447686236e+00,-2.192805355245175392e-01,2.352393945366149541e+00,-1.574460172703496363e+00
-2.060216915324835973e+00,3.929443501903048475e+00,-2.458150764304821934e+00,8.434505154566069862e-01,-3.528507413305197904e+00,8.856761017345444742e-01,-2.008740666791019702e+00,-3.391112364899715015e+00,2.496120581778044745e+00,-1.234674463065753347e+00
1.825932473389164201e+00,9.841040214116972829e-01,-8.932833569196024781e-03,6.039908643037996683e-01,1.050119744951714118e-01,2.941075451206906166e+00,1.852396295844384477e+00,-1.288017730525404136e+00,-1.676833772214241236e+00,2.470171654860805255e+00
-1.682975173303418170e+00,2.780578719877968119e+00,-2.457772989866293667e+00,2.270991864939022165e+00,-3.335016434857557943e+00,7.745324435313643008e-01,-1.955371606535843965e+00,3.221590143188876709e+00,2.261908268964311297e+00,-1.422897797884939530e+00
1.904234160206189408e+00,-5.764401174665784389e+00,2.239665475156831231e+00,1.504662978359645464e+00,5.502542900280960048e+00,-1.781292388911555946e+00,2.451304402511429892e+00,1.472685238681818554e+00,-1.785813528031570341e+00,-2.206805809153189024e+00
1.373123031249567916e-01,-3.477088381235249770e+00,-2.271105885746190101e+00,4.526847090636638704e-01,3.439693020929613265e+00,-1.293944029230714499e+00,-6.061176835832173815e-01,3.155136520720265736e+00,4.995806991013622689e-01,-2.156893402589857622e+00
-1.530982941898557215e+00,5.938126947956565260e+00,-2.451470673037523085e+00,1.769807870586185494e+00,-3.366929344589363549e+00,8.673752940464121153e-01,-1.925388668828311944e+00,-1.879183146642912305e+00,1.455042813323589090e+00,-1.393149686773926144e+00
-9.050601001025051495e-01,-1.995495518571666071e-02,-2.430487929420908522e+00,-3.872201785123472462e-01,-3.257568799831347395e+00,1.850144309753818384e+00,-1.718720648932726247e+00,1.454678983474261500e+00,1.591006851738622441e+00,1.208161811970533739e+00
3.168280394929767319e+00,-8.434846306509188096e+00,2.326393886186531645e+00,-1.072705767379329878e+00,5.001564267733104252e+00,-2.047055799864156533e+00,2.531897216388473204e+00,2.937112363356590095e+00,-1.797428497501178057e+00,-2.245561609110467760e+00
-1.220720662914787535e+00,-9.352222584942826433e-02,-2.433404408027312726e+00,-1.319957679809792506e+00,-3.761270810767553652e+00,2.576130491846430282e+00,-1.789790309025445669e+00,2.345467547940438990e+00,2.139196880560486846e+00,2.987050835351856559e+00
-2.845162742911115039e+00,7.649911602404672273e+00,-2.470092659729664408e+00,2.206180374374868691e+00,-4.334208456840915602e+00,3.019286176612125061e+00,-2.117204223844322719e+00,-2.265799625313032362e+00,3.081628085052321442e+00,3.681767341953822825e+00
2.419181643260460923e+00,-2.640719663300922448e+00,1.009564890080050237e+00,-2.875245070573648754e+00,5.536908771669844853e+00,-2.865647085111099557e+00,2.122858069218423793e+00,-3.362485487850201071e+00,-1.681243486437407730e+00,-2.309687986907107859e+00
1.100007916092546445e+00,-3.359904469043727193e+00,-2.577607210532752990e-01,-2.556094944484557985e+00,4.595063717818759663e+00,-1.798564570072630264e+00,1.737582299420672882e+00,-3.285598792528602541e+00,-1.560781932515762582e+00,-2.226131136614584172e+00
3.018117569477841933e+00,-4.978135263695643076e+00,2.188704143964482984e+00,-1.986472775623039366e+00,4.485968578103231685e+00,-2.836770751623218345e+00,2.619900076846805703e+00,-1.325986164684182622e+00,-1.821983929889633202e+00,-2.311281897439248390e+00
8.561730930789943628e-01,-7.731515562665671304e+00,2.919277841230965009e+00,-1.726045095559617604e+00,4.944890220105806478e+00,-1.899582240196726390e+00,3.053606236727008039e+00,9.072464723502502437e-01,-1.918417926287158792e+00,-2.238765784019842719e+00
-1.782147886166530082e+00,4.471372108131939527e+00,-2.458823334798687199e+00,-2.406266455465032816e+00,-4.037860188404438944e+00,3.296802049019320613e+00,-1.974489925172219884e+00,-1.261679606459426228e+00,2.229139035483798992e+00,2.084056088657121109e+00
-1.294722536126852397e+00,1.074156597482619491e+00,-2.440316300056041943e+00,2.001140868907436143e-02,-3.390520363663446002e+00,1.170579951937095409e+00,-1.807498825860947678e+00,-3.440638011256007545e-01,1.563162413576107301e+00,-8.154194639777556652e-01
-2.947492591401892348e-01,-3.825137214284082710e+00,-2.364354806790939012e+00,-1.088289444143746287e+00,-8.649749395503780747e-01,-1.494125083810988741e-01,-1.121049497884503809e+00,1.673050673534834054e+00,1.314566576906385009e+00,-1.890915263636441246e+00
-1.512365541989296736e+00,5.250076897437083723e+00,-2.446924230859257143e+00,1.644886857019062454e+00,-3.544048984074832376e+00,1.499349652590573179e+00,-1.913420518797539716e+00,-1.410617517098668117e+00,2.348339355894869307e+00,-3.401865759565920744e-01
-5.975221273980704240e-01,-7.623659910632445413e-01,-2.408368172299252041e+00,-3.257375568814191436e+00,1.538951378154159721e+00,-3.353472676080049730e+00,-1.497338454606906399e+00,-3.368403162104806725e+00,2.307871827113233909e+00,-2.349242923635944447e+00
6.157950634118298794e-01,4.678715606405123850e+00,-1.432201077497923247e+00,2.494114852574553787e+00,-7.503172709022942755e-01,3.292435842138586644e+00,1.011392844860989015e+00,2.092679699660954462e+00,-1.310214479755955841e+00,2.949717917094892172e+00
-2.208129704702757046e+00,3.631245343458379349e+00,-2.458012987667376414e+00,-3.901370764099709731e-02,-4.203550839502280034e+00,2.978040597127908029e+00,-2.004114784980575159e+00,-2.515428971323582452e+00,1.980959867168935240e+00,3.089199306879292450e+00
4.837130785142695899e-02,2.873420816345396478e+00,-2.287083860586590855e+00,1.091070581696437891e+00,-5.669495775540565052e-01,1.121876348410647317e+00,-5.984478502405617961e-01,-7.497999965551715995e-01,7.461554756331415517e-01,-1.056283183995815778e+00
-1.021403378541104079e+00,2.107963336992631387e+00,-2.435220832223498721e+00,1.851324752739863300e+00,-3.412626939187555219e+00,1.787568101815401711e+00,-1.697265976144003430e+00,3.132859918261983623e+00,1.490689118154689519e+00,1.089019572585795625e+00
-2.990199368583481565e-01,4.616272148251036711e+00,-2.369711741830246687e+00,3.147471802738397884e+00,-1.538201361417974811e+00,4.380711944782902378e-01,-1.180666654513398584e+00,-2.277712215705984367e+00,1.412472315418287661e+00,-1.596768807472415341e+00
-1.466885652249583671e+00,1.310328496365043005e-01,-2.441622278797347168e+00,-2.319953360495316197e+00,-3.978854633595319434e+00,3.311024652798487011e+00,-1.783348615636111134e+00,8.037375253855163493e-01,1.998390096609420130e+00,2.476972971319811201e+00
-2.243508245328591499e+00,3.309245985654980515e-01,-2.462363551026277353e+00,3.564557819754350376e-01,1.048708373838403540e+00,-2.035451167102453329e+00,-2.018047740475273688e+00,-9.679008906711903393e-01,2.670664740586609742e+00,-2.191585001276988631e+00
1.628549065032730780e+00,-3.642618321753878341e+00,1.377427274908695098e+00,3.272028871221155377e+00,5.446311302826742029e+00,-2.800295684863113976e+00,2.012985680798901278e+00,2.720600287364307590e+00,-1.621979686918597618e+00,-2.310923543032605387e+00
-1.778393890831051705e+00,4.896086174347791697e+00,-2.447535288863543546e+00,-2.174055112527649491e+00,-4.021696182396816255e+00,3.063247650067323136e+00,-1.908893517702319409e+00,-3.360340657981947921e+00,1.530868137145631191e+00,2.770711385383272329e+00
4.780659201773653777e-01,-3.206185490067662069e+00,-1.476609133705626409e-01,-2.528852778576960336e+00,3.113498148735698301e+00,-1.638692904582100596e+00,1.780124550452168997e+00,-2.857042205350690534e+00,-1.622900369279159261e+00,-2.203325194218993310e+00
-1.409613536042364057e+00,-3.092134207030092341e+00,-2.439572573687144530e+00,9.531528626863430276e-01,1.606155627566263622e-02,-6.775324841244807494e-01,-1.841304436323081273e+00,3.375531458907740756e+00,2.094546705229689554e+00,-2.045482490701397538e+00
-2.117327442026285311e+00,-4.363063538101181749e-01,-2.455012339902360452e+00,7.931796788936580356e-01,-1.607334495511254513e+00,-2.186053671357308659e-01,-2.010558652517597356e+00,1.524402832145379527e-01,3.576887034583186242e+00,-1.865285691884098318e+00
-6.503125418667732305e-02,6.116618247585873469e+00,-2.302497172335026487e+00,2.439541190045532382e+00,2.984957361200062387e+00,-2.707376341200067316e+00,-6.890245968854613601e-01,-3.470687844229531915e+00,7.758730065318304447e-01,-2.303788940001203933e+00
-3.217787353859016264e-01,-3.371534763852278793e+00,-2.361821219691714546e+00,1.132814237258283896e+00,9.812293141543929620e-01,-8.350348319729175017e-01,-1.205945312250668255e+00,2.886527664891389122e+00,9.991910642867760650e-01,-2.085175019172551547e+00
-2.595191577681859041e+00,3.798136537795129275e+00,-2.467669253636108451e+00,8.070385448047892041e-01,-4.273713720911487712e+00,2.776584788832725081e+00,-2.099067522327186186e+00,-1.510416270649222792e+00,2.411751802290314828e+00,1.730009892862383714e+00
-7.989036662589930060e-01,5.458934845406305136e+00,-2.388805471389075397e+00,-1.534120595638253093e-01,-3.136904310541343222e+00,1.170634708308981864e+00,-1.459052192962434713e+00,-8.437696015897846458e-01,1.461264517309216249e+00,-7.397770341893110668e-01
-3.344393286609545601e+00,2.865006538994834706e+00,-2.474390053375704390e+00,-1.443790254089459602e+00,-3.805748134947000594e+00,9.389775296740081600e-01,-2.173249805380328858e+00,-2.336501337633837494e+00,1.804503929728232148e+00,-1.071246881903541670e+00
-1.327426477358696122e+00,-3.968077772960473038e+00,-2.432639362718943321e+00,-2.880025199419933291e+00,7.483900848443891807e-01,-1.083170010462140009e+00,-1.761668317459345712e+00,1.531758369905831252e+00,1.837137515825463030e+00,-2.117433517147849553e+00
1.132382324908892457e+00,-4.196670368912970517e+00,-4.992548287980543842e-01,-1.253486381337286737e+00,6.405912557316380429e+00,-3.077812094952653510e+00,1.706224931162470648e+00,-1.197325782864481436e+00,-1.584982687798770939e+00,-2.331217580247753496e+00
-1.080178185570050964e+00,-4.060618682222897569e+00,-2.436337915611540783e+00,1.032406373590997184e-01,1.458478407749797423e+00,-2.113821758177327315e+00,-1.740300889372372595e+00,2.099084915382031902e+00,2.340581641284469328e+00,-2.237165655556632160e+00
-2.125628793366736602e+00,6.068939775389274871e+00,-2.462045610051252886e+00,3.352759918153143559e+00,-4.182971402049448173e+00,2.933731700129618147e+00,-2.037622932479556059e+00,4.896020985995179764e-01,2.566786809636101285e+00,1.783970129465009435e+00
-4.646475424068379212e-01,-1.639996473977380020e+00,-2.382105546482613079e+00,-2.130769177487302102e+00,-2.512830076305485161e+00,1.403166864265268821e+00,-1.343625374404618933e+00,1.611083695297324425e+00,2.184018862633936298e+00,-4.976364348813400174e-01
2.842465068734437494e+00,-2.886495917794066557e+00,1.566927106140522552e+00,7.208473259026213498e-01,6.271124420682338219e+00,-2.976719689237810496e+00,2.343406672188347084e+00,-2.226640749201146630e+00,-1.737322053560547364e+00,-2.324724264260544793e+00
2.517168768982283034e+00,-8.103908417693919120e+00,2.641629340678927740e+00,-9.955946853209720615e-01,3.803897224059476834e+00,-1.203581129712422371e+00,2.503135874376008374e+00,2.635538373657296596e+00,-1.821786864855191812e+00,-2.116712112653178046e+00
2.640299735327125141e-01,-3.377207857273520020e+00,-2.088394646606357874e+00,-2.761600811045634707e+00,-7.868374153181743047e-01,4.535568059911048167e-01,4.673919154848937829e-02,2.085123595734413193e+00,-7.580816523767857085e-01,-1.531566586984475897e+00
-1.303144911742445622e+00,4.913390514674076393e-01,-2.442485025965117185e+00,3.420157556131640852e+00,2.347628582033274292e+00,-1.804004257146956336e+00,-1.830957720194623439e+00,2.590602982555772371e+00,2.751931369588333620e+00,-2.202730955955997771e+00
-1.671057199538073856e+00,2.164343946249967843e+00,-2.451747516961155338e+00,-6.269451664376104461e-01,-3.897468551811074100e+00,2.156490284837314420e+00,-1.913693987740480162e+00,-4.648467808029876913e-01,1.755668896628965525e+00,1.679624252846063426e+00
-4.516388407382958547e-01,-4.145592694653540633e+00,-2.374961574622522775e+00,-1.326837739134741678e+00,2.462979865212547637e+00,-3.226525387282699775e+00,-1.172218719399555686e+00,2.724997460145701211e+00,1.093540198296693911e+00,-2.342064612026194759e+00
-1.957133940108781278e+00,1.060828867111831553e-01,-2.460890200500923886e+00,-1.264319866832726902e+00,-2.269461076612729222e+00,-3.339409372259494191e-02,-2.000466205061626646e+00,-1.754054019431173117e+00,2.477620491179507667e+00,-1.821771561356307689e+00
-2.850717691793510422e+00,4.383790370418960691e-02,-2.469527771078535938e+00,-2.760593851369012697e+00,-7.395325498812125309e-01,-6.858309457685294319e-01,-2.127618185146232133e+00,-7.948559831721144775e-01,2.895222084254214234e+00,-2.027693380643156740e+00
-2.760312298735385639e-01,-4.164235453619029581e-01,-2.366913975070530807e+00,-2.488717282814566722e+00,-6.532721030610670887e-01,8.231978641281489928e-02,-1.144929359942853164e+00,-3.072673689879352743e-01,9.924921125214188899e-01,-1.679699072848118924e+00
-3.427374092526175531e+00,6.711524688014164575e+00,-2.475244007203826868e+00,2.002758000706456265e+00,-4.379539994592550833e+00,2.659099375229832418e+00,-2.181566076369325202e+00,-3.121829256360365790e+00,1.712741087924755989e+00,1.817553163776427283e+00
5.258441360921803920e-01,3.397123959459596776e+00,-1.522864850842358342e+00,-1.602856695394442088e+00,-1.261806880072023240e+00,3.115334175727616284e+00,9.648575114689971199e-01,-2.434037532900158229e+00,-1.250606124899215965e+00,2.118867257157030615e+00
3.180011600685164197e-01,1.357162900949804296e+00,-2.040246574873342489e+00,6.134321396860098474e-01,-9.886671090003883444e-01,1.061314437113221487e+00,5.800302347449080159e-02,-6.022686842861268985e-01,-5.892125480583274566e-01,-8.877670855842737518e-01
1.088081578099554747e+00,-3.168783346643420984e+00,1.835941705851402705e+00,-2.490661586360709556e-01,4.147390918331936405e+00,-4.730462498486547318e-01,2.306606179001454926e+00,-3.014489451912508500e+00,-1.753012050581069570e+00,-1.933095297955083502e+00
-6.035684726219723295e-01,-7.638150765514541973e-01,-2.414116177484983972e+00,-1.369561684445596228e+00,1.601919636152311588e+00,-1.805346577905391436e+00,-1.538488360196375915e+00,-4.216553816759880391e-01,1.850000377730008916e+00,-2.209940088484038778e+00
-1.809835230251074289e+00,2.373278923532929241e+00,-2.446244332202850646e+00,6.043953243109765339e-01,-3.791182848332061539e+00,1.733258363633138011e+00,-1.884333853308609363e+00,2.593175221499040006e-01,1.671206835205526264e+00,2.035119845677749506e+00
3.842018916030287556e-02,-1.011206056059812397e+00,-2.324731358499176004e+00,-1.627768681820923824e+00,5.471780941646479102e-01,-3.259815515777715333e-01,-8.399631294967941919e-01,-5.976772681265587472e-01,1.330400003645462625e+00,-1.925003005321939797e+00
-2.012621581709995056e+00,-1.330669320508756526e+00,-2.463011875553388741e+00,-2.300344851103120369e+00,-3.894386103091075135e+00,1.569404553889222953e+00,-2.024207657899233403e+00,2.292531744914101388e+00,1.636715282859668497e+00,5.056115409220133250e-01
-6.792719913779934338e-01,-4.899363378222359344e+00,-2.397084548487479427e+00,-7.603811770350583643e-01,2.110182340633186548e+00,-3.460041272287611935e+00,-1.459370319171668706e+00,3.205659922107863657e+00,1.258482387956818327e+00,-2.357545654859149575e+00
1.936271588353145390e+00,-2.675383999054235851e+00,2.070190626540645340e+00,-5.224913835701414655e-01,3.953631252340974012e+00,-1.100417214125820831e+00,2.281516458615163945e+00,-3.477618991899590117e+00,-1.791222389468396070e+00,-2.122212134521374249e+00
8.115381712188218799e-01,-5.007834541601015044e-01,1.357076945122849487e+00,1.148423199445248954e+00,2.053751037290216352e+00,3.249457280629139966e-01,1.938313132134507732e+00,-3.473380773919216402e+00,-1.718575726534617987e+00,-1.725178271580039224e+00
7.529239467264527974e-01,-6.916617022153699779e+00,-1.154004161398687778e+00,-1.887599768013687118e+00,4.823199456881773095e+00,-8.724401286875367312e-01,1.289287312562265697e+00,1.978852809928453027e+00,-1.448065542877808420e+00,-2.067935684884236291e+00
-1.280471769220897560e+00,7.263368085718820311e+00,-2.438435471817316458e+00,2.896815463281246394e+00,1.640979474079931943e+00,-2.664729595455081146e+00,-1.824521512889472286e+00,-1.892352218478953185e+00,1.847891439540059189e+00,-2.304641168077210089e+00
-4.733234051549484178e-01,6.872950394171684074e-02,-2.409985354245228972e+00,-2.022925161981927733e+00,-2.972206532879567042e+00,1.801154378917562582e+00,-1.445905744709454988e+00,2.821405177453967461e+00,1.335633646641532168e+00,1.396182862705396044e+00
-3.105421593260232260e+00,4.142984336434611059e+00,-2.472254619991790747e+00,2.934594387405629057e+00,-3.086756777411266306e+00,3.181737613707089629e-01,-2.149354712537755230e+00,-5.100088109922031876e-01,2.151009477488257993e+00,-1.530162234956618850e+00
8.751037079430750154e-01,-6.245199845129411287e+00,-1.036318747357813486e+00,3.345878436323639349e-01,4.211480891506719892e+00,-2.634082298369761155e+00,1.342625963414815438e+00,3.194190950843619703e+00,-1.534782475790681167e+00,-2.280298894956438893e+00
1.068641560371023758e+00,-2.106361443043758719e+00,1.285538837614578489e-01,-2.769337949750809713e-01,2.960596088718079472e-02,5.595013645812887404e-01,1.865843780726337719e+00,-1.115799229114772473e+00,-1.697429629152740871e+00,-1.611134715135885243e+00
6.087740523708955465e-01,-5.980791809215895150e+00,-1.314465328211273931e+00,-8.886372966599647150e-01,2.647233541628916775e+00,-4.546855361860662192e-01,1.104642137831981952e+00,3.488888893892887033e+00,-1.447654355360964651e+00,-1.961233750540448240e+00
-1.360552102560597554e+00,7.713610322609868675e+00,-2.445367756873407572e+00,2.598363656732871618e+00,-2.684479041779753938e+00,2.114748270008632858e-01,-1.851536270322015509e+00,-2.995149090129026526e+00,1.556775695361948042e+00,-1.784983096589590312e+00
-7.668990550269638717e-01,1.922134060233279707e+00,-2.416996000890172525e+00,9.260958618337138404e-01,6.043247369517608103e-01,-7.070025798573835729e-01,-1.582401660948304922e+00,-1.668085822725828615e+00,2.314764602519690406e+00,-2.061279993073486860e+00
1.950015019053253695e+00,-5.896035007084131863e+00,7.216881669896523244e-01,1.281493268603393076e+00,4.688631796615394087e+00,-1.201047064518340868e+00,2.011614388578925272e+00,2.291589964439552318e+00,-1.717992205404281103e+00,-2.133924402655720698e+00
6.174997154749855000e-01,-6.383690416548423840e+00,-1.599611582073527272e+00,-6.046842176648592471e-01,4.493089624099713575e+00,-1.921721380305030369e+00,9.752398719429465901e-01,3.063032000377260644e+00,-9.895379756333014809e-01,-2.241206692789237120e+00
-2.278458145435097393e+00,8.707007293760751665e+00,-2.466202219323554434e+00,1.978120578083744086e+00,-4.200124230235711131e+00,2.800987177582668686e+00,-2.063099823208232486e+00,-6.030867892660833895e-01,1.735476749784182093e+00,2.121633838702351227e+00
-1.039708867434117945e+00,-2.718738737248267423e+00,-2.428597473211162594e+00,-8.728731107273670631e-01,-2.940350912373887571e+00,6.177840635393891944e-01,-1.683978224572003191e+00,1.431283804858033193e+00,1.841127055413961378e+00,-1.458431652254374100e+00
-2.254725765989727293e+00,-2.157620830141287804e+00,-2.462828557375974281e+00,-3.138294611152366187e+00,-9.610812632360717922e-01,-3.697994661224823787e-01,-2.027156946768152057e+00,4.910534402321062863e-01,2.136113322990209618e+00,-1.969633010203761359e+00
-1.645182087984388142e+00,-1.107996620141558086e+00,-2.447752269216636023e+00,-2.958443928498336817e+00,-1.143996449575669372e-01,-8.627520240096306914e-01,-1.903352023324003772e+00,-3.979937028572129165e-01,2.294635757668527898e+00,-2.067831877905987437e+00
2.696263921090071847e+00,-8.639603348672807215e+00,1.504783265579719753e+00,-3.367713050322664436e+00,4.246451849156047231e+00,-1.727241294840375030e+00,2.172117212942301645e+00,3.162276683692033963e+00,-1.762949957261541245e+00,-2.196463296934806131e+00
-2.807609484116268206e+00,-3.284230865964814505e-01,-2.470044198116104983e+00,-9.876461812075261193e-01,5.388278964872484922e-01,-1.427786406490522353e+00,-2.116540506368811858e+00,2.056474430582095891e-01,1.655828421206635870e+00,-2.103844998003438160e+00
-3.029626225380686044e+00,1.034056821136223103e+00,-2.471806272746349897e+00,-2.977457861029391140e+00,-3.421714659525309177e+00,6.769168831606355852e-01,-2.140665045769904129e+00,-1.670913305562561124e+00,1.780511525855764887e+00,-1.272550277378181605e+00
-1.496926462668159541e+00,7.273924516026473164e+00,-2.443469547156018606e+00,2.935294946953464823e+00,-3.852696778167680858e+00,2.123575888546603174e+00,-1.833576441636693310e+00,2.096621000242122612e-01,2.199775765220698176e+00,2.091536691622163158e+00
-3.455802115551693809e+00,-1.865774403315446639e-01,-2.475459537590600778e+00,3.024281391012960896e+00,2.201193035046511426e-02,-1.289008859943573171e+00,-2.184306326980369750e+00,1.963353758267842863e+00,1.705525537154782389e+00,-2.159607538572901664e+00
-3.067748527890330923e+00,-4.153839950711251561e+00,-2.471526677197793731e+00,-3.209016806258720766e+00,1.336417188378741905e+00,-3.093418687349958063e+00,-2.148352337830455649e+00,1.209405854639452826e+00,1.870352737055894332e+00,-2.332786295074517735e+00
-2.877699410054989304e+00,4.152888423844020238e+00,-2.470440190611455034e+00,3.401658175856716149e+00,-4.297616298389416833e+00,2.718510102007835272e+00,-2.122389628140127993e+00,2.265707884500415936e+00,1.823040123115771571e+00,2.040743763526004617e+00
-2.021870428962731836e+00,7.551414398210158918e-01,-2.459566114526728686e+00,-2.702958726456186067e+00,-3.738033952951870909e+00,1.781932674678453843e+00,-1.997540328605291071e+00,3.296160797785630869e+00,1.625377573333680825e+00,1.509203842730943101e+00
-8.099179017347726273e-01,1.061929020405156443e+01,-2.420152794761263326e+00,2.179690770718254456e+00,-3.271031803120462822e+00,1.639410229690398957e+00,-1.559224049574423177e+00,-2.290688744213671857e+00,1.470275524812282963e+00,3.176448197017200936e-01
1.919001043005621909e+00,4.468236669308802700e-01,8.346608813285206763e-01,-2.340660980527714319e+00,9.217087109576567183e-01,1.305094060694418800e+00,1.987416375849358374e+00,-1.858186697845731761e+00,-1.726874990262716958e+00,-6.046685914072861268e-01
-5.407189181384222110e-01,3.976115205097594529e-01,-2.386890543526646979e+00,-1.089892055887247135e+00,8.317784267616102900e-01,-1.534015602950067336e+00,-1.485416317724170154e+00,-3.186735329615094869e+00,1.908009399092204017e+00,-2.176385056092902559e+00
2.605715744629791608e+00,-4.923302468110783425e-01,1.673110272980115498e+00,4.079761725845658660e-01,7.293752660074988015e-01,2.414742916458061828e+00,2.420048826420909904e+00,-1.035188535587073577e+00,-1.784302570589801462e+00,2.092854017351488238e+00
5.086583165571996190e-01,-2.981149803729519210e+00,-1.835728036272879171e+00,1.338668412236677874e+00,3.388201354887556249e+00,-3.127940047885499730e+00,8.196757183458892593e-01,1.812769570306030253e+00,-1.261814497868948504e+00,-2.337900389606069051e+00
-1.662911718898571145e+00,-4.639478428812404687e-01,-2.446441695115525672e+00,3.343104638763854553e+00,7.428789093674520450e-01,-2.839071234051706139e+00,-1.817402373841345842e+00,2.435496657313282576e+00,1.496227322365973444e+00,-2.312805892304462763e+00
5.986272206179323874e-01,-5.804790119724952291e+00,-1.368690620669338109e+00,-3.325576114495026658e+00,4.070916126414757308e+00,-2.158679962206700775e+00,1.158180732745866193e+00,6.307072672361240251e-01,-1.345121301268952907e+00,-2.257219645486223225e+00
3.428924602608545591e+00,-3.950839246015035444e-01,2.422176710661229304e+00,6.927675710658354191e-01,-6.166230323012544812e-02,2.432315157689713736e+00,3.019453313948587070e+00,-5.721444327551141740e-01,-1.906819139945683750e+00,1.618800732004115783e+00
1.789192134517012533e+00,-5.684016707835073845e+00,2.216270308145878776e+00,-8.482884917916306833e-01,1.246821857186379390e+00,7.996034348849407891e-01,2.852262263803883258e+00,9.095222810120482393e-01,-1.892029878105253360e+00,-1.202732625579320924e+00
1.124638340266788106e-01,1.100605695143899387e+00,-2.250305474752655410e+00,-1.631687223260793518e+00,3.208274846856649543e+00,-1.073401022307037600e+00,-5.573346825987822717e-01,-3.140217603596377138e+00,5.629373622732757321e-01,-2.104274901685244448e+00
1.740193679380166891e+00,-4.168842887841567091e+00,2.095257478794195549e+00,2.322224407757600417e-01,4.086436271006447241e-01,1.185453419921689289e+00,2.847144993658633716e+00,1.537821214688125160e+00,-1.886085552095765561e+00,-8.013095460721140206e-01
-2.020609076299013651e-01,-1.981441501258921711e+00,-2.371136778919808563e+00,-6.568735164936168047e-02,1.362605157913490128e-01,-4.481006523612274250e-02,-1.172540526260748894e+00,3.343013003731841515e+00,1.241238439177666741e+00,-1.872597021913144477e+00
1.614566301880760335e+00,-1.795508065625704974e+00,8.137405916114067717e-01,-8.117932489372927662e-01,3.074568870669890375e-01,2.815381429116949441e+00,1.949849085528269743e+00,1.824512959226671782e-01,-1.698626062936573256e+00,2.004823082734938922e+00
-1.263740289024965158e+00,-8.119256352575144886e-01,-2.445322175307379720e+00,-1.923667548483026346e+00,9.956051092698585681e-01,-2.709060431274990410e+00,-1.833276610944399199e+00,-1.754483736245755487e+00,1.571710778704934475e+00,-2.307552324932386600e+00
5.971193694627530135e-01,2.752227343400292625e+00,-1.508546653013788319e+00,1.668437584767438864e+00,4.038407231538924336e+00,-2.317322529030999334e+00,1.144092191594288765e+00,-2.617526410967926154e+00,-1.434098422104305603e+00,-2.259422134413304306e+00
3.278885705545641294e+00,-3.328157713134862750e+00,3.789022526727112261e+00,-2.177740247573117571e+00,2.734556592362871741e-01,1.955650002483459104e+00,2.891021839326096909e+00,5.689881927045421506e-01,-1.882831444696748902e+00,1.037276523504197856e+00
-1.940338760353496061e+00,-3.397759374297872448e+00,-2.458018979153840267e+00,-6.080037142820922114e-01,2.442360035380134242e+00,-2.206260711986496759e+00,-1.996298012753549456e+00,2.225650815313457542e+00,1.496151106858786051e+00,-2.246831869629485112e+00
-5.799657703131875230e-01,5.704082933583183745e+00,-2.410385548192138128e+00,2.142463920115399212e+00,3.056115908249439350e+00,-1.752808874930563698e+00,-1.484432179524384443e+00,-2.515359957895963561e+00,2.500898922709336780e+00,-2.196554746280003911e+00
-5.761949924239986309e-01,-2.453120202399690530e+00,-2.405959215885931091e+00,7.027269159700484380e-01,1.972389417486047236e+00,-1.032731428540281104e+00,-1.518191209673834807e+00,3.114823537148653898e+00,1.734148610340290997e+00,-2.081612515042458700e+00
6.876448020440140141e-02,2.274297056546965123e+00,-2.295705492291489680e+00,1.881492908154111632e+00,3.369372523790258978e+00,-2.669985879637996717e+00,-6.422672079120161914e-01,-8.771897451504733212e-01,6.548345949416616296e-01,-2.299895818792030866e+00
1.776035487409486358e+00,-3.770331194179526335e+00,1.206816905364996639e+00,-1.485373525676507711e+00,4.705830412743529756e+00,-3.065327199304379135e+00,2.239298664489088431e+00,-3.291296940841279550e+00,-1.705320889498825210e+00,-2.334354708469625006e+00
2.969239569300633264e+00,-3.872576799280669668e+00,2.591307816246573026e+00,1.854803897633089171e+00,3.797197085698154062e+00,-3.501630402842543788e-01,2.753993769098262323e+00,1.154398068006148748e+00,-1.855779275458153466e+00,-1.964657808346950141e+00
-2.717894060979202830e+00,3.536116464994091491e+00,-2.468145252689122771e+00,1.186787915597944831e+00,-4.099269334927227781e+00,1.905321602172945106e+00,-2.108481095295837271e+00,-1.116814647408449268e+00,2.746598033702212227e+00,1.122215902631299667e+00
1.709360172581343207e+00,-2.414244627417654776e+00,2.238857023408583391e+00,-2.420498240715131200e+00,1.558918698054219121e+00,3.429898356226495082e-01,2.957007228479228367e+00,-2.598551087261987913e+00,-1.882860422793670052e+00,-1.710203501301381657e+00
-2.862594520132957232e+00,2.101086109462961815e-01,-2.469860446463055581e+00,-2.141689280133154849e+00,-3.815033113001943921e+00,9.767121137134076037e-01,-2.117051227676344904e+00,1.396997022679149048e+00,2.474192575831862140e+00,-1.225149437138884245e+00
-5.967469795601676452e-02,1.057528642107693928e+00,-2.332377984898031720e+00,1.416662105053193343e+00,1.893215625213760633e+00,-2.677587122703974476e+00,-8.399668632060682816e-01,-1.539999857642980086e+00,1.497165833723615558e+00,-2.306895341552665180e+00
2.633088478556381951e+00,-1.092505698975512640e+00,3.299693064653044239e+00,-1.723019758302301918e+00,2.439528118298787129e-01,3.147288305091766603e+00,3.033180733215931291e+00,-2.563730649486890556e-01,-1.889522881339158022e+00,2.272344005201783368e+00
-2.165096086145671173e+00,1.094403844057342567e+01,-2.462930149755909959e+00,2.163664128260227137e+00,-4.103340605638468475e+00,2.723663581848106752e+00,-2.042069039489646354e+00,-1.402673383257917905e+00,3.007650584195134424e+00,2.034391831767208281e+00
-1.534700189258515035e+00,5.415596242843023767e-01,-2.447310683856886993e+00,-2.943604190343775517e+00,-3.775850150527581217e+00,1.859222438624785312e+00,-1.874277399073959183e+00,1.045730283741692190e+00,1.680582886321260183e+00,1.100122025424296046e+00
-3.491097820249953187e+00,3.576910660543731968e+00,-2.475671422914127895e+00,-1.688399488877076582e+00,-4.408001978290934098e+00,2.829128986422841052e+00,-2.186921815453611639e+00,-1.483810372371220154e+00,2.411435409538563057e+00,2.231920762424519644e+00
-1.005583715197620798e+00,4.188237611112245240e+00,-2.440118884372162178e+00,-1.280937601291061156e+00,-3.461059866796514672e+00,1.886254474512409018e+00,-1.757269333791952493e+00,-1.801771026059777903e+00,1.643407531301527946e+00,1.465583634740253549e+00
1.859426318192115346e+00,-6.630016153787899214e+00,1.632343831779975218e+00,7.886094739156739308e-01,1.580469925826716082e+00,1.229866004284150272e-01,2.597306323355460744e+00,3.266633880652277000e+00,-1.811239084107247876e+00,-1.830299310104878119e+00
1.371497767830037517e+00,-1.116042644894100988e+00,1.803123619430427649e+00,-1.155990079247192881e+00,-1.676877640161650307e-01,3.119624619528334364e+00,2.149829212040008208e+00,-9.472966075010269549e-02,-1.744216408223494108e+00,2.508379690924603445e+00
3.744228575630041966e-01,-3.939978590057755525e-01,-1.906431631381907188e+00,3.481022713268685287e+00,3.427223152736510681e+00,-2.931292934737540712e+00,5.613798469371481525e-01,1.730793209292381007e+00,-9.007809379847768749e-01,-2.324239944047759909e+00
2.725397583421260705e+00,-2.323271565381129111e+00,1.371476097644403813e+00,1.663290648097950353e+00,3.804022776384607507e+00,-1.445275206176404481e+00,2.382179389978549722e+00,8.447556642618581080e-02,-1.766602369147081575e+00,-2.173492102775671508e+00
3.461147178681014402e+00,-7.901811091829168632e+00,3.963928195675650024e+00,3.043217900749919380e-01,4.665931174307202056e+00,-1.089345094002977188e+00,3.279682707460650271e+00,2.368700128495378365e+00,-1.938194976799228142e+00,-2.077689913028675228e+00
1.809133635063782108e+00,-8.870848808537756369e+00,1.562237070655891014e+00,-2.590949308788178307e+00,4.896754170696886455e+00,-3.215452276871426651e+00,2.203694193160126158e+00,3.165551614757923460e+00,-1.727917116475529813e+00,-2.343829500433550539e+00
2.209026423830239949e+00,-8.597061791194482439e+00,5.198821648008362661e-01,-1.466533259145061052e+00,7.644496373104622933e+00,-3.023675518386485628e+00,1.971710121768931678e+00,3.422285610237828735e+00,-1.685872843740476634e+00,-2.324937496129949377e+00
6.681083818570510147e-01,-6.020546305313505542e+00,-1.120818153088650737e+00,-1.933366808496251865e+00,4.498972776498725956e+00,-3.238222375417998400e+00,1.415353840286618814e+00,2.808788875546008867e-01,-1.564419497285772787e+00,-2.342454956412623357e+00
-3.169974241259614800e+00,9.855900237157241284e-01,-2.473659411287907783e+00,1.281607924411720667e+00,1.503248964878665106e+00,-1.973457742125638958e+00,-2.161644175109973531e+00,-1.359404518844676168e+00,1.762431189110269525e+00,-2.229742661816992211e+00
3.094340232829654980e+00,-4.164867878308733395e+00,2.079182920523598987e+00,2.049867372998996018e+00,6.151389635949179535e+00,-1.502559439430312338e+00,2.955438721897012400e+00,2.781244370082725403e+00,-1.906461227320689344e+00,-2.185110777232853074e+00
2.610270626574279440e+00,-8.432521321774830270e+00,1.758559161035565532e+00,-2.196889516246029572e+00,4.484268647380288186e+00,-1.232927639398807784e+00,2.450531617358637337e+00,2.858910789468757763e+00,-1.792755534190081157e+00,-2.132771569551154656e+00
-2.199639834587709952e+00,5.837393941765812500e+00,-2.463012841825524823e+00,-7.013154617838219806e-01,-4.162376055541035846e+00,2.858003179508110669e+00,-2.026566605179235481e+00,-5.141144249697036095e-01,2.224919708746337488e+00,2.097035097274182025e+00
-1.907391132519650423e+00,-8.898411294556648476e-01,-2.456860158671641425e+00,1.370583996201986565e+00,1.597255628212356005e+00,-2.823643502494813440e+00,-1.974927246006100923e+00,2.073795073020789914e-01,1.925691838728241345e+00,-2.319246213379341892e+00
-1.639829641970626639e+00,6.595506883792840114e+00,-2.453499618158475837e+00,3.423166409456046111e+00,-1.044032186988979038e+00,-4.177680958488796392e-01,-1.905877661270999113e+00,-2.717586023087880776e+00,1.625717948089153930e+00,-1.957549234352589984e+00
-3.305258610363584815e+00,1.785366904874030602e-02,-2.474414361374927651e+00,-2.951621643994196909e+00,1.234461208729221937e+00,-3.469987022147324573e+00,-2.171540670754777302e+00,-1.855219243185590727e+00,2.298108977157204968e+00,-2.357915693999689921e+00
1.353108981707148217e+00,-5.710409093319883667e-01,2.409256844740176984e+00,-1.729177022455034685e+00,3.116949118701188848e-01,7.128405751786672795e-01,2.735333541864918061e+00,-2.784879469823206222e+00,-1.853068634186751273e+00,-1.430670881041276044e+00
-2.097231358093790909e+00,1.749546043570590514e+00,-2.462151522965165373e+00,3.405183769729730692e+00,3.862641776070186994e-01,-1.628647437991949332e+00,-2.031722855612662304e+00,8.683209579049160354e-01,1.732885134387068149e+00,-2.161362819819173886e+00
-3.249068640369605188e+00,8.090718759234134527e-01,-2.473840187735120377e+00,2.946091876846689495e+00,-3.128638395666057725e+00,3.493591597048411046e-01,-2.166769008091736559e+00,1.238791776656562149e+00,2.743944571190473081e+00,-1.651178769833561821e+00
2.736994346699841429e+00,-1.478077999022744393e-01,1.836324846136299982e+00,8.348707451107548749e-01,3.530881591550421916e+00,-9.846745009575723628e-01,2.526561373522814513e+00,-3.356765688869518094e+00,-1.809597899009449451e+00,-2.081903889056828660e+00
2.145231779772927894e+00,-3.368266601173555141e+00,2.716196287739154336e+00,3.255965514817135364e+00,4.591810626070868651e+00,-4.430377834012180216e-01,2.417748759783202139e+00,1.666849145599443638e+00,-1.814462767016969291e+00,-1.948268901839519840e+00
2.857791824884774456e-01,2.321740841537383471e+00,-1.806978071031921651e+00,-2.457082537115925280e+00,-1.288209485804384435e+00,3.330116700472778746e+00,6.254843152454638844e-01,-1.133570890315865221e+00,-1.096115971982033699e+00,2.315060677198942152e+00
-3.348040114555430158e+00,5.819980898415170856e+00,-2.474708174306965880e+00,2.510667951070431059e+00,-1.972121708475419677e+00,-2.314952166207508988e-01,-2.174179731217650957e+00,-1.936268837723873038e+00,2.090756789763994483e+00,-1.898418807778418316e+00
-2.361014415441535785e+00,7.387725504776070373e+00,-2.466360926318267310e+00,3.003306158461623632e+00,-3.795410689156640149e+00,1.594757872565776502e+00,-2.067384478277491056e+00,-2.367144485066761561e+00,1.454578478145961196e+00,5.656522649918160894e-01
1.824553139110006938e+00,-2.986711753381062096e+00,2.180609269484089729e+00,-1.750448377506998554e+00,4.706699551478950028e+00,-2.130366568101929037e+00,3.080863112547379323e+00,-3.273313263960213160e+00,-1.913072201973159414e+00,-2.256650153137726100e+00
1.082650058728514608e+00,2.497392133056504981e+00,-3.324571571014097726e-01,9.073283007901595809e-01,-6.943281867709296673e-01,2.179039105916046104e+00,1.762163041607345271e+00,-1.644820326006347866e+00,-1.629335359129741923e+00,2.213136443416249044e+00
3.130888297220242755e+00,-4.458718500866843293e+00,1.703248434054162486e+00,-2.410967569374395936e-01,7.444109261903268937e+00,-3.311068047214183796e+00,2.320442100049391332e+00,-2.394571958610115736e+00,-1.725194964036173673e+00,-2.347504388054050040e+00
2.860945767166928277e+00,1.945431752252227309e+00,3.003146564117827655e+00,1.796009971339387334e+00,9.537679475469521551e-01,1.406130171940949580e+00,3.988912320999087768e+00,-1.271347265852280195e+00,-2.022548186679740123e+00,-4.117798773101344345e-01
-6.255206026820623322e-01,5.978114639346702397e+00,-2.406569790211423587e+00,-2.023191941999106014e+00,-3.168940104816943215e+00,2.156998741525475438e+00,-1.535228972322376650e+00,-3.009923777709267778e+00,1.917024142537719467e+00,1.914408767093836561e+00
1.641644776313145648e+00,9.308323123187747239e-01,2.604288611563421174e+00,1.541724404959382788e+00,-2.136253219625531830e-01,2.699975174518553622e+00,3.029853485069398999e+00,2.381698388771602559e-01,-1.910698796601295157e+00,2.242141244553670365e+00
-2.563273283760139520e+00,4.272622610425667489e+00,-2.467897263148933984e+00,1.651073123893262107e+00,-4.112777374600427471e+00,2.441821863005220195e+00,-2.098575743309277986e+00,1.807452779439055135e+00,3.578186957434537518e+00,1.734026103552305464e+00
3.133313913626445846e+00,-4.703316201022206933e+00,1.926869509898012200e+00,2.252035307613322601e+00,5.438025674857636993e+00,-2.235392768820496645e+00,2.441891954493235595e+00,2.109768887914257540e+00,-1.780338637386134071e+00,-2.262906805069896610e+00
2.987102955538994742e+00,3.762764051060730530e+00,2.780521143921999894e+00,2.035189558158387868e+00,1.361920681527499344e+00,5.442652258939881804e-01,3.102080996997111484e+00,-1.702192069344530267e+00,-1.921752599327930744e+00,-1.618569991605185665e+00
-1.189360127816560642e+00,-5.516128702731804001e-01,-2.423857310179307056e+00,-1.017673037153506321e+00,1.445438279102303269e+00,-3.028427890967546166e+00,-1.741557138654238779e+00,-2.126377775452665375e+00,1.392222341209567116e+00,-2.330288964847813560e+00
2.969406581672655143e+00,-2.297838841265125609e+00,1.621200048836200391e+00,-7.875958388540666988e-01,8.340446198765991692e-01,2.538515022542489064e+00,2.562309192267818947e+00,1.991178519945035141e+00,-1.836989596109768863e+00,2.086138383149661824e+00
-1.464671630884946119e+00,-2.515184038095437558e+00,-2.448542572400860262e+00,-9.293247717410491049e-01,-2.433222034991247007e+00,1.438475485294463674e-01,-1.868847250352815514e+00,1.083448208966117043e+00,2.077774324243914617e+00,-1.743191195502477253e+00
4.936052979352556491e-02,3.269041842573652268e-01,-2.180887061103473190e+00,1.885537297442339444e+00,-1.265719187695356407e+00,6.820138064658554100e-01,-2.329996922892080269e-01,1.847447432854244731e+00,1.562011660727557483e-01,-1.536597457601163397e+00
-2.911198541094182968e+00,1.514602941473015552e+00,-2.470937622586395932e+00,2.416051742560096471e+00,4.777664789620553881e-02,-2.538990204663011507e+00,-2.131241697095922039e+00,2.326664367449957638e-01,2.082167283536309643e+00,-2.293532611843837721e+00
3.141251871446867128e+00,-3.954023680083565750e+00,3.050743017575600735e+00,-2.688513498436579496e+00,9.488341239819590989e-01,2.864202541892578502e+00,2.733320483579586568e+00,8.556558282245099178e-01,-1.835618291638905886e+00,1.847286283715700472e+00
-4.948052885119080813e-02,-2.993966250767960968e+00,-2.332879297434886201e+00,-2.350301651355850119e+00,4.051955931476171280e+00,-1.966186001776619729e+00,-8.683872114928905539e-01,3.456079057165970525e-01,1.676451973280123964e+00,-2.221196816861166212e+00
-6.008525441455780935e-01,-2.512800000960524471e+00,-2.384805038497685103e+00,-3.080089360984294533e+00,-2.330065109614966712e+00,1.220573134471112375e+00,-1.345214844000692800e+00,2.970119023532133973e+00,1.488487082870124212e+00,-7.941054961217146602e-01
3.417042778823396354e+00,-4.215492020730042810e+00,3.857854045619882211e+00,1.325386874124858672e+00,6.750114684447039437e+00,-3.289688146312200523e+00,2.975667762864212307e+00,-2.654485499780379065e-01,-1.876434635727436628e+00,-2.346505065159290471e+00
6.937004907797428288e-01,-1.880968925713422557e+00,-1.540976746893928606e+00,1.108894082317970486e-01,3.677114340974100060e+00,-1.807785467874813090e+00,1.157705972239636338e+00,-3.489649070613000781e+00,-1.475163035736184680e+00,-2.211001055308050134e+00
-9.150894083873328810e-01,6.749662435835236174e+00,-2.434618136527804566e+00,-7.081372595352037891e-01,-3.291435772593038767e+00,1.698138343932105165e+00,-1.697853165364809902e+00,-1.679337335753614990e+00,1.674910062555184709e+00,8.348341022449206061e-01
-1.609183952520615080e+00,9.862526713141859247e-01,-2.454310695884775573e+00,1.597938781738736935e+00,-3.339716082088553861e+00,8.600505288247113356e-01,-1.924127083749252343e+00,6.002216888820708363e-01,1.512567098769536988e+00,-1.163112867750178081e+00
1.939915026567014422e+00,-7.349387548732961406e+00,1.236377796432148513e+00,-1.187740166137089215e+00,3.998171525564027995e+00,-2.675939777859383639e+00,1.892918969942748442e+00,6.771491317867308624e-01,-1.660815845780512667e+00,-2.304735139002001887e+00
7.092348943362329905e-01,2.948048526466889641e+00,-1.627123427643600850e+00,9.108111823395583784e-01,-9.393883368686829494e-01,2.137424541109215426e+00,1.070488906387887074e+00,-2.914399256243754621e+00,-1.384563795961138544e+00,1.658082793634312546e+00
2.227224673201432026e+00,-5.406775932304904941e+00,2.786626995289547715e+00,-2.033915072114035105e+00,6.793340455679746093e+00,-2.882240106121939593e+00,3.170874726949910460e+00,-2.636263553181401598e-01,-1.933381635068388560e+00,-2.318143297953066728e+00
-2.909681054164793945e+00,-3.445645808501302643e+00,-2.470541002340700398e+00,-3.452351894690754985e+00,1.104092996005789917e-02,-9.828154590208715291e-01,-2.126642297146090765e+00,9.567692463440939932e-01,2.987582128899152423e+00,-2.020581595966079558e+00
-3.217072873932014687e+00,3.805628370211246114e+00,-2.473246288731577369e+00,3.310182559421886772e+00,5.015136889062902226e-01,-2.986473155767318310e+00,-2.159647463120901278e+00,-2.421392256997521475e+00,1.892382727229300787e+00,-2.318158081351308741e+00
2.888087262188204107e+00,-3.814287876733089888e+00,2.185419646447464004e+00,2.315878208583845854e-01,1.178266960754526194e+00,2.417076602189907497e+00,2.956389566499765476e+00,3.205577693503387060e+00,-1.861033427441877386e+00,2.757504255678729699e+00
-5.127668421608122529e-02,5.108751402315690804e+00,-2.327493314885805908e+00,6.116081520279035288e-01,-2.075517513723408314e+00,2.326322488990521187e+00,-9.659163733430765619e-01,-3.474034101248562934e+00,9.664052850784942139e-01,1.809640678990304341e+00
-2.272790256540647480e+00,-2.604423025128360436e+00,-2.461045011011842032e+00,-4.163021877430717055e-02,-2.347676885960376936e+00,1.179492317072883267e-02,-2.041968628168287392e+00,1.065956981692928629e+00,1.813734673268674769e+00,-1.847448110027574808e+00
-6.549199398274758721e-01,1.295114500381190137e+00,-2.404187241352960580e+00,-2.113696594854002520e+00,-1.324782494042251013e+00,6.949926593941668784e-03,-1.568619806221970281e+00,-1.950604589056710525e+00,1.826191344265642780e+00,-1.849139029604536910e+00
-6.858729340902010030e-01,-1.210157212117796366e+00,-2.412367284383553745e+00,-1.119112184722023784e+00,-2.297607417078899150e+00,6.319627640419165360e-01,-1.601638641359696802e+00,2.129376296290756976e+00,2.393646469795388310e+00,-1.560327512976974251e+00
-1.425398411946228183e+00,3.323168039373487481e+00,-2.443321881156843567e+00,-3.924845557223539672e-01,-4.015044158013426845e+00,3.370932955378772355e+00,-1.821346563205411773e+00,-8.946693558758873621e-01,1.551633860376937069e+00,2.627161303273496173e+00
6.189333212141781004e-01,2.849824414404410255e+00,-1.589297570033439966e+00,4.833590790743413912e-01,-5.787680370386016904e-04,1.364010424266749233e+00,1.067534424669408510e+00,-8.092580863013938419e-01,-1.434968512337757574e+00,-5.244351471382396879e-01
-1.970200965628596812e+00,1.258040273965598477e+00,-2.458008815183889695e+00,3.719333804170945612e-01,-4.032873700470776868e+00,2.797440031612626221e+00,-1.969125821171795243e+00,1.527222493470586251e+00,1.607904285665112010e+00,2.425402119244118637e+00
-7.031047562772863024e-01,6.292786000961610782e+00,-2.405196652034107707e+00,3.473386755466417952e+00,2.113236664882345295e+00,-2.880767667859363890e+00,-1.456639308697357915e+00,-7.200520571090001098e-01,1.484407559180701552e+00,-2.320478278676508133e+00
1.165101710079962771e+00,-2.509641833457085802e+00,1.141964264472367985e+00,3.412015627047670918e+00,6.861244416767072529e+00,-1.423790100733740349e+00,2.075124302176416968e+00,1.526170674927285198e+00,-1.698925054126706691e+00,-2.099003309280214946e+00
2.124639448877394976e+00,-9.733683259682688327e-01,3.077766147803880692e+00,-7.703511922097892040e-01,6.308886569766279928e-01,1.905800668444811663e+00,2.560333330683611575e+00,-1.544823272444820095e+00,-1.836518549172185821e+00,1.722217018558747093e+00
-1.349453075158357329e+00,2.507618082548346283e+00,-2.436762337509336351e+00,1.103698939620426422e+00,-3.119612523537891313e+00,7.827969134823051789e-01,-1.766191626741650644e+00,-5.422981437977760777e-01,2.073284043211012229e+00,-1.437589484390064731e+00
2.550329066213780749e+00,4.296562115361153289e-01,2.110945409254858074e+00,-3.531077985361372740e-01,-2.037742363395930734e-01,3.016777986258311728e+00,2.087557147708934302e+00,-9.162852805106567189e-01,-1.715201287418020026e+00,2.816420675162397469e+00
2.157763422578799606e+00,1.397299133211483912e+00,3.220430310375988370e+00,1.789851446753046638e+00,4.664425711730456392e+00,-1.232917215409723433e+00,2.457460538426783359e+00,-2.099188317374266255e+00,-1.787442880269944023e+00,-2.111311224699893963e+00
2.886909378549002980e+00,-6.268682724780425097e+00,2.008530582834995748e+00,-3.068800134944148716e+00,9.024353589372590134e-01,4.362264308785221978e-01,2.321826962111799730e+00,1.350582990392977578e+00,-1.792402440177087941e+00,-1.483845609130095999e+00
-5.961291004402293758e-01,2.061037100659552035e+00,-2.414554793175367919e+00,5.848510856578501560e-01,-3.152364289384284035e+00,2.303961629519755583e+00,-1.507669133180403076e+00,1.305240111114991386e+00,2.170542985529292146e+00,2.077761934462404980e+00
9.862429396964342843e-01,-2.461583112915908700e+00,-1.161256547501009262e+00,-2.711695193082046096e+00,4.064417560295160214e+00,-1.070526323430022853e+00,1.430293318064674635e+00,-1.282070908087749483e+00,-1.503040920525899216e+00,-2.100036234590459738e+00
1.791618181987781888e+00,-2.705580325236983441e+00,2.398645846493912437e+00,2.993208156328258873e+00,5.239918290972909176e+00,-1.992112303744052237e+00,3.197649335905682122e+00,1.064915492305505751e+00,-1.916307960288388124e+00,-2.246327302583196683e+00
-1.297134990363107754e+00,1.600411161030893537e+00,-2.440782307515079630e+00,-1.937039734146304593e+00,-2.617035956520039619e+00,1.824957157382485207e-01,-1.823071475904691097e+00,-3.239999014687247048e+00,2.233848154723311552e+00,-1.590078535510867308e+00
-1.461118161372470858e+00,-4.087182272502699831e+00,-2.447063278338757364e+00,-4.590674621515291598e-01,2.681803005675998386e-01,-1.573905351433761979e+00,-1.871937472810707881e+00,2.040003104720046423e+00,2.215272108527327699e+00,-2.189639121326168780e+00
-1.162593094177781339e+00,-2.351352189338012710e+00,-2.438176196724607170e+00,-2.034368925820975171e+00,-3.196722785095881036e+00,1.148634937038282011e+00,-1.721050089850589604e+00,3.397429558234819069e+00,1.813520220624300627e+00,-8.951468966512976522e-01
-1.011678435213998917e+00,-3.486612335296261467e+00,-2.435827579311910185e+00,-2.775910562914409851e-01,-2.149096950205848788e+00,3.837518114102644873e-01,-1.756697913301763059e+00,2.543259288818213726e+00,1.921579774157159637e+00,-1.524072786847297634e+00
9.339918337878581056e-01,-1.928857357875075174e+00,-1.080441261615283643e-01,-1.487216568302251574e+00,1.017879778066265617e+00,-8.345859200247129905e-02,1.794557762297155579e+00,-1.806170272466905757e+00,-1.589896947583234077e+00,-1.834723978369025676e+00
-9.536510952146284303e-01,7.126126978261697609e-01,-2.426753666506928475e+00,2.787996845545130498e+00,1.597122722898624669e+00,-3.366151335820424695e+00,-1.613268798760730594e+00,7.318979840763555345e-01,1.472532580146163506e+00,-2.349623665480731205e+00
2.391592430199136921e+00,-5.856570309647230133e+00,3.265990468941753821e+00,-1.941776854763601623e+00,4.384311970395841307e+00,-3.236675524028320705e+00,3.178266214472682982e+00,-1.418327243771120294e-01,-1.929729645486881306e+00,-2.342384698090596906e+00
2.378050535764328011e+00,-1.025338808459109324e-01,2.700447372663368206e+00,3.411295267709224532e+00,4.045174219411207694e+00,-1.627720738844177450e+00,2.211620886887854631e+00,-2.647772091007734030e+00,-1.745572202757982971e+00,-2.198747169901006160e+00
3.133949822002232821e+00,-4.332458757369118452e+00,2.256391678841159543e+00,-3.228633077767391946e+00,5.559049254251569927e+00,-6.193507992293869613e-01,3.629953231718451523e+00,-5.556741792118264911e-01,-1.973169722496594503e+00,-2.031948231458768461e+00
-3.298059533109097607e+00,7.512458215736721456e-01,-2.474279187227617083e+00,-1.389863769868964205e-01,1.467669106504437604e+00,-3.003159721506955648e+00,-2.170261049300591605e+00,-2.136459084140669429e+00,2.872201960559142009e+00,-2.326421009361804959e+00
-3.387331163016919167e+00,2.787413371609066548e+00,-2.474905553219081344e+00,-1.490047232428019619e+00,-4.127438739672960821e+00,2.017508633818170694e+00,-2.178043697315599658e+00,-6.448454713623341661e-01,2.516805016906664250e+00,1.765781190168643544e+00
1.357770356078117580e+00,-2.595956583393820516e+00,1.421803233094660612e+00,1.321607770164056284e+00,3.808947268144097009e+00,-2.059684008397435928e+00,2.366838555414326528e+00,-3.320433613782731275e+00,-1.770546063941950798e+00,-2.225928856652428678e+00
7.771710129108626575e-01,2.257088161880672628e-01,-3.046040638551854585e-01,2.566322166558374640e+00,3.865256369229358668e+00,-8.441886766394510744e-01,1.591677658533185546e+00,-8.859040938505273743e-01,-1.529712986713072764e+00,-2.079346363584527957e+00
-2.080092321791213283e+00,-4.811596204640709473e+00,-2.460705358252850861e+00,-2.297187057476075545e+00,9.110158597711728312e-01,-2.903255201026539112e+00,-2.020962618789689635e+00,1.829228991115859237e+00,2.252682407713663792e+00,-2.323179744943301372e+00
-2.617156520672474507e-01,-1.613445354737336745e-01,-2.360078479714969646e+00,2.174930082641992612e+00,-5.549022739286575412e-01,1.221790573657228762e-01,-1.157252978269941890e+00,1.558157805035558674e+00,1.712997384670917222e+00,-1.631256225359813516e+00
1.000693191020896045e+00,-8.588266560316530018e+00,3.252544765064616428e+00,-1.122596836628495964e+00,3.655279520029404594e+00,-1.704004216880077305e+00,2.814716215482566675e+00,2.910858587399551389e+00,-1.873582360316456752e+00,-2.179881380713336814e+00
1.331350876533708316e+00,-8.292483713164388703e+00,3.593602812316821549e+00,-3.054907531003913768e+00,4.058215453844186804e+00,-1.346314811204616380e+00,3.549094340615361887e+00,1.799281736207749560e+00,-1.953575088770867607e+00,-2.136212595022951355e+00
-1.715584991289861749e+00,-1.306904484751949980e+00,-2.457661372833155777e+00,-3.178546616929622814e-02,2.814853168175770470e+00,-2.243138183209738123e+00,-1.959621588487471699e+00,-3.540137096871895928e-01,1.658778493725600267e+00,-2.268509509978726690e+00
1.890269066627032757e-01,8.955315275221369831e+00,-2.148181230754594662e+00,3.092522583913076772e+00,-3.912660479235118283e-01,4.341774913793772228e-01,-9.291922502982774557e-02,-1.599279717726790118e+00,-5.461838762213367948e-01,-1.381135165425880551e+00
-1.660422400131573717e+00,-4.711311251913978815e+00,-2.451780348044102276e+00,-9.161835997957665789e-01,1.816225813384825027e+00,-2.027851023532227348e+00,-1.926163938667587505e+00,2.597086567999567386e+00,1.736633752949248821e+00,-2.250772452900158260e+00
3.244907728468984232e+00,-3.860670715808938613e+00,2.442486248278133321e+00,-7.283678797140114014e-02,6.936198362877864509e-01,2.344716967309743438e+00,3.059517988696113910e+00,1.600550466310870945e+00,-1.913774513994954463e+00,1.784372256465803774e+00
-8.969968870218973933e-01,5.959206721908028026e-02,-2.429008713152488674e+00,-3.080511290192156082e-03,-3.028681323694773386e+00,1.595676383719345282e+00,-1.708715650697139710e+00,9.154928112659428407e-01,2.182290749780395167e+00,8.466777386386183102e-02
3.456207629493287747e+00,-1.345733115088194154e+00,1.556149230746185719e+00,6.968750279578763696e-01,5.585629298389078734e+00,-1.059165513258458091e+00,2.150815246658174473e+00,-1.846427933949593925e+00,-1.752261404498819841e+00,-2.125099629348897068e+00
-3.026866586154717265e+00,7.655802725922088214e+00,-2.471785963216454718e+00,2.118500038178588341e+00,1.779620482860836961e-01,-2.405976855127975433e+00,-2.141195769709351104e+00,-2.272274259394422735e+00,1.758058883205675604e+00,-2.275442464143843768e+00
3.078441010376837816e-01,3.666962726305666109e+00,-1.936866113139622314e+00,2.864876164885062693e+00,4.657356653239975941e+00,-2.064331451230954961e+00,5.519593469060731783e-01,-1.834219404332865011e+00,-9.754145080429605930e-01,-2.215049366476609993e+00
-1.471873775846710863e+00,5.552483382114283827e+00,-2.439282134329224583e+00,-2.171521769980320204e+00,-3.861138452068247240e+00,2.266258431627024450e+00,-1.817884403711341301e+00,-3.203198510261145771e+00,1.908084835095752219e+00,1.992785561036372055e+00
-1.649813359435629900e+00,2.909956689506011607e+00,-2.442373721829176336e+00,3.112752814882297159e+00,-1.578948411622642101e-01,-6.779274311046581403e-01,-1.863671614479794236e+00,4.194396000760423071e-01,2.903210940572941823e+00,-1.977916022069871715e+00
1.573320235806638934e-01,3.951165771604755683e+00,-2.154004511906161490e+00,2.792232303608996880e+00,3.402635308832892669e+00,-1.315775903549340597e+00,-3.389707353249051813e-01,-3.004877841889246781e+00,-7.388348106024913986e-02,-2.125169888845108268e+00
-1.247298055543850648e+00,8.569763316225605720e+00,-2.439885655999365355e+00,2.668463182561754188e+00,-3.757601204816477303e+00,2.385621211677979581e+00,-1.768663879893370483e+00,-3.403070195535037534e+00,1.557539947388413282e+00,2.120151506852583800e+00
-2.352369300372477490e+00,-8.776883337064129709e-01,-2.465008790037443998e+00,2.427184712748120532e-01,5.372051144185523430e-01,-2.736691246522241716e+00,-2.048379973279735644e+00,-3.768743242800316473e-01,2.230627289601879504e+00,-2.309567223379883405e+00
-3.367381118317307465e+00,5.095613039876876194e+00,-2.474767728505351538e+00,1.949352021111169897e+00,6.339249088556742073e-01,-1.544936695189440989e+00,-2.176406187194639852e+00,-2.364673860802340322e+00,1.530608312324644560e+00,-2.177326206837397304e+00
-1.121250785957077500e+00,-3.983724986992885908e-01,-2.434123048591936733e+00,-1.323247704114368428e+00,1.399091583352664925e+00,-3.264563652287684192e+00,-1.775885595690294583e+00,-1.279601330515082402e+00,1.641923149643747637e+00,-2.343434071173946531e+00
-1.675961487562202423e+00,-1.784287844742981743e+00,-2.442052126641325760e+00,-1.014842397577100819e+00,8.681086259750134815e-01,-2.145119168203897697e+00,-1.823517757203704903e+00,-1.037177059963889647e-02,1.866071119611957929e+00,-2.255910323599859435e+00
1.201850423399058343e+00,-7.426343768250441180e+00,1.362512524654422297e+00,3.961638325612071299e-02,4.030876135278203876e+00,-1.337385150678810142e+00,2.129515329479496177e+00,1.367030395412181853e+00,-1.752897504628714520e+00,-2.137360617176599309e+00
-2.480749501255322897e+00,2.933957707913345647e+00,-2.467026515020962485e+00,1.921021489325414500e+00,-2.523419450345160797e+00,4.467044823488031113e-02,-2.087567623150303753e+00,1.990459501498607509e+00,2.729176530367564801e+00,-1.828416066513933291e+00
-2.867546324098108279e+00,-4.701873648140951545e+00,-2.470595327326974289e+00,-2.992878085330251903e+00,1.309322890522707228e+00,-1.379295504602959355e+00,-2.122475303644082434e+00,2.951956768278332532e+00,2.464255727695501275e+00,-2.150553904111066839e+00
2.834899676173403549e+00,-4.844399340967258993e+00,1.732081748735948334e+00,-1.178255026779039483e+00,6.545826397012341147e+00,-3.076062604334250494e+00,2.545010237379274898e+00,-1.267434265595489329e+00,-1.830888707796846093e+00,-2.324286096926666101e+00
9.709254439091008493e-01,-7.346722383051462302e+00,-3.667970724605272848e-01,-1.996772845175368349e+00,1.841649342660427013e+00,-9.662116571574319579e-02,1.762659628508497223e+00,2.807568753033049092e+00,-1.612808626984759020e+00,-1.863031850734571560e+00
7.890822391654612744e-01,-3.073222821879986189e+00,-1.263528905248869849e+00,-1.944318764669487276e+00,4.137040006094633071e+00,-3.000584910834012575e+00,1.227165324080953024e+00,-2.606075906826600619e+00,-1.471669668297367339e+00,-2.329663003832802115e+00
3.358980085295093510e-01,2.200187185067809637e+00,-2.121196600708994406e+00,7.459430862910521043e-01,-3.532206242165591425e-01,5.088851777702849688e-01,1.334305431729250757e-01,-1.868208026418483936e+00,-8.063538347202068302e-01,-1.573382395055486382e+00
1.186844425889377774e+00,-9.493709502983421755e-01,1.823935668000361332e+00,3.150765442027099184e+00,5.705384007643993227e-01,8.774045517301933828e-01,2.348114084817980896e+00,6.333236729911257967e-01,-1.773003533709538004e+00,-1.279686172939156652e+00
1.926475640814360624e+00,-4.589252090223499003e+00,2.312093363915229016e+00,-3.187335965143303529e+00,4.330707343584270674e+00,-2.865413442466678617e+00,2.816464073526472767e+00,-1.297525625745489464e+00,-1.869875113016296497e+00,-2.312874574469304889e+00
-2.685106997531264472e+00,-3.042223160456484443e+00,-2.468322700264146352e+00,4.010707483035895748e-01,-2.296890879084568571e+00,1.243425756110534408e-01,-2.093846042059329005e+00,3.229919871576400148e+00,1.821397152582026724e+00,-1.831234236656764214e+00
-4.526673656474056173e-02,6.403229232712536856e+00,-2.273330420444097832e+00,2.268789986589487384e+00,-1.519167988979508666e+00,1.025190223517567389e+00,-6.787490373433273660e-01,-1.094645729723108474e+00,5.596829663226183804e-01,-1.232909867788960945e+00
3.107859971103095198e+00,-2.713402226724848543e+00,2.449078755836336718e+00,2.753928480237802567e+00,3.489063461425335078e+00,1.381093529860093483e-01,2.357205365999696323e+00,1.534806595105735916e+00,-1.777098025451404162e+00,-1.715516614649801319e+00
4.593422897558547824e-01,2.171741851259824330e+00,-1.604925620034135747e+00,5.492818583703389379e-01,-1.202469307843915258e+00,2.368632826000650837e+00,1.084523658616795672e+00,-4.089432000015769120e-02,-1.452721774619581296e+00,2.137174571935352763e+00
-5.910096982243708830e-01,-3.340619814864322912e+00,-2.407838294910650490e+00,-6.722778711497934268e-01,1.933570475247532228e+00,-2.690529356759068680e+00,-1.441341441843285498e+00,7.887945291713052143e-01,1.659912166823446666e+00,-2.307709579341786998e+00
-1.907773893489304928e+00,-2.428794017481363809e+00,-2.459425406661178926e+00,-1.809608037348718224e+00,-2.585648382840347814e+00,8.717486210375513522e-02,-1.982124534468722832e+00,7.131396454068044122e-01,1.879295271366462128e+00,-1.775795825354039126e+00
6.843373644354153740e-01,-9.299842764926102845e-01,-4.357951721113408894e-01,-2.368698358147089067e+00,-7.829854224858945333e-01,2.644498281328962364e+00,1.655202694965867583e+00,-1.313679903821061146e-01,-1.500763064885779485e+00,1.683989014944294205e+00
-2.298837115342122761e+00,3.127908927527343508e+00,-2.462958210331214204e+00,-1.577127551559702745e+00,-3.866287745648508967e+00,1.643727962596980063e+00,-2.059749877122837081e+00,-2.847106214028067406e+00,2.753512210926327253e+00,5.811657238065282005e-01
2.987094369904721880e+00,-3.844017234989162368e+00,1.452438223432325426e+00,-1.214642633663693516e+00,9.504402149974062297e+00,-3.466813352622434508e+00,2.386591986056205261e+00,-3.249408752779890719e+00,-1.796964072952528468e+00,-2.357742179392252613e+00
-1.350525529155536475e+00,-2.747996694439369225e+00,-2.442330738130005674e+00,-2.801029937759550226e+00,1.233063279428986414e+00,-2.969755773745469618e+00,-1.841014733588594909e+00,2.057301354878075195e+00,2.106134313862387586e+00,-2.324477960365705975e+00
-1.540117910769359888e+00,2.810496004172418516e+00,-2.453803953822899953e+00,2.521285373622639270e-02,-3.646505820228349570e+00,1.516241623493757018e+00,-1.928798381455861577e+00,-1.444819481632656721e+00,2.379440434727529308e+00,2.327395718704250438e-02
1.701288872328124313e+00,-1.579703759736981183e-01,2.449619419235158801e+00,2.241843735415830707e+00,4.229264848043753133e+00,-8.365249661386977564e-01,3.276872406545068728e+00,-4.971943430273872977e-01,-1.932386440942221117e+00,-2.073162594079327015e+00
-7.441603255464843691e-01,4.164101616715562670e+00,-2.418975027639490349e+00,-2.875130851139893196e-01,-2.953719313611197883e+00,2.362410815180426837e+00,-1.525693512164723487e+00,-1.740623878882424869e+00,1.886278712364322763e+00,2.446087502498610178e+00
-2.266194307278492470e+00,4.691107709923127089e+00,-2.464529361950394293e+00,2.968990445636623399e+00,-5.627693918750023561e-02,-1.622219639429548499e+00,-2.046701675709698520e+00,-4.774308689363904179e-01,1.766989774551700254e+00,-2.177707966252003136e+00
1.566413876751722611e+00,-4.848224923153138022e+00,3.567297969675206737e+00,-8.874314176725492942e-01,3.857501388257617014e-02,1.739026969512204701e+00,2.771881691906987299e+00,3.416687096042579697e+00,-1.821860837207074590e+00,5.812165171301175715e-01
-1.676330554415878638e+00,-2.768562838080803168e+00,-2.452266032367332205e+00,1.254763063519088284e+00,4.149689200149431212e-01,-2.751322409729626273e+00,-1.890682625969030806e+00,1.124432816158899229e+00,2.138432266277972893e+00,-2.312468797105008189e+00
2.529277275459064001e+00,-4.441400849782967342e+00,2.928882093473954562e+00,-7.268318454221107672e-01,4.640606475082947213e+00,-6.838711745127148411e-01,3.016401146627646135e+00,-3.856247433233264132e-01,-1.870232087542413435e+00,-2.036551895751162355e+00
1.388154840936611123e+00,-5.199663222998717416e+00,1.196192800310210691e+00,2.043796934321568948e+00,6.306105549450505166e+00,-2.368282566354860563e+00,2.258693590982314259e+00,2.975723570242550409e+00,-1.785517110109285044e+00,-2.263730000968603662e+00
-3.351608422290756728e+00,6.555765772376349609e+00,-2.474346152927295872e+00,2.427911358031787259e+00,-1.800893288201841358e+00,-2.840048971928155197e-02,-2.175636435190803297e+00,-1.189932773573426417e+00,2.086123749761886526e+00,-1.874303743600678196e+00
4.630054255921454143e-01,-3.186062650332044832e+00,-1.635076141062008714e+00,1.248665945312974479e+00,2.458483861957077021e+00,-9.995771917379272509e-01,1.082773417348458000e+00,2.105600187210071361e+00,-1.447911305243926749e+00,-2.065540609493671909e+00
2.264513547474317434e+00,1.548076352485106444e+00,1.842726472307469887e+00,3.321726272416663406e+00,1.413889040868585578e+00,7.952184810274411930e-01,2.614734889824977149e+00,-1.766493535265212245e+00,-1.830340855831754876e+00,-1.183482859393141240e+00
-5.730252294840649796e-01,-1.446682905961887311e+00,-2.384993116383335554e+00,-2.533759805109593533e+00,1.299164402973767896e+00,-1.415182563612616296e+00,-1.353549696132607671e+00,-4.331645168092816967e-01,1.394538726257740002e+00,-2.176011674414687125e+00
-1.903145316719802693e+00,-3.487698976072339807e+00,-2.457596081496347562e+00,-1.417633617689805892e+00,-2.870685047450974650e-02,-1.519786953876866020e+00,-2.005527346647352882e+00,8.983995533451913929e-01,1.559539246038456728e+00,-2.196501407067538825e+00
-1.156693155661914219e-01,3.030486470400444610e+00,-2.360159286391168010e+00,-9.693671246694037791e-01,-2.127658638454965612e+00,2.052063969647503150e+00,-1.065132957090683341e+00,-2.460631501497432261e+00,9.740891415245331864e-01,1.716851089307204647e+00
1.174298390630286626e+00,-6.972607327767512686e-01,2.363107441006261134e+00,1.986919999496703504e+00,1.479296229213976077e-01,9.064658020374256608e-01,2.720614573044181750e+00,9.924387979390187908e-01,-1.853562161337524383e+00,-1.051688080423427873e+00
3.421016244730097355e-01,2.210682647673039014e+00,-1.959132555412915755e+00,2.326072318787368864e+00,-9.039219746945634792e-01,1.296853621930262435e+00,4.488437522815813541e-01,2.310666839202418110e+00,-8.627158180478258220e-01,-7.198957769294926923e-01
-6.444478860231002137e-01,-2.634429304347308154e+00,-2.407067313311646917e+00,-1.953762134476682455e+00,-2.029608509023292928e+00,1.717184167614207446e-01,-1.501216098558246337e+00,3.017029054177514880e+00,2.500798940911364010e+00,-1.667166305993285080e+00
3.478151393411048176e+00,2.092617257230046324e+00,2.773849643359463712e+00,1.872886396858235436e+00,4.597215058791371822e-01,1.938698173769645372e+00,3.471021970338735052e+00,-1.659339513593038662e+00,-1.965415979093220855e+00,2.061653204460099698e+00
-3.216273071360044256e+00,1.008920903824509452e+01,-2.474035908011717577e+00,3.118839538721128513e+00,-4.269208177312611596e+00,2.216696398474014451e+00,-2.165654185024635581e+00,-1.019917089660454579e+00,2.614104654214203016e+00,1.959654414360199493e+00
-2.787566827451922968e+00,1.027388931064014077e+00,-2.470325754949356245e+00,-1.600256513746338261e+00,5.976421018253421646e-01,-2.571937054509878973e+00,-2.124998609104648661e+00,-3.056107079351127354e+00,2.048394808928287958e+00,-2.284065053452482896e+00
-1.849469320351966317e-01,-2.415766574339093253e+00,-2.360036322590436608e+00,-3.399562027360315319e+00,-1.853403020019589231e+00,8.965023593092320553e-01,-1.047849658179338617e+00,3.377437321682989158e+00,1.516981594719200022e+00,-1.244804188254631017e+00
2.293229682915731260e+00,-7.557009378225860274e+00,1.479311843388624093e+00,-5.541925924098207723e-01,3.318320175509332781e+00,8.374383374960103765e-02,2.395171036449784907e+00,3.081257745044756469e+00,-1.793049516326540749e+00,-1.696360027442963769e+00
1.109072653410455800e+00,4.647861318927681840e-01,1.097615381283001845e+00,-3.386377421579689351e+00,1.395062283639969536e-01,2.990501407408587831e+00,1.961694001437500390e+00,-1.109497472999737777e+00,-1.715446391642311053e+00,2.870556964707065895e+00
-1.373110055745566882e+00,-2.147870347001599622e+00,-2.449516935491790726e+00,1.233662332963825214e-01,-3.169671544241008387e+00,7.982291579155997852e-01,-1.877421626105395980e+00,1.597444919743074010e+00,2.539817384233586051e+00,-1.310082183132143419e+00
3.248353096870724599e+00,-2.971247156608278761e+00,2.259279736629197011e+00,6.146946343165335946e-01,3.190400023541426044e+00,-1.871228145658223596e-01,2.708847969379701404e+00,-2.687367408588648754e+00,-1.861531830218531525e+00,-1.815781939831226932e+00
1.412811539417326401e+00,-2.387032436195848373e+00,1.958809096037640085e+00,-1.516223005511922572e+00,3.771492587041640476e+00,-1.623738257173105604e+00,2.090917675774328188e+00,-2.347292016101785173e+00,-1.672687032676073438e+00,-2.204732415485201269e+00
2.289667266431640869e+00,-2.444195568412310671e+00,2.311262371201831201e+00,-1.735207862507831766e+00,5.694446253943511449e-01,1.368031799990086839e+00,3.221229329628444660e+00,1.697123832900744311e-01,-1.932751142640271258e+00,-5.421509936546116126e-01
1.027028338155981046e+00,1.809867219087280654e+00,2.161821224451555334e+00,2.043115031655867497e+00,6.161416166595437005e-01,9.951567073320886081e-01,2.692380286038609682e+00,-2.477625516754637047e+00,-1.835959296373844696e+00,-1.164522992202629670e+00
-2.532282410637875625e+00,-3.625414381036865308e+00,-2.466326665577847965e+00,1.135137161247589788e+00,2.212833171465271143e+00,-1.844978180735465489e+00,-2.079019311662852143e+00,3.067631733329717392e+00,2.016640363960347848e+00,-2.224915674271860766e+00
-6.559542582972488489e-02,3.301496178040348006e+00,-2.315930027676149194e+00,2.980703962786924954e+00,6.423574610101890903e-01,-3.168722543474746800e-01,-9.085439581832037703e-01,-1.361760115105825619e-02,8.901527162992982634e-01,-1.848471222670127201e+00
1.811647539936657836e+00,-6.470223871527450932e+00,2.760196287618649436e+00,1.961741909052063804e-01,1.198815628290907709e+00,2.320294410432186538e-01,3.568576071595328525e+00,1.089546989787111286e+00,-1.972003937589142719e+00,-1.684723112923922406e+00
1.763057875339734792e+00,-7.027397993502360052e+00,1.099715935842650261e+00,1.131483394703209022e+00,5.100134894825647081e+00,-1.953719428881381948e+00,1.936571749745914284e+00,2.756645680335666704e+00,-1.598765998468564042e+00,-2.230296608407628778e+00
-3.584439895722750791e-01,3.770231581455095071e+00,-2.372693221170354860e+00,3.108662781407693032e+00,1.280214369922617834e+00,-5.666831873853261925e-01,-1.211164431624470739e+00,-6.469169226469730916e-01,1.470091980805861898e+00,-1.987688609915543747e+00
-1.833543304291595621e+00,-8.684871708256611811e-01,-2.455515386920807508e+00,8.564726018755219883e-01,-2.701790285506502798e+00,1.120799027748500265e-01,-1.935135425750463822e+00,3.331944183349547117e+00,2.347437195697942958e+00,-1.700478573861329057e+00
-1.156296192606802720e-01,-6.073984680106518930e-01,-2.348222707892913430e+00,4.149177432842909852e-02,-1.815892577816166531e+00,1.060741887729526489e+00,-1.107300435642531333e+00,6.811840660112613577e-01,9.586621416897384007e-01,-1.047457360215020561e+00
-1.590457312627178155e+00,-2.267928844473871219e+00,-2.452546777193755467e+00,1.238416397302989580e+00,2.362734267988257919e+00,-2.066638752455027372e+00,-1.904212757499749165e+00,2.103756087297941058e+00,1.839150437867145715e+00,-2.205807323806363129e+00
1.107581130452377494e-01,1.613217032565497311e+00,-2.293627194275732695e+00,2.516740563497831928e+00,-6.984749861155319373e-01,4.061493164318985549e-01,-6.285922423194739705e-01,7.945008684637606677e-01,7.112220100022961233e-01,-1.621836798096014443e+00
2.466383302795642329e+00,-2.981656490880759680e-01,2.296741073270438971e+00,1.669994006148180610e+00,3.882446250617778372e+00,-1.185596012309721559e+00,2.923391218889577203e+00,-9.048473993414245520e-01,-1.861214883630020855e+00,-2.061642791560184484e+00
1.506987931282057325e+00,-3.512161024164157208e+00,1.116771304605882698e+00,-2.235058736257414580e+00,4.823190866356473094e+00,-1.501275644436626644e+00,2.000157068030812280e+00,-2.906194900613762400e+00,-1.641400069128915451e+00,-2.188787156560978442e+00
-2.693304849846471782e-01,-5.141455328760443422e+00,-2.345151091781095154e+00,-3.319719162512548394e+00,2.760758489984382891e+00,-3.013125509861374951e+00,-9.636459959164600519e-01,2.006701869920966885e+00,1.497653373402674237e+00,-2.328586039084763470e+00
1.172585436377556078e+00,1.847542814240968889e+00,1.318410243581517038e+00,2.013182782001142535e+00,-2.894449957704108845e-01,1.246912219036021341e+00,2.247512745800859690e+00,-2.503106884558672807e+00,-1.737477748456483173e+00,-8.924621964007121155e-01
-2.860482733668071820e+00,6.347849566102164331e+00,-2.469669586223351310e+00,2.711215027083710538e+00,-4.277207549767469974e-02,-1.034997661739640584e+00,-2.110793818462921134e+00,-2.089085876291853605e+00,1.630708219002392712e+00,-2.076178970928858281e+00
-1.890074657909327716e+00,5.470953560481891742e+00,-2.459553054213226453e+00,2.380343962220838883e+00,2.015455243323866164e+00,-2.346326363390337733e+00,-1.996525673545561874e+00,-1.488732944675399850e+00,1.560022992016578014e+00,-2.271710061595049179e+00
3.195233124512427914e+00,1.672506054980300583e+00,1.776294066648643977e+00,-2.501596035856559208e+00,4.704180508738913247e-01,3.441715168890254084e+00,2.258222767431865563e+00,-3.044284115367983379e+00,-1.789162938886105669e+00,3.453627475872535602e+00
-2.145293042319036392e+00,1.287945618540595527e+00,-2.463852355266839655e+00,3.887557689201837086e-01,2.074288024276899289e+00,-2.447341162684506077e+00,-2.037169667894979330e+00,-3.038304887062444948e+00,2.291297860063445491e+00,-2.274974194275556361e+00
-1.065921609105868306e+00,3.298149756146370404e+00,-2.422606329667672753e+00,1.031970698105108220e+00,-3.763006138751391116e+00,3.371778252190638092e+00,-1.579018738286932955e+00,1.366269595915996504e+00,2.342852655094250558e+00,2.174504089432541587e+00
-1.427401629541073191e+00,6.441845381266688708e-01,-2.444063259240022656e+00,-2.048531373154149904e+00,-3.486463335684961695e+00,1.504302237979779022e+00,-1.820963123854180798e+00,1.485121918962232890e+00,2.374459136733857889e+00,-1.528774889635633738e-01
5.185813006870807484e-01,-1.325531365580356669e+00,-1.164418034547366254e+00,-1.999130572998657929e+00,-6.689611901053897913e-01,3.033744233944623225e+00,1.307310790496950981e+00,1.738554772660493519e+00,-1.515828897411660048e+00,2.201295037467533966e+00
-7.675475912776237308e-01,4.664699160946590872e+00,-2.424651972777052578e+00,6.363930336147571865e-03,-2.865380604944836040e+00,1.032197471893542051e+00,-1.661728706976739467e+00,-2.937376057617898883e+00,1.801516810986108608e+00,-1.087623012879254558e+00
-2.323404412637206651e+00,-3.040940719015086113e-01,-2.461926820183517162e+00,-1.643357216822797451e+00,4.513292464601593723e-01,-3.221412897250769625e+00,-2.044343111804291180e+00,-2.175178445366037661e+00,2.559812345492248120e+00,-2.343628186370839472e+00
-9.009487012902557268e-01,2.385087253060110157e+00,-2.415992345393446428e+00,1.822890938955232798e+00,-3.446677783856702870e+00,2.653901431511439313e+00,-1.614840864752868255e+00,3.039024668714054300e+00,3.004195763113409079e+00,3.089455416815652278e+00
2.632942119562420302e+00,-7.785322867650157797e+00,1.934893093744757930e+00,-2.513517901829518841e+00,5.939716070994447428e+00,-3.373785126395639100e+00,2.277340992589854451e+00,9.296839728005705794e-01,-1.784433274617600151e+00,-2.352686473051911697e+00
-8.859224602787598712e-01,-3.631973151771995756e+00,-2.423106134918843413e+00,-1.442041254304376352e+00,-4.635980487259819816e-01,-3.715603257547486216e-01,-1.603897804310237429e+00,1.657906006915643715e+00,2.006959192980056095e+00,-1.847791968843528698e+00
6.024118653195147388e-01,-2.755510180303218259e+00,-1.119961878939556010e+00,-3.377552372643318979e+00,3.705525501184875115e+00,-3.137892155835721564e+00,1.345861771701401421e+00,-2.510524864929330580e+00,-1.351166874122168071e+00,-2.332206842026569138e+00
-2.631438439790819483e+00,-3.515751000654004255e+00,-2.469349990440395715e+00,-3.101161493190466523e+00,-3.105523405323395991e+00,3.202552866545516075e-01,-2.107401287389478295e+00,3.074811161674106508e+00,1.869141817886498913e+00,-1.557173820910553896e+00
-2.808870380078144713e+00,6.480131849271161926e+00,-2.469069378851593832e+00,-7.519756256954153173e-01,-4.082655523239261619e+00,1.885684757014444379e+00,-2.115060446212818857e+00,-7.397135707477620059e-02,1.874593100497310205e+00,9.363888423309718601e-01
4.563114897016902205e-01,1.850651136845218314e+00,-1.735255216084404584e+00,3.165079058717771510e+00,2.993261065624721162e+00,-8.445054842211057178e-01,9.297768266898627232e-01,-5.630739638681614423e-01,-1.385653547915443928e+00,-2.026759582626746159e+00
2.553915689215711105e+00,-2.344607243107491357e+00,2.109808932703728601e+00,3.769008410414342869e-01,2.576470543616645514e+00,1.438339229568850186e-01,2.254000481545118895e+00,-3.466097418012192843e+00,-1.715658982277574296e+00,-1.810886007374211681e+00
-9.830540805618976918e-01,5.718035425399131455e+00,-2.433102193232703492e+00,2.303146486419941574e+00,-2.718504617151919600e+00,7.334026469025944905e-01,-1.727358877283738936e+00,-1.802889625765821346e+00,1.671163687387308805e+00,-1.227636977844989596e+00
-3.178155976281213047e+00,3.607355476614783285e+00,-2.472820757159698513e+00,1.377646048062487694e+00,6.757897635855494300e-01,-2.502093281000651537e+00,-2.159651121230712345e+00,-2.922816061835767698e+00,2.062151513007406844e+00,-2.292542005998011057e+00
3.409773722650345285e+00,2.829439318957923888e+00,2.123547604379109721e+00,2.584964136483350217e+00,3.210940248751190662e-01,3.035292579290513437e+00,2.317419682681843174e+00,1.426289901054987652e+00,-1.768177055578212364e+00,2.988508335359950863e+00
-1.383746601135842802e+00,-4.169063488548395924e+00,-2.446075488598923986e+00,-3.601628124997722225e-01,-3.233124641837041291e-01,-5.469012227626346423e-01,-1.878267174045183285e+00,3.073813685023409015e+00,1.442243485442108453e+00,-1.990035893572784431e+00
5.808454147692483360e-01,3.867162352287468963e+00,-1.305615373534753099e+00,-5.996424519010572496e-01,-3.425083190618285478e-01,2.052720745507216726e+00,1.179394809658455001e+00,-3.066170071669059194e+00,-1.449251191796164795e+00,2.662300527854582377e+00
1.320270272354195029e+00,-4.840821507350596242e+00,2.616363533732106728e-01,-2.007873656026681441e+00,7.447974276252098402e-01,1.001690313696293799e+00,1.879926299100995291e+00,5.014602340368998767e-01,-1.590147931124310299e+00,-1.005977245737320391e+00
-1.653350263350983340e+00,7.559336879243867102e+00,-2.452027708603544021e+00,3.480679094618066571e+00,-1.793837032232608708e+00,-1.376185690373263881e-01,-1.911822674922401433e+00,-2.549021374617496782e+00,2.032494816804819582e+00,-1.870898347386726446e+00
-6.980808994221794350e-01,-5.941293975333867827e-01,-2.415277469745576777e+00,-9.617890220972049597e-01,1.715552369726565995e+00,-1.861542005292141866e+00,-1.534263206568197146e+00,-2.766274620302284770e+00,1.696406071866611853e+00,-2.219173771963988795e+00
3.477196859191349354e+00,-1.527488358329944784e+00,3.436054387264730003e+00,1.761422206871174012e+00,4.605361744445945149e+00,-1.045419257505920019e+00,2.801611026242472491e+00,-4.021344861837894413e-01,-1.875991383286881087e+00,-2.121782507296468445e+00
-2.833785700024239240e+00,-4.764581243796452981e-01,-2.470180000774304219e+00,-2.061645123334716612e+00,-4.283448013021263989e+00,2.772660041758208571e+00,-2.122197825682482275e+00,1.344557500427689511e+00,1.531594933671875491e+00,2.475135754689887335e+00
2.096253127213849154e+00,4.397464809932780661e-01,2.032753145666357675e+00,-2.779751414172153101e+00,-6.016808139435775304e-02,3.176082215628158067e+00,2.610940131930640451e+00,-2.427673028434570668e+00,-1.836908827218492135e+00,2.614296313022884455e+00
-1.088912348735035174e+00,-4.104156785801663432e+00,-2.438842846679616372e+00,1.230387845293448024e-01,1.015627957017529281e+00,-1.687301125586047501e+00,-1.795784747292435313e+00,2.507490840060648374e+00,1.465003811445305892e+00,-2.204075016581968249e+00
-2.377456959511511592e+00,-3.202726423904444175e+00,-2.465110008206045311e+00,-2.767141853744464974e+00,-3.381633720892470496e+00,5.559058491187744977e-01,-2.070649842681576480e+00,3.450722051057098838e+00,2.023232158101692768e+00,-1.401157844353022819e+00
-3.205066910694897242e+00,1.588233647149887018e+00,-2.473411073399883531e+00,2.620521243843940695e-01,-4.311504429592017296e+00,2.441972493407914335e+00,-2.160370478246243842e+00,7.686957880324127856e-01,2.190036655419817180e+00,1.522382822655017787e+00
-3.719981225658797186e-01,-2.351252592453922929e+00,-2.401514826028751326e+00,1.862753413426774252e-01,1.547340664611780880e+00,-2.646176065063942762e+00,-1.366808265786243037e+00,6.036447419689761063e-01,1.283514981146224532e+00,-2.304642297277387009e+00
1.158501482348802902e+00,-4.866031555240430073e+00,1.754057393172560264e+00,1.979196455426934342e+00,5.958910804667338468e+00,-2.585062057406642744e+00,2.147892272673591840e+00,1.752772816070519823e+00,-1.727506618511076564e+00,-2.294994947933481022e+00
-6.600814305592228592e-02,2.011180660180795776e+00,-2.321599230302063610e+00,7.264049905870528789e-01,-1.143580268040174541e+00,4.476023957420549593e-01,-7.494687363906094024e-01,-4.926180200110206187e-01,1.595674813375890455e+00,-1.595514906117933229e+00
2.632058268686133573e+00,-5.292281723225462642e-01,2.400182516902614083e+00,3.082477491725144958e+00,7.388178234814654077e-01,2.661179491901367378e+00,4.092301045765831979e+00,3.032775470508130233e+00,-2.035910425263273371e+00,2.854586991271379048e+00
3.329846975828917977e+00,-3.932167496425689190e+00,2.693118642278471420e+00,-9.884157922744054581e-01,4.577095308563179366e+00,-2.104380813802310790e+00,3.168590112092322553e+00,-2.053864296361957109e+00,-1.914631226472864434e+00,-2.246935539904094448e+00
-6.136137843703215466e-01,5.042065653256517788e-01,-2.421258819365835979e+00,2.169957461876332871e+00,1.620743628105931755e+00,-7.741138093153154820e-01,-1.570382735745201597e+00,6.320488889216040462e-01,1.542579369061335859e+00,-1.978976128231445752e+00
2.178647860892283461e+00,-8.182123400624488951e+00,1.859170586396759806e+00,-2.359026438124609548e+00,4.896410577250115637e+00,-1.822358447336895226e+00,2.288968805835048581e+00,1.371381274003728556e+00,-1.764935530489688542e+00,-2.232444886749643587e+00
2.220486713149529834e+00,1.587839290274619897e+00,2.146033857348102813e+00,2.626488038145783577e+00,3.228746894423630831e-01,2.446768256835108346e+00,3.592384574336125791e+00,2.946870449441871820e+00,-1.966652600879089441e+00,1.942270735536133053e+00
-1.285292025344280553e+00,7.016824567007342583e-01,-2.444572892992554536e+00,5.525365985830239524e-01,-3.723679378460829970e+00,2.361597191315516042e+00,-1.845040557698525374e+00,8.313341592427381244e-01,1.559696086799619019e+00,1.822057720793704760e+00
1.594494311973901013e+00,-4.907608753536368162e+00,1.215348215908494955e+00,-5.009631282033542021e-01,5.311926584663131390e-01,1.169612600263976177e+00,2.124517572434756918e+00,1.352782928975798882e+00,-1.719292427519369726e+00,-8.896383726288068505e-01
2.280810023555541299e+00,-2.858386112192318862e+00,2.553618869450879014e+00,8.042243401189832497e-01,1.501617466323242667e+00,1.903310585787713727e+00,3.215185527272677035e+00,1.686094617758849168e+00,-1.940703712687956717e+00,1.284627613687063352e+00
-3.359599850733366644e+00,-1.773631154070111293e+00,-2.474815076605939357e+00,-1.802179826390353012e+00,-1.212456664126681405e+00,-4.614049529639601133e-01,-2.177142780445156856e+00,-1.532037550148555027e-01,2.475385693888996652e+00,-1.933931877793840348e+00
-9.270197762390921525e-01,3.054438446520193473e+00,-2.421856235738036656e+00,-2.810290363500536959e+00,-3.459246752600553254e+00,2.345070994278921184e+00,-1.642541395640648494e+00,-1.426798272685967373e+00,1.707248912168114474e+00,2.364511086611265966e+00
8.760655830955297318e-01,9.305303663850731155e+00,-1.350967831109778139e+00,2.822612245765789396e+00,-3.868321016104063759e-01,9.511632405916596866e-01,1.211426601258296376e+00,2.788284846782720372e-01,-1.471205963763945412e+00,-1.297215085409414659e+00
-2.595119268294320491e+00,-2.819953679161848470e+00,-2.468326711235328652e+00,-3.215185427157844611e+00,1.214075894357184993e+00,-2.203239536068202220e+00,-2.100911417797160397e+00,6.944971911789821206e-01,2.617712769724136912e+00,-2.260135652973557896e+00
1.824999784096043243e+00,9.470172642335907831e-01,2.045057075691795845e+00,2.532686282832640856e+00,2.651307625279312408e+00,-8.536478001653247105e-02,2.456813993256930839e+00,-7.093492834955350546e-01,-1.758013102393769511e+00,-1.883731986727337437e+00
-2.412416406792007528e+00,8.602839586096562741e+00,-2.467240374913973078e+00,2.604405070973846215e+00,-3.977603981433339264e+00,1.776373262908257367e+00,-2.081512397600278952e+00,-1.757502898992733709e+00,2.516440449200750162e+00,9.822636066689957035e-01
-3.258808900290342425e+00,3.462144970736681593e+00,-2.474097248900679613e+00,-2.179479901344314463e+00,-4.203740596179853739e+00,2.062306826987217789e+00,-2.165529724792679911e+00,-2.636424532314447511e+00,1.686599292450565057e+00,2.470590026592058841e+00
-2.955304642828018302e+00,2.745599887444054144e+00,-2.471412114863625220e+00,2.301810095022126745e+00,1.116339068248038746e+00,-2.928808377370982097e+00,-2.134517624479852493e+00,-2.120566064911551418e+00,2.038584585578462338e+00,-2.312321888684582216e+00
1.139405475306180193e+00,-3.681163135169277512e-01,1.540988420942343229e+00,2.065235747733130900e+00,4.653230187505593030e+00,-2.196650833970329675e+00,2.128868062770493452e+00,-2.904531820357350469e+00,-1.744818289356159235e+00,-2.257991142642313598e+00
-1.808003841260245714e+00,1.134694184988634191e+01,-2.457719368816723815e+00,1.873602899160864865e+00,-3.941824989454082218e+00,2.004467542562488269e+00,-1.964811989951924298e+00,-3.316948222044602268e+00,1.838996254871370084e+00,1.091219580162793523e+00
2.453219628663966034e+00,1.849854348542540716e+00,4.339511036060383908e+00,3.189085097987481632e+00,7.850365233798054510e-01,1.019436763110308064e+00,3.396722350480376296e+00,-1.999406119204227172e+00,-1.948256254116044639e+00,-1.231781648215531266e+00
1.021634122951732060e+00,-5.236411549084172279e+00,1.217094632558281653e+00,1.267319313374123624e+00,4.668328817221139460e+00,-1.840374984378725598e+00,2.065840866623252836e+00,3.208668017565661224e-01,-1.741498357171235689e+00,-2.229800053425250450e+00
9.530576659157405928e-01,-5.238844654720818950e-01,1.560925416816368205e+00,3.387699263494507562e+00,2.688265499324274721e+00,-7.444104216377427363e-01,2.357095740071080137e+00,-3.425913241782252427e-01,-1.797435104320764365e+00,-2.076056347993888718e+00
3.104662814758434308e+00,-1.224172491842046240e+00,3.057632039828956927e+00,1.455594693730398070e+00,1.298586701075987282e+00,5.809975480668052583e-01,2.839129349320025586e+00,-1.284948300484660244e+00,-1.830871954222095477e+00,-1.550608740927836404e+00
-1.887012150164183000e+00,-3.970295250506423734e+00,-2.458075637600286356e+00,-2.921039905174396267e-01,1.475995543878546812e+00,-2.793085463247861444e+00,-1.989130904725254778e+00,3.416145768071823241e+00,1.455581965228754271e+00,-2.307977062949559954e+00
2.003809913173289381e+00,8.798919048481830263e-01,1.735968488469041837e+00,2.445994297874804602e+00,3.852766690045108966e+00,-1.202600797801297805e+00,2.394081355366455277e+00,-1.237458968123800407e+00,-1.802197416729213408e+00,-2.125584961869247280e+00
2.377357781516479029e+00,-8.378552252588052696e+00,2.048359000546282616e+00,-2.664820021575215137e+00,4.337781326979901486e+00,-1.890775682225188215e+00,2.955236743372670283e+00,1.641274270650952438e+00,-1.858621598933057006e+00,-2.194228522138313764e+00
2.240520157301064685e+00,-8.374898471276901901e+00,2.213621127911073572e+00,-1.799956424193330129e+00,5.543013288683595441e+00,-2.849911475973792463e+00,2.974610590913033370e+00,1.747281527904273268e+00,-1.903241444775074509e+00,-2.320080673838484930e+00
1.424160056095985283e+00,-4.174727412415977668e+00,1.908644872475468102e+00,3.074960401074196881e+00,4.133467863210054105e+00,-2.489474874607268795e+00,2.959719396035125794e+00,1.676312879636332909e+00,-1.893945729625726715e+00,-2.286914275977562472e+00
1.922447978151868853e-01,5.089994338504124638e-01,-2.120504050057783640e+00,-8.112009278631022724e-01,-8.494632056030646527e-01,6.961357760173667586e-01,5.665832063530124030e-02,-1.205489335418430397e+00,-2.691659887271813378e-01,-1.462590203408689060e+00
9.690626356261899943e-01,-5.723092893267756942e+00,3.694179135485283205e-01,-3.230159638392998467e+00,3.274070987054814585e-01,4.936266113534895084e-01,1.916771798959267858e+00,3.667252375070653159e-01,-1.645473409982040947e+00,-1.441270844021358855e+00
3.431419904839254187e+00,1.605026211136729719e-01,4.011266452464485432e+00,1.866017365757541846e+00,8.477476687586031900e-01,3.106068711933356319e+00,3.156770773843116551e+00,9.151714996547166692e-01,-1.905210400646197177e+00,2.913679651492858014e+00
-1.920299305891235875e+00,-1.758652951759700489e+00,-2.461407313582110845e+00,-3.402323660446779030e+00,1.507150159445349358e+00,-3.198750206714238598e+00,-2.003447446331828807e+00,-4.519818815830238812e-01,1.763508730238267930e+00,-2.337331398431757190e+00
2.141971608538631777e+00,-7.528205016535133964e+00,1.866573015679315439e+00,-1.400384946530928598e+00,2.957013071598844967e+00,-5.781511271600101587e-01,2.538550953664905130e+00,1.533343430078299541e+00,-1.816389208870017313e+00,-1.997995152788752504e+00
6.733681487044602676e-01,-1.427106690136271672e+00,-1.403810809655820613e+00,1.034556995285327297e+00,6.353500630957666928e-01,1.494407448306027675e+00,1.232115971498231710e+00,2.760168855830569257e+00,-1.415129399277327060e+00,-2.507276135147980534e-01
-2.344417313169205208e+00,-2.099450228103380223e+00,-2.462090155012423232e+00,6.675553277518204709e-01,5.578427484885851717e-01,-1.426601537750083804e+00,-2.017802230770716854e+00,9.644419933193040251e-01,1.511105294461733362e+00,-2.173288009384367392e+00
3.517887558302743578e-01,-5.063892552154764637e+00,-2.113762653004311431e+00,-2.220405028966479843e+00,6.454615461397974485e+00,-1.833210469002984233e+00,1.443560879596906543e-01,3.305151270961085075e+00,-4.007978615834563718e-01,-2.231195442604634760e+00
-1.041461578507391739e+00,2.089475516979852066e-01,-2.431131612233107475e+00,2.597859615453961268e+00,-2.203978401297081557e+00,2.736114135540264058e-01,-1.720459966417131392e+00,1.905920990224727163e+00,1.747002421630525770e+00,-1.779915616738966255e+00
2.852227301548752258e+00,-3.973037198601452324e-01,2.287617091573386219e+00,-4.015074286376232315e-01,1.232775948559486023e+00,1.741267306287140215e+00,3.987096313110085610e+00,-8.155307417012949145e-01,-2.016723514456586042e+00,5.861933116660789089e-01
-2.827596467789286194e-01,-1.916152001885726097e+00,-2.339206313457334208e+00,-9.049209089192267186e-01,1.646655953643810566e+00,-2.137382574612314734e+00,-1.034741029834269632e+00,-2.121058175337044993e-01,8.723230594235092950e-01,-2.254567904830406366e+00
3.446539984451642447e+00,-4.127633298332679779e+00,1.957768433221711124e+00,-1.583631824356637408e+00,8.831076999714888132e+00,-1.328627537575357564e+00,2.406325047008734064e+00,-2.181017209474142238e+00,-1.777720234572049751e+00,-2.141589165073855661e+00
-2.833360960360971958e+00,-4.145766192988475929e+00,-2.471023636104457744e+00,-4.020742989288312863e-01,-4.999926485525052477e-02,-1.279834975896525950e+00,-2.125148621058300602e+00,2.724516834058545278e+00,1.664744387490243449e+00,-2.142230086643965414e+00
2.088614414320634438e+00,-5.425795729624530717e-01,2.533207337529771230e+00,2.758391275428625278e+00,1.523079536156358937e+00,7.863607747067655751e-01,2.578049189346454995e+00,1.340253890089231348e-01,-1.834244701003063360e+00,-1.378121715300300254e+00
3.106298503387758814e-01,2.984771880046581671e+00,-2.091496164861952778e+00,2.287695013645711484e+00,1.691555990833171652e+00,-6.716632166713765173e-02,-4.733424349842252354e-02,-2.340380408274578272e-01,-4.995197953472919616e-01,-1.879053016411807109e+00
3.407767758531128344e+00,3.388636592756922639e+00,2.509808730085550721e+00,2.088628165798684932e+00,9.545139792878205576e-01,2.413088331076557402e+00,2.678933193110498046e+00,-2.322286824747810563e+00,-1.817288579835903972e+00,2.669171231507079689e+00
2.269881059387864219e+00,-3.254288262394318565e+00,1.166719692404025954e+00,-2.950065807861976364e+00,4.591762896601550459e+00,-3.448475904424238792e+00,2.204249290626390412e+00,-3.211403857235994863e+00,-1.754582628468768002e+00,-2.356643829779518917e+00
3.137035849498372997e+00,-2.660114224747394562e+00,3.120552156440378866e+00,9.706327090678703584e-01,6.203611409497728602e+00,-2.426770241789728111e+00,3.654134716284426432e+00,-2.199663875775510924e+00,-1.986346546199492247e+00,-2.288922850942347598e+00
1.040707307895504030e+00,1.974517070265713103e+00,2.339179959065230907e+00,3.229384884652438892e+00,-4.833310862352211967e-01,3.291081484498395326e+00,2.317584293271547136e+00,2.558454367389990658e-01,-1.776682790748253638e+00,2.529761196148802682e+00
-7.809073283143499467e-01,2.390662520919702327e+00,-2.421658951192058762e+00,2.361462613578147796e+00,-2.987231321343188029e+00,1.242555273407266014e+00,-1.544178893105914163e+00,1.853459165925177565e+00,1.863083402862709459e+00,-3.536388077891232662e-01
1.763319941261840107e+00,-7.779665362189359001e+00,1.361623249510051537e+00,-2.692283724066273365e+00,9.646268375124107397e-01,1.713300215881341515e-01,1.957607499701315534e+00,3.361474108276793160e+00,-1.693313732085216738e+00,-1.777756698961182602e+00
-2.113549220423670327e+00,-1.120194865431217712e+00,-2.453308054264620619e+00,-1.690030055326681824e+00,8.705579322929710706e-01,-3.412588654062060467e+00,-1.948905935720284255e+00,-1.640532589106545647e+00,1.800984431309275546e+00,-2.353241576398307444e+00
-3.214247992723642255e-01,1.146906465257039986e+00,-2.377755438840789104e+00,-2.781946787669873800e+00,7.113348921820230597e-01,-4.917394887813428817e-01,-1.283894103078310422e+00,-2.198341320516788322e+00,1.926043130441842610e+00,-1.979956958297542258e+00
1.530210953959769249e+00,-1.884043791836326864e+00,9.350111458197031267e-01,-2.834690351643949668e+00,2.872145234329860353e-01,2.986577027563604325e+00,2.064802818486064506e+00,1.570654723621025539e+00,-1.662780890522932875e+00,3.066476417115659103e+00
3.380707388979444339e+00,-8.081431038846735859e+00,1.513380953733927781e+00,-3.474299428424421077e+00,4.507956206547884648e+00,-2.803601115074223493e-01,2.208275287185137437e+00,2.910602302834075061e+00,-1.760836365603362319e+00,-1.925386857271626839e+00
2.858262199430058104e+00,-7.060649853797841935e+00,2.667895066251867231e+00,-3.181122011992476573e+00,2.259736918799778671e+00,2.844753301348270647e-01,2.476983409200397279e+00,1.293032700380062572e+00,-1.775762725993360158e+00,-1.688102251523629915e+00
-2.510582451213152932e+00,-1.240021798337502812e-01,-2.467077909054559814e+00,-2.280036216993400089e+00,-4.204081205041921621e+00,2.730520356423100203e+00,-2.093788353191501361e+00,1.892186817748204852e+00,2.256202094314854634e+00,2.552607184460736534e+00
-1.309083739610539698e+00,-3.601702564093396397e+00,-2.433433599272023518e+00,-3.332772686234964699e+00,2.431218205074253680e-01,-1.006999672348855235e+00,-1.750771305378501008e+00,8.819326021974953633e-01,1.937782392689088695e+00,-2.030799067963398485e+00
6.274004795724215100e-01,-5.999007124125985690e+00,-3.356842636669415403e-01,-1.832225423788884644e+00,5.534903234140806649e-01,6.789405574993709891e-01,1.718722582965754864e+00,1.410162935867218970e+00,-1.590524618196155426e+00,-1.471914334373536359e+00
3.465558508430254037e+00,5.199747552242047766e-01,2.998519486939716039e+00,3.271558264384226256e+00,1.181486258337250406e-01,3.129151951092782546e+00,3.362739534911394657e+00,1.803740954279039244e+00,-1.959096271496588937e+00,1.927340426361730419e+00
3.509555757571916068e-01,-1.407407097312625588e+00,-1.959688353686224849e+00,-3.467723438983389972e+00,-8.758594505034733579e-02,2.423773627353001281e+00,2.449868194272774580e-01,3.146510662354950583e+00,-6.258666298934014716e-01,2.308684971949727327e+00
-3.007519605833831378e+00,5.354970588183983082e+00,-2.470393487899156693e+00,3.471786772179254577e+00,-3.580709579048576785e+00,6.659833659225196101e-01,-2.137379258311699282e+00,6.170208917122943504e-02,2.391948158221290921e+00,-1.454731983266618123e+00
1.377822618741523009e+00,-4.940125720265508669e+00,1.221685428599134315e+00,-8.564572238414256411e-01,3.608721075342208318e-02,1.500938648606692460e+00,2.042214506187193912e+00,1.718193974473339658e+00,-1.738236736005319250e+00,-4.499554655116588808e-03
4.302689567485549205e-01,-4.634445133933733363e-01,-1.839529251317733261e+00,1.541894622335675535e+00,1.870717924795326947e+00,-6.476119265813577996e-01,5.687463085787806127e-01,3.141382503997696141e-01,-1.091007709074172549e+00,-1.945596656903370247e+00
1.079833252882757222e+00,-1.063876100180477513e+00,2.113564639097981868e+00,1.365863056692724342e-01,-8.366578638068576934e-01,3.391086201965668678e+00,2.309221362113331733e+00,1.755701180923856519e-01,-1.739872033670828877e+00,2.119672999426231996e+00
1.364678216605161865e-01,2.353342701566791817e+00,-2.252057429976580760e+00,-1.757549924290423782e+00,-1.774215103684524619e+00,3.333483185150985406e+00,-4.454423279214693721e-01,-4.840284416575730830e-01,4.483646426043542133e-01,2.227141796742210911e+00
-4.964142765472416841e-01,-4.562347581257797380e+00,-2.372023938131313070e+00,-2.140987404082221879e+00,2.305383381559835687e+00,-2.739235915915083197e+00,-1.384232577631774319e+00,1.560294581344098930e+00,1.797859208096293626e+00,-2.310194232722396990e+00
-3.039572230081612148e+00,1.309077158157395449e+00,-2.472246371462832659e+00,6.282958765232793397e-01,-4.317340094777367909e+00,2.591919562279415779e+00,-2.140768738892372181e+00,3.369280064589014856e+00,2.009962934703020565e+00,1.622878129063321406e+00
-1.165362323741618855e+00,5.215499279789330700e+00,-2.426797496939975929e+00,8.699305096065348408e-01,-3.588386952776041472e+00,1.930195471501032323e+00,-1.675306868040323582e+00,1.626525978176398546e-01,1.417948665638293582e+00,1.494072677152952888e+00
2.298760261962968343e+00,-4.813941448821233315e+00,2.110020125327592311e+00,1.540756730882337777e-01,4.386513931427224122e+00,-1.319394940801438487e+00,2.617167171293192762e+00,-4.851333403785034193e-01,-1.817645653957566276e+00,-2.149777654302801100e+00
-3.224823753425761552e+00,8.695391648880800517e+00,-2.473135887210379469e+00,2.779649472367879071e+00,1.224069912887904676e+00,-2.900539835677616196e+00,-2.158141873798294252e+00,-7.786809653685389243e-01,2.051975204099743433e+00,-2.312555385289675858e+00
1.306151667719040788e+00,1.092614289114696646e+01,1.304551501057909180e+00,3.384472939052301399e+00,-5.475703292820455204e-01,2.128306560050730489e+00,2.318433657393228042e+00,-1.503087158628494624e+00,-1.788702317059456925e+00,3.003278024276538893e+00
-3.676153837191806772e-01,8.050538478294438915e-01,-2.363124699496092607e+00,7.585585527285774177e-01,-8.623541966153384086e-01,6.981688245320061270e-02,-1.093663632117260587e+00,-8.403362583289712973e-01,1.081400346762745768e+00,-1.837556823655730254e+00
-4.920534280337394151e-01,-3.417340123248631123e+00,-2.396244338090795623e+00,7.511836951550874275e-01,1.563593910248743946e+00,-2.032244387358016269e+00,-1.386458650593343167e+00,1.931636334691788193e+00,1.360570530090514207e+00,-2.241388882978327945e+00
2.009517981595880798e+00,-3.469426152056946044e+00,2.247842813255649830e+00,-8.890862231825424900e-01,-4.395264938123156773e-01,2.730410590254375158e+00,3.728380904513276306e+00,2.212147923929832061e+00,-1.989982729520066052e+00,2.831546351466437628e+00
-1.714552181509679585e+00,-2.736081856746872543e+00,-2.454994978787975235e+00,1.218129003174508007e+00,8.122544990230265993e-01,-1.719170494337668664e+00,-1.941329899498235090e+00,2.717475614299468489e+00,3.183328904205639187e+00,-2.217706414894161426e+00
-1.918736347640604523e+00,2.086675511093890378e+00,-2.456716717025241525e+00,1.736350398506763426e+00,4.682380921565564291e-01,-2.237041811546060188e+00,-1.973532546025591028e+00,-9.354102482532455909e-01,2.780428710132473391e+00,-2.255027006908520093e+00
-6.633176564470848469e-01,1.825452612763072580e+00,-2.417558522894071249e+00,-1.753426941965407604e+00,-3.420953924465453433e+00,3.181170701559034697e+00,-1.521858817880655579e+00,2.589583887599853362e-01,1.303467518437921635e+00,2.237566519398645593e+00
-1.468410111807270546e+00,4.500988709390035147e+00,-2.449000365460889839e+00,2.681131732317226124e+00,-2.785588705453913239e+00,2.743055738468704874e-01,-1.885019468796026665e+00,-2.350335570877923885e+00,2.024235460733037506e+00,-1.630264290786846315e+00
2.853845354405440737e+00,2.907140897426548243e+00,7.985274742803714076e-01,2.842973260696170179e+00,6.578871723839589958e-01,1.239591253049223241e+00,2.094943194137926845e+00,-1.459509381086781854e+00,-1.749548674581061336e+00,-6.946033891957130724e-01
-6.873461546465313710e-01,1.867756536152464619e+00,-2.392376996455774396e+00,1.974514044324524598e-01,1.621174172995916152e+00,-7.364329269689946500e-01,-1.368841512147492612e+00,-3.190981493278953529e+00,2.005786103284879385e+00,-2.034698917374365479e+00
2.598636910827444524e+00,-7.623548350457114431e+00,1.877878209389982622e+00,-2.922609618743928106e+00,6.697854371037822219e+00,-2.849095126506278497e+00,2.792192824993417588e+00,6.790754833103536114e-01,-1.874402820320799634e+00,-2.317314318563734155e+00
2.644092456225601850e-01,4.654415221739949260e+00,-2.024209707782425038e+00,3.468969553472703637e+00,-1.546581855610058565e+00,3.016866902448992249e+00,2.936976581388509588e-01,1.682406928856230444e-01,-7.122588785445744808e-01,2.336381283485166716e+00
4.005489796357135646e-01,-1.735227943521044924e+00,-2.032035290918458248e+00,-2.925278457789719067e+00,-6.848685217299759209e-01,9.404617833157491447e-01,3.524927992283403699e-01,2.544250690000954052e+00,-8.272246836973855544e-01,-1.287388007859691319e+00
1.687506782843117392e+00,-7.040691282177105492e+00,2.080591782585697047e-01,-3.203144468836823577e+00,1.817569283486454301e+00,5.918778304845080385e-01,1.811228321112525297e+00,3.154019746740199359e+00,-1.603177615603297301e+00,-1.459260800709483830e+00
-4.922816231758719852e-01,-2.521009769019000313e-02,-2.390025928230209651e+00,2.478942322935496101e+00,-1.578475969908426979e+00,1.113952372121529422e-01,-1.329182083482713050e+00,2.839550457282999929e+00,1.057768971022425397e+00,-1.813957072196751952e+00
2.021101600669280351e+00,6.670530725909987524e+00,3.605171174412342139e-01,3.122130247106602141e+00,-4.204163938606752526e-01,3.224736280333830862e+00,1.837542555612140305e+00,-1.727455018840113432e+00,-1.680697836280223401e+00,2.488365394223512439e+00
-2.388224988859755094e-01,-1.677070724066428653e+00,-2.339300920089769420e+00,-3.181020283805385596e+00,8.566292074735368800e-01,-9.340719691383623235e-01,-9.855373587398735813e-01,-1.319743303748648344e-01,1.405876234364484834e+00,-2.087124990440116346e+00
1.796297908478543093e+00,-8.236421126016953309e+00,2.928926205204677835e+00,-4.335841026247626573e-01,3.879514037803700077e+00,-9.820881680806157199e-01,2.412350551279754285e+00,3.221311934609038197e+00,-1.790751922306772936e+00,-2.006812782405462681e+00
1.007880557187254666e+00,-3.211007532209770865e+00,1.632255610502371779e+00,-1.271553758195417494e+00,4.150073511813192617e+00,-5.751512842912522849e-01,2.437543376784069515e+00,-2.031582264043168440e+00,-1.813530680041622878e+00,-2.018299328633887502e+00
-1.739828807363700935e+00,2.420233682004343301e+00,-2.453746178139659229e+00,-2.698539860768436327e+00,-3.937780489835190245e+00,2.398779901783028912e+00,-1.939433235973046399e+00,-6.467429285034325126e-01,2.119526632708371050e+00,2.462462523998403263e+00
1.409161603429533116e+00,-3.792773510590562225e+00,1.831654604580538193e-01,3.195682833362717190e+00,5.148398497810600105e+00,-1.852625526206113982e+00,1.740196670461340300e+00,2.736042925714670560e+00,-1.632910273834709214e+00,-2.223814498375830340e+00
1.848942838934274135e+00,1.833824404798204188e+00,1.552140280935078831e+00,2.455170938005858616e+00,1.731528491307358530e+00,4.854558781160962511e-01,2.312047468262021344e+00,-1.629447906263346013e+00,-1.783677608635224177e+00,-1.523938468667533463e+00
-2.053486235875901844e+00,6.531968608572968904e+00,-2.456997883052845388e+00,-3.367928579351603169e+00,-4.052782360649826998e+00,2.190656099083713393e+00,-1.999355827190273382e+00,-1.898697597907121892e+00,2.485056440099256747e+00,2.248445596819709458e+00
1.038180506973872319e+00,-6.663114943193258810e+00,5.991404266053440564e-01,-5.100759109325250229e-01,4.611057161670547799e+00,-2.541575809904222716e+00,1.914093346672925744e+00,3.895737402486028067e-01,-1.696573492265641026e+00,-2.284576934782063251e+00
-7.488496325387785646e-01,3.850362527560682757e+00,-2.416160624112870803e+00,3.093389592922248355e+00,-3.231139217809381403e+00,1.505826041524781722e+00,-1.509043555887467303e+00,2.526498193870429176e+00,1.348346651307238853e+00,2.108551881443038178e-01
1.054548299278963874e+00,-7.179883233311269208e+00,-7.296672945230888718e-01,-3.145458811823894862e+00,1.147994554605130446e+00,-1.219834678518578741e-01,1.604816204394734491e+00,3.003382506106183847e+00,-1.543208713674804500e+00,-1.799343798986811738e+00
-1.992679056140241878e+00,1.051567779657626289e+01,-2.454406108584588964e+00,3.005528557271113677e+00,-4.065932844223241638e+00,2.602036055710540197e+00,-1.965167485949977255e+00,3.100121451246860893e+00,2.658820692666112429e+00,3.344406226693869222e+00
-2.370392140215474175e+00,-4.888688901063509284e+00,-2.463301288071572337e+00,-3.038634148774254307e+00,4.147453059118680896e-01,-3.366857703034358273e+00,-2.055094779002462957e+00,2.017977378792191523e+00,1.519719989828128837e+00,-2.351846844064055198e+00
7.676952255311872975e-01,-3.701709843524091603e+00,2.134706586112451898e+00,1.738031762834795657e+00,4.061037233789098977e+00,-1.410347035859423226e+00,2.368853461409735406e+00,2.833979593780556527e+00,-1.762978229591282142e+00,-2.161140772448156611e+00
2.504865378694208111e+00,-5.357783981696758957e+00,2.671566133540026922e+00,-1.043058399007925630e-01,6.122291769472123946e+00,-2.479799921526542938e+00,3.338764486677498144e+00,1.367828084041367021e-02,-1.951577977806860043e+00,-2.286909565070004202e+00
2.805189112607546775e+00,-4.854618560195634203e+00,2.454620184162113361e+00,-1.278963074020174506e+00,4.861235460944238085e+00,-2.765554398820485815e+00,2.573717989839866771e+00,-1.439509154319071005e+00,-1.834719390059964983e+00,-2.297055746392365982e+00
5.869891242419971178e-01,1.637522073416991741e+00,-5.595413711764405384e-01,-1.524575322998029447e+00,-6.712510136783094161e-01,2.220745334096070778e+00,1.597373374255976142e+00,-9.472269742143382132e-01,-1.538549843803983963e+00,2.380690232511263993e+00
-6.930500025785271134e-01,6.091140155435363468e+00,-2.411735660085062349e+00,2.411192939884228004e+00,-2.271837266030492408e+00,2.867359334564514306e-01,-1.495413131866721201e+00,-1.497352198733103990e+00,1.348023306298828938e+00,-1.725544948750529883e+00
2.555740801499977621e+00,-2.384435202331819603e+00,3.460050451534751659e+00,-2.588852963035734867e+00,1.559530394909487860e+00,-6.285538533977597098e-02,3.267115331158196856e+00,-3.245138039506715089e+00,-1.909387385126319669e+00,-1.841683044540916026e+00
2.940405816635063729e+00,-4.541083002902057686e+00,1.304132670652368153e+00,-3.326055653145133739e+00,4.526275076140184872e+00,-3.313251734703257956e+00,2.184483234101022298e+00,-3.096154765081994942e+00,-1.697968594584810642e+00,-2.349432847075740849e+00
3.189524333974874892e+00,-4.138536943826926162e+00,3.185578598763779912e+00,-2.650244470860547708e+00,1.884626069374765400e+00,2.212654427506916655e+00,2.940749555772154356e+00,1.119166374820228071e+00,-1.892551666856341575e+00,1.340693883933707031e+00
-1.240883317002751340e+00,5.504348045025053260e+00,-2.438378069079028876e+00,3.433457181151095661e+00,-3.428557763663755420e+00,1.141400041696133627e+00,-1.790562269367152792e+00,6.021815463739965679e-02,1.886839562361965372e+00,-6.833467533275645600e-01
-4.742528679292998817e-01,4.919505624921077569e+00,-2.386872165241694432e+00,2.591228263377654883e+00,-2.920636936259914940e+00,1.506801135132774583e+00,-1.341468431994642829e+00,1.726052410876631527e+00,1.191607591858643289e+00,1.570791681126049166e-02
1.689733453036411426e+00,1.392952243198091633e+00,-8.543019682341679299e-02,2.373953032435334620e+00,2.666424954706458461e+00,1.282923822428676530e-01,1.729055708500830013e+00,-3.339430021364569345e+00,-1.581957429429015072e+00,-1.672394080812494854e+00
-2.390159779957090613e+00,2.189476474470660072e+00,-2.466227682111437502e+00,5.380409228311977543e-02,-2.858903545474424490e+00,2.717508191525963568e-01,-2.064019270196644662e+00,-2.407492035262473351e+00,3.213381156788476467e+00,-1.645177113725043716e+00
2.748422959570561375e+00,-4.391835835089700879e+00,1.861924324979897349e+00,-2.266970157089360782e+00,4.392401262630335479e-01,2.354673499213106425e+00,2.347925833055363842e+00,1.594666190324840471e+00,-1.802613667400258413e+00,1.778812927852303716e+00
-6.190802145270803969e-01,2.780111379345262979e+00,-2.411510749015155497e+00,6.787511987673191527e-01,-3.156187362493535264e+00,2.270180771076317328e+00,-1.524333655783151720e+00,-2.489894191574206772e-01,1.408853525431232434e+00,1.395533518014754559e+00
-2.052785875429220752e+00,8.312733822562334840e-01,-2.463972640560029070e+00,7.391250176726611443e-01,4.285483489500757637e-01,-2.417632726664234788e+00,-2.033312900489684161e+00,-1.028727853855650132e+00,1.536023755445637295e+00,-2.288761048474714510e+00
2.666216266842653226e+00,-4.720236480645259469e+00,3.237953364619062135e+00,-1.913532269006058328e+00,-1.394263222386289414e-01,2.655428959150395229e+00,3.455594977540075163e+00,2.674777574052566109e+00,-1.959735726320259941e+00,2.136478899094135464e+00
-3.430370616481814849e+00,2.593224930517262994e+00,-2.475215276830021516e+00,2.665434162476567614e+00,-3.323037203783633764e+00,6.921538178278909825e-01,-2.181134537549254571e+00,1.972059570906145254e+00,1.936357627555866268e+00,-1.322412273869212562e+00
1.030839097100603396e+00,-4.738568356327491848e+00,-6.445443707426141700e-01,-2.838040623600089241e+00,-3.779058722874016896e-01,1.508215029985944255e+00,1.647261215208934315e+00,2.249228385613013081e+00,-1.546982114624855464e+00,-1.437305006079140357e-01
1.015309630622455828e+00,3.050198383557648718e+00,1.486315271345478362e+00,2.672841037874047032e+00,5.594762171187750432e-02,2.041790794112897878e+00,2.081138153792254197e+00,-6.947689763499376170e-01,-1.721170087947714977e+00,1.329718423129290894e+00
-3.125968319955869212e+00,2.994337455061292896e+00,-2.472623988641829751e+00,-2.483461135519572149e+00,-2.052515769881575025e+00,-1.771865059789519137e-01,-2.152647447373551515e+00,-2.954080989921593403e+00,2.575407907709826638e+00,-1.904635784157664435e+00
2.716992232763963955e-01,-1.175328666706491276e+00,-1.890929361335228265e+00,3.236295259040526062e+00,3.151805855059351735e+00,-1.380025742070314365e+00,6.659275178842314347e-01,2.901928208406201470e+00,-1.107721194827191447e+00,-2.136838412431879775e+00
-1.299393662718874243e+00,4.160155314364333279e-01,-2.439082884852866950e+00,2.852181176545487418e-02,1.400186356625964468e+00,-9.254039719652675799e-01,-1.859087214692142442e+00,-1.634165255125824556e+00,2.183063267672396002e+00,-2.067128202570588158e+00
-3.320768864275872367e+00,-3.838757645526654105e+00,-2.474510505765830093e+00,-1.483265103264387985e+00,-2.442125964749706668e+00,-4.671388530653075577e-03,-2.170996187122666399e+00,3.281962834750327573e+00,2.237279198737637920e+00,-1.821259768337918139e+00
3.310416809899598078e+00,-4.264757032260871661e+00,2.509258486888631623e+00,-3.142283587796113054e+00,7.762598928087349748e-01,1.620529633147235415e+00,2.752636938437095004e+00,5.881437279419028386e-01,-1.876330925570321106e+00,1.025255614302277019e-01
-3.952337975099058376e-01,4.827015012675921035e+00,-2.384294349783204314e+00,-3.282737501774835920e+00,-2.759367672459147158e+00,1.896918667856925644e+00,-1.315906651544983097e+00,-1.803346163891534237e+00,2.317403004160780711e+00,1.538966140243326119e+00
-6.446614204335121556e-01,-7.480951295079885099e-01,-2.413202653168289746e+00,7.989463018413411888e-01,-2.704538593498569288e+00,7.556295366735970020e-01,-1.586342876726066331e+00,1.866612934539962687e+00,1.513853306053251080e+00,-1.189643853581508592e+00
1.166225548911679510e+00,-6.423184294184875576e+00,2.606147388572518375e-01,2.485676145623232358e-01,7.672935606200048664e-01,3.835345662565963210e-01,1.883426328313631881e+00,1.979232384592459759e+00,-1.704721970857241198e+00,-1.638413636481903080e+00
-1.783663010372342539e+00,6.206269811179219165e-01,-2.452758113319165822e+00,1.090224876546865396e+00,-3.717163414633415375e+00,1.374609785711161436e+00,-1.939056907072379543e+00,2.657907376208342498e+00,1.878823319824515892e+00,-5.554281503293724276e-01
-6.870736156503909342e-03,6.852843224059030902e+00,-2.340962827144657421e+00,2.053721178080336607e+00,-1.783440856964483956e+00,1.694253095073086079e+00,-8.937122261417795865e-01,-2.322902487091055956e+00,1.012913878605398388e+00,5.834389362920218147e-01
2.453524152212390952e+00,-8.151822312382519087e+00,2.654931752301750159e+00,-4.094108297700627119e-02,5.326797050943002709e+00,-2.866390652612922807e+00,4.491659705628837429e+00,1.772255889263191442e+00,-2.071109647777334306e+00,-2.318936060797072152e+00
2.549621861834238778e+00,-3.466201336291124591e+00,1.774246985356564998e+00,-1.591220595454402087e+00,3.457191591909294814e+00,-6.847435550229006296e-01,2.334170609722412415e+00,-3.405334298694190132e+00,-1.728316698078947056e+00,-2.025912621837180794e+00
3.305517673097113196e+00,-4.426457272079112215e+00,2.530485936536372105e+00,4.550038257575912404e-01,4.322334572418338183e-01,1.348876002899986659e+00,2.292984694232077292e+00,1.413456443517471683e+00,-1.784542186693179655e+00,-7.108614241581669990e-01
2.180022211476834393e+00,-3.637117046687582400e-01,3.934454265921094596e+00,2.276965383260559861e+00,5.882967064529016632e+00,-2.903519140431348955e+00,2.541238166587450831e+00,-2.570046159642988659e+00,-1.698353798771083500e+00,-2.322648160467078338e+00
1.063815968176769822e+00,-4.841589775540445117e+00,2.730285044075495549e+00,-1.121334130180853705e+00,2.076491015827660824e+00,-3.375766285972332525e-01,2.791069208701151716e+00,-3.664108891830752945e-01,-1.877603611183004340e+00,-1.939911362358846647e+00
-1.367878480396188756e+00,4.727967848948276597e+00,-2.450495384449654868e+00,9.075903715822741802e-01,-2.000042930034928723e+00,-6.186617838489727461e-02,-1.873793202093712251e+00,-2.443433606611438158e+00,1.631829789936899200e+00,-1.838454937600003891e+00
-2.646123583715001004e+00,-4.311821975231427295e+00,-2.469156295840844617e+00,-3.383806182241702487e+00,1.104719493636837191e+00,-2.697781536146121706e+00,-2.108904416529578274e+00,1.272139970946938980e+00,3.153602827105086881e+00,-2.307196790845798429e+00
-6.358375018198332285e-01,4.522748350666740969e-01,-2.396178645255732320e+00,2.159966821664927039e+00,2.296390534460148736e+00,-3.257237935265719475e+00,-1.430263271959199667e+00,1.153973493261944760e+00,3.044102032049723405e+00,-2.343970353557585540e+00
2.815643278759638157e+00,-5.854270597388888220e+00,2.770268320889903713e+00,-1.222876680310569064e+00,4.650085384050012927e+00,-1.739364984413164894e+00,3.866365769292674059e+00,-1.389751861383103915e-02,-1.995880989362965874e+00,-2.205264818604227628e+00
1.343355570800827792e+00,-2.594862400747236286e+00,1.891865126653190732e+00,6.136552045036447467e-01,5.927274502598309791e-01,2.281903360135655312e-01,2.923905161257431384e+00,-2.950823919894893788e+00,-1.827850465365198351e+00,-1.709905054471283714e+00
-2.094079783700945718e+00,3.933715691213065302e+00,-2.460114793799505151e+00,2.547567270302724118e+00,2.459348641416004566e-01,-2.449386219471477499e+00,-2.020211848712486713e+00,-3.249937504699446311e+00,2.379091924476653741e+00,-2.266941955295336708e+00
1.796252619375960258e+00,-6.965575335523343625e+00,2.448459822789608165e+00,-2.714953181148000105e+00,3.863571708899534940e+00,-8.326473319167915221e-01,2.652067418931626008e+00,4.170573334816491951e-01,-1.808897422656031040e+00,-2.046488021276791969e+00
1.381446049578967106e+00,1.700385022662264101e+00,1.179590934091559129e+00,2.745703706653969789e+00,6.442092256742711243e+00,-3.288896061584125619e+00,2.054775365413423760e+00,-1.963573055630603914e+00,-1.739971244744195067e+00,-2.347593117908110649e+00
1.029944930539119063e+00,3.576368967260130205e+00,-8.818644892481781739e-01,-3.471144788628240718e+00,-5.980160931168032601e-01,2.564112959712419482e+00,1.486790508977729131e+00,-1.915714521393494518e+00,-1.456738075436834201e+00,3.004630634591949789e+00
6.593769926626373845e-01,-2.232835886403341519e+00,1.131675576085874324e+00,3.810754069736490557e-01,2.791889738388255271e+00,-8.941617708848088597e-01,1.890819604114864383e+00,-3.172621105694497068e+00,-1.621077541041790138e+00,-2.097147711492510336e+00
-2.159693644980987592e+00,4.863449155466270213e+00,-2.464313818504090481e+00,3.199544239272583468e+00,-2.669214107069393549e+00,3.821254483240501543e-01,-2.036675257788797655e+00,-2.680844009729731692e+00,1.597403841222732046e+00,-1.514564123281114227e+00
5.513303024026177113e-01,-3.821382586271390380e+00,-1.699597630851948482e+00,-5.302231079205319553e-01,2.036626847423435471e+00,-1.434438340168262549e-01,9.413173575048063846e-01,2.032890165022029905e+00,-1.374921774872383429e+00,-1.905061774594673185e+00
-1.933158324868049727e+00,4.749484485122827948e+00,-2.460393255041818605e+00,-2.453121719318149374e+00,-4.026604778182230504e+00,2.788425643974930423e+00,-1.991193874465431835e+00,-9.059860006062079307e-01,2.642345598495036807e+00,1.777801251108992897e+00
4.735103800570152899e-01,-5.251345615341889150e-01,-1.674135443107134913e+00,-2.033072731366204700e+00,2.727462216979428700e+00,-1.280061978511116472e+00,7.999370816793380801e-01,-2.829158586644116458e+00,-1.203340833003305299e+00,-2.098369544550224397e+00
1.319709155608077111e+00,-5.864811324772519541e+00,-4.934406187645786201e-01,-2.481911067429580342e+00,1.021326053823658375e+00,8.434184813055187746e-01,1.687927214593605507e+00,1.976843521936784143e+00,-1.636513703435638956e+00,-1.129240953635634925e+00
2.681745986135613435e+00,-2.812731703669014927e+00,1.935767424992729913e+00,1.127118475120787444e-01,6.728646651659049294e-01,7.763303285495961603e-01,2.462631658539775170e+00,-8.969985168175584889e-01,-1.798071778355332384e+00,-1.349369186961328237e+00
6.888860729567181096e-02,-4.875718573846856252e+00,-2.270355239279041371e+00,-2.541870971856614148e+00,2.662403445683273695e+00,-2.547013707506842195e+00,-7.187011205637166000e-01,2.900775895247227787e+00,8.990196857628545146e-01,-2.297027804344000224e+00
7.275153826294165071e-01,-8.088293481191614731e+00,-5.867836564019590639e-01,-2.134290997690075464e+00,4.893180189749778641e+00,-3.081817094951726510e+00,1.504256810637890851e+00,2.583476622302757875e+00,-1.561452616017811934e+00,-2.330928647559937339e+00
-1.681030357056921609e+00,-1.782921752876579946e+00,-2.449956177848460204e+00,-2.955173071733042001e+00,-3.529626695600162734e+00,1.299793582938632674e+00,-1.931349730846346535e+00,1.510311121633760578e+00,1.528390642461169291e+00,-6.946698910771315072e-01
-4.297833408917193232e-01,8.683666272685331977e-01,-2.399510849119562916e+00,-1.525325738184590829e+00,-2.923237081740583054e+00,3.017010684913354446e+00,-1.401814986182954970e+00,6.318295977701895438e-01,2.397477935458822706e+00,3.224295418721113027e+00
1.525307640658465580e+00,-4.072660356743888599e+00,3.218258331446517850e+00,6.246692036167758033e-01,6.202084744087925650e+00,-3.124194867242818141e+00,2.518725263232485023e+00,-6.913680458374713567e-01,-1.838746180256694451e+00,-2.331959005779988825e+00
3.418688020896230029e-01,-3.288469592374505979e+00,-2.077858841796693223e+00,1.024696263601932777e+00,4.403427456202167356e+00,-3.281162027442434237e+00,1.457810570018099883e-01,2.492934302867151786e+00,-5.882721631120536587e-01,-2.347157568193741994e+00
-3.414427367981266670e+00,-7.156705355383552458e-01,-2.475145318412564244e+00,-3.835794920619801651e-01,1.195872982665300732e+00,-1.797237741837433678e+00,-2.180060070139148820e+00,2.415397722619516685e-02,1.650884149265121614e+00,-2.208130082974470998e+00
1.270236246812149083e+00,-2.838781354179099381e+00,1.868717740298935226e+00,1.329718183725701941e+00,3.729373938338747418e+00,-8.493084469884810694e-01,2.587489865429944302e+00,-6.066327424289821302e-01,-1.810005122957549339e+00,-2.016814816323944104e+00
-3.463676158221936419e+00,1.231870148069909021e+00,-2.475497291789749088e+00,-1.485138474937559572e+00,-4.184604741406492856e+00,1.849023965194048102e+00,-2.184882141569908232e+00,2.749737600103125068e+00,1.646745921521569622e+00,1.058992421652637628e+00
-1.388331566347400514e+00,5.570773988864592852e+00,-2.446723400689397643e+00,-2.484665258921171738e+00,-3.834676570873214008e+00,2.859503947714421734e+00,-1.892576249796064536e+00,-2.748132252996419389e+00,1.563052179309237344e+00,1.838146786859732540e+00
6.983283390741696905e-01,-1.147121709354270713e-02,2.011152997813126841e+00,2.566199672255469189e+00,3.500363455914572430e+00,-1.546060918433907361e+00,2.256544390359430441e+00,-6.094419822086289962e-01,-1.752411904601422821e+00,-2.181519625102817717e+00
-2.641974770415878027e-02,9.545713456950476683e+00,-2.318924763509194520e+00,3.360596294156488639e+00,-1.863266449974959382e+00,2.701592519173105167e+00,-9.305112672133887264e-01,-1.561145507039400249e+00,1.312714554258845201e+00,2.283397349481870009e+00
-2.843146920037151304e+00,-1.141582117784748274e+00,-2.470798647863834852e+00,-3.108569607931118028e+00,-3.976856651503405171e+00,1.401756811543756420e+00,-2.122692793740322603e+00,2.303040762098230942e+00,1.597821969965716349e+00,-4.215203992364153773e-01
2.601240118744199137e+00,-7.875261661001411451e-01,1.947589723359265168e+00,-2.720912982026497229e+00,1.011460940525568120e-01,2.556649071558710240e+00,2.463727589652084049e+00,-2.068849943593331631e-02,-1.813236456170138400e+00,1.978479240449290799e+00
-3.065042635638997037e+00,-1.595771869249463348e+00,-2.472142941571832786e+00,-3.404774743396821179e-01,-3.779091153411939796e-02,-2.019207340243046822e+00,-2.143391086732735040e+00,1.135066324694200546e-02,1.647633947426449197e+00,-2.230920434289202170e+00
3.887745013788190818e-03,-3.345331244845687335e-01,-2.289437637739467402e+00,-7.428809529864630612e-01,-1.930375597334653692e+00,2.245693424293375706e+00,-7.177436712207241332e-01,2.531834608629073280e+00,6.435558255744407985e-01,2.029586847327117471e+00
-3.551086119697952626e-01,-8.130103443097695948e-01,-2.389280435869523433e+00,-3.338778552822221801e+00,-2.718265600095964185e+00,3.360655448526512323e+00,-1.312244445125893888e+00,3.202469952237332329e+00,1.708035057226239051e+00,2.868222741863166281e+00
3.320687595378521095e+00,4.382361140870545402e-01,1.732132687911428048e+00,2.490923415955916376e+00,7.024298230770041229e+00,-1.096105577685372090e+00,2.723402839519340812e+00,-1.512804949406554300e+00,-1.816469952217883765e+00,-2.133960231867965796e+00
5.061418972026716645e-01,-2.052115138509908565e+00,-1.138941500889950831e+00,-2.921607100196510487e+00,3.682788663281194808e+00,-3.406724516317713114e+00,1.372791241047505384e+00,-1.642409200596246288e+00,-1.532929876841485850e+00,-2.354436875192841505e+00
3.234834237811493374e+00,-3.483092007290511383e-02,1.543931977973241665e+00,3.105699099298451671e+00,5.587418812784208377e+00,-1.983456535553734801e+00,2.139315349562891821e+00,-3.342350893458392314e-01,-1.682553349098837359e+00,-2.247648945432820344e+00
-3.282507079462974708e+00,9.635565506086258836e+00,-2.474172467447431245e+00,2.346450311383251552e+00,-3.925937160625684541e+00,1.060432727841064349e+00,-2.169251882244429552e+00,-2.512657721893209573e+00,2.371054024199770183e+00,-1.126507717538168363e+00
-7.893266691401237267e-01,2.759486632144689811e+00,-2.420561880701150415e+00,7.434192219841566640e-01,-2.798278317851556007e+00,8.932868644280302917e-01,-1.555835892173010437e+00,-3.089394352055712556e+00,1.567544145973241321e+00,-1.360836879164090130e+00
-2.519135739700785859e+00,1.064063192911387468e+01,-2.466783797758031582e+00,2.915812702547007973e+00,-1.789138737458823014e+00,-1.583707943565104692e-01,-2.085487681233262336e+00,-3.429476309937956380e+00,2.916952114657042294e+00,-1.855757862470825525e+00
-1.821133374730108612e+00,-6.754582189969029482e-01,-2.456412603761063629e+00,-8.733155464496276110e-01,-4.051657906836160450e+00,2.587291778972083733e+00,-1.967781035991186700e+00,2.280986877599426421e+00,1.668584947840374699e+00,2.906669067465065481e+00
-2.180193761862138757e+00,1.246616327695977633e+00,-2.456555932997508407e+00,-1.368589662995496337e+00,-4.141699035890184177e+00,3.014052586454743832e+00,-1.994928427506287516e+00,1.369578504615218684e+00,2.423444983942382169e+00,2.080063875879376134e+00
-1.076713375126992389e+00,-2.738075440403087146e+00,-2.431623683637904598e+00,-3.142399831539917088e-01,8.222764366200949748e-01,-2.802387470564792427e+00,-1.748736042188971496e+00,1.041549829544354822e-01,1.898034918964262241e+00,-2.316778718626609557e+00
1.370358133086545749e+00,-6.394920526508077185e-02,1.293581514255352394e+00,2.674870738032351980e+00,4.597647508065372257e+00,-6.890930554847298772e-01,2.175985072381966479e+00,-3.470501699775117466e+00,-1.739237102390478462e+00,-1.979980499308706898e+00
3.287784154900190714e-01,1.726559376631691123e+00,-2.087447013861480904e+00,-1.066626555061009896e-01,1.886027151593668627e+00,-5.574492726828577105e-01,1.637444971357829571e-01,-2.876115482511559129e+00,-7.674053836292499264e-01,-2.028140792816412574e+00
-6.523697623945570179e-01,4.211367530897680567e+00,-2.410909494259959374e+00,-3.384975555172745398e+00,-3.362148348887163074e+00,2.698593367708370216e+00,-1.513370034835682665e+00,-1.034664022215233015e+00,1.259546685440810831e+00,2.120630757367272690e+00
-1.999341810913934037e+00,-3.089908194375417860e+00,-2.457131793153220833e+00,-2.478685276711654950e+00,1.350731820574201603e+00,-8.398451060538834057e-01,-2.005044026573997495e+00,5.106087874153217854e-01,1.574096113231245431e+00,-2.084604517368756404e+00
-2.688169974409396090e+00,1.563671234910790631e-01,-2.469660770405258443e+00,-2.986944287916654339e+00,-4.126953068294601401e+00,2.179097947237517374e+00,-2.111441527148760766e+00,1.749320629804687499e+00,2.445922613999774509e+00,1.591729834421625966e+00
-3.305397233553247105e+00,1.298490830069298996e+00,-2.474540488833211871e+00,3.181437515120036252e+00,-3.069517915409556874e+00,3.166604158496024723e-01,-2.171490213686116277e+00,1.313418056977956105e+00,1.900812167590129720e+00,-1.582696616145728763e+00
1.856112100269961651e+00,-3.057906282191343639e+00,1.556501464182971084e+00,8.397539617598601680e-01,8.936156650320368211e-01,1.862962756481983284e+00,2.230358433807499541e+00,3.093926403528410418e+00,-1.722234455447815282e+00,1.919175607013224205e+00
1.866745726217701851e+00,-4.090768766300719506e+00,2.046312658976445320e+00,-1.221324549111119318e+00,5.098053811052244200e+00,-2.351961991500685301e+00,2.644870882717250016e+00,-2.735900292946668699e+00,-1.848609320559100544e+00,-2.265253765217412507e+00
1.387858647218961572e+00,-4.232323973514464654e+00,2.179612017346986619e+00,-1.127376335129720797e+00,1.347735920088136030e+00,2.062160227856351113e-01,2.476609187088726127e+00,-1.512613532872619793e-01,-1.832403749648345626e+00,-1.759211210617284804e+00
1.903061986937036210e+00,-4.730895115240041804e+00,2.059969254637219027e+00,1.732663773978549315e+00,6.360229134219867575e+00,-2.513852892291998042e+00,2.213609165347001806e+00,1.693994348564397789e+00,-1.712449636058132274e+00,-2.273311726099787045e+00
-2.197682613636672500e+00,-4.745151300150231566e-01,-2.464158549140431198e+00,-5.799305471500586506e-01,5.029565666151585290e-01,-1.723693515555235756e+00,-2.042541143877556031e+00,-3.054572648793345113e+00,1.657594168009883795e+00,-2.201339775955792000e+00
5.048593994417149844e-01,3.686081291100920421e+00,4.037037583673467878e-01,3.084508158182529769e+00,-4.172014913948488557e-01,1.036842492376396585e+00,1.773099983942782565e+00,-6.072640551492956007e-01,-1.601209475218334122e+00,-1.121638367381440737e+00
3.195976035069856280e+00,-3.647368210842887315e+00,2.253715716364552257e+00,3.315493538547086949e+00,6.119247003222366033e+00,-1.539554304739410018e+00,2.413793942867800801e+00,3.143639751072525357e+00,-1.792914449768746143e+00,-2.190381710841216023e+00
5.486884519946810812e-01,-2.183562476957300102e+00,-1.386845734675691055e+00,2.723069493757150461e+00,2.922012972662452857e+00,-7.082230402405116365e-01,1.124498343272617440e+00,1.110760965292677760e+00,-1.298617216620129966e+00,-2.061460972145900072e+00
5.196323563800913092e-01,3.000296826049484444e+00,-1.786200633750392841e+00,-2.603470868385221682e+00,-1.986946722452196390e-01,3.240983298219865638e+00,7.896303384684821847e-01,1.510646322581926881e+00,-1.218174712853271391e+00,3.736016924731369926e+00
3.075610534116755446e+00,-3.647498985108385217e+00,1.898928670660114726e+00,3.095253698216466454e+00,2.963910032090620206e+00,-2.892014801513203004e-01,2.492459006063584948e+00,1.972847874348671482e+00,-1.808301602758362714e+00,-1.935802636413426647e+00
3.133966342216075063e+00,2.159946465099136681e+00,1.942439352014316611e+00,1.794497783580188077e+00,1.666535871866238416e+00,3.894205414281248778e-02,2.192735302153427046e+00,-1.158817369078899873e+00,-1.699587389920765856e+00,-1.828720836013298046e+00
2.396328534345373740e+00,-6.765508493968208192e+00,2.073277791783659119e+00,-2.436338494754203055e+00,1.834161527552833348e+00,5.637943553642834615e-01,2.432558058625946096e+00,1.892973240367056498e+00,-1.804716781120563995e+00,-1.607924405866612227e+00
-1.153996825338450716e+00,-1.558333448025652768e+00,-2.441434247267455060e+00,2.435943553505066639e-01,-2.843985357416537241e+00,4.105964276996738604e-01,-1.766169706241239368e+00,5.847953106446315275e-01,3.925820373127587359e+00,-1.549896928638852867e+00
-1.866542824794409139e+00,4.335065953321086241e+00,-2.460711092462631200e+00,-5.002246502958564989e-01,-3.815045131938343381e+00,1.542704183258809536e+00,-1.992161571348398219e+00,-2.444076852982093317e+00,1.761895407655970747e+00,-1.858251333419008722e-01
-3.451086616410758978e+00,4.018113411198681817e+00,-2.475446229267184162e+00,-3.447662956435828541e+00,-4.389307188263235737e+00,2.788898820022595260e+00,-2.183839079786351167e+00,3.480308628880441901e-01,1.719711279742834220e+00,1.940239328537706420e+00
3.327524327287070705e+00,-5.254457781360343027e+00,2.750443695467506888e+00,-3.032277547320290978e+00,8.519477668275199367e-01,1.758402382027183464e+00,2.827495600012599475e+00,3.441215071116321411e+00,-1.868871766935437995e+00,1.239546110906910581e+00
5.504620910481010654e-01,-2.970393653018501556e+00,-1.643778397642639222e+00,-2.878379262755925261e+00,-4.374846686826775466e-01,1.018565612629951822e+00,8.669424936190138764e-01,2.615507254548432137e+00,-1.368711127275425543e+00,-1.208623107553391307e+00
-3.133244762262795469e+00,6.310662219760127201e+00,-2.472987045242694748e+00,3.099796396775605700e+00,-3.291461328411179998e+00,4.549176826144627483e-01,-2.154860579210819527e+00,-3.055790810501354038e+00,1.616899188692470180e+00,-1.654297420797710583e+00
-1.853005948038433104e-01,4.077481302836746480e+00,-2.360158288643847246e+00,-5.116037613561954522e-01,-1.666605717717492219e+00,1.295766423537476619e+00,-1.179771287705268623e+00,-2.130871898411153431e+00,1.248740155853952150e+00,-7.968682446720111168e-01
7.175672079268213821e-01,-1.677717054984139589e+00,-1.132172691907384898e+00,-2.451343185693533044e-02,4.420411027866127718e+00,-1.264298657080600741e+00,1.382697402346643401e+00,-1.043938007950229174e+00,-1.454436917766049442e+00,-2.152132188568911086e+00
1.567715018670212679e+00,-7.686280008094050764e+00,3.121004311862634051e-01,3.797442020637684656e-01,5.129422091048182253e+00,-1.785716288634859428e+00,1.877203570182148562e+00,2.389426131195191871e+00,-1.657464328116529995e+00,-2.216742308522816174e+00
2.081092337433929629e+00,-4.776291423989969864e+00,1.711193042083754445e+00,2.106127850366217302e+00,5.948438652849257657e+00,-1.293668669235611635e+00,2.515372135699436296e+00,3.437756464130311329e+00,-1.832757371926027723e+00,-2.157601769816218873e+00
1.245873905059783127e+00,-3.573311933988001066e+00,-4.050050804074190047e-02,2.773829463619263080e+00,5.145469007120936134e+00,-3.443447841082427630e+00,1.799773869128546755e+00,1.528649010368623884e+00,-1.567746567358118792e+00,-2.356692557828127033e+00
3.267782006898682035e+00,6.381672875574302406e-01,2.493357648882163602e+00,2.077046767255525950e+00,3.055827238087969744e-01,2.007691471437301090e+00,3.103905278690069824e+00,3.455174577101254307e+00,-1.890467480296785352e+00,1.601887983511761870e+00
-1.549334314408394198e+00,5.623519095376645183e+00,-2.448482396438150133e+00,-1.806726493884637907e+00,-3.752028982815109881e+00,1.856769119140880164e+00,-1.906155659829980031e+00,-2.148024194993685576e+00,1.702126789366721127e+00,1.747807269325512447e+00
1.532311623417323077e+00,-1.828981232014048608e-01,1.170753090291996035e+00,2.385554718361272641e+00,7.738760347618873769e-01,9.553643408502932033e-01,2.048611840242181348e+00,2.285541741355983092e-01,-1.717626888566404109e+00,-1.051566709245250753e+00
-2.757021941183167790e+00,6.532288981054000132e+00,-2.466590622168317815e+00,2.814558767668746242e+00,-3.911958400720913165e+00,1.778342614156745327e+00,-2.088905724349181536e+00,-8.715570970158013075e-01,1.572458373508516472e+00,5.901505337681628438e-01
6.253421806970438368e-01,-3.888873298060254058e+00,8.988665477519087732e-01,1.796775777624176840e+00,3.371299755394045583e+00,-1.597182807914942382e+00,1.922866428844459241e+00,1.086027612077821836e+00,-1.635211565875251294e+00,-2.203798599053535590e+00
-1.360115934028206297e+00,6.023906911731233826e+00,-2.440387537504404403e+00,2.085199294748626642e+00,-3.609820143323082764e+00,1.678259666967309549e+00,-1.845525786493928067e+00,-1.617320434823125819e+00,2.101644725279651738e+00,5.101950239600439030e-01
5.054903650537481141e-01,-7.040761711977092219e+00,-1.369608253521138685e+00,-9.572065487450229782e-01,3.285330730993162529e+00,-2.105894282416768348e+00,1.232504966767752563e+00,2.907129133940882681e+00,-1.419906290127775250e+00,-2.254891416782003777e+00
3.317796976804589626e+00,-7.262782793317061447e+00,2.759792369046734972e+00,-6.713651038443018138e-01,5.234259289171056651e+00,-1.284715353564463314e+00,2.801673329868812790e+00,1.266131369806821283e+00,-1.882251771340712976e+00,-2.160595566076316310e+00
-1.815052339325041508e+00,1.961280387266473690e+00,-2.454603802279971436e+00,1.902292454487670703e-01,-2.090673461410750722e+00,-4.204427263981713736e-02,-1.965150938722679097e+00,-2.337918912233613700e+00,2.340408299615615917e+00,-1.787107776776142076e+00
1.684359586154406507e+00,-3.100149643391183929e+00,1.002331246915594498e+00,-1.598430507038817616e+00,5.424495378592908423e-02,3.367846829378777329e+00,2.141028594214517966e+00,2.511900976962473386e+00,-1.740419470735395269e+00,2.924964477644099503e+00
2.339160059083287280e+00,1.532249867861615211e+00,2.082537904706644571e+00,1.451539616948819500e+00,2.032101596078222272e+00,6.599168504501093935e-01,3.042619091047122026e+00,-2.080323111905536759e+00,-1.912761533804813174e+00,-1.208429936782045466e+00
-1.851434891611258404e+00,-3.159550889835653464e+00,-2.454414393279426676e+00,-1.397086387765253512e+00,-2.984724403071581822e+00,4.631020446877700536e-01,-1.953196891384520795e+00,3.062984571552698654e+00,1.640608282858628808e+00,-1.616520805162493746e+00
9.726825556615388280e-01,-1.455701909940591454e+00,1.674833630340937685e+00,3.197166352465913519e+00,4.269895758257315599e+00,-3.099602938170280542e+00,2.414079230149718036e+00,-1.411212347513157717e-01,-1.789571805721045239e+00,-2.335511275203045578e+00
-2.513726455748158450e+00,3.646349034314422699e+00,-2.464607917485790445e+00,-1.423664066636338266e+00,-4.247392578942215557e+00,2.937305756295497616e+00,-2.081255725227339592e+00,-1.708479147252963681e+00,1.951839700547312262e+00,3.320636192666555075e+00
-2.284622598037136409e+00,3.265005409648864543e+00,-2.459761887524790414e+00,2.345950673422337651e+00,2.676890707722061058e-01,-1.460281791028015252e+00,-2.028072367226024131e+00,-3.017825879194121708e+00,2.222630535513940853e+00,-2.169795151720027793e+00
7.522378322092970748e-02,2.356005758372984982e+00,-2.160243346665419839e+00,2.597191299764538108e+00,-7.999133135480733792e-01,3.672771248526576215e-01,-7.948209429897867828e-02,1.207133585534907461e-01,-3.361042867258681177e-01,-1.663796757773781110e+00
-1.356384221569625126e+00,3.010687161430852576e+00,-2.433449155978590017e+00,1.807212420193795133e+00,-2.437431421724082448e+00,5.889988760298958681e-02,-1.760343123333202309e+00,-1.060156590128449317e-01,2.083249479008673966e+00,-1.845511923115916497e+00
-5.768120746268228238e-01,2.145990776648693199e+00,-2.415281830172674393e+00,3.018283496161398460e+00,-1.249420053414900922e+00,-1.353901485590349729e-01,-1.542154131476270118e+00,2.359899058235784608e+00,1.407821735605980562e+00,-1.868187935903749874e+00
-2.085385352148250604e+00,-4.307084064718228467e-01,-2.461902348328032009e+00,1.959144465108178856e+00,-1.132032930338436882e-01,-5.243658134707027685e-01,-2.018678641033551546e+00,1.183531680346280091e+00,1.854780011658352823e+00,-2.007758804903698735e+00
3.204622777853591842e+00,-5.151891702255377403e+00,2.025021128037197027e+00,8.230632527982058022e-01,1.949722071757105102e+00,8.720064318845777152e-01,2.298472215662894058e+00,1.796747485827000723e+00,-1.787197284404687725e+00,-1.359918503295295400e+00
-3.497517569402875726e+00,6.231001118057109878e+00,-2.475732485949930339e+00,1.103021617178745473e-02,-4.393373779426735126e+00,2.696536688973404594e+00,-2.187446612653499045e+00,-7.943961402136343608e-01,2.446582793606188577e+00,1.870548972880671901e+00
8.777533964266863720e-01,-4.678377537096745087e-01,2.601731752133476405e+00,-6.285361578413661832e-02,3.912087310431462406e-01,7.504147881676717091e-01,2.467226832350792431e+00,-1.582168812745998743e+00,-1.791270960859715489e+00,-1.315363092703787151e+00
-2.119722709879274802e+00,2.048634814332169540e+00,-2.461412087470780996e+00,8.215732308208494317e-01,1.859216124532193648e+00,-2.066884005372211508e+00,-2.031494899483436534e+00,-2.964651783938004215e+00,2.423739546604058326e+00,-2.256747531774358162e+00
2.218232537201202170e+00,1.041475456252112464e+00,1.511159513825898415e+00,-1.755530717454950596e+00,1.648470388324470459e+00,2.073219446109008324e+00,2.523919923657321540e+00,-2.786500462734224914e+00,-1.815740644469816978e+00,1.780151715997544626e+00
-3.084780770701594843e+00,5.140109511356992122e+00,-2.471919062854530669e+00,1.568357292056054675e+00,-3.630963101164929263e+00,7.258036319672456216e-01,-2.149077202862824887e+00,-2.454041355380353728e+00,1.866402394183070301e+00,-1.497759363450208436e+00
1.903880024484049471e+00,-4.634716595926106741e+00,2.020334701137036948e+00,-3.694315693625842556e-01,4.385311743661886474e+00,-2.387938772870623616e+00,2.235034435116635798e+00,-3.710604246922994953e-01,-1.780128288059624975e+00,-2.285161882702448466e+00
1.282838923282513477e+00,-4.059077674295301641e+00,1.221930244377702479e-01,-1.828067676211589276e+00,6.083558908223706263e-01,9.062660022869346577e-01,1.707302017886565215e+00,2.462743196737151585e-01,-1.597942544886925997e+00,-1.356909939766617113e+00
5.715544442155557903e-01,-4.886110042715876567e+00,-1.495097779750503619e+00,9.331158426728283217e-01,6.480205978880215767e-01,-9.875777626771053974e-04,1.159831077811787070e+00,2.948556113687358149e+00,-1.400765567843108128e+00,-1.844964419920404275e+00
-2.262386314928973796e+00,1.172560778132110793e+00,-2.459849194691735796e+00,-2.259651420400390798e+00,4.703609393517049764e-03,-1.143739270577040390e+00,-2.025022321233245659e+00,-3.373090543363534533e+00,1.951715494888549118e+00,-2.047965411607912678e+00
-2.824936763853132859e+00,3.273057880543327691e+00,-2.470811704424398236e+00,9.957023526368535826e-02,-3.911991650957931999e+00,1.190616448447468834e+00,-2.123162918387683895e+00,-2.013984606777148301e-01,1.700076731249964057e+00,-9.583568905260321236e-01
-3.217971821570571045e-01,4.002237088887785177e+00,-2.347188392120769684e+00,2.832751523466369825e+00,-1.893221509549078974e+00,1.246265035646516139e+00,-1.158791271609961759e+00,1.314532408472878444e+00,1.936971639284891022e+00,-5.632098493260158101e-01
1.125747412611877607e+00,-1.060792659918506908e+00,2.407260559885263884e+00,1.834360838699309326e+00,5.347251719657576174e+00,-3.191726468790787585e+00,2.999957226408628941e+00,-2.769732783696730039e+00,-1.905627328982117952e+00,-2.335607429696084480e+00
-3.019035543776560360e+00,1.072166901702954478e+00,-2.472435644411288269e+00,1.859714563425371558e+00,-3.502198064886270057e+00,5.472870521153936352e-01,-2.148606701279703657e+00,1.732542125267118927e+00,1.883770204787213798e+00,-1.499724390559619147e+00
-1.547334156257720750e+00,5.393746352674428479e+00,-2.452418761664374447e+00,3.468952097232630649e+00,9.656280214561241415e-01,-1.946796560024164791e+00,-1.910002831119670619e+00,-1.520369141945136615e+00,1.798197532904103557e+00,-2.207700011338382673e+00
1.938812740881552088e+00,-4.666703353974054558e+00,2.210575326547696395e+00,-1.550781277381201306e+00,6.626386950012947974e-01,1.020703334260748107e+00,2.332727490974273898e+00,8.585730808659342017e-01,-1.776372332928728648e+00,-1.181695407265729969e+00
-3.162960265223188294e+00,-2.206301208651892054e+00,-2.473298922007760137e+00,-3.926818414265982327e-01,-3.597440420720802834e+00,8.693658218549042971e-01,-2.157548687443383795e+00,3.437676874700248852e+00,2.125605638727941837e+00,-1.148639420510577658e+00
2.829381817621573703e+00,-7.726207784804013379e+00,1.124134562523313674e+00,-3.053620019916871708e+00,2.846520796986009572e+00,5.716223711071544145e-02,2.131154492118119581e+00,3.445065635277305027e+00,-1.669105044655153192e+00,-1.835353671366849904e+00
-2.056717044181039622e+00,-3.714621293648492362e+00,-2.459034753091045022e+00,6.116218845112433300e-01,2.019375327578515344e-01,-2.037872518701405955e+00,-2.011500961092998807e+00,3.423147263276474561e+00,2.641232192334005191e+00,-2.246938656614753338e+00
-3.137820634017070898e+00,7.015712183667957902e+00,-2.472372614478745234e+00,2.131163626070382122e+00,-3.632652300458210970e+00,6.805496689727190684e-01,-2.154695298513153112e+00,8.692299943402836959e-02,1.962725447630672804e+00,-1.424484310057325898e+00
2.255032805084756120e+00,6.836611855497145562e-01,9.747250810143041067e-01,2.440734559429135864e+00,-2.448867570912854341e-01,2.255567496402719030e+00,2.110409622303745625e+00,5.966401241032492919e-01,-1.674803005066436867e+00,2.327964759148715146e+00
1.241328851446730219e+00,-6.888323324409433290e+00,1.554931224415485369e+00,-4.915002139700459516e-01,2.100460842194123989e-01,4.141793847711570109e-01,2.398597125389525964e+00,3.231258140367198273e+00,-1.768010256511318268e+00,-1.581324825926944566e+00
-4.254225127900514991e-01,-4.400390055011054180e+00,-2.406827835761046419e+00,-5.164790895968791595e-01,8.368638595829868132e-01,-8.641888591154862631e-01,-1.429428211727910458e+00,2.777344818018462114e+00,1.916262627626742709e+00,-2.011608519349731061e+00
-1.518630706372750883e+00,7.949418499807838767e-01,-2.445439592037396359e+00,-3.457747214523183565e-01,-3.881613254952019254e+00,2.440986764481618110e+00,-1.899016825576844258e+00,8.664065591351999274e-01,2.182018731360406250e+00,2.048468554140785436e+00
-2.088891088959456965e+00,3.876803025369573774e+00,-2.462299384772989708e+00,1.375437111411462077e+00,-3.088047478199807738e+00,4.482899111535356695e-01,-2.013019510562324754e+00,-1.144233620943618579e+00,1.715312740976071781e+00,-1.570256777803866965e+00
-2.258436585758393900e+00,1.514894979952200460e-01,-2.465443935382865881e+00,-2.518222568725861255e+00,-1.771500594866396439e-01,-5.388003439660411509e-01,-2.058906315578693302e+00,-3.327117035742623852e+00,3.013989300765693713e+00,-1.987362574014374328e+00
2.161335909434480840e+00,-4.114078932428137492e+00,1.876544238209103543e+00,9.326823800647572327e-01,4.484457553824491960e+00,-3.386440149352689666e+00,2.326357399836602280e+00,-4.606325607577481662e-01,-1.786573608651129241e+00,-2.352672334906329876e+00
5.532658018798608524e-01,-6.330350606554855375e+00,-1.362477765674297014e+00,-2.283948298806655064e+00,4.066268657686952004e+00,-3.233786138742676286e+00,1.216003655959648988e+00,6.799812306397976513e-01,-1.448289832485382345e+00,-2.343801529645842763e+00
1.612812440548601955e+00,-2.245123444799791201e+00,1.052966932723989668e+00,1.952708876375918834e+00,7.629251095597708865e-01,7.207569625638612365e-01,2.048637895465199588e+00,2.946308534288407444e+00,-1.611775456421851604e+00,-1.385756067411723080e+00
3.170650002381456112e+00,-4.338962316774077621e+00,2.381381382857311824e+00,3.368063394896044116e+00,6.335762871495733251e+00,-3.006907215684124335e+00,2.669249798049244227e+00,2.195669500233013771e+00,-1.845443369631744046e+00,-2.326204197941608154e+00
5.563501115889142312e-01,-5.255658127624887044e+00,-1.673192950581873450e+00,2.664215170548671630e-01,5.073598030432260764e+00,-2.243582223899679651e+00,9.413406365567491552e-01,2.184264391949876760e+00,-1.359228898992627554e+00,-2.254863398117271878e+00
5.798442220835156036e-01,-1.196397726857679977e+00,-1.487841430738178650e+00,1.188532512290940701e+00,4.956396925160702072e-01,1.690053695612681928e+00,1.121592420569920590e+00,9.273789892264758805e-01,-1.388359170218601335e+00,1.101580869956300113e+00
6.930905594435685657e-01,-2.803267071433255708e+00,-1.139129874574905887e+00,-1.225534518226738534e+00,4.893065270273952994e-01,2.227114041498964525e+00,1.303195161132050695e+00,1.515181570341645134e+00,-1.459093622632710696e+00,2.755435640564988908e+00
3.200553054942896658e+00,-8.567872077522654450e+00,3.101037154398682549e+00,-2.924394467803137054e+00,4.872536269779708107e+00,-2.143170080970403735e+00,3.478068414771195105e+00,2.010481668989559267e+00,-1.956089469602341868e+00,-2.258608003224392036e+00
2.810470720064302874e+00,-4.973998313032624630e+00,1.498368411337389627e+00,1.430752096735163903e+00,8.121803847402595977e+00,-2.537070206720402066e+00,2.267437407014552431e+00,1.368220402344895170e+00,-1.676417301166627238e+00,-2.283787361247040959e+00
-1.798581221432128174e+00,5.377558025852395396e+00,-2.448057033125042636e+00,2.399078165722229983e+00,4.126024080979374675e-01,-1.109347184368281169e+00,-1.928893110936500399e+00,-3.465604615276200562e+00,1.905908124795226977e+00,-2.121892928891427665e+00
2.403805503483425809e+00,-4.718802277689302827e+00,1.733125969101409813e+00,-3.383753429805022250e+00,7.346652938038326086e-01,1.984364080662544438e+00,2.221243804678173728e+00,1.272684897899941880e+00,-1.713328481204422493e+00,1.245546302179883602e+00
-1.689635469254016753e+00,-9.304418881717761991e-01,-2.456510088585196705e+00,-3.293496732302074737e+00,3.510809211156781240e-01,-1.350119124725077668e+00,-1.961446525084773684e+00,3.581129498060775518e-03,1.652081363201541864e+00,-2.102039928392368751e+00
-2.075069493108529617e+00,-3.508430775393873713e+00,-2.460200550207168657e+00,-2.334019267075857051e+00,8.606793090297490956e-01,-1.222075964684840699e+00,-2.004975419430398365e+00,9.029815128354590215e-01,1.857380534752703927e+00,-2.143239277313123914e+00
9.569346090829045082e-01,-6.007632893175563815e+00,1.326386323086784280e+00,-5.403938022391394647e-01,-1.655497848390080629e-01,1.045506539172806448e+00,2.052334496302766986e+00,3.449248658076196961e+00,-1.715930971054079102e+00,-1.191101267501792238e+00
3.236538352754884329e+00,4.216088576009803801e-01,1.903270598826035442e+00,2.192545527542899109e+00,4.992603905460063496e-02,3.336616978087641350e+00,2.611867393669328852e+00,4.375642222738731490e-01,-1.810445863132333910e+00,1.970727408101578204e+00
-4.195069464362268796e-01,-2.298793267612198488e+00,-2.384233601310791428e+00,-2.845881081386429035e+00,-1.900210891680978786e+00,6.195934746061739773e-01,-1.326324817761671326e+00,1.462488139188490521e+00,1.453488202998145518e+00,-1.560032884159286537e+00
-4.378862741977513906e-01,6.202775979358077230e+00,-2.382643576784969408e+00,1.696540450701502500e+00,-2.669045606468831711e+00,1.940641187454540173e+00,-1.425239617049767649e+00,-1.136012316860428584e-01,1.661249924248037191e+00,1.384802587779886185e+00
1.538608471158823932e+00,-4.731542179801106585e+00,1.294751313269851600e+00,-2.681156634867492450e+00,5.280117532437235361e+00,-3.321568486677684895e+00,2.227037223829932522e+00,-1.792610053643287849e+00,-1.766986556971277045e+00,-2.349694935188736622e+00
2.311922626952501503e+00,-4.957008253919763519e+00,2.414081686851497377e+00,2.257003170803084657e+00,4.580683943569755279e+00,-3.399074397508871304e+00,2.853662989190163035e+00,2.752866039690550437e+00,-1.846340535682788886e+00,-2.354029803531592524e+00
2.699218285716744603e+00,5.398357624353944395e+00,1.161399882896030578e+00,1.738738091536875530e+00,-1.968567785243807156e-01,2.880894508141587984e+00,2.080622913684391673e+00,-1.439646628826835695e+00,-1.685894667088658760e+00,2.022534070320830324e+00
-1.480230187604646641e+00,3.534195910136276320e-01,-2.445641282293563368e+00,1.684468456471309494e+00,1.110948530518128141e+00,-2.845000719546616264e+00,-1.844158902916434473e+00,2.086189764130170765e-01,1.758074434733729818e+00,-2.309081716662082950e+00
-9.601896274693455524e-01,4.387803723676744205e-01,-2.422795527936243865e+00,-1.762097723751785194e+00,1.133851267787442607e+00,-2.760239431649489816e+00,-1.652145558097551703e+00,-2.670773825807768453e+00,1.595793815273814253e+00,-2.311137929051310103e+00
-6.095719883047054921e-01,1.724016225505686783e+00,-2.417194339141298887e+00,-1.098783564670129387e+00,1.700534949549314279e+00,-2.548314747440930006e+00,-1.542396640085096582e+00,-3.351174935851292780e+00,1.933024650135775957e+00,-2.291737020486267262e+00
-1.164172545383070467e+00,4.802659165778766059e+00,-2.435703199195250246e+00,2.040307063382515551e+00,9.891243370405500279e-01,-2.324819766039617708e+00,-1.779773014207743920e+00,-1.630325373242397458e+00,1.684069090518653500e+00,-2.263780653188061542e+00
2.985324398519311195e+00,1.828891466697472268e+00,1.718969963569971116e+00,3.275583383397608905e+00,6.159312443500337686e+00,-4.967703031699466365e-01,2.556489507814144524e+00,-2.966864576989812097e+00,-1.840371229093958449e+00,-2.019027068332214014e+00
-9.847417123882200585e-01,3.716533043978738515e+00,-2.426610178168759901e+00,3.823712509404733062e-01,-2.749345928156834429e+00,7.082287575949379743e-01,-1.681297313009384453e+00,-2.566091674302556136e+00,1.674712611648577765e+00,-1.266393146467700959e+00
1.522891936349536124e+00,-7.806979810944536524e+00,-2.036106376149718900e-01,1.305871381707954804e-01,3.920408587771058162e+00,-2.634015931675927291e+00,1.793507007392369346e+00,3.218358927591662422e+00,-1.583857019539432143e+00,-2.297835895509922732e+00
-4.149912633256023220e-01,-4.502916715092664113e+00,-2.375308787295220103e+00,-1.364701880048369897e+00,1.087769497763225068e+00,-1.769220672443536202e+00,-1.180521435084170179e+00,2.014163834809509446e+00,1.307969674454590780e+00,-2.149673648945460869e+00
-1.956835795248471621e+00,-8.952347848879780301e-01,-2.459652600217460794e+00,-9.254296487088686796e-01,-3.557094556607187208e+00,8.432926842442798332e-01,-2.001922272711627038e+00,2.453055705145174237e+00,1.512162608464336255e+00,-1.144370088705216393e+00
-1.720849344543592174e+00,8.534757162064142477e+00,-2.452962685391404385e+00,2.880864578359457084e+00,-3.945821408111943818e+00,2.608567820485657052e+00,-1.964480834840764745e+00,-1.403426384162359319e+00,2.395784352832797559e+00,2.119725483599933291e+00
7.465271688936923056e-01,2.165223619614019324e+00,-1.447395659945409196e+00,-1.774025845302957149e+00,-9.486961642083162616e-01,2.429718905572881837e+00,1.119050624568237673e+00,-2.555398755349695961e+00,-1.401561388525234708e+00,1.583258677557104699e+00
-2.000854445709370655e+00,-3.447916242085925731e+00,-2.459250305316522223e+00,-3.496024709035999045e+00,-2.454218574394889441e+00,8.263893297014668349e-02,-1.984571494448415852e+00,1.997650127948507048e+00,1.685926086204287744e+00,-1.725945153363749984e+00
-2.926083275336213596e+00,3.253446156573665871e+00,-2.470755219641447731e+00,2.892634580964159596e+00,6.233247971913157270e-01,-1.722157305925078319e+00,-2.133026722139185871e+00,-7.249902193705475284e-01,2.832085632149680343e+00,-2.193388482791561067e+00
1.145894748646081318e+00,-4.211000652784390397e+00,7.153465400111685968e-02,-1.515902587272939028e+00,1.274457129481425977e+00,-3.289328051998641200e-02,1.827587720240493985e+00,-5.478402177920158600e-01,-1.613912867730082912e+00,-1.868939325495188264e+00
2.584542340565180396e+00,2.018765122290564484e+00,2.470807169912518919e+00,3.329519277700639712e+00,6.358241906246421271e-01,8.817345696741192285e-01,3.054197494346592379e+00,-1.087462431025119969e+00,-1.880169096298653919e+00,-1.355218383044169750e+00
-8.608231843665268279e-01,-3.205089035445770840e+00,-2.423073160690876637e+00,1.175463920064079737e+00,1.738630042538306331e+00,-1.641048342174547425e+00,-1.673755643941414961e+00,3.198921097364345378e+00,2.707998259110107497e+00,-2.204477320662040718e+00
1.351199801893440799e+00,-3.820166435126177262e+00,1.583647947988157334e+00,-2.988519987755173801e-01,1.070894233190477607e+00,2.784149150835134812e+00,2.165096284649822955e+00,3.165177858836158542e+00,-1.742806979011909840e+00,2.762647653643093726e+00
-2.604216262022976736e+00,-3.616362514862739630e+00,-2.469097658707872345e+00,-3.000798365731642825e+00,-3.260937994453210642e+00,3.783433334879218179e-01,-2.101287863551811963e+00,3.151839319944787832e+00,2.381464149956122434e+00,-1.686605451928105515e+00
3.305704108236023231e+00,2.000741543050919891e+00,2.454680497504689640e+00,1.805604481739660372e+00,1.145547972925632152e+00,5.533739343367818364e-01,2.402060093372812233e+00,-2.035764097052869648e+00,-1.729153025431290791e+00,-1.449692232277732584e+00
2.576327479352165106e+00,1.325323608265046360e+00,2.644945295440441768e+00,1.857852341415975772e+00,6.141097133228385907e-01,7.435423667497751410e-01,2.758048689710883128e+00,-5.474307708712511378e-01,-1.875295326083208147e+00,-1.376284453037631250e+00
1.629901697808455729e-01,-4.897669905141882829e+00,-2.283252246727540236e+00,-2.829695275739298133e+00,2.632123169430797827e+00,-3.319459360697124772e+00,-5.250013446893601055e-01,3.043155983413478261e+00,2.807346171371852828e-01,-2.347175009036560400e+00
1.287165547561107459e+00,3.985821895967776030e+00,-2.175174736935630571e-01,2.021831102386960843e+00,2.611648482609129074e-01,2.871264689154960692e+00,1.768084478483535005e+00,-3.136500199561236712e+00,-1.660755104122363379e+00,1.891278674446765784e+00
-1.783839961912234262e+00,4.792801745724547757e+00,-2.458906892612151562e+00,2.759945163680946223e+00,-3.994474171754087255e+00,2.602377098015464796e+00,-1.980541269748388844e+00,6.984759274944503105e-01,1.572432619836401146e+00,2.056879799923832852e+00
-2.294249133311861755e+00,3.970925278957172511e-01,-2.463647801994028885e+00,-9.165795265338458897e-01,-3.235988156265859228e+00,6.693047454700957744e-01,-2.058391855776620538e+00,-1.208092025664096347e+00,2.033712632579701918e+00,-1.398870429484150080e+00
3.148566793670370956e-01,4.939378622627495830e+00,-1.851733838968577794e+00,-2.302077456394177712e+00,-1.061588389556740841e+00,2.340512449115617954e+00,6.701407101664128563e-01,-3.325603567208603284e+00,-1.078926856498215292e+00,1.807473414092028108e+00
-7.942083556857726379e-01,1.316462846213515059e+00,-2.414514996811001790e+00,-1.819232997352258963e+00,1.435874319554781287e-01,-9.832193023664688170e-01,-1.605647334534696435e+00,-2.874341741321186916e+00,1.778372783779222477e+00,-2.113452719644368649e+00
1.474091299926623577e+00,-2.328902664250009025e+00,1.547686582950886791e+00,2.042710681860091526e+00,2.589792698607945587e-01,6.630761200580019832e-01,2.599628289645308232e+00,1.063822007253811819e+00,-1.815313539556171918e+00,-1.535805144162114333e+00
6.236794384780948164e-01,-4.316291869783500657e-01,-1.673990868181796543e+00,4.017977402697714417e-01,4.529467502303300641e+00,-1.129149369013526361e+00,9.475614311320081917e-01,-2.844734542753030837e+00,-1.130266037751775920e+00,-2.059283067510818910e+00
-2.383679475876363529e+00,2.462894218823884707e+00,-2.462855280229498955e+00,-8.512822698861297610e-01,-3.517309511493085683e+00,6.516162071222559860e-01,-2.049112696017680868e+00,-3.188153398940951178e+00,1.713931192172082119e+00,-1.402449239739548492e+00
1.672356075672930764e+00,-6.802366117893505759e+00,2.580227932733288654e+00,9.446965698562692637e-01,9.318041990402667896e-01,1.186006926760478919e-01,2.807424120949053581e+00,3.460638453798451586e+00,-1.849317919699346113e+00,-1.677398086033970337e+00
-4.561133154046048688e-01,-1.236795912101018580e-02,-2.359475358258801503e+00,-4.740448174307738682e-01,1.444643249910791960e+00,-3.447159087850960368e+00,-1.193364341341676571e+00,-3.102199810432845872e+00,1.377255848686701700e+00,-2.356841103774813817e+00
-1.237222724966157372e+00,-1.885619479176614766e+00,-2.441364222583217281e+00,-5.233392890382870810e-01,6.387297805395508732e-01,-1.844651206183357317e+00,-1.842150523509074489e+00,-7.112497267141781876e-02,2.139427110976406254e+00,-2.186275649687737133e+00
-3.073959066510733251e+00,1.171590264635640644e+00,-2.472835678299311724e+00,-4.434170319783792280e-02,-1.377558106210685862e+00,-4.115328217618641204e-01,-2.153443225425277330e+00,-1.313663142176596743e+00,3.066972456088826959e+00,-1.911899351262901892e+00
2.756337504323407295e+00,-3.785719000829049108e+00,1.950063395614180406e+00,-9.878669533225075128e-01,2.626516960767716902e-01,2.277291827791499301e+00,2.762108067899167185e+00,7.343377934669295115e-01,-1.877407215871859103e+00,2.256390876239560583e+00
4.153368028585773253e-01,3.014410670618742571e+00,-1.864033412656869171e+00,1.097705859543224527e+00,-1.206226769745182725e+00,1.845855904742021103e+00,6.430642602709117917e-01,-6.203658445960265055e-01,-1.004982772438837824e+00,1.915654596584316138e+00
7.178032418023470029e-01,-4.000871027384754974e+00,-4.785142403052594640e-01,-8.908507860556893476e-01,5.137713405157139590e+00,-1.960295259964031089e+00,1.643458787277916056e+00,-6.576718435712840538e-01,-1.475430703956542411e+00,-2.239441508860737784e+00
-1.795224172959913211e+00,-6.050349139363109252e-01,-2.457806475786278089e+00,-2.168210272569632835e+00,-2.958989012134737973e+00,3.499500388488772096e-01,-1.981568435025898856e+00,2.246173393553076991e-01,2.555704780863679026e+00,-1.560456201470771020e+00
-6.916994645558856014e-01,4.306102616081417089e+00,-2.408617623111801276e+00,-9.936015304741054877e-01,-3.199738000599877452e+00,2.102527168999964502e+00,-1.508646780901376161e+00,3.645014970092863571e-01,2.289787983177515862e+00,1.731894483676142737e+00
-1.367564222046007139e-01,2.617497696705028076e+00,-2.352375294517335291e+00,-4.957507097768383275e-01,-2.331317775963383632e+00,2.028416634262379503e+00,-1.137661459767532079e+00,-1.439328923840912822e+00,1.692978611137835321e+00,1.852459891879331799e+00
-2.208926007362873811e+00,-3.711881626722068339e-01,-2.464792520094233552e+00,-7.738902868511479127e-01,1.075364571010172909e+00,-2.049352429488574323e+00,-2.043627873201636636e+00,-1.985138780073659737e+00,1.518604459225153080e+00,-2.248109874918017503e+00
3.129474063459047883e+00,-2.863481780213716910e+00,2.442322822843080221e+00,-1.077874534069101387e+00,4.565719644438820168e+00,-2.827348825960971368e-01,4.111885100538721360e+00,-1.605841076274447721e+00,-2.035427613741288777e+00,-1.919218068001852684e+00
-1.559553830654202056e+00,1.231394915649109301e+00,-2.452976814759577628e+00,4.787787052672420884e-01,-8.990767426894833436e-01,-4.132304343817274628e-01,-1.895058801030563123e+00,-1.826116382358146994e+00,2.197404380219712294e+00,-1.870314678768100425e+00
2.405350416683683434e+00,-4.412648907340659399e+00,1.693153070629027868e+00,-2.880114190002196928e+00,2.501185263244318335e+00,2.066590117947337824e-01,2.494334793256384852e+00,-3.364225648265319890e-01,-1.830930947811895582e+00,-1.767737977550110751e+00
3.203572711810234175e+00,1.299084101167298888e+00,2.107725757180289872e+00,2.625875722255852196e+00,4.291400612420740446e-01,3.226544316309910343e+00,3.371224308780116807e+00,4.889455101270558934e-01,-1.950379419257810332e+00,3.024932930567311828e+00
2.292643460931536481e+00,-7.274497863734148417e+00,9.402932410282875964e-01,1.040308888409612109e+00,5.871872523891618734e+00,-1.925877619369632310e+00,1.977529015785347122e+00,3.036051381465933119e+00,-1.702266338519683675e+00,-2.238494472898287846e+00
1.251356045470838119e+00,-5.681131635063154661e+00,2.734653476894498780e+00,1.157524333889973889e+00,1.383655703622596045e+00,3.129487776136441468e-01,2.999589629232607635e+00,1.697945667579955575e+00,-1.896567708806272234e+00,-1.639310554308726742e+00
9.533996670538176232e-01,1.983302911408945324e+00,-5.795138781097295411e-01,-1.062650423939417443e-01,-5.693684392282969409e-01,1.938718651297619999e+00,1.603156886527784319e+00,-2.226017709174050285e+00,-1.598254548452244128e+00,9.465489475822351784e-01
-4.435890060784761779e-01,-3.823179885407634426e+00,-2.359775563947611232e+00,-1.800427912588935087e+00,-8.557504016720640649e-01,-4.261129675848174259e-02,-1.216433972891189708e+00,1.323297367902702248e+00,1.629624869010683597e+00,-1.776072632069188639e+00
-2.245921439610655490e+00,6.780315916973242985e-01,-2.464310206399129566e+00,-1.363629252703228545e+00,-2.261134952287066735e+00,1.620756880204941019e-01,-2.060041168519755939e+00,-9.811871878686231341e-01,2.459153980288896424e+00,-1.703048472235531019e+00
-2.317605332534892870e+00,3.508585931710565209e+00,-2.460149762236374826e+00,1.785890240895422032e+00,-4.174899640605489459e+00,2.481773266465082450e+00,-2.020707406388436933e+00,2.162753381654777485e+00,1.506854584092896410e+00,2.521209471082358711e+00
1.324993434615458376e+00,-3.759018213026665833e+00,-4.512110297671356185e-01,1.051070707142470084e+00,1.533872664502859973e-01,1.615173416810681495e+00,1.717542326846393852e+00,2.788723519538146789e+00,-1.536775686406971042e+00,8.862334822975119764e-01
-1.137455301105595673e+00,-7.626141552818199720e-01,-2.440821849272125643e+00,-3.241015097542321755e+00,-3.255181756281745109e+00,1.049826865039504398e+00,-1.789694045785412246e+00,2.559447564161424715e+00,1.905518921545623634e+00,-9.983537820203478574e-01
2.293433642115077831e+00,-3.801417421781813744e+00,3.420110855674267647e+00,7.576893935221162835e-01,4.343389789868922435e+00,-2.942072346300892427e+00,3.826972199139967223e+00,-2.977803001138203953e+00,-1.998877308173393930e+00,-2.322886980536889023e+00
1.913576637032248229e-01,-3.827858256831164763e-01,-2.215525089500831157e+00,-3.168502832457875229e+00,-1.671538737435530386e+00,2.268095385037264933e+00,-4.609817674819102207e-01,3.034956083835348650e+00,3.309582014607586609e-01,1.719103559317315844e+00
1.664564010676193639e+00,-2.091248535728779334e+00,1.525004696528500903e+00,3.298400092845827913e+00,1.106822619200822366e+00,6.668422122427406507e-01,2.173611738224081158e+00,1.630640203048841386e+00,-1.731650899187797021e+00,-1.435016223920657641e+00
3.009719187860598666e+00,-4.840981154299865974e-01,2.519853827451408179e+00,2.647355323122721593e+00,1.862903877700213151e+00,8.494354047117740336e-01,3.419789625404197508e+00,4.977887524886526194e-01,-1.958254848478601762e+00,-1.189939679334071743e+00
-2.557657068549179957e+00,3.208516883977169387e-01,-2.467233793795624130e+00,-3.085285758250159382e+00,-9.043016905946965611e-02,-1.399671959777536667e+00,-2.088523091696719014e+00,-3.282644334627959459e+00,1.626464211603980692e+00,-2.161194315047012093e+00
2.155379609653732764e+00,1.725236636228937748e+00,1.593187685212098526e+00,-2.940550226002323964e+00,4.679785716866102785e-02,1.998529426489433547e+00,1.962416265327364240e+00,-3.212192588303702134e+00,-1.579529579328146527e+00,1.887986795843667354e+00
-1.449192381407096164e-01,-4.297417079302500831e+00,-2.339186170520735075e+00,-1.295906069384624715e-01,1.609608606471508940e+00,-1.178097151821063004e+00,-9.154721011192709090e-01,1.601860243555075058e+00,1.002980441682022938e+00,-2.117534562127103115e+00
-2.527760360147968122e-01,8.049355111570260846e+00,-2.294339989952700609e+00,3.416506387629124397e+00,-2.720534302520382752e+00,1.862069453140339448e+00,-8.946079720468347318e-01,-1.664393116924948846e+00,7.760247917498876991e-01,1.114802191290018563e+00
1.225691039764893020e+00,1.167465840348697048e+00,6.729000906142129645e-01,3.323665479545445223e+00,2.154817790720362503e+00,-2.806036550070660773e-01,1.914977195123544362e+00,-1.842906905985031152e+00,-1.659207464519579123e+00,-1.901996215178667793e+00
-1.205390976202566744e+00,2.233563959814460542e+00,-2.444841596894779201e+00,2.248224587682257969e+00,-4.578764604587399201e-01,-6.810523510154578020e-01,-1.828388191719994449e+00,2.427215400801669531e+00,2.531760303318196570e+00,-2.002112224616188207e+00
-2.113053026797536482e+00,-1.819926361785300761e+00,-2.458797227035432353e+00,3.554021626849954707e-01,5.828597526846738264e-01,-1.739908364679363384e+00,-2.002791499517364127e+00,3.882879324681840494e-01,1.948785011735733486e+00,-2.215249105304439414e+00
-5.734933081180484393e-01,5.135985039759271231e+00,-2.417293281608253963e+00,-3.151341642358058692e-01,-3.031212659187263014e+00,1.750595168095307130e+00,-1.516242306994332489e+00,-2.348803066336590639e+00,2.890625077362721562e+00,5.132499131815748683e-01
-2.303145200595717590e+00,-4.074534417562321487e+00,-2.464541642992883030e+00,6.222056874543522298e-01,2.288120633914276780e+00,-3.280826541571390198e+00,-2.052860115152308929e+00,3.308336808333792511e+00,2.460425757319672169e+00,-2.346186658292670035e+00
-2.123753452578828416e+00,1.448461613841188189e+01,-2.456176422590165664e+00,2.788365790998282634e+00,-4.079964301205408539e+00,2.317336107352929275e+00,-1.972858249588735013e+00,-2.533366474907738031e+00,2.184301819741982342e+00,2.782754939832671859e+00
-3.219796811940322634e+00,-4.332794719132000982e-01,-2.473667314019253993e+00,4.960807367678299329e-02,1.491483707442647466e+00,-3.207945220251086305e+00,-2.163184564308922475e+00,-2.032015546898735536e+00,2.507366709346070532e+00,-2.337228718523770343e+00
1.234032419094489796e+00,3.197313725416960573e+00,-1.573608303230555894e-01,7.760443109548624818e-01,1.272883830228493940e-01,2.501626385164701816e+00,1.603267815451538736e+00,-1.447846824250269560e+00,-1.577959939570480863e+00,2.527369986924044465e+00
-4.807260998138747077e-01,2.997496902033862654e-01,-2.405648316831697553e+00,-1.708293378116623629e+00,1.212614653390500674e+00,-1.031572615994639897e+00,-1.470290675454565044e+00,-2.283998266615663297e-01,1.643553322401113848e+00,-2.094164330588402123e+00
2.925696201917036277e+00,3.420754058741880321e+00,2.328905635492996673e+00,2.045029737735517550e+00,7.311857078685732869e-01,3.358888766081562061e+00,2.678259657831587148e+00,-1.204512364982049721e+00,-1.863600357758811388e+00,2.046097796233697697e+00
8.097145551204114611e-01,-3.357323734547668082e-01,-1.179888127147493471e+00,-2.670776978105859900e+00,-3.842914762405083562e-01,1.409616508798898771e+00,1.435048943483797634e+00,-1.234621831381196966e+00,-1.489131996901391197e+00,-4.499518459690032834e-01
3.019437774745608927e+00,-1.680718746977139633e+00,3.215218974950485809e+00,9.270037890232964983e-01,4.263319575652213089e+00,-3.350154967497864789e-01,3.052756464018794524e+00,-1.113125440087938678e+00,-1.898623181615810784e+00,-1.968073232048006993e+00
2.114872066102264192e+00,-4.168951126582260969e+00,9.953277466557070019e-01,-2.565770915978708100e+00,8.341777558616600974e-01,2.253094810939120229e+00,2.166186210486647834e+00,2.927322167986650570e+00,-1.722416361162044662e+00,2.002592201329438382e+00
-2.773860026760683439e+00,1.016840139346533611e+00,-2.469219588453488434e+00,-5.830891352916038883e-01,1.448213827817188770e+00,-2.500116857451564645e+00,-2.103421947359034316e+00,-2.445972974610742590e+00,2.439083218010751786e+00,-2.293607416803665089e+00
2.989405369487695197e+00,-2.575692056939663743e+00,1.533310777307927752e+00,-1.207206772132866757e+00,4.074668610246438227e+00,-1.757813323761967306e+00,2.507924044604595615e+00,-2.144469268320473354e+00,-1.828509198024080851e+00,-2.180985613936518686e+00
1.538413474417981597e+00,-3.978989928169061940e+00,1.725249943173959855e+00,-5.879758039323794705e-01,6.012565762155189120e+00,-1.908775308976834673e+00,2.796167421105614892e+00,-1.943631010376707824e+00,-1.859016474632444904e+00,-2.236629894368187710e+00
2.381178769919909399e+00,8.984785262968968400e-01,1.324982938137116761e+00,-2.173885282665975804e+00,7.319841763956906888e-01,3.239674542266030244e+00,2.164127368879826818e+00,-2.105906100581356633e+00,-1.690128781628208676e+00,2.915151791008359972e+00
-2.292479170949563105e+00,2.049595416620800581e+00,-2.465009522093013938e+00,1.584702835740874782e+00,-8.036757980224591424e-01,-5.605510702342582086e-01,-2.058893367064494662e+00,-4.648783928096986706e-01,1.485822309105709449e+00,-2.020510846659447246e+00
1.354048946150181898e+00,-2.679993178974148460e+00,1.092452592049595772e+00,8.607096618660747822e-01,7.582840090505689190e+00,-2.081209809436789904e+00,2.108177141689630218e+00,-2.199714106488478649e+00,-1.744537677445437751e+00,-2.253396708572367402e+00
-2.847266831408347798e+00,-2.290764909577064579e+00,-2.471086595239425865e+00,1.224885842809181113e+00,-1.570663760717042334e-01,-1.435932082792939379e+00,-2.130098860213658352e+00,6.907905164446619395e-01,1.601622135947267100e+00,-2.165232579169753091e+00
2.117330753845690694e+00,5.983228979154651128e+00,1.247464209438301053e+00,2.932653456748904652e+00,9.908592560665041571e-01,3.149050564047770173e+00,2.245006312390740444e+00,-2.100217046985105807e+00,-1.759978840219560636e+00,2.860096963080370536e+00
-5.903808519621511763e-01,-6.198321718533528202e-01,-2.407146654206749226e+00,-1.230526959006240428e+00,-2.163471444781185360e-01,-1.964744203278976364e-01,-1.450128433004633122e+00,-3.118335023542861961e-03,2.596543723166672812e+00,-1.927931223790216642e+00
-1.852542727479402851e+00,7.081848770157257889e+00,-2.458989319461762246e+00,-1.401260975465786984e+00,-4.163341427267477357e+00,3.365721994721764254e+00,-1.980391331234348185e+00,-2.282669322978952309e+00,1.506998840962061603e+00,3.369797073287437605e+00
1.606918528634626142e+00,-3.621945969399419152e+00,8.332342880662340079e-01,-1.098905825313539975e+00,5.411960196859906702e+00,-6.531693039421098135e-01,2.040585998818464475e+00,-2.435915604787627586e+00,-1.724706306193394934e+00,-2.022112683463215266e+00
-2.937490818626903977e+00,-6.757528324666497443e-01,-2.471570638021599819e+00,6.105027644581912938e-01,-3.888282395064345920e+00,1.164796756751175444e+00,-2.137618440950866283e+00,1.755015023576062205e+00,2.054423787510344379e+00,-6.691093551619998747e-01
1.339842163361883109e+00,1.118357858201904254e+00,-4.001121549065574379e-01,1.474633799088411301e+00,6.251519107272178744e-01,2.049624786909101104e+00,1.763006826316205311e+00,2.116873614296443940e-01,-1.647527424677162733e+00,1.140479531709117644e+00
7.132998875571141539e-01,-2.220385337501115330e+00,-6.584127088100385494e-01,-2.952722181990337091e-01,3.618947523863869087e+00,-2.991477525281593053e+00,1.381769986997430255e+00,-3.402271325523327228e+00,-1.473758302595843617e+00,-2.327629443302881462e+00
2.098821884499542101e+00,-8.771912883953111972e+00,1.871088242441826477e+00,-1.261816119736060227e+00,6.246102918984133723e+00,-3.149369978442732254e+00,2.939778120445079246e+00,3.476323140510282350e+00,-1.899746344617356142e+00,-2.337762314033988709e+00
2.229559903142779298e+00,7.370821766977548872e-01,3.045635119126691936e+00,-9.701336660949344548e-01,-9.297254877439731224e-02,2.600639538026910280e+00,2.548747204556755186e+00,-3.392962040546982028e+00,-1.840638386608824950e+00,1.965407372030355093e+00
-2.496565888586411042e+00,-2.720646115145411326e+00,-2.467367267694509980e+00,1.114114908450736685e+00,1.749795569989991140e-01,-2.577336131428124233e+00,-2.090489331852627419e+00,2.197481883129361435e+00,1.707681921755725973e+00,-2.285809394541530537e+00
1.753756958371079477e+00,3.841793817963208291e+00,1.491788983366208132e+00,2.777862831960753454e+00,1.335185497506963248e-01,2.996205936246791879e+00,2.160508072596249995e+00,-1.447002937303782044e+00,-1.729602220980144267e+00,2.370630920934075903e+00
2.793000205780454159e+00,-2.379211185900744319e+00,2.363920953181748441e+00,-3.414797625426055916e+00,1.450205646528344605e+00,2.240471876274737539e+00,2.616046181222968947e+00,4.138326950098747403e-03,-1.785025830755391230e+00,1.456980161741711965e+00
-1.133643801611637247e+00,5.028096587854300914e+00,-2.428881693113275730e+00,2.259676868819123108e+00,-3.434038074261417162e+00,1.516077693576777463e+00,-1.637433495525836502e+00,-3.286603934705243368e-01,1.854279964275440618e+00,3.004305464215468735e-01
1.347526907391129569e+00,2.397688056489004627e+00,1.722286017343468423e+00,3.256842218951513601e+00,-1.385114446915299002e-01,1.159769398710846389e+00,2.369731648855675665e+00,-2.160501083142690071e+00,-1.787077150659184488e+00,-9.110173053423210598e-01
1.494788294803962359e+00,8.302224180289032862e-01,1.657143378284577029e+00,1.553579917196706184e+00,2.530793116419893796e-01,2.793675137080595228e+00,2.545685291375243242e+00,1.719697108475784830e+00,-1.764062283987445134e+00,1.777340418628806429e+00
-4.532659720959797411e-01,4.803029847999653157e+00,-2.384509569285457875e+00,1.878497349050012311e-01,-3.137078900836807627e+00,2.467798991541837239e+00,-1.356900253267319112e+00,-1.579980578362194521e-01,1.408146632395431030e+00,1.752574246516444445e+00
-1.409905880411057133e+00,-1.006896389304346551e+00,-2.442922193583425106e+00,1.652361677938967155e+00,1.050256308978280373e+00,-2.743458086365645698e+00,-1.825539546674949998e+00,5.098991789514961681e-01,2.183043338479638606e+00,-2.309445891836098497e+00
2.049898280658374539e+00,-8.747427986425653224e-01,1.179566367917100234e+00,2.692935733151396782e+00,4.779883371294803673e+00,-1.754140897918043507e+00,2.036501505879859675e+00,3.921283042830792098e-02,-1.739670755922676948e+00,-2.222058191793371495e+00
2.724477037261682888e+00,-6.958228380200643493e+00,4.033663736567291380e+00,7.036851176007203890e-01,2.567495345773294080e+00,-3.427163518567688527e-02,2.670746638909575310e+00,3.250669105881005549e+00,-1.817087083183253293e+00,-1.816954283277034232e+00
1.310867125845822656e+00,3.184079238237170983e+00,1.833719369508727937e+00,3.122039131548163482e+00,5.788803967421222163e-01,1.116963690351090221e+00,2.370619000043073132e+00,-1.689092480643661354e+00,-1.797072860826853580e+00,-7.314778503840336787e-01
8.174962427805354537e-03,4.953308877014120704e+00,-2.315756852766653662e+00,2.990094144386286068e-01,-2.242119013581943765e+00,2.324260834746025850e+00,-7.437851205274595978e-01,-3.391150137994802805e-02,1.299860334750955193e+00,1.680503489665899464e+00
3.332331230057983262e-01,-1.405701155003233893e+00,-1.938573939021072112e+00,-2.305780293290441652e+00,3.682998369536282457e+00,-1.165641423625154438e+00,5.396758141367228312e-01,5.777470967997775375e-01,-1.113331805400592289e+00,-2.141143369253492690e+00
3.240090043261535158e+00,-6.925221052058575744e+00,2.206527182581910385e+00,4.798382380537002945e-02,4.730952043374933247e+00,-3.102963420805666672e-01,2.997818189580269355e+00,1.044668366388107117e+00,-1.888245668140078770e+00,-1.831166914343274055e+00
3.017921341109064848e+00,-5.959472143806455513e+00,1.965195049861822252e+00,-2.056627993640087304e+00,2.913797002824882743e+00,-2.425471101193510393e-01,2.605713899406196354e+00,1.025865837502668576e-01,-1.765930355102519833e+00,-1.899234046220639627e+00
-1.655766258016526660e+00,-2.109617660040269405e-01,-2.440269307701338430e+00,-5.824640845728450422e-01,-3.910456054113784052e+00,2.147638289688447166e+00,-1.830833556903671111e+00,1.995738249255443186e+00,2.688869600982039643e+00,1.421802855677967381e+00
-2.743449727013837602e+00,7.549646724839675471e+00,-2.468457074166596765e+00,3.203937302149161503e+00,7.950637613730049402e-04,-1.286341748944701990e+00,-2.108583946811975363e+00,-2.151000640990722967e+00,1.749883149398835824e+00,-2.168853575532758260e+00
-1.681568158300637661e+00,2.499963313032531165e+00,-2.453267569239311108e+00,-3.028181435083145523e+00,-3.169634441141881087e+00,7.320486586706156373e-01,-1.909139140695126136e+00,-1.503742069161391193e+00,1.396660696884059139e+00,-1.385406411731054277e+00
-8.360446648253239132e-01,4.609799221071755326e+00,-2.430754879068765639e+00,-1.610576774927512389e+00,-3.515089991345231368e+00,2.410806930309720819e+00,-1.668122710092654115e+00,-1.825548696603210619e+00,2.561183979592470461e+00,2.559030058670198393e+00
3.725417237949777416e-01,1.842872747448949466e+00,-1.813444956552972220e+00,-6.231270052059807441e-01,-9.743277427938809021e-01,3.282667480813588945e+00,7.652932412372535076e-01,6.987498626493104936e-02,-1.246685460298657233e+00,2.599131763974361409e+00
1.178754668964318242e+00,3.377088968228894039e-01,-9.238341021510660944e-01,2.598087736876297349e+00,1.708150850015532907e-01,1.344562415850640846e+00,1.573960154586585336e+00,2.544471617235989136e+00,-1.582903467001092190e+00,4.992453866102697368e-02
-2.088077095734100386e+00,-1.187743014884166115e+00,-2.458272448057921888e+00,-1.858219475980382729e+00,-3.974720747448377001e+00,1.801942512183902778e+00,-2.008516128324203898e+00,1.498600576685241492e+00,1.861626237419072405e+00,9.604213903032727817e-01
-1.417355945450921695e+00,5.755270823562483429e+00,-2.446028633098595417e+00,3.030052854365567150e+00,-2.661640260907703226e+00,2.524488617579856431e-01,-1.837865892369427989e+00,-2.824389077736521259e+00,2.197004928126559786e+00,-1.688818983278288055e+00
-2.411370900236192938e+00,-1.992177779504531676e+00,-2.463317969532210938e+00,-1.728562845579377782e+00,-3.713480828153854496e+00,1.413794949841058468e+00,-2.074632728259753645e+00,3.251752080999885663e+00,1.556849241077174373e+00,-3.772486643987319477e-01
-1.231668414475827422e+00,3.475524451879308696e+00,-2.440234119484525177e+00,1.393395387257655216e+00,-3.859407448706564825e+00,3.483549362619221768e+00,-1.802957077304642164e+00,1.011351730360163792e+00,1.500675722455420580e+00,3.367031507188698036e+00
2.829693650013106243e+00,-5.339244953248518222e+00,2.324867541436779650e+00,-1.644139309857898024e+00,6.194985754085052143e+00,-1.786422435044541457e+00,2.121860887611799029e+00,-4.157453941668860509e-01,-1.701701119089483294e+00,-2.213001383042097814e+00
3.351111481639001966e+00,-7.928846922857057500e+00,2.735688013149005116e+00,-3.371758244447832453e+00,3.227529037013946223e+00,-6.545563637030538118e-02,2.591495766707483384e+00,3.435190094052576804e+00,-1.840020798074176733e+00,-1.788428522765548312e+00
-1.440564011380652598e+00,1.625835703408752497e+00,-2.442776592857219153e+00,-1.174618744996993147e+00,-3.768168648517966624e+00,2.562655216012505122e+00,-1.803914147755863784e+00,1.615680035970678219e+00,2.263954231241776860e+00,1.927169078049975282e+00
-1.385662043127364296e+00,-5.187416056227839301e-01,-2.448906340042406704e+00,1.523359353452639731e+00,-3.285042596879238275e+00,9.365518745395124967e-01,-1.866651852276643542e+00,3.097686325276946206e+00,1.889556053315602391e+00,-1.148287326170764011e+00
1.931121751809332210e+00,2.292157387006334091e+00,2.907409649151865505e+00,2.338734098987334420e+00,1.037395374833875117e+00,1.704797267546918071e+00,2.993483991380091247e+00,-1.052800385575981323e+00,-1.884266433624548265e+00,9.217585033811521722e-01
1.821439293797570969e+00,-7.250718180752130593e+00,3.669400603948625328e+00,-1.827348563751901356e+00,9.611279280006226333e-01,5.042734896025669045e-01,3.141651072488720331e+00,2.016557215204011655e+00,-1.903811773618393710e+00,-1.565091130981480338e+00
1.651638164643780549e-01,-1.654723992593262194e+00,-2.217633584727239704e+00,1.826881737289087759e+00,3.649386348004237668e+00,-1.025778209088946902e+00,-4.064173701739572930e-01,1.958449454971301407e+00,1.997247151770457085e-01,-2.111358601140790547e+00
-2.740267943377705961e+00,9.001609120352522808e-01,-2.468304212642530970e+00,4.340326169681052448e-02,-7.969066480459437163e-02,-1.633550427566031749e+00,-2.094689644453121335e+00,-7.524083467891644617e-01,2.205079161530675513e+00,-2.208246172420013309e+00
-2.895126970712677661e+00,1.389753642936261135e+00,-2.471032766375044876e+00,1.420466420837169785e+00,8.155031614981503862e-01,-3.222065447093148904e+00,-2.130521454387147351e+00,-3.341687402858545486e+00,1.788285312215167622e+00,-2.340963715980011628e+00
-1.134735271697339787e+00,-6.031119012320269590e-01,-2.435428719887945626e+00,-2.355197200702436433e+00,1.234886123202286745e+00,-1.484259005894101424e+00,-1.725543404463873332e+00,-2.656495703373271233e+00,2.125072279390344043e+00,-2.116965695262954306e+00
3.906253542017403824e-01,1.257298184939533048e+00,-1.870742622698892355e+00,-8.737505077908878093e-01,-9.702954943759678486e-02,1.162013760192210476e+00,4.931035571527533357e-01,-2.687443998923837452e+00,-1.008791103499903308e+00,-1.013356355361940464e+00
7.757175581259065922e-01,-2.627649305360257870e+00,1.921696328485837935e+00,-3.189258322272991109e+00,1.068877723964281601e-01,5.177533658690141039e-01,2.184412569568910278e+00,-2.697835817360747956e+00,-1.760716794213112113e+00,-1.530540413760150598e+00
3.454210477372399168e+00,-8.368132186701400244e+00,2.660917027618836084e+00,-2.506906920975634279e+00,5.653195829733336453e+00,-1.854475031892563353e+00,2.456876405808083863e+00,1.739025078871939911e+00,-1.801828344612063759e+00,-2.221134593249455058e+00
4.505938592810192489e-01,-3.043239296238617442e+00,-1.913348678642567524e+00,2.833876696357768843e-01,3.668380013819461549e+00,-1.015984851616741569e+00,5.952167263519363427e-01,4.576088677604763788e-01,-1.120010552584530750e+00,-2.036749901186746925e+00
1.457562699333012191e+00,-2.378144599095239897e+00,2.265295275756775695e+00,1.125565410721156567e+00,-1.094397376872913163e-01,3.373083838194270712e+00,2.488927231176779387e+00,2.380993672753053403e+00,-1.799960964060038027e+00,2.294266497518039127e+00
-1.807833783370824676e+00,-3.789141493941627914e-01,-2.455948857857996437e+00,-3.419405285827799901e+00,-4.000561349042670578e+00,2.360080985662623476e+00,-1.956743107982580332e+00,3.237869991775626843e+00,2.176806227451648201e+00,1.430173270182047984e+00
1.803877721225271458e+00,-5.357890248024108626e-01,1.602438485568570270e+00,2.669161939218069435e+00,5.614638186628133631e+00,-2.661951766068802794e+00,2.564210769337056828e+00,-1.344255924605642694e+00,-1.834241243717111614e+00,-2.298111284743884486e+00
1.218257016267706661e+00,-6.457235791614321485e+00,1.534194711711978520e+00,-2.849196517616687796e+00,6.416777194850490140e+00,-2.199255621647695502e+00,2.375368569117032091e+00,1.853491976329406654e-01,-1.809004305938727963e+00,-2.268239102378416749e+00
3.092298049661323489e+00,-7.835924832358100112e+00,2.006058969870640141e+00,-2.263083893959714210e+00,4.628239100810715989e+00,-1.822092744026206246e+00,2.296383639999301174e+00,9.635243557812014359e-01,-1.765653274135516870e+00,-2.207201504515793555e+00
2.612789653599321582e+00,-3.749491294808648068e+00,9.245111247352453265e-01,-4.304421824332309576e-01,6.035820948168860722e-01,3.035246668128539937e+00,2.010733427855732280e+00,1.775219606044491805e+00,-1.700949184086103738e+00,2.702189397251716141e+00
-1.823100730356319588e+00,8.186483980343978173e-01,-2.458406244729199663e+00,-1.918294576619608449e+00,-1.798101569167157576e+00,-1.956207642442802097e-01,-1.966383464399019676e+00,-3.361331899070316709e+00,2.005823160745982658e+00,-1.875810835014136257e+00
6.806340000995447781e-02,-2.933343123511633621e-01,-2.297569350000672639e+00,-1.606943515013406376e+00,2.880851814406732547e+00,-1.947760398121412440e+00,-6.536974857554584961e-01,-2.405262474614898505e+00,6.996797668875509579e-01,-2.227726969549834291e+00
5.038798156131321093e-01,-6.066336382255936854e+00,-1.083056154709716168e+00,-5.206798829100258708e-01,3.691162005370379973e+00,-2.856470703343439332e+00,1.372338504212226473e+00,7.545236625314899470e-01,-1.400811748573161042e+00,-2.315345810855125475e+00
-1.158472537408705705e-02,4.632805129900185115e+00,-2.341348405800855570e+00,2.153849562990329147e+00,-2.100992422188097120e+00,1.754821732219369324e+00,-9.066725893549081317e-01,3.716252082299575932e-01,7.682662092949439359e-01,1.388402677941595442e+00
1.252388743201595211e+00,-3.635765249540184207e+00,8.079692574207508748e-01,2.526606469433280822e+00,4.656805680217115828e+00,-3.119493859492907806e+00,2.046626849282474403e+00,2.976542818723865835e+00,-1.688047381191017271e+00,-2.333835029908263081e+00
1.155283375843418447e+00,-6.641369570164573410e+00,2.910472268240854032e-01,-4.964841189935595978e-01,1.021694481051497405e+00,3.171267471829990470e-01,1.777166150933008115e+00,1.809947466220918066e+00,-1.625387365654778149e+00,-1.602603496476822098e+00
2.899839595264959158e-01,-3.771691203372188328e-01,-2.049260708132625286e+00,-9.374722492189331291e-01,2.805466274059063458e+00,-1.907481250378259663e+00,3.447390492407420570e-01,-2.234373272872537619e+00,-1.022433677023186549e+00,-2.230124188956145836e+00
-1.746333481800443233e+00,-3.618377646028188011e+00,-2.455224134990932061e+00,-1.348167775046488437e+00,1.388768640649663544e+00,-2.539475683176488197e+00,-1.927588815802947497e+00,8.330997860501643260e-01,1.491653832076482944e+00,-2.280586385528997173e+00
2.921328405622598545e+00,-3.086000800234841357e+00,2.186935802280138397e+00,3.230030900016616968e+00,4.208407858975461657e+00,-8.762324648538015737e-01,2.574300987539892116e+00,3.436481506992567603e+00,-1.751972707407675856e+00,-2.068614643947372045e+00
9.994420045760765703e-01,2.702726865841731829e+00,-1.088565312251368100e+00,-2.101773804853090510e+00,4.755582573752250575e-01,3.023883179549181399e+00,1.465044006160346912e+00,-2.065740538621046785e+00,-1.555972717905265590e+00,2.160740427382646267e+00
-5.032338221971062175e-01,-1.044205195051169488e+00,-2.395939630553775235e+00,1.563579312238005059e+00,1.824456540747422029e+00,-1.924072269683462011e+00,-1.399851493031396110e+00,2.950926689944890491e+00,2.066658930080844225e+00,-2.239946966536305872e+00
1.380665331644315152e-01,-7.557798507124759979e-01,-2.242815963661502821e+00,-2.386234265519279862e+00,5.227012242234700068e+00,-1.758991850984077399e+00,-4.714251750753786219e-01,-3.311583586815673552e+00,1.903314490930038683e-01,-2.216239602151285126e+00
-1.489082547699214665e+00,3.381631564512805443e+00,-2.445751263533667341e+00,1.622035553481008030e+00,-3.932431933054956641e+00,2.439546142301473708e+00,-1.848289511000718033e+00,2.107271604535800869e-01,1.589902361029585931e+00,2.365643502701979983e+00
-4.356141542392069077e-01,2.145745743079128687e+00,-2.381451224983312631e+00,-3.493951965541556959e+00,-2.620405289470170818e+00,1.046896443650397579e+00,-1.336930876570380677e+00,-2.558272939546457181e+00,1.293717687075438327e+00,-4.994875041977527852e-01
1.921545597922305504e+00,-5.927288393816352752e+00,1.668973838491530692e+00,-1.666556376761062719e+00,1.544731819807800388e+00,6.083811062301469619e-02,2.248880970313916983e+00,3.570247613753467775e-01,-1.784837743539431143e+00,-1.838389130226482315e+00
1.888222325711568672e+00,8.208783749102367411e-01,2.002829458310496857e+00,2.433168385176264437e+00,2.518399530814057208e+00,-8.146687775914784879e-02,3.000564525380207570e+00,-1.958594166802784198e+00,-1.896556735142667982e+00,-1.892716917732982562e+00
-1.124784310143077004e+00,9.101348083554603008e+00,-2.420946784201820634e+00,1.063064010975487861e+00,-3.712437422469239579e+00,2.947702303893795950e+00,-1.632007967651575298e+00,-1.443397079502120484e+00,1.927577917239805760e+00,2.171202109699548188e+00
3.115048286945430789e+00,1.479210213878094260e+00,1.996066101663077408e+00,2.719878291294462791e+00,7.703477413773372362e+00,-2.170994118344600210e+00,2.566767746410669293e+00,-3.460994994869184715e+00,-1.802317592878168506e+00,-2.255786956365738227e+00
-1.037000429754429742e+00,2.817832540357890547e+00,-2.435718767028570042e+00,1.911430071651439633e+00,2.896701854741079885e+00,-3.134128012062705082e+00,-1.733127196459139929e+00,-1.889855125921740209e+00,2.355607017573463136e+00,-2.335929489420522476e+00
3.459052046477913755e+00,-8.210190575194465268e+00,3.038090856977087473e+00,5.626489741034390590e-02,7.024382790485566908e+00,-1.952516426661382587e+00,2.972537390779796951e+00,2.496558704134146822e+00,-1.885907379619136792e+00,-2.195667331185997107e+00
-1.347233492290185630e+00,2.419354425532967312e+00,-2.446326482319635343e+00,-1.725490080924544589e+00,-3.750111138814615774e+00,2.186633754841282418e+00,-1.839397165545384683e+00,-1.370921665294000391e+00,2.503400336760029710e+00,1.687253247881356444e+00
4.776287521417086346e-01,1.674183691494503634e+00,-1.930594004709052625e+00,-2.928696511796103685e+00,-8.846122284460525842e-01,1.216112554105992949e+00,6.097964422915790328e-01,-1.205670456074696251e+00,-8.466204153671160748e-01,-8.563984546956836530e-01
2.339938117168087750e-01,2.811404896622334171e+00,-2.050907227094409535e+00,2.186437396621154328e+00,-1.479280986002200482e+00,3.390653564091993033e+00,2.180326447009909852e-01,2.332056721470390670e+00,-3.746932533745291893e-01,2.501094102038120326e+00
1.739960947901410648e+00,-1.427166708332649581e+00,2.442165462058141667e+00,1.263981650291457370e+00,4.602890867377247286e-01,6.563834441538656250e-01,2.629028673310513931e+00,-1.079714919073851309e+00,-1.818190611888724328e+00,-1.311973750346222545e+00
1.628179121462721923e+00,8.130038126401195608e-01,3.636477071869224531e+00,-1.974623317572887782e+00,-1.439633367687758181e-01,2.027606378130759168e+00,3.468533407581162908e+00,-1.461404958698389489e+00,-1.947715375255550940e+00,3.008496067426820630e+00
-7.458182744919237273e-01,6.683342872919673106e-01,-2.410103600880480812e+00,-7.933401675059936764e-01,8.452225670478212827e-01,-6.669312346214826270e-01,-1.594792280290448172e+00,-1.681458149948601877e+00,1.534642768251700318e+00,-2.004947954774966679e+00
1.857524522529422129e+00,-3.451184461614121624e+00,1.546940527475418214e+00,1.799903584128196954e+00,2.721618602956966448e+00,-1.764024564291761799e-01,2.244401740467788731e+00,8.045331644438595831e-01,-1.716653895184548251e+00,-1.797817689578881328e+00
6.960057104279115947e-01,1.953878038536416728e+00,-1.381417893858537305e+00,1.124896563452196574e+00,4.938107924385743530e+00,-2.565250849262294519e+00,1.204868267082746192e+00,-2.629485447887510485e+00,-1.465524962957692079e+00,-2.296410995382258236e+00
5.879595703000353168e-01,-1.062985108069203655e+00,-1.301180800208092014e+00,1.158504292481512543e+00,1.409804339892525515e+00,-2.670159873511970261e-01,1.322542961763768066e+00,-4.881309624374323697e-01,-1.511924474765525162e+00,-1.914417158098526084e+00
4.245001004896842289e-01,8.181964279922658179e+00,-1.985002716914227250e+00,1.997728004517010270e+00,-2.185377919597053520e-03,1.022671388773257029e+00,5.423625389226184312e-01,-1.240665503931061231e+00,-9.517015522432005215e-01,-8.483202041974182706e-01
4.058520918695633917e-01,-2.951596179786486474e+00,-1.860251394648508638e+00,-3.497451322726997436e+00,1.698489907460862147e+00,-4.383935283458715304e-01,7.258740332419206798e-01,1.772615574537379501e-01,-1.246828297817090370e+00,-1.999452874881189501e+00
-2.615257503787366655e+00,1.916975274283919006e+00,-2.468794498702775009e+00,-2.678810490667924427e-01,-4.148146242489954005e+00,2.159871081913375512e+00,-2.095171407289449395e+00,1.153882534272208105e-01,1.473138687526463153e+00,1.728313767898926212e+00
2.403045817457880595e+00,-8.749982701179121136e+00,1.080250705799401079e+00,-3.324552062824669640e+00,4.580611644128326887e+00,-3.236649565393095340e+00,2.018390292855121615e+00,2.519723477057940642e+00,-1.683713480057495104e+00,-2.341321312146765532e+00
2.419363794312395122e+00,-9.371714059370775951e-01,1.867938786148041430e+00,-9.013702121434068459e-01,8.590474694142378187e-01,2.495658800595820459e+00,2.053078616818702073e+00,-4.917193004591120520e-01,-1.714294779338201291e+00,3.201695772802176876e+00
1.769943176893595371e+00,-8.645660246705048069e-01,1.475091962859664596e+00,1.462492744993837412e+00,-8.979672108089253868e-05,2.309957768171440939e+00,2.273229607547635034e+00,3.419002331722742483e-01,-1.724018736021781573e+00,1.880676574236269882e+00
-1.170902313997552291e+00,2.217784593047081643e+00,-2.444912506220632942e+00,-3.466215103765988292e+00,-3.423251137317845583e+00,1.649316032160857759e+00,-1.820491185391595490e+00,-1.011840161513287040e+00,2.750308245599733414e+00,1.758693810487765852e-01
-1.181153958025226380e+00,-2.176638217159503785e+00,-2.429915205259896904e+00,4.140714526397015760e-02,-2.452654105652494643e+00,1.342995301009879405e-01,-1.742787695123611424e+00,2.259913227564254612e+00,1.782681745264622641e+00,-1.797929494063239986e+00
2.669441776700032243e+00,-3.955712543374590773e+00,2.582209519169047063e+00,-1.587043555579636944e-02,4.704842399764854299e+00,-1.378679228593121309e+00,3.093348375123872618e+00,-3.210600452545562700e+00,-1.877012757728610426e+00,-2.153443823989719785e+00
-9.213169179098494865e-01,-5.166971621619558697e+00,-2.427989985888979962e+00,-1.489748474454449578e+00,1.515838722098236779e+00,-2.804993634753274456e+00,-1.674345687772280211e+00,3.470777198799473773e+00,1.557261660887347521e+00,-2.303618784273710141e+00
-2.020710385552413779e+00,4.978360357539528547e-01,-2.458760360847112469e+00,-1.508604906411553648e+00,-3.254886378514724399e+00,6.190291066311868207e-01,-2.017925030998679592e+00,1.046102867745801746e-01,1.592535748358352654e+00,-1.516867818172960458e+00
-2.820714962971667905e+00,-1.589586628018003989e+00,-2.469859632361668833e+00,-3.395438633172762621e+00,4.385842388409432191e-01,-1.330262244970860763e+00,-2.122420164367921913e+00,-4.772347598868882379e-01,1.655959856397319019e+00,-2.110191487103424635e+00
1.822974535778458360e+00,1.030851683693660981e+00,4.723961482196339379e-01,-4.586233350677719756e-01,1.641565556509342327e-01,3.490863681154147358e+00,1.941271422335785868e+00,-3.423575690445268105e+00,-1.707636459262387607e+00,2.183339390925892243e+00
3.007263548051877677e+00,-4.297215792656979616e+00,2.965397834950052047e+00,-3.391114656231924762e+00,1.441899376634418806e+00,2.140413233205127774e+00,3.091071413352953101e+00,8.163517427476945088e-01,-1.912290429312719198e+00,1.655817347018368579e+00
-3.824946897982011151e-01,-2.392578357334866901e+00,-2.394158677365055610e+00,-2.769160844094770368e+00,1.554305855762389221e+00,-2.204481567194773284e+00,-1.382194732190877628e+00,2.744920120722778023e-01,1.461759544275113232e+00,-2.237669524030831525e+00
-2.123981780895372040e-01,8.282528368928183227e+00,-2.369218002910070009e+00,2.313355512822181659e+00,-2.096120054617495843e+00,1.327218687988377610e+00,-1.120425026625280651e+00,-2.860493334147018452e-01,1.280948750067194553e+00,-2.377863383694230892e-01
-1.463726241003905137e+00,3.959134385860949568e-01,-2.432479240553671929e+00,2.013141937439547391e+00,4.702330990445712233e-01,-1.593690681913776386e+00,-1.796398681716167900e+00,3.210201352898909732e+00,1.964987864816504004e+00,-2.197302727168939374e+00
6.946114139779622221e-01,-5.968565395564602305e+00,-2.693617042911721216e-01,-2.895342834105291807e+00,-4.824407550743545769e-01,8.895940871350385137e-01,1.645310742188976771e+00,3.231598068570467497e+00,-1.573531472547454957e+00,-1.341888046300427462e+00
-1.977880496182255587e+00,-8.140278044597429874e-01,-2.452302427911147387e+00,-1.446497488930159836e+00,-4.100917186374331891e+00,2.743013997897953082e+00,-1.973008910383827752e+00,3.171757793265296499e+00,3.323924847396208193e+00,3.407988919775716496e+00
3.322732094011771942e+00,-5.598122162127431523e+00,2.657446475267622343e+00,1.600259657987720630e+00,4.346850265588748208e+00,-2.366568349671412275e+00,3.013422645116494714e+00,3.389873847322721900e+00,-1.902426342713260610e+00,-2.272071185331249854e+00
1.142688501703831072e+00,-6.970940323228766111e+00,2.121070692847358163e+00,-6.953138091754436090e-01,3.604630783125904792e+00,-1.583978938102799994e+00,2.569876671884513186e+00,5.990151389858153763e-01,-1.819799874199432121e+00,-2.200312909746916734e+00
-2.984936562826524309e+00,-2.669315806013181636e+00,-2.471269261775501214e+00,-2.503195593692066456e+00,1.506934832162985238e-01,-1.931063971270313484e+00,-2.133471974056112330e+00,1.308457075805553593e+00,2.267001486532345567e+00,-2.217787490809620898e+00
-2.638677541513906100e+00,3.983967959405901205e+00,-2.467093027735341337e+00,2.175695422513469701e+00,-2.911944780265028676e+00,3.358136010707015728e-01,-2.095315861068535845e+00,2.323447433882552815e-02,2.827237130810338339e+00,-1.624983163397304420e+00
1.644601371005998125e+00,-1.898156263111621334e+00,2.426332947197259227e+00,-3.937973019027589672e-01,1.078739836287055720e+00,5.373254648232084207e-01,3.093227555686370422e+00,-1.402835369838942192e+00,-1.876013105775527379e+00,-1.294906636725569715e+00
1.052279024009113328e+00,-2.240318605749748393e+00,1.216803885773658056e+00,8.916164202407816930e-02,-4.276072792717092175e-01,1.332546038268075606e+00,1.999210314443490732e+00,4.965234680256704891e-01,-1.678730571573558317e+00,-4.492609881884608303e-01
-1.725140732082672157e+00,2.229198621525545043e+00,-2.454187199707019928e+00,2.493525845825337761e+00,-2.820105285653207616e+00,4.925430288402083967e-01,-1.928323677061092978e+00,2.677011250154288646e+00,2.046947885570319592e+00,-1.620256012848556582e+00
3.156750091964688920e+00,-2.771645797375086762e+00,2.479031526433828958e+00,1.225656679830966489e+00,4.618808974132362799e+00,-2.641216099334144474e+00,2.988988025924729008e+00,-2.721438386133101517e+00,-1.905751974620362610e+00,-2.304178664251404385e+00
1.524803150849013633e+00,-7.358548996849030743e+00,2.463654121732182567e+00,-3.160317276764814665e-01,5.192236147077399444e+00,-1.777997575579308043e+00,2.521109413358359141e+00,9.029670767072737192e-01,-1.791694408030883867e+00,-2.220941871975813608e+00
3.139689292981916680e+00,1.023947986392510057e+00,2.189585308784407047e+00,2.675599735317697458e+00,9.422341340514769348e-01,8.028336788991099482e-01,3.316198946563641670e+00,-1.671915458662324383e+00,-1.928349383861321931e+00,-1.179824952400508664e+00
-1.829969511921112346e+00,-1.217659453955476367e-01,-2.458426661625776166e+00,-2.901559068720232393e+00,5.210651642664027028e-01,-8.967822274626908730e-01,-1.984356062049439373e+00,-2.825423337521166811e+00,2.245306095346005559e+00,-2.094746105371063205e+00
1.505577950491757910e+00,-1.740408719967397655e+00,2.294567268275097938e+00,6.846190419510680414e-01,8.493147339822992858e-02,2.477378617155887142e+00,3.605647464820751935e+00,-7.547357414014665977e-02,-1.975347124298750368e+00,2.942313676948003387e+00
-6.224529834617698043e-02,1.613033885384185684e+00,-2.341558571601960459e+00,-7.266362235574077566e-01,2.160833995776938909e+00,-2.653625444391177091e+00,-9.610430303766518412e-01,-2.518950200903027348e+00,1.214958148669471161e+00,-2.292523878848366614e+00
-2.188460619930530981e+00,8.445021586473519193e+00,-2.462632830090526692e+00,2.124755721805255959e+00,-4.057096898760677917e+00,2.326606302321254205e+00,-2.022998478978061065e+00,-2.331237176193085237e+00,1.632056801849788963e+00,1.697057961024851291e+00
-3.761620522008932710e-01,8.582591432931399034e-01,-2.393673883619645615e+00,-1.621457681905022374e+00,-2.897355397306581537e+00,2.637824911035794528e+00,-1.364430092336708311e+00,2.466642435399011291e-01,1.303391727222682706e+00,1.721344592066515133e+00
2.073033849012306362e+00,-7.738288234253741571e+00,1.853424287658992142e+00,-2.176007417258009724e+00,3.145497223944989873e+00,-5.872388673963682137e-01,2.762016157960951013e+00,1.775681602352470634e+00,-1.860403927655573497e+00,-1.982972751370212894e+00
3.243143500195031947e+00,-4.328134835510063283e+00,1.615022093624141730e+00,-9.965779757937078820e-01,3.477201081024597684e+00,-5.600866637699013495e-01,2.343661215663547459e+00,-7.127784041435338835e-01,-1.765710651111179974e+00,-1.949335721759032580e+00
-4.294331796718657834e-01,1.486563898933819239e+00,-2.396653339594428722e+00,-1.014347607768207649e+00,2.081682447439320960e+00,-1.106860253352651480e+00,-1.408893599176074041e+00,-3.204038930577134181e+00,1.336148391686795556e+00,-2.133076503969768112e+00
-1.903639595218324931e+00,7.693635996194260862e+00,-2.449976338805666565e+00,2.191057137256327003e+00,-4.071980715545823415e+00,2.847093488068720646e+00,-1.980964631765551376e+00,-3.144795546243541295e+00,2.849905980343090839e+00,1.905804817359944892e+00
-2.629272324085137669e+00,2.360016913423422125e+00,-2.468593997496663750e+00,1.229424636551462946e+00,-9.224616681449644418e-01,-5.685902446222468321e-01,-2.099710472313120135e+00,-1.852385581426169159e+00,2.055457528092307751e+00,-2.030794984293772920e+00
1.249887873052808906e+00,2.819295070379019386e+00,3.723130060182809675e+00,3.252200078050593746e+00,6.356106196133102237e-01,1.127704562257123122e+00,2.263597524411951500e+00,-2.034000267140043228e+00,-1.753101280490588998e+00,-7.818342505822022392e-01
2.897605881609123024e+00,-2.239349588819544490e+00,2.132799203612322891e+00,3.318926137886384353e-01,3.220438401016260777e+00,-1.954282294173577128e-01,3.357953629758759106e+00,-2.080579540758527468e+00,-1.953661049343677458e+00,-1.862341545748436467e+00
7.237759237694003644e-01,1.736473453113905885e+00,-3.391126536944595316e-01,1.772373930323117186e+00,-2.401874203367200256e-01,3.314553844366564306e+00,1.726409297931709386e+00,2.241409149871104844e+00,-1.627703398889570829e+00,2.254606111285324843e+00
-3.368028415364529238e+00,1.251717934142082100e+00,-2.474259740567384291e+00,2.764911109449340820e+00,4.420665577437851157e-01,-1.404491995044695685e+00,-2.175128470290769833e+00,3.777483756916577562e-01,1.754172395869103118e+00,-2.174791179049177181e+00
2.113956269274657629e+00,9.646167641960446959e-01,1.516295985116421496e+00,1.285293108987309196e+00,-3.224552954501774815e-02,2.615968628419643061e+00,2.396017032650672451e+00,-5.461804035535746671e-01,-1.754425348863087208e+00,2.993563995990908388e+00
7.596568744630785019e-01,-1.875062436182310499e+00,2.161245487162637424e+00,1.421674678337143227e+00,2.992080687275656015e+00,1.204955425591363039e-01,2.089860369243965899e+00,-9.766043985303936026e-01,-1.752709958545773938e+00,-1.819975389858431880e+00
2.732781982913373042e+00,-3.831154863130981969e+00,1.599393865539616488e+00,2.610974119066487020e-01,4.988387725222197311e+00,-1.711198717189450269e+00,2.280479413654518783e+00,-6.119017647172260155e-01,-1.762039324319237599e+00,-2.193465350661784719e+00
3.251841989281375689e+00,-3.400943841196724993e+00,2.446911590883998677e+00,-1.027329865189803737e+00,3.876769602932898628e+00,-4.686698266775879418e-01,3.162804255505671236e+00,-3.396638957151343341e+00,-1.907914503464094080e+00,-1.940390629377971132e+00
1.886306673438086889e+00,2.426103354667021872e+00,4.479776088048562088e-02,3.232416866170688685e+00,4.562412940893018742e+00,-1.942923978930051643e+00,1.847691793823502682e+00,-2.598976069685754453e+00,-1.661764783805146584e+00,-2.222067714270134609e+00
-3.484282492662640784e+00,3.379608227914458585e+00,-2.475621153231242211e+00,-3.374057042205512502e+00,-4.479224661697102761e+00,3.339218726816768346e+00,-2.186309894810970267e+00,-1.240691099184942026e+00,2.665967346848122865e+00,2.339325428774477800e+00
1.493720931445681188e+00,-4.679941491458388114e-01,1.597243174044784553e+00,-3.202620658544286236e-01,3.663138852139437018e-01,2.058857235580545897e+00,2.277455821686582560e+00,-5.051171921419363997e-01,-1.777771106992926509e+00,1.159904724218167038e+00
8.627979775198131307e-01,-5.910843373554696356e+00,1.482387352181228524e+00,-2.996795641047275804e+00,-2.937472857777201907e-01,9.598910870992369837e-01,2.163791707916676632e+00,2.212903374488361052e+00,-1.674511507733502436e+00,-1.216742198034728162e+00
-2.496665471487587773e+00,-7.166453270869659331e-01,-2.466984196315666455e+00,1.366583564701152831e+00,-3.204235444612727690e+00,6.245480744709999144e-01,-2.071121635467119138e+00,9.297769869926941766e-01,2.741550138802935077e+00,-1.539387861036508820e+00
-1.607980924789466526e+00,3.197817622378322788e+00,-2.453880502223737992e+00,-3.044312670224320172e+00,-4.012175603529411383e+00,3.469292228655396215e+00,-1.946512866319358270e+00,-2.672748523847164215e+00,1.920243551228033141e+00,3.150366844161048618e+00
-1.054649317971226630e+00,6.572972031609538579e-01,-2.431734833857106537e+00,-2.406427093898185099e+00,-3.767093462129950776e+00,2.749716851903806436e+00,-1.665227620321984681e+00,2.283499839084518257e+00,2.144452798101045943e+00,2.444739296537480122e+00
-6.682978668705046310e-01,6.839166512203500581e-01,-2.411458918746869795e+00,-1.603389253401963366e+00,-2.956248872281562079e+00,1.391015705538637626e+00,-1.519575763865507634e+00,2.770586607657383738e+00,2.250235303897114569e+00,-1.147511646289895992e-01
-3.028440804180764001e+00,3.510640579509002102e+00,-2.471796918352068051e+00,-1.098763914923699403e-01,-4.221505732711734460e+00,2.065569872474180002e+00,-2.142862482745927721e+00,-4.709381473383009720e-01,2.076823942651675914e+00,2.448959609802328963e+00
-1.764756384647321097e+00,-2.529613248041269635e+00,-2.455081706198722458e+00,1.142754656547965375e+00,9.025739861314637791e-01,-2.275397195247212956e+00,-1.963296045351032193e+00,1.724203518861196827e+00,1.680520418083881085e+00,-2.236560771503471656e+00
-1.863068250416678673e+00,-3.608451331654128902e-01,-2.455595763210221438e+00,-2.981902444641231220e+00,-4.052417285893840315e+00,3.065015303219440490e+00,-1.948924574376641461e+00,9.164087842596639888e-01,3.248884856214107941e+00,2.950042791699833522e+00
3.078704484788996609e-02,-8.154289719086038613e-01,-2.239094280742128351e+00,-3.360209242025376852e+00,1.709567743263192385e+00,-9.251772277003555978e-01,-4.376627465153125618e-01,-8.662258482074154387e-01,8.986276481355844059e-02,-2.038330934325379928e+00
5.855802217191961034e-01,-4.394553028745702861e+00,9.231081299305925469e-01,-2.585483113328232996e+00,-9.854280279762930306e-01,2.313988580055392319e+00,1.917802442460007750e+00,2.819035752310296239e+00,-1.692824887673912704e+00,1.780086705704079453e+00
9.366144968839131835e-01,-3.636822378530997657e+00,-5.718760844137014132e-01,-2.908173774573842074e+00,1.918192299186292082e-01,2.522882728703370603e+00,1.613084795739679667e+00,1.841820873054463625e+00,-1.592786286861817224e+00,2.115852741111794444e+00
2.350880581575966133e+00,-3.099605425028688188e+00,1.876264037398052587e+00,-6.946506734496735724e-01,2.229063396417140019e+00,1.938405269852538915e-01,2.302319266051146673e+00,-1.808974284295272295e+00,-1.763969972563523170e+00,-1.789928526634043893e+00
1.822052933405582387e+00,-2.501160272757072534e+00,1.906034215215376637e+00,-3.040837393832267477e+00,-1.224848293141500566e-01,2.631656703026576061e+00,2.137932915337414475e+00,7.524785379476668368e-01,-1.756931405143287606e+00,2.225561383010099092e+00
-2.209345537891246103e+00,4.753638805268058043e+00,-2.464169881114174121e+00,-2.411993860872289286e+00,-3.692322215126791818e+00,1.284812640096571812e+00,-2.054061837128870582e+00,-2.048602453440626192e+00,2.627863633340787430e+00,-5.771182789456610340e-01
-6.352268216544820767e-01,-2.361394744216249730e+00,-2.413858278436694871e+00,-9.516169795308919710e-01,-1.650808902170481374e-01,-3.729819202612270068e-01,-1.509814465838915876e+00,1.765398062136291024e+00,1.947631480625747091e+00,-1.983780537181939696e+00
-3.216580609450421679e+00,7.811366050134747052e-01,-2.473718895845189003e+00,1.306021089091760956e+00,-4.377606828288214125e+00,2.835415964747913797e+00,-2.163689831994851431e+00,2.192455102496573716e+00,1.508429815216834946e+00,2.838720205327626367e+00
-2.680276933721638333e+00,-3.983626077249591280e+00,-2.466742398355604493e+00,-2.535168306339465882e+00,1.821639738162389721e-01,-2.509490103991028676e+00,-2.090710528266548351e+00,8.227394716299301081e-01,2.077810404350003637e+00,-2.295528301761143641e+00
-1.727835343346161956e+00,4.335390646417806693e+00,-2.448376690645190479e+00,1.875617752889400691e+00,-2.636735560612274654e+00,3.211303435452759203e-01,-1.951111088565637530e+00,-2.866588048825858159e+00,1.469574082425011197e+00,-1.631685095231277360e+00
-5.902971592844963311e-01,3.692592886057890489e+00,-2.391376354131250270e+00,-3.236485275982507126e+00,-2.967343390984051421e+00,1.914690011343434861e+00,-1.432454815255180369e+00,-1.660102166446555394e-01,2.685583175673960099e+00,9.902544317468175983e-01
-1.828742976497905737e+00,8.444616604183095010e-01,-2.455783684808809042e+00,-2.606129723270287357e-01,-5.142856776149951070e-01,-8.231478971263692657e-01,-1.985739971614275401e+00,-1.124684803621306184e+00,1.788001995896613350e+00,-2.022077612282719095e+00
-2.784803641062341573e+00,3.276852845647293400e+00,-2.469822320855241671e+00,7.558916772443096121e-01,-3.771351055761268611e+00,9.194170839723980748e-01,-2.111666143866461454e+00,-1.669421609956281083e+00,1.679438349119022789e+00,-1.332171377671216739e+00
-2.239983944277560646e+00,3.586105608795385535e+00,-2.461931997994660115e+00,9.681566332713824607e-01,-4.094818861148835865e+00,2.225263770372842842e+00,-2.042632840430487651e+00,-6.500013515695681754e-01,1.741479574463587365e+00,1.439760492813182635e+00
1.692681605079659590e+00,-3.850304399948631939e+00,2.596498807974455758e+00,4.199244639463897144e-01,4.506791116927409746e+00,-2.700942176627584956e+00,2.336455729945346782e+00,-1.673567146337730627e+00,-1.792090341889175598e+00,-2.299346914037279532e+00
-1.464727889734239952e+00,-7.169242914245366194e-02,-2.433026099362678440e+00,-3.218902541166731801e+00,6.131314922498050102e-01,-2.203916842565428968e+00,-1.760870783623367908e+00,-2.222378539400152064e+00,2.262639718966129809e+00,-2.245138683096131071e+00
1.210180215632524536e+00,-2.458419374613308950e+00,-6.972473457734517099e-01,2.086537421759908639e+00,1.903113270176286953e+00,-1.643343154226046821e-01,1.652237123507640071e+00,2.460719233343938050e+00,-1.619357216748136485e+00,-1.710601316003519168e+00
1.361124189291502695e+00,-7.336284789751101876e+00,2.414053532149732728e+00,-3.492537568973853812e+00,7.378231666621116736e-01,4.707061582782627873e-01,2.645478722506882541e+00,3.227443690934114429e+00,-1.818661915865774859e+00,-1.527558014196982006e+00
-5.124232217165114456e-01,-4.686547019427472094e+00,-2.387798545186970767e+00,-1.663036097851841255e+00,1.369988002922832626e+00,-1.739711156410828519e+00,-1.397335957413615271e+00,2.569898793616532728e+00,1.407665591543636019e+00,-2.210560392912361394e+00
4.136372334437625753e-01,1.343517043019289536e+00,-1.884898672353920723e+00,1.400539186175140394e+00,2.841760086855633638e+00,-1.155373165663356794e+00,6.255417534496139353e-01,-4.273776759916811940e-01,-9.121708355397029067e-01,-2.111620047615909268e+00
1.260858244582611754e+00,-1.388665082001047768e+00,2.102925225987220870e+00,-2.056833433675823386e+00,4.344322189171963000e-01,1.536952728745536234e+00,3.145867315398244379e+00,-9.093340613939600026e-01,-1.928268773578859507e+00,-1.477118478350687436e-01
2.963122001124002480e+00,-4.778171346469016534e+00,1.875914072394825105e+00,-1.564199989676868574e+00,1.565725970503998310e-01,2.396366595240927211e+00,2.219830844557980853e+00,2.750967475696663556e+00,-1.754811654934162357e+00,2.482886567469400063e+00
3.079000803686709808e+00,-5.234782708467506041e+00,2.265567481207833467e+00,1.133633985130481747e+00,2.007791447760393311e+00,4.176362470480672329e-01,2.572917599512511533e+00,8.267917835828981765e-01,-1.786403372106427412e+00,-1.666999241990708036e+00
1.668540682382779750e+00,-4.814806874158798600e+00,6.144994040851771144e-01,-1.663862117603900126e+00,5.293667627608499515e+00,-2.422014482891647003e+00,1.809459416492791961e+00,-7.875485107621376102e-01,-1.680817112931068724e+00,-2.283211073839890748e+00
2.905092395479850431e+00,-4.415934896674478694e+00,2.172504354244229496e+00,-1.443208502334701215e+00,4.003872105819595184e+00,-1.600051737487183434e+00,2.755134696662590699e+00,-1.379940046191958647e+00,-1.837923924923749119e+00,-2.162814401332611158e+00
