2.308836977521996126e+00,-2.405044925913717435e+00,-1.516052553203617870e-01,5.449721427160996612e+00,4.501159575423852033e+00,-1.986178765284634107e+00,2.641748563854552145e+00,-2.379311262193887444e+00,9.168536913483238404e-02,-1.463742486140583443e+00
2.755330341503445801e+00,-9.037069681516891606e-01,-2.052342693528830253e+00,2.958161426141424855e+00,2.392095997686975561e+00,-3.007808014824156828e+00,-2.749531029858049536e+00,-2.234427899292350972e+00,4.527782971429237691e+00,3.018016716587174297e+00
-1.884291686530820575e+00,1.131742837248486566e+00,-1.876148596938493451e+00,-4.951245882240425944e-01,-1.682274951491888437e+00,2.285219708674469885e+00,6.283329244997659657e-01,-1.498103978749014686e-01,-2.730847173733714328e+00,1.828442950117326049e+00
2.486661136854690479e+00,1.151488299295779782e-01,-2.003516666676299796e+00,2.562928376104729011e+00,3.067647145632943939e+00,-2.326213951782354350e+00,-1.739510503985177703e+00,-2.300154571748671550e+00,2.837451758719921280e+00,2.421910849576861757e+00
-1.894161903458941643e+00,1.295940079872632822e+00,-2.037832444742643467e+00,-8.108986998308048699e-01,-1.816281909896880542e+00,2.387474981036957544e+00,-7.052232321352436273e-02,-1.248538425599249324e-01,-2.586554193205852670e+00,2.551595337487871262e+00
-2.030076327164736849e+00,-5.705640473840878357e-01,-1.947234320005656327e+00,-1.065387710771532603e+00,-2.022242779107055632e+00,2.892587160569346949e+00,-1.521565543375245078e-01,4.815028992720294387e-01,-2.760643362310065463e+00,1.935413882012144704e+00
2.381889753321724701e+00,1.103794784467313939e+00,-1.997203243257104743e+00,3.222127232153730869e+00,2.530740831054964612e+00,-2.586481639319628378e+00,-1.451804588529683304e+00,-2.216830613612415402e+00,2.055605091416462749e+00,2.261566506126983178e+00
2.386136085876566781e-03,-1.835832919634453386e+00,-2.053594552270358697e+00,2.547706099087770681e+00,1.070754905822952852e+00,6.092573548034865283e-01,-6.796207924297661407e-01,-2.096555039817997734e+00,8.851736728827922507e-01,2.843838771425851064e+00
2.748163855627469676e+00,-2.689514056592641200e+00,-1.975425341395312229e+00,2.978509557263765650e+00,2.329525698574002046e+00,-7.097884348127028176e-01,-3.072624038087872655e+00,-2.226893245144546452e+00,3.701152105906504008e+00,2.323667952506855983e+00
5.158984624370395622e+00,-2.294852362231918352e+00,-2.012400164530449231e+00,3.170790949964938932e+00,2.304339309978370220e+00,-1.716230076090575984e+00,-1.165833420020460309e+00,-2.218878851614133563e+00,1.017641056833369584e+00,2.335848224769709880e+00
-1.952732487969243591e+00,3.329079925407401497e+00,-2.024210465566135486e+00,-8.626163694731230347e-01,-1.814176230840716331e+00,2.551783352008331285e+00,-1.776720410598436661e+00,2.575130942167247472e-02,2.098319096749312052e-01,2.538681395983814149e+00
7.182795918074129649e-01,-3.261495500547781035e+00,-1.829262969126827398e+00,3.008036019235323266e+00,1.506265176986041787e+00,1.615835747556921831e-01,5.085189846428592730e-01,-2.130805635508047136e+00,-1.676975725865957056e-01,1.594376536943108658e+00
2.284171765857680114e+00,-2.801604676872939237e+00,-2.042062835575759738e+00,2.861472526557246709e+00,2.172773072868038557e+00,-9.765486994621204175e-01,-7.343327031388735548e-02,-2.187009750909210126e+00,-5.627544877349745234e-02,2.596077598106735884e+00
-5.523282538862583912e-02,-4.560086077229308366e-01,-9.476328050820963522e-01,4.687800734627892929e+00,1.857841952926547968e+00,5.468354886481838761e-01,2.032744745134372977e+00,-2.199694973154079580e+00,-8.649534280223836191e-02,-8.464797339231806550e-01
3.019210117720692921e+00,2.522766265348628245e+00,-1.904242946443350570e+00,2.955650872464105738e+00,2.299664362380353655e+00,-2.527848307496368907e+00,1.020958870587242551e+00,-2.205836233767013876e+00,-1.497030181670371274e-01,1.806523183444717295e+00
-1.086545778542122642e+00,1.096667829076973355e+00,-2.065616088854606236e+00,3.048152925654890044e+00,-1.339211082001871278e-01,9.490719408872259066e-01,-2.035807696772081954e+00,-1.820472604481720325e+00,2.653251474225469586e+00,2.984847616269004078e+00
1.821973090627576841e+00,7.583080188812258982e-01,-2.029175521492919021e+00,2.576450083217456388e+00,2.457547375116633681e+00,-4.048976623660300866e-01,6.608791174545194380e-01,-2.256846850444248265e+00,3.667544413543791793e-01,2.461032719076680308e+00
2.059302001253636050e+00,-3.312822686853987175e+00,-1.967502076853592463e+00,2.828749233445569722e+00,2.538035137412450126e+00,-1.092356404164041894e+00,3.819694929260730731e-01,-2.252191406171723642e+00,-4.359186936281647662e-02,1.965607176880282303e+00
2.231324961254117500e+00,-2.894311178819375385e-01,-2.011062220210978246e+00,3.531418834333098999e+00,2.744376045829235888e+00,-2.156058401571955052e+00,-6.870824475865058290e-01,-2.279254625699173253e+00,1.237503003839912630e+00,2.464215103680166052e+00
-1.977274942029801474e+00,-1.989842775194637925e+00,-1.940744014103154447e+00,-8.252682366355557075e-01,-1.923452995803540011e+00,2.683596857408300451e+00,1.135929373359203964e+00,5.740518014846305445e-02,-2.956301110785038766e+00,2.063040212417710961e+00
-2.122227861626053258e+00,1.660187301081924360e+00,-3.922952193786599651e-01,5.887657527601275476e-01,-2.154745887573024543e+00,3.450562294309776235e+00,2.632343298605240633e+00,1.441100833393593739e+00,-3.321031805302256057e+00,-1.434636453379423804e+00
-1.685742658648677228e+00,-1.124117632886100004e+00,3.058028921000632283e-01,3.485659432195652663e+00,-1.405398262646256446e+00,1.656550314616535680e+00,3.310989574301389737e+00,-1.064760287259227001e+00,-2.662480280746281291e+00,-1.779311346730838794e+00
-2.053957029402865953e+00,-7.806296118661864014e-01,-1.968424551655052257e+00,-9.870444705251447681e-01,-2.053766392395978357e+00,2.994796445308741895e+00,-1.419095672815042786e+00,3.734022021299102656e-01,-1.330559787277255213e+00,2.110438032552850007e+00
-1.017132456325390955e+00,-1.910187972879311857e+00,-2.117092236646558323e+00,2.574129438264799674e+00,7.436937211773825274e-01,9.376598115125451827e-01,-4.818246873300191524e-02,-2.024722260432770149e+00,4.620481153637279181e-01,3.514593297279439810e+00
2.643567340033022184e+00,-2.337679595740091543e+00,-1.627522121948073552e+00,3.134761750825636906e+00,4.002371773842962277e+00,-2.197247145446731054e+00,1.517596381488548474e+00,-2.360631841062824421e+00,-6.074679831885732018e-02,3.525093653205401689e-01
2.105492150607426893e+00,-8.887415337387549741e-01,-1.852336232009243577e+00,2.488504233761356765e+00,2.458240774746114354e+00,-9.554785225661328596e-01,1.308935913650091543e+00,-2.266987535846722412e+00,-5.432035335379581387e-02,1.395985076086587728e+00
-1.167687277664544165e+00,-1.229368613814536548e+00,-1.187922154931832841e+00,2.935188749249910245e+00,-7.054680935015595900e-01,1.173172596937444467e+00,1.822461340071318325e+00,-1.627512462076978306e+00,-1.478987394930557642e+00,-5.776772584659678467e-01
-2.107793146536011353e+00,2.089491904270701639e-02,-1.728140897546130317e+00,-1.210972474248301900e+00,-2.128813501047621237e+00,3.335121278301959258e+00,1.378677259193302085e+00,1.755509640518062575e+00,-3.168683061001764667e+00,1.006728682180725531e+00
2.641151988364341285e+00,2.806203375661495691e+00,2.914911619967802681e-01,6.085128625110249878e+00,2.947092481403775110e+00,-1.966171128343794150e+00,2.976940049137623667e+00,-2.296175513626742326e+00,-2.567282808104212055e-01,-1.639190503420461242e+00
-9.372462429725632038e-01,6.165689035309975807e-01,-4.619080999594016301e-02,4.352489500468933237e+00,6.048817316011745326e-01,8.535864029237822947e-01,2.573189945663603595e+00,-1.946258841876969292e+00,-4.209472220845704160e-01,-1.428315400912018251e+00
-2.074861001935686122e+00,7.818634763699430223e-01,-1.974034488776822638e+00,-1.297350825344814274e+00,-2.082353318882768090e+00,3.111154794389359601e+00,-7.345120569135641375e-01,1.340059233117004034e+00,-2.519562381609941948e+00,2.145658937481931261e+00
1.559660077226066477e+00,-2.438293915278506141e+00,-1.901931253601501393e+00,2.898378411326524073e+00,2.348018919254956316e+00,-4.744116037509598094e-01,8.789001997690677470e-01,-2.240466665405107527e+00,-2.159748113597502184e-01,1.671895472750496658e+00
-1.554230920132054772e+00,-2.050239116628874481e+00,-2.622224955587090789e-01,5.520103255240957907e+00,-1.010559857051501531e+00,1.478704403860405137e+00,2.337259944990802474e+00,-1.200412541887779128e+00,-2.126594975989978931e+00,-1.222183805084783081e+00
-2.063247018458389981e+00,-5.730817365253511042e-01,-1.659421778225121935e+00,-8.279513255730627241e-01,-2.081098504819888007e+00,3.113781362830263966e+00,1.425677615503277096e+00,5.296644552157416808e-01,-3.159456069531128453e+00,1.021783509112384136e+00
-4.836466866367838402e-01,-3.254725682549666210e+00,-1.958829297802865188e+00,2.406179454411775165e+00,1.068255605138880293e+00,6.046346627132068718e-01,-2.100810438777620082e+00,-2.099060864375397628e+00,2.803637670633062129e+00,2.141366965912686382e+00
3.181305837517227175e+00,-3.461756739074902445e+00,-2.079611329863893854e+00,2.546280793337518666e+00,2.504684349257799703e+00,-3.462352578391418856e+00,-2.263752236004632934e+00,-2.243658509500563003e+00,4.864418362853767164e+00,3.367943938159531747e+00
-1.252312543612996043e+00,1.919595431862286539e+00,-2.059795688407248804e+00,2.845709189368358150e+00,-4.592275124496575378e-02,1.039082901620166588e+00,-3.064431832214350226e+00,-1.770290507912173794e+00,3.189044018885632603e+00,2.812758202013564190e+00
3.737858771145647463e+00,2.473610327385120655e+00,-2.020093658675220727e+00,2.711286547550215698e+00,2.868240350067091438e+00,-3.457985641945880317e+00,-7.996158305456630977e-01,-2.270541056527582313e+00,5.262975022889573307e-01,2.698028738877213506e+00
2.613691026732785527e+00,3.150736718742250808e+00,-1.456441820243382201e+00,3.344113016251203163e+00,3.576148845747843197e+00,-2.569437337116068143e+00,1.665640685806156540e+00,-2.332046117294753529e+00,3.821338954129965826e-02,-6.735524789345641306e-02
2.208456384127479577e+00,-2.536562849140265197e+00,-1.992930483302129741e+00,3.662489494998423467e+00,2.636139634237064655e+00,-1.931878292360650562e+00,-1.062568794450879928e-01,-2.270612127974043659e+00,3.607052575017880014e-01,2.554023624721966534e+00
1.898702725492279919e+00,-3.082668853601544523e+00,-1.788024478166990283e+00,4.000452948241569828e+00,2.329175162443589020e+00,-9.829058928684042407e-01,1.048962696321788179e+00,-2.257685669654854621e+00,2.844569167066023363e-01,1.287487445860667323e+00
2.771042447160541489e+00,-9.763001874054726414e-01,9.146958472656692152e-01,3.762896575731167648e+00,2.430151025018562727e+00,-2.270008715587527703e+00,3.430241337358022058e+00,-2.254778934418547376e+00,-2.616363180635108421e-01,-1.822654895750122961e+00
2.508879526046473352e+00,-3.489793287494852958e+00,-8.114971600678120289e-01,4.271464040826456809e+00,2.902049912880721116e+00,-2.864150652672781572e+00,2.191770567342020470e+00,-2.292359745372794855e+00,8.978714675022492209e-01,-1.098775703586872599e+00
2.838011804081255640e+00,7.313080138566476762e-01,-2.074747090275205874e+00,2.662551088665422672e+00,2.631922717646993704e+00,-1.211201849593929847e+00,-3.011890541920639652e+00,-2.281325223457632667e+00,5.874056240340141954e+00,2.884013334201499745e+00
2.548820649364075042e+00,1.891422255408437003e+00,-2.044514693226215041e+00,2.498637161303001619e+00,2.431193728330509618e+00,-1.539798829437642347e+00,-3.145937248577548306e+00,-2.265155713758806311e+00,4.251943426887891064e+00,2.664158587719211990e+00
-2.110686681916319252e+00,2.128972341322151962e+00,-2.129979866651101172e+00,-1.332724417502294534e+00,-2.139447438238867960e+00,3.368788492704999804e+00,-1.387988852487195501e+00,1.289761830426848999e+00,-1.157929026339177270e+00,3.565829632340222766e+00
-1.222028761015742759e+00,-1.422182576784243757e+00,-2.546551879936069795e-01,4.907435298386483069e+00,-7.247285947190523769e-01,1.338883456674052397e+00,2.674467742075613330e+00,-1.518782219622491159e+00,-1.326127009946729940e+00,-1.490198100644014589e+00
-1.741063592073255561e+00,-3.973668938095711312e-01,-1.926134223253127775e+00,7.008428671547033417e-01,-1.495364451129913119e+00,1.785851232259561883e+00,-1.994046350582339144e-01,-9.426071514458685963e-01,-2.231331593993301166e+00,1.871455655252869388e+00
-1.538787073591439292e+00,1.992346759571241854e+00,-2.054612819750173625e+00,7.866264175192062558e-01,-1.232013411845364059e+00,1.528871233408032992e+00,-2.203637668404469618e+00,-1.074920101703583875e+00,2.373586633538491419e+00,2.698906872967153703e+00
-1.924082519992173612e+00,8.939075623570937879e-01,-2.012802587777761332e+00,-9.462230628481409500e-01,-1.876303140396240021e+00,2.525219800743007781e+00,-3.439625029002608692e-01,1.057706420184267304e-01,-2.631631792229727207e+00,2.395556371838048371e+00
-1.940080539904457835e+00,7.288593356569803561e-01,-1.990991895660246369e+00,-8.279591787478862708e-01,-1.851693610760526632e+00,2.502462497742909520e+00,-2.724605168505950470e+00,-5.916476486587457506e-02,1.426026305871407773e+00,2.159364738214497592e+00
-1.893744987234168731e+00,6.684884187879918116e-01,-1.909287663847115679e+00,-8.499106212290652440e-01,-1.844264069710558340e+00,2.439067464207094638e+00,1.253160767565853817e+00,-1.486621791901471257e-02,-2.963823136682503634e+00,1.714724912598972750e+00
3.564956506661014934e+00,2.911380085016772590e-01,-2.000351813525401923e+00,2.641430313415728648e+00,3.704650334289925073e+00,-3.441085694228282144e+00,-7.831582721354646281e-01,-2.342928390901245272e+00,8.164130379049678865e-01,2.217559439834332569e+00
2.861489017411659841e+00,-3.210661853900746987e+00,-1.883354204688444389e+00,3.549544775393552065e+00,3.075199591536073029e+00,-2.968065919602500990e+00,3.831227194059128038e-01,-2.270791471182262100e+00,3.533470965878687808e-01,1.632161462505562266e+00
2.932826387436128002e+00,2.011803455677720898e+00,-2.055983045423277478e+00,3.840263108263034297e+00,3.684953079275654630e+00,-1.472954604025970671e+00,-6.812147586969476976e-01,-2.344875790956065131e+00,8.330826908641602024e-01,3.067115413248065359e+00
2.589662411034887590e+00,3.324214914767393836e-01,-2.029868127820293466e+00,3.222704221692410442e+00,2.603142237574736839e+00,-1.402809277410785427e+00,-7.939336666141691978e-01,-2.246011105575966393e+00,6.563035654701488975e-01,2.578764332704588824e+00
-1.894133301804596048e+00,3.286080672842680350e+00,-1.997552227065720221e+00,-9.248767412478464678e-01,-1.698203001318655314e+00,2.278564588972167293e+00,2.360090032813042527e-01,8.023878010669838190e-02,-2.385971345664977594e+00,2.356487795473941826e+00
-1.858203272551584906e+00,-3.221437635465649763e+00,-1.245707393549439157e+00,2.060581705406417941e-01,-1.804699914547388762e+00,2.272473125299711683e+00,1.664945369118104423e+00,-1.321305886132843055e-01,-2.991159126289061110e+00,-1.599174049757744465e-01
-2.080972643811830558e+00,-3.474613505853989537e+00,-1.919807162788023103e+00,-1.105797675822650650e+00,-2.082770454065381749e+00,3.148566829336452599e+00,8.229753916609183761e-03,8.856233994698481382e-01,-2.780199445351630327e+00,2.118756007817690357e+00
-4.450763667283452740e-02,1.905096063238783444e+00,-1.729774216867277392e+00,3.005833897007698319e+00,1.369925235633238536e+00,5.221922379800334468e-01,1.412615915255471144e+00,-2.142936315096680477e+00,-3.266030138947838002e-01,8.418137153434304132e-01
-1.600395744595671355e+00,4.521756670737451245e-01,-1.972474509127928766e+00,2.941570378153841148e+00,-9.583058932813958153e-01,1.509306362902998799e+00,-6.069329711140749595e-01,-1.440218937985717540e+00,-1.340016036212496209e+00,2.140917777165957325e+00
3.019854868803987458e+00,1.009164858402144205e+00,-1.826626106147400508e+00,3.033790783039994388e+00,2.243732136633287855e+00,-9.114419300578187055e-01,1.029395626368499350e+00,-2.252709346247668609e+00,4.160113652964370079e-02,1.605196151922814618e+00
-1.257439880837228019e+00,2.754390915353931213e+00,-1.751232683851453586e+00,2.545912688867506546e+00,-4.656162756599936947e-01,1.214714281678058505e+00,1.213783845050325993e+00,-1.643866861344942087e+00,-8.628215877737489548e-01,1.365138225893252066e+00
2.506133041660196348e+00,2.534258390946055428e+00,-2.050420792445463825e+00,3.238642386077160040e+00,3.175375318387125834e+00,-1.439248817523517410e+00,-2.630079085261150418e+00,-2.307714595577102568e+00,3.685374235756118999e+00,2.868063183796869087e+00
2.074142569750050402e+00,2.809627578888530763e+00,-2.061795931518559222e+00,3.420885540682000681e+00,2.414447302939511264e+00,-8.543374525919071871e-01,-2.055069440073739706e+00,-2.263160566911729177e+00,6.302386125623165469e+00,2.891074198287883590e+00
-1.954430446351353989e+00,-1.391698582711829779e+00,-4.244453043558923944e-01,1.037385369678478941e+00,-1.887437746152092588e+00,2.565588461319733504e+00,2.414354053604538031e+00,5.373818314470693580e-02,-3.135331932522059439e+00,-1.178049797199700377e+00
1.568381015033620596e+00,-1.984941742890093952e+00,-1.827417281613667344e+00,3.129341890058416897e+00,2.133728506387551960e+00,-3.490498961367753950e-01,1.151246567259399889e+00,-2.161688097477262538e+00,-2.724286721788607979e-01,1.446692882189111851e+00
2.761879317894163410e+00,-8.785508578320500028e-01,3.864577432168129212e-01,4.876872778205791903e+00,2.582326753588631618e+00,-2.118304842400617005e+00,3.361347639876055560e+00,-2.276734499095388387e+00,-4.345847214894530408e-01,-1.800461585660987129e+00
-1.834973894476039424e+00,-1.292640205701629075e+00,-2.021962878447111756e+00,-5.260188028931078730e-01,-1.702479109336435759e+00,2.119454235949536525e+00,-1.727244958173981271e+00,-4.408499760390329758e-01,1.959403973697025625e-02,2.453744992138794156e+00
-5.860766651820276119e-01,-2.592743951987199758e+00,-2.148808211205673668e+00,2.813022915462947360e+00,1.422512189849094000e+00,6.553971411384056367e-01,-1.785464663366380211e+00,-2.085018035135673742e+00,3.647967865079746019e+00,3.858958304339683565e+00
1.993197866982544086e+00,-8.110609306322968948e-01,-1.988934356684278759e+00,2.639752671755914548e+00,2.291130453532244093e+00,-6.082625183814278635e-01,-2.156337410551653733e+00,-2.249815618803519879e+00,5.383244167610139463e+00,2.520442411145230821e+00
-2.091953110051227416e+00,1.211136956886171845e-01,-1.676818376793788090e+00,-1.056898583257243063e+00,-2.099369965772849511e+00,3.229468702084921539e+00,1.566350958729618270e+00,1.072849454875772324e+00,-3.196129296008942244e+00,6.542004854318228535e-01
-1.615653653126391864e+00,-3.370122920798167776e+00,-2.096472545165987356e+00,2.610884705712542164e+00,-1.187504191973490109e+00,1.510690477432815371e+00,-7.013124161100989795e-01,-1.166943095146615317e+00,-1.249956575115062307e+00,3.165300736355625144e+00
-1.352510646620121548e+00,-2.660621861468746019e-01,-1.970464338819813088e+00,2.685083489610982088e+00,-9.939733433170057086e-01,1.402506328016202453e+00,-2.308023571046221356e+00,-1.469422711408658877e+00,2.573989621472160039e+00,2.324777936189828420e+00
-9.492179344955584686e-01,3.047736560570776021e+00,-2.055285433409392848e+00,3.248962740445596520e+00,3.107076897117985737e-01,8.928069141609054071e-01,-1.538996607517830739e+00,-1.983050415339819184e+00,1.656671779360116226e+00,2.990362056769591881e+00
2.217354867990658729e+00,-2.561392902786598924e-01,-2.080019615988000670e+00,2.747970559395998436e+00,3.864768218537561140e+00,-2.637011337681411494e+00,-1.285865901625055763e+00,-2.346474935883722690e+00,1.718898709408927417e+00,3.354680106489240643e+00
-2.030769228274508009e+00,-2.292430946743966302e+00,-2.826347200790418901e-01,3.943827111211325454e-01,-2.023514705416393333e+00,2.926753079079174924e+00,2.619861919656573335e+00,9.986919457753190565e-01,-3.236995089624086663e+00,-1.464849567960548882e+00
1.791999934476385947e+00,1.764701358820649268e+00,-1.994983167394227985e+00,2.681763399752141730e+00,2.341638057927548644e+00,-4.640192319215676875e-01,-6.212370457255693701e-01,-2.250776641826688351e+00,8.510529744171567712e-01,2.311407638031413914e+00
5.921881584435569890e-01,3.057292525175043352e+00,-1.922023000717209662e+00,2.728154919292573144e+00,1.701354130461576686e+00,2.796407172729544754e-01,2.224718222780421861e-01,-2.140074233948557225e+00,3.159639846259029161e-01,1.624494562132680731e+00
2.957098370171989732e+00,-2.414339641682268223e-01,-2.094811307032089953e+00,3.731644219732331180e+00,2.440924681833562371e+00,-2.824014137839452765e+00,-1.203830178873546153e+00,-2.250663054690270837e+00,8.560602202683260664e-01,3.307685550379007910e+00
-8.871976359745555873e-01,6.882548451497605413e-01,-1.948950855730711362e+00,2.539284076856898942e+00,5.356583785131571185e-01,8.410826822328605346e-01,3.207824422941398801e-01,-1.940546574768141852e+00,4.204450300346609382e-01,2.374316628675180230e+00
-1.435457441704794057e+00,-1.155207905901123766e+00,-1.949236427031848740e+00,6.620668621925580588e-01,-1.068187205952449981e+00,1.371660730702821240e+00,-1.400298160024834537e+00,-1.051980412770358253e+00,5.366630511749126420e-01,2.005797560425582660e+00
3.007592707193350812e+00,3.055217102707350918e+00,-2.027418670622509023e+00,3.130858170622130565e+00,2.644659820328834954e+00,-1.619513089889399238e+00,-6.980750222640597080e-01,-2.252542537634015130e+00,1.076112737713612155e+00,2.546078838207008754e+00
3.124612183641134688e+00,-1.466590328236394569e-02,-1.867920712743241118e+00,3.545697686579496466e+00,2.542113890016036937e+00,-3.278166916301326062e+00,4.944839792308011184e-01,-2.265177842279977316e+00,-1.677408455222471062e-01,1.646483066744669932e+00
-1.868567388816096742e+00,2.379676934227722640e+00,-2.094985718549637443e+00,-1.118483974221415655e+00,-1.853851032739471050e+00,2.429732410603866910e+00,-1.572451542585876494e+00,5.447089770511794882e-01,-3.657382265375674901e-02,3.331648063667337567e+00
1.797906027025478304e+00,1.169156130848375774e+00,-1.975500173657869896e+00,2.458070476022175210e+00,2.506737897427570694e+00,-6.625897558754401118e-01,-3.133696857438872385e+00,-2.249640944601573267e+00,5.581975771067394732e+00,2.278995848856181006e+00
-1.870090465214251152e+00,2.621352958220407814e+00,-1.569433460341048248e+00,-6.277661178909308415e-01,-1.812378494113498162e+00,2.306241097820446839e+00,1.644363288551477176e+00,1.814231241300307551e-01,-2.970974642659937270e+00,2.275516411578569209e-01
5.561531038067352162e-01,-2.568016850669595730e+00,-2.235905711632546478e-01,5.446137273967766035e+00,2.290933382805054652e+00,3.234103602414344358e-01,2.678922097326462470e+00,-2.238003887555198190e+00,-2.802827260928648645e-01,-1.433259669674975090e+00
-2.054897181356022173e+00,-3.193203601925258539e+00,-1.978271639999742204e+00,-1.178296872089404479e+00,-2.052302591346171656e+00,2.995943269215498361e+00,-2.337278602842225439e+00,7.653749409952879112e-01,1.147629931707624173e+00,2.156973739129084855e+00
-1.763554065425880557e+00,-7.448868815779396968e-01,-1.068344664950233280e+00,1.067006802623159167e+00,-1.684012238378886916e+00,2.115430332017305126e+00,1.845097187857597021e+00,-3.007940984876493751e-01,-2.860999041037080026e+00,-4.689080447641695848e-01
-1.036577210186431452e+00,-3.030380556817747539e+00,-1.798445656844744889e+00,2.167939334769184878e+00,-4.084412552380428663e-01,1.042684546686992064e+00,1.221556473625818207e+00,-1.503352878415019411e+00,-4.225540648123996545e-01,1.119078856553842982e+00
-2.571841903265102980e-01,2.539247799616241252e+00,-2.050223192550576279e+00,3.350080021682566134e+00,6.138817628375365931e-01,7.367585135741778757e-01,-1.090048430293767634e+00,-2.010118068214540976e+00,3.451236736299890806e-01,2.916137877543949486e+00
2.973779000234408443e+00,2.608446801152969563e+00,-8.464249288949974304e-01,4.232183975454678837e+00,3.193546078582974346e+00,-3.055914461797818227e+00,2.190634938034959234e+00,-2.313486859056435474e+00,-4.249862964601658355e-02,-7.712516350541760435e-01
2.600519963993503048e+00,1.759513053096264379e+00,-7.636895036711812690e-01,4.764573569601514791e+00,2.914591729729180791e+00,-2.895523711972886272e+00,2.223461344274477725e+00,-2.293394417204190017e+00,1.716003128393498445e-01,-1.100470978489157980e+00
-1.925241274601997565e+00,2.668714628885394013e+00,-1.945036914421641283e+00,-5.787934720682113010e-01,-1.799903948829173261e+00,2.367669828998764991e+00,-1.508011383253720528e+00,-3.166014275532257893e-01,-7.867875950751420655e-01,2.086666589179921871e+00
-1.336330642842280314e+00,4.697811697503713191e-01,-1.991370671802765280e+00,2.739585204715877076e+00,-5.796043719457830701e-01,1.173079176419487446e+00,-2.020605979532200003e+00,-1.603028516293694805e+00,2.699026316599014041e+00,2.311396536063435647e+00
2.222313050281574220e+00,-1.320597883874000011e+00,-1.983483684487889809e+00,2.910458760173855630e+00,2.540609390842500481e+00,-1.279401437810760100e+00,-2.411956942029399364e+00,-2.264458632218268264e+00,4.214562910431834730e+00,2.421157981059927078e+00
-1.001501597812200162e+00,2.473388423330509234e-01,-9.623080009865645490e-01,4.856238013781081442e+00,3.511809922133305450e-01,9.285414850334650083e-01,2.048762333031876715e+00,-1.943712352523373488e+00,-6.825663382790252420e-01,-9.082398168294791851e-01
2.357811029556537541e+00,3.480836080688413325e+00,-1.895839389239357464e+00,3.562637228098457065e+00,2.612285854220675496e+00,-2.345671527897419839e+00,-2.857145877552106139e+00,-2.281011721432389283e+00,4.293621672110442766e+00,2.216063847596951408e+00
-9.966735600727085753e-01,2.055686297361439152e+00,6.911351928019479063e-01,5.170588054195054184e+00,-1.475543527611818673e-01,9.795940442389650116e-01,3.237317762630688378e+00,-1.783630938515594844e+00,-1.343146022990654664e+00,-1.762379774943503730e+00
1.404721886183214030e+00,5.554862778564304548e-01,-1.333588872313488771e+00,3.971080814998532382e+00,2.352459452437400511e+00,-8.728357407032394377e-02,1.790188811752909892e+00,-2.255226740770400085e+00,2.864213603781126105e-01,-4.713996614244312378e-01
2.497605114352384525e+00,2.042046175673464248e+00,-1.987966621565054437e+00,3.049586360430933230e+00,2.284555134357411088e+00,-2.047581566797220809e+00,-1.934182106446899585e+00,-2.231452168297678451e+00,3.650145642902679732e+00,2.353685729982524233e+00
2.554997607799828874e+00,-2.192475222867330764e+00,-1.938066270890382414e+00,3.552052809406965217e+00,3.304718688912247071e+00,-1.079088924507627389e+00,9.469109656052170365e-01,-2.322745797509786492e+00,1.654634877245911850e-01,2.328002076666987996e+00
-1.752288893621172905e+00,3.397216380906009192e+00,-1.971744370213371900e+00,5.141239658737258023e-03,-1.498998112798818783e+00,1.968280443033775917e+00,-3.180566906373331726e+00,-8.016144276298020621e-01,2.079727132321021354e+00,2.478325590450951577e+00
2.821345651555118295e+00,-1.011826792014293819e+00,-5.405704017270938078e-01,5.898125764339069654e+00,2.614959951276641270e+00,-1.762641903331983784e+00,2.215561271408165389e+00,-2.278649096861760093e+00,-3.956189017412354292e-01,-1.088724180437379507e+00
-1.419904928318603821e+00,-3.364788366991837254e+00,-2.001772085591420947e+00,2.033186730254954000e+00,-6.990471913446065777e-01,1.284961493050882808e+00,-3.286260427653674654e+00,-1.649208936150724503e+00,3.409086953028374722e+00,2.436377749085982813e+00
1.728670320991587905e+00,2.645900510801581618e+00,-1.600295331085774819e+00,2.873645811552863805e+00,2.120442559411840566e+00,-7.422450158153757194e-01,1.527588891672166049e+00,-2.238485576496141771e+00,-2.792586880263526750e-01,6.448250749246871028e-01
2.628421304775816925e+00,-3.480713043917107452e+00,-2.063523958360419019e+00,3.451580096461672298e+00,2.003344748329760172e+00,-4.765173907907600537e-01,-3.164161249508922857e+00,-2.229549208349231648e+00,4.651158977009663076e+00,2.914623086952450315e+00
2.566184183469026436e+00,2.655089599378492871e+00,-2.087520783412166736e+00,2.847466336608002635e+00,2.406549254277090988e+00,-1.333239090757590617e+00,-1.295205012276299694e+00,-2.220619590706953694e+00,1.052300992108784472e+00,3.254866231006693589e+00
1.758858576931972006e+00,1.419496344000965138e+00,-2.059308486725726528e+00,3.316411775026365305e+00,3.181245524318031759e+00,-6.740021649105361057e-01,-3.472442511077377780e+00,-2.315017188632068290e+00,3.980245124251875932e+00,2.785635955262248942e+00
3.838558858829392406e+00,2.275399152254649060e+00,-2.020649570515595350e+00,2.617724437000448212e+00,2.809115044861696830e+00,-2.223482743114913340e+00,-2.887047228760680095e+00,-2.284099428732211834e+00,7.175129038385541946e+00,2.507450071148502158e+00
-1.798023221611592559e+00,-1.863007215527202387e+00,-3.416675949200431717e-02,8.367221533757833729e-01,-1.688014361996838852e+00,2.087953152373001053e+00,3.022932545953742611e+00,-1.784640526425101403e-01,-2.966152901676089915e+00,-1.636344222265126103e+00
8.133329758679694876e-01,-1.335630196015649140e+00,-1.866960290655551802e+00,3.247582898652758843e+00,1.452973173510697880e+00,2.889099501865954878e-01,4.802481481682785436e-01,-2.115039611861186941e+00,5.652974888862088987e-01,1.662302269903541241e+00
3.390221112143008697e-01,-1.397159112284278137e+00,-2.012771006900841098e+00,2.367374046320075642e+00,1.183276255872782290e+00,4.343009410613354326e-01,-1.982403356336810418e-01,-2.075617592999554617e+00,7.499336734181500930e-01,2.332435188013403771e+00
-1.979388427260366345e+00,2.362905123984107014e-01,-2.147480698946251376e+00,-7.848297232968790560e-01,-1.921453274374677056e+00,2.602223069903190300e+00,-3.720248816335702813e-02,-5.015081884024580328e-02,-2.658384883471831994e+00,3.809318043173449908e+00
-1.972589881947627521e+00,2.031673388777358369e+00,5.727622369599933982e-01,2.206209327703504974e-01,-1.915867573448107430e+00,2.601869240027961716e+00,3.492465137344304082e+00,4.876159734454573180e-01,-3.214991807705234184e+00,-1.839461171650607740e+00
2.880395465985869485e+00,-1.388235415274644780e+00,-2.062190542382924541e+00,2.646065572736595595e+00,2.864982545609144005e+00,-8.613162403373020304e-01,-7.467880345384583229e-01,-2.259230775304284844e+00,5.844913914121360188e-01,2.865783869209477253e+00
1.019310195408517750e+00,2.428002364547694469e-01,-2.001222584691961792e+00,2.414807847076507752e+00,1.760083473680939870e+00,1.923240500994554125e-01,4.332842550818307714e-01,-2.193491080567206541e+00,-2.683387225941616938e-01,2.535410978815417771e+00
3.517271193404904572e+00,1.584574546149395857e+00,-2.066116602377640277e+00,2.952569843488577206e+00,2.543725574692879299e+00,-3.082956082935028874e+00,1.657809951180437835e-01,-2.248237423955484093e+00,2.594082824553630151e-01,3.050150003801220144e+00
-2.085764432147775072e+00,2.609029835638381201e+00,-6.037504286939241460e-01,2.752667572377881511e-01,-2.091761658767537835e+00,3.195126268473343245e+00,2.509702564665868607e+00,9.286841105615744052e-01,-3.267284882939709423e+00,-1.333698866940221661e+00
2.147011692733910238e+00,4.426500688785872661e-01,-2.032903689408104952e+00,3.284822963802640494e+00,3.098720836699080827e+00,-2.321116943707647984e+00,-3.300788118488668488e+00,-2.307326875411877420e+00,4.412368560231754167e+00,2.810161789915992081e+00
2.706405490507707956e+00,-2.642563489822163270e+00,-2.036144124864271543e+00,3.523626657595959166e+00,3.102858285045404507e+00,-1.515315573014083039e+00,4.458340161527774015e-01,-2.300535244468183471e+00,1.131041343034470403e-01,2.691508102815149073e+00
2.110843350385611217e+00,-1.324534280631722627e+00,4.343462366156578547e-01,4.393853884141587507e+00,2.478005738820983073e+00,-1.845858844228256412e+00,3.470713603140573866e+00,-2.258321872040512712e+00,6.406118558973170618e-01,-1.833152485736595505e+00
2.924912427856041663e+00,5.704124816330597980e-01,-1.963971700516201402e+00,2.890652951422229222e+00,3.558807987168659981e+00,-2.638763149238148920e+00,6.860821578253482045e-01,-2.319965723368674571e+00,2.624420145756945488e-01,2.279174217276494829e+00
-1.683823743592052891e+00,3.191737068265620536e+00,-2.010619573994500531e+00,-9.866407404648877555e-02,-1.449291567128266456e+00,1.881382120461027263e+00,-1.846066030737745223e-01,-7.040177939243505989e-01,-1.956052596822670964e+00,2.414984410494459333e+00
3.076676393040822965e+00,1.420862698805822610e+00,-2.096872294782861523e+00,2.918967890105035323e+00,3.285749650983230463e+00,-2.904144085757386140e+00,-3.408181564272506847e+00,-2.309342146953220265e+00,4.674129319053222709e+00,3.159214900448848784e+00
-1.737642164234756814e+00,5.130254192333874030e-01,1.519402776463919628e-02,2.152663533861947975e+00,-1.482902613014954074e+00,1.889650989560300864e+00,3.146855564183040244e+00,-9.913666357715568145e-01,-2.759963852207734547e+00,-1.725505932782616769e+00
2.269865060280510605e+00,-3.239320968422873648e+00,-2.058737455304489927e+00,3.014995945869434202e+00,3.116997831668594898e+00,-2.115233862873620918e+00,-3.447728931987891432e+00,-2.310274631864561723e+00,3.960899878760534953e+00,2.884205633363002619e+00
4.519714026133907936e+00,1.614352571136623560e+00,9.984257655277757604e-02,4.059711793697434068e+00,2.516187432197126483e+00,-2.649130881236507751e+00,3.023879547047993555e+00,-2.236596546030641619e+00,2.373219494495245607e-01,-1.673157681426089560e+00
3.283132709616271683e+00,3.340186767451386984e+00,-1.907979363687074992e+00,2.795630853120574244e+00,3.303916794103497256e+00,-3.143549545769970255e+00,6.677090455914296285e-01,-2.297826914433410028e+00,1.127615364321052360e-01,1.806027316005737848e+00
1.010658673593853862e+00,-1.753349441101396122e+00,-2.044994386908701500e+00,3.464845312450756332e+00,1.920880993116784730e+00,2.113824668345913871e-01,-2.020891006409755608e+00,-2.173546006713559464e+00,3.107779335058999060e+00,2.593865414997714502e+00
1.506575253734466324e+00,-6.841504565301335106e-01,1.790644063704915911e-01,5.420999411236428145e+00,2.496880457551311938e+00,-2.205462419802546314e-01,2.964809573207265458e+00,-2.254754472021337275e+00,2.176783185275787957e-01,-1.658569617199057600e+00
2.787225524225004580e+00,6.521432173293311152e-01,-1.248863802797410605e+00,3.514176387336736429e+00,4.437503028161371432e+00,-3.436534038629504018e+00,1.915814812771790443e+00,-2.378722914708757852e+00,-1.358964741500560958e-01,-5.970630912593156703e-01
1.894634533166468238e+00,3.045617007352189987e+00,-2.039957025494182563e+00,4.090165317813484691e+00,1.720651673743200716e+00,-1.504377714450688686e-02,-2.585951719413381422e+00,-2.207204963127152642e+00,3.541831608186154945e+00,2.668134481018463511e+00
-1.992882744076806878e+00,-2.744447299506282079e+00,-1.448666998232177816e+00,-7.985726324917181707e-01,-2.005990023187136817e+00,2.847290999060001937e+00,1.683985937258811738e+00,1.020343782212647099e+00,-3.139150579229942117e+00,-1.625405591050791410e-01
-1.346159169845464187e-01,-2.542782717924952252e+00,-1.982582893302177629e+00,2.418234002482979594e+00,1.116243844091987736e+00,5.107678065159042546e-01,2.315791845197394672e-01,-2.118462907737675760e+00,3.793608648154694896e-02,2.495872234079380192e+00
-2.045921775590862079e+00,-3.279838832778901647e+00,-1.039687449396381691e+00,9.912879654530420970e-02,-2.030054840349030165e+00,3.032423143443583768e+00,2.012245142607016035e+00,4.924043393542771874e-01,-3.183775346587373267e+00,-8.370881330273125531e-01
2.520106003225022206e+00,3.479972273854486708e+00,-4.976494559579792143e-01,4.220815253348535023e+00,2.742209037326497345e+00,-5.681437534760447328e-01,2.444761724324729713e+00,-2.273604170966490479e+00,-2.384879694217301727e-01,-1.318763071802767861e+00
-1.028445939968459122e+00,2.909979955252163464e+00,-2.068113158585314082e+00,2.370887183816744237e+00,1.759353819381847539e-01,9.298239976216242653e-01,-2.512703923296473185e-01,-1.945751008448790342e+00,-3.980640873418428427e-01,3.004972094349869671e+00
2.603112533826943853e+00,2.711016879706714455e+00,-2.133387345701933224e+00,2.996721913915014301e+00,2.506028069512332479e+00,-1.220911504400849168e+00,-3.019159648171834576e+00,-2.265472305392739472e+00,3.469916381472273326e+00,3.797819887757949431e+00
-2.011594825944432507e+00,-1.680159086655396372e+00,-1.928040123030547504e+00,-1.218082985483305514e+00,-1.994811116192573230e+00,2.921737276911838599e+00,-2.524158816705255326e+00,1.117745997014703896e+00,1.659197525441228338e+00,2.230776715859489112e+00
-9.708092655182797015e-02,-1.451384237911131692e+00,-1.942510721195625178e+00,3.648350480865434342e+00,1.513918505389529212e+00,4.471427387379085516e-01,8.708441296228492945e-01,-2.142365777598303378e+00,-2.181544251193250905e-01,1.990095240791969200e+00
3.500052067923662413e+00,1.391840344441904520e+00,-1.976933624980826698e+00,3.045147977901179193e+00,2.771576380641937565e+00,-2.909323168128077342e+00,-6.246291905523415622e-01,-2.290999062868704694e+00,9.641308623958003698e-01,2.352786496159847918e+00
-2.029011592876021730e+00,6.134507728441356278e-01,-1.974426114238915009e+00,-1.029010892096287932e+00,-2.017939292954276098e+00,2.947790668205523268e+00,1.806301044567559799e-02,3.209471675979913563e-01,-2.859072348170509592e+00,2.060860334430952179e+00
1.787372189420251445e+00,-6.024495548365842446e-01,-2.108714816840749240e+00,2.523251399995655397e+00,2.415013994105300821e+00,-4.666478277643597572e-01,-2.408256788847420005e+00,-2.249372256146563220e+00,5.501281297195363962e+00,3.459719172854695657e+00
-1.999442052205001374e+00,3.016181897829600445e+00,-1.643835142949580774e+00,-8.512526435988913009e-01,-2.004684804943069665e+00,2.838354935489878272e+00,1.469608059415651979e+00,2.575942952197042835e-01,-3.113176784246708184e+00,4.806903208888524404e-01
-1.965650652310876989e+00,-2.901544740525006105e+00,-2.057036556975637698e+00,-9.960901881046464457e-01,-1.898816312368057480e+00,2.509378757002890481e+00,-4.756319568942850573e-01,5.687489083044459104e-01,-2.404136941800884220e+00,2.996454003294903856e+00
-2.035433862183033682e+00,-3.042293939085003895e+00,-1.935926568536336267e+00,-1.080710324864021299e+00,-2.041341683534247942e+00,2.950018360018382246e+00,3.955031912258895055e-01,6.633600331079116952e-01,-2.980983911551610799e+00,2.020678700390222460e+00
-1.656006121164667277e+00,-1.408719899542191900e+00,-2.031590829052792202e+00,3.308030566188649435e-01,-1.519091075591182838e+00,1.886456783496018197e+00,-3.352590379605856263e+00,-9.386626064358217780e-01,2.429269196891171489e+00,2.655061770371991869e+00
2.090296468749071934e+00,-5.926996990789019648e-01,-2.000680142872248268e+00,3.725047003856826411e+00,2.912620150675514719e+00,-1.479386329565476998e+00,-2.818682388959343754e+00,-2.301831408533547396e+00,4.042193688546752206e+00,2.449985708779544691e+00
2.231275200522547575e+00,-5.885073244311125329e-01,-2.036265365911159364e+00,3.818868984910039011e+00,2.989365341236303042e+00,-2.346366648574608860e+00,-2.418969198185378922e-01,-2.296282214962212187e+00,1.158365057124438824e+00,2.746660484940626645e+00
-1.799438458061908719e+00,-1.904781809135176029e+00,-1.988616063402677270e+00,-3.080542094077725057e-01,-1.618922765616833015e+00,1.954090934903589982e+00,-2.936332429087736617e+00,-6.130355426744099612e-01,1.620789813767832488e+00,2.269634223328017342e+00
2.655179051682895697e+00,1.307127635336932769e+00,-2.103809991375572785e+00,2.922053474086099278e+00,3.178366333886311068e+00,-3.146764628581121492e+00,-3.870518730724397116e-01,-2.304653070356709854e+00,5.833448586948726255e-01,3.188422936221061654e+00
-1.826281417703402798e+00,-2.157587198396799799e+00,-2.077423639477581907e-01,1.536441500610598698e+00,-1.771235703875260858e+00,2.234186116307843584e+00,2.499585990278460734e+00,-4.566815061042708290e-01,-3.051086117851074864e+00,-1.362024912098021678e+00
-1.578043604764156616e+00,-2.697227100921812060e+00,-7.337526152377349398e-01,2.735913184603537829e+00,-1.180453395652638182e+00,1.498713878687329526e+00,2.213788504401023260e+00,-1.183117987250721370e+00,-2.184441323828288262e+00,-1.019575127684916094e+00
2.468342660916358344e+00,-1.402409703434473354e+00,-1.526121225785258995e+00,2.840181945711866884e+00,2.670270473377874154e+00,-1.957292507183949537e+00,1.635683388129331561e+00,-2.279611537716490943e+00,1.869490793857577771e-01,1.850940235845952020e-01
2.854527936405797384e+00,-2.748922332889130793e+00,6.650602969702501532e-01,4.642517400077149858e+00,2.594406107515296878e+00,-1.867552062135587665e+00,3.239457223304623490e+00,-2.258801129858731827e+00,-4.735770412964773746e-02,-1.751308601354823580e+00
2.753777294612075544e+00,1.151356613700352582e+00,-1.994219284904000355e+00,3.335586281441491607e+00,2.499402948663443702e+00,-3.055758227158310358e+00,-2.971894549246354433e+00,-2.252173667352364461e+00,6.320502056459885054e+00,2.368869413594576034e+00
-1.710889293707407166e+00,1.636553001076677560e+00,-1.998788878333729757e+00,-3.288395995161734753e-01,-1.454275837931406912e+00,1.763654999663060607e+00,-1.725875787821142815e+00,-5.790114252092777303e-01,1.869767623483095387e-01,2.487823658552107631e+00
-2.063454130551412469e+00,-1.366778558484309958e+00,-2.045419854332507725e+00,-1.092389036091980126e+00,-2.059467962223305637e+00,3.068470674678402510e+00,-2.216177776493342577e+00,5.700212503595798452e-01,7.550736181757735643e-01,3.166259412932292960e+00
-2.007121677905374657e+00,-2.087394254879951117e+00,-1.945781577740415491e+00,-9.228473147941381738e-01,-1.976706228756215822e+00,2.849998266902366240e+00,5.102379104151566480e-03,2.715639222871626401e-01,-2.824671160707292294e+00,2.035842741256470134e+00
-1.228449868694663216e+00,-7.747522655007710313e-02,3.235035154094295651e-02,5.023817230611953732e+00,-2.313179318460084066e-01,1.015854972136696510e+00,2.795469284613504080e+00,-1.772677544247077019e+00,-1.298063663792634159e+00,-1.553118522565168025e+00
1.276877618260399805e+00,-2.325711032295085801e+00,-1.912499975830125543e+00,3.723930994064722277e+00,3.466657291912671468e+00,-1.419812724191507058e-01,-1.456235127699366139e+00,-2.323828884442584730e+00,2.231300482052890111e+00,2.402040327540910791e+00
2.624226833215879129e+00,-1.889551712463549471e+00,-1.933964649530207414e+00,3.802139486815598879e+00,4.007769811655187198e+00,-2.928790400538320959e+00,-3.487352169493274090e-02,-2.353046452294502711e+00,3.029954342981742710e-01,1.996489012529123919e+00
1.584125189273906775e+00,-1.155309788416225558e-02,-1.936491800296657573e+00,2.778458080403551023e+00,2.167737366947344313e+00,-2.157766590773642079e-01,-1.651094823018079971e-01,-2.226098267739912817e+00,2.056843260894811731e-01,1.913204695556186774e+00
-2.004527701709502452e+00,2.820091550891123511e+00,-1.704635346763978321e+00,-8.114574629136258599e-01,-1.931353332190923755e+00,2.827556617464717981e+00,1.496497198688978791e+00,1.588657352618347285e-01,-3.044448957314835447e+00,6.689092920659200914e-01
-2.086452881513124247e+00,1.859970186295091032e+00,-2.094041984288518954e+00,-1.278558175121993656e+00,-2.083778391391521545e+00,3.171790494386038439e+00,-2.053230148033563740e+00,1.103956251328962246e+00,2.953946458618713633e-01,3.229017153350179470e+00
2.963018995438592817e+00,-3.068272321482076848e+00,-1.928732083055933133e+00,3.143305167313478421e+00,4.338623892028555140e+00,-2.003597984001221022e+00,1.075807825265439277e+00,-2.374711700485850230e+00,5.406838113726950557e-01,1.912254563927807904e+00
2.895641596288601072e+00,-2.757134726931247393e+00,-1.695867007243782920e+00,3.287261890940981424e+00,2.567778398955594898e+00,-2.113389929684587276e+00,1.489978033068230623e+00,-2.280012525603079432e+00,-3.448125571447211435e-01,7.002808562566021910e-01
2.293137769657705327e+00,1.843668498537805789e+00,-2.012955513379233619e+00,2.753228776801321942e+00,2.407448116928194715e+00,-1.970841836954254633e+00,1.128435528798243936e-01,-2.241148774391874099e+00,-1.176043511855882628e-01,2.392292558299132565e+00
-2.116794018402057720e+00,1.291697079549272154e+00,5.030468143659747593e-01,7.908251552351897029e-01,-2.145101934278007327e+00,3.410991484523184347e+00,3.299743662115323772e+00,6.922185837204982706e-01,-3.359624870691335641e+00,-1.775865136020176260e+00
-4.210039173817907154e-01,-2.139651462556142469e+00,-1.956741777488343548e+00,3.038595835409937607e+00,1.431704508840220491e+00,5.327671165139129528e-01,-9.994686517860444930e-01,-2.161181977259896136e+00,8.134099695158076848e-01,2.312264901547613327e+00
1.847541853924763888e+00,1.884390881550720209e+00,-1.998193004797517824e+00,2.586433329275811932e+00,2.692990061005443359e+00,-8.519688721252633989e-01,-1.895331698806568044e+00,-2.283822562706749881e+00,2.906755230226527598e+00,2.306672624441286512e+00
2.629924840727931645e+00,-1.373796121140068660e+00,-1.327273719201559121e+00,3.722806720503873734e+00,2.057678874706923455e+00,-1.307824585590463773e+00,1.741622836733208501e+00,-2.225951874818991261e+00,4.175578277814617767e-02,-3.174039760305459312e-01
-1.716663926515912486e+00,1.681082774611417641e+00,-1.955269264990500799e+00,5.890153056191393954e-01,-1.245085295595884656e+00,1.854487541651050897e+00,7.217768103635648913e-01,-8.643403921948290547e-01,-2.206965760253556397e+00,1.946508697684180778e+00
-1.656538654520006926e+00,2.979011985392791217e+00,-2.038107690539468830e+00,9.151653598641066312e-01,-1.188485245931592882e+00,1.611599410753192352e+00,-1.707248136432948371e-01,-1.084466889754280183e+00,-1.772214480953665294e+00,2.606131090217115531e+00
2.335643201994747287e+00,-5.237345183182817721e-02,-1.913816231502803111e+00,3.302687562793259257e+00,2.648776049219696560e+00,-2.577818277732695673e+00,5.282435351985164118e-01,-2.253741551004067034e+00,1.387832972227109884e-02,1.955489881951330666e+00
2.262517327692576075e+00,-2.794060097537098386e+00,-2.034086805456100766e+00,2.448959775484653711e+00,2.494045206632632627e+00,-7.227652670131989865e-01,-1.299888840918469679e+00,-2.249725710658362132e+00,1.816895184293168208e+00,2.707950987158368239e+00
3.745798583390363756e+00,-1.782722171167485214e+00,-2.097398847782394160e+00,3.180312192582025688e+00,2.673809033061767870e+00,-3.098274686732537919e+00,-3.060551787938553758e+00,-2.271819397005076624e+00,3.803577802876849212e+00,3.202217420896448452e+00
-1.676582822638175818e+00,1.140625732937397885e+00,-1.787623193779362518e+00,6.087077422920728065e-01,-1.419557427560147245e+00,1.758838365653049962e+00,1.318151357471048613e+00,-9.493235581498575826e-01,-2.530063066812592076e+00,1.283901481534029720e+00
3.258870163995525537e+00,2.546861710632245313e+00,-2.098079204404218689e+00,2.993764638138114886e+00,2.789890954600831474e+00,-3.154141551422125822e+00,3.526757296088391946e-01,-2.274551269739361281e+00,4.672130742306385143e-02,3.313854406765268656e+00
-1.429095842644316550e+00,-2.750779119021190322e+00,-2.000360355631437326e+00,2.261864650661101095e+00,-7.288854783065312759e-01,1.375007766313543378e+00,-2.313815243129694998e+00,-1.606136059710486341e+00,2.204370693387085023e+00,2.217017370990695291e+00
2.241739487805203268e+00,-3.440271837507357766e+00,-2.036658790945532704e+00,3.014719819497039932e+00,3.909533352661207495e+00,-1.970085487047081862e+00,-1.998366084607908100e+00,-2.349062250742359304e+00,3.180938963502856431e+00,2.588786552548023590e+00
1.565016559925566986e+00,-2.714609667880842458e+00,-2.008757885989775005e+00,3.107393466618866729e+00,2.010934111134204283e+00,-6.488066233375282543e-01,-2.771127727920879025e+00,-2.153135806447939782e+00,4.527497796362248472e+00,2.386614294722067875e+00
8.665155467152609869e-01,-2.173505123991134713e+00,-1.825092975564915898e+00,2.985309340130378519e+00,1.873028731848145334e+00,1.310023576778931442e-01,1.382253046565256938e+00,-2.181834910610080058e+00,5.586679281480584347e-01,1.095859414167157597e+00
-1.890326002932449567e+00,2.448945486647073011e+00,-2.015243747641512595e+00,-9.631874245138238866e-01,-1.805890473954962161e+00,2.371552764404477820e+00,-2.627079787924015974e+00,1.583336799364711833e-01,2.047957460988340195e+00,2.685452579290346975e+00
1.968336777260440318e+00,-1.613825117118679042e+00,2.438963104559122574e-01,4.453581857070155969e+00,2.365975572237686730e+00,-1.278067630385800513e+00,2.839556525410891652e+00,-2.255782336088387297e+00,3.366999233763653399e-01,-1.590291681033614291e+00
-2.028154609140460529e+00,-1.647481520751729267e+00,-2.090250915246473440e+00,-9.892254753271105816e-01,-2.016586054192206490e+00,2.953854954205675121e+00,-1.954281256428656022e-01,3.642638867773164701e-01,-2.669746051612914339e+00,3.180984587975380862e+00
-2.110860382104256416e+00,1.022089485626373140e+00,-6.001168669532155331e-01,4.542452894547439057e-01,-2.136113907492331876e+00,3.377424845518151031e+00,2.545909203807337207e+00,8.662686205304521714e-01,-3.301307057385687749e+00,-1.364071127421995655e+00
-2.323543784326980166e-01,-1.271728162155224773e+00,-2.049115106994210400e+00,2.300349737651789628e+00,1.253413069237435451e+00,4.803342403892401080e-01,-1.034030977320213207e+00,-2.141739546833069774e+00,9.078447952818670119e-01,2.677718813412525822e+00
1.203468280132176771e+00,-8.858416224535239358e-01,-2.045839032634639842e+00,2.457754396658128559e+00,2.539344416270786109e+00,-9.204061497229520938e-02,-1.821828104359697331e+00,-2.273217460031486947e+00,3.599239953275684023e+00,2.872000367187538927e+00
-1.228646834126182030e+00,1.818445179443490822e+00,-6.857200970379924154e-01,6.521071741953498702e+00,-5.348073743751781128e-01,1.123097112349776161e+00,2.036271620125179815e+00,-1.538584755440563612e+00,-1.523948291863336024e+00,-8.304494784167780752e-01
-9.845398865157446444e-01,2.542301676793206511e+00,-1.973339900096770849e+00,3.215129704554045009e+00,3.446054934100765688e-01,8.467344140993997570e-01,-1.098072963193320817e+00,-1.775230472832778794e+00,6.748381212065095447e-01,2.120068755576251629e+00
-8.389128083614287856e-01,2.077701482748608441e+00,-2.039648808242696898e+00,2.649431113014085959e+00,1.588911317928717593e-01,8.564294676078514357e-01,-1.055293436954296560e+00,-1.906098767923222859e+00,2.802728323969698176e-01,2.776417274932966528e+00
2.502383186396840209e+00,-1.908669588437521547e+00,-2.002438847068151784e+00,2.666488052090707495e+00,4.427220773865075287e+00,-3.028656822843407870e+00,-2.380889021883664469e+00,-2.379248770993186213e+00,6.077244705281347414e+00,2.393135727260535806e+00
2.381178079010253690e+00,2.798746517763199826e-01,-1.862237753981518917e+00,2.688943291609518838e+00,2.668517213818752953e+00,-1.188948232593713517e+00,1.197251000872788573e+00,-2.276176874767351421e+00,2.188098494449254305e-01,1.487762327931727357e+00
1.463252938183259966e+00,9.793989125194810796e-01,-2.027803775156109545e+00,2.545644102305199219e+00,2.994820840325641775e+00,-2.494396425990137445e-01,-2.436635428671827697e+00,-2.307164583062624619e+00,3.616238799488549205e+00,2.787935777699766859e+00
3.199926245036079919e+00,1.740975124477817104e+00,-2.064399014882824623e+00,2.842705613402855658e+00,2.488248896826071199e+00,-1.376595302410496657e+00,-1.046314938808077244e-01,-2.251080499440557769e+00,4.497495974809724295e-01,2.845984261455100750e+00
-1.965771434422411534e+00,-3.309966343671767230e+00,3.845992895544086965e-01,3.067776042100910372e-01,-1.863121191618702932e+00,2.551354264620890433e+00,3.249599598548882362e+00,5.044896864090335775e-01,-3.154170381844271454e+00,-1.763671823412007234e+00
2.150160220560862534e+00,3.194278472762439591e+00,-1.857786438017576147e+00,4.028686920208391697e+00,3.799950116443481019e+00,-2.238806229542591897e+00,1.196845142110309013e+00,-2.342083227211934293e+00,3.995874641853561227e-02,1.326470219319111354e+00
2.915611430871519083e+00,-2.433928937573493378e+00,-1.924232093664604015e+00,2.591404697426666015e+00,2.508204096394897054e+00,-3.047148551860877852e+00,7.224933398878627955e-01,-2.253700021045863977e+00,4.935657225934271253e-01,1.758688332572863722e+00
-1.522658651043635292e+00,-2.255476543390371180e+00,-1.965884380927031883e+00,1.685704908035872585e+00,-1.069097755387719006e+00,1.431964318545535519e+00,1.540173577823704676e-01,-1.319493798255350736e+00,-1.536100355387422622e+00,2.030323304218320857e+00
1.268121349278568399e-01,-1.182720870117564438e+00,-1.925358676041791117e+00,2.934638860357516865e+00,2.641689364403188023e+00,4.446953631678880470e-01,-1.610875046769342234e-01,-2.265956071196157939e+00,5.758458771293942791e-01,1.935272388303840740e+00
3.646866650268604459e+00,-9.099527291851576827e-01,-1.914921570802648576e+00,2.809493296320304090e+00,3.476480562880524428e+00,-2.764383594706560920e+00,2.121675152003983378e-01,-2.334127681281194633e+00,6.675626358847175368e-01,1.978983076130858887e+00
-1.647144013371392823e+00,2.422648595260600501e+00,6.007056930518187565e-01,3.451971539551215606e+00,-1.286836357763270211e+00,1.602741783859294777e+00,3.250701869979281788e+00,-1.036732834719934049e+00,-2.250123384574659102e+00,-1.759766752818039626e+00
2.366044979375167223e+00,2.902805460725746300e+00,-1.998066989719124331e+00,2.799750471984472799e+00,2.254167501287359876e+00,-6.965201064140869036e-01,-2.518736315762951428e+00,-2.233129185429223895e+00,5.049249724915570781e+00,2.248401059029053517e+00
3.205554370701195199e-01,3.155975811924164098e+00,-2.086610715048252018e+00,2.897703055015719897e+00,1.683354330460956838e+00,3.913269758005508692e-01,-2.280241551235791864e+00,-2.201854883330813806e+00,4.366491570157615243e+00,3.078237536113429762e+00
-1.582629218379247416e+00,-1.559357402208116916e+00,-2.008309593650556391e+00,2.843955162171335482e-01,-1.432215921927203484e+00,1.716520707711733706e+00,3.157606766606044779e-01,-8.607609627204468872e-01,-2.302601327796324426e+00,2.427578058137904726e+00
-1.990481080193309049e+00,1.763186086466165037e+00,-2.081866797514870360e+00,-9.075549596710701383e-01,-1.975080435718814975e+00,2.727276412795683669e+00,-1.052644618222806194e+00,1.714206410504635625e-01,-2.021601422432478312e+00,3.228457790066928901e+00
2.969830834473029313e+00,-3.374421874782571606e+00,-2.084461150710709809e+00,3.302947274767947583e+00,3.365381573636428314e+00,-1.334387684948874053e+00,8.794167025077959110e-02,-2.305747685538835245e+00,5.084617838475373741e-01,3.091798751424745806e+00
-1.792841025109756847e+00,-2.524341295020294140e+00,4.212762977045966251e-01,1.834879425165033995e+00,-1.466753673087074494e+00,2.025612462599840846e+00,3.274730919176411348e+00,-6.308539897231500992e-01,-2.771785152359442339e+00,-1.753001449337868944e+00
3.708348829223955700e+00,2.777772775914590042e+00,-1.989742206118118695e+00,3.210188934151720019e+00,2.439628973736652107e+00,-3.413116224780930796e+00,-1.032747003865018165e+00,-2.253427098628042025e+00,5.423402183304375512e-01,2.577465429416126774e+00
-2.514595809006423544e-01,-1.923531001180272426e+00,-1.944585430379863089e+00,2.782155194357873285e+00,1.211746602996949473e+00,6.510913067421117972e-01,-2.973744352383924650e-01,-2.030795677548244083e+00,-1.962258682315879410e-01,2.266817889108722284e+00
2.148911722874266683e+00,-8.849739399079852298e-01,-2.078119784140471271e+00,3.406726847491940990e+00,2.456569518523286977e+00,-2.906577482736799389e+00,-1.179876468539541534e+00,-2.230020947793217356e+00,1.125270024726216178e+00,3.166854083371946516e+00
2.704994011648131913e+00,2.833058275357109856e+00,-2.051110338814050582e+00,2.611942519201385426e+00,2.664530323228717190e+00,-2.655982071005802858e+00,9.232868157028084610e-01,-2.284075225355925554e+00,4.611754884115648601e-01,2.658499868501785102e+00
-2.016232604900970671e+00,-1.581436213630382781e-01,-1.975624566313530117e+00,-8.021976529992965732e-01,-1.948988554289075470e+00,2.826757422392326191e+00,-3.456072918017432993e+00,2.115499496722665629e-01,1.735371864619185134e+00,2.436674853184095380e+00
-1.990652150174397006e+00,1.924570361379191574e+00,-2.066583498830645294e+00,-1.050883505456690736e+00,-1.896532000847907629e+00,2.623650575094290005e+00,-1.855434042828399299e+00,3.648329297940381410e-01,4.625928206392258546e-01,2.885686728494072817e+00
-2.030174423943493789e+00,1.713399771916078507e+00,-2.031288254042494135e+00,-1.165161849640727887e+00,-2.000056788092529736e+00,2.883032240506114618e+00,-3.385930907656637956e-01,7.731832059996507356e-01,-2.500514198992278114e+00,2.449968946627440136e+00
-1.753189539438346545e+00,-7.983452286617143123e-01,3.418927299131296893e-02,2.578369231301589792e+00,-1.368754086298054284e+00,1.865209009206244772e+00,2.656928725988267459e+00,-1.064142799125501027e+00,-2.547044175439090008e+00,-1.445052211001267795e+00
-1.801767878463292005e+00,2.961554646624080966e+00,6.581609660202857037e-02,7.672995165626271818e-01,-1.708057890981403926e+00,2.112586701859794580e+00,3.298989024558088623e+00,-5.027184799048193264e-01,-2.991346934873295282e+00,-1.770550424376067911e+00
-1.987997387050464138e+00,3.134964315976846549e+00,-2.038950091035838685e+00,-1.064999015574607633e+00,-1.909443986834146623e+00,2.617858644916573496e+00,-1.287693021935475635e+00,3.813298971395912007e-01,-1.526200880785298031e+00,2.608392618749823200e+00
2.630724809395201813e+00,9.437501141099149393e-01,-1.984928050364675789e+00,3.147614462378955480e+00,2.745724724325843358e+00,-2.723115246987942051e+00,-1.510270633137548391e+00,-2.287299598941640699e+00,2.722834789642363251e+00,2.109988605257846039e+00
-2.107481244510407414e+00,-3.081482067216538390e+00,-1.821422558490176868e+00,-1.230408221759764276e+00,-2.129334746539860213e+00,3.351511096189675243e+00,1.285298791957841580e+00,1.294526576505725668e+00,-3.170785731902720617e+00,1.140097584354126559e+00
2.456525534767704411e+00,-7.931004816601237017e-01,-1.605883424139594506e+00,3.670355198610257386e+00,3.101774378542604627e+00,-3.136418082013188169e+00,1.407011946797272373e+00,-2.309268808174192777e+00,2.853023903945373085e-04,6.113465256855418195e-01
1.613167773677306460e+00,-1.454642304166004596e+00,8.911710347887101535e-02,4.488501612050866285e+00,2.224917155781847899e+00,-4.773816842941540628e-01,3.054851379582482096e+00,-2.242068697470017025e+00,-2.529519851956924525e-01,-1.685771886812069020e+00
-8.187453629717075243e-01,-1.979061519350142184e+00,-8.435215003907426956e-01,5.467423183718295832e+00,7.736365332120209715e-01,7.334549002464596512e-01,1.999823537001995000e+00,-2.019884205925313037e+00,1.125445199521202255e-02,-8.550311496402003275e-01
-2.035555655452088164e+00,9.128240254732897796e-01,2.861868830462802604e-01,2.276237904329735107e-01,-2.053303919507684316e+00,2.988677838977578105e+00,3.476852080205301121e+00,9.376776249356150172e-01,-3.299579052792704914e+00,-1.835082616560435476e+00
-2.048925835513315530e+00,-1.859958782654539622e+00,-2.117890203125171844e+00,-1.205136755660976666e+00,-2.043490280841502749e+00,3.004678323407944163e+00,-3.131829792349992925e+00,7.939295505491886784e-01,1.351594174754601863e+00,3.443420935798173765e+00
-1.734674314488475533e+00,-3.487580388064801085e+00,-1.903707342692787297e+00,1.240290949564967493e-01,-1.437186100747340545e+00,1.847059971587043492e+00,8.025040340202735933e-01,-8.025707237267737382e-01,-2.491234323508858761e+00,1.735808134620210330e+00
2.298204245091387321e+00,-2.685345277513846440e+00,-1.876310806417031962e+00,2.737530046426799757e+00,4.544995021161375881e+00,-3.032450943150045042e+00,1.129078379939186583e+00,-2.383880414408102943e+00,5.429334885919421261e-01,1.537026332333926160e+00
2.131184419123252738e+00,-1.182506938959946297e-01,-1.996685919945494270e+00,2.693800039366116561e+00,3.386728313890463582e+00,-1.637880575896384805e+00,-3.167212133883436920e+00,-2.320722245990752164e+00,4.325381767325612081e+00,2.629281836653729609e+00
2.030688324734451378e+00,2.483531185466025804e-01,-2.051312700836518399e+00,3.276292683435123365e+00,2.404115345224417055e+00,-2.595079554522832233e-01,-3.472298867988707460e+00,-2.260445207642296062e+00,5.441447329509506048e+00,2.788204169600779547e+00
-1.931231581703502620e+00,1.240711887867663954e+00,-2.057964978113604460e+00,-8.308065841468652568e-01,-1.898527603647671258e+00,2.548753096124031003e+00,-3.038436165256905408e+00,9.817717455595476039e-02,1.078259861946365250e+00,2.712410003255373958e+00
9.889602538470162463e-01,3.793657710762623481e-01,-1.955901358655982802e+00,2.822492523997294001e+00,1.770258188664602494e+00,1.137099470457059169e-02,-2.342516979252347475e+00,-2.199491907887082043e+00,4.832941389486729022e+00,2.177174140045354367e+00
-1.955314932372034242e+00,-1.767510737560262335e+00,1.370504670205854869e-01,4.530579668253436609e-01,-1.852830222248227576e+00,2.484021948462078022e+00,3.271191695599109828e+00,1.102754328685065510e-01,-3.135509878752984037e+00,-1.757889257130155869e+00
-1.663222604724227338e+00,-8.658374883304791325e-01,-1.911147886846530808e+00,1.599762362883067057e+00,-1.152577779550632231e+00,1.662965933235461158e+00,-1.120138160113280268e+00,-1.290277607735173859e+00,-7.229071734513244918e-01,2.074099685878884713e+00
-1.392563241768057791e+00,1.741555850184525411e+00,-2.015862339910955647e+00,2.373231291105454055e+00,-8.046122190715038203e-01,1.261366971745784049e+00,-3.087837753241618799e+00,-1.479268876813413236e+00,2.964794295710851291e+00,2.678251089831035436e+00
1.387324961054318795e+00,5.459727258085749213e-01,-2.105266733658085698e+00,2.613966140118922699e+00,1.450339398207064479e+00,1.430444541671906933e-01,-1.987492086004056580e+00,-2.169092764313654165e+00,3.809902112219164749e+00,3.195783343074734884e+00
2.259653357150141595e+00,6.478092383496996121e-01,-4.024670286505946382e-02,5.025548300881879982e+00,4.320215994854018859e+00,-2.000022126949935419e+00,2.895526429589732942e+00,-2.368855868044674295e+00,-3.616974102661862922e-02,-1.585259650391054764e+00
-1.756578596782493840e+00,-8.451663889187646106e-01,-1.540535549590386077e+00,-3.854375634612099422e-01,-1.586048607401108423e+00,2.001061820116719403e+00,1.718690449979354717e+00,-3.444403259861902322e-01,-2.787456890010790556e+00,1.225922559965679781e-01
3.068250493289768510e+00,3.284305366101556878e+00,-5.379404451860372305e-01,5.305406625311509750e+00,2.293469710989241683e+00,-1.754898206529657667e+00,2.496090498495015630e+00,-2.239442364836638166e+00,2.033045499718031390e-01,-1.372028333717885129e+00
-2.041860423715984751e+00,-5.614774082042917058e-01,-2.128007687159383821e+00,-1.199247358749067072e+00,-2.062999948185923582e+00,3.040423748735314291e+00,-1.465614653079119201e+00,7.013363335206570515e-01,-1.180454328288016663e+00,3.486925161627681735e+00
2.207650692353881894e+00,8.006084376467095254e-01,-1.966574305150643021e+00,2.586839736786829214e+00,3.689272694277910603e+00,-2.666547025564216078e+00,7.907144220568538273e-01,-2.341753634778523718e+00,1.994832314542210883e-01,2.250016558664552413e+00
-1.435654561267050600e+00,2.675030824058686640e+00,-1.995575748112559555e+00,1.789717667381555799e+00,-8.123592067644901382e-01,1.264880209504613440e+00,-2.264815891273257442e+00,-1.421427294145364284e+00,3.395655923301414081e+00,2.436155095907895252e+00
8.542544439810252355e-01,2.422302768153970831e+00,-2.073543294283926919e+00,3.116894622886436927e+00,1.777219840810534413e+00,3.800760800932256878e-01,5.380894081054332645e-02,-2.211841168720039441e+00,2.041527345223886347e-01,2.999323289268035708e+00
2.358380245017325905e+00,5.033227534707407358e-01,-1.783897911278034210e+00,3.400395717670256168e+00,4.441442528235704401e+00,-2.713499994944335469e+00,1.378959055094870934e+00,-2.378941486116822990e+00,2.253776965009156030e-01,1.005212109022550759e+00
-1.947720481820730321e+00,1.993303200106114836e+00,-2.040383794661714489e+00,-1.291926160768760434e-01,-1.768775363396228872e+00,2.579067765646236410e+00,-2.361478775086166770e+00,-4.935192287671166245e-01,1.569500651798742208e+00,2.721866289669170769e+00
-1.975723860604040372e+00,-2.701632951732864107e+00,-1.978052228817353431e+00,-7.088606602598341855e-01,-1.940617897650342982e+00,2.724662164056633529e+00,-1.681138874552243312e+00,1.400395000884421259e-01,-4.815967361695038806e-01,2.190086741903799261e+00
2.719248726241894509e+00,-1.789630267763198113e+00,-7.375193666135539949e-01,4.303637061077156822e+00,2.416426550240850624e+00,-3.397882698461706319e+00,2.192067731376699413e+00,-2.264743291565916472e+00,1.729711429925301358e-02,-1.031862178283364351e+00
-1.806162998720692192e+00,-2.912926468574194683e+00,-1.976574500657305000e+00,-5.189247673955467155e-01,-1.641482509477472540e+00,2.090141111061608825e+00,-3.422597976575028955e+00,-2.470200141631084811e-01,2.023513373057149067e+00,2.362966626372619672e+00
-1.914587030239521370e+00,7.187170699489611181e-01,-2.024592924043661313e+00,-6.816268862807199902e-01,-1.822194585923089916e+00,2.328124373232750344e+00,1.267519984880061124e-01,-3.039782139913872472e-01,-2.767936714844882573e+00,2.414745571850455796e+00
2.386078682265897477e+00,-2.234889984012761399e+00,-4.727857272249219034e-01,4.335831370312435595e+00,2.017392875634202110e+00,-4.126575448123639411e-01,2.381539530792045944e+00,-2.223640524990008860e+00,3.343308567943625853e-03,-1.290739623264437030e+00
-1.842401073257654120e+00,-3.424217809414109581e-01,4.064833149535376222e-01,1.944730334610890843e+00,-1.643094832202909528e+00,2.162081172489865644e+00,2.922288126465281799e+00,-6.376759529973959895e-01,-2.916658027103101958e+00,-1.590190860886896429e+00
-9.384523047075761237e-01,-8.412813761706083859e-01,-1.944188450772318610e+00,3.627785564979241428e+00,4.913231069292656183e-01,7.975247213656952994e-01,3.635138608263073223e-01,-1.969036009937968235e+00,3.537784027740631387e-04,1.844283660969225247e+00
-1.345373065254907408e+00,-1.179898649405521027e+00,-1.930287556672160454e+00,2.549561713336098823e+00,-8.361357314223426540e-01,1.247102915121681477e+00,-2.325531345370428049e+00,-1.554135806795788444e+00,3.911837275327413987e+00,2.228894532029619402e+00
2.910126009990331220e+00,1.135373330104772371e+00,-2.048361860073043772e+00,3.255972830547134489e+00,2.914101930615608183e+00,-2.947116401004744368e+00,-3.476287330604965753e-01,-2.274494578750368312e+00,5.717192271509334844e-01,2.680141175892619021e+00
-1.610864668590011650e+00,6.072233761219845150e-01,7.186315367287147149e-01,2.782063455031367205e+00,-1.362726850886786245e+00,1.703719362705122364e+00,3.390286739155197182e+00,-1.041887863135655179e+00,-2.490392149251875686e+00,-1.810349511226625907e+00
-2.020307552023171915e+00,2.966827056858434730e+00,-2.012731866067726472e+00,-1.011717093906070009e+00,-2.001345146770705075e+00,2.831993565903263566e+00,-2.413490679324219457e+00,3.201900378004402525e-01,1.205480814457400740e+00,2.463056206172729468e+00
2.645465560930815752e+00,-3.420395373992168864e+00,7.608200695856687235e-02,4.908039719425327796e+00,2.434128365604832922e+00,-1.563179779624696231e+00,3.029537682081992145e+00,-2.267740475125360256e+00,1.184638130414964463e-01,-1.663691491745206585e+00
2.492007636404185433e+00,-1.950230717178678352e+00,-1.928626187415024340e+00,2.568267197684217074e+00,2.507284271403233955e+00,-2.371762680761146491e+00,6.244030208401616378e-01,-2.270780393717017009e+00,1.205753518305515248e+00,1.863971133871633601e+00
1.111849395309240762e+00,3.279852202984802290e+00,-1.993236738214827941e+00,2.743117580482428597e+00,1.475091632710203715e+00,1.068583891941994324e-01,-1.085494569504910078e+00,-2.100431278356598597e+00,5.316025557972841042e-01,2.567772388546687434e+00
1.893488159977851026e+00,7.397674511020735366e-01,-1.839682902101104300e+00,2.935005507846403905e+00,1.590533560714050498e+00,7.977598592237455932e-03,9.262016368031336100e-01,-2.175155759243427411e+00,-3.784113976068649299e-01,1.363431287569536687e+00
1.938252003334023366e+00,-1.653618001092427292e+00,-1.998713976418521998e+00,2.985960812830017908e+00,2.177989028577413944e+00,-1.386535112840328932e+00,-1.849328559694578544e+00,-2.237028036483208027e+00,3.312592055701061966e+00,2.429360539671035824e+00
3.286880205171587299e+00,3.046897529568789231e+00,-9.673324713183072410e-01,4.167250521548052866e+00,3.176847795938735786e+00,-2.891432759127474661e+00,2.164256728503401561e+00,-2.307517322006000793e+00,1.162813852132042469e-01,-9.358474492205558493e-01
2.061759285214641579e+00,-8.982411306854833910e-01,-9.842289555187262451e-01,3.862200318512205133e+00,2.358331339857100417e+00,-1.485287562345600776e+00,1.962287503585415926e+00,-2.256728375225847572e+00,2.528810575118956017e-02,-8.278368966361487891e-01
-1.986772376757109493e+00,-1.436632822461141323e-01,-8.287719277993766953e-01,7.072895921376305406e-01,-1.930860337131087956e+00,2.602357761880207399e+00,2.211249405581606986e+00,5.095029091602479854e-01,-3.119242404624031018e+00,-1.163430696508148898e+00
2.142124203234820445e+00,1.636098129473537277e+00,-1.545217526192739443e+00,4.207791247668128065e+00,2.135440087913397456e+00,-3.620688393764779356e-01,1.600571941575277712e+00,-2.221067203075121732e+00,-1.509246275498487000e-01,3.954133407724207405e-01
-1.290307160910632467e+00,-1.398000736977447644e+00,-1.990322217953002015e+00,2.393344794333258641e+00,-5.698446881341457937e-01,1.358352474206766303e+00,-2.175035125415040405e+00,-1.606389636319186520e+00,4.149350049250383421e+00,2.277899627470052479e+00
3.796553284599520239e+00,-5.942068720377760016e-01,-1.502802905228429076e+00,4.014250785556166434e+00,2.516348915113047369e+00,-2.059073616969362419e+00,1.367743932759695191e+00,-2.236782430628130314e+00,-1.032383097875516631e-02,7.672797964733052423e-01
-1.850818414723383043e+00,5.874260282225307606e-01,-2.031466687892178768e+00,-3.231397016707450165e-01,-1.675627099766076933e+00,2.231265706857225695e+00,-6.943555388359574643e-01,-4.805066982051793834e-01,-2.152452975292595383e+00,2.887850987934732494e+00
-2.093274375810403320e+00,3.128515590384597367e+00,-2.006240765277557792e+00,-1.244937656866077935e+00,-2.121455970865001817e+00,3.282579106630360677e+00,-1.930163140773400343e+00,9.311925095468357449e-01,8.033445455103181976e-01,2.260639920889362831e+00
-1.668349968114236637e+00,5.740720712056388564e-01,-1.962611462947132512e+00,4.138235202161034132e-01,-1.309343947519188145e+00,1.628081749116994992e+00,-5.512025527611816855e-01,-8.637538952427750161e-01,-1.762062475440286713e+00,2.129809069595808069e+00
2.633793993466666983e+00,-5.128866593248493366e-01,-1.992859468169649650e+00,2.824674774783472841e+00,3.018401554921934071e+00,-7.210062239505377057e-01,-8.950788979971449066e-01,-2.296959507252864352e+00,1.341930672270041480e+00,2.689344842417866310e+00
1.122067991497621042e+00,3.833255114590592427e-01,-9.352966094383772244e-01,5.290294298001815498e+00,2.090677592902796977e+00,2.169599692927084433e-01,2.008574214427918392e+00,-2.230913107476086843e+00,-3.701783036373483271e-01,-6.594789127259979011e-01
-1.932216510305821311e+00,-2.813697817653324051e+00,-1.922405877441566657e+00,-8.983076924506060434e-01,-1.929348682224615086e+00,2.630965690551524183e+00,5.168174985662608023e-01,2.663685946537727167e-01,-2.784587047666435389e+00,1.723288485378644763e+00
-2.124341490681485922e+00,-4.618809658935720819e-01,-1.919475538952956750e+00,-1.160622047821325165e+00,-2.158076224548689304e+00,3.464805979568749805e+00,-1.670704087990595443e+00,1.071350286184760359e+00,3.198484167884169116e-01,2.200514064059166053e+00
-1.774256862721450112e+00,2.704752406396364606e-01,-2.066901557195407246e+00,-7.296962249578714532e-02,-1.497064522046168245e+00,1.937515573597597296e+00,-2.405253307229603621e+00,-7.856295193627673701e-01,2.452314492779871902e+00,2.846362659520893068e+00
-1.762973894255625451e+00,1.000419785780431781e+00,-2.029731022535530727e+00,2.255700937780005522e-01,-1.476760929520278154e+00,1.822528070036812942e+00,-1.602072925082396404e+00,-8.663835127999401919e-01,9.067183517157952899e-01,2.514154573621411259e+00
3.412996759737261687e+00,4.803269569812140816e-02,1.328590616903100874e-01,3.852800075601754415e+00,2.533517437443775222e+00,-2.507089151348775857e+00,3.294511296338035855e+00,-2.250095775394773678e+00,-9.522252111326667823e-02,-1.784848946917710899e+00
-2.105321821315934372e+00,-2.891014458937903875e+00,-1.679669568740866259e+00,-1.130855570751720940e+00,-2.128207580314870562e+00,3.317240266397325499e+00,1.502117531863462752e+00,1.273659171171636073e+00,-3.200970457932842628e+00,7.063755939789122529e-01
-1.810151918222423051e+00,3.030721446978410505e+00,-1.818006796585187823e+00,6.365357109543087755e-02,-1.427618130302730437e+00,1.977875952403148396e+00,4.456362758176477534e-01,-6.819988076281040534e-01,-2.346849791913560246e+00,1.538273545959709221e+00
-2.075367565225259003e+00,1.865375365408834085e+00,-1.308227412740659290e-01,6.519655518958853424e-01,-2.094929457423590158e+00,3.182013302820772438e+00,2.719415749002153326e+00,1.213517209980684575e+00,-3.297781449986454838e+00,-1.547586914044714268e+00
3.444939173647843855e+00,-3.406011135886889640e+00,-2.040321938138018876e+00,2.512008331591760513e+00,2.859238406501177110e+00,-3.454494510418156139e+00,5.954536071027405342e-02,-2.299291254457031197e+00,2.527729282452528259e-01,2.673855122196365119e+00
-1.612167037528329461e+00,1.483623277168407029e+00,-1.882193679356083171e+00,6.134191042252100656e-01,-1.331638179722924198e+00,1.669935312816166473e+00,8.659528758517263114e-01,-1.001388422006795897e+00,-2.340647202572345265e+00,1.815583702243842357e+00
1.876483999016693271e+00,-2.721030388237495323e+00,-2.075870107598617675e+00,2.523772762701248062e+00,3.015446902250281447e+00,-3.443274770814936936e-01,-1.131514323924228904e+00,-2.294707413705102450e+00,2.049196623095386638e+00,2.906184711466779369e+00
2.507819724126108873e+00,2.996875949493637670e+00,-2.013760705130635653e+00,3.573418424044525032e+00,3.187781303397470900e+00,-2.386653949477818948e+00,-2.826275357617608730e+00,-2.304159904549080373e+00,4.153175772851215086e+00,2.637157827497943252e+00
-1.717409168656643947e+00,2.103412482397234662e+00,-2.007614805406496394e+00,8.671495359392418223e-01,-1.438638478189187220e+00,1.779384157516283871e+00,-1.223036383504392255e+00,-9.080623862803584023e-01,-1.337605632301221092e+00,2.536635941773507597e+00
-1.791626655506105781e+00,-2.717456716634506275e+00,-3.586974267152425178e-01,2.178118234813412712e+00,-1.581951601147792097e+00,2.027351957335364219e+00,2.358126943553639165e+00,-6.669232973222800620e-01,-2.781572468524470931e+00,-1.112717746013040188e+00
2.184592800616746544e+00,-1.535364732798999654e+00,-1.978513779832149488e+00,2.878661471431286145e+00,2.352300120974343045e+00,-2.209383489289865388e+00,-3.468857864606795793e-01,-2.260857328828817181e+00,1.663604057508172307e-02,2.212361396463473184e+00
-1.945288553640842855e+00,-1.113241853662529479e+00,-1.989605959643608424e+00,-1.122557809779903160e+00,-1.878743702212542832e+00,2.510879097811188565e+00,-3.103835770346341505e-02,6.608724014570698246e-01,-2.726171051949742630e+00,2.325167565303696282e+00
-2.109130697023670731e+00,-2.030701818023574745e-01,-2.052062914980502306e+00,-1.275343660175992211e+00,-2.135574805299354839e+00,3.361455739209533888e+00,-2.432432251256052780e+00,1.132680244726173013e+00,8.340056302813250166e-01,2.795307618475386224e+00
2.421662504062703114e+00,6.344308238229174890e-01,-2.078449187691211897e+00,3.311649062570356072e+00,2.969455346988809197e+00,-2.991642621422879067e+00,-1.846427974933413818e+00,-2.297949412405788649e+00,3.707100663024092579e+00,2.946834796923231359e+00
2.344717646962419355e+00,2.349244425273762538e+00,-1.994861973983722780e+00,2.751833019911178901e+00,2.928209466473504108e+00,-2.445790653581846552e+00,-3.480907913349469140e+00,-2.280803785472936163e+00,4.547381679260304566e+00,2.498383811027564683e+00
-7.668501712344337751e-01,3.191615241316839935e+00,-1.986564416395803390e+00,4.080442659607544265e+00,8.145065212194072535e-01,7.178989086330105351e-01,-1.212842343648158572e+00,-1.982202550021987308e+00,1.531027019684797930e+00,2.229792953320694160e+00
3.231840761271334017e+00,1.915990328606647530e+00,2.687726546340439282e-01,3.939824324135502653e+00,2.891104893266956299e+00,-3.175986849373914289e+00,3.143561938530657685e+00,-2.301721535284222853e+00,-4.088698161597187353e-02,-1.731831697114547097e+00
2.396691067793263574e+00,-2.798259365613264826e+00,6.983079178902911188e-01,3.977188873257271329e+00,2.750037325499691043e+00,-2.104884150196049131e+00,3.376690190606387532e+00,-2.291737531181055942e+00,2.959045908467224928e-01,-1.806437476325676528e+00
-1.017852830540735276e+00,2.471410404536391603e+00,-2.028327784048840510e+00,2.973296848634999545e+00,1.439779075143808873e-01,8.769807319282678648e-01,-3.091635468063983261e+00,-1.862537677982798012e+00,3.559013511895618542e+00,2.787304548278229266e+00
1.234680068226504224e+00,-7.781602905184108465e-01,1.091889361409676407e-01,4.393278536886916719e+00,2.079946559591335120e+00,-1.781570843893356404e-01,3.120490392504275512e+00,-2.224390571444171627e+00,-1.988739898206824952e-01,-1.709468760723532155e+00
1.769562685633712551e+00,2.031327936187860672e+00,-2.058295106392948437e+00,3.569422401279482848e+00,2.127115146419973790e+00,-5.243230093438819850e-01,-2.816711145456085141e+00,-2.242566698815093851e+00,5.217636263332590119e+00,2.714229970458296393e+00
1.637497032367987604e+00,1.445379773870599571e+00,-1.993204362861168200e+00,3.045294979675160274e+00,2.182263060746912675e+00,-6.837632393765007421e-01,-9.267887631609887933e-01,-2.220132385845136280e+00,3.891983865478387261e-01,2.138821970534432015e+00
2.235316418758467982e+00,3.383190764191294164e+00,-2.079586974947930322e+00,2.480763276492020886e+00,3.535450082995254206e+00,-1.258623270092293023e+00,-4.616612097966932282e-03,-2.329810689962090731e+00,7.491393919498408049e-01,3.138873182837417453e+00
2.155383368852765713e+00,-6.299851788970256550e-01,-2.022355177374571600e+00,3.387060336889941681e+00,2.851648155603920376e+00,-1.999179247334978760e+00,-7.873003152594764131e-01,-2.293103841336743720e+00,9.339026914210191155e-01,2.391648566430162326e+00
3.293997815105937477e+00,6.569768714406336585e-01,-5.305585751865492528e-01,4.431417190282196827e+00,3.899390607592056135e+00,-2.430607209319902928e+00,2.172180004781555596e+00,-2.351429409958330830e+00,7.002892806133709236e-02,-1.033692858194138475e+00
1.770583669539018690e+00,2.742781346664204811e+00,-2.061310577577634806e+00,3.515534574238118992e+00,2.942269448536761978e+00,-3.239023695063560915e-01,-3.411510451737216787e+00,-2.279538216479469970e+00,7.515191800539949618e+00,2.970678163535500627e+00
-9.957477204458126119e-01,2.960566817743904622e+00,1.797247233302336489e-01,4.917062730810616955e+00,1.316391384703408107e-03,9.959219469669049474e-01,3.079230164068059494e+00,-1.847721807547157313e+00,-1.199707462177932227e+00,-1.708967212613506259e+00
-1.810783699966475702e+00,2.790956500226934978e+00,-1.974164129623318331e+00,-3.425684580566921156e-01,-1.605522803013752275e+00,1.994039943923984204e+00,-1.133664480178011580e-01,-5.660346389048009907e-01,-2.194204995346663356e+00,2.475100054663728955e+00
-1.701424827951031338e+00,4.149258985249515419e-01,-1.979625276748772755e+00,-4.944190980841951522e-01,-1.561835470638220924e+00,1.927426445974905533e+00,-1.160065698876080020e+00,-3.898236266975389497e-01,-1.442993499786516365e+00,2.394891127381409301e+00
2.237920557166563462e+00,-2.583650455139354207e+00,-2.093767763155326200e+00,3.028948520511327125e+00,2.067477278888787851e+00,-5.843196708411593221e-01,-2.697471756902398710e-01,-2.221970442639097154e+00,2.342931095450635770e-02,3.295538338300028514e+00
-2.051257322991818732e+00,-2.500382605508580269e+00,-2.093660198447039100e+00,-1.311929333295601241e+00,-2.033671894555398652e+00,2.958801977269589933e+00,-1.323907712377887957e+00,1.245491824867821062e+00,-1.426816875587683997e+00,3.195135952490985254e+00
2.988079272660057129e+00,7.417576618400252286e-01,-2.074076482122086951e+00,2.819829749097330751e+00,3.452860684621790632e+00,-2.269948542667035163e+00,-2.629599171821448422e+00,-2.321355730420458841e+00,3.648686967900927058e+00,2.965959636127143639e+00
2.551374764004297635e+00,2.168637178747212957e+00,-1.989620985801468844e+00,3.092514685084124970e+00,2.244730197481668021e+00,-9.028057224104362177e-01,-3.080076329445037064e+00,-2.227923646856793560e+00,4.967745871474277486e+00,2.344842232078288902e+00
-1.492586265421900649e+00,-3.040441493224240066e+00,-5.483423455514901956e-01,2.653014737424690850e+00,-1.169010094241022868e+00,1.459705252749786020e+00,2.339165184691594845e+00,-9.851607743158625752e-01,-2.194734935397342657e+00,-1.070448144475126373e+00
2.127150632183199441e+00,3.004391982655713278e+00,-2.090466011753663533e+00,3.852932446835027669e+00,2.228217312308981235e+00,-8.528478297980597311e-01,-1.039476157068246032e+00,-2.214506294926037011e+00,1.282819604282721571e+00,3.207712820379641450e+00
1.270680796793770995e+00,2.877520836948780136e+00,-1.943356620958322845e+00,3.224080632549443770e+00,1.550092142074527946e+00,1.342813472512203177e-01,-2.642706032734031041e+00,-2.176492480573278154e+00,3.573376914627063528e+00,2.392981116919021822e+00
-2.113706280752572386e+00,3.196293209390471901e+00,-1.980068323529040830e+00,-1.198204174148898016e+00,-2.140608232682991385e+00,3.395719411350954786e+00,-1.979983350781680196e+00,8.612800810707637034e-01,1.235924868076742622e-01,2.375944391012912771e+00
3.356822889045336655e+00,-2.679821145735503229e+00,-1.262320449515133225e+00,4.916729161122793457e+00,2.900318087535998846e+00,-2.987985960341830172e+00,1.853364468253206887e+00,-2.289149830044681977e+00,9.551600543866572979e-02,-4.933341749935393761e-01
-1.233388614650772652e+00,-2.320728466205661977e+00,-2.053879931364530620e+00,2.483767745769210222e+00,-4.521189901495496488e-01,1.167462469943643555e+00,1.152193628651816404e-01,-1.739615995730442455e+00,-5.557385040811212429e-01,2.700161092347893366e+00
4.330570750488666576e+00,1.646217951781865807e+00,-2.003059315205618418e+00,2.949696526494707260e+00,2.549588047306748262e+00,-7.658962330256722240e-01,-3.326831188728358590e-01,-2.265345365377523290e+00,3.356166298030088813e-02,2.449610143728213174e+00
1.478487025370515129e+00,-1.886589091270016727e+00,-1.772141192289551581e+00,2.764075170800677661e+00,2.889463226554992215e+00,9.393985183861985888e-02,9.051751482052878828e-01,-2.291554731133568890e+00,2.973583584679426739e-01,1.322522502515509846e+00
3.466205193563887121e+00,3.095310365328951541e+00,-2.100879924307899049e+00,3.483615714606284719e+00,2.546015787043674372e+00,-2.352125627029511001e+00,5.168853595598958961e-01,-2.273555532955062741e+00,8.195488034629041518e-01,3.172728215797502749e+00
1.141047928417358470e+00,-4.867050192593036506e-01,-1.983684765578996645e+00,3.395795998991797404e+00,1.684023355908388808e+00,6.614288597427542271e-02,6.153411657845202498e-01,-2.144767737704528443e+00,-2.760143065974883791e-01,2.404765358252410223e+00
-1.923862728669746724e+00,2.146243427821955763e+00,-5.792527592832070749e-01,1.815604824600318912e+00,-1.693197137740764857e+00,2.342173376053437117e+00,2.375395398201720631e+00,-4.300264009294462730e-01,-2.923755282221225826e+00,-1.244694098355129119e+00
-1.945670837600810721e+00,-6.495479911670520856e-01,-1.932939149440236815e+00,-9.057243253249466219e-01,-1.863484223254375127e+00,2.500728235336140415e+00,-2.202872737215998633e+00,4.521048480160402838e-01,1.569694201956902457e+00,2.155252312200189202e+00
-1.901293756105193911e+00,-3.131370306487157862e+00,-2.070023654851568029e+00,-9.526124676130884872e-01,-1.859410638310119213e+00,2.527474106315056090e+00,2.536424268635526502e-01,1.137804892221844777e-01,-2.751772111506273433e+00,2.827663176083034635e+00
-2.031430148634861155e+00,2.492628122684455327e+00,3.099648689034412152e-02,7.310717341062290542e-01,-1.969815040759678171e+00,2.843491364585700509e+00,2.956978303798440955e+00,9.750258662840151080e-01,-3.192358425351962570e+00,-1.598023652599572797e+00
-1.957600729305633225e+00,-2.022701683961312114e+00,-1.979091374800133751e+00,-4.349026456104243543e-01,-1.782340915693958250e+00,2.516459681664922954e+00,-4.403510052095946925e-01,-4.655777206324417938e-01,-2.484820238221117972e+00,2.184207064531106024e+00
4.383764303411853192e+00,1.412974334522284714e+00,-1.976892534911740551e+00,2.765557445332403663e+00,2.394345625003259759e+00,-3.010529338035949465e+00,3.349889401041576953e-01,-2.262526591698832412e+00,6.364033480976138968e-01,2.213434937152487070e+00
2.929665441718137586e+00,-1.705016156343021061e+00,-2.009214443693973617e+00,2.470365991014103368e+00,2.377772205609056222e+00,-2.420633781076504398e+00,-1.599118491336495751e+00,-2.249979895346662762e+00,2.311113939637801540e+00,2.598124712697029715e+00
3.684862553555175335e+00,5.731032029721880861e-01,-1.032139748944733926e+00,5.372422865474327125e+00,2.527168068376336230e+00,-2.171037924178049305e+00,2.167067525523031613e+00,-2.199328320006210813e+00,-1.868160454791437941e-01,-8.387211217414503039e-01
2.612294738224753221e+00,2.386654673642255808e+00,5.317414273049528850e-01,4.174016246211544434e+00,2.959844152436021059e+00,-2.205721545691347263e+00,3.435792763596499100e+00,-2.294360840509305888e+00,-4.228014685930816530e-01,-1.819419921413686803e+00
2.876881004187173296e+00,2.757186983982720108e-01,-1.826929807922950788e+00,3.508513670228300629e+00,3.629434310132717112e+00,-3.439740566652575993e+00,1.084949828383551917e+00,-2.340767234869056690e+00,-1.527387783531282961e-01,1.204909202817122438e+00
2.760942023571404391e+00,7.507422693729486340e-01,-1.228900139392472335e+00,3.785096610087499425e+00,2.666736653794935741e+00,-2.480701190105043530e+00,1.811058672148863735e+00,-2.263743355178164496e+00,6.061663761295810193e-02,-5.011183717422836859e-01
2.486067800247010684e+00,-8.535214321832729212e-01,-1.911063334838958294e+00,3.269864532055067219e+00,2.256052339271805707e+00,-1.296976988837642786e+00,7.050408695996823738e-02,-2.244517264878602258e+00,6.585794461776037223e-02,1.932604544836574290e+00
2.432158038617009410e+00,-2.746618990292435836e+00,-2.099572721880629711e+00,3.342270742673816741e+00,2.459551984306032502e+00,-2.226601623093384497e+00,-1.468408708113961847e+00,-2.243076215456443645e+00,1.759802026610548298e+00,3.171549950018274000e+00
3.125989488377159287e+00,-1.834513858989589075e+00,-2.086784106574645303e+00,2.702723616077040703e+00,2.113705653597649281e+00,-1.407936760661898656e+00,-2.208287566348380082e+00,-2.209826999531496750e+00,3.283887266796638560e+00,3.021696075247858104e+00
-1.154985323305184330e+00,-1.022022368097479372e+00,-2.137453225004627644e+00,1.941733260165541264e+00,1.022058066778769314e-02,9.499057558628756226e-01,-3.179295599879250922e+00,-1.628322598852206093e+00,3.427825419852957189e+00,3.701267026617234279e+00
-2.098489829404211360e+00,-9.255448930111964678e-01,-1.789902855325708142e+00,-1.148439298069220627e+00,-2.115637346257738027e+00,3.299025872443247742e+00,1.193549720231504629e+00,1.219370400848057034e+00,-3.122584716633163282e+00,1.281760454895515489e+00
2.888847243915788621e+00,1.805063831759751380e+00,-1.936781212587997736e+00,3.046203484708093434e+00,3.490759605489956563e+00,-1.869722823726859495e+00,1.689916786220324596e-01,-2.316915609378184193e+00,1.881902904238710761e+00,2.129259217021060469e+00
-1.863508969099453738e+00,-2.392981885017157140e+00,-1.993681454432852496e+00,-4.196840815965882099e-01,-1.662965184079274739e+00,2.126491932416899822e+00,7.090863245107357216e-01,-2.784727099003566630e-01,-2.737468116150062247e+00,2.373037690383104970e+00
3.543386943818836343e+00,-3.013851665695624682e+00,-2.043393120902594173e+00,2.879539899692503013e+00,3.005350160760169143e+00,-3.002000471718378360e+00,-2.633867976502152430e+00,-2.289798292007787506e+00,4.531212158318159489e+00,2.774823527978548920e+00
-2.039625344933827300e+00,-3.446435272089010571e+00,-2.008140602114753648e+00,-1.060870520769455094e+00,-2.060094755869509964e+00,3.045842537427920327e+00,-2.367721584438190696e+00,4.191367921175274125e-01,1.437375155224643430e+00,2.500529248986410380e+00
-2.031973612942083562e+00,-5.367773584345960636e-01,-2.094836191753610244e+00,-1.263793280333460833e+00,-2.055841951209621321e+00,3.034375728125693783e+00,2.840409835193735688e-02,1.009723574648991207e+00,-2.773279942562395739e+00,3.102091199629841256e+00
1.055784350564260343e+00,-3.338635498333304419e+00,-2.018007774183774305e+00,2.504818138310834996e+00,1.316875183562596474e+00,3.283736837622557303e-01,-3.237457929658384082e+00,-2.122390021813537864e+00,3.745884045506261639e+00,2.475559918382149505e+00
3.518190401719129667e+00,-9.193529820673367325e-01,-1.945179861470643257e+00,4.066630620212830394e+00,4.135450408982237036e+00,-3.193570547794638781e+00,-4.620527434642616171e-01,-2.352691915078467311e+00,1.052483858161771035e+00,2.171539490098140401e+00
2.339863781862403957e+00,3.026025079424394804e+00,-2.073523086020254702e+00,3.556093067977788902e+00,3.143412261771041827e+00,-1.655748735071470135e+00,-2.106934119766016078e+00,-2.316872402420599553e+00,3.503113293361831637e+00,2.914389733074292277e+00
-9.205153688711001925e-01,-7.448169802648556548e-01,-1.982981996481860909e+00,2.360970325477948162e+00,6.053428167993681885e-01,8.709326038791038727e-01,-1.766460241858210267e+00,-1.952192482342316904e+00,4.586120321198643879e+00,2.102806563052699751e+00
2.893931034793582491e+00,-2.932535226744308332e+00,-3.254720913333315480e-01,5.657286584649229511e+00,3.420880135436435765e+00,-2.282472586297624950e+00,2.292493174261895028e+00,-2.326862416391120014e+00,6.780685586419992195e-01,-1.238666485409252838e+00
-1.560375513539084436e+00,2.704688688841019761e+00,-2.089695033557373183e+00,1.949810170774022300e+00,-1.167808283188589646e+00,1.440969967010936159e+00,-2.681619417905146463e+00,-1.328715983963279390e+00,2.328387763773332786e+00,3.216757575563017113e+00
1.986212044722771353e+00,1.994123029555376903e+00,-2.111621907948761478e+00,2.609990891320159268e+00,2.331284716392993506e+00,-1.105627739596553027e+00,-2.618803425725609646e+00,-2.240789586587838222e+00,6.516969270151303562e+00,3.340219304755740914e+00
2.024014923038979674e+00,2.705658539829389753e+00,-1.994597722425944131e+00,3.620631471394651690e+00,2.037714103110336961e+00,-2.413884055429691422e-01,2.063407287293435033e-01,-2.217626137762194194e+00,-9.585081829465841308e-02,2.288636750693003208e+00
3.206920714779649462e+00,-4.774762892377850676e-01,-1.954153076161888380e+00,2.566543843736123875e+00,4.477235459254922390e+00,-3.339602324155799273e+00,-1.784092839670084363e+00,-2.381136050695465745e+00,3.538728317998282247e+00,2.193411830362963499e+00
-5.858915198031608984e-01,-2.368340411372668264e+00,-2.122247971606428418e+00,2.607328209569194755e+00,1.002781193232620938e+00,8.099034332055383700e-01,-3.295368673054815289e+00,-1.992220120436493769e+00,4.990725985007953724e+00,3.570939164436500945e+00
3.125190841219261273e+00,2.021259998008586578e+00,-2.029768341112818231e+00,2.529494675313194385e+00,3.682339711094361867e+00,-1.344124093766719596e+00,-2.419329632835503840e+00,-2.343331584399421352e+00,3.769488982587660963e+00,2.872251059004767626e+00
2.131895828123038683e+00,1.849534686213163859e+00,-1.861200520109909773e+00,3.275686241828954071e+00,2.920549386268678216e+00,-2.009238020554686699e+00,9.999965732458138135e-01,-2.290937676362949649e+00,3.083588620459326579e-01,1.498242667254808813e+00
3.283276860914390305e+00,-3.050156472247009809e-01,-1.147584152437303606e+00,3.986213313881585396e+00,2.868313590747837427e+00,-2.387294632885406109e+00,1.970248005204627617e+00,-2.290778607017613044e+00,-1.943296267849441428e-01,-7.434299457519104593e-01
2.277275573476448933e+00,-1.717072439036985809e+00,-2.056213041348749382e+00,3.655110945909164855e+00,2.410874280837933981e+00,-1.650624943894042573e+00,-2.763035797505875468e+00,-2.234971199531011976e+00,3.761389391844291552e+00,2.873029747918157462e+00
2.076371110309790602e+00,-1.911579992606786682e-01,-1.985409505130642405e+00,3.498640028397221435e+00,2.835863286989199761e+00,-5.206790779137819847e-01,-1.814372077934746308e+00,-2.288461669298694989e+00,2.786036894492262217e+00,2.255196119425048717e+00
2.727067759425445992e+00,-2.769520146237526959e+00,-6.143358193037118387e-01,6.119351456356235452e+00,2.814596710783063394e+00,-2.951996854604728160e+00,2.351224169043820034e+00,-2.290690633496311968e+00,8.747653486006436996e-01,-1.060231797865333725e+00
3.156629627629540913e+00,1.218731459170049547e+00,3.466389455252739116e-01,4.333358446372364448e+00,2.324943298303735695e+00,-2.139561662289504174e+00,3.129397793841491193e+00,-2.250950678173332165e+00,-1.638867883630924505e-01,-1.713752955186860216e+00
-1.712586609350136513e+00,3.214314260123208200e+00,-1.949408621663310859e+00,-3.539136647494208754e-01,-1.501176861546434704e+00,1.860332860292719381e+00,-2.628083854673668895e+00,-4.568537629038452730e-01,1.843964182183896350e+00,2.163398219309980330e+00
2.046899622942449426e+00,2.382388534251107970e+00,-2.564313744288076458e-01,5.612939767734474117e+00,2.882763006831673636e+00,-9.522305692066286298e-01,2.470910932550042460e+00,-2.300115732190065376e+00,-3.761395301599722574e-01,-1.322084930544516368e+00
-1.832923832902386252e+00,1.124012123127541507e+00,-2.042256506164091601e+00,-1.775934625556646607e-01,-1.712821118200561932e+00,2.177411094144671821e+00,-1.793862027497800771e+00,-6.039811401702791516e-01,1.007118045283920571e+00,2.717993511713106436e+00
3.008743131389870928e+00,-1.999078099216648585e+00,-1.954368646318756397e+00,3.588009858645631933e+00,3.352714677695914247e+00,-3.172220561473662048e+00,2.159684479426440262e-01,-2.306741127355877108e+00,5.828836184852639324e-01,1.977119445191106939e+00
1.861291732603785221e+00,-1.224496665743070700e+00,-1.928250309483862335e+00,2.904429687139121974e+00,2.362547080924898069e+00,-7.125769794347407426e-01,2.778687941097541803e-01,-2.258460492391043406e+00,4.794581025105020267e-01,1.865940016673641288e+00
-1.787484310752588179e+00,6.123397234153040714e-01,-1.878971147088807969e+00,3.379652892494152683e-01,-1.361870229349915640e+00,1.882815616534914582e+00,1.327906596676012185e+00,-8.257028510356901885e-01,-2.510000503414868245e+00,1.408166437347098565e+00
1.090709315826108083e+00,2.695866567996043628e+00,-2.035890835894178519e+00,3.980606004855260949e+00,1.663074840074998395e+00,1.483580140809950265e-01,-2.734353223316756676e+00,-2.190952768401009720e+00,4.794149246692070321e+00,2.644616599296233161e+00
-1.194443407570118021e+00,-1.926533646778691766e+00,-1.978120027255994007e+00,2.002705983964651715e+00,-6.360768996968479971e-01,1.198119394222001866e+00,-2.206295240104737765e+00,-1.363903365276750490e+00,3.155306858708110340e+00,2.504513247361896955e+00
-1.480178819180912431e+00,4.026050492344883658e-01,-1.472641088787461916e-01,4.652675244407831201e+00,-1.045153308607678300e+00,1.486889718469933896e+00,2.820650257693839258e+00,-1.394076148571861351e+00,-1.858226924842607097e+00,-1.588627409331552887e+00
-1.958587673807237861e+00,-7.163536892979482928e-02,-2.078627344090268725e+00,-8.638767118902619391e-01,-1.901286422013732214e+00,2.516577883383631864e+00,-8.154940252315912019e-02,1.082614790292370233e-01,-2.707731690733679031e+00,3.100572191798550037e+00
2.303958465593011429e+00,-1.833873882880111328e+00,-2.088026386984737748e+00,3.337201217418307220e+00,2.778023473459874992e+00,-3.043192724336366783e+00,-1.130756166885123815e+00,-2.289093827301775352e+00,9.703098246804795490e-01,3.064629911242480631e+00
-1.724932538179742236e+00,-3.111421482971427288e+00,-1.962839491147144955e+00,5.235931967273667054e-01,-1.276845611509211498e+00,1.764232566018510973e+00,-2.135098566497340311e+00,-9.319192450262869798e-01,2.929312859672171143e+00,2.204580098775877239e+00
-1.260617579628425577e+00,1.866657210441147186e-02,-2.037100271738781831e+00,3.397832338347543057e+00,-2.409116938132257468e-01,1.084029800169957980e+00,-2.216368722849845874e+00,-1.821565944587653529e+00,4.509890690186937334e+00,2.538751192035810789e+00
-2.048557750477154826e+00,-3.053270949539914625e+00,-2.132790821863064235e+00,-1.110115932590398646e+00,-2.040399438935712517e+00,3.003955503569881280e+00,-2.243439372654457920e+00,4.363564973827392945e-01,1.105588275998593328e+00,3.782316169524468918e+00
2.100402844434460903e+00,-3.253603134313233003e+00,2.887855766916354039e-01,5.306817142831629752e+00,2.670841271953324103e+00,-2.478082066487456103e+00,3.195745878601675471e+00,-2.282441235360181953e+00,5.622777229511235486e-01,-1.724366494185492815e+00
2.395554587846838501e+00,1.116987422128561391e+00,2.794757569336528968e-01,4.357186488828668658e+00,2.206547790208742921e+00,-2.537525961332105950e+00,3.406850549296414066e+00,-2.225448211264144049e+00,2.123791768809502045e-01,-1.814437821821326624e+00
-1.774582156520517762e+00,-1.275105051271953283e+00,-1.955643369989559899e+00,-1.769777382499549967e-01,-1.624674575347943684e+00,2.222317776044404170e+00,-2.386087749309348638e+00,-5.292160557436513812e-01,2.065780547893671049e+00,2.323551383478464238e+00
-2.063672161896375812e+00,-6.367841865766390441e-01,-2.033175758144102119e+00,-1.093462283456286377e+00,-2.065723352462955464e+00,3.074330879048621235e+00,-3.197877150321658313e+00,5.431856774849281866e-01,9.322213852520964128e-01,2.500202850605327320e+00
1.068446699621002027e+00,-2.049934171410559003e+00,-1.988961999673190872e+00,2.969245597642052648e+00,1.603146086291437289e+00,8.762249945476030533e-02,-1.438020001699573669e-01,-2.177991604168568518e+00,2.655025276845676685e-02,2.114413752817488223e+00
2.020881454235562646e+00,4.644509009038779723e-01,-1.983478304513141222e+00,2.880214396760431672e+00,2.322919431134476298e+00,-7.519243175866474616e-01,-3.754685603423446594e-02,-2.193534927330733630e+00,2.767132960010157405e-01,2.681328394883019328e+00
3.227108211229453794e+00,1.787212033328739125e+00,-2.007215197378849236e+00,2.610052882599779522e+00,2.477386904217419250e+00,-7.120784291326143212e-01,-7.606203905001831522e-01,-2.229155407590289073e+00,1.176926754329986835e+00,2.322803862366901839e+00
-1.832781864385410575e+00,-3.310971859128870598e+00,-3.971774967983688481e-02,1.086662162119966357e+00,-1.626647569148373940e+00,2.071211477676362378e+00,3.162234453036025350e+00,-4.076451680614141537e-01,-2.760441261323957729e+00,-1.724086536572414952e+00
2.172662791515318936e+00,-1.375330322532112071e+00,-2.063673645843437932e+00,2.594216368838258457e+00,2.272112952706042410e+00,-4.556195765658443975e-01,-3.346330230921144899e+00,-2.244977986486409449e+00,4.887194454514471431e+00,3.069998888471202836e+00
2.093990431975401911e+00,1.494903826622856258e+00,-1.139089523382395441e+00,3.578259467320119569e+00,2.547164165990813967e+00,-2.085011946541453831e+00,1.769316842275087787e+00,-2.225155673777224230e+00,-2.127491528714862690e-01,-3.705946412793092448e-01
-2.127675020112289594e+00,7.762405028579282273e-01,-2.048258562236754177e+00,-1.118046601535502393e+00,-2.162905429487767428e+00,3.489344842696258553e+00,-2.592149292061491028e+00,6.648310435367148497e-01,1.115358085871379412e+00,2.730678851104944904e+00
-1.957833380799039791e+00,-3.156505177776224969e+00,-2.049296741430491675e+00,-1.059570194724657410e+00,-1.932606788532410746e+00,2.681021413676146103e+00,-1.522719255627519086e+00,4.917895505004221679e-01,-9.057688793076570377e-01,2.593159480363554259e+00
9.608131672386606148e-01,-2.278606243732882231e+00,-1.995261962963430502e+00,2.765714699806095744e+00,1.722444990678418497e+00,1.574925408191676368e-01,-9.158667543930554267e-01,-2.154148251092327104e+00,5.306391677440585042e-01,2.484722405153103608e+00
-1.648930994128675165e+00,5.173389380358948131e-01,-1.927053575264086716e+00,1.695765703218502285e+00,-1.243076005174931220e+00,1.594430408395974830e+00,-1.882161802351713931e-01,-1.254461636166753546e+00,-1.761998201488850224e+00,2.042568938263706002e+00
7.681491902939693861e-02,2.641066177457911834e+00,-1.846441501363720539e+00,3.157842162745380765e+00,1.092799311697896458e+00,4.033103722288724491e-01,1.037819828788281384e+00,-2.072838491909827052e+00,3.111648492066994010e-01,1.214676234022891821e+00
1.527049301382127577e+00,3.090111334471957960e+00,-1.945009025318962470e+00,3.012941798389103365e+00,2.678733369997506664e+00,-5.623518738971933217e-01,-7.284065639207932819e-01,-2.272997797858611335e+00,6.351611047071572536e-01,1.996307527749811461e+00
-1.152322930327247530e+00,2.425398863220880941e+00,-2.083436636463144698e+00,2.756895212298533515e+00,-2.863108587027851648e-01,1.087777769511346193e+00,-2.310610554814809703e+00,-1.718138008968060459e+00,2.462102297979802401e+00,3.050010614542590037e+00
1.646404345658469159e+00,1.453633728095296895e+00,-1.886572501283297454e+00,3.068285766128846959e+00,2.484899766697982848e+00,-3.363000646702460905e-01,1.075464914895107427e+00,-2.239048304324325667e+00,4.676473166246153390e-02,1.529137095431869930e+00
-2.023159366943947379e+00,-1.869285932375574166e+00,-1.928198791852778093e+00,-9.715398355357808269e-01,-1.958485657990543860e+00,2.860499994959434744e+00,1.137141986672596694e+00,4.798532762348215464e-01,-3.048854901618940794e+00,2.128885776907074145e+00
2.830223875918389087e+00,-1.353953581669609108e+00,-2.000672890881280974e+00,3.646114618624551440e+00,3.272001013075104048e+00,-3.260638610231599621e+00,-5.782032363944415998e-01,-2.305434469928749674e+00,6.156856798988746826e-01,2.235868409465231021e+00
-6.304109916695617155e-01,-1.372388138741178487e+00,-1.898565688688620190e+00,2.551425065943096815e+00,6.332653939763736028e-01,7.418138443525474912e-01,1.067938502861681904e+00,-1.995714103458227973e+00,-7.211287965404167277e-02,1.486647650630980033e+00
1.786899145207051509e+00,-1.969088784615754317e+00,-1.913615696126045096e+00,3.326335733315024967e+00,2.107086845906940731e+00,-2.510112416183063466e-01,-9.994915139097133583e-01,-2.240219981407799210e+00,1.275819215249914818e+00,2.179911784144471731e+00
1.856564833313758545e+00,2.789957857497274318e+00,-2.008154492371533095e+00,2.813929783967517029e+00,2.044022653565082059e+00,-3.397685018461453765e-01,-3.341908807164462925e+00,-2.225171400239380315e+00,4.379456674542238304e+00,2.478188433757129161e+00
-1.372428644741719328e+00,2.475050292767559057e+00,-2.006827018370625382e+00,2.217064882632871381e+00,-4.827319655937259979e-01,1.238431473096780699e+00,-1.212621659032210530e+00,-1.707334869185949566e+00,-7.374920659921521682e-02,2.252455822631291404e+00
2.874112249884531956e+00,-8.228118844766632023e-01,-2.030706473082372288e+00,3.019537397705612136e+00,3.234947456857611314e+00,-2.736403276038862131e+00,-2.896043573376336777e+00,-2.317790318206234268e+00,4.589664573690939164e+00,2.711641902011983518e+00
2.176444226482372013e+00,4.999462664194322947e-01,-2.041595752142163267e+00,3.746636707748768558e+00,2.898544823020739791e+00,-2.952707219405529937e+00,-9.631913029133309934e-01,-2.277028790565078342e+00,1.819303402047384610e+00,2.753401448617943448e+00
-2.013761771377382548e+00,1.249013386332585185e+00,-2.096934327959109723e+00,-1.008118729290847559e+00,-1.994092338883373783e+00,2.796504468276561184e+00,-6.741465875871153202e-01,3.063850761392923339e-01,-2.509253119021989775e+00,3.326003700762723447e+00
2.261667716640296089e+00,3.190910155684464122e+00,-2.005613541572459635e+00,3.025212520012806827e+00,2.375425225223554815e+00,-3.400303065534306945e+00,-4.758430514491842622e-01,-2.265609154399133907e+00,1.423765846706088078e+00,2.369981367595631383e+00
-3.234592890580795244e-01,-6.904812523072827446e-01,-2.000234920194655097e-01,4.899361891330336505e+00,1.424863766359500517e+00,5.226000346474926062e-01,2.560278554697285713e+00,-2.147591457995863262e+00,-1.000075802227843313e-01,-1.442528128283231847e+00
2.142352174561525491e+00,1.532091959331889797e+00,-2.139147821893717105e-01,5.414416109975073610e+00,2.123546543917372631e+00,-7.978493483857924673e-01,2.531989397785372908e+00,-2.222465673377106654e+00,-1.742641567469517261e-01,-1.376472946474155634e+00
2.800518691427552387e+00,-7.195798428912940636e-01,-2.056610150238082468e+00,2.891236555159178767e+00,2.241698461945653253e+00,-1.383304160740998601e+00,-2.161209636926121558e+00,-2.236811852947992119e+00,3.160750126235245538e+00,2.983794559822179338e+00
1.864639383647347826e+00,-2.435689436583869494e+00,-1.932025399423623613e+00,3.072933830729774662e+00,1.782510065113082298e+00,-1.022293609105733303e-01,7.063686326856606357e-01,-2.208432113738056035e+00,-5.688402988075713651e-03,1.888911044209011791e+00
-1.475830743141557599e+00,9.989070341112284979e-01,-2.043738308048966168e+00,2.056373649353217203e+00,-9.798162108322998609e-01,1.566424433484898238e+00,-2.462510749820195688e+00,-1.273642173438896741e+00,2.166975310435933277e+00,2.776080576538609179e+00
1.088565758889796786e+00,8.020271027330885261e-01,-1.060214623056789929e+00,4.314423954965950436e+00,2.112873432367578630e+00,1.998455491188932953e-01,1.883082271807387187e+00,-2.199039566671027401e+00,1.094368826755310886e+00,-5.858387702434627586e-01
2.761396620775067756e+00,-1.324495754320706986e-01,-1.974042490505551806e+00,3.216796480570812911e+00,3.246395117979743894e+00,-2.968170621637435058e+00,-2.162991543625597313e+00,-2.304731065179510097e+00,6.821250412369439076e+00,2.210333260412675305e+00
1.782459237337348235e+00,-1.124025907907059363e+00,-2.054151633599376137e+00,3.706318213328114286e+00,2.138940717534776326e+00,-8.532905361473286376e-02,-1.878016298526929084e+00,-2.193246831697759358e+00,3.089467987790802006e+00,2.671595379246195279e+00
3.221020494240655729e+00,3.189976665272521217e+00,-2.113304629563101944e+00,4.281276265401643855e+00,3.135697665849935589e+00,-3.328131094911480403e+00,-1.278622215899225090e+00,-2.303386773016525169e+00,1.407597857008388686e+00,3.332755334404913228e+00
1.648464032344576946e+00,-6.679159140062425060e-01,-2.105260983568618460e+00,2.926212946186328878e+00,2.089193306371419201e+00,-7.164905013725348937e-01,-2.653534485448919789e+00,-2.197379244778672636e+00,4.558544905786627410e+00,3.315974755349860192e+00
-2.607189776042576068e-01,1.520195756229263395e+00,-2.140154011759545671e+00,2.568452451287548843e+00,1.266895844050921260e+00,5.818487464539225940e-01,-3.449555582194187675e+00,-2.149767771491462476e+00,4.707947535090731606e+00,3.672282690724211207e+00
2.205608237048500175e+00,3.450379426490234103e+00,-1.853047912747249226e+00,3.008903933773913408e+00,2.622875682609278503e+00,-2.603145083376046998e+00,1.093494685958884105e+00,-2.276721149716014914e+00,-8.100035375871036947e-02,1.283502228257225264e+00
8.689687919946775807e-01,2.054253580512712674e+00,-2.019903014921069051e+00,2.833907962143176640e+00,1.457888860267104292e+00,1.824229885008024077e-01,-3.105832760109030755e+00,-2.170052865086523397e+00,3.876192680346492114e+00,2.530295414016904942e+00
-2.046982666001567530e+00,-6.461064320054532573e-02,-1.925277919418726613e+00,-1.120502875240237062e+00,-2.035988909012979686e+00,2.936047680092094936e+00,2.968184033166463287e-01,5.995839358591856794e-01,-2.878309670212995108e+00,1.669840801208767989e+00
-2.017935507670476358e+00,-1.412451338165618964e-01,-2.108563092932195460e+00,-1.220232282610423935e+00,-2.001296148414871467e+00,2.829754541603747064e+00,-1.724622920325036723e+00,8.018876452728602722e-01,-9.549001838501308681e-02,3.384401526915099989e+00
-2.048895454508846026e+00,1.329707031935110528e+00,-1.992302110823022554e+00,-1.031036434215546693e+00,-2.077374661066687889e+00,3.101312945342192151e+00,-2.448306087090351912e+00,6.342138666512808776e-01,8.256075010832463201e-01,2.423332850783160186e+00
2.097643093778974066e+00,-3.360563253692721020e-01,-2.002350482478471694e+00,3.508940126506095325e+00,3.939962925362210378e+00,-1.498266726404905658e+00,5.938557033901012971e-01,-2.347184448878756324e+00,1.650381715337932764e+00,2.208948377216847003e+00
-2.109512259833985048e+00,8.568978118948802347e-01,-1.874930426761624247e+00,-1.135016387678402960e+00,-2.137563902684838979e+00,3.380509657463171891e+00,9.132600120045113457e-01,7.924199704822387780e-01,-3.127619659456496670e+00,1.536553625251711352e+00
2.648284666057219905e+00,1.739456994976213089e+00,4.752605342951319312e-01,3.895598743233536609e+00,3.838052134325106390e+00,-7.082324632308978352e-01,3.419664425466995894e+00,-2.349188652112435438e+00,6.821476954842291551e-01,-1.814015228133623259e+00
-1.735438029548929340e+00,1.071654534723045060e+00,-1.932121094077714929e+00,4.710161116110695989e-01,-1.288532385157408200e+00,1.810867198166902448e+00,8.682792942902146649e-01,-9.080522196456424222e-01,-2.356472919284933187e+00,1.710716171793103202e+00
-1.945009582199994203e+00,-2.064928782399976903e+00,-1.667720863521215957e-01,8.036997120865022604e-01,-1.885316186459762289e+00,2.532427299734901105e+00,2.998018352723431867e+00,-1.536578224427338213e-01,-3.122773952660724994e+00,-1.612140483122079138e+00
-1.893884228505400058e+00,-1.649508793288584796e+00,-1.986294297301364420e+00,-4.647271771784752259e-01,-1.827472404056351918e+00,2.336357922713321322e+00,-7.006874290118432214e-01,-3.238404409130615780e-01,-2.200599052358640506e+00,2.121355729222929476e+00
-2.027537660453125223e+00,2.086551188980483751e+00,-2.010460348511166284e+00,-9.637200732637227762e-01,-2.010335290240329975e+00,2.848500616643439898e+00,-3.041487717634754340e-01,3.070323306951365794e-01,-2.743257123174338563e+00,2.540049189079239156e+00
2.124158598536326714e+00,-1.808866243938960450e+00,-1.158970951587744214e+00,4.281922978135794366e+00,3.696838366418551125e+00,-2.119328796435986373e+00,1.814842133725674600e+00,-2.343369753570412328e+00,-6.394312089161502399e-02,-5.518179989106533068e-01
3.275512495417137959e+00,1.547779870321932094e+00,-2.003866728427690536e+00,3.627110302603697711e+00,2.479484796236782529e+00,-1.544217214942653182e+00,-2.483849628874487792e+00,-2.267645792898759893e+00,3.357624781284380688e+00,2.513648530667520919e+00
2.770274757704041857e+00,-3.504424196638211697e-02,-2.553892990161853449e-01,5.197871995298405601e+00,4.064647439434551757e+00,-1.217590930398539051e+00,2.491728012025499872e+00,-2.361827348879824928e+00,4.283428058779076286e-01,-1.371465660397645170e+00
2.322952260102055355e+00,-1.228351304183592951e+00,-2.086145049099687565e+00,4.870503458680222941e+00,3.097912016764786891e+00,-2.922474630810232288e+00,-1.496902155046724303e-01,-2.307300299882104166e+00,1.321425986736611602e+00,3.240701484182308079e+00
-2.109559462714919675e+00,-2.178157305103507912e+00,-2.071660961730025452e+00,-1.144273531932983756e+00,-2.140896072694837393e+00,3.382610932765929945e+00,-2.196063835239722817e+00,7.506313838039621045e-01,3.482782032240512859e-01,2.916505955599181021e+00
2.884545682646728615e+00,-9.156203233130089103e-01,-2.140010843440929733e+00,3.347809006841943269e+00,3.581863853456178415e+00,-1.634464971633830643e+00,-4.203524673411838108e-01,-2.332234477593110089e+00,2.068402605802693861e-01,3.786739920864385489e+00
-1.972742927540120039e+00,-2.706473496494335329e+00,-2.103178551942645580e+00,-9.408506659848133724e-01,-1.891774190860318949e+00,2.568316355024791164e+00,-2.346046453470063575e+00,1.075085449552687922e-01,1.392379719943540151e+00,3.408279223021876803e+00
2.234210891190042236e+00,-5.077739824617166775e-02,-2.092552870648010099e+00,3.115910275704775856e+00,3.812591397256293480e+00,-3.220237922903998129e+00,-3.401990885079579474e+00,-2.351146268280276619e+00,4.658045467778572757e+00,3.089351969166908685e+00
2.711112351802233533e+00,2.077579791787445451e+00,-1.963009639593477962e+00,2.958005411015932395e+00,2.396068366079560086e+00,-2.412741153500283176e+00,-1.517395785689617638e+00,-2.235431853798656832e+00,3.073790320697558087e+00,2.333329159121142027e+00
-1.944030169717199774e+00,-8.149958378148753901e-01,6.622063538148917350e-02,5.980342767863788822e-01,-1.907718706477607329e+00,2.566303479937234400e+00,2.885080809804851931e+00,5.035207622431603358e-01,-3.166343942173700743e+00,-1.631753242614847554e+00
-2.115800026033641590e+00,3.063045036262208143e+00,-2.187790674572021032e+00,-1.312793326385058856e+00,-2.144987573941204317e+00,3.399279698622863499e+00,-3.103498737148871811e+00,1.226480852648634601e+00,3.440251561043121242e+00,4.385428847376982908e+00
3.142735246463704613e+00,-2.860374094275464074e-01,-2.125886555878434336e+00,2.524419719540247797e+00,2.425919121050339911e+00,-2.126857492908719394e+00,-3.842205574502730592e-01,-2.260455168521382507e+00,9.846289203786547928e-01,3.660692844209267882e+00
3.524831591616593762e+00,-2.113711761389665877e+00,-2.060935946016715814e+00,2.532924317799893910e+00,2.699767801448222038e+00,-2.202847856890847833e+00,7.145156399871286368e-01,-2.282886588720627330e+00,3.102468932395757717e-01,2.876245165662127068e+00
2.974616370594065806e+00,-2.612092194365906117e+00,-2.154659486747409591e+00,2.727353590132440164e+00,2.790946385989870215e+00,-2.223295367738461703e+00,-2.660728717131451759e+00,-2.295527897481302482e+00,5.381917217563794154e+00,3.936023313576836991e+00
-1.194954682204601770e+00,3.180481338570528393e+00,-9.323321372273735141e-01,4.523446659561945360e+00,-3.890738541359630154e-01,1.201818963205994351e+00,2.200620690644261579e+00,-1.756823787942810355e+00,-1.432162445477835000e+00,-8.932392280926113592e-01
-4.766377863755736910e-01,-3.617093195240990156e-01,1.449446219859300278e-01,4.065745688836863714e+00,8.370216710120700343e-01,6.957259113880969181e-01,3.169892170648090257e+00,-2.074400956438816834e+00,-7.781338319989317132e-01,-1.724046391690738700e+00
-2.050804787808620855e+00,2.216570924777725438e-01,-2.028885500068633441e+00,-1.007807884322352132e+00,-2.038893404797974984e+00,3.029581429270441717e+00,-2.158656939856545609e+00,4.162395550182479975e-01,7.453136984700878820e-01,2.818201701313762797e+00
2.713826505989935356e+00,1.003147363553974714e+00,-1.995803720486200472e+00,4.444609765265250090e+00,2.907204067057055141e+00,-1.731206166888354936e+00,-1.462646550486497610e+00,-2.300460758119005522e+00,1.769521630518008148e+00,2.170237159287106365e+00
1.972025039212818243e+00,-1.094215481012205338e+00,-1.835685662194565415e+00,2.761716602264461251e+00,1.946931109206135879e+00,-2.726989680980858033e-01,1.505835935021266003e+00,-2.189625342080589565e+00,-2.835344162524652267e-01,1.246799056153652385e+00
2.644171315644105125e+00,1.674739416888095356e+00,-1.936501220204249085e+00,3.035874025300818069e+00,2.632642517355484379e+00,-2.800775000010711224e+00,5.792235914054089108e-01,-2.280146842128856211e+00,7.901463460584223775e-02,1.865679998202466772e+00
2.328265615367280716e+00,1.380978299468433868e-01,-2.053427911807470974e+00,2.641276783806950412e+00,2.808855383458559896e+00,-1.946069345751479940e+00,-3.324130345274611376e+00,-2.276842773227439221e+00,4.454307172205316689e+00,3.016258765951902010e+00
2.816066328839868849e+00,-1.841860969447354446e+00,-1.980614155998559944e+00,2.968931301180769644e+00,3.582959848570463013e+00,-3.366347518032382080e+00,-2.534110947325132202e-01,-2.334840241223886004e+00,1.350167729643171333e+00,2.181221969341919475e+00
-2.577102319908984307e-01,5.602543106921400451e-01,-2.000061303034420757e+00,2.421559381639300845e+00,1.374588461766929282e+00,5.582413477207150976e-01,-8.977773696973496698e-01,-2.162515640946923057e+00,3.070582193524266090e-01,2.293974457973117165e+00
-2.019585248036784186e+00,-3.361795599274914892e+00,5.911362506010642281e-02,5.563748956538558943e-01,-1.995735913633357894e+00,2.835356748220031697e+00,2.914602175289788377e+00,5.604007764494061128e-01,-3.247805895654045205e+00,-1.642867755605239344e+00
2.638716571102464048e+00,-2.745146146736154869e-01,-2.050596689000637518e+00,2.539562149797402135e+00,2.876619685884318489e+00,-1.355679591870179390e+00,-3.007108997439765119e+00,-2.260196471068934176e+00,4.221611534540136823e+00,2.793279967428387245e+00
-1.071106552684094604e+00,-1.976707189795967601e-01,-1.982607593638404886e+00,2.053164360904859098e+00,-4.540828459839554854e-01,1.054696020251951083e+00,1.110162383683554133e+00,-1.668215027533745731e+00,-9.075355089244785400e-01,2.196235400039443952e+00
2.240678365515069714e+00,-9.683322454868026341e-01,-2.067392508946834795e+00,3.369050479957847788e+00,2.280857087040493170e+00,-1.798532665801342745e+00,6.248943801543127563e-01,-2.246083246793844523e+00,5.688482057354025123e-01,2.967392590181625156e+00
-1.902395527619031856e+00,-1.773418600576578186e+00,-2.084584896262412279e+00,-1.083322807733687387e+00,-1.830294639060830120e+00,2.376571276517903009e+00,-6.320070437070413050e-01,4.386036211031296705e-01,-2.125904462242044879e+00,2.973405654178916446e+00
-2.079256301180315791e+00,2.599436646799204276e+00,-1.930502385774808038e+00,-1.306728114854147638e+00,-2.081825618168593017e+00,3.143784218735973468e+00,6.030651039090129117e-01,1.396663739135546090e+00,-2.986403493566986089e+00,1.733158160083475563e+00
3.118668491632865525e+00,3.868321085380550528e-01,-1.925082459291287629e+00,2.875657922142940581e+00,2.428067501180424248e+00,-1.263281116840923701e+00,8.805436224745859519e-01,-2.236257844296825503e+00,-3.433785578765709001e-01,1.927369550852550351e+00
-1.827884677372115796e+00,-9.226371321703572548e-01,-1.888060667873569409e+00,-1.072617125405326000e-01,-1.698816546600910193e+00,2.110048944421744288e+00,1.000158865401237662e+00,-6.257577293984333267e-01,-2.819406155753829690e+00,2.004133367636282692e+00
-1.743344328438797497e+00,1.855507885458253625e+00,-1.847878174369796067e+00,-3.229491347776943799e-01,-1.635065676546116675e+00,1.996859691312195650e+00,1.210252360563650598e+00,-5.673727680498884540e-01,-2.729274502337327934e+00,1.309653124792286016e+00
-1.313949831393311563e+00,2.943711804455292125e+00,-1.967511250500428854e+00,2.407124423972918592e+00,-6.282644871543086040e-02,1.181966230464688294e+00,-2.886716732424160270e+00,-1.765608582025492090e+00,6.136456455103500574e+00,2.211122811275500144e+00
-1.610347595362330297e+00,-2.459604621085860199e+00,-1.355449627777430388e+00,2.719079032180498512e+00,-1.208530431647039549e+00,1.621744680601519661e+00,1.703684177814209555e+00,-1.229715669551268986e+00,-2.213143008076147389e+00,6.225384698524089044e-02
-1.666436526581852373e+00,3.025479438956226730e-01,-2.001178558650790418e+00,-1.846729857148694531e-01,-1.450116707512605130e+00,1.751024394976988141e+00,-2.198687891290466379e+00,-4.983414181885122973e-01,1.872918953137229447e+00,2.211070485352145010e+00
2.866444030129392750e+00,-2.350160657377681428e+00,9.500482633323123483e-02,4.506372565531973962e+00,2.368931364832321584e+00,-2.317393631341934324e+00,3.102670936550365965e+00,-2.260636288800539351e+00,-2.102361271972388312e-01,-1.719402123441874819e+00
1.679332081325775494e+00,-2.797225638918298340e+00,-1.915529054308938717e+00,4.298398068917399506e+00,1.572833294751688982e+00,-5.401471084273712364e-02,7.133899203986304727e-01,-2.188345803385808530e+00,-3.536208701442737357e-01,1.635706179514211378e+00
2.191977677935455837e+00,-1.668097398130123921e+00,-5.369414534147270990e-01,5.261465978255530196e+00,3.319705395957112337e+00,-3.237227589538301586e+00,2.458151541986646649e+00,-2.325077233403111343e+00,-1.407810154353068832e-01,-1.335723683294779862e+00
-1.753490603523357283e+00,-2.460628680294703052e+00,-1.526640405670941281e+00,5.358274073034301477e-01,-1.516470893713701695e+00,1.937871579241274844e+00,1.624555464113567105e+00,-7.701777047346383132e-01,-2.694521554844604871e+00,2.125016384119507440e-01
-1.208005776783836582e+00,1.431561227143618886e+00,-1.821272477427430703e+00,2.431130912409531941e+00,-7.658948817867704539e-01,1.185782753392750521e+00,9.991920803923894923e-01,-1.461277093714648423e+00,-1.146613076664429354e+00,1.238597397048961213e+00
2.179178513508619019e+00,-4.081077781835515950e-01,-2.040291597582694294e+00,3.503361356828805562e+00,2.992267414365959777e+00,-2.250631289710902205e+00,-3.281987584697117377e+00,-2.306925866281648752e+00,4.518821713090047432e+00,2.607044579974119980e+00
2.580272791872401772e+00,-5.454255768391207404e-01,7.762767978496036836e-01,5.688560213688338862e+00,2.636626065476734393e+00,-2.218718691989189917e+00,3.455683729284908523e+00,-2.272118257107134109e+00,6.988249000056261373e-01,-1.828350861665404503e+00
3.259166303590971481e+00,1.005320900094396563e+00,-2.030527470845110205e+00,3.287546536498095584e+00,2.518540646868523414e+00,-1.570678995221896024e+00,-2.033028465315716904e+00,-2.262137552936996698e+00,3.045526063919418380e+00,2.947422874760712297e+00
3.445831943027032551e+00,2.150894816105346941e+00,-1.998818502629511551e+00,3.089238542045901426e+00,3.202816841665984349e+00,-1.133647127787528852e+00,-5.196164033500783042e-01,-2.317755320175859168e+00,1.366876230125164904e+00,2.352597970214012513e+00
-9.186290700885848537e-01,2.591953328641622534e+00,-2.002570169147014134e+00,1.948309448900977126e+00,-2.538235871971870616e-01,9.691267936501546387e-01,-2.397789388028007451e+00,-1.597746248035541550e+00,3.692031298997189737e+00,2.220318843439916812e+00
1.796440545189793792e+00,-1.857899585064793468e+00,-2.034938713470685112e+00,2.803492745543407327e+00,2.307173523747287458e+00,-1.166722105286777111e+00,-4.306053405771779197e-01,-2.212630765369827390e+00,7.260278589475678279e-01,2.688886511104407795e+00
-2.118809548438195023e+00,3.235323371156985317e+00,-1.957942156723031957e+00,-1.184962109342667436e+00,-2.149611167694323033e+00,3.424182045999752511e+00,-9.930393187979578151e-01,9.924357539761815561e-01,-2.311786770881560926e+00,2.207112870033446583e+00
-5.711456795709712875e-01,-3.259426972043319992e+00,-2.058339911676349221e+00,2.946134987060810673e+00,8.907335376871485799e-01,7.262573710815036776e-01,-6.008765069251524871e-01,-2.051447749463709780e+00,-1.011611507181516822e-01,2.756576357567890767e+00
2.553299591819085723e+00,-2.357724470386267868e+00,-1.875963720735216667e+00,2.659949457993088018e+00,3.219315554176938932e+00,-2.519414210703542434e+00,1.285624873601782348e+00,-2.312897391510921885e+00,3.147536194635813800e-03,1.437341156876442483e+00
-1.936960980553465772e+00,7.607804776766551313e-01,3.790640316150732381e-01,8.617807248793150077e-01,-1.877159519226682782e+00,2.440965742622622336e+00,3.231768332946936439e+00,-8.105918952634794117e-03,-3.139913016380376121e+00,-1.748543755610536099e+00
1.696885341164514394e+00,-2.765252666237511647e+00,-1.452254867803850213e-01,6.187432632034383317e+00,2.104544094621361605e+00,-1.621645804235627431e-01,2.935425388537792557e+00,-2.206414377590506515e+00,-2.681457446419315827e-01,-1.574166288793005464e+00
3.136073238550518560e+00,1.337385804224666686e-01,5.119580381523276547e-01,5.368319339903038667e+00,3.144746763467136219e+00,-1.755080292733211866e+00,3.217205577176037501e+00,-2.316586873971784311e+00,-3.475220849190603922e-01,-1.757572300921802055e+00
-1.915462767083193185e+00,-1.602129343487483037e+00,-2.003549270611610922e+00,-6.323013184287350485e-01,-1.729161054346721960e+00,2.372569491092651361e+00,-2.607871107984109926e-01,-2.602931610183198408e-01,-2.545595954056337540e+00,2.427512450942820088e+00
-1.018942552051627981e+00,-1.628510030033311740e+00,-2.046932364899228585e+00,2.439000928542984781e+00,7.235851729720654824e-02,9.818870374899706377e-01,-1.851666045016237439e+00,-1.921745456281105602e+00,3.262660495649470249e+00,2.835535763154889644e+00
-1.855250819157124642e+00,8.075249475293624357e-01,-1.993043175366122854e+00,-5.082401930070938878e-01,-1.728216317079787290e+00,2.113177298583858388e+00,-8.011074330200496085e-01,-3.011020207148599193e-01,-1.871924381445975172e+00,2.243559642267929366e+00
-1.883653768825952923e+00,-7.777491434555705574e-01,-1.884091275448926739e+00,-8.461619369538267987e-01,-1.816140073869303651e+00,2.408372287743866913e+00,1.038391137351574400e+00,-2.279974995241906832e-03,-2.941870318964582953e+00,1.578187699846834713e+00
2.222890686513305347e+00,8.045465074973172648e-01,-2.089515993126164872e+00,2.485946486650270515e+00,2.690430722605738900e+00,-2.301553268104418848e+00,-2.351084941235096260e+00,-2.265513390448729680e+00,5.221913345469566536e+00,3.043415278481708341e+00
-1.098819508638618547e+00,1.960143249831055812e+00,-2.065049284834207910e+00,1.822720732499411911e+00,-7.704660302193941934e-01,1.249571953000943481e+00,-6.540946591644862806e-01,-1.592677500246591160e+00,-9.124905023034737273e-01,2.800617663064455698e+00
-1.948969165608690712e+00,-1.202589971135496594e+00,-2.086627811274641697e+00,-9.592120345416539351e-01,-1.912845207883124399e+00,2.627527470495953033e+00,-3.213711622960406800e+00,4.609652606512952833e-01,2.406992948802620713e+00,3.184322722311125009e+00
-1.626447371992470359e+00,-2.268694187111167437e+00,-2.017866513712291532e+00,-1.126131212226088307e-01,-1.579340472739609202e+00,1.927675618905250410e+00,5.725474443652807111e-01,-6.521123315956915967e-01,-2.460789189187474690e+00,2.490288228154822647e+00
1.039345610169673639e+00,3.133016372661804994e+00,-2.037952166218408134e+00,3.960102880024356509e+00,1.788561162444926023e+00,5.786307537990964533e-02,-2.146960438786891689e+00,-2.201904252291526198e+00,5.196521010999330059e+00,2.753740163155312004e+00
-1.812580446186303762e+00,-2.690522516876482584e+00,-1.997891269921809654e+00,-6.912268689557021784e-02,-1.653451996820657355e+00,2.006577277014207183e+00,-1.882993668438462498e+00,-7.421961330565067794e-01,2.634510378001774789e-01,2.447768764685297693e+00
2.228716120318536553e-01,-8.944552510734840034e-01,-1.962317613113925496e+00,2.491063241376068049e+00,1.219337395609615404e+00,4.331907718964567167e-01,-1.177056319875515733e+00,-2.118957703544197102e+00,1.195063382343875436e+00,2.321237776600064251e+00
1.111620549475559105e+00,2.613531050959151614e+00,-1.918978830586297146e+00,2.721512937667231569e+00,2.124622268867913277e+00,1.190007684652139019e-02,7.845256754684193368e-01,-2.238810865100986369e+00,9.049529258423782974e-03,1.794791919210420028e+00
-6.453927030883455096e-01,2.677846629284702296e+00,-1.240416177331300218e-01,4.639869490079920666e+00,4.909124806727864221e-01,7.848958273786061923e-01,2.912656842114438760e+00,-1.954136935628629779e+00,-4.441979642444269238e-01,-1.594680304710603069e+00
-2.002705962078201729e+00,-2.089389180725920614e+00,-1.975050365530122587e+00,-1.143747063302463562e+00,-1.963454730345019827e+00,2.831838709067151960e+00,-1.578057785269701085e+00,8.365675872725917284e-01,-6.242908850300848966e-01,2.182464908391728908e+00
2.435215425441691117e+00,2.413043188927310290e+00,-1.981750224918315428e+00,2.940475865961848179e+00,3.056602366100282353e+00,-1.375300904551814085e+00,-2.218409571962937754e+00,-2.307035443245334605e+00,3.482618822270476144e+00,2.475136558922630403e+00
2.533962035379023980e+00,-3.103894222306030848e+00,5.236422866148865429e-01,3.889546176435225266e+00,2.422965078710112685e+00,-1.983495840209918981e+00,3.286086210778286443e+00,-2.197845646775183681e+00,-3.284944274541300446e-01,-1.773280842498000887e+00
2.435850944548529462e+00,9.458391278768383259e-01,-1.970741421468489074e+00,3.010034881023825548e+00,3.254413170404317768e+00,-2.261566862561026792e+00,-5.982107700650174387e-01,-2.312150854277446488e+00,1.722290156160458885e+00,2.035041030915308635e+00
3.365985608042882937e-01,2.099294714104385839e+00,-3.240006852431566164e-01,4.290700351957132952e+00,1.960461071576335979e+00,3.354955048184238287e-01,2.580615783857629353e+00,-2.223405345254511278e+00,-3.581206150564375523e-02,-1.393734232010171992e+00
-2.071550757835665557e+00,3.397295487838666972e+00,-2.017000219296178898e+00,-1.213701346481821597e+00,-2.075434403887805868e+00,3.089203388012434104e+00,-3.128346821837340919e+00,8.183966193663450017e-01,1.036000600481326472e+00,2.345074735573957181e+00
-2.073910835820570231e+00,2.825042458796825251e+00,-4.271394252977874784e-01,5.327667293743508781e-01,-2.071769336665485461e+00,3.095083383357746243e+00,2.509696396552987707e+00,9.115229897659127278e-01,-3.266712274998314847e+00,-1.351211773150812423e+00
2.211611028727030970e+00,-3.464545196854378339e+00,-2.012806036549726230e+00,3.378414889558054579e+00,2.344115333668600698e+00,-2.522401842405587402e+00,-6.484597039736517132e-01,-2.246619625588912150e+00,1.344133565118764251e+00,2.420860396770192491e+00
1.894334392273210987e+00,2.713543912421580551e+00,-2.198258225139912980e+00,3.128690834089200123e+00,2.869491712786592430e+00,-3.625342932011430541e-01,-2.690849786685960865e+00,-2.264836994321162145e+00,4.376304130679618432e+00,4.518477711189708756e+00
2.793264588991370423e-01,8.440252233086038558e-01,-2.064762814836421434e+00,2.700855396295045896e+00,1.247313840883195635e+00,5.050562138314971250e-01,9.586988543681629338e-02,-2.145882092601964164e+00,1.662379098403865552e-02,2.812745212588946497e+00
-2.060441586678313453e+00,9.198521008346149941e-01,-1.918681639723941901e+00,-1.118561368140194023e+00,-2.050200837787139463e+00,3.043110975419516251e+00,7.733935351116372203e-02,5.967248800471725012e-01,-2.738727155049204498e+00,1.702863138692600753e+00
-1.504188043966239841e+00,3.305707369998086342e+00,-1.785177467125005357e+00,2.172049543216383327e+00,-8.961581491926746690e-01,1.497110765273975019e+00,8.871368607056844269e-01,-1.448415369204780978e+00,-1.444882317379770464e+00,1.325531236149736003e+00
-1.974701559562334063e+00,2.900819384796745837e+00,-1.949566728208948829e+00,-9.050693348166289898e-01,-1.933915285564702824e+00,2.652422613089128411e+00,-7.300908171943798486e-01,8.208912384234559600e-02,-2.422039530187238832e+00,1.968413011357991849e+00
2.387208890265643646e+00,-2.028540083609701394e+00,6.317805747912308423e-01,5.430177366972769093e+00,3.056339766169654304e+00,-2.384801675381106101e+00,3.489191523876131740e+00,-2.310936754157082884e+00,1.500880744794381716e-01,-1.838335631341625920e+00
3.136162594767728073e+00,3.109176248903575690e+00,-1.979544236963387771e+00,3.222318242328509719e+00,2.298527291585697796e+00,-2.396254487581912507e+00,6.916167788481040191e-01,-2.196110838376927887e+00,-3.119761963288463225e-01,2.165236753027362404e+00
1.386510419471022271e+00,-3.234233737891209159e+00,-7.181109639430921510e-01,4.055762893102945910e+00,1.854980387159972377e+00,1.132256471220203231e-01,2.294231269240838422e+00,-2.201146954881485929e+00,3.146830081001414925e-01,-1.214755022437508103e+00
1.195189718448185889e+00,-1.366793212559206605e+00,-2.047680499337721116e+00,2.969225404034994575e+00,2.349965467752332948e+00,6.745581673268219447e-02,-3.036182300017822300e+00,-2.212957322440763264e+00,4.778284926020570644e+00,2.622594389862586084e+00
2.905244681695803521e+00,-3.244332132068136421e+00,-1.979898699371199999e+00,3.589307490504141107e+00,2.323628933750279124e+00,-2.593021626080000530e+00,-6.189418675778224355e-02,-2.240180007622990743e+00,1.468131799962303807e+00,2.109213305103795566e+00
2.180696215880941757e+00,-2.002368585950412339e+00,-1.771074351622550669e+00,3.164028807913104480e+00,3.087089515815430119e+00,-1.284114136303554421e+00,1.025567326621152020e+00,-2.291134853851133357e+00,3.406296858077806355e-01,1.128871013053805994e+00
-1.966251800096205038e+00,2.230227177847818432e+00,-2.025577934236069133e+00,-1.054956876931009147e+00,-1.925809983355044830e+00,2.580825645769125209e+00,-1.583378018687767508e+00,5.547689385245939686e-01,-6.625822487577699427e-01,2.844806268334666655e+00
-1.989193257283145888e+00,-8.837001739191983063e-01,-1.922077649785955078e+00,-9.908226658224906780e-01,-1.977734608162816210e+00,2.782059549034013202e+00,-1.498343904638591351e+00,4.365144643805528024e-01,-9.097179992670141324e-01,2.186907911151069417e+00
-1.715404585239556301e+00,-3.046193146539949215e+00,-2.042785540485266615e+00,-3.962071640531451555e-01,-1.622298147067766427e+00,1.937820447519882805e+00,-1.737968014869355260e+00,-5.867438674646541230e-01,3.310147572799003735e-01,2.620634380677583142e+00
2.414364037399784557e+00,1.882772729113700194e+00,-1.772124708181500807e+00,2.575552775248749704e+00,2.434090171530916447e+00,-3.640498988075018261e-01,1.407982219436092031e+00,-2.256365364147183250e+00,-2.318348815152669606e-01,9.434346027204578711e-01
2.160990328047542430e+00,2.324342061244736968e+00,-1.786948521320160799e+00,4.138443498624591044e+00,2.378696936600817491e+00,-1.905940635370761527e+00,1.167760323825914881e+00,-2.262248818693412655e+00,-2.779970339550788538e-01,1.039569344766856807e+00
2.157360064851268078e+00,-3.176223498225795083e+00,-2.042678181895733136e+00,4.517216050244998726e+00,2.751539900380039150e+00,-2.213921257147615229e+00,-1.139060285231837444e+00,-2.288138373580566043e+00,2.026391444936767705e+00,2.866858549014852819e+00
-1.732997553732403162e+00,2.719978941564911601e+00,-2.064578015035904102e+00,-2.473620667041940557e-01,-1.614397407093888237e+00,2.033997041799286087e+00,-2.596561848565773989e+00,-6.035997358154834291e-01,1.201264063484468014e+00,2.868828099042142199e+00
8.760931127623661219e-01,-2.151260177431124188e+00,-1.170671441904061333e-01,4.023922503783683879e+00,2.504008265388396381e+00,2.064501293032048324e-01,2.876162764039912112e+00,-2.265233337769740896e+00,1.174710601535877696e-01,-1.613961877027014324e+00
-7.897523354871294199e-01,2.242488739651657959e+00,-1.964404462103796156e+00,2.830223945901177540e+00,9.269842202741147563e-01,7.788632036897036315e-01,-1.507987572016245004e+00,-2.062152644212730035e+00,2.569126923296504827e+00,2.053846509349074978e+00
4.871931507817284235e-01,7.818428084131117117e-01,-1.996685620122495841e+00,2.662339663048594041e+00,1.760260323048284281e+00,3.530260086072454229e-01,-2.581377852602525724e+00,-2.166059994967662661e+00,4.823570216846573722e+00,2.570924463684725936e+00
2.866490885388995657e+00,2.601997385978857658e+00,1.772862721520007678e-02,7.800958991011569310e+00,3.504339162135456487e+00,-2.732042782581014961e+00,2.568780474808156633e+00,-2.322678113164740044e+00,3.731143065099346012e-01,-1.406611418074942277e+00
2.645923647520897148e+00,2.089936472105923038e+00,-8.658316152094761020e-02,4.730473209487908726e+00,3.103085913520339467e+00,-1.348518748831179614e+00,2.807030830143832922e+00,-2.300305498843433050e+00,-7.367739279587609547e-02,-1.588741052680163524e+00
2.967080079315492558e+00,8.995636802362430018e-01,-1.999265240289077372e+00,3.175165114621591123e+00,3.051368357099664141e+00,-3.378688555626791157e+00,-2.493290350540679601e+00,-2.302982397587680197e+00,3.690511820929713860e+00,2.679102175478879300e+00
2.948840278947395532e+00,6.798412874579700116e-01,-2.072213728580901471e+00,4.376342056496845601e+00,2.440553037546107529e+00,-2.565621812838728033e+00,-3.340507960117248487e+00,-2.251252174289976704e+00,6.011984251443159621e+00,2.931303194832545422e+00
2.725095224753903089e+00,9.021868511131900803e-01,6.919859328941873056e-01,5.076416294586106659e+00,3.700094957699344711e+00,-1.368235146703237426e+00,3.268386445692108566e+00,-2.342470959251906848e+00,3.266044142563714336e-01,-1.763844977444304796e+00
-1.464783069950325922e+00,2.966419157454152966e+00,-1.861055549879153004e+00,1.629549341177343624e+00,-1.024158673136086328e+00,1.355402390223426679e+00,8.614725258658229023e-01,-1.380393914846869574e+00,-1.837902560122751661e+00,1.774935584732416194e+00
-6.102007386422412250e-01,-1.850326661968922926e+00,7.908970882566186411e-01,3.786775645323055439e+00,8.761483029500278796e-01,6.006550471604654717e-01,3.446452199688373241e+00,-2.073699880806144868e+00,-4.084382075826819003e-01,-1.822296233086521999e+00
2.239101113851283298e+00,-3.389733493294240674e+00,6.395666796399908094e-01,4.949843215622061976e+00,3.299101436355229566e+00,-9.759383590640982042e-01,2.849320926946583121e+00,-2.319365035968069755e+00,5.755789432688367402e-01,-1.596102619448252158e+00
3.015362736970438107e+00,9.394250563739294790e-01,9.410214859254000253e-01,4.312764741279464964e+00,3.076512386973829560e+00,-3.121630657753717841e+00,3.463413263339617743e+00,-2.307377311342445392e+00,2.384526177029535621e-01,-1.830601772018233930e+00
2.134813175528906370e+00,-2.438737613346952493e+00,-2.055941411568707800e+00,3.136641524995704255e+00,2.286205849644669108e+00,-9.908290497435334743e-01,-1.935574525012577762e+00,-2.249248375000315381e+00,4.515951309727185503e+00,2.978927071427349027e+00
1.601312980425953825e+00,-2.880568818972156109e+00,-2.108097619759051078e+00,2.997728363095627735e+00,2.858132677729230409e+00,-5.705612172379082025e-01,-1.953214364406109294e+00,-2.270889250480607302e+00,3.033464605738318554e+00,3.340625775901683081e+00
3.592238899293543675e+00,-2.025880098728656264e+00,-1.934253891900147071e+00,2.624439024074398663e+00,3.282966110512770541e+00,-2.613116965519969970e+00,-1.298902279854191821e+00,-2.299803562214046249e+00,1.214706950665222385e+00,2.224040278481281607e+00
2.087059933106135468e+00,1.654484725321880845e-01,-2.074238366716693704e+00,2.556564483895390705e+00,1.780123580467808830e+00,4.296659481956943694e-02,-3.375168093361287536e+00,-2.153127587086550498e+00,4.197430040508703719e+00,3.186846410890908476e+00
-1.881472203003590637e+00,3.461675990422849125e+00,-2.778560147358821730e-01,1.070671269501749956e+00,-1.744695330675222866e+00,2.355083912659723389e+00,2.745444554215994870e+00,-4.537582561310702367e-01,-3.022783904934311927e+00,-1.508234092800997406e+00
-1.949991566825922451e+00,-8.689763402048917840e-01,-2.065779487622431354e+00,-7.989609279481832971e-01,-1.764633936923802882e+00,2.480330135325650609e+00,-1.571363350174955098e+00,-8.721973901962615239e-02,1.083532874361438081e-01,2.818906819836683120e+00
-2.116151053587821629e+00,3.373261528433505241e+00,-1.948587411326540009e+00,-1.170657886018165783e+00,-2.143963158459199381e+00,3.403815034554352970e+00,-8.349723231104921872e-01,1.021465534447245860e+00,-2.451833923809250582e+00,2.260177578960816280e+00
-1.883795570625848903e+00,1.951494509712299319e+00,-2.006013727044373418e+00,-4.237870025889604042e-01,-1.739073365349682376e+00,2.328431969597668072e+00,-4.834905877110031724e-01,-4.723861358149904488e-01,-2.361232358288402722e+00,2.277346074601234172e+00
2.788967067814671186e+00,-3.878243980689393133e-01,-1.806988700438682205e+00,3.486772401320443748e+00,3.529906733377111916e+00,-2.850498118333081976e+00,1.197527330657141675e+00,-2.327923107524757729e+00,6.792143935638000896e-01,1.171388987529604409e+00
2.474771905495302349e+00,-1.868490842473765623e+00,-1.951892019548120860e+00,3.021256536581953256e+00,2.719810293016891922e+00,-1.153180413815796168e+00,-2.110860703384442871e-02,-2.286370189333877700e+00,2.550620921880620839e-01,1.970994451319527441e+00
-3.670237588811934293e-01,-2.066221647344141488e+00,1.375309646881908709e-01,6.868256025328696168e+00,1.770586051235413905e+00,5.249019452946077635e-01,2.686675789247935597e+00,-2.138046718658747736e+00,-4.416145486877409709e-03,-1.521953575958607585e+00
2.405732047128599671e+00,1.463306916676521574e+00,-2.083000501350400935e+00,3.307330169162707278e+00,4.139569086594223180e+00,-1.592653337739571073e+00,-2.004010282487325156e-01,-2.359228361799070584e+00,4.077955488274311868e-01,3.022251524735343864e+00
-1.951480624330664826e-01,3.012998417810870855e+00,-2.082943811853921634e+00,3.202249212059303130e+00,1.374053622904473748e+00,4.754246268827939659e-01,-2.036191437722044029e+00,-2.152776541169779012e+00,4.272849604229255860e+00,3.018658981723688406e+00
-2.066951566519046768e+00,-6.292766438827763764e-01,6.957127897513434300e-01,1.662870993521779472e-01,-2.083109132642597228e+00,3.112778382815778677e+00,3.449744646671953241e+00,7.926225544594014405e-01,-3.323715444536254005e+00,-1.827206408216985434e+00
1.091710252080655197e+00,-7.885048410603126001e-01,-2.142035081677353681e+00,2.589947154425229936e+00,1.564338291291979210e+00,3.487971320047567048e-02,-2.480172946937483136e+00,-2.187940901605681887e+00,3.886524601441717408e+00,3.687237671791033566e+00
1.714514425163334188e+00,2.841146387880453261e+00,-4.385340226509008843e-02,5.110667143946185931e+00,2.666870672526755470e+00,-8.500896352975373382e-01,2.997168546552817503e+00,-2.267453174719268993e+00,-9.769715842954657115e-02,-1.677552022436340939e+00
2.733193810090536857e+00,-4.384734245146271192e-01,-9.983537094966024039e-01,4.759412402931898711e+00,2.561200029673063483e+00,-1.595221606195594166e+00,1.992792880569242975e+00,-2.250752224888028952e+00,-1.301400830937111119e-01,-7.857642753187654705e-01
-2.102037558206999002e+00,3.052592480251014706e+00,-2.086262188927123784e+00,-1.307387922692426319e+00,-2.128798947944499975e+00,3.330856161717285602e+00,-4.172935531302979228e-01,1.195432220051368066e+00,-2.727444569021711729e+00,3.207281823801135801e+00
2.586010202225126786e+00,-1.423691935366321104e+00,-2.070138531759303735e+00,3.358459982403581900e+00,3.140714396374596262e+00,-2.509409485179471488e+00,-2.730752845597684608e+00,-2.312546714849720964e+00,6.517158105073505681e+00,2.879907730381073616e+00
-2.011964614064646106e+00,-1.769201310723098608e+00,-7.221499724233453321e-01,7.692522525025593527e-01,-1.939002437363060105e+00,2.789076984776821533e+00,2.370606364739584748e+00,3.413151941575959247e-02,-3.168165272582492253e+00,-1.255720916437524926e+00
-1.749630215852555848e+00,-2.640553791312262533e+00,-1.944635728095857941e+00,-4.815073578149250411e-01,-1.642654363065336298e+00,1.964084784867031530e+00,3.626554442046669990e-01,-2.117852819208787540e-01,-2.675397483979539803e+00,1.817395222182891068e+00
8.555657513554734139e-01,-1.127030860083248598e+00,-2.134164051981105814e+00,2.891064150425702639e+00,1.496862824950380588e+00,3.099050553385049867e-01,-3.324720231543850879e+00,-2.105089675325937382e+00,5.173800976364069548e+00,3.585413994740045851e+00
-1.057692349709610236e+00,8.598344908283612753e-01,-1.604564131311997155e+00,2.871210649850063135e+00,-1.446442742082655331e-01,1.053215550997396832e+00,1.474613676612201552e+00,-1.874427131642700584e+00,-8.640093514478406345e-01,7.065656350595868052e-01
-2.062226013378018585e+00,-7.660206415345696129e-01,-1.995595734915688979e+00,-1.103139802976038419e+00,-2.056285895566873023e+00,3.032973267946448281e+00,8.095773477727403744e-01,6.957203732220591519e-01,-3.062349194903274174e+00,2.292229431154022112e+00
-9.296211691567893287e-02,2.009591660146753611e+00,1.976793792587308585e-01,4.658297083887158685e+00,1.120390268655794941e+00,4.468399283249215870e-01,3.074261022586942005e+00,-2.064753681352381243e+00,3.165207533600218337e-01,-1.684126135272520752e+00
2.503373295427629763e+00,-2.785679987512569067e+00,-4.107817791542854868e-01,5.045966769770072524e+00,3.665092920391290754e+00,-2.265819284935822076e+00,2.642787030449582630e+00,-2.344725029406577566e+00,-1.213009852314354819e-01,-1.442040217723393969e+00
2.377083798520199576e+00,-7.090823802828780664e-01,-1.982066040114535133e+00,4.944271934712963557e+00,1.787394920566850898e+00,-1.331173579426936371e-01,-3.493050007283686753e-01,-2.202553426835167638e+00,9.681287726091017398e-02,2.570926864568031878e+00
1.331019727724649382e+00,-7.983734101587587340e-01,3.463389006959309846e-01,3.941738188141803878e+00,1.702872034793943667e+00,-2.952985773856475760e-02,3.452862076667318370e+00,-2.188681599138392109e+00,-2.858492872580296051e-01,-1.827532117339679907e+00
-1.823464858637162678e+00,2.958242652435380649e+00,-2.074505240308301968e+00,-2.237293209573290031e-01,-1.679923791554737589e+00,2.150255807270522901e+00,-1.609405680919446802e+00,-5.938180397679558853e-01,2.618699551438574691e-02,2.889816149547113522e+00
-8.795811250228283695e-01,-1.402839255430571974e+00,-1.955826129641574207e+00,2.637139712636998645e+00,-3.076776288127858194e-02,9.653701648951953374e-01,-4.549021532977759463e-02,-1.789304194343580789e+00,-6.896155466410802681e-01,2.282763939624741667e+00
-1.905668928692023423e+00,-9.883276739882465023e-01,-1.956222069548508635e+00,-9.108732034481558104e-01,-1.823659584329603067e+00,2.371788698965310971e+00,-1.423459677357611586e+00,3.594740174593913373e-01,-8.865487501720749064e-01,2.100292012679570330e+00
-2.126767166150590249e+00,-2.429396934096803129e+00,-2.114472595898777563e+00,-1.395967897892472109e+00,-2.161621801780285956e+00,3.482560932817711397e+00,-2.487756416907889179e+00,1.690123421973660278e+00,1.047331864952846026e+00,3.549793484069904359e+00
-1.425661637219854949e+00,-2.847747056988400249e+00,-2.043514782952855491e+00,2.469620917082162581e+00,-1.015354215479560729e+00,1.372700202318929641e+00,-3.303674831818646851e+00,-1.440432711836543422e+00,2.550133658840675555e+00,2.858918512848407811e+00
2.132038848346060611e+00,3.058420752360124339e+00,-1.860182523817270228e+00,2.572270953290311635e+00,3.188569456713515216e+00,-1.736547741741084616e+00,1.319131897782255258e+00,-2.316391605427123856e+00,2.081910045443957635e-01,1.429693516544701559e+00
3.693236620603080667e+00,-3.214455085983638050e+00,-2.052895534223347251e+00,2.914720637284862192e+00,2.455291556960954580e+00,-2.482934970960209764e+00,6.643826278425288834e-01,-2.267117720981068896e+00,2.405589257077955789e-01,2.764192917887211109e+00
3.440415310935710735e+00,1.825186690650668631e+00,-1.901126968028213460e+00,3.372392967663896624e+00,3.197274452040752557e+00,-2.738597436116580575e+00,6.482675764301708554e-01,-2.308038981189870942e+00,5.172241085905443514e-01,1.537706844913218740e+00
1.242515658078512164e+00,1.911576781585175411e+00,-1.937177704659840849e+00,2.674745472576072647e+00,2.494494574690555133e+00,3.199106485606897365e-01,6.410684873598775368e-01,-2.272112016006496038e+00,-1.359699254737385399e-01,1.877408767458376815e+00
3.675594693802207491e+00,-1.902505724312811619e+00,-1.962580463268000397e+00,3.224033996999678742e+00,2.473009932158242385e+00,-1.345203283013609141e+00,-3.261359002408213748e+00,-2.266956573875695380e+00,3.748929267448990910e+00,2.231837206711028365e+00
5.903020626564545736e-01,-1.959482605167522262e+00,-1.700015455871522363e+00,2.663121436704142475e+00,2.019445879619365947e+00,3.227867080539241762e-01,1.602120330015072369e+00,-2.197076960572901250e+00,3.764185217019121454e-01,7.082770386731194190e-01
2.559887108978421644e+00,-1.323772580354889428e+00,-2.022949033067648283e+00,2.552650064096810834e+00,4.206905140350553296e+00,-3.291848746523793778e+00,-1.544043762258888952e+00,-2.358656124567194645e+00,2.136623290991588320e+00,2.540356190756861920e+00
2.456471172605481534e+00,-3.156799306995627941e+00,-1.849424153531603610e+00,2.475791082031138401e+00,2.704298751171677395e+00,-3.156060366920128146e+00,5.447679297117309360e-01,-2.282690238331141597e+00,1.057664595100702654e+00,1.628934715307943870e+00
9.894363914447787955e-01,3.027633375599187993e-01,-2.015538354292035983e+00,3.485120759404946700e+00,1.671256437910080717e+00,3.372570956533298414e-01,-2.841452323763473231e+00,-2.169207917594067503e+00,4.354694357546231132e+00,2.755563090572885621e+00
1.708132808902615984e+00,-4.735194875862829278e-01,-2.126661248989821562e+00,3.392145414589161856e+00,2.123451268829065874e+00,-4.519984826323897309e-02,-2.490899678389537630e+00,-2.235185608175244365e+00,3.786218666052378001e+00,3.544858163179957611e+00
-1.996954517000432361e+00,-9.875610057946042630e-01,-1.963760708638794927e+00,-9.739833721150340518e-01,-1.971445150505958477e+00,2.748426229315997560e+00,-2.852082819790481061e+00,2.539836604813530685e-01,1.136103855741706026e+00,2.162192342402282641e+00
2.294524987762724066e+00,2.427381707436275349e+00,-2.022626311722252712e+00,2.796516555049627595e+00,2.500691908492356674e+00,-1.521791929907818641e+00,4.982292195654380862e-03,-2.273547811981056821e+00,6.367872167936516892e-02,2.786978097962280021e+00
2.418325771896374210e+00,1.345633473672355862e+00,-2.017548663926266972e+00,2.549802206694737894e+00,3.355801589411887775e+00,-3.029317618674308932e+00,-8.170254924343303138e-01,-2.322217124754864859e+00,8.793746523191614539e-01,2.447854825229168085e+00
-7.995048742740973324e-01,-7.813621843053919491e-02,-2.062021865352309913e+00,3.372489664197159343e+00,9.552384398294981871e-01,8.195379405308234055e-01,-5.255182713127224403e-01,-2.102555343239830510e+00,-3.481479788430136280e-03,2.860969473115808182e+00
2.037996822875186798e+00,-2.834001823374516338e+00,-1.976989404735786771e+00,3.455171576895761376e+00,3.000859235830931393e+00,-2.375377842562941488e+00,-1.772138060559428130e+00,-2.306710252911764236e+00,4.674300492953856079e+00,2.119028164309214368e+00
2.826617940903802584e+00,2.692933838703798877e+00,-1.888241147402443643e+00,2.865506259883068729e+00,2.502753122680842601e+00,-1.066543076271768253e+00,7.960697795700415469e-01,-2.215281028412539044e+00,5.692064017239300000e-01,1.526781798403084700e+00
-2.101516713011622794e+00,-3.102364288030434736e+00,-2.058023545201473681e+00,-1.112461493582233452e+00,-2.114158282852269810e+00,3.288048881403786261e+00,-1.921535489931033069e+00,5.502650147595030683e-01,2.518375932891175339e-01,2.918864732261073236e+00
8.276900308615193769e-01,-1.465070699683159727e+00,-2.060828920855251933e+00,2.618635042186424400e+00,1.414083967492599569e+00,4.301136917031325169e-01,-7.357933235334765953e-01,-2.164158360222300903e+00,9.764152911353206621e-01,2.965232814247804605e+00
2.523299986332384393e+00,3.400273506403426182e+00,-2.038784529230618148e+00,3.699415241860881665e+00,2.186842558294643801e+00,-1.669918553331349198e+00,-6.074257314039126499e-01,-2.241600482344682010e+00,4.623057544071306757e-01,2.573844031620545980e+00
1.898680912862053205e+00,1.444889047697220263e+00,-1.999981581100196193e+00,3.281627626203723835e+00,2.546241888409687792e+00,-1.095721137437456694e+00,5.546064748326307026e-02,-2.240004994878101119e+00,4.405025399396554908e-01,2.259139090967517749e+00
-2.117149933237383319e+00,-1.729666991750546279e+00,-6.026806412659267975e-01,2.258213034979574263e-01,-2.147793121494230295e+00,3.423629391174647374e+00,2.466699569264605429e+00,9.838739583392607235e-01,-3.286057595854758873e+00,-1.356552259198771537e+00
2.690704710104526498e+00,-2.167200805148036480e+00,-2.058244481279528859e+00,3.532603417073348240e+00,3.917322529771200657e+00,-1.937460519686053706e+00,-7.682886455171029638e-01,-2.353632396627762802e+00,5.870043343678214010e-01,2.888208297549033965e+00
-2.100563482193406717e+00,1.059717396790857080e+00,-1.251582091716734624e+00,-4.946397905195209499e-01,-2.119032676963764850e+00,3.306242202601938018e+00,1.925508162095528775e+00,8.869506761042271759e-01,-3.234013444146274008e+00,-4.823683886767187179e-01
1.467299929068611952e+00,-1.762931389688434436e+00,-1.917234577486756741e+00,2.644347060017595563e+00,1.517069335147889220e+00,1.518971432488083195e-01,5.157015700635287914e-01,-2.170471644268981759e+00,3.145721915133987689e-01,1.889258027990882827e+00
-2.079678175401873830e+00,-1.347347871073454328e-01,-1.950012631688626374e+00,-1.049023249540826264e+00,-2.079879322197493607e+00,3.147661403993983420e+00,1.114326982755611262e+00,5.614803463894421087e-01,-3.126979494097993584e+00,1.978224014697537614e+00
2.972893785174175463e+00,-1.871624824913961538e+00,-2.050437126610642480e+00,3.512715470716796240e+00,2.475221077404355707e+00,-3.357630746223636109e+00,-4.716579699666372250e-01,-2.212859956735478750e+00,4.213143821767943997e-01,2.933346800111237052e+00
-1.831049362501000921e+00,1.460926998374315389e+00,-9.295599361504395253e-01,2.415507708839861767e+00,-1.464188124111217570e+00,2.076605085751021207e+00,1.991882175702624380e+00,-7.953642128371409825e-01,-2.653188475429321347e+00,-8.256055821967361874e-01
-1.976131030927767096e+00,-4.484960921106679876e-01,-5.386600379353685408e-01,6.101391163327902767e-01,-1.950743855144526195e+00,2.780255394837620742e+00,2.488472018972314181e+00,8.632548044437348134e-01,-3.176156855570027915e+00,-1.267581484810556436e+00
2.366049037686830836e+00,2.784608354257693819e+00,-1.289514708277442079e+00,4.595542820097561432e+00,2.638842107840871698e+00,-3.075359657725223350e+00,1.736583165081569291e+00,-2.264993610853843098e+00,3.752270210603603218e-01,-2.834964635920360632e-01
-1.295442942699968514e+00,-8.825163466044756433e-01,-5.078291353470190117e-01,4.527266107507164072e+00,-6.911064043034562676e-01,1.179398766775369367e+00,2.322783215072581342e+00,-1.534811237261771932e+00,-1.498806367900734626e+00,-1.183502385468514939e+00
2.295225981843325158e+00,-1.399437157411959731e+00,1.220712727392218033e-01,3.932349867772904961e+00,2.015382252516023431e+00,-6.167618122557589899e-01,3.213473434021773656e+00,-2.167631620481215826e+00,-3.947778252844474922e-01,-1.736721527680177291e+00
-1.032743302527158180e+00,-4.930057961606237882e-01,-2.076993446852310132e+00,3.243221346341918387e+00,1.192916621461381499e-01,8.798208623018126673e-01,-3.604450212829877209e-01,-1.886064650262535336e+00,-2.567629279722836166e-01,2.960448065253020289e+00
-1.754400542977772037e+00,2.718192769545501264e+00,-4.707871279263281528e-02,2.982017477643789327e+00,-1.395775083816161333e+00,1.787875657628048565e+00,2.751341904726808174e+00,-1.086884732872948733e+00,-2.694015558147643485e+00,-1.547266661347042938e+00
2.648774266125268895e+00,-2.386408162026371294e+00,1.740984166156635815e-01,4.647250152010066415e+00,2.155315309722694472e+00,-1.576248384507452860e+00,3.104008756995847662e+00,-2.224087702074704520e+00,-2.553837354688903716e-02,-1.713323281305739965e+00
3.821591492250002275e+00,-9.967764455796541689e-01,-2.088711671694033711e+00,3.302477016678013300e+00,2.516783902279347007e+00,-2.862532418353587182e+00,-1.652469907817294192e+00,-2.244651004871128563e+00,2.644402895664379471e+00,3.067332632177897533e+00
2.929027570836645111e+00,-1.219712585569785013e+00,-1.922234971314157326e+00,3.309991100471908698e+00,2.964546450100185915e+00,-2.427804551304840519e+00,1.208799473300328664e+00,-2.302141694515892567e+00,6.939416436741219218e-02,1.652008137184247438e+00
-2.047166054213705344e+00,-3.036119116780624516e-01,-1.728265332213719807e+00,-9.836954546348692929e-01,-2.013273056347900880e+00,2.978873193943008424e+00,1.345233484709949856e+00,4.934037667232729074e-01,-3.059298700483906508e+00,7.280592668039004289e-01
2.661173825589532971e+00,2.456053654011451925e+00,-2.658830974275899761e-01,4.992209498941573287e+00,2.469197345316073378e+00,-2.281389966289286697e+00,2.666164121530474773e+00,-2.224829049046265439e+00,-4.282775225428436805e-01,-1.512115690918565125e+00
-1.724239423694756246e+00,2.185055563728477424e-02,-2.103741360259737014e+00,-5.619292613000675951e-01,-1.611218580642429954e+00,1.973781431501647532e+00,-2.426064352857225881e+00,-4.268342015723392002e-01,1.283865263046229721e+00,3.290223720986893419e+00
1.701071129258568737e+00,3.212839634536007516e+00,2.693725986709971654e-03,4.169964294503170521e+00,2.088146173538521388e+00,-4.806784031515896061e-01,3.060098048941854110e+00,-2.236977288669873776e+00,-2.233239171131269907e-01,-1.687824071865720921e+00
2.366352602024164753e+00,1.606255797417784237e+00,-1.955078409117456006e+00,3.943381241194941822e+00,2.440127605097498709e+00,-1.561849363379604450e+00,-2.591333026816164509e+00,-2.267363222939009937e+00,3.681955794032749196e+00,2.170514090772011073e+00
3.214771785081158573e+00,-1.535800760938128340e+00,-1.535891178286354908e+00,3.452471940068609690e+00,2.604474350527022253e+00,-2.719925123902029895e+00,1.653103911276430082e+00,-2.271188380207123991e+00,1.590757793188679603e-01,3.675582691433867955e-02
2.359358680667546171e+00,-7.834253082348796582e-02,-2.045589730379903770e+00,3.154672577037157311e+00,2.014214956677735202e+00,-2.301498620607422829e-01,-3.147874335941488688e+00,-2.218441779799158020e+00,3.556777127958389517e+00,2.649802199548023651e+00
2.810554724450525566e+00,-3.172111632091656919e+00,-1.960387247556564017e+00,3.799303246807940404e+00,2.553497034894170792e+00,-1.899486343980692382e+00,7.575956846234355169e-02,-2.267295719503043649e+00,7.127193877654559584e-01,2.194158698925491535e+00
-1.586829694899012155e+00,7.798099252436330175e-02,-2.092529666502184416e+00,1.723407077221645434e+00,-1.096719668653133084e+00,1.526049761576352637e+00,-3.429411367752724260e+00,-1.280799215522553158e+00,2.845627982114756538e+00,3.104605787519195470e+00
2.439766207472896298e+00,2.662153780631260069e-01,-2.150821802508782632e+00,2.833079058889917068e+00,2.974713558954108716e+00,-3.494768281968267054e+00,-1.562994150348081757e+00,-2.296742027954700394e+00,2.798424278882442273e+00,3.860200384990609912e+00
2.051861201727318562e+00,-1.499941132009908085e+00,-1.753206962511108413e+00,3.261332290185968041e+00,2.653300284615385252e+00,-1.447235705904040604e+00,1.483249647796105464e+00,-2.272572444838318440e+00,-1.720326298387453434e-02,1.095904573133391846e+00
-2.103500986460006050e+00,2.329319940643004294e-01,-2.015523738904233753e+00,-1.320492621684237866e+00,-2.125188880424848659e+00,3.313403894705820640e+00,-1.482055682444670897e+00,1.422278655897089905e+00,-1.138240378785327467e+00,2.680048592001499141e+00
-1.632443574453471546e+00,3.398842236619889157e+00,-1.267782140424176252e-01,2.885624492768277705e+00,-1.451299138086084017e+00,1.740662124572945224e+00,2.389987926074469193e+00,-9.922560531453952226e-01,-2.716395769910979752e+00,-1.297834124963435087e+00
-1.114715958254104855e+00,1.127186808315100208e+00,-1.939176055572499502e+00,2.847736697989513566e+00,9.374784471938821251e-02,9.526321213928188314e-01,1.934332628132420240e-01,-1.824460848309825245e+00,-3.915416605892450552e-01,2.126489152390262483e+00
2.056383945496065291e+00,-3.338777805153146705e+00,-2.092323708881346889e+00,2.752390186813530093e+00,2.560608986315143554e+00,-4.947677688893032943e-01,-1.837502014913132697e-01,-2.242265325781687579e+00,1.169070639020775459e+00,3.089079926715284863e+00
-8.752684991201882259e-01,-3.029678225933225999e+00,-2.127270933702587907e+00,2.783550919156922987e+00,2.271972606412530349e-01,8.375167768864200113e-01,-1.772461020890299110e-01,-1.965050811709941891e+00,-4.437620983755707904e-01,3.612190142974817775e+00
-2.079157632291182889e+00,7.510335888780526048e-01,-1.986455762510793921e+00,-9.293237684152538813e-01,-2.058619789407285516e+00,3.162485544796065362e+00,8.489829154663866007e-01,4.388336392641867256e-01,-3.075436437121030764e+00,2.437966873273762491e+00
-2.091724733756348265e+00,-2.985036629016472709e+00,-2.012323766542541303e+00,-1.274127928610145677e+00,-2.107882789271554813e+00,3.238589762273292649e+00,-1.200507641108586654e+00,1.053799668489771912e+00,-1.711219588069490705e+00,2.291078241488131439e+00
-1.671083172018648311e+00,3.381509868362003068e+00,-2.025722635707313479e+00,6.928103913678735903e-01,-1.376925385044522665e+00,1.752272386919461411e+00,-1.387158817536863431e+00,-1.037703647431709175e+00,-5.380503937425686889e-01,2.399566703771312870e+00
3.494904662195758238e+00,1.284129195091085585e+00,-1.241598142209682898e+00,3.704863204684781586e+00,2.459377626934417638e+00,-1.735226481806337651e+00,1.668429086789696925e+00,-2.268750123098294491e+00,-1.137090412050311694e-01,-1.474476171309100914e-01
2.530954315224134277e+00,2.479931065740714757e+00,-2.011884694620226455e+00,2.643223730656182546e+00,3.221219708011112459e+00,-1.703713805645121315e+00,-2.156391335699811229e+00,-2.303543665486916137e+00,4.413813018263716970e+00,2.885573475720768499e+00
4.014569418532200729e+00,-2.177278722670186184e-01,-1.967217453755509604e+00,3.254862654381741827e+00,2.408057784430118087e+00,-2.474853536013574384e+00,-1.401679830664737558e+00,-2.242809408247385505e+00,1.574041897547628022e+00,2.082282650054810613e+00
2.378895710229295357e+00,3.751887660625090604e-01,-1.807234266933643640e+00,2.592135289721385405e+00,2.616855133775186193e+00,-3.198530311879695276e+00,9.406660337550549755e-01,-2.241287692634514883e+00,3.235862110314591256e-01,1.396743602733729439e+00
2.587159787482584683e+00,-2.152887454317853333e-01,-1.737547865353517018e+00,3.804052893489155096e+00,2.650612673763841798e+00,-4.955189726267832384e-01,1.392257255175946895e+00,-2.262545587145334824e+00,1.425490929610413460e-01,7.324742590861760272e-01
2.404003287857271243e+00,-2.974173528771459019e+00,-1.878441131546387588e+00,2.663601830786984870e+00,2.818429121406381910e+00,-1.297438117206025865e+00,9.578603294586427452e-01,-2.286189159187928421e+00,4.686136984823132678e-01,1.411447442421736476e+00
-2.118454274730096731e+00,-1.119656168562010556e+00,-2.111744615878895726e+00,-1.162518740274215201e+00,-2.147358951060589938e+00,3.420243555234503852e+00,-1.565478480410603890e+00,7.257499145385819528e-01,-5.880617631419229330e-01,3.307828907120819117e+00
-2.061506402440163033e+00,-4.097789629533301614e-01,-1.903071006775084451e+00,-1.079182521462522582e+00,-2.030117132545674163e+00,3.020354434449549430e+00,4.023562192084435551e-01,5.249447226449135417e-01,-2.888102750915221950e+00,1.648687862443711794e+00
-8.702867406380296877e-01,-3.014557765531657552e+00,-2.016667402082912286e+00,2.596000855706013244e+00,5.198694751825729821e-01,7.412676371838173850e-01,4.944891024913746769e-01,-1.961048766077218231e+00,-3.717375561668654349e-01,2.579900540216349292e+00
3.910532685963977961e+00,2.415007384296630200e+00,-2.007202851804931409e+00,3.214644586105761981e+00,3.037112864707624649e+00,-3.456309457456788525e+00,-3.460624112586682788e+00,-2.282762508749500263e+00,6.007166070163302507e+00,2.538038837684432725e+00
-1.985003022557804142e+00,1.268897133916594200e+00,-2.026217466428209324e+00,-6.922855319897966986e-01,-1.857004400673497369e+00,2.621120107681599087e+00,-2.378224424310980023e+00,-2.398098121479001477e-01,8.814291789528374554e-01,2.638924629165777080e+00
3.808235618912410470e+00,-2.608616844140490443e+00,-1.958721792155002861e+00,2.685938259656167393e+00,2.973984750726917703e+00,-1.958219954369939009e+00,-6.069107321760776053e-01,-2.302754125347977965e+00,5.211350998964778825e-01,2.245010058132929753e+00
-1.920206474429440258e+00,1.880508032397188778e+00,-1.954105300754261920e+00,-6.325813270435166613e-01,-1.826551700328558514e+00,2.324516391636905155e+00,-1.876152175351198270e+00,-2.923082589767533879e-01,8.969793576529043744e-01,2.132546142711504888e+00
2.699319185991277958e+00,-3.846704851269766579e-02,-5.007630456970891819e-01,6.096111689029513947e+00,2.849405727389269671e+00,-2.312218850947699522e+00,2.473203518136712020e+00,-2.299917614714995562e+00,-1.644865876741497535e-01,-1.328213046841976386e+00
-1.723764558162416138e+00,1.157700530038368036e+00,-1.725009189898791817e+00,-7.323443551453256983e-03,-1.475761734324385177e+00,1.791531885209868946e+00,1.457236047724286720e+00,-5.329264442124477252e-01,-2.538895382871750428e+00,8.590640766567221309e-01
3.054016979759732298e+00,-8.845497523237679793e-01,-1.922169534540001390e+00,2.913010045959265604e+00,3.822945523799321066e+00,-2.302152014192689222e+00,-2.792452787870618458e-01,-2.349641046185468873e+00,1.130854875995248143e+00,2.050779551964382108e+00
3.215856837449670991e+00,-1.728676630548298121e+00,3.370903516351202445e-01,4.415799833698994092e+00,2.676641240748665496e+00,-1.525255741507452800e+00,3.444045376135888681e+00,-2.281044286535439003e+00,-4.987245825836230106e-01,-1.825938100236013550e+00
-2.915738860299350588e-01,1.189521179227371661e+00,-2.017831590480902548e+00,3.563753995209784531e+00,1.751387267717594343e+00,5.331584204108965608e-01,-1.189746192552472159e+00,-2.196715231454610784e+00,7.538093182718504925e-01,2.530299276777619344e+00
2.988445249276289406e+00,1.611247449720954350e+00,-1.989277970317035127e+00,3.836617223128092835e+00,2.321102762742980108e+00,-8.789777464059449485e-01,-1.615314956215475162e+00,-2.241337109604580657e+00,3.806184833648375676e+00,2.375704283898620428e+00
-2.100090180074892121e+00,1.396449723906354912e+00,1.007531063827969531e+00,7.518713099294161983e-01,-2.123526240720699843e+00,3.296196833994285313e+00,3.478389080266339306e+00,5.737288448723095735e-01,-3.355395144068836988e+00,-1.834830302426780912e+00
2.138155766070561903e+00,2.399683954463045055e+00,-6.209691960551078083e-01,4.974817525868346024e+00,3.867376504841057105e+00,-2.333860621017002757e+00,2.238587722489870480e+00,-2.352143670221698013e+00,5.838383369362037945e-02,-1.071793833910023475e+00
2.969030294972917705e+00,5.732612060928143904e-01,-8.092224755389455515e-01,4.074262522324947788e+00,2.633391173544542774e+00,-1.462976212201927417e+00,2.171382648939617965e+00,-2.260064675094591191e+00,3.423937648862530603e-01,-1.124486076655878186e+00
-1.706663070115810310e+00,1.661130026359858292e-02,-2.046337879078567568e+00,1.528554999297158545e+00,-1.272834479209181691e+00,1.679700157396652571e+00,-1.848118638103396938e+00,-1.124016906206376953e+00,8.255474181171601478e-01,2.744081357146714861e+00
1.496309163175651324e+00,-2.070337563707583595e+00,-2.058283916311378192e+00,2.458548007715175565e+00,1.767742931655247096e+00,-3.626122085485672386e-02,-2.218765471917900634e+00,-2.156702636642032545e+00,4.759277662845905255e+00,2.856083082641218240e+00
-1.899194964686286458e+00,2.855278661389290207e+00,7.391848192297895137e-01,1.632763668226631548e+00,-1.812037890931753381e+00,2.315689681807403311e+00,2.967151033488065970e+00,-2.788566143969714584e-01,-3.017296095418761315e+00,-1.666424775857994645e+00
3.062721512205579977e+00,-1.100862365335796955e+00,-2.012620635488960641e+00,2.856192774091949271e+00,4.097977307170584282e+00,-1.450755288644297369e+00,-3.381510672586435895e+00,-2.353856964233000060e+00,6.222490818072903274e+00,2.344992728993392284e+00
-1.935778254880203164e+00,-2.690478471991584186e-01,-1.803662876905106183e+00,-5.113300435489213092e-01,-1.856677276595544823e+00,2.396862954026097725e+00,1.303919099314874153e+00,-1.878016872059515285e-01,-2.975762950016195063e+00,1.107300038449475776e+00
-7.343866531425546906e-01,-2.461210249774884229e+00,-2.138380025403944007e+00,2.459458531641117052e+00,7.397201854926650499e-01,8.473982183706434412e-01,-1.034401940317724922e+00,-1.993157252067839336e+00,1.524187947030788193e+00,3.622682158001459207e+00
-2.033149894282693992e+00,-3.373836956580694491e+00,-2.028856716729065202e+00,-1.180032575313585852e+00,-1.993166026377955813e+00,2.902411774385724286e+00,-1.574787257359001158e+00,7.918133040049799565e-01,-7.284849604759853214e-01,2.938133376461737889e+00
-5.708320893458784795e-02,2.757516112705181044e+00,-2.167062378824541558e+00,3.567417226657657814e+00,1.112553637403964180e+00,5.051893140864205378e-01,-3.255544499600562691e+00,-2.113274335136904991e+00,4.491813100143025039e+00,4.122869988982137635e+00
-7.961363839688123667e-01,-2.357831295289869900e+00,-7.578494908711671529e-01,5.054387458221904161e+00,4.996066700796229498e-01,8.167950755282378239e-01,2.232137946334850298e+00,-1.976677419267228508e+00,-7.365375386265435864e-01,-1.195746563243665683e+00
2.088748254579819719e+00,-8.069469326075249249e-01,-4.364658904758455527e-01,5.946475755627691484e+00,2.605459947930958364e+00,-8.130591792122081607e-01,2.663676824338604199e+00,-2.249563496259168183e+00,7.417387424040999822e-02,-1.437196686937578516e+00
2.436685406458769521e+00,-1.554463738481935753e+00,1.306561543632653866e-01,5.080329598686495807e+00,2.970586196196809858e+00,-1.059883367540453758e+00,2.820816231013266062e+00,-2.298517408155795305e+00,4.867996398526831525e-01,-1.553205748009089726e+00
-1.636997458430772934e+00,3.490536772219792638e+00,-1.975925489628788112e+00,3.359274840168446352e-01,-1.371751032341097964e+00,1.757126777649026472e+00,-6.398481009362928518e-01,-9.570526333305660049e-01,-1.795643046643430996e+00,2.337746675706142252e+00
-2.011091688258598964e+00,-3.230823290393473268e+00,-2.109821517205349384e+00,-1.021116399474812697e+00,-1.997598214276739226e+00,2.806272470169705713e+00,-3.463344640381519124e+00,2.485099306483105341e-01,2.537362401822049307e+00,3.391302944322436286e+00
-1.904984495046538218e+00,-6.912093620080623779e-01,-1.946089163742334760e+00,-3.370144486774937498e-01,-1.778100681282146489e+00,2.338954889733284581e+00,-1.383074526896611367e+00,-4.453084340346949999e-01,-4.693728406450742296e-01,2.170032884665418216e+00
2.310231688843018993e+00,-2.286308198977134776e+00,-2.041734350148189492e+00,3.538586385217375785e+00,2.719518225474461204e+00,-3.244510610074871515e+00,-3.206397802291633070e+00,-2.278107399676977174e+00,3.991414344827778571e+00,2.664500444494459330e+00
-2.005885093031444466e+00,1.041998957649221680e-01,-2.010527782545290965e+00,-1.025774517171347711e+00,-1.966892389522619355e+00,2.786291936474867725e+00,-4.478038298317246202e-01,4.410102153902815680e-01,-2.577923151783181765e+00,2.513239210885900299e+00
-2.054404218717648334e+00,2.935185466370743512e+00,-2.001156965986643499e+00,-1.156714230850105718e+00,-2.050936433790633728e+00,3.004129356976014797e+00,-1.320838397779136031e+00,6.608889758141931470e-01,-1.644401173630994695e+00,2.484681147809671309e+00
1.780806324916793582e+00,2.663692690849981837e+00,-2.087669195584189730e+00,2.697798566375609219e+00,3.713508483865965104e+00,-9.413113275800220059e-01,-2.508175141682650100e+00,-2.332190801710716688e+00,6.079132510572771153e+00,3.205327196574840887e+00
2.216023070004515372e+00,-1.677720201389059973e+00,-2.006030523571276536e+00,2.477007673279699507e+00,2.900213213839760051e+00,-1.152041939969599582e+00,-1.532745175475014321e-01,-2.293551958792454659e+00,4.636735531556483436e-01,2.581387672248109499e+00
3.606801795044004777e+00,-1.402077724362594147e+00,-2.044652341701880705e+00,3.147344139673546870e+00,3.248714440625016131e+00,-7.172730261086455172e-01,-7.295881070635195087e-01,-2.317580420518998263e+00,8.584843561295802949e-01,2.699573679937007586e+00
2.202344237161807161e+00,2.630267210207214212e+00,-1.844054480400500351e+00,2.905977195567414739e+00,2.150723148649677618e+00,-6.877326172186766229e-01,-3.296415502120932928e-01,-2.206167037008413878e+00,5.509962747860492893e-01,1.896329324612444411e+00
2.701616557363917259e+00,6.947217919697727950e-01,-2.099468349586529392e+00,3.107043421556409335e+00,3.357085525568056283e+00,-2.874489841615861074e+00,-3.269178158564016723e+00,-2.328807613278369271e+00,4.111901311517145885e+00,3.230720416973356102e+00
-1.987578702575263812e+00,2.463051320966536117e+00,-1.981189949409240425e+00,-7.874879574022800588e-01,-1.886283782650532093e+00,2.664611969059762053e+00,-6.598259927441900707e-01,-1.023860227636604475e-01,-2.315988459411436384e+00,2.217317569942750310e+00
3.401547153285179315e-01,-2.492884297863768861e+00,-2.145034511760623097e+00,2.737488896905188707e+00,2.241881048086618922e+00,4.517499523794601402e-01,-7.004799754533341805e-01,-2.223156542108287503e+00,4.345051691717963238e-01,3.730266026970061155e+00
-1.016581151612188760e+00,-3.976603198748138723e-01,-1.917912330577609792e+00,2.825021293318121351e+00,2.544667537869378937e-01,8.445343093513191235e-01,2.658900729032396271e-01,-1.969757077498853093e+00,-6.423800760795272957e-02,2.165019395748741360e+00
-1.449987499900039944e+00,-1.221257573399457730e+00,-2.034128907447047663e+00,1.856628727402442447e+00,-9.997218093222278723e-01,1.388115508007207843e+00,-2.400981131719319706e+00,-1.393352319012851837e+00,2.134019012627211609e+00,2.810031968731603769e+00
2.295355569462810941e+00,1.628561013968008453e-01,-1.896011628395656734e+00,3.607276728825085765e+00,2.625000756651489908e+00,-1.137338544996183032e+00,-2.858934093360012696e-01,-2.280803617196670796e+00,1.830118515889543607e-01,2.001429379038701217e+00
1.730977684020107432e-02,-1.438540856189563399e+00,-1.881998760674793214e+00,3.108888725912016593e+00,1.046413036239729699e+00,6.680820262398023957e-01,1.156678351763071433e+00,-2.106096981997304773e+00,-2.791377549062677432e-01,1.949586209229385858e+00
-1.425346958902860006e+00,3.416169557626972164e+00,-1.291233828812305751e+00,3.655579351110494812e+00,-6.547378578197927679e-01,1.223239022773667806e+00,1.868451397231236655e+00,-1.544040892484772387e+00,-1.394252240536651755e+00,-3.193110064076536969e-01
-2.041059763410463468e+00,2.989053100549956099e+00,2.314539003149444774e-01,2.405262964916513313e-01,-2.023519173074617594e+00,2.912038925432775649e+00,3.461314130668935896e+00,4.073246879985995550e-01,-3.269751623296603071e+00,-1.828167467353263076e+00
-9.837219404927838307e-02,3.321783374435288927e+00,-1.974505266245702995e+00,2.668671567452650883e+00,1.551854205847018831e+00,4.248928081819576263e-01,3.789206176984620811e-01,-2.186583780195657134e+00,1.920635003465342994e-03,2.139112159596215701e+00
2.452438852124216417e+00,-1.987251904388034340e-01,-1.964146051596667109e+00,2.825451482144030635e+00,2.114122682143478205e+00,-4.920145776095585788e-01,-4.254453142550276290e-01,-2.240150447350394813e+00,2.631168429372184869e-01,2.114910449898967038e+00
-6.604074445498191448e-01,-1.699939483616641489e+00,-1.918386516017873245e+00,2.782966283922581940e+00,9.259772117490374654e-01,7.118248775007831597e-01,5.860524799603910040e-01,-2.101261114916898709e+00,-1.427042771891298689e-01,1.763997554470151385e+00
-1.877885099379953404e+00,2.265400377796307652e+00,-2.011072141444435690e+00,-4.904067698579880341e-01,-1.738163421041764689e+00,2.155833709983570934e+00,-7.348735028201258679e-01,-4.034105641714375579e-01,-2.225612689557125545e+00,2.504466393871005003e+00
-1.796744646302036896e+00,6.467801385594729169e-01,-2.097282435662494837e+00,2.421845888816913650e-01,-1.475695476523281258e+00,1.999544346510687021e+00,-1.510059820585731405e+00,-8.663931555249130279e-01,-5.356060706003070715e-01,3.301667795754458012e+00
-1.556206101497927374e+00,3.083307007525960763e+00,-2.049698566804656785e+00,1.273186993542640977e+00,-1.214868934404785161e+00,1.534110509378657561e+00,6.652094326154465165e-01,-1.245183260951595150e+00,-2.068344810540062362e+00,2.642682833301070566e+00
-1.980955965557751997e+00,1.876157877123017848e+00,-1.966882924015306511e+00,-7.867875360672348384e-01,-1.897297785580611906e+00,2.680332637708523258e+00,1.493914915729117610e-01,-9.903149964622770529e-03,-2.734586964075542692e+00,1.955431481610335087e+00
-1.617209313398947357e+00,-8.029742168502451705e-01,-2.126701980841181339e+00,1.593228708717667752e+00,-1.053094861311999031e+00,1.544942591073244387e+00,-9.554829010824494873e-02,-1.355896671092684302e+00,-1.224345191287599555e+00,3.496148048977887335e+00
2.855838916863098209e+00,-6.564822403612939894e-01,-1.703339617730039279e+00,2.809157642995662396e+00,2.752204410948526192e+00,-2.495698755897925558e+00,1.407669352718301070e+00,-2.282496802619553566e+00,-9.354326020668479735e-02,9.216525831083983711e-01
-1.970746836212827535e+00,-3.122935252256025862e+00,-1.280270345255312359e+00,-3.991957364568983202e-01,-1.891426092700695394e+00,2.642067969593921539e+00,1.748319502382914337e+00,4.354732098505718074e-01,-3.077076201032194369e+00,-3.370896368417155009e-01
-1.946989160234909644e+00,-7.984560958051374335e-01,-2.024785635131741923e+00,-9.467840437892406369e-01,-1.867223137767930474e+00,2.493410222043048741e+00,-3.141539999220758439e+00,1.801757476529480539e-01,1.389233314160338795e+00,2.570607703041881020e+00
-1.963111567270946045e+00,-1.176193989315108990e+00,-1.380244857451292662e+00,-3.026167124550641074e-02,-1.829663409021091924e+00,2.573380698288477930e+00,1.939474240053066900e+00,-3.312583423531142435e-01,-3.066443192232018333e+00,-3.006568007732716152e-01
1.887593270797613743e+00,-2.706860019651986082e+00,-2.073870551820781838e+00,4.005784141714083368e+00,1.931520155784052006e+00,-7.911780862252886237e-01,-1.028994655436742622e+00,-2.226230498846642814e+00,7.079198278987424153e-01,2.855163014574780611e+00
-1.850542439576273956e+00,3.432228602004782303e+00,-1.647700260579185727e+00,-3.387925172082678626e-01,-1.626816597464397329e+00,2.088356480791366820e+00,1.264061272689618320e+00,-2.627632903109679008e-01,-2.777531332171276013e+00,1.031644318989299425e+00
1.984128918279337572e-01,-1.794415552338718856e+00,-1.998977741678292785e+00,3.684290747533124577e+00,1.372438887324257450e+00,5.442074854281058194e-01,-5.101040521299005093e-02,-2.138999174297254502e+00,-2.537525070027464857e-01,2.220447451745140022e+00
-2.057437470371733301e+00,1.328023548574297052e+00,-1.965757567967459263e+00,-9.245862091493917134e-01,-2.046161818872636928e+00,3.055908047280717632e+00,-1.839551173936951667e+00,4.005693316474888688e-01,5.185754033140120844e-01,2.201054686391900717e+00
-1.739978466289006764e+00,2.805037494477075732e+00,-1.798433676263612835e+00,1.198381743617222966e-01,-1.388510503174265498e+00,1.796709362561853318e+00,9.933631612773119457e-01,-7.831068846577668996e-01,-2.436365260565166224e+00,1.331313076648291460e+00
-1.856535421841323030e+00,3.942966322045964311e-01,3.344736559514329133e-01,7.558481305683875107e-01,-1.799878235851395614e+00,2.268651326208718011e+00,3.471657489994257162e+00,-2.892965649339238055e-01,-3.116083446299124926e+00,-1.833515439570917449e+00
3.457694499508195740e+00,1.790276391753504726e+00,-2.076982727952300323e+00,3.417326449369355590e+00,3.436830042653959971e+00,-2.319115495188153631e+00,-3.466230686538583239e+00,-2.319837023843335899e+00,4.542482869217457697e+00,2.968384849242397650e+00
-2.082435242857826108e+00,6.078341666892193018e-01,2.556343592728559377e-01,1.109670670513313029e+00,-2.082534505457616980e+00,3.224034322807630915e+00,2.815990551827296073e+00,9.908871331553106288e-01,-3.282228094433515597e+00,-1.573107213717248154e+00
-1.263955179680334773e+00,-2.737051465809059447e+00,-2.023907685271037149e+00,2.195960005149714345e+00,-4.088978741890779700e-01,1.103947092913087680e+00,-2.958152327620537925e+00,-1.645517344951336280e+00,3.554663096649981036e+00,2.910874088536537840e+00
2.219263642118035396e+00,-9.590607108068671671e-01,-2.141176609394360941e+00,3.292133914410854789e+00,2.495922929885054931e+00,-2.414995663138208126e+00,-1.068739992432865105e+00,-2.258009043069333366e+00,1.404527133849492682e+00,3.762680662842583068e+00
-2.035910256646163763e+00,5.218046833932223905e-01,8.602448615693562839e-02,7.817644603478053345e-01,-2.012347890180656407e+00,2.901343999436812204e+00,3.258421922240320789e+00,2.638284347046452871e-01,-3.275978484740110108e+00,-1.761086662187133722e+00
-2.004837865406901010e+00,1.010582593255204387e+00,-2.126639733266544319e+00,-1.121822366477178035e+00,-1.974725213514066935e+00,2.750133298151552275e+00,-2.811870449317148690e+00,4.624865828889350716e-01,1.489807917034258411e+00,3.533906611671673303e+00
-4.791289940926232727e-01,3.042521466381682416e+00,-1.723743994306776273e+00,2.668433454015085360e+00,9.409666309810199580e-01,6.086832711272878171e-01,1.384008843288884627e+00,-2.093457869277801642e+00,-4.351105104186364092e-01,8.436128591629737938e-01
-2.060446042620690310e+00,-5.025282619032562792e-01,-2.058409979202469930e+00,-1.316541838346551918e+00,-2.036006858704332068e+00,3.061947761345641617e+00,-3.114558971199287818e+00,1.215934601887279198e+00,3.150404870182181405e+00,2.721203292462828216e+00
2.952054024489866091e+00,2.468666339081186933e-01,-2.012286345975926594e+00,2.958308477426719207e+00,3.556006343609896980e+00,-2.818985205959308349e+00,-1.865590091769496084e+00,-2.340423034853163831e+00,4.998956696785727516e+00,2.587561776142265124e+00
2.043945367243169997e+00,2.951063077905127230e+00,-2.019521833187543081e+00,3.100330854254167434e+00,2.776414411878043609e+00,-1.614911205270208594e+00,-1.874806506675724904e+00,-2.271812635976521833e+00,3.647430778904699800e+00,2.710920287026137299e+00
1.092856420649088722e+00,2.190071152728987336e-01,-2.042903078283813123e+00,2.909704250020257010e+00,1.841766491079655843e+00,1.097977992473797570e-03,-3.199700165171215804e+00,-2.216212572452281204e+00,4.350697812229620709e+00,2.594045606789843639e+00
-2.093710202251823027e+00,-6.688174723581563619e-01,9.042682844057939318e-02,8.673727726333665400e-01,-2.110259462545172493e+00,3.233591315296112434e+00,2.844480675191588759e+00,1.479504419742641685e+00,-3.304208998867797398e+00,-1.602169320176219713e+00
2.875036451211408384e+00,1.504033958240806435e+00,-2.031225475932943336e+00,2.883506453669621550e+00,2.824532541177690259e+00,-1.923312581098078899e+00,-2.196264527183232396e+00,-2.273422523007846419e+00,5.040502325144590401e+00,2.711334707791614118e+00
-1.617134634730121423e+00,1.540571694618402709e+00,-1.979045548607039295e+00,7.737008162628298269e-01,-1.335670311737648941e+00,1.692762327641625042e+00,4.431883218224244025e-01,-1.058227660717123708e+00,-2.308364570498553814e+00,2.097091694672975848e+00
-2.108486008419002911e+00,-2.393646898195909145e+00,-1.639478889779091508e+00,-8.815614897107210135e-01,-2.132278831806237118e+00,3.352753610968390419e+00,1.542175860218350181e+00,6.139450701095470198e-01,-3.193190920312372949e+00,5.494189071389469214e-01
3.046215796581381863e+00,-3.359254643275081609e+00,-1.956290577366516459e+00,3.289161661917361812e+00,3.796752406054726414e+00,-4.460339128480987902e-01,-8.893974838437954666e-01,-2.346745052877912130e+00,6.148534715967124420e-01,2.314054476249382652e+00
2.320622239335543124e+00,-3.195225521378548095e+00,-2.080413661879207510e+00,3.270727739207199392e+00,2.682915301407334585e+00,-3.090128432968806571e+00,-1.574635117286199648e+00,-2.246515931386413367e+00,2.406813660521837317e+00,3.172962562263402564e+00
2.733376089064811332e+00,3.105700128453733555e+00,2.807020510597720703e-02,4.478403417101754158e+00,2.600995400615551567e+00,-2.548725597702009793e+00,3.079959669252124499e+00,-2.271676754510895790e+00,-3.766980786234756517e-01,-1.697119141335819315e+00
-1.489786676377171437e+00,1.057802491451891314e+00,-2.066419967559684157e+00,3.043645538069721379e-01,-1.269622311716079199e+00,1.664511188354100391e+00,-1.517479255991772913e+00,-9.125149796799488788e-01,9.000300647108144814e-02,2.814590633892173788e+00
-1.215239763797797412e+00,-3.408537668024808287e+00,1.994075229447755948e-01,3.761786686224223519e+00,-6.126464262830039198e-02,1.075124528515972067e+00,3.320431798796396272e+00,-1.855772195783038647e+00,-1.265937613530397021e+00,-1.785330065208953432e+00
2.344520977368780734e+00,-1.327680797601015428e+00,-1.825571995822668381e+00,3.327762094617614519e+00,4.335763985389094799e+00,-2.825734134539687137e+00,1.240203297619696166e+00,-2.373098002469919976e+00,6.393909209260058013e-01,1.281079754394826908e+00
2.637525603639020666e+00,9.730150506438208780e-01,-2.041640850491665660e+00,2.740029167999854298e+00,2.548757317438970826e+00,-2.460819223951779211e+00,-1.028516622685885284e+00,-2.233460354631493505e+00,6.064912537059224951e-01,2.694474831760559574e+00
1.260908136748215336e+00,-3.452431934207479181e+00,-2.035882130403761092e+00,3.526035231414158311e+00,2.665376490377596053e+00,-8.696336268856841301e-02,-2.103663537247560278e+00,-2.265989606444219540e+00,6.293709353464024048e+00,2.810754394295572833e+00
-2.057069520520837358e+00,-1.924079224632937457e+00,-9.816601514635897585e-01,3.427637197749401343e-01,-2.035698017263172677e+00,3.032103291977298554e+00,1.962877868992585206e+00,8.690866580633076488e-01,-3.195885780565891565e+00,-7.590151936316757997e-01
-8.371434950448000123e-01,-2.459851416681066549e+00,-2.001027956727124302e+00,2.665379813919750873e+00,1.591587994277765539e+00,7.258466495222135606e-01,-2.434237892735504616e+00,-2.133222912080321443e+00,4.990250324548573424e+00,2.197253921833065782e+00
2.098970679760161495e+00,2.907770458687298998e+00,-2.067165955299187008e+00,2.673033358233398715e+00,2.163488938515643056e+00,-9.627558528895603374e-01,-2.480589187071424284e+00,-2.220349463907580922e+00,3.476939205606573768e+00,2.910354775665204397e+00
-1.409455340555858971e+00,1.516529989110769527e+00,-2.128160273932379720e+00,2.077092565546328373e+00,-7.589520771076341266e-01,1.259950779251104436e+00,-2.638680052653021413e+00,-1.516331141100750513e+00,3.439454479463241565e+00,3.782362512521443065e+00
-3.398073210493088303e-01,-5.802198566936196400e-01,-2.026396354648896558e+00,3.312361302547485398e+00,2.148771417024505581e+00,5.558125968441096632e-01,-4.510677508015459303e-01,-2.150030057153323959e+00,4.636565538655964547e-01,2.518562564738987319e+00
2.468996453893777865e+00,-3.046964515131766582e+00,-2.118149528995372677e+00,2.816146499429540206e+00,2.584197086778688757e+00,-1.796181675815656131e+00,-1.971590546100164154e+00,-2.266306799013791728e+00,4.980835193960219343e+00,3.401138234454117892e+00
1.497578697405566706e+00,-8.600047268378072651e-01,-1.799158407874296373e+00,3.704228481151012886e+00,2.147972813794144731e+00,4.892648281496825291e-03,1.057093219672028184e+00,-2.203044494372991657e+00,4.295455394147292827e-01,1.473072912922601230e+00
2.956621557030111980e+00,9.644033152669555520e-01,-2.000025464202305869e+00,3.200570369850707309e+00,3.492117226262820839e+00,-3.166246146504357206e+00,-9.088317059725032898e-01,-2.321616502460173148e+00,1.480765290024867564e+00,2.458785435496833038e+00
2.176365906464917899e+00,2.977287496850439474e+00,-9.540474752150904791e-01,5.305839529694568846e+00,1.948840813383879933e+00,3.638658014287932119e-02,2.131435224565459308e+00,-2.182201561891823349e+00,1.057784459480954897e-01,-9.872920071115701690e-01
-5.322947501768338086e-01,-1.008071941261081683e+00,-1.594347258684838398e-01,5.236464815343626178e+00,1.428982852520148672e+00,6.396781484245117610e-01,2.794115366256814781e+00,-2.146623481035666359e+00,-4.394786670466139800e-01,-1.511876360150649523e+00
-2.127564561366169116e+00,-1.988296628030887581e+00,-1.975025061666801474e+00,-1.211850719495393358e+00,-2.162694800482731328e+00,3.488454374937657754e+00,-1.895043503318548428e+00,1.030908652484548549e+00,2.812967341989531800e-01,2.453097278061386000e+00
1.931741689927482630e+00,-2.940546433378718127e+00,-1.846421046749661121e+00,3.412944144671508084e+00,3.212521056699991107e+00,-1.665225096442357833e+00,1.309745550657671842e+00,-2.314996877573026524e+00,4.926272685262000905e-02,1.480858233211646002e+00
1.801730351497266680e+00,8.687914820124058579e-01,-1.891332737606068681e+00,3.697176259722287917e+00,2.294590674975133915e+00,-5.472352481220608134e-01,6.522681972900690184e-01,-2.245646822036693191e+00,1.398476872832172369e+00,1.507833739730058298e+00
-2.126777140989229764e+00,-4.035913103904844590e-01,-2.041169759823755925e+00,-1.135503375625337874e+00,-2.161160393490005216e+00,3.482111673682702246e+00,-2.646581334487795090e+00,7.889542092911316917e-01,2.538924850406020894e+00,2.891146646560618816e+00
2.687769393445825550e+00,2.968153845937072433e+00,-2.011819724908418205e+00,2.829149529066138591e+00,2.760490252218847473e+00,-3.495676760730017207e+00,-7.132887227245334749e-01,-2.289743882910928896e+00,1.418093663821029971e+00,2.563488946106557087e+00
2.084756526872461713e+00,2.505308932745208494e+00,-2.009899841779368312e+00,3.862261853958962377e+00,2.361613662741096409e+00,-1.538412225683294610e+00,-1.389809327337395040e+00,-2.261434678343198001e+00,1.508965612699784131e+00,2.327942005069580489e+00
2.260489113033665731e+00,-2.254921361610465524e+00,-1.977878171139791030e+00,2.535085917776819908e+00,1.843379264582370336e+00,-4.123303399640656508e-01,-3.106151596570196016e+00,-2.171049959353086756e+00,4.150239499256519693e+00,2.234009583617029726e+00
-1.495882201362813912e+00,-2.942732090230113506e-01,4.093799431386547782e-01,2.002154123775704786e+00,-1.268313020180319883e+00,1.545320945908047250e+00,3.253192806527685832e+00,-9.775050761300131397e-01,-2.329812797076838304e+00,-1.764518420634512363e+00
1.881094083594976762e+00,-2.665246992986644248e+00,-1.919884710710237030e+00,2.598075148736533890e+00,2.739600587773245444e+00,-3.064005411467274342e-02,-4.004851178833139791e-01,-2.236438711857128503e+00,5.593286408736987125e-01,1.884582329399246303e+00
-1.485506533189118183e+00,-7.805584062600421369e-01,-1.665067488620974867e+00,2.407136876211331433e+00,-1.007986000309749608e+00,1.496708694924571148e+00,1.569714543085530600e+00,-1.358005725675276887e+00,-1.811036760489204811e+00,7.907261772731389859e-01
2.103787056456038584e+00,2.081382734462678741e+00,-1.973062373158856797e+00,2.724857210722276157e+00,1.994154499655897528e+00,-6.562986637478740448e-01,-1.143524230210872794e+00,-2.177369477696601496e+00,1.012811268389689712e+00,2.156654964443140088e+00
-1.300355206134227837e+00,-1.440081267825658262e+00,-8.226534830528212661e-01,3.361003533174530045e+00,-4.920638640343825698e-01,1.127157638221220282e+00,2.175183591929522819e+00,-1.539777260222269462e+00,-1.353262181799352426e+00,-1.047831415030643365e+00
2.603435165252177885e+00,-2.148087310201097999e+00,-1.894002137957577769e+00,3.064193612485891727e+00,3.041745909254981672e+00,-3.286352968197059354e+00,8.281171889711451684e-01,-2.301761874248045014e+00,9.137702128937308377e-01,1.534688042593723267e+00
1.044070079858322009e+00,2.290009033217333290e+00,-1.930715388496331064e+00,4.041219059893756516e+00,1.844781177119460658e+00,-2.154305832372882534e-02,1.172535602843893798e-01,-2.167133819172073039e+00,2.708599103011004594e-01,1.770842226209261572e+00
3.528893766782443819e+00,-3.094594937828654135e+00,5.172813206157632626e-01,5.411297560755309988e+00,3.229376985307063741e+00,-1.188003912175099597e+00,3.178188938382445983e+00,-2.284248519532130928e+00,4.510932266373903765e-01,-1.739597235524847241e+00
-1.910275123456551372e+00,3.366585745685882536e+00,-1.991893681599469001e+00,-8.473490114192787637e-01,-1.764332539859674309e+00,2.316402190021994656e+00,-9.271058187526670658e-01,-5.196817246611451502e-02,-1.947884835871809495e+00,2.166155862370917617e+00
-1.701163542988386013e+00,1.249222804730638181e+00,-2.034664162846314017e+00,3.585386664509238042e-01,-1.536328938644485609e+00,1.874533025804479891e+00,-2.143773496193766892e+00,-8.490354023273550821e-01,1.268074444623981112e+00,2.663581918212601707e+00
2.259061281435710278e+00,2.577928782666090157e-01,-2.167805129323450597e+00,5.451042448696457043e+00,2.806943473990360260e+00,-1.362625394854752869e+00,-4.742506142721563123e-01,-2.291362873197965389e+00,2.475284278631884605e-01,4.082105966693547749e+00
7.091425573907790270e-01,3.298553293427708866e+00,-1.961833599877651046e+00,2.927478942093229897e+00,2.974452721491764429e+00,2.908205467960280899e-01,-3.081692055976135158e-01,-2.281859002640234557e+00,2.872172873444514551e-01,2.398248783937694029e+00
-1.933084554309677516e+00,2.688583572318023585e+00,-1.994549678102591317e+00,-9.745951934228003211e-01,-1.896828410940845755e+00,2.612771396661819345e+00,-2.562136824727776485e-01,3.031056535433989119e-01,-2.476267086289311692e+00,2.287276339125008828e+00
-1.533174985211764429e+00,2.444039900626896689e+00,-1.797813601244143245e+00,1.820773339717655315e+00,-1.094569770738283543e+00,1.405454958444855684e+00,1.158395675471282971e+00,-1.364585197399277083e+00,-1.882866535151477727e+00,1.507038828175953027e+00
-3.795971637147583233e-01,2.443112521841606544e+00,-1.842985688909690278e+00,3.877961456042113397e+00,8.416712971954536382e-01,6.154183628509892756e-01,8.286091810002682578e-01,-2.075096221880179836e+00,1.928113892273515262e-01,1.409951348892661382e+00
-2.104493718220385112e+00,2.159804563083923767e+00,-1.935988704872932287e+00,-1.130397467407091794e+00,-2.131710439620408071e+00,3.337137114809403116e+00,-1.586797269664930177e+00,7.401084033722706845e-01,-2.793080010065633889e-01,2.232636706558514206e+00
-1.701848808639758515e+00,3.424800826455065561e+00,6.433626587372665018e-01,1.849472475215169220e+00,-1.538252821177495289e+00,1.892566801658450260e+00,3.262436816847745114e+00,-9.066751999146697161e-01,-2.766883191622515170e+00,-1.766475803905369846e+00
2.285248379863276558e+00,-3.205966028918869615e+00,-7.684885979494568975e-01,4.611572932553826831e+00,2.747013835515033531e+00,-2.230480755760364531e+00,2.344299526736734585e+00,-2.269577844010086221e+00,1.411745656174441255e-01,-1.138804872595819084e+00
-1.202195971759970394e+00,-2.610907005057764518e+00,-1.381372050992332401e+00,3.109924346347732182e+00,-4.192411948505574970e-01,1.044317365365252215e+00,1.836210262654871528e+00,-1.781852691267089339e+00,-1.328543550105037552e+00,-3.447007088838281996e-01
2.751368193765272530e+00,2.232172049616383269e+00,-2.092024805555313005e+00,2.675564038913742060e+00,3.131564807947414764e+00,-2.601809938034370440e+00,-3.364777824143927454e+00,-2.307780096616742327e+00,5.202256003610947310e+00,3.187388665486685646e+00
1.975085919252877797e+00,2.113260472109084631e+00,-2.087893324054354682e+00,2.842895920735271087e+00,2.403431023859699422e+00,-2.167661013643784607e+00,-3.011934084311038262e+00,-2.259926497803609546e+00,4.085904554620797491e+00,3.098812117174094993e+00
-1.459641161267773324e+00,-1.414559534368066807e+00,-1.923163001786848403e+00,2.520545794479225332e+00,-9.387678195328214015e-01,1.299519814380643012e+00,6.660406950691744044e-01,-1.427373302667451993e+00,-1.602778397083983952e+00,1.779285716207025247e+00
2.432083917709176646e+00,-2.816676931515802451e-01,-2.165925205235919471e+00,3.432898517215390299e+00,2.405254433093328981e+00,-2.893762198046561984e+00,-2.460549366777882163e+00,-2.229692900596124794e+00,4.141813447722536345e+00,4.004022987480857942e+00
3.785613213636196850e+00,-2.140175502605002666e+00,-2.509193675083176700e-02,5.787208400815978315e+00,2.997250066231658128e+00,-2.980324345167132627e+00,2.560341992394628896e+00,-2.301278697101904580e+00,7.959547986414670095e-01,-1.338007938694802945e+00
3.558472553437571406e+00,-3.357462666856352751e+00,4.524628421736862638e-01,4.345453001622218814e+00,2.382591490655298294e+00,-2.273544385660863920e+00,2.826569762735919866e+00,-2.255565635024361804e+00,1.583903929444621106e-01,-1.553420762171640490e+00
1.849303306108786460e+00,-2.783170845993927944e+00,-1.231761842588672051e+00,4.267866011136836946e+00,2.490602016423796528e+00,-2.350179527296671900e-01,1.672697705909520494e+00,-2.259092644557581853e+00,2.969114786572101261e-01,-1.844796317760714066e-01
-1.789327127402724260e+00,6.672251829855548877e-01,-6.575088107404813975e-02,1.250376276254877794e+00,-1.697422535407133060e+00,2.124244635410027726e+00,2.727910077317192261e+00,1.480240061865178980e-02,-2.963570829045202526e+00,-1.446101493628756174e+00
9.152621310366385599e-01,1.686539361410823723e+00,2.262550427316527279e-01,4.129032021218509207e+00,2.242530032725056355e+00,1.052119797560182590e-01,3.314358356241620562e+00,-2.236302973550319262e+00,-4.859762174000864521e-01,-1.787833760064913902e+00
-1.772904625547422786e+00,-1.832780242752303224e+00,-1.944535178128933506e+00,4.681472676797778787e-01,-1.296533133829572915e+00,1.874278918133880367e+00,-2.122186054310904790e+00,-9.881993286563240941e-01,2.499538485372206242e+00,2.148998518203903085e+00
-1.751474552888263592e+00,3.177571872135883879e+00,-1.850645733069974597e+00,5.961867529642284058e-03,-1.483068979447293989e+00,2.053625225105314200e+00,1.214954350060731159e+00,-6.807261723858188951e-01,-2.510028668589921352e+00,1.618836449451572790e+00
2.213688243658297861e+00,3.203367850904737857e+00,-2.002592542020237509e+00,2.671313417587365180e+00,2.809264459210482734e+00,-3.109044831031738898e+00,-2.155706665362356222e+00,-2.272164450940698632e+00,4.448603042340112168e+00,2.331386119531957402e+00
2.780424007939809261e+00,2.672878208751470197e-01,4.472695880534843793e-01,4.786161480248628308e+00,3.028918085228720525e+00,-2.154701304210851820e+00,2.993886030259079511e+00,-2.303096435745545900e+00,-2.839200162304307828e-01,-1.677749629349892579e+00
-1.531076916644317887e+00,-2.421906397286430312e+00,-1.910578419515038373e+00,1.840374623150328404e+00,-1.203428562139214453e+00,1.514243773693076278e+00,-4.959681877447525977e-01,-1.273329037650765994e+00,-1.447270814041025311e+00,2.065032912794684261e+00
2.780460149970124917e+00,-1.220485534088898483e+00,-1.782250788797907548e+00,3.236766646000529324e+00,2.714255256708572261e+00,-3.386311556844945336e+00,1.242537277081105174e+00,-2.263700316964541326e+00,8.035136883219664572e-01,1.287146861642612716e+00
-1.365485269424744574e+00,1.934393942610516781e+00,-2.078129363449121580e+00,2.608944337024566185e+00,-7.037029228437186035e-01,1.199898652284796086e+00,-2.138396701476636963e+00,-1.633705721533986521e+00,2.935941398972441441e+00,2.917606698905375495e+00
-1.929858637036752977e+00,-2.685160693376400953e+00,-2.024775002300038818e+00,-6.894239303771934058e-01,-1.850153509628632120e+00,2.434374857178339013e+00,-2.529804765734002814e+00,-5.888686420992073067e-02,1.286985775970903578e+00,2.429695597787297157e+00
2.225708011096138694e+00,-6.798165805421616525e-01,-1.874904777031122238e+00,4.461789125462791716e+00,2.510060760787418577e+00,-3.343588806664552493e+00,3.043800632707149845e-01,-2.276103488626033844e+00,9.273236430519429252e-01,1.704057252667792621e+00
1.112364073372144491e+00,1.399623620422544512e+00,-1.946067903057440596e+00,3.012771628188247508e+00,2.659441731490943539e+00,-7.715738965154983475e-04,-1.332599029808996693e+00,-2.256129068506365520e+00,2.451768521993959560e+00,2.161320607315638131e+00
-1.977752413165914991e+00,5.837191961969621090e-01,-2.027147633014198203e+00,-8.855423544152172255e-01,-1.837872684194854278e+00,2.594149688144868016e+00,-8.306852216593343385e-01,1.984886726732729145e-01,-1.985470023091964631e+00,2.714955465647274302e+00
2.308752140473003145e+00,1.232755116171699861e-01,-2.012237480650488131e+00,2.718375998171311370e+00,2.144071838689106446e+00,-5.046383600896771071e-01,-2.883150863074494197e+00,-2.237529752153153861e+00,6.783611874711090728e+00,2.389203692029446824e+00
3.235893739749829301e+00,-2.224972249624332932e+00,-2.054266198220560558e+00,2.747058099020385669e+00,3.431576639338059564e+00,-1.704332830484776018e+00,3.642438393888469683e-01,-2.330488249087591779e+00,1.229463285887770763e+00,2.707632364746249909e+00
-3.052682957565500121e-02,-2.205294962922065505e+00,-2.027766972574647664e+00,2.966438978422717643e+00,2.143095055086118084e+00,5.052020653948989803e-01,-2.741283880830373221e+00,-2.190010961117925259e+00,4.749305807518700462e+00,2.696309404920982367e+00
2.499176669976917342e+00,-2.621801637338287971e+00,-1.654471265411321612e+00,3.233601843324080960e+00,2.608086634607722054e+00,-2.145787166605272578e+00,1.381246707006776653e+00,-2.278286185200155689e+00,1.178552127617256806e+00,7.188244100957472682e-01
2.295409097938137855e+00,2.557591324271090372e+00,-2.058310871369672501e+00,2.525849838618498211e+00,2.893770206984556115e+00,-1.230506492290977860e+00,5.700156515132404067e-02,-2.289071187928511275e+00,3.605095243471785338e-01,2.719382630338772699e+00
2.732390045737377982e+00,1.215289500488922592e+00,-2.009119191283959882e+00,3.076925514504177173e+00,3.590662991790735781e+00,-2.517807482378437989e+00,-2.692795730810893851e+00,-2.330453016177722159e+00,4.396500111261736343e+00,2.522974883551371228e+00
1.823247133916813478e+00,-3.087495363173007767e+00,-1.993336457699541375e+00,3.480255270073889129e+00,2.784700588394925624e+00,-9.964818731181832590e-01,-2.970986330191126346e+00,-2.263909449154926978e+00,5.236202042122273248e+00,2.188645874638412092e+00
-2.095567685114670731e+00,2.100173299387742887e+00,-1.632966852760818766e+00,-1.133190380640909378e+00,-2.112653334036070252e+00,3.248388813835853206e+00,1.545002727102881224e+00,1.394641625240980787e+00,-3.199030568064795244e+00,4.524870212263988889e-01
-1.659929764629996640e+00,2.583848779650311123e+00,-2.071488921648979797e+00,1.214514853954570484e+00,-1.195804225447461677e+00,1.631541552621281532e+00,-1.038866692718444007e+00,-1.071189999546420690e+00,-1.194311596198869507e+00,3.008205527631999665e+00
3.005704860587770977e+00,3.458877960759624948e+00,-2.011509455683365033e+00,2.555500960185926207e+00,2.733263578529792515e+00,-2.819676234499517431e+00,-8.236344962548418636e-01,-2.280698316793293490e+00,2.952854016828199590e+00,2.597482023058895528e+00
2.673889485331709892e+00,-5.039291768354097201e-01,-1.997830078859107017e+00,2.933130916642780139e+00,2.822308639921325302e+00,-3.259368508059745650e+00,-1.420339499557812246e+00,-2.264342522791270795e+00,2.384051211694986794e+00,2.335392354429960182e+00
-2.047961397679676665e+00,-3.841353951307850956e-01,-1.948829518927905902e+00,-1.101871178210674929e+00,-2.071424773775932149e+00,3.080968581907354675e+00,-1.324591008483948951e+00,7.811025866859413469e-01,-1.678435383107450107e+00,1.963149865881595124e+00
3.792427023893427229e+00,-7.623970111002633665e-01,-2.095683280412775407e+00,2.444647990155000894e+00,2.403545707754572547e+00,-2.962319515473597065e+00,-1.718700183270792881e+00,-2.264418049378488895e+00,4.765853244004373046e+00,3.144394668898528700e+00
2.525636221804147041e+00,2.330040859701316691e+00,-8.967246730651552422e-01,5.101839550817670599e+00,2.301085223725392037e+00,-1.218724864368739169e+00,1.912296078300381730e+00,-2.253676825482459289e+00,-4.120193875397726302e-02,-7.184837542023738699e-01
2.313523980349597942e+00,-2.893504565760970593e+00,-2.112715458056770412e+00,2.521384528502530031e+00,3.361864177315981195e+00,-9.091991637953564798e-01,-2.523224396489544663e+00,-2.308482922754543587e+00,4.255463075632994752e+00,3.432910413725617005e+00
2.578796789425382041e+00,3.142793130780115796e+00,-2.060242812363374032e+00,3.433759957238663674e+00,2.771119577639896470e+00,-2.507655009122769840e+00,-1.428595013716344120e+00,-2.273619920168347353e+00,1.479063671626914100e+00,3.056503283915487756e+00
9.626771912415024168e-01,2.409628979424291551e+00,-2.018683307994047826e+00,3.640241061424885238e+00,1.583458929323845688e+00,8.878819986516051088e-02,-1.283185227629762615e+00,-2.171430820972438891e+00,1.110189715450159653e+00,2.589109362554363525e+00
2.646437090113361368e+00,2.061557666702539926e+00,-2.085081450663291314e+00,3.236330516885202790e+00,2.981859764879945196e+00,-1.970436620367816971e+00,-1.035061377794536774e+00,-2.291891312131722813e+00,9.003650166261973897e-01,3.074741407028818152e+00
-1.951228839438028828e+00,1.255207429801250107e+00,-2.057561417246831947e+00,-9.043916204231731149e-01,-1.838384447033330815e+00,2.490302203387652291e+00,-4.013290396989823705e-01,1.054610688389611695e-01,-2.465354814473414979e+00,2.815415015237931584e+00
3.040953814183391390e+00,-2.481688746694733272e+00,-2.059831277714991860e+00,2.853558186126467611e+00,2.540373023030965349e+00,-3.436106443778673913e+00,-1.792573140077812655e+00,-2.251518539860014378e+00,3.178866212449966699e+00,2.981614644495859778e+00
2.782816184351144972e+00,-1.052352683448649628e+00,-1.949397537179126116e+00,2.847628352168923183e+00,3.567536282693371863e+00,-2.311291462227474725e+00,-1.377146768974309765e+00,-2.338114588666321048e+00,1.553532140572213116e+00,2.218988413907460266e+00
2.623928753145975623e+00,3.016104349976845178e+00,-2.087277807753117997e+00,2.568332100434974841e+00,2.668446231613647690e+00,-2.302514699805714216e+00,-2.757658965016727137e-01,-2.286865409068211008e+00,2.419086102983718234e-01,3.103770762291205187e+00
2.640861183403448109e+00,-6.292750087430962758e-01,-2.043548195192335104e+00,2.533939689123389627e+00,2.881212666233231801e+00,-2.124126185371784992e+00,-2.988459691649822947e+00,-2.301292834183764402e+00,5.082266006813053849e+00,2.666949248086383673e+00
2.597261562438640148e+00,-3.180221094588544517e-01,-9.960517127922918768e-01,4.044070507021068295e+00,2.497055947818127564e+00,-1.982017510659239479e+00,1.846914062649807953e+00,-2.240005210946442116e+00,1.608340883983785385e-01,-5.600175389308335028e-01
1.755352287365431696e+00,-3.241999992043585799e+00,-1.995636936855798016e+00,3.611315892377394476e+00,2.189379383082749264e+00,-1.545727752870962313e-01,-2.317521261415482314e+00,-2.220853208500441323e+00,3.648928862397740502e+00,2.350510476311764130e+00
-1.761493132678791707e+00,-2.622066979631437089e+00,-1.611324030757144143e+00,5.707907186146472522e-01,-1.593805756038314980e+00,1.909347324541020186e+00,1.606238977599154794e+00,-7.943183137085068068e-01,-2.748892288331029388e+00,4.091549248742737399e-01
2.346975355278561715e+00,8.127583683064392162e-01,-1.929671607868915117e+00,3.469073726266209690e+00,3.143562842712294803e+00,-9.702757235177212891e-01,9.580281621308586182e-01,-2.306023823023870545e+00,3.300892474045442615e-01,1.808062355169692825e+00
-1.748254150560787146e+00,2.222097405227554390e-01,-2.033978049974641156e+00,7.973912482814075053e-01,-1.538406258307484675e+00,1.874118192527665983e+00,-3.466049206000686222e+00,-8.893819182633515563e-01,2.583749154201898435e+00,2.933735312869607981e+00
6.193713469325623500e-01,-2.773338541119017453e+00,-1.921631656483776318e+00,2.953763208287325970e+00,2.275603455435533995e+00,2.134747311230174027e-01,-7.232777062332327311e-01,-2.191525458328985820e+00,4.129467626293910065e-01,2.089998166369755328e+00
-1.921519657458405250e+00,1.479291970369149389e+00,-1.900483798719128314e+00,-7.350784360901567727e-01,-1.899084424924971204e+00,2.511064547144013837e+00,1.018487211179404106e+00,-1.151639494201692621e-01,-3.002610694926823420e+00,1.631092277632309351e+00
2.474203228703807156e+00,-5.610431039495500372e-01,-1.848976036908291709e+00,3.171976636807994687e+00,3.122665786040058400e+00,-1.991854349086291442e+00,1.397991147057832784e+00,-2.299794553282185738e+00,-2.638983470671798504e-01,1.238216939356675539e+00
9.115702981672433314e-01,2.735870550033121518e+00,-2.038137194907593486e+00,2.933938083569044952e+00,1.831645349448084659e+00,1.868420585041707938e-01,-7.457095743686092959e-02,-2.192640977634298771e+00,1.993029175103362971e-01,2.826555593718539594e+00
1.333591269446375849e+00,9.457851838657127530e-01,-2.043527224553467914e+00,2.555807982736803652e+00,1.675946384073313089e+00,7.191117395604562645e-02,3.123658424515571852e-01,-2.168425819713624580e+00,2.053720132851200031e-02,2.661764840626240414e+00
1.485662205587833462e+00,3.251330775048568711e+00,-2.079767998013638763e+00,3.339150464639235594e+00,1.705522819576580140e+00,1.037997838998929723e-01,-2.667751644654980936e+00,-2.151157319980784965e+00,3.554165054862530759e+00,3.251735989533809601e+00
2.341749745279274819e+00,9.236864115612464232e-01,-4.922698180151253156e-01,4.907098155345908985e+00,2.806772044547666045e+00,-1.031369333791988030e+00,2.289864306063032373e+00,-2.278888110472213846e+00,-1.574199541653301115e-01,-1.215312969113468755e+00
-3.755167966102556654e-01,-1.883839345283169209e+00,-2.633812290523789290e-01,5.751706800470572922e+00,1.326074264169885941e+00,5.199837054999489894e-01,2.468340976657005470e+00,-2.046561628162798296e+00,-4.177400183940476741e-01,-1.329412284592360827e+00
2.400872377809336822e+00,-4.649469929244043342e-02,-2.060926957045899677e+00,2.963834362132571343e+00,2.562996567478433629e+00,-3.448970078169964815e+00,-2.309454635378659582e+00,-2.260456676117801766e+00,4.055029295418812296e+00,2.900187967390708277e+00
2.133143199694647940e+00,-3.153595284474770555e+00,-8.029302576683856607e-01,4.205592356444242341e+00,2.572307022809514621e+00,-1.160263177271264823e+00,2.273084512545954894e+00,-2.253231909498034646e+00,6.909634432070843602e-01,-1.172268424608370774e+00
-1.547072498464685086e+00,-1.778752354227980170e+00,-8.524214240164118550e-01,2.631355718490611562e+00,-1.298836284749624648e+00,1.564460521634002177e+00,2.048187018011160987e+00,-1.154269999750507036e+00,-2.386698133076924577e+00,-8.949770759646014096e-01
3.365216223638978654e+00,3.137054206789903432e+00,-1.993072173581810880e+00,2.753180697174462566e+00,2.788706189793729084e+00,-2.866728800813094669e+00,-1.022564018952651921e+00,-2.289416318756468893e+00,1.414935648801357360e+00,2.437068273903516769e+00
3.393276250201520572e+00,2.940649555213147082e+00,-1.995089469881574651e+00,3.422079834952842514e+00,2.644839096789590727e+00,-3.250149551766751799e+00,-1.541199621094711647e+00,-2.275195104370536292e+00,2.747602704657351680e+00,2.638657376465041171e+00
-1.585339632996406234e+00,3.491998416884733558e+00,5.650299773618040755e-02,2.678659828934992326e+00,-1.298412192529313502e+00,1.555189115429043589e+00,3.139068940099149607e+00,-1.073708113919316975e+00,-2.505469664687592690e+00,-1.722086583983314378e+00
-4.677769640337635648e-01,-2.210221013955834923e+00,-2.046551116189891495e+00,2.698274980347350471e+00,1.196426855260077637e+00,6.284793364801561921e-01,-1.822743700854474458e+00,-2.017479229003968921e+00,4.508036711224822746e+00,2.847781020411634945e+00
3.683287038259292601e+00,-1.044028332639558965e+00,2.190484162235183385e-01,4.285924747667894330e+00,2.465073673730345138e+00,-1.724539581612019923e+00,2.899071228245602150e+00,-2.262951956714407853e+00,-9.917375639966546919e-02,-1.607660283606999974e+00
-1.988419414252406314e+00,2.015933825998357243e-01,-1.885742103305283024e+00,-9.150728683338499314e-01,-1.912684825168745162e+00,2.631552000624052035e+00,-2.150604519533327874e-02,2.737402408733468073e-01,-2.731463456900076636e+00,1.948355150626793986e+00
-1.539440161166192089e+00,6.025261676761193286e-01,-2.024331957092029288e+00,1.053576388340497605e+00,-1.277619667843048701e+00,1.575991566617441997e+00,-1.045478465067519291e+00,-1.076336406495967513e+00,-1.223652581561752273e+00,2.496331109014702232e+00
-2.118876365877434331e+00,2.981582664376730030e+00,-2.088912121902196439e+00,-1.185095213676091497e+00,-2.151329625258441514e+00,3.433233325296805916e+00,-1.880751532189203434e+00,6.977975038352146608e-01,1.002052398067410532e+00,3.077735883400595007e+00
-1.794134940722478921e+00,-5.735672677557599464e-01,1.645227426313317642e-01,1.769182141282787724e+00,-1.606501331206215522e+00,1.924904375702720216e+00,2.664878537852171547e+00,-6.445476851182134759e-01,-2.903430576956459230e+00,-1.467648348142112757e+00
2.229909534647628977e+00,-2.970678895604295988e+00,-2.049102390861031520e+00,2.874375458512841153e+00,4.983251650657376075e+00,-1.727415328169845221e+00,-3.381847325232575585e+00,-2.400107820395073421e+00,5.055229948940372253e+00,2.695585278321856126e+00
-1.836516619062968925e+00,-3.304812951615351935e+00,-2.122628184635315662e+00,-4.152640900211240771e-01,-1.629238797025575947e+00,2.051728721362640506e+00,-2.116325382176437842e+00,-2.204704389712675017e-01,1.914634111527775850e+00,3.520644959073973457e+00
-1.940959353142826416e+00,3.109064111490442706e-01,-1.713900214619248796e+00,-6.690793893564014327e-01,-1.908993893459913327e+00,2.612895138997778588e+00,1.302758180052836501e+00,-4.711708785372071412e-02,-3.004265863011769344e+00,9.813313292307550562e-01
1.889976496436342357e+00,1.939158497795792080e-01,-1.668397134187830533e+00,3.718886734569712527e+00,2.245361807598603932e+00,-2.139112415695549885e-01,1.338564261183944559e+00,-2.208284843204830317e+00,3.867998331259631106e-01,7.931771656636862344e-01
-2.088873988784873514e+00,2.279954246127172013e+00,-1.303341955985602763e+00,-6.138756554984750036e-01,-2.076247729315329416e+00,3.192127819601359384e+00,1.821759072222005393e+00,8.198088681774509112e-01,-3.168740219068468811e+00,-4.520273791143334940e-01
2.512668084587745376e+00,2.447446963079513260e+00,-2.098084001798246945e+00,2.866982837249894445e+00,2.953152351780621743e+00,-4.289999756412408161e-01,-2.467901125313967992e+00,-2.284569574305580719e+00,4.581923181235284304e+00,3.362565868844709982e+00
-2.124674197746034388e+00,-2.768979496814075514e+00,5.873154429767579732e-01,7.469523439707275170e-01,-2.158198555179329681e+00,3.465664038029180105e+00,3.216656245005133030e+00,6.112030763044707937e-01,-3.362971013728046188e+00,-1.751056973285941565e+00
-1.921496704991431548e+00,2.461787888181333095e+00,-2.032436544966897962e+00,-8.306461364092394550e-01,-1.863875119356001475e+00,2.588966774072060772e+00,-9.134506427553379382e-01,-1.192206924417554131e-01,-1.950841663297520956e+00,2.501281716918522413e+00
-2.118755359544092443e+00,-1.061639633821387374e+00,-1.792447239930691882e+00,-1.125349640063718404e+00,-2.151093303752929842e+00,3.429103604960837437e+00,1.101077767266652963e+00,9.466416309244798377e-01,-3.139294201884212043e+00,1.263973538096797355e+00
1.327126349062535349e+00,1.052042685362457597e+00,-7.028365563361889112e-01,4.302723586573488745e+00,2.161739876802423854e+00,-3.022187186182421215e-01,1.992009971440174887e+00,-2.240034783050928180e+00,-2.042149452182281943e-01,-8.506761000695987063e-01
-1.607189013498252494e+00,1.723607537457361616e+00,-5.255523246586750741e-01,3.482906398780928559e+00,-1.284739510058467538e+00,1.551293975407959991e+00,2.601818563973878895e+00,-1.206165717041013608e+00,-2.440393059110554042e+00,-1.353945727518707676e+00
-3.919837004367931477e-01,3.299353934552254231e+00,-1.836689401972378510e+00,2.406086633581642431e+00,1.341710307167015781e+00,5.609735740088312994e-01,1.220415678913488122e+00,-2.098653603528326084e+00,-5.044803401628283890e-01,1.228487082923153118e+00
-8.008760706308386546e-01,-1.194877684837996057e-01,6.954469888074383821e-01,4.849791453226266924e+00,2.962215154089899993e-01,8.036295660579657607e-01,3.203364600864935241e+00,-1.944429938489588228e+00,-4.731842496157412370e-01,-1.720728055842352555e+00
-1.492747818091924916e+00,-1.585281566013302390e+00,-1.982135053543284897e+00,2.556143160100660339e+00,-9.079132730800066886e-01,1.322167523815175549e+00,-1.572764510198922716e+00,-1.432219272601436000e+00,8.630340195558479088e-01,2.462099627333080853e+00
2.976256796935921045e+00,1.094006426369869445e+00,-1.981520815921018697e+00,3.402215625137821053e+00,1.965219987747998331e+00,-6.080239759432659596e-01,3.659016929449032673e-02,-2.173565288081530156e+00,9.761839085623713608e-02,2.470958619937660306e+00
-1.853804072231352906e+00,-7.503817228532052575e-01,-2.018014085732500185e+00,-2.298921828829043890e-01,-1.698113829771485728e+00,2.202978779520755381e+00,-1.447232880261070331e+00,-5.731867317546095464e-01,-2.211051496192264487e-01,2.496764636247470914e+00
1.497317498851155060e+00,1.480234411392908456e+00,-1.044009134412173356e+00,3.754040222596717769e+00,2.086646057459771608e+00,-4.486376525223629841e-01,1.922812140747807597e+00,-2.179347004478959793e+00,-3.935798180571536964e-01,-5.496958830594147472e-01
1.759597405679368176e+00,-2.422239422461372804e+00,-8.754744456955765308e-01,4.217979456323590171e+00,2.459445105006459187e+00,-8.341279438210387198e-01,2.071170327845210046e+00,-2.258188528903506409e+00,3.836625115348437642e-01,-9.075432277619474020e-01
7.868876238846680415e-01,-2.239954479652446651e+00,5.160226798765865652e-02,4.992914418552929057e+00,1.314958066382836854e+00,3.506562692712424933e-01,2.735986452961793880e+00,-2.091664263925574918e+00,-6.060771630603862814e-01,-1.501700238378708141e+00
2.812846070466768822e+00,-1.627468356127625970e+00,-1.053590864488084700e+00,5.046530233388377695e+00,2.855593013232784916e+00,-1.797180238260655205e+00,1.902539155579983543e+00,-2.295967643277306180e+00,-1.608864172873611942e-01,-7.423351814207149735e-01
1.600305265301624980e+00,1.491196285793351173e+00,-1.711054063112992463e+00,2.732953563830565979e+00,2.793390452434562299e+00,-1.638577086477237543e-01,1.173074069879767478e+00,-2.283111747252271062e+00,-6.712819066119946054e-02,1.144065557314386528e+00
2.225545737741230656e+00,2.979981183552939505e+00,5.114849794551604156e-02,5.746159290968715361e+00,3.777445596980594456e+00,-2.597547463127557688e+00,3.093363820671599207e+00,-2.335393448202621069e+00,-2.033549747081925263e-01,-1.693485674773772764e+00
2.517104119174546017e+00,6.853908767289640380e-01,-2.009592038448462237e+00,3.415370704692386017e+00,2.225147464156159938e+00,-1.355791919135830526e+00,-2.826122384922800546e+00,-2.245575015329500879e+00,3.529419846778326431e+00,2.463123909039542703e+00
2.335795451376265763e+00,-2.718984564114541591e+00,-1.861079262464255368e+00,3.063091067682986335e+00,2.548618534636657440e+00,-2.883028144351728717e+00,7.732432559586515097e-01,-2.258125098462689273e+00,2.499174814414861778e-01,1.632239430983811079e+00
-2.024588084594076687e+00,3.547132733663813653e-01,-1.364882622989913585e+00,-6.888904525399563994e-01,-1.973566582519082235e+00,2.839477236249801528e+00,1.784129201597986381e+00,8.336598283828069444e-01,-3.138290514410059462e+00,-2.087297449902631441e-01
1.594312008933473468e+00,-5.593686121453842475e-01,-2.039625677098020784e+00,2.814117048231577822e+00,2.707527375833731931e+00,2.379822843417755962e-02,-2.809822935439874492e+00,-2.274861124370798127e+00,4.459758818904946409e+00,2.721229063621654731e+00
3.067042245688857527e+00,5.038068037272136479e-03,-1.876192298679998816e+00,2.951747590172710822e+00,3.893008889057404609e+00,-2.273962099888473087e+00,3.909285982340389154e-01,-2.344151398922964091e+00,7.616426514335972175e-01,1.798125051758299842e+00
-2.109490945304703935e+00,-2.107256257548723699e+00,-2.053813821176828647e+00,-1.342071936955355760e+00,-2.131071891539041641e+00,3.375383242669903971e+00,-2.589860447417884792e+00,1.456237457279875747e+00,9.291368456110756791e-01,2.948648617632089852e+00
2.003074884736550487e+00,-2.156637830187824179e-01,-2.009495917542572396e+00,3.647939040796404964e+00,2.330786007163503371e+00,-1.226612428947506661e+00,-3.176395994599671813e+00,-2.259100482714121227e+00,4.735597217530785663e+00,2.459062984514827299e+00
2.386930669761247792e+00,1.032737246586973967e+00,-2.020110792870362548e+00,3.309918616051388263e+00,4.639069936912681769e+00,-3.381751614671282269e+00,-2.941627391409806780e+00,-2.384556852294056117e+00,4.615351738376094026e+00,2.378684140613729792e+00
1.899718034742492456e+00,-1.896850386261321075e+00,-2.004171884057598607e+00,2.809256033065900660e+00,3.149563999505036627e+00,-1.582339697394556044e+00,-1.443624322791596359e+00,-2.316238765419014189e+00,2.281669992932565449e+00,2.568937136290408763e+00
3.261825234322170530e+00,-8.512887018006054518e-01,-1.883910275823084346e+00,3.965804025725179649e+00,2.917741926543507169e+00,-2.679016860552471790e+00,1.952025177640042131e-01,-2.291742597161665618e+00,8.236918163382973557e-01,2.078554209940981501e+00
-1.435105511409929591e+00,4.267497728339026963e-01,-2.149402808245494345e+00,2.249030341226617935e+00,-7.492459379431344324e-01,1.224622278846213774e+00,-1.561627915662404664e+00,-1.647835293473361329e+00,1.170869284994298987e+00,3.835042027648285501e+00
1.976103669247479377e+00,1.529311235461523033e+00,-6.477145830610157029e-01,5.163473806159744939e+00,2.659816500513608517e+00,-1.557630308171603861e+00,2.361267873281652108e+00,-2.235813122111188544e+00,5.824496598708472916e-01,-1.292435650269125214e+00
2.113934123585396563e+00,3.404028692812135937e+00,-2.025930385372264109e+00,3.239662345898074225e+00,2.490175134501585230e+00,-6.141238276275435837e-01,-1.072766892322520427e+00,-2.273551077461649417e+00,2.002067211946155556e+00,2.697092243179350035e+00
4.149106052352566354e-02,-2.588340586999521076e+00,-1.828117387082905720e+00,3.225844481912973905e+00,1.499691804249460247e+00,4.107223510545732204e-01,1.207595937584146739e+00,-2.171019667286232302e+00,5.319861877097786795e-01,1.153435146429004465e+00
2.550539266777308800e+00,-1.368980442789097918e+00,-1.967920355156958401e+00,3.271265130008618627e+00,3.561406070739714380e+00,-9.413297592373819356e-01,-3.219381463407177346e+00,-2.337453175165753017e+00,4.632918855591452889e+00,2.216728595791105594e+00
3.050749421638791148e+00,-1.651027436666226089e+00,-1.994788943673833304e+00,2.782029700017398355e+00,4.147581000709263499e+00,-2.119733620095741955e+00,-1.393136996661350935e+00,-2.358980611793322080e+00,2.244243820882884766e+00,2.639032226910048351e+00
2.337045341345984628e+00,-4.045082640651349593e-01,-2.089921600183131667e-01,4.741995929985344915e+00,2.238091060805332599e+00,-1.651206000585679234e+00,2.675885025111526261e+00,-2.217977750131493675e+00,4.113779436085929220e-03,-1.439934720756420372e+00
-2.900107227780237551e-01,2.501201908480834568e+00,-1.962255387306043986e+00,3.412074653104418154e+00,1.391555630030169688e+00,6.917473022734181853e-01,-1.753205838388888438e+00,-2.131201477095488350e+00,2.668683825251313646e+00,2.173148789663331470e+00
2.750658313816372047e+00,3.395732643580928745e+00,-1.981669369297426986e+00,2.811465982157361765e+00,2.947838088524579625e+00,-1.704094656573484468e+00,-3.206634217272708920e+00,-2.302078516549842302e+00,5.550081292902577346e+00,2.572072106499659672e+00
-1.919747643698391348e+00,-1.560717860821607017e+00,-2.049650345880678071e+00,-4.868453224852071770e-01,-1.806533767553394565e+00,2.353273267205654662e+00,-2.896273061133097571e+00,-2.969633400371172738e-01,1.089624337970913404e+00,2.701214536001391942e+00
-1.534928594334423968e+00,-3.107175269373418480e+00,-1.961243959592723130e+00,9.723729448573700251e-01,-1.292646634933444671e+00,1.559644160491843401e+00,4.981200301134705022e-01,-1.072898236399540961e+00,-2.077195025009797469e+00,2.066484982866359399e+00
-1.852088032430716069e+00,8.872124985912845929e-01,-1.993993966500629655e+00,-1.530780484736460056e-01,-1.690666088965687930e+00,2.246367702902499097e+00,-5.583623938146491383e-01,-6.502560055082360346e-01,-2.270415954763236766e+00,2.514837855025587210e+00
-1.684886425120667219e+00,-3.324168269148675581e+00,-2.021594052400085051e+00,4.273386542899187956e-01,-1.202633991545313252e+00,1.642950471737290918e+00,-5.842558324338282816e-01,-9.197351454738615928e-01,-1.726626431762742442e+00,2.375008391955371057e+00
1.921634439357964075e+00,-1.987779818436101076e+00,-1.932825327421592299e+00,3.927637588213449771e+00,3.429536080093201100e+00,-1.224157727818691477e+00,-1.848904058269548401e+00,-2.333261257642583075e+00,3.350629663789287171e+00,2.289048263831134467e+00
2.406906412747248147e+00,2.560796064636257086e+00,-1.981267574109005336e+00,2.784076816134227528e+00,2.458533526089910826e+00,-3.109683558408891990e+00,-8.222455307385727608e-01,-2.269909055393556141e+00,5.448469881113625624e-01,2.171669267829071437e+00
-1.842856271510986410e+00,1.959996765700742216e+00,-1.514728573531186395e+00,-1.330800925371322108e-01,-1.738984485477370168e+00,2.152741617187891698e+00,1.628611618376806902e+00,-2.459911504167334173e-01,-2.802871397273325460e+00,1.787409314260104409e-01
2.455004932221034775e+00,-1.523971960447528584e+00,-1.866651954742095665e+00,2.918479703513790380e+00,3.087809578625932083e+00,-7.062247062288262711e-01,5.462758425027054443e-01,-2.277487853988550803e+00,3.442616796560402648e-01,1.796191605894496224e+00
2.406861059958251392e+00,-3.082647028607646611e+00,-1.430165921669091178e+00,2.862330787069215177e+00,2.417267989905489856e+00,-1.005332469705618958e+00,1.638816141212582345e+00,-2.267501388321360167e+00,-3.807552798865569965e-01,5.727095283145183791e-02
-1.808658391313302749e+00,2.147874216507622336e+00,-1.989316488118922477e+00,3.147692617457066300e-01,-1.555570323599072102e+00,1.947348998920912955e+00,-2.638827083871425838e+00,-9.134279129556380772e-01,2.543602491305711588e+00,2.293838485606027877e+00
1.994894479903689399e+00,-5.517281407471741339e-01,-1.637700872525626350e+00,3.258316225404879862e+00,3.116162423964825123e+00,-1.065798644154823727e+00,1.341879368327733246e+00,-2.311174570485689195e+00,4.431790798761168215e-01,9.410438411916847157e-01
1.615488717798921003e+00,1.513601315857426854e-01,-1.877674320086152093e+00,2.605935798162561046e+00,2.168342128401116398e+00,-4.727280191694887002e-01,7.214353536123052635e-01,-2.242818441094253767e+00,-2.207367279545785210e-01,1.954390173343208303e+00
2.741281282597987534e+00,1.097199407059958887e-01,-1.944072621545752222e+00,3.123674495432748000e+00,3.237653491726294241e+00,-3.025667949021253023e+00,6.959895146232470964e-01,-2.318213161607679762e+00,6.736940381063261096e-02,2.285887616632366282e+00
2.873545613704576063e+00,-3.348749252877839755e+00,-2.122928713705296122e+00,3.296708852648329025e+00,2.414786270694797565e+00,-9.137602321239706171e-01,-2.307778664792917489e+00,-2.261567974497375122e+00,3.530987979808580590e+00,3.536176121093069113e+00
1.734719709451898462e+00,-1.131646355502397228e+00,-1.978361548634758771e+00,2.614564783545703541e+00,2.615984319005975500e+00,-5.827593213681740991e-01,-2.945065679359526456e-01,-2.271006070319232517e+00,8.206586642900345341e-01,2.300976202176328034e+00
-1.605621971849419571e+00,-3.248054447093075670e+00,8.433714476523126446e-01,3.411836016919801207e+00,-1.308689042552732884e+00,1.653630302355373338e+00,3.227842552568673362e+00,-1.160596646115461761e+00,-2.625510031356144136e+00,-1.744252200470778336e+00
-1.474458667943269630e+00,-1.679309643561142540e+00,1.604552369351517488e-02,3.568852521793994370e+00,-8.103751667009789772e-01,1.319991200152183630e+00,3.219807534209777167e+00,-1.401978884952521431e+00,-1.795718146388369352e+00,-1.731169135724877517e+00
6.423523014053749147e-01,9.013176978567392084e-01,-1.999073148861333804e+00,3.323944223874966131e+00,1.467891065432346487e+00,2.061461568751954410e-01,-2.114063674489893963e+00,-2.162271895847523329e+00,3.707016428033246047e+00,2.494744861824004012e+00
-1.302339908092299270e+00,1.147611929786449991e+00,-4.959340278196079643e-02,5.395854130948649185e+00,-5.518463991055283513e-02,1.061917577328182816e+00,2.917757575062019271e+00,-1.750558209543115140e+00,-8.244513527574897083e-01,-1.646806412223487781e+00
-1.353067438536952327e+00,-2.906251085460330508e+00,-1.914140341814793089e+00,3.530316717452980591e+00,-7.174544612198726634e-01,1.239126123131156554e+00,1.342186971793832839e-01,-1.552858601666952554e+00,-1.033202210360049556e+00,1.824149437763085579e+00
-8.595146932931923001e-01,3.270507979555333122e+00,9.865890940347328553e-02,3.743327188425777052e+00,1.234310001078907204e+00,7.651170049328444023e-01,3.203782089197988014e+00,-2.079537668471821643e+00,-6.745501540291539699e-01,-1.748184514331297512e+00
-2.097461705548947730e+00,1.961494937714934217e+00,-2.015548700029363705e+00,-1.415484643710662294e+00,-2.124395667613330652e+00,3.306868305941307540e+00,-2.873254542814721368e+00,2.040863937967375641e+00,1.985094773931938228e+00,2.693879400256211643e+00
-1.851779362320196798e+00,-9.036694561694087469e-01,-2.005470302759118528e+00,-7.515774724950464725e-01,-1.698892351357159658e+00,2.149515763962129178e+00,-1.043989045606941168e-01,-1.081765482466900963e-01,-2.438932858034786655e+00,2.259684184643009353e+00
-1.705717169505506003e+00,3.028408949031701880e+00,-1.912409627307093185e+00,4.507885446588439926e-01,-1.355111218912859350e+00,1.829000784225783605e+00,8.245115075961608753e-01,-7.856538664690609908e-01,-2.288903088887307646e+00,1.693809426393767303e+00
1.905762209716259648e+00,-3.336103465093192444e+00,-1.964861996456928495e+00,3.154590257642763795e+00,2.539484271782069591e+00,-2.878970336919897122e-01,-1.781723578357874649e+00,-2.271573406999020328e+00,2.735620660635773138e+00,2.368289697028521434e+00
2.321236731704816592e+00,1.260236642959696063e+00,-2.087810855407127519e+00,2.575572175138020281e+00,2.405803776239370695e+00,-1.336937981511799212e+00,-1.716937539671225421e+00,-2.228496532092116844e+00,3.906055246870824504e+00,3.248472169305225421e+00
-1.909516771850346739e+00,-4.154134236367656996e-01,1.337847573878054419e+00,1.308927503194196262e+00,-1.807305899807854166e+00,2.495169489938131591e+00,3.429222199326565246e+00,-2.173631302636732376e-01,-3.114145137318540701e+00,-1.821705992331688950e+00
2.287171488682458342e+00,-4.318488857382600798e-01,1.144653993074831733e-02,4.326108218632121805e+00,3.152298264149572482e+00,-2.727138372401852973e+00,2.922605316748488669e+00,-2.290579039635754377e+00,-2.451679491360381213e-02,-1.648903386879160271e+00
-1.820514130319446089e+00,3.205532310914991356e-01,-1.938446463290317334e+00,-3.465564187409023167e-01,-1.609509015076279637e+00,2.047344018538623800e+00,-1.847692312630761169e+00,-4.954228549068083187e-01,5.444845895376506650e-01,2.303374458362540178e+00
-2.022220192405619343e+00,-2.454621009140284027e+00,-1.971679722262950296e+00,-1.252551644239016104e+00,-1.984458133390334389e+00,2.846190913345897577e+00,4.344645070006425414e-02,9.820197199038629421e-01,-2.817198780841730255e+00,2.003016416068295502e+00
-1.836657028772175959e+00,-1.695457727149651816e+00,-2.118609079753718927e+00,1.035505169954222260e-01,-1.625385207574985058e+00,2.060700256425546328e+00,-1.635159989198664121e+00,-7.247945405185576284e-01,4.041267767970352365e-01,3.448260171883013037e+00
3.086100284780679548e+00,-3.360071450564631856e+00,-1.969347579567974904e+00,2.619986704167742708e+00,3.874098925240937685e+00,-3.347348559281424940e+00,-1.450226129386267715e+00,-2.355520754332646849e+00,2.708161790273400982e+00,2.209639013086456050e+00
-6.022123857294274796e-01,-1.004321247288775254e+00,-8.272302913926481427e-01,4.387047066703885889e+00,7.779094104336725657e-01,8.647401195370898463e-01,2.329657707121773669e+00,-2.074220593001981250e+00,-1.416217832606807558e-01,-1.117874424912597586e+00
-1.880924183520814141e+00,1.530866705911419601e+00,-1.963420318424720978e+00,-4.402882750508959608e-01,-1.762099573894954085e+00,2.375301279029929269e+00,-5.536287294135542325e-01,-4.533623322275679435e-01,-2.374712316318424055e+00,2.083454262952082026e+00
2.441616310442089155e+00,-6.737197391904676813e-01,-2.117778935495022719e+00,2.642787950451435552e+00,3.030526157848353996e+00,-3.137771597164482174e+00,-3.311543689131343005e+00,-2.309189786649188836e+00,4.175029478765037716e+00,3.380593675219855321e+00
2.794036060325221005e+00,-2.708140386451403980e+00,-1.000271910693126376e+00,6.898514440368441747e+00,2.762688507177406549e+00,-2.908833880693074470e+00,2.084618736645464487e+00,-2.269649168996672906e+00,-3.169771426195493458e-01,-8.072816363142965024e-01
-1.200761085435517961e+00,3.458437556119864809e+00,-2.107234650349044003e+00,1.924953518199302049e+00,-8.478273335310322345e-01,1.272914368733876422e+00,-3.212880638439655989e+00,-1.367638228168491343e+00,2.411729115879463592e+00,3.252765816786407971e+00
2.048952325251764073e+00,-3.452851164074048462e+00,-2.025733997915462936e+00,2.573661732880879960e+00,2.864419397428816794e+00,-8.158185850010024609e-02,-1.248346853058472483e+00,-2.293652117757189579e+00,1.030757381285068996e+00,2.543571010382254194e+00
-1.047457812295108814e+00,-1.558420350889136774e+00,-1.004579138999494026e+00,3.822553020909714050e+00,-5.611626140729731871e-01,1.091162103081973811e+00,2.080093336501862566e+00,-1.599129221213612340e+00,-9.903593637079858292e-01,-8.851406146329284796e-01
2.592967373088169936e+00,-2.984965073524756374e+00,-1.923745151351909266e+00,3.964391292951038537e+00,3.102767502040829406e+00,-1.294875957486000484e+00,7.573370648577819608e-01,-2.300657680821048157e+00,1.598145896929446530e-01,1.806382818016331271e+00
-1.934874161621435329e+00,2.420201142369282188e+00,-2.023554824358598125e+00,-8.125165768765676422e-01,-1.822908825496186491e+00,2.391458325040456856e+00,-3.184806659541676410e+00,5.215390106891482080e-03,1.682820060391732042e+00,2.887173735144683118e+00
2.133597401670303206e+00,7.822110923012486339e-01,-2.043094940705642681e+00,3.390918898917111513e+00,2.544017290168738565e+00,-2.565747651149798969e+00,-2.839404442498027148e+00,-2.264752283712091252e+00,3.845964684244158160e+00,3.094642957653330750e+00
2.585615957189795644e+00,-1.960806565965977910e-03,-2.022069145568746507e+00,2.468881496734806724e+00,3.250045005663442232e+00,-9.984864491287046562e-01,-2.027333705935250308e+00,-2.301863620242293962e+00,4.073211035946325609e+00,2.574231342471978934e+00
-1.301629031534941694e+00,-5.083889384131263789e-01,-1.958789723411688888e+00,2.321909516897135539e+00,-8.807822123070185860e-02,1.073228136527602850e+00,-1.541149669028240687e+00,-1.752758433292354479e+00,1.559658699002326232e+00,2.109347673206388496e+00
-1.050510317188880105e+00,-1.811292407801563753e+00,-1.898290380953114420e+00,2.301577588011907594e+00,-6.001030751761943921e-02,9.226540811442172085e-01,9.491760412941943059e-01,-1.778619042121016625e+00,-1.015819900252277197e+00,2.017571149443541767e+00
2.327785191868819936e+00,-1.241918054459302034e+00,2.935401858807486497e-01,4.840699645540283313e+00,3.367937418513287540e+00,-3.478339611286907385e+00,3.147882108769927356e+00,-2.320358040854180182e+00,-3.100043661225426739e-02,-1.725242678643851058e+00
-1.835837087287919944e+00,-1.450556302198893199e+00,-2.010778100330442797e+00,-8.852008951745339305e-01,-1.778299917213821191e+00,2.219247020236574386e+00,8.214267302897777512e-01,-2.210878386449566246e-03,-2.798275945756866445e+00,2.710376965529991189e+00
-1.967325803873881673e+00,-3.498654688561728676e+00,-2.144584600835543142e+00,-1.090243059436209139e+00,-1.924877853484682655e+00,2.603669253319896626e+00,-3.266656288757114890e+00,5.261222850509981175e-01,3.227131582978566726e+00,3.841546290236957262e+00
2.312525349990393053e+00,-4.584652506037016906e-01,-2.013157827804907818e+00,2.466399427869812033e+00,3.367524366204703856e+00,-3.424009611615622006e+00,-2.911980525515062368e+00,-2.323584172146252680e+00,4.973781458330725158e+00,2.305913985066584626e+00
2.828599014669425316e+00,1.055750399011325946e+00,4.178416458990486526e-01,4.269876798660783734e+00,2.333722275681502367e+00,-1.447008324088505216e+00,2.846964554953617110e+00,-2.224889136714258253e+00,3.151906003659311617e-01,-1.599439961681324185e+00
2.964446961869727559e+00,-1.822479006165228510e+00,-2.156090079960524264e+00,3.112337435477068759e+00,1.863613003380350630e+00,-4.427640467415159264e-01,-2.613067581159094654e+00,-2.192304362566427578e+00,7.246329621715271507e+00,3.977581450162339660e+00
1.478224469777014161e+00,5.686213902879941884e-01,-2.036560912697927606e+00,2.711159134463873244e+00,2.867486535199201381e+00,4.704935567718493417e-02,7.450861414679010863e-02,-2.296024235587033502e+00,1.201679255380786737e-01,2.581861426688827343e+00
2.480246246642803243e+00,1.325066630582758087e+00,-1.943970726562079365e+00,3.017304070574757802e+00,3.822140380905125756e+00,-2.469851385327998194e+00,-1.799025783880076723e+00,-2.341889699173469008e+00,4.956457099733169613e+00,2.044522425694270673e+00
2.101561673608664638e+00,-2.344937163701628080e-01,-1.935505860977208004e+00,2.546183655346002439e+00,3.446232334098131123e+00,-4.234259593120492937e-01,1.199430427271967581e+00,-2.305106377595793177e+00,1.070153707291055190e+00,1.825634625292735347e+00
2.621462518905516514e+00,-2.406190229581991691e+00,-2.084033470993839732e+00,4.827487345997055534e+00,2.497684597676689489e+00,-2.809526633944801510e+00,-2.433543997501873779e+00,-2.248599938825442290e+00,6.040767101978785192e+00,3.097788830039716501e+00
2.628674882814645564e+00,-1.171876939448520449e+00,-1.531919453336763715e+00,3.183185633080622523e+00,3.121801286402662079e+00,-1.964035173326144079e+00,1.556321714249173205e+00,-2.309228615008088958e+00,1.291871639492193080e-01,2.541152451513341015e-01
3.974241500661058080e+00,9.637015857168860222e-01,-1.935473635621503430e+00,2.825365939527196613e+00,4.013890686881461889e+00,-3.405132959871999265e+00,6.442456296585437059e-01,-2.352039056140404760e+00,1.683480487132347214e-01,1.754662565170922006e+00
1.832835793917396261e+00,-4.283518239164565422e-01,-2.040149779623861015e+00,2.934922859902050263e+00,2.280837922892131608e+00,-1.108640287064917906e+00,-1.703712476645312224e+00,-2.256772768417279362e+00,2.862516052286251167e+00,2.599683241496506092e+00
2.417082820406520227e+00,1.049264260658256731e+00,-1.937813591947419978e+00,2.546049499368894242e+00,3.661967667569202778e+00,-3.098073962151513427e+00,-4.081442692640382397e-01,-2.344203041842480406e+00,9.514665306336018702e-01,1.925931064006345617e+00
1.556505380061343757e+00,1.864318492371102032e-01,-1.887318331226990331e+00,3.266968031418936214e+00,2.037769772334387941e+00,-2.873005457470982904e-01,5.851712487120561690e-01,-2.229755456559435967e+00,8.007816643311826965e-01,1.722557073440797115e+00
3.389579700988282873e+00,-1.922270925819708376e+00,4.053785195769500360e-01,4.273296925313910144e+00,3.995312756634688434e+00,-2.811376263306916812e+00,3.389547027854950656e+00,-2.358736561029352252e+00,8.269399026546103704e-02,-1.807353447526443446e+00
-1.674265418724267374e+00,-7.726616033400097727e-01,-2.063316036170482093e+00,5.409364116256327737e-01,-1.488962376704149770e+00,1.819286235680076302e+00,-2.195916258462282222e+00,-9.801061361977846387e-01,1.095433323283025340e+00,2.891288741241665683e+00
2.525790832815805409e+00,-8.973820011323772050e-01,4.694887373048511198e-02,3.894943347025667801e+00,2.948358012407420681e+00,-1.919574005328452238e+00,3.151017146441009942e+00,-2.286955328314738356e+00,-2.171699930115128241e-01,-1.714893804151139456e+00
-1.951927610568626514e+00,-2.840725319356302236e+00,-2.378080785217666360e-01,1.189078678008872014e+00,-1.924764874394549130e+00,2.572844758301935819e+00,2.761723123946095981e+00,1.900229210385798728e-01,-3.117052980178639743e+00,-1.463372323749434933e+00
-1.195705252872494961e+00,3.286194709713938344e+00,-1.983486523551154290e+00,3.148730356277837927e+00,-4.382266280323885987e-01,1.118625367113931901e+00,-1.308801752205027480e+00,-1.705029181064041888e+00,3.727163950377501700e-02,2.109451220109788139e+00
2.944318278376932163e+00,-8.102052013340648173e-01,-1.227605404774173126e+00,3.774885502853240205e+00,2.745879939425286409e+00,-2.414634591352527337e+00,1.683912497050463308e+00,-2.287288386452730027e+00,4.056790562286014534e-01,-1.846357276806404601e-01
2.005333747207960648e+00,2.997326656788300348e+00,-2.020203983637634426e+00,2.959495530628332816e+00,3.120605713164467776e+00,-1.739977940880935048e+00,-1.320801021959756127e+00,-2.306364642831213452e+00,1.574739919499836827e+00,2.387491659571651770e+00
-6.279723648083648246e-01,-1.646721443407214824e+00,-4.441958754124207820e-01,4.270821061811447272e+00,8.290737491245143698e-01,7.345106665691769621e-01,2.558708639235464766e+00,-2.046901694076376899e+00,-6.568184100990852592e-01,-1.401402523393257882e+00
2.382322258775272150e+00,3.415919098146176225e+00,-1.958707502450340643e+00,3.165159827593526654e+00,2.733106125963408850e+00,-1.739458464116064862e+00,3.419791339579862921e-01,-2.223324129942444216e+00,8.845753226392150115e-02,2.207871665035113118e+00
-7.628185001102063545e-01,1.060735430495222786e+00,-2.087553232107916656e+00,2.694474050983520552e+00,7.955989640022714804e-01,6.940649293402891828e-01,1.415374780493325879e-01,-2.053628620195426802e+00,-4.230987921621200964e-01,3.129728845452714125e+00
-2.089742537237799791e+00,7.760826733137395905e-01,-8.598253300960819745e-01,4.385533004876980834e-01,-2.099816938046328740e+00,3.217357820404692426e+00,2.145763380663109565e+00,1.391100244874040159e+00,-3.244196917440388628e+00,-1.045520042038535102e+00
-2.119935063502162098e+00,-2.424444236433266120e+00,-1.989921921115435088e+00,-1.297122192157569298e+00,-2.151533290750009986e+00,3.430336951002741941e+00,-1.753606855012502796e+00,1.382763246478029284e+00,-1.373638027851953047e-01,2.449848938571568713e+00
-2.093129079613819332e+00,-3.040843577855754543e+00,-2.051366826670141474e+00,-1.114615474872013845e+00,-2.113604351477577303e+00,3.293798740285587279e+00,1.866681383768087343e-01,5.297231006958796895e-01,-2.970751325163810908e+00,2.738663835810245750e+00
3.026172849781580521e+00,7.223822834754187738e-01,-1.798363823076814638e+00,2.746329489777072030e+00,3.547331719083544499e+00,-1.427145927562765593e+00,7.350634377059348523e-01,-2.336046977526982538e+00,-1.200303638999615785e-01,1.490693015655768727e+00
1.626329985509568532e+00,-1.413459875595664883e+00,-1.826207113701935780e+00,3.116976023976861576e+00,1.872219290776678147e+00,-2.775898955388633738e-01,1.080075542224486540e+00,-2.184474939859967879e+00,-1.879210844328860486e-01,1.153579776464223716e+00
2.792675359193657503e+00,1.981024275805475021e+00,-2.098904275810846709e+00,2.463988051892382458e+00,2.328216573519700461e+00,-4.925936750681083609e-01,-1.682575545423200980e+00,-2.244353633109102741e+00,2.305804011041860502e+00,3.322081747973403498e+00
1.734206781575420520e+00,-2.681727269512911960e+00,-2.055486494137586551e+00,2.750157565674639759e+00,1.964987155804384544e+00,-7.663447618749419377e-02,-2.721925584832622480e+00,-2.222641739932037730e+00,4.512203408138171667e+00,3.018555571327235398e+00
-1.856799288404094916e+00,3.368373427257350450e+00,-1.732342542945855657e+00,-2.061565595613936708e-01,-1.728987523813067195e+00,2.261466707718668978e+00,1.165019428340918317e+00,-5.549865410704009072e-01,-2.783648283935456824e+00,1.106922049307671463e+00
1.712156759216435509e+00,-1.002939947045241365e+00,-2.011784477978953323e+00,2.940168903963926272e+00,1.968211416363492061e+00,-4.892859468457428918e-01,-3.236391049379610863e+00,-2.217774901360675344e+00,4.412363204186592114e+00,2.532423201178956695e+00
1.342332250340367406e+00,2.061018592153494922e+00,-2.008278714941504894e+00,2.739011848229541357e+00,2.960191328333837468e+00,-2.165893918371164517e-02,-2.935163379865394440e+00,-2.286312625703514456e+00,3.719914460901627695e+00,2.539573569088760419e+00
-2.057935809485484047e+00,-3.125838717511014053e+00,2.559622785173756299e-01,1.464814729819923667e+00,-2.036389021117904097e+00,3.094285256748419144e+00,3.088840441505725565e+00,6.974437669927828765e-01,-3.241981109507372949e+00,-1.709567888759802035e+00
7.123916874419633505e-01,1.793155478222812960e+00,-2.009931911870443955e+00,3.145970434681453209e+00,2.000363146694994931e+00,1.978285652340563416e-01,-3.466723826088172089e+00,-2.212409899711227812e+00,4.690245110463688860e+00,2.436209923003604061e+00
1.308137127761437757e+00,1.791862239299524262e+00,-1.069465618653276662e-01,4.038201647370663672e+00,2.797472452709655499e+00,-2.407808865729954562e-02,2.830729657519481357e+00,-2.267948905827625428e+00,-4.521448282022199616e-01,-1.571155830222105587e+00
-2.096941840878680186e+00,7.392975734040643232e-01,-2.023727843001501991e+00,-1.091868026188728136e+00,-2.118493391146368587e+00,3.273618793605144184e+00,-1.855272864730338922e+00,5.565067673741425081e-01,4.498321690371723802e-01,2.552146704704647551e+00
2.486770347246572310e+00,1.342011002179885892e+00,-2.038638988682856201e+00,2.698987511590746458e+00,3.040705539888645781e+00,-3.441490007601887946e+00,-3.483907879482891268e+00,-2.279740674224772778e+00,4.180407013223947033e+00,2.539167557595075397e+00
-1.355629940559741176e+00,2.391804667412250396e+00,-2.051704910615816058e+00,2.400479047014782097e+00,-1.086162991680050816e-02,1.164211680776228164e+00,3.132159979606106148e-01,-1.907718127412612485e+00,-2.846691818547433250e-01,2.687925098066745733e+00
-1.990093948638168353e+00,3.268226062056556636e+00,-2.002793188567120186e+00,-1.082344559785137328e+00,-1.977125002586738178e+00,2.782403270345832347e+00,-1.069260114018955932e+00,7.578458048747346298e-01,-1.805618021099847592e+00,2.400983164279817839e+00
4.100295404245422048e+00,1.619243485451596243e+00,-1.118697296358107440e+00,3.773644351215202697e+00,2.353238492906277735e+00,-2.989104443337245787e+00,2.017300281022176733e+00,-2.226912122965423180e+00,-3.915292189460034544e-01,-5.705450529892550637e-01
-1.974519686394953233e+00,1.342336305562218612e+00,-9.008914234292901835e-01,8.615116513677285592e-01,-1.877364376971343729e+00,2.566636525022865101e+00,1.968447795228399855e+00,-3.262099248146971275e-02,-3.034404883249774532e+00,-8.282275597265733591e-01
2.415168196561293890e+00,-3.404992716692497368e+00,1.149690266162664704e-01,3.941507185703001070e+00,2.250606019849004102e+00,-4.950061238063754310e-01,3.215904734274311672e+00,-2.215136942120355723e+00,-1.083013882765742619e-01,-1.753498444189306005e+00
-2.100155471468383883e+00,3.724401765253708696e-01,-2.052264724426098308e+00,-1.310670174570399693e+00,-2.119642622705055768e+00,3.282553364159383591e+00,-1.477514448455280682e+00,1.182568164723751813e+00,-6.631142333187101112e-01,2.703626148774033844e+00
-2.062319688060742173e+00,3.326188359284764751e+00,-2.082070832300590535e+00,-1.032452576415122891e+00,-2.064458989078517437e+00,3.067319667669483607e+00,-1.036507838770513779e+00,3.526699511408219467e-01,-1.985741392648779913e+00,3.048375947707401945e+00
-9.856114398988082836e-01,2.068128439933348162e+00,-2.029985815688463813e+00,2.262349525018831464e+00,2.820170614133001852e-01,8.270433511540682403e-01,-2.357916982047279397e+00,-1.932620487891264283e+00,4.430867461265565410e+00,2.623863494313596334e+00
2.651159420002755951e+00,-2.447313344869260998e+00,-2.047323511053270817e+00,2.598197612932124922e+00,2.694958145193638632e+00,-2.978641464985106957e+00,-4.400427759174583286e-01,-2.274171570654740737e+00,2.706993609204313977e-01,2.658837250876656455e+00
-1.591945754156642856e+00,-3.222361721995983252e+00,-1.700125409635187435e+00,1.971615244242597154e+00,-1.297542026950762484e+00,1.603395811303193419e+00,1.504085659895676663e+00,-1.188656346627458449e+00,-2.409442127704394032e+00,5.716302303871572121e-01
-1.222161353486276969e+00,2.962198270658110033e+00,-2.009971526038767387e+00,2.223824475496709141e+00,-2.869747522434634712e-02,1.013339036069384136e+00,-1.510240010276387990e+00,-1.820215756048720435e+00,3.404389312203270457e+00,2.565157967485653057e+00
3.474782450072154028e+00,-2.066095985140528057e-01,-2.053351704342649242e+00,3.680009040985159796e+00,2.707493038267591690e+00,-3.251143855221181767e+00,-1.174430149141694191e+00,-2.269108574727508820e+00,1.448440686560440671e+00,2.874857202368401587e+00
-1.012154018018133872e+00,2.876770918638259289e+00,-1.959905798179283565e+00,2.432706919963851799e+00,2.359623948160431972e-01,8.641618219362356967e-01,-1.706681789087161061e+00,-1.959115634390769412e+00,1.946059980808597434e+00,2.175701815090743452e+00
-1.660414944168941975e+00,2.103418868243132067e+00,-2.098322898557207772e+00,8.444689827563984785e-01,-1.380026337913929702e+00,1.726962694848957369e+00,-2.237625780958351296e+00,-1.005260535956211898e+00,1.049688042126570187e+00,3.326799845578949810e+00
-1.568486272744000765e+00,-3.349810112652189531e-01,-2.097648526282323012e+00,1.443733884877724805e+00,-1.316962413485644134e+00,1.649783092971150111e+00,-1.728555254769790661e+00,-1.208105776416926735e+00,1.601871538534332284e+00,3.219020590354709555e+00
3.764656985397874855e+00,-2.682450374243591007e+00,-1.979451396434121158e+00,3.664322056096585012e+00,2.758620629056435458e+00,-2.797745943499031718e+00,9.036825062272777487e-01,-2.272576764615726219e+00,1.076916752412315992e+00,2.067640237077177368e+00
-1.946530115509235825e+00,-2.309878670315340443e+00,-1.996280021649855074e+00,-8.699080448402589649e-01,-1.879103327766608045e+00,2.566275999783525386e+00,-1.414871271325924162e+00,5.532748068835696698e-02,-1.223381240444152418e+00,2.628041512081265907e+00
3.548017030391110715e+00,-1.606549629612007202e+00,-2.020314857078286508e+00,2.586855835343005783e+00,2.646661878072792629e+00,-2.847457212879343835e+00,-6.534744315891938271e-01,-2.274793295708209762e+00,5.200069420634969575e-01,2.547796765320837320e+00
3.088264670939217194e+00,-3.089895085898924698e+00,-2.057417701958157874e+00,2.762042369694978294e+00,2.299561601567392088e+00,-1.251688312717428531e+00,-3.095982664276041518e+00,-2.237470231138401822e+00,4.714320302738588708e+00,2.834632812995470097e+00
-1.302558118027224321e+00,-3.454625504825605375e+00,-1.996433439143931565e+00,2.583932421025265214e+00,-3.400978412599832690e-01,1.197744071742352645e+00,-1.480252905282033460e+00,-1.665623221470521997e+00,1.224429261684068404e+00,2.285846874858305178e+00
-2.045166265534943406e+00,-9.184320443793758670e-02,-1.982162701681468242e+00,-1.199566948651369813e+00,-2.057123769828772542e+00,3.005216853028904289e+00,3.892015498367396020e-02,8.933245371951281655e-01,-2.810051891498364096e+00,2.309057095980444618e+00
1.672543422108601074e+00,-1.918238791133391352e+00,-1.228297500718702917e+00,3.655553738622517201e+00,3.049155194243718281e+00,1.342050444044140534e-02,1.829049083444884261e+00,-2.309304539353723040e+00,7.536806322521105717e-02,-3.710188342650310167e-01
2.312648388492424711e+00,2.176692192447521990e+00,-1.106198828048300831e+00,4.042934125523101052e+00,3.231083061483676744e+00,-1.246583820518224694e+00,1.731262910954697531e+00,-2.309280062765964203e+00,-7.774838231259073584e-02,-1.429129232219178147e-01
2.474612254276294276e+00,3.125679632873566760e+00,-1.905742851221882583e+00,4.316729524968119236e+00,3.013393277920181745e+00,-2.670742995679311171e+00,4.700135534112486191e-01,-2.294934996816018646e+00,3.723750343690238052e-02,2.066609743695779766e+00
-1.944865914739238644e+00,-1.999550509165080925e+00,-6.747783029075329342e-01,1.180410528047978636e+00,-1.854644418088022162e+00,2.441609456406792944e+00,2.103000349733963326e+00,1.321061395618594592e-02,-3.024805392688687089e+00,-1.023043980621538340e+00
2.351342147369489322e+00,-1.093769707013310555e+00,-1.973091347683289420e+00,2.784470187409710196e+00,2.783307565716360177e+00,-2.621233991272207575e+00,-4.721881300142865001e-01,-2.273116643253452640e+00,2.052996205411223851e+00,2.075009586077480428e+00
-2.116960296592816704e+00,1.061225520794739197e+00,-1.757654002046512121e+00,-1.166155811364148587e+00,-2.146903896572483816e+00,3.407650541558536972e+00,1.106547583333722606e+00,1.270906252430048511e+00,-3.178929134720017036e+00,1.151334060746502352e+00
2.429452264129779770e+00,2.035810113524445519e-01,5.465655436075019802e-01,4.279350314454240412e+00,3.873280074144582752e+00,-2.745761295538295510e+00,3.178954507248456629e+00,-2.350691143962225116e+00,-1.986628660187479134e-01,-1.745249445242446296e+00
-1.658706251328293968e+00,-2.573532650068903749e+00,-2.032566412913687781e+00,1.851313864899788442e+00,-1.293022436228626004e+00,1.640174582724442942e+00,-3.067169736316691875e+00,-1.169072964805919490e+00,1.559618353188224615e+00,2.506900704993667350e+00
-2.048049378725155023e+00,1.743836511232781383e+00,-1.478165970857673317e+00,-5.731812241247026263e-01,-2.024777156648602361e+00,2.960108511418496846e+00,1.667438272780607633e+00,4.048844480097856247e-01,-3.137765237840927757e+00,2.971469087437303425e-02
-7.743848704739366706e-01,1.011537542573179849e+00,-1.962951182845918963e+00,3.092977153667821444e+00,6.394846920488520547e-01,7.564069612693620215e-01,-3.094991808064880612e+00,-2.046600343546965739e+00,4.016901233288862727e+00,2.342239185554369829e+00
-1.974402046396957822e+00,2.120289498676676487e+00,-1.915801044269210607e+00,-6.992751438310239598e-01,-1.852687523487819954e+00,2.549705277749139576e+00,4.693849452990050963e-02,-1.756789205818295452e-01,-2.716453750204919970e+00,1.992758171970279379e+00
-5.671133082268380310e-01,1.645407287957574738e+00,-1.629631366767199330e+00,3.180073914508915855e+00,3.024686256187283373e-01,8.494264312118762206e-01,1.604956936866853923e+00,-1.923139696757469652e+00,-9.033613227397754297e-01,3.479191364144483822e-01
-1.303394040000384502e+00,1.078346071486786073e+00,-1.837178334288497528e+00,1.987457228768710671e+00,-6.944919626867374074e-01,1.262760349320406483e+00,1.113894607434469108e+00,-1.573030311047596719e+00,-9.457892604941735559e-01,1.312410271800345418e+00
-1.630035469661056613e+00,7.242769863674327624e-01,-1.980235792456705557e+00,1.333408220456123727e+00,-1.211576258298670883e+00,1.526025298838989741e+00,-3.153922709621626019e+00,-1.218204917451255698e+00,3.466060099577241704e+00,2.279518586524780233e+00
2.691068780945696126e+00,-5.171229411908706552e-02,-1.837230840177845326e-01,4.836057276353176171e+00,2.371873015263738171e+00,-2.200586860915919374e+00,2.529387601045217870e+00,-2.241017571965558286e+00,7.106088619142181262e-02,-1.429800968299876684e+00
1.836187589135932718e+00,2.498068084553560553e+00,3.245483726842837147e-01,4.471417289588642596e+00,2.497363396100376054e+00,-1.080594365314616390e+00,2.907855257965974438e+00,-2.267959840681769368e+00,4.862793426806476527e-01,-1.632109980972477947e+00
3.604025898272786854e+00,1.025158096792468498e+00,2.043631143974438125e-01,4.146593424832929031e+00,2.496321148708430915e+00,-1.649659586115925780e+00,3.311272926784180726e+00,-2.255800034486128425e+00,-1.547954389082043525e-01,-1.781550193333866661e+00
2.457383936039236438e+00,1.115877984009181034e+00,-2.150217577459637042e+00,2.432886221974869922e+00,2.145322177515564199e+00,-5.630241652221217308e-01,-3.356415399413424705e+00,-2.233709868308927149e+00,4.410658952853165005e+00,3.799052835019224084e+00
3.023386409445828704e+00,3.442412043608078065e+00,7.946539612983719580e-01,4.924687464468228804e+00,2.323743481221100193e+00,-1.620792771746753624e+00,3.215730181714153701e+00,-2.246100732960817137e+00,1.889979326825854677e-01,-1.750452752855999439e+00
-1.927428401394076340e+00,-1.055757161103223041e+00,-1.896963251261609029e+00,-7.825371186955574210e-01,-1.795970298632481255e+00,2.370453641563644354e+00,-5.167289817904645588e-01,1.099925827884240537e-02,-2.077031490059424890e+00,2.036981564732482486e+00
2.206421720218034732e+00,2.932120897578865737e+00,-2.090782082087810245e+00,2.694366526532713024e+00,2.474481725265716303e+00,-2.572456127156322658e+00,-2.468992155837899105e+00,-2.242973938414905888e+00,3.846923781160855871e+00,3.189570983152402839e+00
1.398388090004414774e+00,-2.145389304699844679e+00,-1.717296023544566896e+00,3.017754188790996217e+00,2.144115152044220984e+00,-2.020309569286649065e-01,1.412252018417887278e+00,-2.191080346424268299e+00,4.625909872595138639e-01,1.097934521126783913e+00
1.221564753399454917e+00,1.189170949204015670e+00,-1.927901887219599875e+00,2.545094242586431132e+00,2.754776857703584270e+00,-2.225958045550009423e-01,8.569167114835387622e-01,-2.270645534349786221e+00,-1.018159408473933714e-01,2.087594861832974047e+00
-1.802594679928614996e+00,-3.668214095529283014e-01,-2.015397819854207295e+00,3.239070189539272615e-01,-1.509933919184659912e+00,1.947909210810861325e+00,-2.762605633083933476e+00,-7.742922258269084868e-01,2.213395220174573907e+00,2.400792815088982124e+00
2.578470254413410601e+00,-3.093021833496276685e-01,-1.820017657333667493e+00,4.405998150304307082e+00,3.299170773372263277e+00,-2.441955716172361512e+00,7.381795412564198244e-01,-2.319832610215113000e+00,4.027920281735205554e-01,1.418691947798333519e+00
-1.503568084767830326e+00,3.301900096471174884e+00,-1.962283805927037772e+00,2.130949029338615297e+00,-5.896017814254645995e-01,1.384859568795968165e+00,2.910045807823227193e-01,-1.627527492551774646e+00,-8.674436618961967049e-01,2.438954017580738931e+00
-1.219300314119649231e+00,-2.176607691220361129e+00,-2.043889970594465755e+00,3.993832536532822441e+00,-1.066875700100331503e-01,1.060848476939947993e+00,-2.290395645000699254e+00,-1.850721704365637654e+00,3.414057404132501361e+00,2.995560764141972143e+00
3.476634249576472602e+00,5.525036785295451836e-01,-1.789078074866645940e+00,2.494060010090901613e+00,1.981870203250617912e+00,-8.762217573274115878e-01,1.377714001756999984e+00,-2.212031011234423694e+00,-2.151420636732644942e-01,9.816692361745453788e-01
2.148403775371625635e+00,-7.016308314420021119e-01,-2.055791753381518649e+00,3.304929880243304474e+00,2.680025061759590876e+00,-1.121843928409996138e+00,-2.580461540644241047e+00,-2.258628821613157367e+00,3.987602090729356785e+00,2.876777357548601532e+00
3.685229105817270367e-01,3.099420169837598493e+00,-3.924983312200092112e-01,4.767156960757430006e+00,1.398219063955303820e+00,3.384928710899868243e-01,2.426774618670116013e+00,-2.149469233011677360e+00,-3.881927853166927678e-01,-1.298015101615013656e+00
5.345662038957857964e-01,2.064764687168672452e+00,-2.011565996543080548e+00,3.347508677588574066e+00,1.358208260424808911e+00,3.016225430549499542e-01,-2.640352337865991661e+00,-2.150432011514202824e+00,4.921400736601539982e+00,2.306932696082543366e+00
-2.088947178519668935e+00,7.604164470045065016e-01,-1.984380149627269496e+00,-1.089821210590598888e+00,-2.069852398337339139e+00,3.201283909985858323e+00,-1.391425644955156748e+00,7.147355853735752884e-01,-9.729045556190677457e-01,2.129567145721222410e+00
3.416877452661220005e+00,3.429145505950113915e+00,-2.063579313146335803e+00,2.994914259772068377e+00,3.014673283825731076e+00,-3.404954330909070848e+00,-8.717162873588417682e-01,-2.302628370093191990e+00,4.968786685166080574e-01,2.901320976823289932e+00
2.558330590170736940e+00,3.454005884381845526e+00,-3.825547714371253516e-01,4.567852414765712687e+00,2.254733523247166360e+00,-1.426120952533785236e+00,2.551870642920613719e+00,-2.209775828296859590e+00,-1.885540132111546141e-01,-1.393886047218513502e+00
2.873680392451166909e+00,3.338149546967686732e+00,-2.126207109143900542e+00,2.791611176833864061e+00,2.487652814833646087e+00,-1.149036594771877695e+00,-3.236230169010385627e+00,-2.264474978465662147e+00,4.669906665473564367e+00,3.470816809744484921e+00
1.711186612972564358e+00,2.308883642337717923e+00,-2.018072341236961442e+00,3.547856085097664369e+00,2.222925271362004906e+00,-3.019683779967943238e-01,-7.528114590644210402e-01,-2.218019637806646127e+00,6.405038675009426807e-01,2.603461842659496206e+00
4.230217284048276571e-01,1.310698801624575971e+00,-2.593373338981211362e-01,4.957392939386005892e+00,1.405165777383111880e+00,4.154592626931599142e-01,2.620189536567614219e+00,-2.147735576355420672e+00,-7.302298893689228576e-01,-1.468174730836518727e+00
3.091792379940875080e+00,-2.660810438975497849e+00,8.412049315679227812e-02,4.181590235097869090e+00,2.560182798861999842e+00,-3.390777670979513658e+00,3.189469085282037319e+00,-2.278003049888285503e+00,-1.143636918077584053e-02,-1.739084166761166950e+00
-1.659774355013902580e+00,3.072725883503185429e+00,-1.699594189760258667e+00,4.204341328282722445e-01,-1.507657845872178326e+00,1.792109749387718054e+00,1.498433236244675726e+00,-8.315925790988245581e-01,-2.608020527121020837e+00,1.150438016130201468e+00
-2.053873508332141551e+00,1.482027325231698889e+00,-7.406975656950915976e-01,7.875222164344696241e-01,-2.058596982276789333e+00,3.016990138891971540e+00,2.383755661632674716e+00,7.540939174259629896e-01,-3.242368562289730249e+00,-1.069975769113259645e+00
-2.168935016821669226e-01,3.373922585071348124e+00,-2.093491939657285084e+00,2.808557964807893104e+00,1.008633286222857084e+00,6.862738222719517722e-01,-2.234667454936869913e+00,-2.088951843020045995e+00,3.130516735139261542e+00,3.115145115444152069e+00
