8.757136764969237763e-01,2.455433490904578520e+00,-1.753897570863745647e+00,5.833506246678754614e+00,-1.138226877079121291e+00,-2.252646172295281524e+00,-1.316829901506282319e+00,1.389901868114684191e+00,2.230136089090404283e-01,1.526391522702330139e+00
5.302023060456512837e+00,-1.015614245473326793e+00,3.175263718353366293e+00,-9.546272520028433739e-01,1.037203104358380479e+00,-2.617724896719862748e+00,2.661459622455124574e+00,-3.172457483215552987e+00,3.236871922261819634e+00,-1.307475529263559810e+00
-8.013430878431671012e-02,2.053610576710304780e+00,-2.106948566813028112e+00,5.965262068948709029e+00,-9.223092211161643128e-01,-2.017161505916215791e+00,-1.250877154791405932e+00,3.486178403390534974e+00,1.231682308641842916e+00,1.633714913363214727e+00
3.080816798151886360e+00,-1.695439496204316443e+00,2.967591035240924491e+00,-4.671473387035028679e+00,3.200086112671324479e+00,-2.508201762192955542e+00,2.288043989785865762e+00,1.988800452057070345e+00,-2.154787277250723054e+00,-2.140090350273797348e+00
2.488282069014650766e+00,2.601542130807213749e+00,1.574228026537450198e+00,7.672866261008254085e+00,-2.517544537111484182e+00,-2.503231583054915443e+00,-2.059234021222722699e+00,-1.880327543074781005e+00,1.829311932089594528e+00,2.248675014468566768e+00
4.275074140815966039e+00,-1.610020620400527847e+00,2.570959870128864289e+00,-9.889751678426230708e-01,2.590610808509054230e+00,-2.606177274377703856e+00,3.172092052449231758e+00,-6.922814510137254018e-02,3.367992380608161085e+00,-1.992690393939748450e+00
1.054915029677233163e+00,1.482901495444307383e+00,-1.637186628895467511e+00,-1.870877486225684949e+00,-1.847436830840267774e-01,-2.332265871853823391e+00,-3.597292013319607906e-01,1.708708616670215896e+00,-2.444993993158457002e+00,-2.420529551430730397e-01
1.546385663774265895e+00,-1.553167256372619098e+00,-8.903313822356515583e-01,-4.860714144979003670e+00,2.106375263857509950e+00,-2.358835879121244705e+00,2.026003053253397912e+00,2.378645669500199844e+00,-2.364237328100193825e+00,-1.883591855710068153e+00
4.471210970222817771e+00,6.049011961590575748e-01,2.626779537607409676e+00,-3.698054935132006449e+00,1.433423568584339947e-01,-2.598751244562215845e+00,4.359864344583432860e-01,-1.897998268605902039e+00,-2.697233087998082368e+00,-7.458346779403276505e-01
5.189789255038561144e+00,-1.241927400003777882e+00,3.158152828583802307e+00,-2.162698031527810372e+00,1.252156710832721842e+00,-2.625742659206516727e+00,1.717112437950134352e+00,-2.562357765079042782e+00,-1.464669712117664169e+00,-1.485565958368412431e+00
4.666326131043752046e-01,-1.204341659405006482e+00,-1.930181204010985807e+00,-1.913737219025897662e+00,1.544428583081417727e+00,-2.174528786120262680e+00,2.428886179058422190e+00,3.017536147970086624e+00,1.371819529320401188e+00,-1.641143737930753632e+00
1.611230185776608259e+00,-7.649709095616074039e-01,-7.630874474835767085e-01,-1.439769307060285275e+00,5.741385445257503051e-01,-2.328689773636077209e+00,1.218888031610978917e+00,1.195331591613138400e+00,-1.170562074512833561e+00,-1.165989094352111621e+00
1.049540449184619861e+00,-5.512084647611936727e-01,-1.332152853238774970e+00,-5.016537399510434980e+00,2.616126061430747995e-01,-2.312949800349074714e+00,1.737126219098640512e+00,2.633994238804579169e+00,-2.831803691139637813e+00,-9.723594540487684457e-01
5.091725509768878055e+00,-1.424894539729950615e+00,2.368955804795223496e+00,-2.030052241352995335e-01,1.810309370256500294e+00,-2.628359082018070669e+00,2.132681159883631494e+00,-1.873317919889784910e+00,9.093130882764182132e-01,-1.731273314086379633e+00
2.329713859170973400e+00,2.405037478896065117e+00,1.599896575745483940e+00,6.729438281622431184e+00,-2.758646749685455202e+00,-2.455007761997444860e+00,-2.122035795790199852e+00,-2.599123702157361215e+00,1.925967467260845112e+00,3.761090062402632661e+00
6.511843884294078677e+00,1.444338580931222804e+00,3.206736346745574728e+00,1.106792630709661163e+00,-1.847970645733978401e-01,-2.657557911602633105e+00,2.436008094360458398e-01,-1.047723700849702677e+00,-6.647095680173387144e-01,-2.371446724686888108e-01
3.106661244278621226e+00,2.285252119756389977e+00,2.053585493734135348e+00,1.012610454218933143e+01,-2.195673596712680364e+00,-2.473920395586654219e+00,-1.961566711495170479e+00,-1.731100458825739929e+00,1.167718648052869845e+00,2.017807982779700193e+00
6.219015375433961879e+00,-1.388732947887785452e+00,3.723628660568373938e+00,-1.165159956044947265e+00,1.658427239902707129e+00,-2.661132362714025756e+00,2.573548203672934243e+00,-2.990721407480866567e+00,6.232178584572816149e-01,-1.705146706593925643e+00
4.710593047603715000e-01,2.677149763903233559e+00,-1.925840746409331894e+00,9.207650509294316166e+00,-1.984147519029396900e+00,-2.209292995643888702e+00,-1.896051637475463014e+00,1.011353721875507539e+00,1.005508095161251170e+00,2.764686390854769193e+00
2.892995541399017156e+00,2.696063621732725402e+00,2.270680266413081849e+00,5.890670152938935367e+00,-2.553472786161835373e+00,-2.539023748282774662e+00,-2.031470001159523697e+00,-1.741516269477282775e+00,-5.468250479267768860e-01,2.425283184134115810e+00
2.550266834880216216e+00,2.580670467102029075e+00,1.498041267724566028e+00,5.748896930267201277e+00,-1.231012945447501394e+00,-2.499603965657038351e+00,-1.561231736302588935e+00,-3.484287153933207648e-01,-1.603036102958599329e-01,2.064676336535033130e+00
2.299942824272656505e+00,3.056321818699447412e+00,1.125894132168551387e+00,1.315206398623223549e+01,-2.452275929714217817e+00,-2.488721521455351748e+00,-2.047634821389367588e+00,-1.481896126414263826e+00,2.204647253339960145e+00,2.289495456925708883e+00
-1.334664072234510002e+00,2.453741192991049314e+00,-2.379319476374497366e+00,8.438555190822361496e+00,-1.943750282238886573e+00,1.188681166742440842e+00,-1.816345693444305853e+00,2.948345458933138374e+00,6.098540332838311429e-01,1.596983713464331878e+00
3.538993490318959267e+00,3.492914527815781156e+00,2.258425609658223809e+00,-1.194068826137737682e+00,-7.945771321189663006e-01,-2.576147581068101822e+00,-1.063137077051086399e+00,-3.485358514557916898e-01,-2.839983278125532973e+00,5.515128084810199116e-01
1.140611654325488500e+00,-1.641644788663020549e+00,-1.165097835321577069e+00,-5.813753101880337226e+00,2.818189328705832608e+00,-2.310035223357193690e+00,2.632630479332241702e+00,2.658996810619999707e+00,-3.291024068196923835e+00,-2.045967814544634500e+00
6.392712474404347311e+00,2.152443747157548160e+00,2.731431439919187909e+00,3.071048076041966723e+00,-3.503500706214071059e-01,-2.668796201544662683e+00,-4.285653635385582305e-01,-3.191885463947647050e+00,7.876132587794826279e-02,1.354271554702134173e-01
4.192605867923454355e+00,-9.497685904197645801e-01,2.506589055533561705e+00,-1.426879285513807716e+00,7.914442051889265528e-01,-2.583107488182233791e+00,2.188609811233379610e+00,2.506134377204971564e-01,3.126187655596655013e-01,-1.264759709406100718e+00
4.511569270135302290e+00,-1.659491726678439028e+00,2.653899288957928260e+00,-1.635988484415639599e+00,2.816440082217889440e+00,-2.620256174983340181e+00,2.404367376155664537e+00,-3.308865250129606750e-01,2.213176614560202538e+00,-2.069787273478297163e+00
1.557729419880161004e+00,2.420304904276574298e+00,-9.130940612415632263e-01,9.563501250789427033e+00,-2.805037547487183147e+00,-2.400308605866465772e+00,-2.102373115051847208e+00,-1.217176153564413887e+00,1.613057755362246937e+00,3.040264765853922579e+00
5.946422180529222778e+00,-1.700769236340577306e+00,3.787075563076256479e+00,-3.983285894447577746e+00,3.288663474227242034e+00,-2.651541560840154244e+00,2.566553258703272000e+00,-1.398673793897711626e+00,-1.922319571143598527e+00,-2.155332550793480628e+00
7.416437162688442442e+00,-1.178962678154773736e+00,2.666584946867839090e+00,-2.836279034399293852e-01,1.071980250585563788e+00,-2.678995272798002425e+00,1.895137413998049691e+00,-1.632482893684418013e+00,2.055179294994421646e+00,-1.411534860378402145e+00
3.042039026953747616e+00,2.361691653156245962e+00,2.493941675962697779e+00,7.397063634740129956e+00,-2.303632904047684171e+00,-2.545654488987703967e+00,-1.944471503219378228e+00,-2.103293265664040401e+00,9.038093671760227821e-01,2.587157015195170828e+00
2.774430314768810746e+00,2.401454434510638336e+00,2.613885548199323505e+00,1.938051227095180407e+00,-9.929348312133248200e-01,-2.479603172885448625e+00,-1.392622371832864747e+00,-5.157297124920923181e-02,-1.867103122077676147e+00,1.023977835755596422e+00
4.880734605851385410e+00,-1.449726202764949567e+00,2.493539193356122396e+00,-1.833342426520821578e+00,1.754802988529193364e+00,-2.626645639934551024e+00,2.076721370004044331e+00,-1.084035602753806948e+00,1.111137522980008008e-01,-1.767958067440685843e+00
4.698948596242614961e+00,-8.670345787222391021e-01,3.052589887189880891e+00,-3.500572932369903079e+00,7.548146810082743130e-01,-2.592550557748797502e+00,1.602104288556713385e+00,-1.185796292242101480e+00,-1.819806385173250884e+00,-1.281544191136172905e+00
6.836609043892137194e+00,2.481104641707636116e+00,3.810282835341631369e+00,6.016133321413971835e+00,-1.224669396941532540e+00,-2.673693325354819628e+00,-1.437105996574551181e+00,-3.036549792741031872e+00,1.552060096140362333e+00,1.437077119553450633e+00
2.288670669071489083e+00,2.747278873007741318e+00,1.615173541421890402e+00,6.817592945918788949e+00,-3.231022014690856814e+00,-2.492113513008061165e+00,-2.216316166032963775e+00,-3.402944675873511571e+00,-1.386941214315617454e+00,3.114761138522124995e+00
4.887585347714491490e-01,-1.087393911727461360e+00,-1.941944916958707523e+00,-3.865345854438564377e-01,9.399184057013449944e-01,-2.175505045204509713e+00,1.561833408955993541e+00,2.881597290830836045e+00,-2.278903473771221044e-02,-1.320963656164225508e+00
4.482205561907257163e+00,-1.694465982467760368e+00,2.711064063635186372e+00,-1.576264110749353797e+00,3.212644880371642309e+00,-2.595110968160840859e+00,2.288983008209970027e+00,-6.036909983098768251e-01,2.787373973205514943e+00,-2.136887584647984006e+00
1.690094863157779237e+00,-9.488360852730540751e-01,-6.530474551360083701e-01,-1.272854025692203184e+00,1.069532219038435983e+00,-2.359940655669759746e+00,2.342457834514170223e+00,1.239311775312003761e+00,3.411529692297940564e+00,-1.332718081116629705e+00
5.113996717849265572e+00,-8.758415854182157734e-01,3.740440541290539933e+00,-1.065403935222742904e+00,9.454121152249470583e-01,-2.632782624865759313e+00,2.022334361790727897e+00,-3.332072449519585255e-01,3.205290578309564431e+00,-1.251923917084340587e+00
5.922148013392870780e+00,-1.715242441347649249e+00,4.452566726408027975e+00,-1.181324068317185727e+00,3.467096973745213084e+00,-2.658903517515566861e+00,2.415825914879437430e+00,-2.095536305201020522e+00,1.893264776316885722e+00,-2.184823345031214892e+00
3.185663720116004294e-01,-8.004754246629737224e-01,-1.975879895888949633e+00,-4.454469834232482661e+00,5.729523060697401249e-01,-1.986961858926554969e+00,1.413687622675565692e+00,3.006326306898832179e+00,-2.546577146323738994e+00,-1.187107469405236815e+00
6.012685956320424907e+00,2.180800918409698586e+00,3.401150731667300420e+00,5.569248806922647788e+00,-5.994198824154182148e-01,-2.657228014970972385e+00,-9.169654624874084003e-01,-2.641366116657832830e+00,-2.243703028086394546e-01,1.286370596549738288e+00
5.072921504338895993e+00,1.546090604830015591e+00,3.050121531845363165e+00,2.218590800325426660e+00,-1.771174839811098245e-01,-2.629779956565265309e+00,-3.489462337585898521e-01,-1.303733966770872499e-01,3.277998617326208119e+00,2.003378309931056478e-01
8.302942335885584058e+00,-9.337916602178930603e-01,3.001216996635652556e+00,-2.068335398511695011e+00,8.645707079230771086e-01,-2.702058139499087464e+00,1.782828433172837013e+00,-2.857903324554589730e+00,-1.028932856355546210e+00,-1.253606461407041239e+00
5.914028278471685773e+00,3.146810720862537103e+00,3.589688208109155454e+00,3.564492738591267695e+00,-1.133946696127758003e+00,-2.660907376277426017e+00,-1.316865149551983416e+00,-1.895067342143818667e+00,-2.383524159872193238e+00,1.189165512004618064e+00
3.398100415860042744e+00,-1.227142885732884103e+00,3.059474704268400735e+00,-4.354902141561046491e+00,1.223266255813144632e+00,-2.551820396425005466e+00,1.668319349173162935e+00,1.297904528954403780e+00,-2.160812109879138632e+00,-1.556474490685544110e+00
2.216269214891490869e+00,3.100627829261019652e+00,1.277215844230222608e+00,7.308816932943368982e+00,-1.279587805514927457e+00,-2.457468559383754858e+00,-1.368450284279979723e+00,1.848877748808699373e-01,3.454382544445948611e-01,1.217039316653695247e+00
3.424869810602412468e+00,-1.496404201684336632e+00,3.079851142298931421e+00,-5.663649776713693740e+00,1.948418374181363433e+00,-2.527584785610156537e+00,2.317290309079213628e+00,3.503815649341976979e-01,-3.348087319092365455e+00,-1.780967572394890786e+00
1.632543074622777146e+00,-1.687806271546937520e+00,-6.366208564163413630e-01,-1.598846308538549588e+00,3.146997374155194649e+00,-2.361575471879458377e+00,4.120052035895054310e+00,2.325672027342296388e+00,1.891830082838384719e+00,-2.123754909114294431e+00
5.333892568853448424e+00,-1.122187899348249918e+00,2.443314054481527720e+00,-2.038592582409558318e+00,1.137688068650310136e+00,-2.645383210536609742e+00,1.656702642148836002e+00,-3.074552905875978404e+00,-7.520168368209003695e-01,-1.494048323428034841e+00
-2.873407622720439036e+00,3.523809681795563975e+00,-2.518185380725570521e+00,4.970586803933863429e+00,-3.404998550715231165e+00,2.424835668228025654e+00,-2.246441366609376988e+00,2.833786955167475696e+00,-1.936492495180400564e+00,2.722340348276143907e+00
3.301471294661271649e+00,-9.711876872106423031e-01,2.193491408867876746e+00,-2.996465826633825102e+00,8.599226688266865537e-01,-2.524228715481080965e+00,3.315929845565732226e+00,1.058592937983710236e+00,-1.458823244022125820e+00,-1.208656933078035234e+00
3.412527697713839459e+00,-1.049886020544688492e+00,2.221546470214461166e+00,-2.190765873422253485e-01,1.215617415850525518e+00,-2.572307919519262853e+00,2.078282640688857263e+00,9.863512818827517847e-01,2.122008562040274882e+00,-1.335021980997389335e+00
6.919556894819400839e+00,-1.694777469716244100e+00,4.778062289390481610e+00,-5.723504140648203453e+00,3.303615017497659956e+00,-2.680534236413387283e+00,2.327158076285363641e+00,-3.288542598451305921e+00,-3.239732005739646592e+00,-2.147425805129256293e+00
6.386530614762264690e-01,-1.636152235079036732e+00,-1.819101413042577553e+00,-1.865649177825272620e+00,2.647354299430238811e+00,-2.152168138862167623e+00,2.765068789958711193e+00,2.870508317587335156e+00,1.899245974637763013e+00,-2.022256087780472278e+00
5.478757816585053675e+00,6.206294185652176942e-01,3.459837372893799667e+00,-1.975176070069240009e-02,6.737063703930079583e-02,-2.614643138094318253e+00,7.855605624069761372e-01,-3.304126061884485210e+00,1.836078387918173682e+00,-5.745735508120557444e-01
2.162523937316335854e+00,2.277818497462257952e+00,9.343073848711687113e-01,4.885966433247054042e+00,-3.109997144088755938e+00,-2.426574889077110164e+00,-2.192200946608970913e+00,-2.201864210506654373e+00,-2.929211466359801452e+00,2.525385329459366446e+00
1.101163742812863999e+00,1.291621003288357716e+00,-1.254874786714183177e+00,1.790716458745965856e+00,-3.418854983535033476e-01,-2.255238200875541388e+00,-3.941345695406693328e-01,2.771378344599580323e+00,2.317254723536852801e+00,-1.845466113502975958e-01
2.155956500471780668e+00,3.099638629899696518e+00,1.197532691582876341e+00,2.881546023802792345e+00,-3.360086342138688842e+00,-2.471616735758103811e+00,-2.237947353748070967e+00,-2.612906301302268197e+00,-2.295704854856984056e+00,1.968684507653915006e+00
4.145567789767619971e+00,1.885710114046712071e+00,2.782094481246955020e+00,-2.458566660898168221e-01,-4.080235512580823176e-01,-2.604675557288024912e+00,-7.368124047670998600e-01,-7.140828978080517864e-01,-2.544973416856712412e+00,6.502901683803059552e-01
1.898801436126495989e+00,-1.706893509323417657e+00,2.927065576294324289e-02,-5.520440016923426896e+00,3.357107101689098982e+00,-2.447907388549332097e+00,4.823396898932829302e+00,1.820344409537782759e+00,-2.335191626800279252e+00,-2.164927697208169022e+00
3.505831570350506965e+00,3.043073789848097732e+00,2.834474210313243869e+00,2.668210762559186655e-03,-9.838887522147494735e-01,-2.575885584697164443e+00,-1.310893754501486708e+00,4.406320935207559408e-01,-3.480693937481325939e+00,8.587004843998473635e-01
1.874399568823287732e+00,2.073777664685736433e+00,6.576313034481611197e-01,3.210353114278432951e+00,-1.337452841468600440e-01,-2.382867534013796806e+00,-1.615757533901049370e-01,1.613346365427557494e+00,2.341968248622756654e-01,-3.173758716203500807e-02
5.343627906027824892e+00,-1.245029346308509366e+00,4.300680263370968426e+00,-2.082574989451810410e+00,1.320628279640392755e+00,-2.635355512427595137e+00,1.653735983105966367e+00,-2.150077299882245718e+00,-9.171690388091113810e-01,-1.543296147976600752e+00
4.186295064917626263e+00,-1.617525987423535483e+00,3.405987894880956546e+00,-5.015450649912823522e+00,2.663331224768167971e+00,-2.606602863449763330e+00,2.078001495318569702e+00,-6.156328959650796406e-01,-2.497227386088154422e+00,-1.986371913625414320e+00
6.513701244017723546e+00,-1.650954908486476080e+00,2.540450384887231294e+00,-1.348984859449115170e+00,2.927648264535013034e+00,-2.663799758236460313e+00,2.678742640624637517e+00,-1.128331581724939525e-02,2.581100038844316380e+00,-2.059272873789338210e+00
3.702101883230830115e+00,3.379945373366031625e+00,2.600672378130532092e+00,9.545719179311195290e+00,-1.982245036607199751e+00,-2.569698711152733850e+00,-1.870853993616100164e+00,-1.794635327373709455e+00,4.341166485050473867e-02,2.448067919460731545e+00
3.728545429848316717e-01,-1.596343957833559202e-01,-2.021756732430131098e+00,-1.963600920406433303e+00,4.563220662341271883e-01,-2.057169465374223627e+00,1.583523653655008800e+00,3.485422671048797660e+00,-1.059043517861051331e+00,-9.207394594579468849e-01
2.156333676341850136e+00,-1.622833957106002645e+00,1.508318818680523199e+00,-1.980004328271456782e+00,2.555717929137695243e+00,-2.429491509575393948e+00,2.916712800505657288e+00,1.197809020605674846e+00,2.290440494764784951e-01,-1.998913763885636685e+00
1.061356926560424574e+00,1.292666769047133180e+00,-1.241616840515059828e+00,2.061151699146261063e+00,6.278272466910106431e-02,-2.175313775787543591e+00,2.856348566774734588e-01,2.686456056686813199e+00,2.164483314584809470e+00,-4.515950958122902925e-01
4.397928372250849094e+00,-1.663519103597723481e+00,3.717713447356945977e+00,-5.011840747764509274e+00,2.917060678136225604e+00,-2.609121455243152532e+00,2.727205963323327431e+00,-7.492325759977882527e-01,-2.303456358111268365e+00,-2.088456382871777262e+00
4.717226032099548494e-01,-1.667423614342663063e+00,-1.933514361932759495e+00,-1.590233006702119312e+00,2.948103271660398761e+00,-2.149560811948540540e+00,2.135447987730360264e+00,2.973878714390027156e+00,2.559736266263927362e+00,-2.089838210499531890e+00
2.098174695089791264e+00,3.152215897747781437e+00,6.416702556384472622e-01,9.425866678770892904e+00,-2.918212551585783299e+00,-2.441084292310280901e+00,-2.137427777285740405e+00,-1.738612706422511867e+00,5.981135708073850310e-01,2.302732991571998955e+00
4.274424595429547225e+00,3.082259083081567930e+00,3.402933983216501090e+00,5.163165422801388793e+00,-1.555970071032772850e+00,-2.589667693974321061e+00,-1.610692120654283688e+00,-2.394812908175783406e+00,8.087232617130499790e-01,1.473845809328800271e+00
-2.315269605456301782e+00,3.039254983447036373e+00,-2.475915826480890480e+00,1.209563321451054918e+01,-3.434503066004271687e+00,1.995520463904785435e+00,-2.249195245797917408e+00,2.008020191207091187e+00,6.197952077847901364e-01,2.730848918511044943e+00
8.532290886259713547e-01,-1.537334946507640243e+00,-1.801416852381645173e+00,-4.036259084204219860e+00,2.396394557674117465e+00,-2.253939024716681505e+00,2.853864772603678990e+00,3.311116429301408814e+00,-1.950766165494388193e+00,-1.906215532904563359e+00
5.369615623427248963e+00,-1.080552364140755284e+00,4.273988678339138758e+00,-4.742939090669143098e+00,1.030218981312888360e+00,-2.645940640907324060e+00,2.618403662621632044e+00,-3.065749256348960561e+00,-2.206830228581449393e+00,-1.328070951456182369e+00
7.348111504150042883e+00,-1.594453703663428534e+00,3.025437110666780782e+00,-2.666985205760997957e+00,2.389702834381481011e+00,-2.688262779830558724e+00,4.352982029667752606e+00,-2.799981261031611712e+00,-1.585337888598745693e-01,-1.941881439876930182e+00
2.680570273931725644e+00,2.217524261370927618e+00,2.074580146490379917e+00,5.150406741226227325e+00,-1.646888850015852501e+00,-2.488595481314009650e+00,-1.711003478060974414e+00,-1.274714914613277905e+00,-1.005600856826199596e+00,1.432231717440846097e+00
3.150748460229166881e+00,2.281173644513383003e+00,2.429955967830264019e+00,2.015197362006599491e+00,-7.152547306895966628e-01,-2.532556449486608408e+00,-8.192186755847323809e-01,1.816565701322505610e-01,-1.814145556971685558e+00,1.118167629545760322e+00
1.301202668004105334e+00,-4.436321167315271374e-01,-1.229857119130604026e+00,-6.946559608560715082e-01,3.697503592130004790e-01,-2.345686071783830151e+00,1.256605163441972373e+00,1.429899057517829419e+00,5.688850716222200177e-01,-9.752776719578755138e-01
-2.367103188096986610e+00,3.055656547252466382e+00,-2.485242581750551683e+00,7.441871968853355668e+00,-2.345416778306811167e+00,2.556293357439836544e+00,-2.006312045111351416e+00,3.188853839825139147e+00,2.493292132867128252e+00,2.441898733460926785e+00
5.265496937643021624e+00,2.025118608140900722e+00,3.127322478910396164e+00,5.291268210400561500e+00,-9.113433507616197637e-01,-2.626329496338629887e+00,-1.000327716509969322e+00,-2.675261833764066122e+00,3.982841509523518120e-01,1.422653848584899627e+00
2.174825017433926533e+00,2.373784579399162986e+00,1.349414672595600440e+00,9.694904752908138690e+00,-2.474907660896214168e+00,-2.439668507047832779e+00,-2.031961940572098335e+00,-1.005795128109687298e+00,2.845662605857865124e+00,1.861599792157928368e+00
7.018682126111282393e+00,-2.185965971267619934e-01,3.344315690061439916e+00,1.911973322408060394e-01,4.873288414631469223e-01,-2.675079477539178185e+00,1.187450115793457384e+00,-1.636012081019269981e+00,1.517565056583581651e+00,-8.331619629060171839e-01
1.280700710095186157e+00,-1.208898202912170650e+00,-1.392516060438507619e+00,-1.713142771041656021e+00,1.426160955029414090e+00,-2.362655156747769158e+00,2.074412997443158879e+00,2.151929690400804063e+00,2.803060943435341734e+00,-1.550869642051392550e+00
3.537552116583965400e+00,3.062937452052532983e+00,4.055628418604515062e+00,4.277327926897785737e+00,-1.480664940660299411e+00,-2.559732629710102181e+00,-1.577944834275152530e+00,-2.355088436625702109e+00,-2.088024908159654913e+00,1.478809149286275160e+00
3.732416717375854343e-01,2.376348026208936481e+00,-1.966464107683026263e+00,1.707455240850297651e+00,-4.669835661256915849e-01,-2.155122629468262385e+00,-6.971247541572762607e-01,2.637876994131213237e+00,6.113561974694032841e-01,2.863077656483025701e-01
2.162011678417337546e+00,-1.392740985012214772e+00,1.531206378823517067e+00,-2.732171637007653420e+00,1.792746857055286469e+00,-2.463925138870762144e+00,2.620267874933211338e+00,1.915972839920047299e+00,-1.017255755047561827e+00,-1.695995151011230329e+00
1.046587863206237090e+00,2.296701330870631441e+00,-1.647798583417408924e+00,4.579341956004761016e+00,-7.273120720364638636e-01,-2.215801206492150399e+00,-1.126735271032873742e+00,2.686730464048157074e+00,1.705935747769650845e+00,7.401933258224753232e-01
7.819943884936548795e-01,-1.637806348797165912e+00,-1.854181793245048393e+00,-1.701715359882469691e+00,2.772268712563539239e+00,-2.221924291589103095e+00,2.267932229659685550e+00,3.284174281824527419e+00,-3.508423211523026275e-01,-2.048645561667798543e+00
3.164820205934697928e+00,-1.232639504433683975e+00,2.810463711691259192e+00,-1.256335139802101430e+00,9.724475336191904518e-01,-2.519598716182435361e+00,1.847103630855684298e+00,5.141075648881230364e-01,-6.147319011310772296e-01,-1.457011192996597870e+00
4.996903936220284947e+00,-1.614940693542888051e+00,2.642767151731610920e+00,-5.561886144603231941e+00,2.740881060579739348e+00,-2.630153799780479140e+00,4.006038605444983247e+00,-2.911129588798315737e-01,-2.499148521664301903e+00,-2.022060938786489181e+00
4.895704332349110288e+00,-1.140109526253834549e+00,2.422251274267398724e+00,-1.869109860187644578e+00,1.260388986243885512e+00,-2.605093108694938930e+00,1.707024537133494002e+00,-1.047862662406848777e-01,-1.018118677235864578e+00,-1.397091287708988272e+00
1.983183636070037781e-01,2.396995489282987002e+00,-2.085497471974080863e+00,1.536186947429091898e+00,-3.556158324713956098e-01,-2.056967744547850252e+00,-6.318236852888801103e-01,2.768590539433906983e+00,1.174624117385074662e+00,-2.102921870208729338e-02
6.880220401660436025e+00,-1.704422612655574820e+00,4.039637644214893797e+00,-2.210445723877943802e+00,3.349996498945019496e+00,-2.671623193150184150e+00,3.020318969891393035e+00,-2.039216693458667518e+00,6.140798077231135466e-02,-2.164979377592382015e+00
1.354059240053806734e+00,2.453579765920577138e+00,-1.358135324242957465e+00,8.111794913190934153e+00,-2.686586632713239275e+00,-2.328859727177555072e+00,-2.099421763949866460e+00,-8.725469772086311693e-01,1.339234060386660374e-01,3.564136000824138506e+00
1.924931684376306240e+00,-1.503877371031020260e+00,1.363554444894085615e-01,-1.407057791317459339e+00,1.869165924911087018e+00,-2.435424840098080246e+00,1.984828335360582008e+00,9.879305220366934037e-01,1.037161106493228679e+00,-1.817316664989988784e+00
1.133701998425657109e+00,1.899933639558648579e+00,-1.324155443768469498e+00,1.867529334944176611e+00,-6.172590272460869443e-01,-2.338021610207589251e+00,-8.712204787132145078e-01,1.512228539881107281e+00,-1.569137135511779357e+00,9.150095512785911822e-01
4.908706883815641575e+00,-1.188687335865797667e+00,2.674985593529130679e+00,-3.809068072586538012e+00,1.228073568401652160e+00,-2.628617373050532446e+00,1.723542883901019174e+00,-3.105394865166866580e+00,-1.954776170302655380e+00,-1.577976360802212819e+00
-1.304061657129186980e+00,2.565665708845015658e+00,-2.354842506731135376e+00,7.319879424089240416e+00,-1.751426070415153413e+00,2.460624413653685755e-02,-1.809514566944729230e+00,3.347076149628462893e+00,3.274310057932400042e+00,1.614967931450320693e+00
4.112270263272874260e+00,2.454348730916330990e+00,2.801704713051734075e+00,2.276578832346993764e+00,-1.307471676378343162e+00,-2.596757102733274536e+00,-1.470645263613418630e+00,-1.179836546304673384e+00,-2.535180884484815600e+00,1.481444999312928168e+00
4.981404044613757520e+00,-1.694009184225287123e+00,3.948398765668706289e+00,-5.801894391749616631e+00,3.257913543639489262e+00,-2.630756340869093268e+00,3.371264184317706913e+00,-2.057555238049103785e+00,-2.933012706924471580e+00,-2.148300275692602845e+00
5.323684544570230770e+00,-8.107848004991513591e-01,2.769181486462952702e+00,-5.316199672855153047e-01,6.192555954812455354e-01,-2.632733763052287124e+00,1.184004965405695664e+00,-1.349789344757279075e+00,1.425552420009090326e+00,-1.120875342924202878e+00
7.150297877422887582e-01,-1.217533024199398017e+00,-1.696961872770286428e+00,-2.038438438766776439e-01,1.117678884485889590e+00,-2.189431270562519849e+00,1.779885253452649252e+00,3.393407307287008123e+00,1.029877251008991301e+00,-1.457690494415974758e+00
2.688439945815276122e+00,-3.883136637269034575e-01,2.009653468501224172e+00,-1.324908229796331049e+00,2.324437774165373227e-01,-2.524563665833577719e+00,6.505636035998143551e-01,1.180040096765499591e+00,-9.031872361533603843e-01,-9.111143959612162391e-01
3.078709535160473187e+00,3.019934086927198003e+00,2.017915145762493534e+00,5.045722092876837372e+00,-1.886268835455690906e+00,-2.549974427466400684e+00,-1.727706967154153173e+00,-1.783054405647098939e+00,-2.962496280337226118e+00,2.499639135898209741e+00
5.110159495738127333e+00,2.078540758109158837e+00,2.421032815232914803e+00,1.975027879637834882e+00,-7.359149458483962292e-01,-2.609996858502506178e+00,-8.992090231244322940e-01,-2.092327874781022778e+00,-1.543290396348300675e+00,7.209735806553136950e-01
5.263082297934498222e+00,-1.064151185504550901e+00,2.879801263041132486e+00,-5.197722607054378940e+00,8.316599521394998362e-01,-2.631298198833859736e+00,1.777873316125461400e+00,-2.975733839080051180e+00,-3.064428010112416167e+00,-1.381563463365345301e+00
4.928201693687293883e+00,2.022225698769005930e+00,4.498614842213717324e+00,1.852352018539993761e+00,-1.759273921374058247e-01,-2.622611931386193529e+00,-1.889109710449737578e-01,-9.575021496770972362e-01,3.423849138064253061e+00,5.405938810237781444e-02
8.253510540401712836e-01,1.605422584177983225e+00,-1.745276383576349843e+00,1.217127068248680777e+00,-2.090746752096439565e-01,-2.236022338356014494e+00,-3.791249647390434463e-01,2.266272121841168996e+00,1.367851472844746397e+00,-2.912475695368936801e-01
6.294576224021388278e+00,-1.292477132825045505e+00,2.660688948994605951e+00,-2.584261711623354607e+00,1.512521718600502219e+00,-2.652865210483296377e+00,3.321705412517274247e+00,-1.572023154078825868e+00,-4.767482987723581367e-01,-1.700404589776602693e+00
2.874859352888516906e+00,2.034071340846871134e+00,1.948167495229831347e+00,6.236070796385348558e+00,-1.484062969457036196e+00,-2.541046132675991664e+00,-1.573858076194345479e+00,-9.205632725182937293e-01,2.938109811857239073e+00,1.292638670945837509e+00
2.164393551443322961e-01,2.107897191680920379e+00,-2.053509684362349486e+00,3.315984478194964780e+00,-8.157644247553648142e-01,-2.094705581552262608e+00,-1.042926109731545870e+00,1.830056853700074981e+00,4.581202619831010736e-01,9.303400726743885629e-01
1.935559350124124833e+00,-1.490342418394768220e+00,2.046467854332548186e-02,-8.824000750807214910e-01,1.744188860069073144e+00,-2.449654425920751333e+00,2.272000480930486344e+00,1.371628011706317096e+00,1.478924807272449904e+00,-1.777249674009470981e+00
4.956694591901769975e+00,-1.635613525916607580e+00,2.520448149862535292e+00,-1.805448437992557720e+00,2.649165331932294087e+00,-2.634003219045736977e+00,2.276097219347281708e+00,-6.129651539559506368e-01,4.738821056875952564e-02,-2.027605078791246740e+00
2.092864491328467302e+00,2.663211052991853567e+00,1.259751286725284469e+00,6.035775617676152116e+00,-2.779956489145932519e+00,-2.450284338151011543e+00,-2.087712205181329495e+00,-2.349764784328014056e+00,2.285345662038106518e+00,2.286109868003105561e+00
-2.578074589749163703e+00,3.166750971642237733e+00,-2.501370954073744102e+00,6.738857560521194223e+00,-2.853382773773712522e+00,3.856542584150548958e+00,-2.117754135941874338e+00,2.756409290945013524e+00,3.377125453359852258e+00,2.828825557274626146e+00
2.439783758613508269e+00,2.674527868073572900e+00,1.658583326201643393e+00,6.940480038579099897e+00,-1.021673365413328760e+00,-2.483947338875003741e+00,-1.387934955997494946e+00,5.254319754691154643e-01,-6.151049747730015227e-01,1.277710555938223802e+00
5.573443502650647474e+00,5.688235882526961884e-01,2.946877967341623439e+00,-4.195928541770228115e+00,3.627138139328116573e-01,-2.623915139834599675e+00,1.234179515998379051e+00,-1.702625284830084462e+00,-2.468918702986034663e+00,-6.172526217365745804e-01
2.532145798356653543e+00,2.504139320591408868e+00,2.399575534766061224e+00,6.442752847538227634e+00,-3.264624345508175818e+00,-2.513556725704763295e+00,-2.217434373331326647e+00,-1.842469743639893576e+00,-6.870883746164233585e-01,2.069009849685944591e+00
4.300897180467792680e+00,-1.696855896919317930e+00,2.797880792950228290e+00,-1.146707456688636828e+00,3.282732356821915332e+00,-2.605519158137593827e+00,3.216501338655693765e+00,-3.613002873394037806e-01,2.083983423059633466e+00,-2.148474689736500132e+00
3.649126879231154419e+00,2.024434258768547767e+00,4.797605238522939075e+00,1.617680915146733733e+00,-1.253019310385517393e+00,-2.580370180070370445e+00,-1.439674653253035119e+00,-6.779697273498035415e-01,-3.498693002472435865e+00,1.673320302555753702e+00
3.680171736191265808e+00,2.419614398283340240e+00,3.693273449012103526e+00,7.080566145616590923e+00,-1.951161203713520642e+00,-2.577723864940979048e+00,-1.888825051261271426e+00,-3.017836818418214939e+00,3.182163474841236628e+00,2.242315285138877456e+00
-2.421970179784051158e+00,2.553486788995485757e+00,-2.495556771735119028e+00,8.285095443952124938e+00,-2.511152665518723293e+00,2.923681904317341651e+00,-2.055027585405941437e+00,3.101997075574342233e+00,1.137601321762473638e+00,2.174192674459346275e+00
-1.951751713454989101e+00,3.246953988373407096e+00,-2.457666719387718857e+00,8.159769178220937391e+00,-2.819180510557782959e+00,2.288619319595834867e+00,-2.105354085998017322e+00,2.008679006610265994e+00,-1.325465132885035313e+00,2.967405874375097063e+00
5.033956602721335827e+00,-1.708743202185670107e+00,3.425134521854321434e+00,-2.153102456160885581e+00,3.388295689549025269e+00,-2.614687598183508932e+00,4.598302823715012089e+00,-2.416309873696320665e-02,-7.125040704561280691e-02,-2.172197421417485508e+00
3.854418145688885300e+00,2.473382980109044116e+00,2.292358648452898606e+00,6.308039157770099159e+00,-1.677613506888167239e+00,-2.570468137962950372e+00,-1.652192439035879756e+00,-1.211680921039552050e+00,-1.651490794212689961e+00,2.118615122068892465e+00
4.893567153741568809e+00,-1.523973963450153124e-01,2.484244130508554083e+00,4.086607010220306702e-01,2.591576496304575095e-01,-2.627756627761315134e+00,9.973937717085230581e-01,-2.229665757870817444e+00,-4.484810101346745626e-01,-8.064340334799438015e-01
4.844062098909795111e+00,1.691755319010564751e+00,3.422954449773950358e+00,3.695363401916782031e+00,-3.645167969048905832e-01,-2.629807577254888784e+00,-4.188361439905678441e-01,-2.335973009939878331e+00,9.675337002214154936e-01,-1.151588718381430787e-01
2.940982792084943398e+00,2.285396504479011881e+00,2.821672851961676720e+00,7.034312415786469153e+00,-2.803016376224322315e+00,-2.522623233103416407e+00,-2.129020363369328983e+00,-1.816567230638858499e+00,1.218541022937307261e+00,1.807039556473628794e+00
7.063974239953790146e+00,2.755060932668437879e+00,4.222797726922885353e+00,5.641115069421283046e+00,-1.033818371596268548e+00,-2.685575691304610491e+00,-1.435388993782001688e+00,-1.956301901867362414e+00,-1.240586594237571560e+00,1.528603944839253659e+00
1.480818605980863900e+00,1.262776358434845925e+00,-9.627268474086221328e-01,-2.603757650430972959e+00,-2.152557820683052014e-01,-2.400151402372759701e+00,-3.351400648609579869e-01,1.467903762645081045e+00,-3.339236319588192003e+00,-2.904726433946758224e-01
1.578983666081507309e+00,-1.595419526023277079e+00,-9.778002318880729682e-01,-2.965252152306506961e+00,2.387980908499196531e+00,-2.374085834354140001e+00,3.839548182510442942e+00,1.887436339050823086e+00,-8.596397564357367571e-01,-1.969646192727043665e+00
5.018095437411180804e+00,-1.637183880943187120e+00,4.582979695112797458e+00,-1.031038692318059224e+00,2.832534209466594177e+00,-2.599710746450327736e+00,2.235449584462006367e+00,-9.556276467598348034e-01,-8.723540166538246154e-01,-2.062264778750487970e+00
1.624076141486413549e+00,3.150287811041345698e+00,-9.331055040104880849e-01,7.408754188686602404e+00,-3.237084313203018038e+00,-2.384937666959790370e+00,-2.208867099708503368e+00,-2.384244049981243840e+00,-6.158290654615270476e-01,2.857790411302925548e+00
2.666415582386170158e+00,9.837881334974606373e-01,1.811102818432601680e+00,9.160429379268655303e-01,5.820814005223606813e-02,-2.489884602558148696e+00,1.048708900668341659e+00,1.013140379495643728e+00,3.260078312214212737e+00,-5.950813970155430788e-01
2.630887191051181073e+00,2.657781911902334038e+00,2.082920984467687475e+00,6.406989994430277946e+00,-2.332067408660502217e+00,-2.520289550205494944e+00,-1.965778829349876577e+00,-1.170183095322629985e+00,3.290678829334430233e+00,1.670154262770492837e+00
9.535384264749250383e-01,-1.536725342828360263e+00,-1.571714179635985253e+00,-5.451729102115640657e+00,1.953357137263250110e+00,-2.264366361140226491e+00,3.630397440592993075e+00,3.025744420952936053e+00,-2.459001070008791867e+00,-1.853058861203683572e+00
2.084024831745206807e+00,-1.614034378977748041e+00,1.242119199552598863e+00,-2.267840644217957280e+00,2.554533069217448826e+00,-2.394502627957803664e+00,4.378908138779297410e+00,2.020626725374544463e+00,2.894028269737655812e+00,-1.990648735680001558e+00
-3.274746713119829900e-01,1.930949343557588849e+00,-2.220307843875672482e+00,2.819107154677745530e+00,-6.202229337118181363e-01,-1.838267153717740854e+00,-9.291231319240375042e-01,3.414308725205338568e+00,3.349217505605114553e+00,3.337637232398028564e-01
-2.362606808684390103e+00,3.626144174767957029e+00,-2.487272919921732051e+00,6.804664675658614215e+00,-2.520191901547588209e+00,3.416786970479148700e+00,-2.055656690061014036e+00,2.711541434585570620e+00,-1.703467452988505881e+00,2.733164309703989936e+00
2.172660140198575451e+00,2.508160431307967286e+00,1.927176658488164218e+00,8.111595806984938761e+00,-3.267443303136759347e+00,-2.456115036123686313e+00,-2.219037016895810677e+00,-3.462794717864159377e+00,1.687167301368321937e+00,3.064970501461671049e+00
5.139629292348522505e+00,-1.707239797243522261e+00,3.931566293259749045e+00,-5.307435830695870216e+00,3.378024718776355684e+00,-2.599374031419325881e+00,4.051685082594252307e+00,-3.077652594020768628e+00,-2.271816050791587660e+00,-2.168341019538003955e+00
-4.811601940971837466e-01,2.363818863438163831e+00,-2.260730174810435145e+00,3.774943440743772527e+00,-8.869647445172166300e-01,-1.689623997710282710e+00,-1.230475385748068806e+00,2.787345804958383688e+00,-1.962405286533104309e-01,8.205604816614003871e-01
5.464028088651370574e+00,1.512132753162461096e+00,2.482931877250229125e+00,4.141579063032360786e+00,-5.594724114657254610e-01,-2.618432331931571877e+00,-8.544851470288916673e-01,-2.667474091186995189e+00,7.504321857122464579e-01,1.913738888222759615e-01
-3.093213160687094399e-01,2.303895125699893409e+00,-2.173211153114035454e+00,4.984941273934897055e+00,-3.145883194620339385e+00,-1.746593170450528643e+00,-2.187645414613622830e+00,6.690855268310764714e-01,-2.242880638515563962e+00,2.423261670770821219e+00
3.727150871431018864e+00,2.429815456574782928e+00,3.461994853061260535e+00,4.355057105766668712e+00,-9.415272561561276454e-01,-2.561610325040776459e+00,-1.191346488604502429e+00,-1.016252080164482763e+00,3.302886546505692245e-01,1.025284838424560974e+00
2.231112621786649264e+00,3.040467123006397543e+00,1.149162133287434440e+00,6.425606961850164112e+00,-3.383604183862929382e+00,-2.493729821420790582e+00,-2.237353415582709282e+00,-3.263599029729705059e+00,1.671819067750453414e+00,2.927589383692137837e+00
4.491810976999802030e+00,2.289234274868134467e+00,2.781916347530682287e+00,8.358628153448744769e+00,-1.884803652152430287e+00,-2.615594099778791204e+00,-1.847449527037233752e+00,-2.919866791858542143e+00,1.171924322117186890e+00,1.807613652722021236e+00
1.533624951063156994e+00,-1.462772955992306168e+00,-9.483879738637919221e-01,-1.995651982681504011e+00,1.854381892978000046e+00,-2.412328994870863053e+00,3.601673119473902229e+00,1.860827356939917188e+00,9.152254607447520840e-01,-1.741348149721086314e+00
7.233632637006216504e-01,-1.682932745656093854e+00,-1.732071093240601156e+00,-5.634428213556511800e+00,3.108864636048181751e+00,-2.277525762286126021e+00,3.531979046923531484e+00,2.396812711587732458e+00,-2.656974304587683910e+00,-2.122477841504150309e+00
5.885548169065009994e+00,-1.464659459059865831e+00,2.974159074922728685e+00,-1.581152670450396203e+00,1.749994741390702657e+00,-2.657792368261044480e+00,2.071408374029666710e+00,-9.574322665915731001e-01,3.194726598503777382e+00,-1.761586397468291487e+00
4.841263135622487113e+00,1.934007422914150842e+00,2.890800961413326764e+00,4.064830627087776094e+00,-1.124173263853370131e+00,-2.625815030875852329e+00,-1.364099685631116055e+00,-1.772593177154097699e+00,-2.513580712949706086e+00,1.239943582245470299e+00
3.874097488020318725e+00,8.097270697848939491e-01,2.337957214201988432e+00,-7.057337505610042361e-02,-7.315744176234417750e-02,-2.584135003835385191e+00,3.281125944250861126e-01,-4.486577422299387052e-02,7.856660619028552617e-01,-4.077842544483414322e-01
3.565533878494351328e+00,1.960730231646648392e+00,2.312323409497254456e+00,2.033628528985288675e+00,-1.127104182541552202e+00,-2.580371963826348480e+00,-1.361737314170653246e+00,-2.434018258721347472e+00,-2.593280192523816474e+00,1.055907801526631218e+00
4.505259031291407035e-01,2.617948094648919088e+00,-1.848106035053777907e+00,6.929506291280339347e+00,-2.243568173575010150e+00,-2.111750122956578490e+00,-1.937855116832937874e+00,8.185835712929083741e-01,2.779233747128015963e-01,2.171858232723223203e+00
-1.331073411169617193e+00,2.211588933000022461e+00,-2.372752145663554302e+00,7.665239949783991591e+00,-2.303093809218079713e+00,3.225167837303325458e-01,-1.997112257637376986e+00,1.676554403357034317e+00,2.572035410222319740e+00,1.759921873487156674e+00
1.102930057676284825e+00,1.094494241411460012e+00,-1.427527304004877040e+00,2.072245546623849410e+00,-2.558431583086195893e-01,-2.339756480400801752e+00,-1.277417802045210382e-01,1.427759005735156350e+00,9.119980207477960121e-01,-1.752979457739060332e-01
1.137455970255243365e+00,-1.608023264456378554e+00,-1.466259635839729514e+00,-1.723137121735565103e+00,2.622010703514975560e+00,-2.328541299266816633e+00,2.475722812686692365e+00,3.024557469240124696e+00,2.860106803963792466e+00,-1.992986031478415798e+00
3.666261508199082364e+00,-1.686804971346185011e+00,2.706312622488196595e+00,-1.431395013149313167e+00,3.108838256422944646e+00,-2.580228432263155014e+00,2.249559669507767978e+00,7.119948852537101303e-01,1.109809868204201244e+00,-2.120770003480779486e+00
3.132886112207483809e+00,-1.024966029077962526e+00,2.844968772177042027e+00,-1.165256555130893990e+00,7.577700609780908536e-01,-2.545032317581596537e+00,1.520977884022999937e+00,6.663819671599560124e-01,-3.122021048106953245e-01,-1.243928241583929006e+00
1.731484231688393383e+00,-6.557464874812994893e-01,-5.373392438460213860e-01,-1.489486875432735502e+00,6.765878440653718684e-01,-2.304149388804028309e+00,2.847007850217643465e+00,1.658896661913685122e+00,-2.319641261044420588e-01,-1.127620827099876877e+00
1.960851796871874608e+00,-1.545838690882369360e+00,9.277185116001559484e-01,-4.425167566290152621e+00,1.985509717113218997e+00,-2.386002682201985525e+00,2.459770537515624689e+00,1.580485977544344500e+00,-2.018537421453224123e+00,-1.866226888034140829e+00
5.256357168063241048e+00,1.162872418056155821e+00,3.131356178607035634e+00,4.853650672431690793e-01,1.840841051099495473e-04,-2.627894584117005383e+00,8.448395425073552678e-01,-1.545797806398830687e+00,3.177027196695092037e+00,-3.238319222150471410e-01
-2.393561998322552231e+00,2.385259876524757239e+00,-2.482865643043039583e+00,6.565882688389986122e+00,-3.147409602697193165e+00,2.769555554058328095e+00,-2.187556078487983946e+00,2.080777486060999770e+00,-1.323518037877194686e+00,2.238886773252509954e+00
4.610331375410295918e-01,-1.358712377520661319e+00,-1.865216325665766783e+00,-2.468539264096488495e+00,1.393686523029577629e+00,-2.165649602823296771e+00,2.322341390928518656e+00,2.831078305552757968e+00,-7.003788421857977120e-01,-1.639988838332420817e+00
1.005134453260989158e+00,-1.713143334704410492e+00,-1.637954567203140588e+00,-5.730402611730385232e+00,3.446774792220428374e+00,-2.241576022877278973e+00,2.328714941835289931e+00,1.955861124343696744e+00,-3.291473195379969408e+00,-2.180444037418946213e+00
-8.089642421396542327e-01,2.419815552330565112e+00,-2.275629991344471748e+00,5.408529980010705174e+00,-1.629162234829652167e+00,-1.291345258340197422e+00,-1.750580447492892322e+00,2.445680734309012117e+00,-7.839572248611781369e-01,2.377461822843017103e+00
1.151188745771652755e+00,-1.333960591382828964e+00,-1.260033888873676844e+00,-5.133807594178258604e+00,1.253634309391896906e+00,-2.348805905327171928e+00,2.043950669466958914e+00,2.441050722808411066e+00,-2.683059701531090191e+00,-1.580345658487792626e+00
4.921750982699776067e+00,-1.626268876215172021e+00,2.715974170905418816e+00,-4.889566943991345838e+00,2.549970098803711949e+00,-2.626052453261349839e+00,3.470222610427427856e+00,-1.766675445834253289e+00,-2.160021217151603778e+00,-2.004201886221208984e+00
7.102625104625470698e-01,-1.455034785103532347e+00,-1.806625443926616503e+00,-1.398926753689674785e+00,1.755909719399021185e+00,-2.185372972277911607e+00,1.977624807710319121e+00,2.289357196508595038e+00,2.026768138867315550e+00,-1.715414350946965705e+00
1.756881905240742281e+00,-1.693118905079004755e+00,-5.914164924879015128e-01,-2.126680365331877987e+00,3.251428374526016185e+00,-2.371405320692602903e+00,2.430925452786383278e+00,1.532867707818943437e+00,-1.946695489933416567e-01,-2.142170854907110567e+00
4.398969835489720204e+00,-5.805073615689022581e-01,2.488327427212954746e+00,-4.245975388342415613e-01,3.796970455910817499e-01,-2.604316304072724186e+00,9.850174523419166217e-01,-1.236441651634460737e+00,2.364173559035257277e+00,-1.012759556521018789e+00
2.993326587537940009e-01,2.482109064492206585e+00,-1.994530606261030181e+00,5.368786380154188187e+00,-2.013266507767839997e+00,-2.106211165017594755e+00,-1.847891617277709786e+00,1.222779723854035439e+00,-1.240057661418937140e+00,2.776927723033405737e+00
3.448821249828498692e-01,2.448627127724375629e+00,-1.940399715493068999e+00,5.305763344261584358e+00,-1.942897429292268718e+00,-2.088705198096288296e+00,-1.789027009166685112e+00,1.212333701061904634e+00,-8.176272975518990016e-01,1.759530112885594466e+00
-9.432347577092485835e-01,2.210089208465785493e+00,-2.289019806533430845e+00,5.880970830034590868e+00,-1.968754383842597155e+00,-8.778302172182321783e-01,-1.839691333832919717e+00,2.116490279038733213e+00,2.324942124867757975e+00,1.438508856220821919e+00
7.434364302325247920e+00,-3.782952654950468840e-01,4.208254930789535386e+00,-4.599565910565560856e+00,4.870147420231663027e-01,-2.688845023501302389e+00,1.377703708523368764e+00,-3.499576019799282456e+00,-3.026579271619004974e+00,-8.994039004274003712e-01
2.162885268480725820e+00,2.073842150572858145e+00,1.320657287861679130e+00,1.449643644184731794e+00,-3.352367547660199953e-01,-2.370406613674495677e+00,-1.175637226396292201e-01,1.030468999766961602e+00,2.242957163910238805e+00,4.043616252670202416e-01
3.046849189606986030e+00,-1.699453042565106653e+00,2.138741793056267326e+00,-4.478572175672963063e+00,3.291656781672704035e+00,-2.529006398428518487e+00,2.906222089486846905e+00,1.210224141758140526e+00,-2.062270296647011225e+00,-2.151018064092544257e+00
3.568148891672783485e+00,-1.086673617374228185e+00,2.867394472833026065e+00,-1.570557409307906882e+00,1.263812838349456236e+00,-2.558382718532940636e+00,2.114619048878936702e+00,5.418924242780853717e-01,1.084512675051762187e+00,-1.442733230079850548e+00
-1.929151711694848448e+00,2.435280302384457141e+00,-2.439746832869896132e+00,7.029774053652634080e+00,-2.902931038989096102e+00,1.715008639438595273e+00,-2.145786352382925255e+00,1.941645012320855734e+00,2.300864696338527082e-01,2.551676821510715953e+00
1.856011414765738943e+00,2.648904342510473242e+00,-3.645908745987752608e-01,7.145293986545106613e+00,-3.105071671002236577e+00,-2.423192694631203903e+00,-2.192624589757735887e+00,-2.495300018827940391e+00,2.024998424922356932e+00,2.012749986440264482e+00
5.983474729655029911e+00,1.059978652408432698e+00,3.752377029314948764e+00,1.581417532746260957e-01,-8.513606948725049861e-02,-2.656597117655187024e+00,1.102314076346699867e+00,-1.390837526621702125e+00,1.865485114712282844e+00,-3.155775564769482955e-01
1.826038625513131564e+00,-1.617172767896718488e+00,8.974939625219052752e-02,-1.003387554611566479e+00,2.667031935411724675e+00,-2.387819528974920669e+00,2.374052095747019031e+00,1.791072730684973635e+00,5.278280623148914330e-01,-2.020625524471599821e+00
4.466363143484840315e+00,-1.702870100806987086e+00,3.171774187121020105e+00,-1.624743332318626443e+00,3.334830706151297619e+00,-2.577721622208124064e+00,2.516903318674190704e+00,-1.099554440246111042e+00,5.648250905987408643e-01,-2.161760572372629419e+00
2.874424050092451832e+00,-9.878659635903080938e-01,1.812147497182316824e+00,-8.859875449729703867e-01,8.236054126711609413e-01,-2.489946298825145732e+00,1.593708106586569029e+00,7.255459503991508186e-01,1.640527192248253385e+00,-1.321642913146913401e+00
3.852945283767460705e+00,2.446295587980265029e-01,3.987448022986363139e+00,-6.473634365886724584e-01,2.974914250727822562e-01,-2.573531875701609462e+00,8.261015319366439291e-01,8.497481314167254496e-01,7.739427181071061312e-01,-6.591228031152635003e-01
5.490818707606756277e+00,-1.593323340126609367e+00,2.645580330398123792e+00,-1.858288599795390184e+00,2.482295062175000844e+00,-2.646438755635395879e+00,2.666721435891491687e+00,-1.409704361781298765e+00,4.129414536118187762e-01,-1.964136239544355123e+00
4.303441512975278549e+00,-1.409857872906336684e+00,2.869700900138145716e+00,-1.813819355744142658e+00,1.706841817168514019e+00,-2.608358559907204555e+00,2.176624806371643128e+00,-2.736342486594258716e-01,-1.613252817858779053e-02,-1.694400569325594796e+00
2.516523496634349932e+00,2.119582878119242064e+00,2.127791091173458327e+00,3.236912231755210811e+00,-1.498257206687494403e-01,-2.509214443391225569e+00,-1.721048300738279579e-01,1.293594089944476444e+00,3.202568639188779542e+00,3.541141099609855791e-01
8.798941243601359208e-01,-1.054153221829847276e+00,-1.779079727334723859e+00,-3.833805375226622125e+00,1.239571018189597140e+00,-2.267820701448368226e+00,1.801125846402874320e+00,1.915613306241277236e+00,-1.951320375601558244e+00,-1.437056477006841915e+00
2.096918224947173393e+00,-9.511664429812312083e-01,1.377951143457177174e+00,-1.955747485395809893e+00,7.493154278151612502e-01,-2.474512713058414359e+00,2.604384589656710602e+00,1.030525808092386697e+00,-4.403402803135034738e-01,-1.193300825798639053e+00
4.695456233782713262e+00,-1.370637966906012473e+00,2.606192973576332061e+00,-2.150545559435460330e+00,1.502878553661499694e+00,-2.618416145399165895e+00,1.924210785008259705e+00,-7.998265379051971991e-01,-5.684882380025646498e-01,-1.608396558421401057e+00
6.115441999309390475e+00,9.324095053826173540e-01,3.725288829814206615e+00,2.082009050539242345e+00,-2.135197183618036121e-01,-2.658424133366057429e+00,-3.960406203440374195e-01,-3.278977813460326907e+00,6.058948373421326750e-01,-3.140598310941165039e-01
5.216611336588993231e-01,1.119210703458651146e+00,-1.724148453093400146e+00,1.176675907264420173e+00,-3.078976374749293754e-01,-2.194043608783767141e+00,-5.211978383943770554e-01,2.807055381334920163e+00,1.286480491351415623e+00,-2.568998801569156720e-01
5.565780296432566665e+00,-1.650701815183325261e+00,3.134558016194384233e+00,-4.162111750462674564e+00,2.844926609421198016e+00,-2.642803462006910742e+00,2.266265355208633814e+00,-3.434373756073034301e+00,-1.940602267559070393e+00,-2.071937920722283888e+00
3.352645200710429485e+00,2.160540273432291603e+00,1.880862082641815869e+00,7.876088339438092945e+00,-2.539457059319637722e+00,-2.534018441253325982e+00,-2.039185006851416571e+00,-2.783270341231488310e+00,4.330033183761972104e-01,1.920317228928064335e+00
-9.776797464360458267e-01,2.244796963035879500e+00,-2.327791411401985311e+00,5.988081615186169770e+00,-1.895464738393943804e+00,-9.088167472918446954e-01,-1.864762493707563529e+00,1.982919294515039788e+00,2.942721570670883580e+00,1.949254623244481177e+00
5.511395923103381556e+00,-1.631321825032795436e+00,2.807571932780015267e+00,-3.769289615113375458e+00,2.671097794474065701e+00,-2.647937512528517168e+00,2.900260796516620942e+00,-3.073754420960423062e+00,-1.859570347172238236e+00,-2.037591044157970543e+00
9.019622536200015972e-01,-1.649368630025922933e+00,-1.768865693824086760e+00,-5.155882279681420322e+00,2.830974829824620898e+00,-2.177551111734262523e+00,2.256765934643421456e+00,2.700574375977012664e+00,-2.724372202166704948e+00,-2.060678758514750353e+00
6.673740357143217450e-01,-1.028711655699277916e+00,-1.880214913474300475e+00,-2.264683351595840222e+00,1.020492189513293901e+00,-2.245106215253581450e+00,1.435863587963796206e+00,2.786776784157855680e+00,-1.545373098039394044e+00,-1.343564861991093817e+00
3.626026830918380739e+00,2.974185174557316458e+00,3.200187570198865128e+00,5.584399658821354251e+00,-1.227219195534742457e+00,-2.545857641810657768e+00,-1.470086171520161855e+00,-3.108129926220706274e+00,3.691851536942722944e-01,1.712721625402079617e+00
7.321770721201226184e-01,1.387939531564130746e-01,-1.773230474925685307e+00,-1.425001485777841470e-01,1.379783556079337004e-01,-2.212275204848811683e+00,1.078217739796785368e+00,3.156691021330609637e+00,-3.326296182940375878e-01,-8.264287710228579442e-01
9.160573370853012376e-01,3.377480834996357650e+00,-1.450742489836862159e+00,7.150146373334463235e+00,-3.499612501944939780e+00,-2.289541536506405350e+00,-2.261246115717106875e+00,1.012372439781903388e-01,-4.172999256982121707e-01,2.748702952068293293e+00
4.374435264141203206e+00,2.580028124342705009e+00,2.456733664687741125e+00,6.941338376085790962e+00,-1.316978455224676381e+00,-2.602290359167558798e+00,-1.612151373614024052e+00,-3.495159112299464965e+00,1.079389952675253284e+00,1.658100600884341080e+00
3.047109423969858177e+00,2.149995923508068785e+00,3.208149631597126294e+00,2.768923268495663503e+00,-5.218392343347684204e-01,-2.515973568860058407e+00,-4.762827819075924896e-01,1.635527523630004865e-01,2.915397791225430524e+00,6.318700779659330857e-01
4.658149662717748996e+00,-1.634378970446782597e+00,3.476192311611169927e+00,-5.145558135828962598e+00,2.697363617267098945e+00,-2.617496292091688659e+00,4.080010950091924826e+00,-8.358323531762295033e-01,-2.198961431278566359e+00,-2.027972802884060677e+00
1.459527976688161366e-01,-1.239080008442529079e+00,-2.069233987969484989e+00,-1.826597539892427902e+00,1.259156194847386168e+00,-1.995059387584136923e+00,1.881316470411454889e+00,3.397518893420601316e+00,-1.059984560885538052e+00,-1.456447645986440609e+00
5.484081948502832482e+00,2.534907796409863856e+00,2.884712567717145681e+00,1.947629173512297696e+00,-3.070915951399659782e-01,-2.648131746223839844e+00,-3.303347032996807320e-01,-1.675882218722359873e+00,-8.038449042333319916e-01,9.443745415280996314e-02
5.747684930886461707e+00,1.685372430127126897e+00,2.840286024255537889e+00,-1.988027412673942784e+00,-1.161396838087314087e-01,-2.643304409407798872e+00,-6.455580937226448879e-02,-3.741728268426220971e-01,-2.426407570306990724e+00,1.645634973229589404e-01
6.926221341524056996e+00,-1.535923380523377624e+00,2.642226860050539194e+00,-1.995728915359783251e+00,2.021175992724256076e+00,-2.676598915608434215e+00,2.765709497785707072e+00,-2.837119382431011694e+00,2.733533283024099703e+00,-1.862722581874822758e+00
-1.329663062142180774e+00,3.091124023956064004e+00,-2.376679826069588941e+00,8.691461063074740423e+00,-1.893907158702682336e+00,1.170089231356641113e+00,-1.802398754479818566e+00,2.636538855464616304e+00,3.027103918587943809e+00,2.040339129866457490e+00
6.546533988790984360e+00,-1.623319664341270840e+00,3.133422863454132568e+00,-1.532599968273422153e+00,2.662083221805032096e+00,-2.674212522349994625e+00,3.048714998924894726e+00,-3.237259549642226730e+00,3.494456001316308402e+00,-2.020103184107699068e+00
1.060432508903789151e-01,3.019905966952903142e+00,-2.103847014938198701e+00,5.662391680860903165e+00,-1.304153252443791988e+00,-2.001845609981853791e+00,-1.572970479773507346e+00,1.898688269653564298e+00,-1.839543557727024714e+00,1.944798646037765977e+00
4.497996936165978177e+00,-1.688998275084402145e+00,2.872290418760129249e+00,-5.546562645948550418e+00,3.202155989612675668e+00,-2.614487784916791568e+00,2.239902732707559796e+00,-1.551698350787831249e+00,-2.997736682670368413e+00,-2.133090267859279354e+00
5.283530875192684384e+00,1.048842920030076620e+00,3.994626998807282892e+00,-1.283289425415344853e+00,-1.977390037503918840e-01,-2.640110311289104228e+00,-3.440647297427096296e-01,-2.526067007307162715e+00,-2.461384987194874974e+00,-3.404672144585745297e-01
2.028957880456271567e+00,-1.284565024429509261e+00,1.541493397317685865e+00,-1.673246828582451107e+00,1.481086719425697140e+00,-2.452835618087668035e+00,2.099683047707528782e+00,1.410085261110840094e+00,2.246059547681273472e+00,-1.605076972890426390e+00
-1.172222514161247453e-01,2.374839535992463002e+00,-2.145226958474689916e+00,7.959232636992261689e+00,-2.424139864945424883e+00,-1.964488466225428498e+00,-2.035126587909561025e+00,8.714823348371494305e-01,3.007747262103956487e+00,2.283131393783990770e+00
4.928184253684891658e+00,-1.460063341557763517e+00,3.525206396267225095e+00,-2.197033369256426116e+00,1.613095235967560548e+00,-2.630368309419379269e+00,2.559145525576515201e+00,-3.250927383829804285e+00,-1.008713463403446475e+00,-1.726323785834369184e+00
6.835261731393459605e+00,-1.100529611661480889e+00,2.978271444333452589e+00,-4.671916859970530744e-01,1.023851061202794455e+00,-2.680963013390375238e+00,1.804276669011293466e+00,-7.828164189173487664e-01,3.237473196816178067e+00,-1.386771324221020896e+00
1.457104378388035304e+00,2.138876432161140873e+00,-8.981394298374647533e-01,7.502373712172662579e+00,-1.995834842745952908e+00,-2.325626048812447610e+00,-1.844821573104205692e+00,3.897532716435359035e-01,2.078661150223215515e+00,1.667549515762034140e+00
3.998233324733751815e+00,2.646049546675421027e+00,2.317756249304616212e+00,5.776315303322837380e+00,-2.194792463574630759e+00,-2.598269945321302732e+00,-1.947607018389008848e+00,-1.004920777389243014e+00,-1.025550974597702947e+00,2.313012817210517102e+00
2.697183055735106194e+00,-1.504916807560524150e+00,2.723399903700951530e+00,-1.868448553517313648e+00,2.153061882011511941e+00,-2.486337518839451199e+00,2.625780774896552039e+00,9.220296811075181509e-01,2.456670406552823316e+00,-1.792409111976323466e+00
4.938919929940127851e+00,-1.486777181674052040e+00,2.447906698570205375e+00,-6.857506528726198258e-01,1.729556290974638699e+00,-2.631278871463651026e+00,2.868233016560365556e+00,-2.619208307177665063e-01,9.870398989429904901e-01,-1.778388825933178374e+00
3.591135870141104469e+00,-1.259482788470430048e+00,2.585482663956201854e+00,-1.995073451124870001e+00,1.223931421500845218e+00,-2.546210611072626140e+00,2.418748556809510397e+00,1.024304306176787804e+00,-3.746149204126192345e-01,-1.597198579009874164e+00
1.613882072236671128e+00,2.175334571489600854e+00,-9.454612370480967032e-01,7.404256569900457663e+00,-1.561743744280363000e+00,-2.421468673962210882e+00,-1.734140917318028441e+00,7.667570118502640142e-01,-3.365209174270660242e-01,1.541231120529083620e+00
3.968516592762593831e+00,2.565784130049285405e+00,3.568290803144336110e+00,9.663197841257300524e+00,-2.275637879833447563e+00,-2.593579885824621289e+00,-1.978770268286800249e+00,-2.093346069468281723e+00,3.234838373465342087e+00,2.766319531070999815e+00
5.132316885778725357e+00,-1.311380919902144004e+00,3.182640101719754533e+00,-3.039304225455108366e+00,1.431319808754457412e+00,-2.638985590857337193e+00,2.550120224581739148e+00,-1.135113931426737111e+00,-1.448840144732218782e+00,-1.650602362981582250e+00
4.299986960252813795e+00,1.516845556495462599e+00,2.306629913045467717e+00,1.724062953317236024e+00,-2.579486000690676128e-01,-2.593513686258549722e+00,-4.940080591518991593e-01,-1.377230256907579609e+00,1.187863822558877125e+00,-2.121111717443685263e-01
8.589153650880156921e-01,-1.571593372050878790e+00,-1.653640530260515495e+00,-7.835322914549631701e-01,2.382999727748027041e+00,-2.144375932276586294e+00,2.370176465388365461e+00,3.362868581597246553e+00,2.129471300311674753e+00,-1.902831347627814917e+00
2.902022394638576586e+00,2.384059298984783748e+00,2.693609997402338418e+00,7.518364714829285589e+00,-2.065939664736879955e+00,-2.531834752387126297e+00,-1.884476531280473655e+00,-1.792673395556647176e+00,-8.023158333229263306e-01,1.706435758352599308e+00
3.079188635393732554e+00,4.075438106011725736e+00,2.420871511404819820e+00,6.363862941881244240e+00,-2.345287923392699092e+00,-2.544189632459443740e+00,-1.995039776841710966e+00,-1.887860905029524972e+00,-2.499699085441968727e-01,1.645136278261858598e+00
3.225257880864038640e+00,2.471724806763293092e+00,2.445123324501287332e+00,5.851301970900805394e+00,-2.626168597569398244e+00,-2.534973112050766364e+00,-2.033702233987572328e+00,-3.097705569003446513e+00,9.958995876037572970e-01,2.430727604403616127e+00
3.365262274688584077e-01,-1.353429928669389160e+00,-1.904127349086478294e+00,-1.788064764204698731e+00,1.554564636819240064e+00,-2.101525300645546768e+00,2.131386744119250665e+00,3.139101727955480925e+00,6.144685836111456467e-01,-1.602007145424989787e+00
1.060441268560529782e+00,2.445039618886738264e+00,-1.583139281440757218e+00,7.286066065575383277e+00,-3.286829245408797728e+00,-2.287447302101500490e+00,-2.216157661938991552e+00,-1.679778935802311857e-01,1.632581103245367871e+00,2.281836115923965735e+00
4.031436642220833644e-01,-1.414660944520268027e+00,-1.996874277753404758e+00,-1.358701419511695541e+00,1.728959681396523784e+00,-2.182530247705585236e+00,2.132434427736741966e+00,3.423224938573401488e+00,2.489525650043218796e+00,-1.682255631776175209e+00
-1.963221930889001987e+00,2.557398450501765730e+00,-2.439359362426923639e+00,1.079527836287235232e+01,-2.851826844170405106e+00,2.806065338676444032e+00,-2.132494106396908951e+00,1.747910113544850041e+00,2.922032271512322588e-01,2.416447940927688443e+00
3.723914835021025826e+00,2.258600626221741514e+00,3.730603111949048589e+00,8.184527338982533706e+00,-1.977846551060997271e+00,-2.583278215280028434e+00,-1.861028024316986329e+00,-3.260278635975580652e+00,3.215937147987969702e+00,1.525518704363964417e+00
8.715617122296909214e-01,-1.413445456860574545e+00,-1.715176964818306393e+00,-2.620530331092912224e+00,1.744780919442677991e+00,-2.201511778664002605e+00,2.030129388562662562e+00,2.068817711791204772e+00,-1.532050867326272048e+00,-1.675903826315350509e+00
7.510861482712718473e-01,-1.397328797222905150e+00,-1.837453422698672956e+00,-5.438241489633645287e+00,1.621856295252833036e+00,-2.074709582445699141e+00,2.034153396508303402e+00,2.861134085588693310e+00,-3.032702409437802338e+00,-1.676936050994615401e+00
-2.084358788881783831e+00,2.304093818477687794e+00,-2.454772911971887073e+00,7.910843022357230581e+00,-3.180697539943794894e+00,2.182005259718349688e+00,-2.206327157350631563e+00,1.650180599512376389e+00,-8.095238739679326834e-01,1.964470621640768133e+00
2.476062691343423161e+00,2.424493601396799480e+00,1.383221403509809599e+00,6.175743666109818619e+00,-2.035900793634112027e+00,-2.489813071889619422e+00,-1.926458390656290431e+00,-1.638486583423746756e+00,3.248650599749911549e+00,2.766479059314156608e+00
3.746161294333699487e+00,2.428639313282193957e+00,2.570125526527001103e+00,6.746220894692108061e+00,-1.491594696895767846e+00,-2.570889210432072858e+00,-1.613809663838767339e+00,-2.481950776162433314e+00,1.847533551634995774e+00,1.516470107338461659e+00
5.685051964040944483e+00,-9.936872860064218660e-01,3.300093976574481225e+00,-4.072620571326252659e+00,1.240843137368988991e+00,-2.637517495591026773e+00,1.814220331184113633e+00,-2.141593379472524816e+00,-2.121756070854922793e+00,-1.248153971479021518e+00
-2.918696931154333374e+00,3.436074420321125089e+00,-2.527635798685077262e+00,1.022943319292404851e+01,-3.058731972314362668e+00,2.587628204425200806e+00,-2.184665873442682038e+00,3.450206817829060135e+00,3.357939459371391600e+00,2.665890576931441380e+00
5.063019643429020000e+00,-3.088742577777829901e-01,3.526742088704020617e+00,-6.295648431679292667e-01,3.895446993910161027e-01,-2.631313618555904288e+00,1.047500034864683238e+00,1.498163883999481527e-04,1.416921381770756661e+00,-9.777424536841661240e-01
-3.120215353090895150e+00,2.299656068092681416e+00,-2.539611224564038316e+00,1.060120910116388515e+01,-3.435319485594214406e+00,4.076224138564372268e+00,-2.248845574198353514e+00,3.475786065200915154e+00,2.094651482489197747e+00,2.713821994122886938e+00
2.437262093085911907e+00,-1.573271209089271760e+00,2.169750467002071748e+00,-5.555172434834170225e+00,2.331266682565735771e+00,-2.495963086180893686e+00,2.332767517660596202e+00,1.110228492729397054e+00,-3.122916270686815210e+00,-1.899574696428531384e+00
9.101402706851723368e-01,-1.708557671703980763e+00,-1.732193817013218062e+00,-1.434558505109851723e+00,3.390306040436854573e+00,-2.239144320005431066e+00,2.749998859679912755e+00,3.012998692923312127e+00,1.558601907222772809e+00,-2.171591652550840301e+00
2.311342868126608607e+00,-1.314772612055472134e+00,1.288956980474665670e+00,-6.000125644023468485e-01,1.424463488942914857e+00,-2.443490269065331510e+00,1.796972070113308062e+00,1.003933783722516182e+00,-1.146158595259700874e-01,-1.594203540349773185e+00
2.545198226922289919e+00,3.026724584825909670e+00,2.473913039596838281e+00,6.045070889032709616e+00,-2.228581596555658795e+00,-2.496161704233540668e+00,-1.985188676436083099e+00,-1.773960626021729547e+00,2.064484223608645586e+00,2.084689057159883951e+00
5.648494838973917354e+00,1.173974097326585531e+00,3.414557446005422214e+00,1.138431581224864653e-01,8.675424307132617585e-02,-2.637093400278932798e+00,8.253684311743123558e-01,-1.294845294428883520e+00,1.512403986167545789e+00,-5.608956873543600175e-01
9.015971705103769107e-01,-7.335947084639667937e-01,-1.674082978116975706e+00,-3.596868756148241975e+00,5.631299603169104273e-01,-2.176712180607642377e+00,1.513848814559975997e+00,2.820851989164780527e+00,-2.265068670104803950e+00,-1.097928756111114179e+00
7.052145245935075302e-01,-1.505880528781693872e+00,-1.827348301722421908e+00,-6.020262547159023203e-01,2.012795091685180893e+00,-2.081008998054926451e+00,2.671775041282066887e+00,2.954657183961560740e+00,2.931040339218221824e+00,-1.861898910987115130e+00
2.541281390168199650e+00,-3.278377418032261681e-01,1.784173953294061699e+00,-1.185294056062821566e+00,7.453282204800295574e-01,-2.505417862817640451e+00,1.546742830881298936e+00,9.648820936001598625e-01,5.439452399618041056e-01,-8.806032003244605999e-01
3.614924366432526792e+00,2.407184124758518617e+00,2.407748515591685567e+00,6.304390063044398751e+00,-1.971180016316540495e+00,-2.569577511229098388e+00,-1.889519329246570845e+00,-2.814728010336018826e+00,-7.999172267766936351e-01,2.292143472999224940e+00
5.578450693141341787e+00,1.413047109319327976e+00,3.359988865015106629e+00,-4.308322230599334057e-01,-3.138182936466389350e-01,-2.645819313163670472e+00,-5.389534233270486530e-01,-1.673622626786533729e+00,-1.906055219786230159e+00,4.209460323180880259e-02
6.653838969706573181e+00,-1.632592549404146665e+00,2.859726981034043103e+00,-1.573044430802885696e+00,2.652088192442295878e+00,-2.677085077726281348e+00,2.688279271577642238e+00,-2.254492221503261007e+00,1.984774366555801528e+00,-2.029067328816232862e+00
2.285478440914557652e+00,8.766245635074794151e-01,2.340180663025689611e+00,3.386721517658086711e-01,-5.412230946388918440e-02,-2.495089727276693203e+00,8.428898478183707299e-01,8.403750624878068010e-01,3.294916735443022660e+00,-4.868264781600677438e-01
4.951587189937782796e+00,-1.320656110233332736e+00,3.226514179958687389e+00,-1.062599223375511714e+00,1.508928102213278777e+00,-2.627102559561956596e+00,3.196802218261209916e+00,-2.419272801991119604e+00,1.648642615461797689e+00,-1.569018779835778643e+00
5.155840628910891787e+00,1.886636282323165936e+00,3.326495048703135282e+00,4.249873465519694582e-01,-9.688307782161631465e-02,-2.636795309961688982e+00,2.123235032154674740e-01,-4.140675022781628023e-01,7.690453063334503625e-01,-3.119102920377341270e-01
3.209729757662568073e+00,-1.175518180727183282e+00,2.167880566673455522e+00,-8.875445257595951931e-01,1.459837050140021297e+00,-2.558071403773776176e+00,2.465847443355824620e+00,3.670824456358272592e-01,3.152353469037622702e+00,-1.515438873917198226e+00
7.746880926773975773e+00,1.128142156703159094e+00,2.591117711354065101e+00,7.068500721532360309e-01,-1.301842144770937182e-02,-2.696297888949895860e+00,4.659842849615555282e-01,-1.904905003955339460e+00,1.481001201042150939e+00,-2.228857287596548442e-01
5.868327505044810266e+00,-1.564348838035106715e+00,3.354524245299859153e+00,-2.539991037019473374e+00,2.411850556303596349e+00,-2.643714951026476356e+00,3.156279712031172302e+00,-1.909903856174041348e+00,-3.046914651135912422e-01,-1.969254156982363169e+00
2.683959219276528252e+00,3.510558664078526458e+00,2.683950907444611733e+00,8.966873477566593920e+00,-2.139604439399117375e+00,-2.494353562441731675e+00,-1.940682881076930988e+00,-1.631379387158820915e+00,-1.248423109893419092e+00,3.058230230553245388e+00
1.143810952119433288e+00,-1.461651001020191520e+00,-1.476870360661616921e+00,-4.708047376878920609e+00,1.913282067273988751e+00,-2.315510455428889003e+00,3.377555948038740041e+00,2.779402373106909074e+00,-2.179062436308229156e+00,-1.724394979043677223e+00
3.671694546970423634e+00,-1.703152830362447023e+00,2.852203032950323625e+00,-2.058308674518231296e+00,3.319810647000629444e+00,-2.565370204184683978e+00,3.252863930098200740e+00,4.523904699477667712e-01,2.615765251667907521e+00,-2.159509344507511308e+00
5.175521093956996665e+00,-1.593451728234891673e+00,2.595721712228534983e+00,-8.886109559452304296e-01,2.536168441451980726e+00,-2.635221842495508504e+00,3.121139677140206903e+00,-2.619321883611897217e+00,1.560224536557436537e+00,-1.937536037960081003e+00
6.092976930648642764e+00,-1.534540079374823840e+00,2.712301459296460937e+00,-1.309182513918683011e+00,1.962986557728093828e+00,-2.664858086632316603e+00,2.780263027833401068e+00,-2.064920105202344036e+00,3.346552395043996597e+00,-1.848645680136176139e+00
6.607137906020972284e-01,-1.708967398328242959e+00,-1.762099228112879556e+00,-5.841706218948261586e+00,3.395225952182650886e+00,-2.149562981326731848e+00,3.388173916985413925e+00,3.057912806527123273e+00,-2.973576334782394248e+00,-2.171831472051294121e+00
5.691125292589952700e+00,-1.477887331536736681e+00,3.656752128497277710e+00,-2.936622531295031369e+00,1.774987246705141075e+00,-2.644269646202252133e+00,2.406194808197613000e+00,-8.882588121490817556e-01,-1.296931591876974821e+00,-1.782411376265109482e+00
1.644008733106925524e+00,2.722371894082070032e+00,-7.203409244322369620e-01,5.814867977863945825e+00,-3.471663255421015393e+00,-2.384373586933461464e+00,-2.255757345477621634e+00,-1.047290881582482847e+00,-6.547622056981947658e-01,2.662853695645497787e+00
2.604835102229372534e+00,2.299123587341748376e+00,2.360720767160687128e+00,6.740080374161267152e+00,-1.613643962293176193e+00,-2.501449536077601454e+00,-1.656248425314882589e+00,-2.100441139766275889e-01,3.237796461142779414e+00,2.011610064412622023e+00
3.530953654008201603e+00,2.391074113871908047e+00,3.342567278242223328e+00,3.204922342180667627e+00,-6.265550333388012483e-01,-2.488241233746699255e+00,-9.639571928010299828e-01,-7.408738834585983923e-01,6.355060868690367570e-01,8.410233133282629669e-01
4.225860157858849497e+00,2.026853624923893094e+00,2.485018169803767218e+00,2.055977773186581370e+00,-5.024331751851431882e-01,-2.599655827154638832e+00,-8.298572043729653958e-01,-1.132030256717811767e+00,1.260586488343143685e+00,3.648937139929093743e-01
3.804277521411840723e+00,2.978012281542214534e+00,3.762999630429245457e+00,5.382143549420122852e+00,-1.415107270114605686e+00,-2.549585752074779776e+00,-1.627590628476195400e+00,-9.346404472041918154e-01,-1.603963419271000612e+00,1.533645959472839104e+00
-1.440866434346592673e-01,2.194326616182014522e+00,-2.135665347871074093e+00,1.971776063617072250e+00,-6.920736090896064674e-01,-1.933254142889337057e+00,-1.154766603464242536e+00,2.565210686425740683e+00,-1.697581854320827421e+00,8.277334100477204970e-01
-1.356413009646789014e+00,2.259308253445023507e+00,-2.371317378323656744e+00,9.213874371983056477e+00,-2.655401061697161946e+00,3.992178195039683963e-01,-2.082008134051039239e+00,1.363096735009683869e+00,-1.100597986123612593e+00,2.437196799633448929e+00
5.601084231052419149e+00,-1.701200000708362081e+00,2.935265544524837455e+00,-5.604211475851839097e+00,3.364897718168134766e+00,-2.643093339631664485e+00,2.590131542567459366e+00,-3.375619250358989909e+00,-2.912021369052898656e+00,-2.159385529413970772e+00
3.159562966765966374e-02,2.123172537448679620e+00,-2.129579548932640787e+00,2.304058408482533515e+00,-6.571565491308226648e-01,-2.044135629754187278e+00,-7.807328660294330369e-01,3.207020015020305870e+00,3.076609151709426726e+00,4.884698673758736120e-01
9.880997187721738406e-01,5.875391396538554023e-02,-1.449391428848801677e+00,-1.261418409954004671e+00,4.844753206553784608e-01,-2.284569291804118940e+00,1.696819820659307254e+00,2.265003599021575553e+00,-6.638725865505374912e-01,-7.336541368521336537e-01
-4.092877785576318761e-01,3.049111856015290556e+00,-2.223888269018569286e+00,3.784357040496513669e+00,-1.094761477963309027e+00,-1.646883666245336331e+00,-1.395572182787364834e+00,2.947417160135761272e+00,-2.096488678191998023e+00,1.321314706302549657e+00
7.184095607825696561e+00,-1.510193296641906047e+00,3.246954641437033828e+00,-2.501697686503133955e+00,2.022109444036248149e+00,-2.678598959336030205e+00,2.597734522448704286e+00,-1.815128124730276404e+00,-1.093301752386346415e+00,-1.813474569495077127e+00
1.636980340663338085e+00,1.793772037804735930e+00,-8.419592583802820718e-01,2.504406887838606099e-01,-6.203931017344346266e-01,-2.403380592920282499e+00,-1.035283680490413083e+00,1.319240510909729380e+00,-2.129476736188558483e+00,6.337032935552685542e-01
9.408337345770745319e-02,2.105163140124293619e+00,-2.011370926663867742e+00,2.495897914971748843e+00,-9.851000805794001280e-01,-2.006721576615621672e+00,-1.373096000306770925e+00,3.337333687003509297e+00,-1.709125051647478966e+00,9.485651635869074561e-01
5.010119188470280704e+00,2.066250808649862769e+00,3.122019076386767011e+00,3.982094625455295578e+00,-7.035076277873688610e-01,-2.616416854532891634e+00,-9.566441769217441937e-01,-2.610390301285717030e+00,1.803171768463048608e+00,9.750160619945973384e-01
4.790731607929136215e-01,2.465357111178037908e+00,-1.998986091465579484e+00,2.468216559976772029e+00,-1.387183868507384066e+00,-2.203038786251872327e+00,-1.410204004521499188e+00,1.726816823650587196e+00,-1.833845683384127678e+00,1.231710551842194246e+00
5.951942447384658053e+00,-1.525519860839988695e+00,3.912410890250268558e+00,-1.581777402364095364e+00,1.926538442266277684e+00,-2.659110062631223848e+00,2.013898094290349050e+00,-1.802281219027559889e+00,1.391904019279309956e+00,-1.824057607093399591e+00
4.445424632747014826e+00,-1.670631224515253921e+00,2.927438716712480904e+00,-1.447580207967860577e+00,2.983490511234204057e+00,-2.603209141642178981e+00,2.741620819825858923e+00,7.014140745984187575e-02,6.535586363228658158e-01,-2.085905817217803548e+00
4.160669291210617793e+00,2.704948997015895529e+00,3.758328204244009818e+00,3.631855361588889330e+00,-1.222827863887025135e+00,-2.600944316438367654e+00,-1.523647863136121439e+00,-1.732687609756953684e+00,-2.484419741241284285e+00,1.224096296741498557e+00
2.231325974242571508e+00,-1.682089621921179612e+00,2.194828341464410748e+00,-1.048075582595959787e+00,3.170094706707898169e+00,-2.475222737709619203e+00,2.747036419025815412e+00,1.043221154738385614e+00,1.845960292034421357e+00,-2.124431434878546021e+00
-1.698565524100784874e+00,2.401397736365283198e+00,-2.407749810723414097e+00,1.049326715419809730e+01,-3.402361228466092680e+00,2.180471246154237708e+00,-2.244979225065581119e+00,1.313125054419701065e+00,2.470107462441136548e+00,2.244100571056950599e+00
5.327793498642842351e+00,1.225296119478057610e-01,3.296161675249384082e+00,1.113979026440024001e-01,2.342597722565020746e-01,-2.642709709653238814e+00,1.600298743557345027e+00,-3.201688468582234215e+00,3.191912206604263780e+00,-8.536532143979739251e-01
1.886845875877411594e+00,1.945295044761345071e+00,-1.181821620752145502e-01,8.628882841827905992e+00,-1.367925785268646166e+00,-2.433115208364604598e+00,-1.550949038076324005e+00,3.446608139286548855e-01,3.212995445958668483e+00,1.325399285072361266e+00
3.245962740116563161e+00,-1.637396877317121913e+00,1.930031621010251275e+00,-1.760932968976873347e+00,2.680019986306536595e+00,-2.529208147318087629e+00,3.474494244474353621e+00,1.002391433518821096e+00,1.444595582426932978e+00,-2.026530868792464357e+00
2.359376405771796303e+00,2.208706260889867323e+00,2.581701130438772918e+00,5.001726270897264293e+00,-1.745640958642801888e+00,-2.499195443341140965e+00,-1.802970962625073836e+00,4.929638741318185247e-01,-1.460588226938356549e+00,1.640238916571883587e+00
4.506591218375054275e+00,-1.322527321943852696e+00,2.354665531556014990e+00,-5.274395747928300793e+00,1.241882806303609144e+00,-2.614915070699804112e+00,1.769860990434219294e+00,-1.584257157494669332e+00,-3.234618322053135930e+00,-1.541836640949097115e+00
6.052007218350352602e+00,-1.527929120091931381e+00,2.755618203744250927e+00,-2.063137457476931225e+00,2.172968638819235743e+00,-2.644077885452972509e+00,2.119165060508309661e+00,-1.954230011226979258e+00,-7.683870664168517273e-01,-1.914890522597070266e+00
7.327019452992480808e+00,1.976065174208828878e+00,3.085731100993481135e+00,1.794953465800678272e+00,-4.749636505262837538e-01,-2.684318601187841935e+00,-3.886762298614440114e-01,-2.424922412771410407e+00,1.631886258524188449e+00,4.992265836466120432e-01
1.779753350570635106e+00,-1.316720803489821678e+00,-2.969988337812956569e-01,-1.525273166782475709e+00,1.764941646915536566e+00,-2.424922849979931794e+00,2.052115302353653803e+00,1.819112686559749115e+00,3.084470290957346705e+00,-1.582870078238257427e+00
1.871965412618139313e+00,-1.548374442516556426e+00,-1.759403551077386441e-01,-5.624052660691294392e+00,2.307215735494033915e+00,-2.403198227514533158e+00,3.495071659014257648e+00,2.049028548771390845e+00,-2.705217463140127343e+00,-1.874197690769855207e+00
3.939951157730431142e+00,2.929006823017324734e+00,2.327402698775146384e+00,5.784307861700431097e+00,-8.467635952732726068e-01,-2.568827682695583814e+00,-1.048433982247663154e+00,3.523641225668154853e-01,2.956935816078312129e-01,2.009874814327158976e+00
2.361069962087133101e-01,2.992369829205372866e+00,-2.044041989323356567e+00,7.724171400209426608e+00,-2.824152731207793643e+00,-2.025730124391300624e+00,-2.137237373077087277e+00,2.262793578460002841e-01,-1.765839751433184723e-01,2.053195191234414185e+00
3.453005773599976180e+00,2.479446411912969772e+00,3.444956201590610778e+00,2.850061547842867693e+00,-1.707022958097013987e+00,-2.547523969757132800e+00,-1.759200136221633404e+00,-9.722546543187857715e-01,-3.179901869673149140e+00,1.733693071341779524e+00
5.391700478954891018e+00,-8.943323490950594312e-01,2.559935761432507118e+00,-8.549469225090516877e-01,6.435461073191479642e-01,-2.647116925492073669e+00,1.236306878290240663e+00,-2.969049356134529916e+00,1.054741940894523111e+00,-1.225774380466007951e+00
-2.035111833848923801e-02,1.865011139611087554e+00,-2.029017649697663295e+00,1.657454237994504975e+00,-1.646595961511851947e-01,-1.935657193825951916e+00,-1.693820799635951946e-01,3.388212110062890581e+00,2.608057848495354492e+00,-5.239587258482863996e-02
2.856779561412228219e-01,1.075102516935515728e+00,-1.975317622744348744e+00,2.907711707132519141e+00,-8.445801708976174993e-02,-2.080431495856931878e+00,-4.809580313863072443e-02,2.588936498495206351e+00,-2.670317534985953145e-01,-3.389688174669389653e-01
5.139995594298631509e+00,1.588375431397649695e+00,2.722526160909622739e+00,1.459582374342954569e+00,-2.903981343434458573e-01,-2.633694521019953161e+00,-4.490358758156381969e-01,-2.061506114431150838e+00,1.628600580384631513e-01,2.508131116056422361e-01
4.520808914993179606e+00,7.345081505215983464e-01,2.448467803074541482e+00,-3.310029134331558431e+00,1.721483452839356332e-01,-2.596913119589419061e+00,7.691655918791227009e-01,-5.260315259867334170e-01,-2.255470916589704000e+00,-5.576894782034473863e-01
2.326838003898919816e+00,1.688506416337678395e+00,1.626974046221605352e+00,-1.314002605969950555e-01,-4.058927754359089590e-01,-2.485681006356745382e+00,-5.814733479866187604e-01,1.067600425003843334e+00,-2.652170572346894240e+00,6.289759209659754324e-01
5.260567241794563920e+00,-1.558330568031585761e+00,2.657424636859723410e+00,-2.473795347394206257e+00,2.468444466476380050e+00,-2.643673427826155553e+00,4.590642853964281400e+00,3.685210891961880897e-01,7.969349038297099952e-01,-1.921437007658350016e+00
4.645757190003591219e+00,1.451712929886949777e+00,3.398800448501419602e+00,3.748871408717459275e+00,-4.659271787145087274e-01,-2.624232047090796716e+00,-5.009045735541275413e-01,-1.741599184326938499e+00,1.514870874025261216e+00,8.741468082509822046e-02
5.788169366409083416e+00,-1.581464804759059595e+00,2.989566903508398266e+00,-3.070806770781008499e+00,2.288092577964490282e+00,-2.640664359499457436e+00,2.349835182718705173e+00,-1.231633751576193703e+00,-1.487476389827115941e+00,-1.940500142825330121e+00
1.389111744984138586e+00,4.846584309652690048e-01,-1.275205783833903039e+00,7.003626675666034807e-01,6.539445757730710795e-02,-2.356830194808226864e+00,2.528015647255417164e-01,2.017152286364970237e+00,-3.846454308559899005e-03,-7.467412640117572220e-01
2.834969141704958062e+00,2.556198545689098101e+00,2.447211264929070929e+00,7.973337315369239064e+00,-2.895361137405511265e+00,-2.496047954712563577e+00,-2.148541357402345753e+00,-2.362844885311170096e+00,3.206415715515939624e+00,3.411179864739035228e+00
5.245032158155451540e+00,-1.191294918379236512e+00,2.943768761195125094e+00,-5.291659185223684503e+00,1.120279035560642455e+00,-2.640935621831707270e+00,2.093733620934959738e+00,-2.928932273364516448e+00,-3.266735201091889529e+00,-1.495244229194683472e+00
1.576181638368224114e+00,2.424382313990414595e+00,-1.014588536459733570e+00,4.493377673784221038e+00,-2.053837750473114010e+00,-2.365794556563040274e+00,-1.869883641373546679e+00,9.229301408752643709e-02,-1.849306084709060549e+00,2.675641036317908394e+00
5.795494074545087138e+00,-1.618326382907960381e+00,3.874821332619091230e+00,-5.135670950229076048e+00,2.430927257551647180e+00,-2.649326532318802663e+00,2.199306487880448469e+00,-1.950691738678835829e+00,-2.778627224262937290e+00,-1.981047383337875223e+00
5.067663815498560709e+00,-1.273878631716908405e+00,2.578265470085681077e+00,-6.529693646935870177e-01,1.269513903677149891e+00,-2.637567002915579994e+00,1.913332550842083757e+00,-1.873784502019266718e+00,2.253947027993990382e+00,-1.539255775580375962e+00
1.581387161969718402e+00,2.417387578511669854e+00,-8.890663015029138805e-01,1.042672014249930967e+01,-2.251428554827779926e+00,-2.358742480207840941e+00,-1.921076081463815033e+00,1.814164794534667280e-01,3.445704182146112515e+00,2.733914031208080520e+00
7.986371425550825576e-01,3.519482214192494851e+00,-1.824719006994807380e+00,6.287312286012245011e+00,-3.010986878624577479e+00,-2.260361245330103408e+00,-2.172265249299555556e+00,-1.026515914006642660e-02,-2.381896953561732477e+00,2.843694689640554607e+00
-2.941514019780766542e+00,3.879992156809124015e+00,-2.527134388934995979e+00,6.323901210693239072e+00,-3.432182804422429179e+00,2.289588313227048921e+00,-2.248818749282992524e+00,2.995708546781113313e+00,1.763306321564902746e+00,2.399596620462598029e+00
4.394139232294868691e+00,-1.607393269333767583e+00,2.916170759586298900e+00,-2.675785778278365612e+00,2.744347606569301767e+00,-2.597558500937804382e+00,2.508671442123508122e+00,2.414494608651418517e-02,-1.488347175783900411e+00,-2.021083606846139968e+00
3.510327922491303099e+00,2.155041746882736309e+00,2.087402192583834637e+00,5.491256468359114962e+00,-2.565743532930464532e+00,-2.553571324879196691e+00,-2.041607086758445710e+00,-2.125380987478477923e+00,-1.198787442159782834e+00,2.212536153004892370e+00
6.428722811762489719e+00,-1.547031875353063191e+00,3.132810933521325225e+00,-1.945088714528830032e+00,1.954343819759719381e+00,-2.665361626320501998e+00,3.014370921939064196e+00,-3.310452379865027162e+00,3.008936661317372696e+00,-1.856561093364365478e+00
4.933482213885286072e+00,-1.658498310254045371e+00,2.698635498498741292e+00,-1.782925223292996852e+00,2.976143980862841154e+00,-2.617599289612546620e+00,2.299685795835541224e+00,-2.910753424130684053e+00,1.487661960419437435e+00,-2.086719363706240671e+00
4.394852572700299831e+00,-1.273958410294016463e+00,3.874422491510108202e+00,-1.228987896023201465e+00,1.506251242746198038e+00,-2.573485717789810057e+00,1.947671837895609936e+00,-5.609964589878053687e-01,2.184521525111714269e+00,-1.496409406150034149e+00
5.198747908888542213e+00,1.567519316885198410e+00,2.934285504576915837e+00,2.608530439050860128e-02,-6.426971004385473307e-02,-2.628668608877692936e+00,4.896878739962940985e-01,1.198496629919847400e-01,-3.166699368622207800e-01,-1.621918148124906756e-01
3.210996411884118107e+00,1.047185441457676669e+00,2.776149132196103153e+00,-1.053756404851180495e-02,-2.135118795048742690e-01,-2.557301141324140215e+00,-2.840718375233424187e-01,1.025434130299707647e+00,-1.209161251828779982e+00,-4.593377439499471415e-01
5.621222126199203473e+00,-1.621949190549689668e+00,2.999915998129808692e+00,-5.367706850910686889e+00,2.678965025750328799e+00,-2.639974811704238977e+00,2.945657497108489675e+00,-2.015526472148425619e-01,-2.531852775695795366e+00,-2.008604966443185535e+00
3.589181559368708641e+00,9.999982187240763487e-01,2.065442530760017714e+00,9.594343780005671896e-01,-8.112958041727091896e-02,-2.581374933723158183e+00,3.300566817892355287e-01,1.107394724312882772e+00,8.776472582834200509e-01,-3.556699940405739779e-01
4.387592784541687330e+00,2.711066605364739424e+00,3.180301855901566999e+00,7.374307847275202832e+00,-5.980276039538283683e-01,-2.606541261608107174e+00,-8.571751390806674475e-01,-3.494981282914716214e+00,1.258845515596292763e+00,7.867969279097950519e-01
3.700043817209321517e+00,4.347639612507048668e+00,2.470880537702432100e+00,8.114143090922352641e+00,-2.281216334410073987e+00,-2.543225690878348377e+00,-1.956706585469597526e+00,-3.396533518498809912e+00,3.012782003646344187e+00,3.206753293377937020e+00
7.999601386403173420e-01,1.169577449742903230e+00,-1.729161485672756848e+00,-2.084632229621124822e+00,-1.729739066396880354e-01,-2.284835089828187726e+00,-4.779155723019140600e-02,2.119135581873680785e+00,-2.623922433067568338e+00,-4.494316182136416371e-01
2.525172124377362159e+00,-1.437764871415772028e+00,1.571047909989951474e+00,-1.298947689909411007e+00,1.985535755849011430e+00,-2.472359063300369364e+00,1.977482462158693055e+00,7.959148994924429843e-01,1.659423123059523775e+00,-1.801882208195894508e+00
1.502804448020772732e+00,-5.484975130343849870e-01,-8.894587353312140010e-01,-1.013980045359946791e+00,3.950059903421840879e-01,-2.379718419393258788e+00,1.652814006495976207e+00,1.790165868938823124e+00,3.257801142384049164e-01,-1.012210514274903383e+00
1.484800798451423987e+00,2.560971394291672976e+00,-1.115910064092743070e+00,7.176179613801179080e+00,-2.380930425575059850e+00,-2.350558712257698080e+00,-2.014843865781098309e+00,-8.511764105921200141e-01,-2.986892526092144173e-01,2.436879077648552272e+00
5.357753213012778071e-02,2.396980789715848381e+00,-1.965264373568844425e+00,6.692127745157055330e+00,-2.493194440232608056e+00,-2.050438934917353073e+00,-2.062893841624955371e+00,7.065358052174808279e-01,1.770428659542725214e+00,2.219970946011525559e+00
3.803206951582430051e+00,-1.163418824477945090e+00,4.386098399597383235e+00,-1.324040637696063616e+00,1.046241208487544760e+00,-2.584645208078795608e+00,2.321434140825537007e+00,-2.158110622486280050e-01,7.509286066320512987e-01,-1.446184343381128556e+00
2.385764630174522338e+00,-1.831778805297760715e-01,2.120836842720311921e+00,-4.431995698133133210e+00,2.745651818962686619e-01,-2.453944653945956844e+00,1.327924218916502364e+00,1.577213604740862252e+00,-2.780718894127676144e+00,-9.328379417383956262e-01
5.696973018648716192e+00,2.389089499395334215e+00,3.319009676082583571e+00,6.718569909691873399e+00,-1.220206635082291768e+00,-2.644927578807822144e+00,-1.536273762113322450e+00,-2.816382427765896423e+00,-5.659052122456529332e-01,1.923479759382395127e+00
1.969395656576496068e+00,3.280717731271364457e+00,7.020439499328278155e-01,7.668082120174871008e+00,-2.470902735778391257e+00,-2.434839063887203725e+00,-2.034910485825159210e+00,-2.677558848106980527e+00,3.469691355451208992e+00,2.284062557383355063e+00
-1.954495439160981451e+00,2.210090644233574597e+00,-2.438218885498286692e+00,8.512775727049461949e+00,-2.380909529999522878e+00,2.928454544228760170e+00,-2.028163652222187974e+00,2.192564822404656333e+00,1.872886568618288727e+00,2.649106010123501331e+00
3.161787086412266579e+00,2.749225198483209898e+00,1.854931080969647095e+00,9.564901846590400325e+00,-2.594113638044240666e+00,-2.487906040907995386e+00,-2.070289663098686894e+00,-2.762392436187935285e+00,1.838062647240874981e+00,2.645727356701227162e+00
4.673131932568873603e-01,-6.570946094217088307e-01,-1.955528124405237600e+00,6.025437156971511499e-01,5.524567127722619375e-01,-2.137216924225811443e+00,1.710932415304254217e+00,3.251575708464301329e+00,2.955442949484645254e+00,-1.146364301657953222e+00
-1.512011572998099629e+00,2.529695199787717730e+00,-2.395986732553556653e+00,9.701335053230849326e+00,-2.854178807151467545e+00,1.245028571789027261e+00,-2.126489692813606780e+00,1.488476237936272817e+00,1.605698277533650575e+00,3.445118460642677682e+00
3.439750531402545164e+00,-1.659743114981728995e+00,2.072268066580056356e+00,-1.461455963976003414e+00,2.873813056754245032e+00,-2.557492680038066180e+00,3.119355739427872809e+00,1.679613575597738162e-01,2.435892830416791277e+00,-2.063796453057128222e+00
-2.633792281673718705e+00,2.993554496643142215e+00,-2.506792980569459761e+00,8.512565033710171036e+00,-2.919197766406628425e+00,3.537078165072895963e+00,-2.157142083372268537e+00,2.702826106380130433e+00,-6.924161015020477983e-01,2.461338932998774709e+00
6.184781161422233664e-01,-1.540482503253501445e+00,-1.788634716086604737e+00,-2.195411210884046227e+00,2.102649234750669116e+00,-2.246208451981783316e+00,3.348171515418206567e+00,2.543310826257570767e+00,-6.989873873241023716e-01,-1.875359751893115989e+00
1.789527210687156478e+00,-1.599074596609654897e+00,-2.931110083640193764e-01,-1.733382397517667650e+00,2.639916761168668025e+00,-2.405250000931869359e+00,2.298150462830232499e+00,1.927987962558340485e+00,3.199222777973623977e+00,-2.004934813903078261e+00
-2.234011271550662592e+00,2.353521275237250965e+00,-2.454928990712958115e+00,7.105550589050662502e+00,-2.845783804891178548e+00,2.322899730761526449e+00,-2.129283761869575908e+00,2.081050049908247601e+00,1.802455480947836364e+00,3.275574273023810434e+00
1.053417982775620931e+00,1.614506218488190648e+00,-1.595052538225102179e+00,3.056997761541792258e+00,-5.158588377373285461e-01,-2.189426953142369570e+00,-9.083335446736202634e-01,1.970433619765890931e+00,-2.007918295246495788e-01,3.979196001678514394e-01
2.952591511605018315e+00,2.144158932413025020e+00,2.606763699203791251e+00,1.803224999055742517e+00,-1.874552823800268442e-01,-2.542061676024899519e+00,-1.561520471991358905e-01,4.879422937457640330e-01,-7.282358759795126701e-02,1.516731999692677579e-02
2.333589810316454738e+00,-7.284024044810867293e-01,1.277549864030638860e+00,-5.028661134119156273e+00,5.613797403428160138e-01,-2.460184663127741977e+00,1.183350389928965463e+00,1.587957206548439970e+00,-3.383864732789758190e+00,-1.191063867585391289e+00
4.256213884652296109e+00,-1.399859756317805015e+00,3.237070763904603687e+00,-4.027053935615489522e+00,1.513709219526131022e+00,-2.604435172714548052e+00,2.115188832031468458e+00,-2.999526291472669470e-01,-1.891864877055076555e+00,-1.701769170511270968e+00
-2.416799630252993936e+00,2.172616808449673087e+00,-2.487635775983974007e+00,5.954797981713907618e+00,-3.310517106559669465e+00,2.560868730202533694e+00,-2.226002776356952317e+00,2.115510443276463981e+00,-2.008846833180251146e-01,2.698245140217997218e+00
3.206688328368746177e+00,-1.385902349502478703e+00,2.311302620356774362e+00,-2.775889874557390335e+00,1.619781379998786797e+00,-2.553723733904352144e+00,1.917516453596239456e+00,1.704718545316164402e+00,-1.443408823831909160e+00,-1.686810781073651899e+00
1.303281002232715924e+00,-1.490371437020203027e+00,-1.206942964971082111e+00,-9.267587190183339541e-01,1.868744538156478008e+00,-2.301694557251427131e+00,2.738508508503413097e+00,2.564041065380055606e+00,3.372712601747687167e+00,-1.788776840910269117e+00
-2.915895373199606233e+00,2.561957564284915723e+00,-2.525374238364020307e+00,4.496021816597362886e+00,-3.431634950826016883e+00,2.663906938114124490e+00,-2.248074423145313805e+00,2.992428567905272452e+00,-2.691344457780427302e+00,2.518650439390408113e+00
4.346936865415754525e+00,2.771279411096494449e+00,3.522221523203074689e+00,9.843171729230558498e+00,-1.341996828361107230e+00,-2.576925096526434089e+00,-1.561259174642970482e+00,-3.404535765850053242e+00,3.890597893784164540e-02,1.331548866902093842e+00
2.019131396327111361e+00,3.063273087007667428e+00,5.423019757315828970e-01,2.546436779811169782e+00,-1.869941702433140840e+00,-2.426603237850785355e+00,-1.771794077416984914e+00,-1.370500211490295328e-01,-3.430611806979991574e+00,2.606817878744045913e+00
7.480547434710669297e-01,3.513550069971314582e-01,-1.782206240502016703e+00,-1.150886280019411512e+00,2.399199557966769092e-02,-2.258204523298951827e+00,2.245092403985995966e-01,2.920063770711943008e+00,-1.592371289131424561e+00,-7.046065329410847733e-01
5.645925555359014858e+00,-1.683824797107223548e+00,3.437609126670249537e+00,-4.080301687585443204e+00,3.176049664646822812e+00,-2.651234011081064601e+00,2.590098522830792671e+00,-2.310455099397276779e+00,-1.928983927799332809e+00,-2.119436957372229369e+00
4.761562125647810895e+00,-2.805813837249759857e-01,3.044478328422131952e+00,-2.128058787654454331e-01,4.046791061801027212e-01,-2.616576645148803504e+00,1.081727142187549395e+00,-3.225443898056824743e+00,7.356252763527066918e-01,-8.341033265431443411e-01
1.190645539486800963e+00,2.239093674741292617e+00,-1.374085912704162471e+00,5.814335173999656270e+00,-2.817719178921571199e+00,-2.303590795464451002e+00,-2.108826477719116799e+00,-4.889806575087014551e-01,2.710532619265116239e+00,2.054828334386088251e+00
4.612400787675060343e+00,-8.066466113826036288e-01,3.396538389071261932e+00,-1.541286496755243762e+00,8.517494352926169299e-01,-2.584394153302470354e+00,2.692016797713840504e+00,-4.812267265368057600e-01,4.651044803509636338e-01,-1.263142448691612074e+00
3.234116490167445956e+00,-1.628308941244859698e+00,2.242210536973267665e+00,-2.054787473681414234e+00,2.541158316622449398e+00,-2.550924489583772825e+00,3.327591061533651029e+00,2.183658593651132129e-01,1.008717812546124470e+00,-2.000090735430443356e+00
1.074986475424634769e+00,3.745540949852345314e+00,-1.539120928502815566e+00,5.035832167626674405e+00,-2.396574069843396604e+00,-2.267335983480159189e+00,-2.034049245820759300e+00,-2.054685221587440047e-01,-1.540536325181956157e+00,3.112897865596612412e+00
2.200252609497519884e+00,-1.713353020728051623e+00,1.610781131310992542e+00,-3.021148659229079048e+00,3.447006662999590354e+00,-2.437646137084884757e+00,2.411354614738153934e+00,1.385956738284304990e+00,-1.337934578422641518e+00,-2.180453220688470584e+00
9.183599409080008824e-01,3.040918431804543243e+00,-1.701135746279033745e+00,7.909385631627873003e+00,-2.904992527396223156e+00,-2.240662325913667985e+00,-2.157272743823614114e+00,2.927567915171089830e-01,-6.963300472795808105e-03,2.250510593078172583e+00
1.692369484918574973e-01,3.092671029911436165e+00,-2.068297353941093153e+00,6.243479225682450284e+00,-2.838794600946538349e+00,-1.907775633312170482e+00,-2.129078532594033124e+00,2.963831551950599774e-01,4.799176443284753901e-01,3.181759973833453436e+00
2.388124813549389991e+00,-9.674686837992607646e-01,2.208333389760265497e+00,-1.398348670110391323e+00,9.352552279013375269e-01,-2.431038319768689782e+00,1.597666129898869247e+00,1.170492740188930014e+00,3.243024446591875609e-01,-1.389903776673499403e+00
4.913363559169905415e+00,-1.674787301582776111e+00,2.436858884439230266e+00,-3.179923164437998384e+00,3.145082313112844474e+00,-2.622104703949343474e+00,2.757598641069239687e+00,1.567308468892782969e-01,-1.679675574007214456e+00,-2.115604873391648599e+00
6.030360646048781526e+00,-1.665504297958855240e+00,3.147135466865674580e+00,-5.590488379783879580e+00,3.057225316526187342e+00,-2.659896164485519243e+00,4.535599596414726875e+00,-3.065084361337630625e+00,-2.478186266799844439e+00,-2.102135163460038036e+00
8.157578764413290218e-01,1.966185067033315859e+00,-1.810234962587813801e+00,8.499053525900197581e-01,-3.683519377500683589e-01,-2.250276949781206515e+00,-3.135403084638990201e-01,2.178812296883764432e+00,-9.213934521943167866e-01,3.488955113400095120e-01
6.477258625336824949e+00,-1.371387086403979438e+00,3.828990123670431345e+00,-1.648000861350778168e+00,1.593874401921540951e+00,-2.668784222572483156e+00,2.234894656257126577e+00,-1.494825186532213301e+00,1.988836370519074137e+00,-1.616748184551355161e+00
5.624098156641723634e-01,-1.315803589152815256e+00,-1.770043758584289195e+00,-1.673702249984817980e+00,1.695665845521780568e+00,-2.223966405512535438e+00,1.937699628529633955e+00,2.811553051770776079e+00,6.729311381638147793e-01,-1.646427484005061226e+00
1.676397224340145931e+00,2.297714742232468410e+00,6.253920677142088547e-02,3.857683794049649784e+00,-1.351097608261711436e+00,-2.422556180749033228e+00,-1.479742485384058170e+00,9.956359292632424030e-01,-2.226888721410325900e+00,1.544556736972921396e+00
-1.791476649426849255e+00,2.668292219334231774e+00,-2.435179549738084148e+00,4.226067872200816034e+00,-2.661600556317107014e+00,1.630335652239390587e+00,-2.050652587886232059e+00,1.847081067580587543e+00,-1.867475820192720182e+00,2.775819179342798204e+00
4.578609300228452028e+00,2.503096450533074169e+00,2.401159164633338339e+00,2.756674431675996573e+00,-3.928492702771109180e-01,-2.577964155833302851e+00,-5.329104746261658088e-01,-1.312423073517904104e+00,2.829345591745439314e+00,2.332340922591945309e-01
4.776814081506815413e+00,2.520797531149445270e+00,2.961229578029743514e+00,2.571849068915264880e+00,-7.575797653622964312e-01,-2.600131822471686061e+00,-1.108755079525326703e+00,-2.407312071241572315e+00,-7.266850682337175904e-01,5.208320344514484335e-01
1.853220328387079618e+00,6.942665776107675990e-01,1.494682581915115493e-01,9.162880491100542368e-01,2.229442395018503831e-01,-2.449067408987524619e+00,9.943267727382585353e-01,1.060269425477755156e+00,2.475906265423370556e+00,-5.933486302925069511e-01
5.437608099424108055e+00,-1.552489772490663000e+00,3.693380215258507349e+00,-7.766184094216050937e-01,2.417503772741678603e+00,-2.640134343305148956e+00,2.604452218965269239e+00,-1.140432564950479399e+00,3.342297682216632815e+00,-1.915174663539614963e+00
4.423325816645462538e+00,8.836259446216222502e-01,3.291524561923224290e+00,1.185187216650249731e-01,2.539218105751266386e-01,-2.612903294697244583e+00,1.011618072296137427e+00,-4.883516538234569104e-01,-9.949289052459482363e-01,-4.968286768478500370e-01
8.712415295326911835e-01,-1.267285746962153903e+00,-1.580205137913103464e+00,-5.572546694887105190e+00,1.261891057322207743e+00,-2.242951402138367634e+00,2.102655541519248938e+00,2.445354345506931537e+00,-3.409576220652177359e+00,-1.574705837205546244e+00
5.003942961673978118e+00,-8.917837135807933358e-01,2.943573191486421159e+00,-1.877521949609455065e+00,7.642430709087157936e-01,-2.608320181677253213e+00,2.712491547609373388e+00,-3.343679067417704598e+00,1.594521254144112277e+00,-1.208100779619645238e+00
-2.031106860384851664e+00,2.711990675147112562e+00,-2.461609956133012478e+00,8.499791965437504260e+00,-2.810653976452204272e+00,1.778755803175714245e+00,-2.128080537820263629e+00,2.060139722619799052e+00,-1.019330526580750629e-01,2.604265240157822348e+00
-2.559060490090651285e+00,3.072088883178577312e+00,-2.491355033912839190e+00,6.807607782687986386e+00,-2.855806900716299168e+00,2.801951150907838528e+00,-2.134611497592890927e+00,2.970044608302836231e+00,2.711952714108123885e+00,1.953769252470394902e+00
5.482158667241392447e-01,3.486112920473842802e+00,-1.775405130981110080e+00,3.831727234770424317e+00,-3.108239201553864905e+00,-2.106344549165468649e+00,-2.179748216159212770e+00,4.375147691701375408e-02,-2.315396367291686630e+00,2.328999001657348522e+00
2.315679145581460041e+00,2.738806694108010475e+00,1.436551023763784185e+00,6.422243539081808450e+00,-2.894272568604283613e+00,-2.473744713397721728e+00,-2.135232550437301313e+00,-2.490746675608069172e+00,-1.797267148511660695e+00,2.877337335425399267e+00
3.770394249220152538e+00,3.497141628465647578e+00,2.658840453963295047e+00,5.624302873784011503e+00,-1.839786944529020030e+00,-2.585023024418187543e+00,-1.777140497094017668e+00,-7.263586275990032703e-01,-1.985078496227452582e-01,2.181416816364715849e+00
7.254153604555758861e+00,-1.531498806034806703e+00,3.744968587170059315e+00,-5.404643064114146966e+00,2.376590767737642551e+00,-2.682013393022714354e+00,3.083539435050952182e+00,-2.457175912259586870e+00,-2.549569469871816985e+00,-1.872520419382482704e+00
5.688375450121962551e+00,7.213166941298410073e-01,3.625679614944753659e+00,-4.111296931675052502e-01,1.565937258991780823e-01,-2.650538595574271294e+00,7.054494502675430212e-01,-2.640786294629207998e+00,-9.776620111434191074e-01,-6.755723751116555764e-01
6.189555373286074191e-01,4.665182294951442654e-01,-1.862210324294140129e+00,-4.064066077368923224e+00,9.152404220081855613e-02,-2.208025050542263390e+00,6.600514288241015048e-01,3.247390938666260496e+00,-3.391053926883421887e+00,-6.599813263193918811e-01
5.863625419957662288e+00,-7.996171562421550139e-01,2.866329080494375958e+00,-1.071597693140461605e+00,1.048823814664173071e+00,-2.639633548118581974e+00,2.111237083883751087e+00,-1.376051153916402203e+00,2.112463015497164420e+00,-1.262688966413293201e+00
5.490998673620773651e+00,-3.253239914018366541e-01,3.285170436439257102e+00,-3.645339909544802914e+00,3.121361416845536141e-01,-2.643208772243327065e+00,7.496207182349656772e-01,-1.633238726447528544e+00,-2.795071428924658985e+00,-9.555509059315504539e-01
-2.144497045344409436e+00,3.065204677297852953e+00,-2.442873599580119848e+00,9.250343243906414159e+00,-3.272742930441153497e+00,3.042222542966521726e+00,-2.211123207769093657e+00,1.897643266746413815e+00,6.710056055234723260e-01,4.169081537462242082e+00
4.279881067689023766e+00,-3.608004358071013051e-01,2.830744435908109757e+00,-2.319786139413683390e+00,5.610620138968398507e-01,-2.600732875021177559e+00,1.362419690985390730e+00,1.982399480085494936e-01,-1.664380808833484826e+00,-9.182999223505812214e-01
7.631858021298434380e-01,-1.482840235320163735e+00,-1.777695037359137586e+00,-5.699149579400268451e+00,1.897623337189752846e+00,-2.089100656776003095e+00,2.425163499650517807e+00,2.610934007682079283e+00,-3.289895201214622311e+00,-1.788597699565330101e+00
-2.293530935195929321e-01,2.168494272576830362e+00,-2.150918501954892648e+00,-7.028113567031766262e-01,-8.664139800946895065e-01,-1.730850751156122858e+00,-1.119903167889135798e+00,3.498976796315161231e+00,-2.732133929802739392e+00,6.775555875112120319e-01
6.092034744714584171e+00,1.164147197177634041e+00,4.214428642376097045e+00,1.486788254402348075e+00,-6.282681369490950019e-02,-2.663450310526866982e+00,3.461617672440696625e-01,-2.938006152565374673e+00,1.394506175117776081e+00,-3.665573283746578759e-01
5.635960725433210250e+00,-1.706699134076497426e+00,3.950721226987831347e+00,-7.136525839839671370e-01,3.371477762828482660e+00,-2.643446727054347800e+00,3.238503279805097002e+00,-2.498451048148647047e+00,2.737436200483358562e+00,-2.165244571760258641e+00
-9.910950636069015829e-01,3.697516397069492200e+00,-2.318121599850705650e+00,3.097400827923153521e+00,-1.787440100164760626e+00,-9.332983185680323590e-01,-1.677557959471345450e+00,3.101721371311680464e+00,-3.117255755201531642e+00,1.483056825413409108e+00
4.162553813488855781e+00,1.949081833686489240e+00,3.518842103056313952e+00,3.194512853236788352e+00,-8.797376235394551713e-01,-2.593085921750693412e+00,-1.144994860388067304e+00,-2.020889090649915953e+00,-1.529943490505521808e+00,7.424712734147811410e-01
2.874700322843688038e+00,2.502868167858655735e+00,1.785939258959775122e+00,5.489901944933216704e+00,-3.180382506077151117e+00,-2.526500165093315875e+00,-2.202087178509129384e+00,-3.185491532540206450e+00,-7.109780574824675625e-01,2.342364330220077395e+00
-1.069654040847789478e-01,3.544149279519948514e+00,-2.041549247994808969e+00,1.102453680697902350e+01,-1.329526520217352292e+00,-1.986518388968689264e+00,-1.523569256012372142e+00,2.522534439085333702e+00,3.350778350675161832e+00,2.018758846099697024e+00
6.307410997866511160e+00,-1.563440178731062558e+00,3.350994629136589520e+00,-1.238933506418341990e+00,2.320635799104960206e+00,-2.666223421500788060e+00,2.551360085128692390e+00,-2.984982407903283175e+00,-4.013243670218318293e-01,-1.922376528242514482e+00
1.235948754963616558e+00,-1.539033138505498055e+00,-1.218012368759205044e+00,-2.000882906601419542e+00,2.149159851909707264e+00,-2.300886570122890884e+00,3.228308718157791191e+00,3.232888801287460367e+00,2.274026135699659612e+00,-1.875730135092261941e+00
2.387517864352944663e+00,-1.185293321731861971e+00,2.353622973390648632e+00,-2.657458007359987384e+00,9.801690870960682034e-01,-2.468165865137943005e+00,1.775560153035747657e+00,1.821953767938587987e+00,-1.532160867531457971e+00,-1.440287234953406603e+00
4.030409535284777967e+00,3.520449459010109194e+00,3.790594846459627298e+00,4.612705822661085975e+00,-9.232831861292614128e-01,-2.598955969417181766e+00,-1.262284363224630113e+00,-6.690437571245473336e-01,-2.228120473077255248e-01,1.008418043396019925e+00
3.926997036704103827e+00,2.242296365252126833e+00,3.621710722238371538e+00,8.259134201695601973e+00,-1.310726929585329881e+00,-2.568602639902840323e+00,-1.550929280802108456e+00,-3.044170634911616435e+00,2.281031482209064265e+00,1.500567361992454218e+00
1.261149310637014853e+00,-1.438144726428398634e+00,-1.399087204358723247e+00,-6.353377675990363738e-01,2.112853050371925612e+00,-2.337665011619908029e+00,2.843545507047388288e+00,1.481301476131521078e+00,1.880844627857470641e+00,-1.794486917472339016e+00
-1.579164207757723648e-01,3.592896606979283369e+00,-2.145751829366856267e+00,4.927283134216104088e+00,-3.006869698390883805e+00,-1.979771037756572705e+00,-2.165040343749244478e+00,4.888394905348922848e-01,-1.830037819941325195e+00,2.902326921670534965e+00
6.466067229472173494e+00,-1.015200986487148072e+00,3.030416438165318027e+00,-3.092558332329577109e+00,1.285010722559183804e+00,-2.668249268756718529e+00,1.696916854340963177e+00,-2.440300444165043103e+00,-1.730977585570875554e+00,-1.373397607420546951e+00
1.270693976699878824e+00,1.903698680302591706e+00,-1.438715905007120988e+00,6.075203025398893786e+00,-8.348952850517465940e-01,-2.379029165533543821e+00,-1.173523113420736896e+00,8.913875062869252019e-01,3.393108959266877278e-01,1.162880601833125471e+00
2.922890803554082595e+00,-1.199948442827191819e+00,1.933996902806841334e+00,-4.454504670888397300e-01,9.375166942254731239e-01,-2.530986014382205163e+00,1.904277390664599778e+00,1.101107076353537551e+00,3.066105033583768957e+00,-1.402071483160624021e+00
9.903835750871700094e-01,-1.650501677341350115e+00,-1.598993820249760445e+00,-5.473779059259226365e+00,2.988153626182374012e+00,-2.292070105513153599e+00,2.710311706818222977e+00,3.117932650848095122e+00,-2.660504434168108112e+00,-2.083094673301807642e+00
4.484402409894292951e+00,-1.579133847989929285e+00,3.245818912479245366e+00,-1.812137309800390561e+00,2.477580822770468316e+00,-2.602700778024578110e+00,2.989776069426619998e+00,-2.951537400535819700e-01,1.904433916227040946e+00,-1.929084881761318426e+00
3.956635528842147753e+00,1.122541104178081284e+00,3.204577650820221280e+00,6.967511132609158775e-01,-1.625415025044540940e-02,-2.582792236553423493e+00,3.492961963942770032e-01,8.741863241308545085e-02,1.663203813685482757e+00,-3.122769927633748943e-01
5.613753650774914172e-01,3.229300193318541456e+00,-1.825600958666537599e+00,2.814428431525040519e+00,-5.051593481796934348e-01,-2.050554660874026602e+00,-6.622139206077537477e-01,2.859768230811681633e+00,2.455429530628525647e+00,6.825165334857761223e-01
4.325752195705424796e+00,-1.570822108990807209e+00,3.260684032769629148e+00,-3.846604046773580698e-01,2.257916159525684030e+00,-2.576185036902418624e+00,2.141463826184526020e+00,-1.775183743287967575e+00,2.724402574278255607e+00,-1.924037266535196800e+00
4.405833541047127433e+00,-1.430071655652643381e+00,2.284013948503409441e+00,-1.787604476781348373e+00,1.667586065113529692e+00,-2.605012404160421458e+00,2.217732082057107146e+00,-1.656574354217625666e+00,2.683978196967935048e+00,-1.722469107518393772e+00
7.478165709099177105e-01,1.537092371665614410e+00,-1.785102338604604322e+00,2.007212739640642507e+00,-3.699931165291454604e-01,-2.281964581569138062e+00,-2.187542782079838766e-01,3.010775397925036678e+00,2.806411290222448507e+00,3.734041313351618707e-01
4.338322960003615059e+00,-1.693983538615832618e+00,3.527925668923283631e+00,-1.703712728092510176e+00,3.282321287696051471e+00,-2.595939673675804915e+00,2.303443969904352517e+00,-8.858577391370321408e-01,3.364933881121404013e+00,-2.153206474739068454e+00
9.922215981820811659e-02,3.302973877264238745e+00,-1.992278985205750530e+00,5.855966244837557788e+00,-9.578711951168754624e-01,-2.062772087996485482e+00,-1.291042575907887180e+00,1.901424912952599300e+00,-1.172993214559980846e+00,1.739788771014735502e+00
6.048205359881993814e+00,2.303903416150998140e+00,4.714553362360181410e+00,5.513340974175481080e+00,-7.172655588235619106e-01,-2.663338897279836193e+00,-1.145374051727218401e+00,-1.121098720052758235e+00,3.003079300736361645e+00,1.337021622398808507e+00
6.500727315003519635e+00,-1.350687455451340613e+00,4.061595496606900113e+00,-1.608577175734853926e+00,1.670778614494121683e+00,-2.670348005105608546e+00,2.899377552344926556e+00,-1.973103910727809662e+00,3.132922180366438880e+00,-1.576941756687937790e+00
4.234650577796308824e+00,1.273840053270107742e+00,3.731024129475652096e+00,1.371344912944087779e+00,-3.564160060909724592e-01,-2.590912050218793450e+00,-6.243337762580934980e-01,-1.338266240597393519e+00,1.037275949706379485e+00,-1.219264789331970800e-01
4.370404133911214295e+00,-1.676895594480715568e+00,3.461015445140260383e+00,-2.106886551460066315e+00,3.060990547424296437e+00,-2.572413273211846985e+00,3.126284465785801991e+00,4.876008149451926954e-02,1.152135208498978436e+00,-2.110317012810291271e+00
4.518084556522164341e+00,3.324014453591668694e+00,2.700123087094929542e+00,5.421628791941980552e+00,-1.699365601700246531e+00,-2.608352578453707604e+00,-1.722025566437667576e+00,-1.947532646631034980e+00,-9.900901174769280999e-01,1.583298805022856026e+00
3.861135137034090170e-01,1.805740191051059096e+00,-1.953798809651690727e+00,4.427263264527619313e+00,-8.276813493460277726e-01,-2.135792526207674680e+00,-1.136590784198357129e+00,1.610017532906941717e+00,1.717127480302096387e+00,6.640935365037224924e-01
6.198443424795482493e+00,-1.372384014470562574e+00,2.712888380489954621e+00,-2.038609148492712464e+00,1.379991317798483053e+00,-2.668679104380711209e+00,2.269879540349080127e+00,-2.975549902413097580e+00,7.179266187466311067e-01,-1.624240824753020007e+00
4.310229178200486899e+00,-1.633612573608653529e+00,2.912239839506917782e+00,-2.234709139141931811e+00,2.779490732222004823e+00,-2.600515314976134640e+00,3.758144791078101399e+00,3.732067037338184790e-01,2.004232840264568161e+00,-2.041093685644857825e+00
4.754933522531216705e-01,2.440235006110635929e+00,-1.792475191771026877e+00,5.087051452842648480e+00,-2.652580842792402027e+00,-2.137265833535294757e+00,-2.094928659392120807e+00,5.365970759407652224e-01,-2.425404759715084957e+00,2.816222879296667259e+00
2.701550722876651101e+00,2.442446819616989728e+00,2.399509787190482690e+00,5.619277562830456318e+00,-1.809180194542257425e+00,-2.522374184635452377e+00,-1.835202257686973981e+00,-1.290303549406545791e+00,2.202148609407736934e+00,1.632120181395648739e+00
4.233951950070713011e+00,2.246456583930081408e+00,2.663328983693125540e+00,7.354456819052734851e+00,-1.902154730697400709e+00,-2.597802419147841047e+00,-1.709914201823432789e+00,-3.188725095876060678e+00,1.563671329555601730e+00,1.585262889837576239e+00
3.720977307258018119e+00,9.372241979340587559e-01,2.340658069653013040e+00,2.120499902279813220e-01,-7.343469815948422408e-02,-2.575210129248405533e+00,2.612696627821360362e-01,8.617041931195279503e-02,3.216171416354587365e-01,-5.609977574691084046e-01
5.614513304840285102e+00,-1.629333980392498438e+00,2.745925836708288159e+00,-3.291131140148367162e+00,2.740658742442293239e+00,-2.639034555408724447e+00,2.235704175029308516e+00,-3.053222438299526331e+00,-1.681984402343632334e+00,-2.015550714522254427e+00
-1.315288932510261244e-02,2.463211757831240245e+00,-2.118616467888726262e+00,3.451913593695968618e+00,-9.932476741941438370e-01,-2.065232549627741498e+00,-1.352576170962626723e+00,2.436440815672934690e+00,-2.816280565158773008e+00,2.716411736511265218e+00
-3.666895556419224045e-01,2.699332392806848446e+00,-2.215370722131279280e+00,7.561017061081750867e+00,-8.033380701505064003e-01,-1.650760455939968008e+00,-1.137235509767129393e+00,3.145589275401983187e+00,-1.061667816533398145e-01,1.999570431726804376e+00
5.159669730939709709e+00,-1.653904411496314175e+00,2.771689950243209744e+00,-5.077022976412806976e+00,2.917089135311273118e+00,-2.631042524402154914e+00,2.238665524535342843e+00,-1.645293104919480776e+00,-2.487649086478230132e+00,-2.085783569905874657e+00
3.489908838721191842e+00,2.701331619717707078e+00,2.510178084023106937e+00,5.698421430274532185e+00,-2.703283517270971714e+00,-2.514773331210741425e+00,-2.097321413301292736e+00,-2.790381721136563353e+00,1.832412170176133337e+00,1.850763905623042715e+00
4.665178741155733277e+00,-6.638574623374270400e-01,3.189393248016232363e+00,6.566306048334238366e-01,9.178787909974026604e-01,-2.622237976002506521e+00,1.548331523595434245e+00,-1.492919058471636085e+00,2.971912532227309001e+00,-1.013003168986184921e+00
2.536120858916238063e+00,2.524076833257201002e+00,1.924484948256014460e+00,6.314633888946623586e+00,-2.570295008619142951e+00,-2.488670163968959681e+00,-2.068914513855966586e+00,-2.123475988843154028e+00,2.242249124673667993e+00,3.048660545187619419e+00
4.427637983108387409e+00,2.961211033889149746e+00,3.916521842948136989e+00,3.165745355099817804e+00,-8.802879332000523860e-01,-2.607448767037550574e+00,-1.209799290892055623e+00,-3.437672009981720844e+00,-1.186787633711656298e+00,7.427578461001044241e-01
4.978891909016713857e-02,2.314077556081101328e+00,-2.060106744179114102e+00,2.401164837543844133e+00,-1.229165954578535391e+00,-1.994740466230133347e+00,-1.527883964780310855e+00,2.739109797195887097e+00,-2.477969559544559885e+00,1.204091091926742907e+00
1.070161531160764179e+00,-1.174308838940183897e+00,-1.427659344603693148e+00,-5.430130224083350221e+00,1.260808763389666076e+00,-2.289893145650610418e+00,1.772321960542834196e+00,2.023107300574547907e+00,-3.444607226972813852e+00,-1.468007599060237700e+00
5.968253694435439627e+00,-1.540715850960274746e+00,2.632414276781559259e+00,-1.314940590953722843e+00,2.068743222974029905e+00,-2.660956171926922575e+00,2.148543763919561478e+00,-1.379852714052313800e+00,1.145606922858024568e+00,-1.857570763921631007e+00
2.652725339258940274e+00,6.473206173263617025e-01,1.790730560257693949e+00,-2.928684197544526135e+00,2.753528315604869547e-02,-2.513748059886603770e+00,4.197987824949552804e-01,1.013788709333815596e+00,-2.186715445524388013e+00,-7.016072358460777592e-01
-8.639731463194800787e-01,2.421483206445242509e+00,-2.295880235738761765e+00,8.085966295117284375e+00,-1.426303281402001133e+00,-1.236147419684450188e+00,-1.546395489701540615e+00,3.292872074061310883e+00,1.515880269153679016e+00,1.768846596509611624e+00
8.802589248776360176e-01,-1.607465970326556803e+00,-1.669360902762154097e+00,-1.461741382485349128e+00,2.701735883014826811e+00,-2.255615088507984201e+00,2.270442844632093227e+00,1.998885226999922438e+00,5.280297014979700165e-01,-1.995941256211743786e+00
2.585097625381945208e-01,2.553622434055743184e+00,-2.008637412524932220e+00,4.941693212681500746e+00,-1.036906073509211268e+00,-2.062109649018602386e+00,-1.092390644559052326e+00,1.742811179912187924e+00,-2.098776193759404052e-01,1.079194754569983150e+00
3.693109160506241828e+00,-1.425628959439722454e+00,2.788845734909272345e+00,-1.663362946302239909e+00,1.668732363855288447e+00,-2.575258371410425795e+00,3.131209415122312656e+00,7.533687436116451863e-01,1.872774691335223451e+00,-1.696652997642563943e+00
4.714411292960412503e+00,-3.845433257554842221e-01,4.214249305105672860e+00,-6.382915303485872105e-01,3.875288411832240598e-01,-2.606718065134828510e+00,1.900324146183619112e+00,-9.104151316015154372e-01,3.367463560582526938e+00,-9.652292517583964671e-01
8.748307137792254995e-01,2.359697393192533799e+00,-1.791555967773207136e+00,2.558736288969170491e+00,-2.089376006737471592e+00,-2.193755958177158849e+00,-1.893898594314857853e+00,5.924785368152791776e-01,-2.599840985483198530e+00,2.086167899038074314e+00
5.659827298877197599e+00,-4.952781656856310999e-01,2.509397897029374658e+00,-5.297613022644077629e-01,3.396336739586720554e-01,-2.639803041844481335e+00,1.268004070538713890e+00,-2.399030057440591612e+00,3.536308165114911972e-01,-9.422215230966235477e-01
5.304063871565714017e+00,4.958130124679860362e-01,3.161881553177968485e+00,-5.252240884756944617e-01,1.374998061468288846e-01,-2.631186667642329446e+00,9.843282121593242007e-01,-3.235651319844197626e+00,-1.307439802793400663e+00,-7.916464345066044350e-01
3.039324733431469916e+00,1.916540504804360223e+00,2.200518343712485780e+00,3.091999136703330819e+00,-1.058521350805803785e+00,-2.507043060868236584e+00,-1.440403069533131575e+00,-7.507322257809811994e-01,-3.304312338393892823e+00,1.023880558163205778e+00
1.446908620564549386e+00,2.304015584396865712e+00,-1.076100295237416127e+00,3.513164491759907193e+00,-3.327660300604810217e+00,-2.383964790198369155e+00,-2.227059132223749849e+00,-2.421091037963556847e+00,-3.294576131563516697e+00,3.200792177887782586e+00
3.114319797748916763e+00,2.807220603868344266e+00,2.144981033028707795e+00,6.318468410148451397e+00,-2.458194875897773191e+00,-2.546704565905705930e+00,-1.998417019763139901e+00,-2.430803604550089148e+00,5.433540321284651142e-01,2.669357608875081667e+00
1.255978378933021666e+00,2.178729351554775651e+00,-1.401101403514439125e+00,3.178948020594302371e+00,-2.577035732859332295e+00,-2.282036608965340996e+00,-2.055421537295619938e+00,-1.411886811983134038e-01,-2.919591897574371764e+00,1.909661315477190202e+00
5.609290173450047767e+00,-1.293556956641999989e+00,2.707458601640028828e+00,-5.492547678811622980e+00,1.455422238728043993e+00,-2.646604557472208796e+00,2.047278397470461364e+00,-2.261451603372883756e+00,-3.192502164023655276e+00,-1.571534575645548770e+00
4.810274027956031873e+00,-1.321819053733560123e+00,3.607825462562551877e+00,-4.809318955396991058e+00,1.463504794955912125e+00,-2.628088859588160631e+00,2.620107474071493137e+00,-2.100846436579787202e+00,-2.289850263898931537e+00,-1.623766072142293959e+00
3.602310768633219862e+00,-7.362945070488212673e-01,3.756378323327607127e+00,-3.245481005974628630e-01,7.822389010307055912e-01,-2.573159355649059066e+00,1.736509735819123046e+00,5.259726050475368453e-01,-2.809472388526228492e-01,-1.091080519276492078e+00
4.415509728692756042e+00,-1.009855940438149080e+00,3.610795260603003598e+00,-1.245623061628404749e+00,1.203349113959691685e+00,-2.592761865248600195e+00,1.939764590438757708e+00,-3.005602190918272854e-01,5.373616355821120294e-03,-1.340524524251185623e+00
1.459721981631666665e+00,1.837454436026481064e+00,-1.014514121502915422e+00,2.052710710229398217e+00,-3.673889046728269214e-01,-2.407049859574058814e+00,-6.293899450225223235e-01,1.526833278654580184e+00,2.906865638176788558e+00,-3.308858564530658963e-02
4.019106466553753698e+00,-1.276382780004298167e+00,2.192617697030891488e+00,-1.113616196138252468e+00,1.372540182762035599e+00,-2.581410584506387718e+00,2.040391732634371458e+00,-2.586496496932082501e-01,-5.623157101508327038e-01,-1.613298399022545571e+00
3.885266283470856230e+00,3.220038424678128841e+00,2.754334173260381213e+00,2.135003942422393219e+00,-8.517169860838014195e-01,-2.593376259430254294e+00,-1.127728445087339271e+00,-1.348854044456758494e+00,-2.745548301382713330e+00,1.374440873819329223e+00
-7.060082306857884404e-01,2.489557790429929529e+00,-2.255121555014257595e+00,3.463946093980251995e+00,-2.799775654974160144e+00,-1.453213482763022313e+00,-2.123696767908740846e+00,9.510745012794430409e-01,-1.883588528677336171e+00,1.893395111015102161e+00
3.894892172246036566e+00,-1.690576934505966022e+00,3.193264843416566912e+00,-2.098394279341856627e+00,3.221797490624346949e+00,-2.572109012485479518e+00,3.605662485249751192e+00,-1.216055556052952902e-01,3.117860803604282971e+00,-2.141175112991262619e+00
-2.852608652821739366e+00,2.596073341304600213e+00,-2.521116000665989620e+00,6.127313712400503043e+00,-2.992958867739418771e+00,2.370616820436241223e+00,-2.170479130563889747e+00,3.343081113851799735e+00,6.660642673093226662e-01,2.011057206710615386e+00
1.331574451127891967e+00,3.636604987738063954e+00,-1.126893261036764127e+00,7.295694734151963345e+00,-3.364895754842502917e+00,-2.330262114969443576e+00,-2.232562036292520702e+00,-1.765628677034875693e+00,-1.012601686928909839e+00,2.611019114785006590e+00
1.928829534076594188e+00,-1.707562207093211715e+00,3.457906328711386479e-01,-1.352360481896144773e+00,3.357012763051427484e+00,-2.462902588344794808e+00,3.016233475069046044e+00,1.225405079483052440e+00,2.748980625437768666e+00,-2.166748469222576468e+00
-2.538061078471279597e+00,2.799318109713332614e+00,-2.503007940989510960e+00,8.264649601362382469e+00,-2.460653385925197334e+00,3.817520930264635570e+00,-2.035877874766597984e+00,3.411593158580622287e+00,-1.395980557032714398e+00,2.003886240905032423e+00
-9.818860070011362629e-01,2.419081737276955302e+00,-2.297584321648936445e+00,8.127384094450185614e+00,-1.689083745499491362e+00,-7.710213409292807629e-01,-1.754601690669293168e+00,2.981953594954102726e+00,2.667662900725927599e+00,2.664851836851560130e+00
3.505190237851692370e+00,2.245649012235834796e+00,2.972627673147168803e+00,2.344776871701486964e+00,-1.991298319048186105e+00,-2.575149569884810585e+00,-1.872271015388515814e+00,-1.732030635307937327e+00,-2.652063871607101220e+00,2.078448753362673429e+00
2.078756933628867376e+00,-7.335617045324561714e-01,8.795847877086822031e-01,-7.660969137688553587e-01,5.593867887895394020e-01,-2.417753654543429942e+00,1.604773439427584325e+00,1.536283857248157858e+00,3.067605500606242153e+00,-1.188262325912519346e+00
5.644785882531118126e+00,-1.704837536170653811e+00,2.664592060598534928e+00,-1.822944827762196685e+00,3.330261795979509998e+00,-2.644347926536297688e+00,3.013520748149746353e+00,-7.942308246121889681e-01,3.063804502052429157e+00,-2.160738937270654692e+00
8.362513491443137603e-01,3.291300330375865890e+00,-1.566217566785796489e+00,4.852466551823213514e+00,-1.588937690942667569e+00,-2.241014597729030999e+00,-1.701108705994651249e+00,1.816430675650857474e+00,-1.083111055818394064e+00,2.245224666017867854e+00
6.293749525634117603e+00,-1.699509243657051583e+00,4.125687082061253896e+00,-5.827351584163692699e+00,3.290525516957005792e+00,-2.669208505231658535e+00,2.549292299048285582e+00,-2.620048956679180918e+00,-3.377158678544187165e+00,-2.155197280635860135e+00
-3.024870307238789469e+00,2.515285240150514579e+00,-2.534016837530432387e+00,5.775950649805086989e+00,-3.321518557228936075e+00,3.607141720730792311e+00,-2.230832259635138648e+00,3.311670581225666155e+00,-1.028709960423431546e+00,3.027032426778640151e+00
7.293026657533332013e+00,-1.614821518396127864e+00,3.052205704359031380e+00,-4.954010600352120264e+00,2.716305937923972458e+00,-2.688687781003879174e+00,2.881061660610292563e+00,-2.453510279996790722e+00,-2.234322893357131079e+00,-1.996267315659935759e+00
1.657205183673291060e+00,-1.286550989427655223e+00,-7.048711656679228499e-01,-2.944677427843391371e+00,1.460261867736769581e+00,-2.419288566038376054e+00,2.590197850029294813e+00,1.396751419660100524e+00,-1.637530289893865731e+00,-1.605513605363456220e+00
3.205645055369240826e+00,2.249983330895775957e+00,3.268507921147714157e+00,6.355473181837406393e+00,-1.555584284579426324e+00,-2.533653503696996268e+00,-1.727832086449730520e+00,-1.081400551952924616e+00,8.797801408839998061e-01,1.841450885272577276e+00
7.828204755289904782e+00,-1.635193736674632525e+00,3.633531360579663527e+00,-2.119908932702745386e+00,2.764042345246621402e+00,-2.695043521883271787e+00,2.688190548175633410e+00,-2.191439602130889064e+00,-3.983127004855555597e-01,-2.032822414450405013e+00
1.079883213021507915e+00,2.762391336983580192e+00,-1.472041869309923756e+00,7.779033593686140335e+00,-3.314342131807169967e+00,-2.348691493409387654e+00,-2.231519930282541697e+00,-7.640194113730141012e-01,1.654188844835577932e+00,2.472096923519993439e+00
8.119946000437465727e-01,-1.079836039853672158e+00,-1.764241763697334875e+00,-1.105160783317240103e+00,8.794563214074990753e-01,-2.296920560561337865e+00,1.430993644018369260e+00,3.299518574083828426e+00,9.592592692813441957e-01,-1.325510911482705945e+00
4.355208123650234242e+00,2.326812041319462399e+00,2.519663571671972413e+00,6.146720796042611568e+00,-1.193201024315422298e+00,-2.597269617009193343e+00,-1.398345755286240388e+00,-2.696628461252875919e+00,-1.396099561290994107e+00,1.115543346285548187e+00
5.824460660265366130e+00,-1.701075638665058065e+00,2.689259200943169503e+00,-2.326945729773818083e+00,3.269847914846463866e+00,-2.654003881216006278e+00,2.928254169313241562e+00,-3.268344070117525035e+00,-1.232864230275568573e+00,-2.152364402352145323e+00
-1.733243419296124133e+00,3.186543562787941930e+00,-2.415898740674128575e+00,6.727928095515646412e+00,-2.319965166294336356e+00,2.815353901763416822e+00,-1.967182274462152769e+00,2.072819760866148719e+00,2.087024846560113112e+00,2.436097915367374966e+00
1.298300724875979695e+00,-1.642438717207090670e+00,-1.435105490370911729e+00,-1.711876015310310972e+00,2.810380904193949370e+00,-2.340952124649087196e+00,2.158084154420666145e+00,2.239969960326441800e+00,2.251413375564768060e-01,-2.064802164159876607e+00
3.209844846322654988e+00,2.500534156161558386e+00,2.203279892906092829e+00,2.667609984459313299e+00,-1.190450443901505118e+00,-2.554743063248010149e+00,-1.485022053809325948e+00,-9.943586498025780429e-02,-2.608335850403984857e+00,1.137333004473672915e+00
1.075274883697419526e+00,-1.644048171788945911e+00,-1.680789054782742209e+00,-1.480008303006254078e+00,2.724633252117001803e+00,-2.283177385654967306e+00,2.408096431753689259e+00,3.226524273444525193e+00,6.070618192237997590e-01,-2.043171287733167141e+00
3.909737352575530345e+00,8.690423059044112275e-01,3.091202466425873041e+00,-2.890627843481857528e+00,8.716161131360999903e-02,-2.591052638488364313e+00,4.811665709174247629e-01,8.940184592148625597e-01,-2.534147428812129732e+00,-5.658867071182049902e-01
4.563829788247467434e+00,1.503547871299132588e+00,2.725577498364554874e+00,7.702553752605370008e-01,7.440234855326011143e-02,-2.611650950769226931e+00,3.324637413097490390e-01,6.369846227274491568e-01,2.580957155783874413e+00,-3.031711217720480800e-01
2.166626215332297933e-01,2.019511889104435021e+00,-2.062815194447418232e+00,-9.413236480026531128e-01,-7.922099250286720462e-01,-1.932390421104609679e+00,-8.529905211635866458e-01,2.330603899128290024e+00,-2.595108635480347647e+00,5.888435322004824668e-01
5.698982373016692193e+00,7.171945421439591684e-01,5.148693735973560948e+00,-3.385913454545710355e-01,2.106225517145610127e-01,-2.645557717532126762e+00,5.580185876153963553e-01,-3.492186707232028287e+00,1.185856839239603389e+00,-6.084558247327813696e-01
5.988456325463996421e+00,-1.684805173863242134e+00,3.535145983705637818e+00,-1.746591943513523537e+00,3.112952366275330895e+00,-2.647390882869066431e+00,2.378384959626822948e+00,-2.123101078781464590e+00,2.777672601649467943e+00,-2.117942937879847776e+00
4.979716819626450075e+00,-1.651453271376124299e+00,3.842051867929138886e+00,-5.642213195480289656e+00,2.750035728770984456e+00,-2.633324485732983611e+00,3.033354454425357449e+00,-1.490008980256258830e+00,-2.813135321843556191e+00,-2.046920780742653712e+00
4.266036820221659198e+00,-1.285614712283392524e+00,2.331428343862632868e+00,-1.248323180742450633e+00,1.239800798832526141e+00,-2.599484348627658648e+00,1.744905132385238256e+00,-3.728427400508036449e-01,2.116252594057068670e-01,-1.499012203651849839e+00
7.069153917199548331e+00,-9.957201095184771145e-01,3.138414588235169944e+00,-8.623026156707995771e-01,9.731916914410687625e-01,-2.681474659100627989e+00,2.049048550679666292e+00,-2.633430166387399129e+00,3.206636115796149156e+00,-1.281718222211630342e+00
6.941038224864168882e-01,-5.458551604408001801e-01,-1.805403374148076168e+00,-2.855871853457237819e+00,3.385293644267566293e-01,-2.223965024901194187e+00,1.947629052406552042e+00,2.518071858993855550e+00,-1.554400548316291264e+00,-1.012328615715832214e+00
-6.070929898399601843e-02,2.373409519044193505e+00,-2.132408737960754141e+00,4.804553494631865540e+00,-1.591218174951178455e+00,-1.984886461933480950e+00,-1.654174041238930748e+00,1.509355444815720482e+00,-1.532524420366111251e+00,1.570217943862600274e+00
-1.536273298494374551e+00,2.823177412290470478e+00,-2.386015676117413165e+00,7.379387276826495423e+00,-2.462119504966605366e+00,1.491442948874538210e+00,-2.015447949654576298e+00,1.896976822368699800e+00,-2.096331988576807248e-01,1.792013766144315401e+00
6.309789229944030353e+00,-1.596556629288985008e+00,2.692591578151439791e+00,-4.192541542847243452e-01,2.494120837834825188e+00,-2.662800411307123305e+00,2.818794668478875387e+00,-2.862156965646417639e+00,3.133923056076953984e+00,-1.953373700610169683e+00
5.204786749909765753e+00,-8.518043675252027214e-01,2.849528923202064856e+00,-6.882078485101096321e-01,9.453975928750466551e-01,-2.622350640388464882e+00,1.831935233631803994e+00,1.023563885108913496e-02,2.107095845109126842e+00,-1.184693899810246087e+00
4.465464900449148899e+00,2.725329743667331606e+00,3.914724528281377403e+00,5.603981862502335431e+00,-1.402495540267313157e+00,-2.614376087393483594e+00,-1.635708779260334422e+00,-2.661921855853435659e+00,-1.601700572434995085e+00,1.753245032130573255e+00
5.505551499726439424e+00,1.922836136373424765e+00,2.773393097572129928e+00,-1.277392582348478856e-01,-2.784620552602894428e-01,-2.651921581013971796e+00,-3.163183999984827133e-01,-1.581715998368423026e+00,-1.878902505556047764e+00,2.059037534910802547e-01
-2.785703129912246112e+00,3.503442008416174147e+00,-2.515550353294444097e+00,3.410920408353054878e+00,-3.328308219360109899e+00,2.445913147896956907e+00,-2.228640456830363714e+00,2.943833083305122500e+00,-2.109682749408867686e+00,2.238976602839656493e+00
1.005842387077033884e+00,-4.204955845581861418e-01,-1.437347150180622757e+00,-1.388593482558714065e+00,4.064557064680767162e-01,-2.290154449025629368e+00,1.005422313732133199e+00,1.908394008189319813e+00,-4.919215026750105579e-01,-9.384666718337957292e-01
6.677249420791721013e-01,2.843682079559047171e+00,-1.756002665618704439e+00,6.503239121733935590e+00,-9.719393802697822160e-01,-2.193594293475269907e+00,-1.037801912146054661e+00,1.904397748400640467e+00,2.155339746734453499e+00,1.549390564240578971e+00
2.382020016833171105e+00,1.545238559679043222e+00,1.565290936488692441e+00,-3.725000686789467164e+00,1.896678538319651608e-02,-2.493892446015083753e+00,7.193701338609599372e-01,1.771603826151141092e+00,-2.433884558219558958e+00,-3.544452291263930355e-01
1.779633040153969059e+00,2.927941510497623412e+00,-3.738170014503236493e-01,6.714524488262945567e+00,-2.424607238395569020e+00,-2.409279692880781365e+00,-1.971245107483504677e+00,-6.674967576886503551e-01,8.194177548469259165e-01,3.184607513034736215e+00
4.740565324998592622e+00,2.407318453207655473e+00,4.105187663629040529e+00,4.500165870866615236e+00,-5.214465379843353787e-01,-2.598639099406837349e+00,-6.021174677932177310e-01,-2.891312577739229894e+00,-1.939672959730884827e-01,7.965722937795289837e-01
4.340574175022521297e-01,-1.654683256714821749e+00,-1.967792705826795663e+00,-1.476258096385382412e+00,2.843202884164582223e+00,-2.142536466995884847e+00,2.354757576224025595e+00,3.016139254928821067e+00,1.024245669210594123e+00,-2.065034343483592938e+00
-1.764851811525708802e+00,2.245457678223435671e+00,-2.434924613490014877e+00,5.703137521673393273e+00,-3.440418869603607543e+00,2.370742273328988237e+00,-2.251579457110811422e+00,1.360757220661519717e+00,-6.756036127584374995e-01,2.321590983952153131e+00
9.775225341566727844e-01,-1.701239876201614543e+00,-1.654653154249588143e+00,-2.008240542344794211e+00,3.282048698278140719e+00,-2.279805974432669302e+00,4.372287692877470988e+00,1.947692092036938050e+00,1.818755478316619545e+00,-2.153885454877290773e+00
9.519014083641403889e-01,-1.259467400699138206e+00,-1.514137259486166842e+00,-2.768098679964982267e+00,1.336256077959556698e+00,-2.305112925401322066e+00,2.621850005914623694e+00,2.041301764718565614e+00,-1.252947308467057042e+00,-1.481700679178599822e+00
-2.129182451813541377e+00,3.043580932397138561e+00,-2.471208441620093677e+00,8.196487264527760885e+00,-2.804085239470141211e+00,1.914907104003474636e+00,-2.098977714656618421e+00,2.263385244958555198e+00,1.555171753071492802e+00,1.858339045185896543e+00
2.927949900393604921e+00,2.520984867613344171e+00,2.081964082181033682e+00,6.066022255797907548e+00,-1.471568868555948040e+00,-2.502080921257261004e+00,-1.664785976639841625e+00,-8.236073900352511856e-01,3.217608662364202843e+00,1.907674187918389608e+00
4.599977804031104567e-01,6.112369871164415880e-01,-1.928003138380191217e+00,-1.315444838763766056e+00,2.735148273684080422e-01,-2.142371406063534600e+00,1.436786536115215007e+00,3.043468397848739571e+00,5.546922597105998776e-01,-5.903205870747239015e-01
5.324960160209840865e+00,-1.461405845679260684e+00,2.740336038241287575e+00,-1.261266702338829759e+00,1.569034938827359227e+00,-2.644575982409207882e+00,3.031165451012322265e+00,-2.128830166420891956e-01,9.419246751272059015e-01,-1.718375724654627179e+00
4.593521400174567226e+00,2.842661274662899640e+00,3.615901645098927197e+00,2.905333883947819551e+00,-7.779279871365245569e-01,-2.595159331733765562e+00,-9.282818678444167970e-01,-1.988283079199169023e+00,1.736083983100566996e-01,6.747756251177012832e-01
1.833239554869188215e+00,2.335351258684971842e+00,-2.382573878323345495e-01,8.375191063999997354e+00,-1.910412203294213462e+00,-2.416402088603000653e+00,-1.800655457232455792e+00,1.023741879500472685e-01,-9.834736117449027759e-02,1.512265941020533688e+00
1.935421726695961908e+00,2.315815289107780561e+00,5.663108770042137724e-02,-2.407863403545498215e+00,-3.159808426890853283e-01,-2.442939177498440806e+00,1.877480085542532207e-01,1.007978580661549550e+00,-2.320172263335726015e+00,1.733119718306484480e-01
5.984161520626440023e+00,-1.698275217521737934e+00,3.567454233376290418e+00,-1.688967078147475931e+00,3.304577552684971664e+00,-2.659684468881401642e+00,4.086575713034092949e+00,-1.264062320009354146e+00,1.312842702944093887e+00,-2.154232986899276892e+00
5.057230881133843781e+00,-1.588412603943081036e+00,4.320564051454462984e+00,-2.087339786677747444e+00,2.336727639581204663e+00,-2.614330622839542428e+00,2.389815088379844354e+00,-2.752355610077849679e+00,7.432030466874079977e-01,-1.949807197706971751e+00
6.771695519973343735e+00,-1.655333394604145525e+00,3.720290002438769505e+00,-1.633235378253602654e+00,2.903534621880215383e+00,-2.671224560627591949e+00,2.724976254779966300e+00,-3.019450002333483596e-01,3.702003233728095033e-01,-2.056405791485701684e+00
4.963880122482784429e+00,-9.783325959220247059e-01,2.844886212807929304e+00,-2.415669591926665305e+00,1.170993908311254827e+00,-2.613508937062019033e+00,2.138498114344172141e+00,-8.540510357979913536e-02,-1.355011149122121505e+00,-1.408454043989864068e+00
1.063975141782621314e+00,3.116722526943149330e+00,-1.649063879030649771e+00,4.613082910733876219e+00,-4.153373487610334536e-01,-2.255239065905954021e+00,-6.348817068569841959e-01,1.899840065121212618e+00,-7.385601435093445133e-01,7.521140123381655496e-01
7.191107170979626595e+00,-1.219417613796022648e+00,3.210975395218567563e+00,-2.316925926477442665e+00,1.295643937354164166e+00,-2.683258801336072974e+00,2.781985258124251459e+00,-2.993039999599334866e+00,-4.676430090817440544e-01,-1.439677721088809204e+00
2.306611460631393218e+00,-1.079818855160742386e+00,1.387479935530184783e+00,-1.746253801332616096e+00,1.040188158584789413e+00,-2.394066638894188248e+00,2.868517305646063331e+00,1.193010754449897348e+00,1.102395674073498810e+00,-1.356089012672709870e+00
1.747227660766651258e+00,2.797805079147978713e+00,-1.926073226835500751e-01,6.821562102744998413e+00,-3.296299900592259746e+00,-2.340008896811098360e+00,-2.224474499664295557e+00,-2.464071708663187366e+00,1.581255387309910887e+00,3.322825260170590767e+00
2.453737981153309544e+00,-1.670758098571640815e+00,1.504686113754565513e+00,-2.774045965514332135e+00,2.936720048492404977e+00,-2.473905804360037486e+00,2.176219443402142240e+00,1.267803862605124898e+00,-1.309325800229102388e+00,-2.091282791946042607e+00
4.526009470333661078e+00,-4.616781761168478604e-01,2.999561738479111117e+00,-1.328472073214821636e+00,2.971990190017925748e-01,-2.601200722076604244e+00,1.413820317915885694e+00,-1.106117614126549853e+00,8.031554757563625913e-01,-9.429909372367227816e-01
1.644560894436048581e+00,-1.712843040079720991e+00,-6.420388951701149205e-01,-2.831363686467135210e+00,3.437991556820769290e+00,-2.399730328570910842e+00,3.153458508905929492e+00,2.415602027633754645e+00,-9.073801191587351767e-01,-2.180115180734389924e+00
4.554938684295950502e+00,2.393215447848397126e+00,2.798147450349519616e+00,2.701995022932788704e+00,-8.182797591559971551e-01,-2.616656184337704083e+00,-9.982152127804504449e-01,-3.054012068175362415e-01,-1.035182886289636173e-01,7.842170189930978141e-01
6.687374273353606569e+00,-1.534509239040511286e+00,3.131816839760342308e+00,-5.591657459050557222e+00,2.146685277195275354e+00,-2.676413263225832395e+00,2.706475556618347600e+00,-1.864040606584501880e+00,-2.926577498764482144e+00,-1.873717361095319278e+00
6.538160850246591549e-01,1.442910326697237400e+00,-1.847508713977722650e+00,1.234408995973938161e+00,-2.729521945542359163e-01,-2.184157395216903108e+00,-4.909868369440126834e-01,1.837672966855058654e+00,5.507433705352493547e-01,8.992448194693325458e-02
8.825061491656270851e-01,-1.541258965819225946e+00,-1.777516889859193316e+00,-1.177192866133676796e+00,2.287769495488038984e+00,-2.209672554506195041e+00,2.442032243652032975e+00,3.350581388562160257e+00,2.775094834597790161e+00,-1.910501001220177519e+00
2.200054761169464079e+00,-3.814742854629719071e-01,2.121308045748421467e+00,3.645191453913374513e-01,2.738276449074050767e-01,-2.394614581535294828e+00,8.820558018274897716e-01,9.355027782780371837e-01,3.173837425523437616e+00,-9.577105965799755927e-01
5.354644198077975759e+00,-1.635759158466399521e+00,3.703299339150614156e+00,-2.570845696106153877e+00,2.710853876238505933e+00,-2.646139544121970832e+00,2.450181393413182640e+00,-2.559003571231921903e+00,-1.157554081807578683e+00,-2.044002868367254422e+00
4.939597881638074561e+00,-1.628609477218274426e+00,4.302470263649762927e+00,-4.955526243257197372e+00,2.660748044638210352e+00,-2.618215663072989141e+00,2.488604610089714786e+00,-2.069383736819385256e+00,-2.309117295582396423e+00,-2.007651158581476913e+00
3.511844057641918759e+00,2.005960061003534189e+00,2.464962090116569193e+00,6.615597360018507622e+00,-1.201876841975523469e+00,-2.554659055599548534e+00,-1.434219858755504617e+00,-8.423697216768699647e-01,3.336484171519748188e+00,9.966636806662059200e-01
4.094075080712022086e+00,3.427861882134918492e+00,3.259197400002811662e+00,3.239773848787293797e+00,-6.690253998036617133e-01,-2.600174521139779316e+00,-1.089777187339335818e+00,-2.395508961989456509e-02,2.076935013623537607e+00,8.957467437083734829e-01
8.338844875039228555e+00,6.005175688600079553e-01,3.255477719616837184e+00,-1.838339011839317250e+00,3.125315018184489091e-01,-2.705291639077957555e+00,7.997418491296629517e-01,-3.359011213471275958e+00,-1.447764834723085148e+00,-7.037828246096202722e-01
3.969350162832163242e+00,-8.288851587137011645e-01,2.414782256757285417e+00,-5.416671638895311780e+00,8.518502974439066122e-01,-2.586985351568234837e+00,1.889780238243507160e+00,-1.280707953268498400e-01,-3.468569692188954612e+00,-1.178816329304491317e+00
4.110203907456017269e+00,1.993873100613219318e+00,2.524482719935644326e+00,2.846441613093908529e+00,-8.445074524250935077e-01,-2.601417468991553239e+00,-1.154303902796296688e+00,-1.758058564312374727e-01,-1.650570150430790584e+00,5.637890074553065789e-01
3.832916280553800181e+00,7.003467161871073099e-01,2.462482287520936897e+00,-3.108644864933231555e-01,2.949061750595687315e-01,-2.578290171685802434e+00,7.276733670853683389e-01,-4.488189408169853678e-01,3.184616868402788015e+00,-6.630471061806160193e-01
3.497800551616746745e+00,3.125002474750673720e+00,2.388104610908861947e+00,5.535032950743910440e+00,-2.653564472026061605e+00,-2.553626128208009050e+00,-2.056586718796968416e+00,-1.339395421725861013e+00,-1.801324490623530394e-01,2.017698565646030673e+00
5.327220564596628627e-01,-1.240213213404999015e+00,-1.894956995277345291e+00,-2.542005129271232011e+00,1.264880670676242325e+00,-2.166915034467855161e+00,1.867324749574148068e+00,3.198591146661993179e+00,-1.439801902856434612e+00,-1.523423958844189574e+00
1.163919326526719145e+00,2.004495549846348368e+00,-1.507184431540335323e+00,7.356504281706024884e+00,-1.490165168210827673e+00,-2.206501625656115184e+00,-1.639994004469232713e+00,1.162036642774893380e+00,-1.103250989003024429e+00,1.537729439161881650e+00
-2.261049724589966115e+00,3.269667909975986220e+00,-2.466737891565076168e+00,5.088070424779683520e+00,-3.199165139805677516e+00,2.162522743728092056e+00,-2.202919056549506482e+00,2.013398812238030189e+00,-1.895622155214070848e+00,2.559249794886868656e+00
6.786275484386459222e-01,2.947048321976098784e+00,-1.744146891514812392e+00,8.179458204068543736e+00,-2.687311639992619572e+00,-2.178258703936632568e+00,-2.054236597632781880e+00,1.091667343433249115e-01,4.571308406733995966e-01,1.999202106236900978e+00
2.116608969285035169e+00,2.264938392583302651e+00,9.351409466262532444e-01,4.255606716580031978e+00,-2.754994152311951439e+00,-2.426204742372074286e+00,-2.102430850931335637e+00,-9.369723631186550605e-01,-1.979830551074306388e+00,3.297077709894114861e+00
3.340394408785659852e+00,2.727594577300457512e+00,3.408221126793709921e+00,6.782611407768420975e+00,-1.284584569007584776e+00,-2.515702818091762882e+00,-1.353583155259589388e+00,-9.015091635087406630e-01,1.371240869001381313e+00,1.921426834103268977e+00
3.065763722632030230e+00,3.099708405701647962e+00,2.595696394826890963e+00,5.972116545209201988e+00,-1.774256440512844923e+00,-2.490781831457948847e+00,-1.742468234848171704e+00,-1.586316293941129718e+00,-1.906582103811071960e-01,2.354092000670017448e+00
3.578296550388833985e+00,-5.092116073189336678e-01,2.487886800976096158e+00,-4.303943746037339757e+00,4.394818700865084082e-01,-2.556549294364054870e+00,1.303675687124857374e+00,3.287427670219837950e-01,-2.386931348134230468e+00,-1.017275668034170133e+00
1.602538783009737067e+00,-1.658697246706569706e+00,-7.033081646781753626e-01,-2.150718198306384554e+00,2.844479591572832256e+00,-2.360967528548650218e+00,4.199183344200010382e+00,2.478959089552997597e+00,3.418844391058744492e+00,-2.068122618255129108e+00
6.623275571600487410e+00,-5.433195997151321066e-01,2.956454140208569559e+00,-6.898109746911140761e-01,5.607483923743119547e-01,-2.667266100485605751e+00,1.207891128551538795e+00,-3.225583894687034991e+00,-7.158916581618095520e-01,-9.783413588548869333e-01
1.973827126219873884e+00,-8.603444959699317884e-01,3.605978867143117550e-01,-5.590246372018885523e-01,6.855571130272810620e-01,-2.465492831596026946e+00,1.595125069118911165e+00,1.759085844443714741e+00,-7.739223274495827809e-01,-1.163562652132092756e+00
-3.791252829401837721e-01,2.265368305808372895e+00,-2.173843824095286870e+00,6.407702137894785821e+00,-1.833695334530405230e+00,-1.737862598085908816e+00,-1.833258064555868927e+00,1.986347238633953793e+00,-4.000258579598252595e-01,2.595475285525482345e+00
4.106289175157454174e+00,-5.857148751686810373e-01,3.684079800922409831e+00,-3.154767144731279060e+00,5.662109190345798737e-01,-2.597511208708688901e+00,1.237315954736289303e+00,-7.369319321033658277e-01,-1.977002315435273161e+00,-1.069781576478936014e+00
-1.744973540954187774e+00,3.148926174310657800e+00,-2.433088706423726322e+00,9.445085569985547380e+00,-2.478908921570907697e+00,1.577050970586147072e+00,-2.057367316885776454e+00,1.706560090154201959e+00,3.239791159694336287e+00,2.019554046513566625e+00
3.095870025907283551e+00,2.648064266868598082e+00,3.141055730654177758e+00,6.096294782093376163e+00,-1.150583147392822525e+00,-2.554545909488167510e+00,-1.383309651431407605e+00,-7.749904763532073915e-01,-5.285066140315688443e-01,1.525069240216563315e+00
6.536031649403274635e+00,-7.164637111381768619e-01,3.032147931705648780e+00,-1.187285658875074201e+00,8.786957974389739690e-01,-2.669513347700225747e+00,1.717482804701944366e+00,-1.292289571068612197e+00,6.031437560906720563e-01,-1.086769351729324651e+00
4.840229262252513820e+00,2.689274468384680983e+00,2.702809684316758165e+00,4.690551510654445977e+00,-9.708602288719863083e-01,-2.631700881921798185e+00,-1.056680670747166539e+00,-1.851622668714996589e+00,-1.125454271293490738e+00,1.167629931255118159e+00
1.186181714302591006e+00,-1.657121232059109772e+00,-1.158889761967810461e+00,-2.243273605182062980e+00,2.876957913725012972e+00,-2.161206148908070723e+00,3.569769043989051482e+00,2.126541786693186609e+00,-1.360961451006263978e-01,-2.071839624115936918e+00
7.516641093177597099e+00,-1.625330878556336067e+00,3.400754684297170094e+00,-1.064357582833711735e+00,2.649448367039178187e+00,-2.685416741187153455e+00,2.470969696149844630e+00,-3.296434051416041733e+00,2.828632952722532679e+00,-2.001810387713926165e+00
4.800418641650466611e+00,1.794076285885022548e+00,2.652642565593751112e+00,-2.341766768876243354e-01,-4.609109653561560549e-01,-2.607079641191920594e+00,-8.107505907551237900e-01,-1.826315997243901590e+00,-2.326705385593914599e+00,4.456843993462977771e-01
5.602325673302933851e+00,7.216881587002036413e-01,2.979971168173663365e+00,1.735722359010111404e+00,1.232847007181474552e-01,-2.645525432287992640e+00,4.369368636656940641e-01,-1.390475958662584333e+00,2.053811109092632314e+00,-5.092604077495481718e-01
2.537773485347426305e+00,1.626146774013394136e+00,1.781746159960865050e+00,2.139934896659820396e+00,-1.773240837892098298e-01,-2.511580611104742289e+00,-2.367981683115982783e-01,7.534153232055302851e-01,-2.650451594858607152e-01,-4.137479113532649411e-02
2.834222294688916843e+00,2.505390251249187017e+00,1.765594217083042317e+00,6.422483381831442628e+00,-2.209461829221342377e+00,-2.455945434021580276e+00,-1.935576268343361273e+00,-5.192771689412718494e-01,-1.701411703804340148e+00,1.694741047054388217e+00
1.878711782478608372e+00,3.052305407497745371e+00,-1.444019708998395823e-01,3.678086315174453169e+00,-4.566754900929597127e-01,-2.424879682216163790e+00,-7.820097885485590705e-01,1.141430748605030132e+00,1.305288319540713005e+00,6.436578603660325637e-01
2.779708901876596805e+00,2.955831366684321004e+00,2.349424284016226050e+00,5.374590427767159007e+00,-2.187136451094775502e+00,-2.503042870695659783e+00,-1.908826767445034989e+00,-2.498570027862625942e+00,-1.789671974795888909e+00,1.717892162004593937e+00
5.905240150829784262e+00,-1.276938575397737585e+00,3.508969168823500961e+00,-4.966084682749211332e+00,1.506454838086511039e+00,-2.654889196520749728e+00,2.264375214143559134e+00,-1.095823374554780738e+00,-2.426378866819032254e+00,-1.518489321820776228e+00
3.943925281029980301e+00,5.388542941953455845e-01,2.624890850878123683e+00,-1.135884627619889287e+00,1.610447252625561987e-01,-2.588896129487584741e+00,5.653657856879066301e-01,2.051714859256081880e-01,-1.188906964414466305e+00,-6.339125582571443207e-01
1.025881273972509167e+00,2.563056320486644779e+00,-1.644573340639090775e+00,6.459903713488408528e+00,-1.256042704092444673e+00,-2.276393240801742213e+00,-1.543949018777024618e+00,8.579586464184671968e-01,-1.449819489211879642e+00,1.140105916959680110e+00
1.222771460196931947e+00,2.679439844208441723e+00,-1.385697782464950345e+00,7.883126177346049701e+00,-3.478303212409292300e+00,-2.353381926120434287e+00,-2.257543550092389939e+00,-1.612795150514135578e+00,1.612588345951277091e+00,2.912397072254695019e+00
4.998020335521649926e+00,-8.254064422602912510e-01,2.598118433741980482e+00,-3.525655136672197765e-01,6.811205766688477325e-01,-2.623326767590891784e+00,1.197831043186501354e+00,-1.671809129446563791e+00,1.862033196420116887e+00,-1.144698791114044489e+00
9.386189132187734430e+00,-1.087520911455606365e+00,3.714984533684468460e+00,-5.477321800894958237e+00,1.043548342941077678e+00,-2.718768007342637461e+00,3.162546722478857486e+00,-3.175312113703388839e+00,-2.759177241572314809e+00,-1.433715352127485021e+00
-2.610402172210176897e+00,3.328820546583378004e+00,-2.506435594702039804e+00,8.045670023242985636e+00,-3.463672609204885067e+00,2.103004015561239726e+00,-2.255547120953270035e+00,2.258973449662969202e+00,1.875161081586232292e+00,2.419985264790187163e+00
6.061373670621190257e+00,-1.702714088166968232e+00,3.262284465696557056e+00,-3.582001520442969600e+00,3.291552627255086350e+00,-2.659184695726533043e+00,2.854099791646588002e+00,-3.304375898583256088e+00,-1.704021230178808910e+00,-2.155421080418278290e+00
5.077464681269677094e+00,-9.637755870440551931e-01,3.520542310617903681e+00,-3.564527498644596726e+00,1.147062475203841636e+00,-2.625236532962097247e+00,1.545179141772735854e+00,-9.755567693607121171e-01,-1.914106537182931334e+00,-1.232906044479024299e+00
3.584939470491079749e+00,2.740094882430832435e+00,2.335927694915848285e+00,6.108971828326913212e+00,-1.447989182454044510e+00,-2.549146549673234396e+00,-1.609593664809147118e+00,-2.240655406289778107e+00,1.440266546218738952e+00,1.414797676140206573e+00
1.311752191925461553e+00,2.443831379219992161e+00,-1.118434944450654278e+00,6.908711439199687554e+00,-2.097449746411641947e+00,-2.355823092498964932e+00,-1.896179201665360692e+00,1.237360091087014169e-02,2.616266164282898821e+00,2.154947011215856190e+00
6.704184772420961336e-01,-1.653337569862497691e+00,-1.862019611979021771e+00,-1.544149652525227401e+00,2.979915061971139423e+00,-2.214188127809971096e+00,2.703599229442433582e+00,3.364542543400538932e+00,7.506908449974440956e-01,-2.075074669924570792e+00
3.215226352080249317e+00,2.339727043737668044e+00,2.215824169258019172e+00,5.251306836337998440e+00,-1.335240972462851339e+00,-2.555270578368539436e+00,-1.474079694475137980e+00,-5.531026542764498899e-01,3.073913535465218061e+00,1.215016681781568630e+00
1.989733908939991469e+00,3.038850195284334532e+00,1.051376415538394449e+00,3.105545031021722746e+00,-6.774737686812897230e-01,-2.459023004611454066e+00,-8.337944055055812598e-01,5.993969410499069284e-01,1.157985016794259359e+00,7.479771469457543454e-01
2.963657597041740921e+00,-1.209286385760170113e+00,2.334651156733086541e+00,-5.896561090767666879e-01,9.314340477354292602e-01,-2.532693891850420709e+00,2.148087666186253575e+00,6.381965111603378205e-01,2.482518270873753430e+00,-1.447830937871868340e+00
5.991898883934932307e+00,-1.624045142610903270e+00,4.726759843347910106e+00,-2.164237223159941159e+00,2.734569665801443783e+00,-2.653255862362263517e+00,2.607069363843043774e+00,-3.101008075800553154e+00,1.443553310357801323e-01,-2.041391678334333992e+00
1.182870551959199101e+00,1.521480873835074910e+00,-1.543315792208763693e+00,2.587102094136000119e+00,-4.717555003203974806e-01,-2.351607743052048782e+00,-5.483513059246130084e-01,1.547963699632827428e+00,2.700044350532128767e+00,1.074399774539457758e-01
1.309517389952824518e+00,-1.663653412025817069e+00,-1.059024587200615652e+00,-5.350191307443690647e+00,2.997530975905353223e+00,-2.344396290855593090e+00,2.384237061290469750e+00,1.934947369929326477e+00,-2.693964363963795794e+00,-2.074320328081211251e+00
1.725050620772452747e+00,-8.403886341522870396e-01,-5.623056174672180774e-01,-2.180910688789215790e+00,6.445646387513104258e-01,-2.369431986522697819e+00,1.802738554121905867e+00,1.636338635692983878e+00,-7.951927142174115559e-01,-1.162909769989266984e+00
5.674852498427457093e+00,2.165107540266256514e+00,4.136343274481014909e+00,1.883903806146055349e+00,-4.775055066238653723e-01,-2.655886830550822975e+00,-7.436326933089668634e-01,-2.472800130535181662e+00,-1.474126719600580948e+00,1.675321337303196378e-01
4.624170752243484728e+00,-8.976547469907003585e-01,3.215817611495853434e+00,-4.322187745570901463e+00,6.494618947362598149e-01,-2.620434749775208960e+00,1.204704061975888640e+00,-3.228384349356829830e-01,-2.455349070472125028e+00,-1.220364657174455303e+00
4.496912930561720145e+00,1.834131343924475077e+00,2.768621257029391991e+00,8.943361610920919080e-01,-1.018457623737844653e+00,-2.614652615488952669e+00,-1.161950369819187756e+00,-7.198824127913807658e-01,-2.454102561498687329e+00,8.492569713528620445e-01
5.641778083701451507e+00,-1.241781135518922108e+00,3.358957242905305396e+00,-1.430216836568838579e+00,1.099138419358000718e+00,-2.641894613821221593e+00,1.849831744688931856e+00,-7.996822880881211404e-01,-3.999499366577365933e-01,-1.450254019527028593e+00
5.291626551162584846e+00,-9.029634801610182393e-01,2.538492546436170727e+00,-2.177452970772594920e+00,1.066162669190676482e+00,-2.603328137044735424e+00,2.855225964963610252e+00,-3.021950636033244209e+00,-4.029512655079643402e-01,-1.295330265817324467e+00
2.058819737140394679e+00,-1.557002463463485586e+00,1.564249097168649349e+00,-9.109470195380978685e-01,2.252029945062363758e+00,-2.358901739749629911e+00,2.508398538933269251e+00,2.032132993450070479e+00,2.874982224288059385e+00,-1.886026319321811417e+00
4.559535461642187926e+00,1.916072117592827473e+00,3.135574663143242624e+00,4.401808791364301143e+00,-6.806326822877135641e-01,-2.614184371126094586e+00,-9.505424632830505871e-01,-3.465496113364721076e+00,3.087632045923014878e+00,6.658174336221938105e-01
2.063401287543124241e+00,3.408302962644371270e+00,1.319973808113870994e+00,4.577420571922140802e+00,-3.237044632472501071e+00,-2.422445297635332562e+00,-2.217418406436218792e+00,-2.357154400754197354e+00,-3.366463824078627098e+00,3.186503458599462935e+00
2.422286517969966191e+00,-1.709251387678097700e+00,2.025441861363759255e+00,-3.603942462359716270e+00,3.392421360785148998e+00,-2.453289336068469328e+00,2.297362640617907292e+00,1.377791317949760952e+00,-1.686056926098137954e+00,-2.172635876768668428e+00
7.621913316125780824e+00,2.837123797782195034e+00,3.294895785548972889e+00,-2.565466780415823767e+00,-3.630001764755950155e-01,-2.694152199283402549e+00,-4.111558289216541984e-01,-1.907980327112565710e+00,-3.440877025720497695e+00,8.503150198755626832e-02
1.368421892031604692e+00,-1.677184193094104270e+00,-1.182274583904288301e+00,-1.325612886893425824e+00,3.063446577363303724e+00,-2.338875437141281211e+00,2.687752153927588594e+00,2.429121408952188865e+00,2.669888376972153310e+00,-2.102120760858310788e+00
4.278145556112547432e+00,-1.271650886917152778e+00,3.301403835951315369e+00,-1.485986002395697891e+00,1.204287400032408861e+00,-2.607385633890721532e+00,2.485817710280742610e+00,7.113796428310017461e-01,2.247713857944315663e-01,-1.538453755064148165e+00
-5.557892849975150096e-01,3.284121229552632748e+00,-2.186359327106973449e+00,3.126062955854716829e+00,-1.633121856796893479e+00,-1.607571602950289336e+00,-1.761521698998185448e+00,1.772824586369063482e+00,-2.372058076257514969e+00,1.635542031846288324e+00
6.105635054408901752e+00,-3.442177542469230800e-01,3.967422363162288690e+00,4.087837276422578991e-01,4.484505223375228056e-01,-2.652800327687263149e+00,1.154605076670171204e+00,-1.919338045784974467e+00,2.313311713939846470e+00,-8.667668065871252381e-01
1.381820233949274446e+00,-1.686888614990953217e+00,-1.282984929193358381e+00,-5.788255972609010591e+00,3.198530825614435358e+00,-2.384866663067135573e+00,3.208600137735266422e+00,1.759667015996717154e+00,-2.997810716218712201e+00,-2.135976873204955329e+00
-2.293708134039274427e+00,2.629630181460345995e+00,-2.464209567827744696e+00,9.369752051905688717e+00,-2.705598593594586099e+00,2.032089589657117390e+00,-2.103560728685230252e+00,2.352371965646709029e+00,2.475373770970668019e+00,2.681296392135513074e+00
2.239335145482470590e+00,2.820294069526524616e+00,1.383546461946734807e+00,2.990129390319235192e+00,-1.594394472625201953e+00,-2.449788714930762001e+00,-1.734842576664909153e+00,2.941214808639256439e-01,-3.386888286929265135e+00,1.749502962255212068e+00
3.347669264820577695e+00,2.750495612304932891e+00,2.833607452748017508e+00,6.695380829109757848e+00,-2.925595782445378656e+00,-2.539100166562132888e+00,-2.144374057801493372e+00,-3.308194835139275369e+00,-3.157675257395982094e-01,2.425743147212843898e+00
4.877866014465840117e+00,-1.457840974718337401e+00,3.124529982848867515e+00,-1.801708173876898078e+00,1.856894086587816517e+00,-2.629133280195088851e+00,2.123249754446469240e+00,-1.190189785117475640e+00,-1.022232235036915959e+00,-1.747494399820207267e+00
-1.626227343650473722e-01,2.445286734550809360e+00,-2.122638929827612486e+00,6.382210674070931233e+00,-3.348178932865620627e+00,-1.920339956504839574e+00,-2.235900885588622433e+00,6.379969576734740855e-01,1.042990642839929372e+00,2.147450210341259602e+00
-2.423623449052755063e+00,3.345257493502051371e+00,-2.490937505687492060e+00,5.901473450869582749e+00,-2.539240546331030579e+00,2.146333570575898797e+00,-2.070914943669908137e+00,3.066653812671765067e+00,3.515121223302699605e-01,3.000508590086631067e+00
4.206213583155992808e+00,2.819839701704298207e+00,3.392202617435695178e+00,5.131589074957006780e+00,-1.675599331751660870e+00,-2.603486727030251746e+00,-1.677512751988137873e+00,-1.977470993976508051e+00,-1.023356384541660447e+00,1.523502971764219227e+00
5.200332492667485873e+00,-1.616545472646477410e+00,2.803243467306053560e+00,-1.536558607041894398e+00,2.597578007069117234e+00,-2.619028886882080354e+00,2.378118155074672391e+00,-3.193990238635775913e+00,3.402410549116059002e+00,-1.988485892416449463e+00
2.682300535624240201e-01,3.249706468744689492e+00,-2.055905361402649678e+00,6.842977964977821514e+00,-2.244129510885578327e+00,-2.069222677401187038e+00,-1.961172868821885462e+00,6.718999462923607169e-01,-4.945934314099624807e-01,1.686555593222915927e+00
2.946640394994858969e+00,2.353143799426151705e+00,1.892379113662446377e+00,2.166728629336749812e+00,-4.670488698687900175e-01,-2.514848798714733213e+00,-4.861282231804172071e-01,2.870630954842283700e-01,-1.071282790861021184e-01,4.674238465746689553e-01
3.737081806909556381e+00,2.393467124572796312e+00,2.393447759784379958e+00,6.680391763564189844e+00,-1.224174635492049745e+00,-2.577793502052426966e+00,-1.523272529162950306e+00,-6.545457041830440303e-01,9.016732134640506047e-01,1.625461046844177915e+00
3.686584524558343956e-01,-1.514397815011964132e-01,-1.860594306183175117e+00,-4.935274962371924978e+00,5.838293144692698888e-01,-2.108275544718577699e+00,1.852789507356794152e+00,3.174942580692998284e+00,-2.805875436464788208e+00,-1.017979471708948092e+00
4.875063528478485786e+00,-1.681143580455850994e+00,4.233536120988205198e+00,-1.715843777036829332e+00,3.055276700986820693e+00,-2.616645882172453863e+00,3.512165161625348198e+00,-2.909982907677360231e+00,2.669943247274391140e+00,-2.108476411016616758e+00
8.416687943296223828e-01,-1.665594267952773766e+00,-1.773059256821415630e+00,-1.194411454222335411e+00,3.085471614726279732e+00,-2.261852644132554158e+00,2.258911256277683854e+00,3.157715754935074060e+00,4.620183395229640055e-01,-2.093121846854033130e+00
3.632848250201964113e+00,2.876703837236665340e+00,2.246837755624568889e+00,8.332197672475640360e+00,-3.132442827889140968e+00,-2.553499614872531076e+00,-2.177268926738284982e+00,-3.255074635849321218e+00,1.229824488430792506e+00,2.568250002628638562e+00
4.171032275465153205e+00,-6.958876725190674684e-01,3.192986311147564926e+00,-9.579032857499492071e-01,6.734778425394267742e-01,-2.600158961338838282e+00,2.296861744161650787e+00,2.726108330480370157e-01,2.958477560928237438e+00,-1.176698075927395282e+00
1.251214471622937863e+00,-1.626934206644049086e+00,-1.463194786586315521e+00,-2.260868108421457467e+00,2.742606757570890785e+00,-2.198249248726821037e+00,3.423054188131579245e+00,3.119452470262713994e+00,9.963870400824017537e-01,-2.040796152121099993e+00
5.488714949099430029e+00,-1.510772192482846776e+00,4.721372233969464816e+00,-5.534416516655115359e+00,1.966517930197315245e+00,-2.647762537637874392e+00,2.620206004852801307e+00,-2.677225723951348613e-01,-2.997858396991786023e+00,-1.834185007408342116e+00
2.768123819200116742e+00,2.993277401181494213e+00,2.992280755756631550e+00,2.109890999621975460e+00,-2.019262715915883355e+00,-2.529321681118501530e+00,-1.879884704172821719e+00,-2.728267030986721409e+00,-2.914950243164564192e+00,1.934449481084251410e+00
3.258818349560368977e-01,-1.469363345621899741e+00,-2.034750196536183164e+00,-2.065495100619206159e+00,1.854961132962563042e+00,-2.168254953910254024e+00,3.089906409164018264e+00,3.280816484933138710e+00,4.776188640841776412e-01,-1.764068973382359573e+00
2.328197259519585671e+00,2.675850448238384693e+00,1.607608624796392327e+00,4.518849422148408124e+00,-2.176561380942660495e+00,-2.488884939522106876e+00,-1.966072978130917193e+00,-3.388749394867591747e-01,-2.683343484214780084e+00,1.935414593089229029e+00
2.512863732346588996e+00,-1.637204235047621692e+00,2.351923310849473481e+00,-5.910562863838019432e+00,2.791317113000438610e+00,-2.444140130990400728e+00,3.149983639830939097e+00,2.209276815016187001e+00,-3.199808626113286536e+00,-2.024042212310811717e+00
-1.698710641243931008e+00,2.644045633941464413e+00,-2.418154374796078088e+00,5.024144740254743446e+00,-3.437481144958690393e+00,1.774803488059540246e+00,-2.251240825471941598e+00,1.271046701566683979e+00,-8.143660886929149356e-01,2.133577242920019046e+00
1.330645982456701848e+00,2.401979704251279824e+00,-1.386310178927653736e+00,6.596111717324664170e+00,-2.868369143572164326e+00,-2.284906400464562282e+00,-2.134118300337139118e+00,-6.594781156495761465e-01,3.346786951632370943e+00,2.033693805698662427e+00
8.975339842433575077e-01,-1.154193835512578481e+00,-1.616099183702362829e+00,-1.522258926994820794e+00,8.342795973090346706e-01,-2.257951802517797368e+00,2.346129396389429189e+00,3.376857795355306280e+00,3.479717421057899607e-01,-1.379367137671302146e+00
2.909593903475874654e+00,2.288032119003024611e+00,2.547904474013854781e+00,5.256510677188123815e+00,-8.229193039916511410e-01,-2.512374622291357884e+00,-1.129804574938679140e+00,1.099987740685296700e+00,2.693683255325592718e+00,1.695911975118798987e+00
-1.674413433155647946e+00,2.717987436219632347e+00,-2.416658889060243620e+00,5.843107970508888194e+00,-2.824059850102829117e+00,2.253502589625364649e+00,-2.123940383656572894e+00,1.802295898632749527e+00,-3.300109425526538409e-01,2.306630289040473514e+00
5.114168837651824617e+00,-1.708299558960949982e+00,3.414875598307213433e+00,-1.542038286100422928e+00,3.394533157475782659e+00,-2.636629660890264404e+00,2.306973580564966486e+00,-3.348317483798943783e+00,3.014588199401828206e+00,-2.170629693727379461e+00
2.672279081031424752e+00,-1.616934612666240056e+00,2.695979669577543092e+00,-5.949206333496410259e+00,2.776068787349347033e+00,-2.503674274231704189e+00,3.159431665137612200e+00,7.642060167509976409e-01,-3.290598187271215558e+00,-1.990697251273335855e+00
-1.353988335059634673e+00,2.557057679037498144e+00,-2.383793287172964348e+00,1.056844063736883754e+01,-1.602206257772845754e+00,5.590087593147526901e-01,-1.718473142858660152e+00,3.116329772158485056e+00,1.536150777250075095e+00,2.305072467091362043e+00
5.903910485983876022e+00,8.661187461853981917e-01,3.043567892089736659e+00,8.454701918210707490e-01,-1.876696660307199949e-01,-2.654996384080086536e+00,-2.054492505726863705e-01,-1.805907527491106279e+00,3.187505218825474884e+00,-3.609224268301863825e-01
6.495637175881993741e+00,1.419176097726925878e+00,4.701151104509429857e+00,1.267701118706626273e+00,-1.417229086204523369e-01,-2.669047092102927454e+00,-1.655647014267589145e-01,-1.747914945021409316e+00,-2.130328752345418408e-01,2.778222097297711191e-02
6.425888518788753778e-01,1.097880763510632018e+00,-1.899254819060194110e+00,-1.737270557679376326e+00,5.873272463482770434e-02,-2.152227226326333565e+00,1.000064061483514788e+00,2.451366231525504702e+00,-1.723014670877978327e+00,-4.670355961118162202e-01
3.849596186340695780e-01,-1.698086471739659320e+00,-1.972783732320738670e+00,-1.638825737088322576e+00,3.270815141245309476e+00,-2.187233907634630548e+00,4.154394544161147174e+00,3.117239370453825487e+00,1.060529556354167013e+00,-2.146021459014991084e+00
2.741197136926991185e+00,2.179575723710497570e+00,1.847441582436598617e+00,5.506843876398466620e+00,-2.800290390850049604e+00,-2.521962393982196016e+00,-2.098295587732063705e+00,-9.009366095546078590e-01,-8.261814199123111990e-01,1.869647423507217132e+00
-1.270697731474540237e+00,2.640300097344599806e+00,-2.379411843019401562e+00,9.893564950107851530e+00,-3.222446808060936974e+00,4.506625959787319835e-01,-2.204047972003609246e+00,1.230286450485072791e+00,-1.130204109660462475e+00,2.101367385562860512e+00
6.893231439589515563e-01,1.374441012296841569e+00,-1.811040131476139958e+00,5.396104511887389599e-01,-1.140547700318359503e-01,-2.188623654557735776e+00,4.046918131269122143e-01,2.909529075038942203e+00,-9.982849262712525373e-01,-9.454393792539822483e-02
4.899463328546813656e+00,2.326571084186366711e+00,2.742539631107731246e+00,2.358504098472689492e+00,-2.921869171667905718e-01,-2.618671417867554307e+00,-4.954103896089204206e-01,-2.834135943007789038e+00,-6.183140506058748542e-01,8.921634213057594298e-02
2.142802035119023341e+00,4.288682416325642066e+00,8.198128882920764360e-01,5.370504799345821034e+00,-1.853160092244409585e+00,-2.386426362572730220e+00,-1.775275674500074841e+00,-1.054058975090268468e-01,-3.437336057827105051e-01,2.179873709091814327e+00
-2.145924982091061750e+00,2.703699733214293577e+00,-2.459549009407413944e+00,3.908331175257304224e+00,-3.087908016892639829e+00,2.637491974678240592e+00,-2.184454643526748008e+00,1.965519650304972998e+00,-2.333067330746087187e+00,2.253031321455482239e+00
-8.699686184114601151e-01,2.240522979077627319e+00,-2.271362928065592701e+00,7.932049590422656671e+00,-2.633089077375629472e+00,-1.285314741799406191e+00,-2.051687122983711919e+00,1.039478256310710336e+00,1.233916309601693406e+00,1.942917455971943985e+00
6.707037011830884410e+00,-1.591444492923860698e+00,4.831179658950818023e+00,-1.397644519553085329e+00,2.497286729487538715e+00,-2.674220998599860177e+00,3.208411873153542260e+00,-2.614415379986476662e+00,2.381386633928601171e+00,-1.977982087902757868e+00
4.850170580556788513e-01,2.120951167650738434e+00,-1.839632467571018060e+00,2.045759247197221686e+00,-7.023283952898662363e-01,-2.116345381499330269e+00,-1.125183618578491807e+00,2.520185985906381099e+00,1.640044546930228719e+00,4.781676547724675874e-01
1.691101561947960352e+00,3.134805871677464939e+00,-4.411938965423068959e-01,4.766043723316665925e+00,-8.302199259837865775e-01,-2.416274875657549170e+00,-1.001267876794651235e+00,8.265117329239046740e-01,-5.629031169571012683e-01,1.180914164915069620e+00
-2.967791700800784138e+00,2.481694334673716806e+00,-2.527736037357440235e+00,4.456602307771079907e+00,-3.346184551549547859e+00,3.933156089106839559e+00,-2.227734051693913919e+00,3.154620702546397482e+00,-2.337045375166347139e+00,3.740432243755615893e+00
2.515073731831138915e+00,3.230983444105129276e+00,2.272606161330091190e+00,3.253560379516092560e+00,-8.767310656480953313e-01,-2.505607966766373540e+00,-1.228608736280857539e+00,7.126180229349134976e-01,1.482734487467606499e+00,6.505452204710531205e-01
7.227439291329230686e-01,-1.059300669576497933e+00,-1.847637249113683655e+00,-5.547204762046674453e+00,1.131251018422061883e+00,-2.250867547926914458e+00,2.369799335738198121e+00,2.202095856077093572e+00,-3.131385506961137821e+00,-1.344168514508703227e+00
7.063102754601677802e-01,-3.726942820584207561e-01,-1.725475741933280460e+00,-1.353837114698461130e+00,8.775074016812967059e-01,-2.112399796427788523e+00,2.309279191585055457e+00,3.411683346943449102e+00,1.362461262345737723e-02,-1.061838261473708300e+00
1.110790665535693167e+00,-1.649500379711980935e+00,-1.491010721441059506e+00,-1.735268183134203168e+00,2.897938523992508841e+00,-2.255202024326193655e+00,2.257685736325901527e+00,2.012161260295961540e+00,3.148572242148315325e+00,-2.054249110157792657e+00
3.764751393776137878e+00,-1.327870267899112111e+00,3.169553570106462104e+00,-2.376948061991581262e+00,1.202560105058529949e+00,-2.587933388881700214e+00,1.897892276570608550e+00,-6.033950820249245339e-02,-1.039531106669879357e+00,-1.572377322953839363e+00
2.193428136325837219e+00,2.183921375078575089e+00,9.401816089854498903e-01,7.367712799986080086e+00,-1.231421159517311015e+00,-2.375124570627082932e+00,-1.376352223747804526e+00,6.193075668098870779e-01,1.635717896535652471e+00,1.456968341710340731e+00
1.651314679978906685e+00,2.073829087370376634e+00,-5.867035763395868075e-01,5.894918851883391930e+00,-1.286460095842631546e+00,-2.425644423485527668e+00,-1.500055639062045865e+00,5.127272330951972990e-01,3.042946063433302761e+00,1.452972011995953272e+00
5.084845498239188188e+00,-1.575058122070197797e+00,2.642813490607112126e+00,-5.210755714658929172e+00,2.333210653329262030e+00,-2.621700017410135253e+00,2.525441681858824783e+00,-3.153803385654055269e+00,-2.686804720348551001e+00,-1.903120183119349607e+00
4.384301816391174889e+00,-1.483230713579101856e+00,2.279807346606598895e+00,-1.725723123760346311e+00,1.930622531753890314e+00,-2.608507400509442409e+00,2.302286233920502578e+00,-8.029590866834674934e-01,7.640557193324664098e-01,-1.795075553823886505e+00
2.560945218090542763e+00,2.168269908099536458e+00,1.516418426630553817e+00,1.104451848901517330e+01,-1.531929237788163922e+00,-2.492016024980004740e+00,-1.673364227657726078e+00,-5.440669298219429351e-01,4.420420949947647671e-01,1.619773363179708880e+00
7.551522249637192985e+00,-1.343970044515125251e+00,3.546926334407820569e+00,-1.902811381306594996e+00,1.497490362894923877e+00,-2.692335103400076868e+00,2.803113847770713818e+00,-2.592578850918837219e+00,-4.492033259242456111e-02,-1.676163077590544725e+00
5.659379479937403978e+00,-7.105750112858364442e-01,2.491915923889703954e+00,2.332404673189925060e-01,4.310409662185579194e-01,-2.636608065013402058e+00,9.837372435827222983e-01,-3.210855571706360045e+00,7.737729727872233454e-02,-1.106867965418279365e+00
4.521180740540295062e+00,1.793625249824416512e+00,3.573051993817985661e+00,4.649877636907183920e+00,-7.023798989616993893e-01,-2.607451011313004940e+00,-8.408634989711423202e-01,-3.466767469725763551e+00,-7.084867326465937865e-01,1.172846173531063574e+00
6.104882282900955914e+00,1.564288435435853830e-01,3.081683588508442817e+00,-3.923037868104662707e+00,2.160209137511026611e-01,-2.662553476702396615e+00,1.385936670890939970e+00,-1.002364431517853927e+00,-2.550150062180016608e+00,-8.215897889320807890e-01
1.826587465216984230e+00,2.386696614466251809e+00,2.877843574420451689e-01,6.380069109952019701e+00,-2.903368577938359785e+00,-2.394061108522156367e+00,-2.152549594332867411e+00,-1.802275886229236068e+00,-2.029154200676855702e+00,2.995455259911063983e+00
5.089262352685239854e+00,-1.070439900245892195e+00,3.007386499874342256e+00,-5.538679941714804933e+00,1.159744116988064455e+00,-2.634513666655725395e+00,2.559354511872799165e+00,3.876983867647321169e-01,-3.105399243605672766e+00,-1.346489879546673762e+00
-2.845738576766319916e+00,3.514978066303298121e+00,-2.520227339360626928e+00,9.963219530665817558e+00,-3.292556273087891228e+00,3.301393370978042086e+00,-2.224645681533454322e+00,2.967542770298274846e+00,2.317729832383588651e+00,2.593738235480381960e+00
6.613257607439151364e+00,-1.641279085446205155e+00,3.375001807907435758e+00,-5.977738826397636096e+00,2.725011212550751516e+00,-2.665021277502542585e+00,3.066782309363931702e+00,-3.226669180260365977e+00,-3.393562820022890669e+00,-2.032667223442512494e+00
4.376247990613970629e+00,-1.243901328573604692e+00,2.353042500413675242e+00,-3.806689684586661571e+00,1.274832711146548725e+00,-2.599878130568322732e+00,1.685113275330574201e+00,-4.531368845665060263e-01,-1.909700937266083809e+00,-1.608916498452230393e+00
3.653422432782551965e+00,-1.635552451660489126e+00,2.267904682321698395e+00,-3.627255027525280173e-01,2.739200452002373609e+00,-2.576796874300754325e+00,2.499140636019309802e+00,1.173520065906716425e+00,2.397221483497144590e+00,-2.013677801579223825e+00
1.824456847176413321e+00,2.480742223084980491e+00,9.526334171442008003e-02,8.556394599084466535e+00,-3.491546997842059241e+00,-2.378180666340043548e+00,-2.259746280812111596e+00,-2.910547522473619697e+00,2.912163587434291045e+00,2.812857565763256851e+00
3.703609521472967181e+00,-1.667933796431222859e+00,3.634197395863469460e+00,-2.687404186885436363e+00,3.060531778854915785e+00,-2.562464940615916564e+00,4.045931090868927882e+00,7.837883369270173262e-01,-1.235653450553888977e+00,-2.104420565125512343e+00
6.089135677853914963e+00,-1.693803259009343254e+00,2.845845355585300940e+00,-1.986693340920480555e+00,3.208151516834549355e+00,-2.663011707599767242e+00,2.572412692620229535e+00,-9.163074184784898435e-01,1.279287457775855508e+00,-2.140201960074304743e+00
1.011652726208049913e+00,-1.525505106818111356e+00,-1.620031589696620200e+00,-5.731647503680512123e+00,2.074235890475653044e+00,-2.283303534486472497e+00,2.438517969398172891e+00,1.856892502855765237e+00,-3.314547165912184568e+00,-1.826955029373233286e+00
5.106140586863687325e+00,-1.713496524673346677e+00,4.086443010937493625e+00,-1.507994866471841444e+00,3.444516899689796574e+00,-2.637373637899998791e+00,2.816903181296330771e+00,-1.766694405920894440e+00,3.070699731730442750e+00,-2.180431828070946043e+00
4.536711799529011380e+00,2.175966809965329318e+00,2.514752107500869194e+00,2.715590124473185263e+00,-1.013423613206593910e+00,-2.593166559325845721e+00,-1.087047999025971157e+00,-2.635533422522875480e+00,-2.017705215035764166e+00,1.631078366956036252e+00
7.226264473777693098e+00,-1.617214459391749681e+00,2.939875409870424505e+00,-5.026919258925341083e+00,2.438381050728623656e+00,-2.679203152356270490e+00,2.450210938042295616e+00,-2.750701860028246681e+00,-2.449360613288662947e+00,-1.980883529396357368e+00
5.926797209243130027e+00,-1.487056804680879862e+00,2.919902946208518202e+00,-5.267602877902096914e+00,1.894721470023974064e+00,-2.658274005440809162e+00,1.915762109050723083e+00,-3.664700612934135293e-02,-2.857846978805839377e+00,-1.782445196513722241e+00
3.624785342113554076e+00,-1.281087433971656253e+00,4.008237777263977897e+00,-7.244810904290692744e-01,1.543692623172042033e+00,-2.573230556799273483e+00,1.830786239309744934e+00,4.344572224075098354e-01,1.182166115242377913e+00,-1.550850835615005918e+00
5.602993363459876974e+00,-1.045166581634491054e+00,2.959160324237914086e+00,-1.861431146312950702e+00,9.339037504795690836e-01,-2.653206648582007610e+00,2.357669309049826190e+00,-1.968516831181194471e+00,-1.174338790360306639e+00,-1.395111627471571136e+00
2.446930328946655742e+00,2.310561177035422631e+00,1.629970364141549499e+00,7.797317621126943266e+00,-1.348367180200487514e+00,-2.504254375522216414e+00,-1.340050992425549481e+00,3.555950071500921794e-01,1.882557136477305271e-01,1.377594504219792348e+00
1.948796747067094381e+00,2.633735639059125999e-01,1.698932311435472353e-01,2.333016989598424296e-03,2.609531774906548307e-01,-2.453818818056768603e+00,1.010156794106433331e+00,1.524968670536712700e+00,3.379202977697643995e+00,-7.412905848213993121e-01
3.390631346325416295e+00,2.801331449407665541e+00,2.792577419734574740e+00,1.755706930406890853e+00,-1.577974658088571402e+00,-2.562720460828057156e+00,-1.694988775881131060e+00,-1.751379302357372492e+00,-2.624413632753316961e+00,1.368931822974248647e+00
3.176788160425322083e+00,2.916789575484980190e+00,2.203389746471896338e+00,8.262639123161381605e+00,-3.439170571415883337e+00,-2.552140731742582158e+00,-2.249004967212367756e+00,-3.428845401048425501e+00,4.848636872785569985e-01,2.558283065331210970e+00
-2.487898276343149639e+00,3.005683382224549227e+00,-2.498035520170958979e+00,4.985814397929193120e+00,-3.325386927610055388e+00,2.660430122770970573e+00,-2.227987729678750473e+00,2.317466072080084594e+00,-1.460331574424756695e+00,2.104591709746673089e+00
-2.147298590851414168e+00,2.553667606014238700e+00,-2.461699646783827689e+00,6.158065403465866616e+00,-2.489997323877765290e+00,2.353058607109903111e+00,-2.058176890907532197e+00,2.405747194728141025e+00,4.243427649441167127e-01,2.135290325199777239e+00
6.913769357793819736e+00,6.989957440375705877e-01,3.395300000680125940e+00,1.427208333327132372e-01,9.631812914635284884e-02,-2.681755187951377462e+00,6.185741676899285668e-01,-8.562356818086014343e-01,2.588020452965263729e+00,-7.912064117752743986e-01
-1.337248478271519714e+00,2.809933144160251750e+00,-2.364432455399872346e+00,8.369193855558538786e+00,-1.941394470677277440e+00,4.840160932839736585e-01,-1.801386957578022363e+00,3.067706380918746589e+00,1.213795700169729486e+00,1.597080010231787250e+00
2.785327580110678047e-01,2.648713982416737611e+00,-1.975257743249614339e+00,5.191442867684942009e+00,-9.135721464839443584e-01,-1.997854484521655039e+00,-1.319364072434357604e+00,2.287576206470028239e+00,3.086794904030676356e+00,1.472367582144339160e+00
1.896812436707589367e+00,2.253496791951639100e+00,2.525346239156059380e-02,6.681223394248862135e+00,-3.114249058680409021e+00,-2.451490624655814798e+00,-2.188007912300758306e+00,-1.278383765538568362e+00,1.703186091584488082e+00,2.078505682148236833e+00
3.681440009561647297e+00,-1.656898556872937522e+00,2.340983241017702277e+00,-1.982154465942537191e+00,2.878380130337094833e+00,-2.586145724438763782e+00,2.250042267654634109e+00,6.873476432708525152e-01,7.200912314723995067e-02,-2.079447228212690124e+00
4.266173167116161125e+00,-1.646150128806794566e+00,2.590863443323865312e+00,-5.020519384045130096e+00,2.694663250408074973e+00,-2.588495640892314764e+00,2.216518729637167340e+00,-6.711491203640154168e-01,-2.528910826799414924e+00,-2.035814176045238177e+00
6.083237734545972053e+00,-1.645596658124904854e+00,3.149297420270888992e+00,-5.462601626634943308e+00,2.780939512503014299e+00,-2.658200366106755919e+00,2.447619412774949321e+00,-2.681929960221910214e+00,-2.773677564570157461e+00,-2.035128301279608198e+00
3.909045530806403601e+00,2.559995049896242048e+00,3.220202670964473768e+00,4.497575158610754187e+00,-1.174663786611162664e+00,-2.581510107525753384e+00,-1.378711541519121342e+00,-6.126295817717171133e-01,-1.262694681324576074e+00,1.114260109490093908e+00
1.959031223138399058e+00,-1.378661651340060912e+00,7.756590397258817937e-01,-2.332023640951725429e+00,1.490487970641921400e+00,-2.458195338069530056e+00,2.194758772774386912e+00,2.405608414015557805e+00,-1.010201087961910993e+00,-1.609628264962079669e+00
3.539270411474523037e+00,1.776718337316477880e+00,2.183460167254337225e+00,2.274408062632470084e+00,-5.113961272117601986e-01,-2.523451585646032225e+00,-4.705582310094832410e-01,1.617619782116590521e-01,2.245075980476861410e+00,4.598410103594335885e-01
1.597526206394795256e+00,2.326389617520878694e+00,-8.656111821083628532e-01,5.975967786143758786e+00,-1.388152737572177831e+00,-2.378922834367608097e+00,-1.585535646493034134e+00,7.588114473608120747e-01,2.518421879569476829e-02,2.308439595366725605e+00
2.851289747737287605e+00,2.768529071717405365e+00,2.271909215842704555e+00,8.189510940626297142e+00,-3.007124182057699713e+00,-2.532233832843244326e+00,-2.163461344062949099e+00,-9.808818356492778889e-01,1.457699047370137890e-01,2.863343940868269932e+00
7.444116354092629173e+00,1.944296989729960679e+00,2.706953956521903848e+00,2.924707509477384448e+00,-5.470883752617874407e-01,-2.687697363471746925e+00,-8.925416096674426703e-01,-2.269378865835477654e+00,3.480257260608918379e+00,6.829646260759929532e-01
3.807441572307300959e+00,2.239738009741685687e+00,2.696575217099360433e+00,3.809885888715674795e+00,-7.817627751046223317e-01,-2.591818912163887045e+00,-9.785737788609204513e-01,4.902732855762836905e-01,9.376912427825878638e-01,1.053226662819432224e+00
5.852180019007771072e-01,3.235342801371768218e+00,-1.903339068158198311e+00,6.509808522514857643e+00,-2.377245245854051614e+00,-2.211419228925068037e+00,-2.007203157819609451e+00,3.624444142649259071e-01,5.819933461011723708e-01,2.252732058840679841e+00
-1.831184107211951684e-01,2.636430316900569171e+00,-2.124673590858370265e+00,7.629057139227816364e+00,-1.048549173251993594e+00,-1.871617069727784743e+00,-1.434171847249386955e+00,3.192907493717616951e+00,2.297868559523310594e+00,1.723277896336080195e+00
2.639839245027584269e+00,2.750180392060467049e+00,1.532023486072709773e+00,3.893992888421045073e+00,-2.830660821885008449e+00,-2.519563441312599572e+00,-2.102459414441835595e+00,-3.434489971397161501e+00,-2.435632047738445216e+00,3.148120399294149330e+00
1.431679882587180375e+00,-1.622479098189351543e+00,-9.664743986626043171e-01,-1.377011195145924072e+00,2.597717733298297915e+00,-2.367308188128890656e+00,2.264358412594301040e+00,2.787083732873240294e+00,2.525808559100090278e+00,-2.011488486157221089e+00
3.844025190464480102e-01,-1.265240586116906263e+00,-1.896155358736768770e+00,-2.319031503567634100e+00,1.173153138425151454e+00,-2.077789379101335321e+00,1.950220856839290917e+00,2.980929493936201879e+00,-1.640040220888172140e+00,-1.467340022040959147e+00
4.184205137436610045e+00,2.245227559816538765e+00,3.133721888972339720e+00,1.019247899137754487e+01,-2.150974162582745652e+00,-2.586823777607532016e+00,-1.930232641703799157e+00,-1.815633116906947953e+00,-1.458135748142500354e+00,2.301021844813184725e+00
7.467499008071850852e+00,-1.655616149738392995e+00,2.706534999567965727e+00,-1.545183540445657755e+00,2.926643657050855829e+00,-2.690797002672645988e+00,2.686433627206889607e+00,-3.180260425739908747e+00,1.240056240886569405e+00,-2.078126815770493963e+00
7.865571050141220155e-01,-3.394227507418804968e-01,-1.785351270203943574e+00,-4.126015201638367103e+00,5.577662479267440077e-01,-2.209240144290048224e+00,1.227064200861397669e+00,2.442018481872032964e+00,-2.651869801771230328e+00,-9.996467875585185459e-01
4.259201310914212613e+00,1.188610879328945380e+00,3.013880245752362352e+00,-1.503790283794672833e+00,-3.087109364014701818e-01,-2.604303173846844288e+00,-5.267879619064413932e-01,-2.317167619110782617e+00,-2.243969259682632167e+00,-3.110289707979923546e-01
4.803220146630352794e+00,-1.097072560707176958e+00,2.878192269773621081e+00,-8.243192601240512118e-02,9.964622455442251336e-01,-2.627209629683505021e+00,1.645848672134035517e+00,-7.218107711383456859e-01,3.290755087833270309e+00,-1.371709997610597975e+00
4.208589222612117986e+00,2.369802058635764652e+00,2.800998991874875887e+00,5.736307114522919193e+00,-1.721823382717499351e+00,-2.594829605405347017e+00,-1.621225324709306248e+00,-3.276124076086484038e-01,8.877868078452291201e-01,1.671868153298664117e+00
6.034030520770813588e+00,8.872533578286145861e-02,2.610393569469485087e+00,-2.775506139401444194e+00,3.575540395552772033e-01,-2.656436615489954800e+00,1.616564278810747046e+00,-1.225007488043332149e+00,-1.722196716420548501e+00,-8.117622197474418932e-01
1.651170836827521526e+00,3.151342320693201415e+00,-7.719912482637124596e-01,6.927102482841547726e+00,-2.576677251817345304e+00,-2.380891762212950180e+00,-2.031899268239270917e+00,-5.143072700624755633e-01,2.798227165824982876e+00,2.344339907836209047e+00
2.658565315921313399e+00,3.199804781611714333e+00,1.774433587637766374e+00,5.583253281643226984e+00,-2.096387909560057494e+00,-2.505308672117768864e+00,-1.924414075230031163e+00,-1.321272412994079382e+00,-1.053095569628846651e+00,1.751685935039055231e+00
3.444631473901064389e+00,1.185118028605379958e+00,3.934736534399812413e+00,-3.291535319197478771e+00,9.838130281405010891e-02,-2.565088745413190985e+00,5.727988452530010655e-01,1.765631769228699355e-01,-2.416936767452496859e+00,-4.765756666998076652e-01
4.204099510812397966e+00,3.117302023624188845e+00,2.883904466070480677e+00,6.842432411554462135e+00,-2.817546310494403183e+00,-2.585691051658991935e+00,-2.129417456199371284e+00,-3.219880478231853083e+00,3.362254238260157457e+00,2.309063074120151438e+00
4.719180031008321841e+00,-1.617109074454330386e+00,3.786890623165189318e+00,-5.175241079672214362e+00,2.462975895566210660e+00,-2.608525164611057434e+00,2.245580826386524009e+00,6.367835903834926370e-01,-2.689054712443228912e+00,-1.980372999125259881e+00
3.984445471209310696e+00,2.452658865524464105e+00,3.794775777449639786e+00,4.180864987211329264e+00,-7.311931914171805325e-01,-2.579340681248035061e+00,-1.020827773363968127e+00,-2.429790932214710431e+00,5.109702990846942683e-01,8.908665421864658818e-01
-1.572576338016650421e+00,2.982158783075632424e+00,-2.410946589631755010e+00,9.074143655741622183e+00,-1.868455228748586272e+00,1.968341963504701475e+00,-1.843908241005280502e+00,3.334818200831072055e+00,1.750522275726577703e+00,2.329170855196030399e+00
2.876760874958137038e+00,-6.440210725286520388e-01,1.834976059335463816e+00,-2.391166374040822884e-01,5.980245232218504015e-01,-2.511246693307076505e+00,1.551141223956225002e+00,1.019260740593855630e+00,3.019748130022612997e+00,-1.080414742990412735e+00
5.101067924194499170e+00,-1.473094144973464914e+00,3.006101621410815383e+00,-5.064718159127506780e+00,1.727854602240192605e+00,-2.634239074533816893e+00,2.240469712871123065e+00,-3.444563346610905352e+00,-2.729782999663628473e+00,-1.748135518002764677e+00
6.038756180993652301e+00,-8.378377974331925326e-01,2.950183038523547907e+00,-1.863668490690353785e+00,7.629202995453754355e-01,-2.654130466106311648e+00,2.003240572329583635e+00,-3.226515521604675918e+00,1.946366021280523384e-01,-1.293562662223682214e+00
6.014674869593306994e+00,-7.691003470655356500e-01,3.443568651183315232e+00,-4.911241009111400935e+00,5.530784449731349639e-01,-2.660095638915783045e+00,1.877187313008505054e+00,-1.611881649230790359e+00,-2.572378676797367092e+00,-1.104628283026436675e+00
-1.382929223963955678e+00,2.864099966402916309e+00,-2.358264127563936441e+00,8.627869772470022625e+00,-2.309302526939010836e+00,9.065182226463555093e-01,-1.955118213592666576e+00,1.847554740629114178e+00,1.904331446635488589e+00,2.565914286069364447e+00
4.963726265249868597e+00,-1.354558862476347159e+00,3.454177948754296068e+00,-3.945249765189981161e+00,1.304534347156252494e+00,-2.633853781250505843e+00,1.805994801453152832e+00,-2.854149566955065609e+00,-2.069953245435691258e+00,-1.616263036373337680e+00
2.340368955460883527e+00,-1.702455805118000320e+00,1.808146785096468534e+00,-4.145537466734731780e+00,3.337612621764399989e+00,-2.446014630941434120e+00,2.348445228474432600e+00,1.134471893783062235e+00,-1.913063161007006130e+00,-2.158284656014382019e+00
4.213633590254610262e+00,-7.742688329465643449e-01,4.449209546205620924e+00,-6.876256512103054996e-01,7.601531502956877517e-01,-2.589565380301750874e+00,2.336991003280232349e+00,3.610291655515784903e-01,3.489108311060824974e+00,-1.144243990450367843e+00
2.939010883167459287e+00,2.527854115431356519e+00,2.587338095950694417e+00,5.280852867100699122e+00,-1.201347354401284928e+00,-2.533668650138117151e+00,-1.524921891187221767e+00,-4.442732863624292428e-01,2.416333049533874622e+00,1.054712763204763037e+00
5.120825039056906114e+00,-1.521564290152173760e+00,2.629227454671650754e+00,-2.376996828721855692e-01,2.118844979277444196e+00,-2.634422221385248619e+00,3.566240589574484865e+00,-2.258639936795228120e+00,1.053765842052867718e+00,-1.855810965802445978e+00
6.347526946144698812e+00,-1.586372584502695471e+00,3.117222000962256878e+00,-1.424139990204464912e+00,2.354548192370712556e+00,-2.658378112167546714e+00,3.533851446712333200e+00,-3.270964155421315134e+00,9.836247181384365490e-01,-1.926784711526891014e+00
3.557339018522647667e+00,1.733398545286450432e+00,3.529863655401649147e+00,3.399332053486039840e+00,-5.930403730591313760e-01,-2.519863770880700127e+00,-7.993837980015919831e-01,8.658882173783410963e-02,6.864627169989292454e-01,6.856919805870229645e-01
2.825463630722742536e+00,1.614913507476897658e+00,1.988452553133355227e+00,4.604371713214026940e+00,-5.907421734531967950e-01,-2.512314524355233836e+00,-8.613133236233928569e-01,1.022651677692283378e-01,3.164740346673247551e+00,3.190221078155753287e-01
7.203064149941694083e+00,-1.674708879431367370e+00,3.001310112746760517e+00,-1.930928805627819989e+00,3.056319757330784093e+00,-2.670892522457403828e+00,2.540867700977537780e+00,-3.395699947469100977e+00,2.511249374506006049e+00,-2.100005457263478537e+00
1.987574122957707079e+00,-1.387017439563244414e+00,2.566785426313623053e-01,-2.886003999736581616e-01,1.555288166864153609e+00,-2.444783438075527116e+00,2.173916103937426847e+00,9.980295240046750394e-01,7.750536273377726104e-01,-1.670416362539903332e+00
1.450552895815032883e+00,2.481688167566958203e+00,-1.166568463896066721e+00,4.357437326669509225e+00,-3.269690658126539251e+00,-2.403830586452678109e+00,-2.209449777740479792e+00,-9.704012633094967200e-01,-2.543597253874281261e+00,2.816046460644311189e+00
5.440342723518851287e+00,2.570822779651293466e+00,3.841937016285643658e+00,5.405282269734644984e+00,-5.183783843391878143e-01,-2.620085783574018556e+00,-8.803843353853725295e-01,-1.308484993150358378e-01,-9.186740692641541806e-01,1.375153042756332988e+00
1.224029600380998284e+00,2.334536586825762594e+00,-1.502897435910926616e+00,1.294774344123546683e+01,-2.842738719777799350e+00,-2.246452374304685140e+00,-2.126233914370081468e+00,-2.863946448818666113e-01,3.230880173519344645e+00,2.805771034693210098e+00
2.022851378050584792e+00,-1.706522603785550318e+00,3.288292971594687364e-01,-5.567158176570339734e+00,3.349832819608111301e+00,-2.404159598138952081e+00,3.087745505532139667e+00,1.383132811779369753e+00,-2.649232371556876409e+00,-2.165225947553059527e+00
3.380905832797122645e+00,-8.019512867229138253e-01,2.772754335191171648e+00,-4.718041226233598451e+00,5.264872909444733295e-01,-2.544927547329535855e+00,1.219513288877716262e+00,4.371643746972919686e-02,-2.805855840040402782e+00,-1.160400078444401961e+00
5.456954814434278767e+00,-1.080047483050529999e+00,3.239148810437623816e+00,-5.349433861563072767e+00,1.005746612023727060e+00,-2.636051569906629588e+00,1.960248912777410979e+00,-9.096357285237255397e-01,-3.283262959444443574e+00,-1.346132229590771168e+00
4.275910690676994363e+00,1.936690749534430989e+00,2.443336004965197095e+00,6.179068964333040981e+00,-9.487612090102515161e-01,-2.585883269828786357e+00,-1.270910769647325189e+00,-2.124522081324314193e+00,8.573941198241961104e-01,1.046512256110082362e+00
5.677505379671051067e+00,-1.291762852880577794e+00,2.702085230557872642e+00,-2.678186404885670502e+00,1.174004222100346162e+00,-2.653545393547463327e+00,2.626803024633885819e+00,-3.290832022862737016e+00,-1.293665488147384135e+00,-1.516128557638962482e+00
7.216410328949846686e+00,-8.948980517155807890e-01,4.341560266621264041e+00,-9.189102843208403204e-01,5.029054668899384239e-01,-2.676685742275223490e+00,1.350526497081480315e+00,-1.916732679385849680e+00,2.819084705570839233e+00,-1.160091451625250736e+00
2.848704641205645594e+00,-1.517741253249873079e+00,1.965480973248405761e+00,-1.666508713376544382e+00,1.922784325593616117e+00,-2.519088243965583729e+00,2.776719963915709855e+00,8.526696102116497755e-01,3.298083211344619237e+00,-1.834274950623024036e+00
5.905262644387621940e+00,-1.644754727607655065e+00,3.003765560420450509e+00,-3.181592330926126699e+00,2.800714917057993247e+00,-2.657381201774057455e+00,2.203196477398640774e+00,-1.693015076932062879e+00,-1.647407467152213201e+00,-2.055206898037345464e+00
1.438501392710912041e+00,2.540253334128675711e+00,-9.702302230180892550e-01,2.571694785077327960e+00,-6.698543158383012397e-01,-2.350585083063864378e+00,-9.845770105913136394e-01,1.250862493311688972e+00,2.565171648359330092e+00,5.659187806384712305e-01
8.642800374904784366e-01,-1.633368316045799018e+00,-1.738449317296081986e+00,-2.620494985745298155e+00,2.767415797434986224e+00,-2.205875429650062003e+00,3.028733440949254785e+00,3.063134327282647007e+00,-9.472428557161629570e-01,-2.018212510243895697e+00
1.417821036122030254e+00,2.517162818762045617e+00,-1.136145261116409344e+00,4.348090474178413878e+00,-3.044422629899107058e+00,-2.259299402298910131e+00,-2.182178278626818901e+00,-1.704027680027414338e+00,-1.724748346544955790e+00,2.702601827009948110e+00
1.724200192873309057e+00,-1.234672958949359467e+00,-6.985627629436411690e-01,-7.920830563221965548e-01,1.298341667129278676e+00,-2.372961129765641441e+00,2.593672816369235079e+00,1.916829409846489085e+00,6.782146257017318547e-01,-1.534902884711010884e+00
8.100644248143367143e-01,2.694644963956074335e+00,-1.765369388889507007e+00,7.817015230104608747e+00,-1.882509643478495809e+00,-2.199549018730555083e+00,-1.742014425089228657e+00,1.093109054127265445e+00,2.888694346624150810e+00,2.117659165229618612e+00
5.959714764486663263e+00,2.427008895597520532e-01,3.668107094967451243e+00,-4.028995937764944912e+00,2.720795237660462718e-01,-2.656713696739212871e+00,7.516885112637882171e-01,-7.029025682382998852e-01,-2.554229319362865347e+00,-8.506354291340191276e-01
1.859916096077766312e+00,-1.497710289186918287e+00,2.862329356226305799e-01,-3.578945393189108426e+00,1.911244833188762371e+00,-2.332195797768616075e+00,2.505018576262725283e+00,1.444292890400824980e+00,-1.744807208307320945e+00,-1.798893373574987020e+00
5.289380457632503862e+00,-1.474075908916254951e+00,3.506810759861232807e+00,-5.839364686761221002e+00,1.726090017402889032e+00,-2.638767925888512611e+00,2.934695170589166402e+00,-1.542285477761875079e+00,-3.240687892470746068e+00,-1.733012558120387903e+00
7.318287906603652360e+00,-1.421107257802290968e+00,2.918799404733596781e+00,-3.184868053392658993e+00,1.550010770995442044e+00,-2.685353722288251976e+00,3.773429371226429740e+00,-1.404347313953904219e+00,-1.384403493441832111e+00,-1.713834006617399597e+00
4.527454790711558097e+00,2.197045561221016019e+00,3.207205269403052839e+00,1.348469274083092140e+00,-1.197586419309697447e-01,-2.592123357931373384e+00,4.225286095998422309e-01,-6.965561507426314414e-01,1.485458198175003020e+00,-4.354120349063017592e-03
2.279118961359412054e+00,2.581300074281947410e+00,1.256181541058114304e+00,3.808257808418898716e+00,-2.141840290593319818e+00,-2.452814315895178510e+00,-1.949722089933540126e+00,-5.340909790602670348e-01,-2.780859900242738103e+00,2.177619609094342934e+00
1.245508030045231918e+00,2.653566514783518571e+00,-1.412757641095252037e+00,4.956859150886690379e+00,-2.061035741513959518e+00,-2.324373961052810245e+00,-1.926759087109357838e+00,3.660118022477001354e-01,-1.405834542307327517e+00,1.807322719739717254e+00
5.407819002015060050e+00,-3.400866869995903818e-01,4.219752951587122602e+00,-7.839613408506873604e-02,2.482777976218217830e-01,-2.644967967591357105e+00,8.115546186375657278e-01,-8.163301802330211743e-01,3.707572727372201449e-01,-8.877231759400348032e-01
6.920603208710198739e-01,1.828461300535121126e+00,-1.685993882873814353e+00,2.762130698691878550e+00,-4.353002386278745917e-01,-2.192181925791055530e+00,-7.116834037797634682e-01,2.488386328527477431e+00,2.037900245773936803e+00,4.470430963441833216e-01
2.568408687667793178e+00,-1.702847763017577787e+00,1.784168104606888683e+00,-8.301305393711253533e-01,3.324928685935813810e+00,-2.502363957431950947e+00,2.641795526925001525e+00,9.305717483717979022e-01,3.424436915685513227e+00,-2.156007249316429952e+00
-9.760705208899488339e-01,2.905975452195223241e+00,-2.335933233798510589e+00,8.141887491032928637e+00,-1.394232519716141816e+00,-8.791128609274454497e-01,-1.658844577322217795e+00,2.897363490278062947e+00,-5.167872222305289753e-01,2.068192881803333272e+00
2.714756234411321412e+00,2.264027519823369694e+00,1.587391582788172384e+00,9.668245561722120129e+00,-2.947210634304336718e+00,-2.484712274880942928e+00,-2.119110326636038266e+00,-9.360754303023193224e-01,1.524744598875069634e-01,2.894097117287104837e+00
2.132215674372867631e-01,-1.373631381730785250e+00,-2.050958345229152879e+00,-1.700910608574211835e+00,1.588145760572673204e+00,-2.111425788210703480e+00,2.189259674405806155e+00,3.392678814878203220e+00,2.610450770166238499e+00,-1.607597701558700631e+00
1.264388918207375756e+00,-1.702998505619687908e+00,-1.427554620495828486e+00,-8.134902160519048575e-01,3.327968940844263201e+00,-2.379245052027948226e+00,2.475862335403717029e+00,1.479166201238279577e+00,-2.199445620001947432e-01,-2.161711226654092322e+00
1.780535650472665932e+00,-1.478755493644762442e+00,-5.045343339764299939e-01,-4.100516404508195656e+00,1.974625640581479047e+00,-2.400821997560661281e+00,1.929531435752671387e+00,1.877702739687206801e+00,-2.002975210815117979e+00,-1.773554378553511057e+00
1.235737618103173840e+00,2.406264684564437317e+00,-1.265722789156393358e+00,5.435804937006960103e+00,-1.770683515611935821e+00,-2.296803722275542192e+00,-1.778270579768953974e+00,5.465641210597427246e-01,2.726291988368982011e+00,1.371763159239338670e+00
-2.663636043792770636e+00,2.361984972879475730e+00,-2.507919478206464436e+00,6.842604886639176875e+00,-3.244073100591891023e+00,3.095510769507916926e+00,-2.203254325464683472e+00,2.654347915375717903e+00,1.605518057884610883e+00,2.105100908008533889e+00
4.656302641650523100e+00,3.114407579894536759e+00,2.363604332892811577e+00,3.251233994265284810e+00,-6.515464801093648894e-01,-2.605965211286583205e+00,-1.051887061983965976e+00,-2.814544916080827353e+00,-8.614029090666228683e-01,8.551904226421267463e-01
1.388967449871928217e+00,-1.624238514537955425e+00,-9.701518116485111642e-01,-1.060101013084491006e+00,2.644255518745803002e+00,-2.302550979255778785e+00,3.473038007868537225e+00,1.958759672046578082e+00,-8.662457558691105675e-02,-2.003890954351836395e+00
1.571196336963831097e+00,2.271611823655332874e+00,-1.041137593748510115e+00,4.261950152360720612e-01,-4.760435094989943217e-01,-2.330983551527301856e+00,-4.565023431611902049e-01,1.064642329745318250e+00,-2.087133066121645619e+00,6.477800359126607843e-02
-4.067303318100194964e-01,2.764081920871369391e+00,-2.235275683065685026e+00,2.458164738019266604e+00,-1.511397054977480892e+00,-1.631937936043492909e+00,-1.716469649355462535e+00,2.386940690973122337e+00,-3.181880503396511628e+00,2.411133673264981958e+00
1.421963987595159740e+00,-1.678147656778437469e+00,-1.101838168477653701e+00,-2.070166969131768120e+00,3.047113201191123721e+00,-2.217525139224887365e+00,3.124473122530390778e+00,2.654451338029444329e+00,-1.236966306502793156e+00,-2.104072787675086431e+00
5.486683322864270629e+00,-1.454404193812683044e+00,2.713394203406453098e+00,-1.608955357359908689e+00,1.905859081679485811e+00,-2.631240274767378651e+00,1.914833800689734522e+00,-2.458512008615589828e-01,9.385890151550437821e-01,-1.719688328392726007e+00
1.792787714148644240e-01,-1.129414849181577640e+00,-2.047342233684824375e+00,-1.539294645319138954e+00,7.769055554861461488e-01,-2.108906111508958681e+00,1.240997155286162279e+00,3.236855934075088648e+00,-1.520958297997412778e+00,-1.350412127529177386e+00
-2.531804446437829981e+00,2.437227030908179159e+00,-2.496168617280361879e+00,9.056163078205260675e+00,-3.481260502766232889e+00,2.123098860079008166e+00,-2.258241563235858340e+00,2.197824457593680059e+00,3.396854699806316269e+00,2.604808944605792043e+00
1.706184995482702194e+00,-1.670954181091076851e+00,-3.679011788024066365e-01,-5.479614490906573820e+00,3.020535235816613984e+00,-2.399701172458318599e+00,2.483590904198346827e+00,2.583610929011154411e+00,-2.790772802095639271e+00,-2.092804874267010451e+00
5.021100818580211289e+00,-9.824677715544385403e-01,2.428788366997887582e+00,-1.491349564551459395e+00,1.216861402636673084e+00,-2.636548924972051289e+00,1.603309613355819563e+00,-3.409859166623427029e+00,1.015324778898432534e+00,-1.303710127491727322e+00
-1.733920671338277986e+00,2.927646690692783604e+00,-2.417436510030642971e+00,5.570451939658388696e+00,-1.928731431188026590e+00,1.401123565888161782e+00,-1.847469355274708569e+00,3.132600552934047933e+00,3.233927724743512755e-01,1.754300985717000438e+00
1.947217421063186293e+00,2.980137616518854671e+00,7.031742372399319985e-01,3.768745843685422869e+00,-3.326728446185964749e+00,-2.440221896066894658e+00,-2.224752743691748691e+00,-1.717459694827717431e+00,-3.477590210435470119e+00,2.659883978916361968e+00
-1.243943977902900455e+00,2.399996508913129212e+00,-2.367916535712014436e+00,6.916109846043768883e+00,-3.447721775785567822e+00,-2.649960477534157866e-02,-2.251473276645983290e+00,9.116577510186862909e-01,2.382692701736708329e+00,2.184223356179701092e+00
4.348056507906546742e+00,-1.672316426979440385e+00,2.819555548751487173e+00,-2.449361608847904659e+00,2.991817860738339441e+00,-2.586769446257831895e+00,3.589648684625256436e+00,-3.038060830724935713e-01,-6.477206197726497194e-01,-2.096281887938401312e+00
2.583850528587769979e+00,-1.385649523590673615e+00,1.984316562882288082e+00,-1.748900788658368510e+00,1.352069621099873942e+00,-2.494774245914909372e+00,1.848778701859144835e+00,7.825407131267638761e-01,9.963925409409846168e-02,-1.613453481918371235e+00
3.162361240026542841e+00,-1.248387199464786823e+00,3.503908806150985100e+00,-1.166474851649698330e+00,1.436032784473558976e+00,-2.490264974138883147e+00,2.304287339433239268e+00,5.671300747258039010e-01,1.577579184316461713e+00,-1.568911723839872874e+00
1.959780405607024489e+00,-7.902946999220435975e-01,3.658348492700915777e-01,-1.215406071978912150e+00,6.724549305681009059e-01,-2.448204633507360395e+00,1.504285931424668155e+00,1.899022693045317567e+00,1.563615344993788625e+00,-1.224480126995507900e+00
3.107766188633017901e+00,-3.052688557096467914e-01,2.507328823774515492e+00,9.911663894684086262e-02,2.606495818520837560e-01,-2.529132335353339478e+00,7.878492152578219221e-01,3.608395495829412880e-01,2.080828889202567922e+00,-9.486588441886196765e-01
4.001560327531028527e+00,1.709091454265953880e+00,2.489969749695658763e+00,-1.970314719281944571e+00,-3.109500746164197693e-01,-2.580425083929819063e+00,-4.848355718094086164e-01,4.195609331022240873e-01,-2.699613014264092392e+00,1.074481492173510744e-01
3.089470348769633112e+00,-1.040008875690935142e+00,3.073513379884976082e+00,-1.576901395627748670e+00,7.013524642795276876e-01,-2.524575727687262017e+00,1.904851692148359810e+00,6.424187713469420302e-01,3.257684309586794669e+00,-1.276408579374697760e+00
4.819364408100268449e+00,-1.220224172161811005e+00,3.309617897997873204e+00,-1.621650657774653448e+00,1.078573520405369024e+00,-2.629077082233175044e+00,2.000635886122434925e+00,-1.971106327176248119e+00,2.591306090974044629e+00,-1.463361371069497707e+00
7.257492012225846834e-01,2.235031836161645469e+00,-1.876381902192801210e+00,6.454289778012119783e+00,-8.887215591820138982e-01,-2.234535124106581172e+00,-1.207953340348897564e+00,1.284426077702084612e+00,2.695923693997065662e+00,1.627147722240133154e+00
2.570316937287219217e-01,-1.209500362883316305e+00,-1.966392938246098732e+00,-1.113968333364686369e+00,1.177637810644939442e+00,-2.114205147796275774e+00,2.772673925011327256e+00,3.381418275540904794e+00,1.057950975829939466e+00,-1.492280302726860963e+00
2.199216627645682598e-01,1.087805211537394401e+00,-2.034748014092155888e+00,-2.349926378413651484e-01,-3.018074704707434108e-01,-1.875516440003389018e+00,-4.280270117222984005e-01,2.982827467409761901e+00,-1.474390701137875404e+00,-2.895481235090255345e-01
3.422209307553744306e+00,2.517056756298558629e+00,2.019166468050796137e+00,7.881011175800177959e+00,-2.904532334798578752e+00,-2.570899932560980705e+00,-2.141824294016610786e+00,-1.855252797097300732e+00,1.428379098265467384e+00,2.691322443161870304e+00
-1.193628153093025501e+00,2.401301483649560531e+00,-2.347333576159891688e+00,7.952212575872465550e+00,-1.867783741749888815e+00,4.407120607738846396e-01,-1.806667435343375594e+00,3.343486791624615151e+00,1.912687234014368798e+00,1.988778799844673983e+00
-2.296071614383580428e+00,2.574312509681479177e+00,-2.474044974680769560e+00,4.943741563224151925e+00,-2.930397968835827260e+00,2.212132039113898774e+00,-2.115676575565472728e+00,2.311037259207612493e+00,-1.895276692903609783e+00,2.557120327167125673e+00
-7.578238287747268709e-01,3.155233645503334738e+00,-2.255103544828296780e+00,6.256105678744803278e+00,-1.245878649642817582e+00,-1.470678533448016134e+00,-1.460679730050744585e+00,3.266561719882129289e+00,2.487039415053540203e+00,1.857335108547935931e+00
8.585364504729844359e-01,1.346912266034107075e-01,-1.704281492767655948e+00,-1.662270070561210566e+00,7.792919413833470088e-01,-2.182393890833359773e+00,1.435611957073654965e+00,3.322921150127148060e+00,-6.567049958671589138e-02,-9.451063097797706147e-01
3.413409460785215011e+00,1.879820486087839360e+00,2.308857037821748115e+00,2.171958106042129355e+00,-9.266167862964369561e-01,-2.543462038100780642e+00,-1.327220411976525183e+00,-2.398790922475364518e-01,-1.870229953073041962e+00,9.935949848788396821e-01
3.817453689849788390e+00,-1.391451682684615498e+00,2.285414646290344631e+00,-9.051993129483060230e-01,1.583590281667948574e+00,-2.583144642805872859e+00,1.983133367165526018e+00,8.867281446130315103e-01,3.264899394371489016e+00,-1.629846963103243951e+00
5.152765751019146023e+00,-1.303834605531303925e+00,2.923997965227063567e+00,-1.177770366903254207e+00,1.246415871484087390e+00,-2.627970164867789560e+00,3.193511069524908486e+00,-1.635972084651087677e+00,2.958145497202197660e+00,-1.539679285838612355e+00
2.779659059986568259e+00,2.248228523677853197e+00,2.528993245505307463e+00,6.934594142475557277e+00,-2.487162023754255991e+00,-2.502869545542973473e+00,-2.019869505405074595e+00,-2.039523360250648842e+00,1.515761937808556503e+00,1.777852113726913874e+00
1.297140609629429120e+00,3.705577895021027413e+00,-1.393489588786211764e+00,9.864018058235046738e+00,-2.323702350424140306e+00,-2.278201047420639558e+00,-1.987492699269424623e+00,-3.611522833680425038e-01,2.829102027466938729e-01,2.917368387018629328e+00
2.041699816584681582e+00,2.351361067540005845e+00,5.380961809356458181e-01,5.375159469178307781e+00,-3.048951883279708230e+00,-2.416706854663471127e+00,-2.173693967413088846e+00,-1.745649997231288220e+00,-9.303301114639865865e-01,2.430460056404262659e+00
-5.754533857758006299e-01,2.825095501847272317e+00,-2.228380924464996582e+00,5.603367708987074813e+00,-1.649670694337988408e+00,-1.629574983539853639e+00,-1.698622190121628295e+00,2.468265497740840253e+00,2.675899956768863497e+00,1.535846124637300747e+00
4.508208052851822245e+00,1.876761534618997418e+00,3.500422832706218124e+00,7.516047878976628738e+00,-1.061502728411871210e+00,-2.572061885571713891e+00,-1.207022869384711594e+00,-3.090752849211339193e+00,1.914349520902114854e+00,1.160825450064024711e+00
1.391294273395222048e+00,2.854723942026496264e+00,-1.299050412596900461e+00,6.480651282193518270e+00,-2.882262322993670800e+00,-2.354106752309718775e+00,-2.105281110741592965e+00,-1.475926383406694686e+00,1.870646051394449394e+00,2.302149302767761085e+00
6.712277136269139355e+00,-8.026335334245539022e-01,2.669357672700800599e+00,-1.226090362973168535e+00,7.156042382744205455e-01,-2.676122030695791576e+00,1.562261524259482837e+00,-2.256437838899803872e+00,4.787124689678989853e-02,-1.169050144543289704e+00
5.392688565499581088e+00,-1.281303965689639890e+00,2.926827004685905287e+00,-5.646549190599258417e+00,1.500630182178717575e+00,-2.637062071504099769e+00,2.568909705748576577e+00,-2.809954630516546814e+00,-3.213343376306011301e+00,-1.497623838256723516e+00
1.183062472653673147e+00,3.432382958701150955e+00,-1.494280934973748920e+00,9.279662654251966458e+00,-2.399445294484320090e+00,-2.312494259324293644e+00,-2.018806325632908738e+00,6.859012979644907304e-02,4.074066236360414095e-01,2.115031615829525258e+00
-1.631732000467555344e-01,2.243785115966105526e+00,-2.184523723137597351e+00,5.633579730713798916e+00,-1.105037411749484555e+00,-1.840938705442924928e+00,-1.268328217964575400e+00,2.483594910769650888e+00,2.435593146789493346e+00,1.646068825817410097e+00
6.601604938807223988e+00,-1.365033682711398466e+00,3.334596786145856750e+00,-1.761437538383448853e+00,1.590749344301469748e+00,-2.669386527892228411e+00,1.987161912421118171e+00,-4.500114203478444708e-01,5.078585538443691760e-02,-1.684063012538969728e+00
4.978096820009659140e+00,-1.133637762931589688e+00,3.959573225630354187e+00,-1.847484013954719728e+00,1.143225469404586470e+00,-2.625303216465898704e+00,3.071118099445052430e+00,-1.642880126000114238e+00,1.693347056229704606e+00,-1.474585264718157873e+00
5.956856477774721270e-01,-1.596283756301844825e+00,-1.849049223138533371e+00,-1.508436591434063168e+00,2.481220196651189980e+00,-2.148627736094370633e+00,2.516448648473064598e+00,2.675096787756389816e+00,-1.906888083733244699e-01,-1.985717203548864829e+00
5.698817889969240991e-01,5.186509335545724797e-02,-1.697143625689605528e+00,-1.076940604200385065e+00,3.822237229613207887e-01,-2.170586212934702441e+00,1.787155989123549560e+00,2.947886898445256421e+00,4.180020008471179160e-01,-8.705011781337055332e-01
6.395664167175669768e-01,2.772000306398292757e+00,-1.883443442780862842e+00,5.317054835557957659e+00,-3.319704783292920958e+00,-2.205302911020754930e+00,-2.229238309413541952e+00,4.059042936754275743e-02,-3.177023235541320378e+00,2.601968198995542991e+00
-1.254806145210639379e+00,2.803294239065093230e+00,-2.364565781568890301e+00,8.039199789442649902e+00,-3.098755632310796315e+00,3.232497818976334814e-02,-2.192398184042670284e+00,1.106876166143040408e+00,-1.327339291575232672e+00,2.510342839030979434e+00
2.304658794657755472e+00,3.486263369301238146e+00,1.974794973800088282e+00,8.045429180897691879e+00,-2.939572346616964538e+00,-2.496454149646221587e+00,-2.147370967343042114e+00,-3.069509483789906401e+00,2.787300697633785518e+00,4.025352759225429011e+00
6.316137719794839178e+00,7.795095766427202477e-01,3.036406681971144383e+00,-9.572366645654799555e-01,1.199609342978886772e-01,-2.664312877669579915e+00,5.701246623736684338e-01,-1.110162888738146059e+00,-1.338739841339142700e+00,-5.612760838350792092e-01
6.048491977324327529e+00,-1.456928555210607934e+00,3.515848628762626937e+00,-2.466294773036608934e+00,1.785743251482904803e+00,-2.655672955813960456e+00,2.657233840312971829e+00,-7.725915215050704887e-01,-3.250682416936565566e-01,-1.773619231828521103e+00
6.654683297041619205e-01,2.534295859723992184e+00,-1.767956091630452642e+00,6.299008728848336958e+00,-3.274086982557442127e+00,-2.226896162083527031e+00,-2.222581941287915974e+00,3.831110808326876338e-02,4.877394080444679147e-01,2.279163302421577164e+00
9.724655731457358954e-01,2.213194895265792717e+00,-1.551371770919167448e+00,2.275911436026375689e+00,-3.031868471901164597e-01,-2.214514211028698831e+00,-4.867801209432097709e-01,2.440538740103149529e+00,1.858242363191442870e+00,1.806987630603871242e-01
1.369513559299421201e+00,-1.566568169664213528e+00,-1.349455683675168549e+00,-3.729004423518915257e+00,2.273583939302527668e+00,-2.370582481605271408e+00,2.180699799668827765e+00,2.166964607141379950e+00,-1.763078064392942235e+00,-1.900116955906893557e+00
8.208393611379197097e+00,-1.055636073544206521e+00,2.987702981409628755e+00,-5.340294015019042995e+00,1.180240934501393113e+00,-2.702931204312736035e+00,2.289837259989681240e+00,-3.431557376580201435e+00,-2.991254844335311081e+00,-1.339414096958545075e+00
4.619559305963326423e+00,-1.082820203610497523e-01,2.894814594890276815e+00,-4.232805378598357704e-01,3.214231752753313742e-01,-2.606642664118851371e+00,1.051446833143294901e+00,-2.412401692151551202e+00,2.518177588279333357e+00,-8.427151126166150252e-01
4.457357416946772233e+00,-4.990176753664132270e-01,2.635173471547486379e+00,-5.734392736617301978e-01,6.216819671987412477e-01,-2.589644904941782677e+00,1.864035927310013774e+00,-8.598731424355703368e-01,1.499304057010951041e+00,-1.060131792009748830e+00
5.295888897800659301e+00,-1.631789082984939521e+00,3.015355027361883877e+00,-5.736258284422455223e-01,2.775359996654271022e+00,-2.634551027968210057e+00,2.526253481798330203e+00,8.412202770891274994e-02,1.899667400342869072e+00,-2.030590811669112483e+00
3.117769228376370716e+00,-8.207670764654181328e-01,2.475615082574639914e+00,-4.424985167407926134e+00,5.255446871227285044e-01,-2.542745390569815633e+00,2.015717883713177283e+00,7.489242052123339377e-01,-2.304263547287041636e+00,-1.105587314812575217e+00
5.090771499854715998e+00,2.224802315906994288e+00,2.901294252134692275e+00,2.425486161375165484e+00,-5.472654579983875500e-01,-2.637761274843582360e+00,-5.002433703298350132e-01,-2.489215266043120600e+00,-1.928920311139918908e-01,7.789348185015110282e-01
1.522505299022437475e+00,-1.382235571062294888e+00,-9.286776337721089902e-01,-1.516083183813931257e+00,1.420661975513907826e+00,-2.398463865423938302e+00,1.999518269469095388e+00,1.374035927178707261e+00,-3.082951172843442222e-01,-1.618309916911742086e+00
8.982511998968201183e-02,1.806230653159226041e+00,-2.128781758249877587e+00,4.570594846820923429e+00,-9.995480312152236202e-01,-1.943513330552537166e+00,-1.324470024326810824e+00,2.735454438511305320e+00,2.361036860634735390e-02,8.818608935868172960e-01
6.252510920438473008e+00,-1.702920382111711151e+00,2.637643849835436871e+00,-1.532393915503136750e+00,3.310382203466817330e+00,-2.665148827338521098e+00,2.743130863393549834e+00,-1.933975635096777612e+00,2.928049637283118400e+00,-2.158307268820474523e+00
3.402063707838452800e+00,-1.581702260850801345e+00,2.868633034829169759e+00,-1.438843073290820840e+00,2.606117569178869608e+00,-2.503119991557320123e+00,2.548328891945796926e+00,2.791985049356364712e-01,3.441814440790061269e+00,-1.991431340584524312e+00
-2.290820652917302525e+00,2.529391832602118750e+00,-2.466019354523870000e+00,3.106661182348023242e+00,-2.403425560451262655e+00,2.679407905869399364e+00,-1.999697922643326908e+00,3.428354055526684263e+00,-3.278479674794169352e+00,2.038443011872794308e+00
2.182925070748400032e+00,-1.281226138583209329e+00,1.665411371526110074e+00,-4.671291788025372149e+00,1.288880098138390551e+00,-2.486328352219774551e+00,2.168788974146990789e+00,1.008900757960114802e+00,-2.209664570390251104e+00,-1.588673427587061759e+00
2.900561369914594234e+00,2.859227217290433387e+00,1.875714491560487307e+00,7.008328575046639308e+00,-3.261504642865134862e+00,-2.524358123798462028e+00,-2.217989574226760574e+00,-2.847222043060708252e+00,2.383900337917714829e+00,2.741681613495609682e+00
2.594733945321513247e+00,-1.626579034922949418e+00,2.343489327957586355e+00,-5.562618831792465635e+00,2.696450920693877151e+00,-2.497974886367162473e+00,2.645444705704075083e+00,1.913485123289508039e+00,-2.886997571099730653e+00,-2.026101258561249896e+00
3.744516372185615616e+00,-1.545361111181531077e+00,3.155146424654312387e+00,-1.535744227410581919e+00,2.413975085203549753e+00,-2.538984017452522668e+00,2.836647973841909476e+00,5.511566481873764189e-02,3.328585286806522880e+00,-1.915947035062027126e+00
6.470721453775065690e+00,5.094709289121349682e-01,3.687806296231181946e+00,1.268963976048269160e+00,7.089599953749825545e-02,-2.667558845734226303e+00,6.068177669200711666e-01,-2.715897078619155636e+00,1.430885491664699138e+00,-5.849259899018987019e-01
2.494095801512006272e+00,2.802360368247137412e+00,1.383915728359774278e+00,1.886164377054666330e+00,-2.606179509215303280e+00,-2.452887718681028062e+00,-2.028951369001545935e+00,1.060706297459992342e-01,-3.420255605007789246e+00,1.949503931668721712e+00
9.744498786671491608e-01,-6.285654659167836389e-01,-1.344455895586009753e+00,3.429741588056258728e-01,8.503112536655308418e-01,-2.320591407462535116e+00,1.417332847574630961e+00,1.786677497812631188e+00,1.386008153300142709e+00,-1.052405003227979252e+00
2.947449959446237777e+00,3.030382410224735423e+00,2.124600951240082747e+00,6.907155830141395114e+00,-1.824640970951787233e+00,-2.506864907308497425e+00,-1.780438660916661586e+00,-2.680006782953616717e+00,-1.339660286641002340e+00,1.966531157285647424e+00
4.424543714552144458e+00,-1.143603902461967303e+00,2.647584961958905136e+00,-1.877756016003381268e+00,9.160974694777870297e-01,-2.591553866412829699e+00,1.781777783493148082e+00,-1.006208230814413795e+00,1.015821966042373958e-02,-1.416504906234648642e+00
5.618618716945540825e+00,-1.234948217443929241e+00,2.674819873869052067e+00,-4.678662223504612250e+00,1.356219987402984550e+00,-2.636802057070068539e+00,1.887144906045796100e+00,-2.923225572838417996e+00,-2.522047404295879147e+00,-1.544205935417948261e+00
1.950403792699437533e+00,2.433731940359332935e+00,5.645682879541534804e-01,6.765454422489233899e+00,-2.756215630460605137e+00,-2.447866739593139940e+00,-2.124742490949790952e+00,-2.439520579075670881e+00,7.245843079560598810e-01,4.014835842139177657e+00
7.283148792806558802e+00,1.451693719706394603e+00,3.251677604942433408e+00,-9.783303815719349705e-01,-1.613787580849153080e-01,-2.686987420689649575e+00,-2.463906468260100846e-01,-3.132519681511688248e+00,-2.006162733693371614e+00,-2.270928904062753939e-01
4.731820182880663417e+00,-6.717830194886863504e-01,2.802173167673167598e+00,-2.143158822341916903e+00,5.991536679462292625e-01,-2.618042171202521917e+00,2.536643168151035965e+00,-1.916998280740105809e+00,-1.520222530347446366e+00,-1.022875033803846367e+00
2.793875346306295526e+00,2.188447306805456627e+00,1.824359991994919161e+00,8.930012840972523236e+00,-1.724620045733328944e+00,-2.489272800459493062e+00,-1.801720295167942298e+00,-3.203738178575026296e-01,1.372405715509066759e+00,1.359492555184522278e+00
-1.385493627955222351e+00,2.748265125319028446e+00,-2.348596223142222605e+00,3.102742947598124523e+00,-2.092927998938428402e+00,1.200557490248070902e+00,-1.938222297488762624e+00,2.039946553747720159e+00,-2.108329619948492439e+00,1.690592373255713543e+00
2.282891243268672987e+00,-1.097463725752685582e+00,2.615337195804567472e+00,-2.787726837944580982e+00,9.649902466181332628e-01,-2.407063656574652821e+00,1.725177460843094313e+00,1.304106351975200084e+00,-1.478470442009733432e+00,-1.434578940013405024e+00
3.655273363808413833e+00,-1.466876002086385800e+00,2.546479958889972472e+00,-5.427635261596867267e+00,1.825204955732282919e+00,-2.563236825052685575e+00,2.308560347149091196e+00,6.127692020736521528e-01,-2.891800304384102738e+00,-1.743231532723105159e+00
-4.676463099132580070e-01,2.719031674158024714e+00,-2.105388017627505715e+00,6.597819097382439324e+00,-9.862254165215400548e-01,-1.686451873212045927e+00,-1.066999917187370306e+00,3.406156355568774607e+00,7.027419490897530707e-01,1.169122108021219075e+00
5.774739636412574484e+00,-1.393119255871610118e+00,2.826572730072660189e+00,-3.600021702093694209e+00,1.462282901470959295e+00,-2.657732900346398974e+00,1.920189663237562128e+00,-2.541371923416013701e-01,-1.820755789372590083e+00,-1.683464386930494383e+00
1.166310841477043780e+00,-7.296240695731904813e-01,-1.305557790172157340e+00,-6.050026463983093628e-01,6.116271561673833901e-01,-2.326685215385051020e+00,2.688189579291170084e+00,2.906013618106837448e+00,2.670841875085346651e+00,-1.076648837314952090e+00
5.344565112590414557e+00,-1.538996131207588824e+00,2.924196052752189967e+00,-1.644631735068419642e+00,2.167153672991677382e+00,-2.645877398248440926e+00,2.450267211423752478e+00,-1.143519089430992342e+00,6.395712524761894002e-01,-1.861800541998660519e+00
1.850563672047257802e+00,2.758931350016716078e+00,2.343163902364467921e-01,5.176519629035495562e+00,-2.071495569287697069e+00,-2.445719348221658596e+00,-1.848624221663175637e+00,-5.146315570192792066e-01,-1.947706314867033495e+00,1.823573826516023955e+00
6.868404833296890999e+00,-1.524080538089277237e+00,3.708842270649262751e+00,-5.963627693291355669e+00,2.074777357515261045e+00,-2.673911841706160253e+00,3.053678469350775249e+00,-7.191237039036773027e-01,-3.448989620363624109e+00,-1.819120837542516522e+00
1.716239877429721172e+00,3.147925971003205703e+00,-3.951113534903382130e-01,2.856879106765376264e+00,-1.635144684453099018e+00,-2.442117516079954420e+00,-1.722866881294407015e+00,6.777365954286462824e-01,-2.682806674268030989e+00,2.089478833627074650e+00
-2.900980150367945543e-01,2.017825340691421054e+00,-2.179913549455047228e+00,5.440580138373297459e+00,-1.412149053776299290e+00,-1.808747914267783585e+00,-1.491925361746889278e+00,3.024397106478295072e+00,-1.886285945406848130e+00,1.392533674936711430e+00
1.045645769897071808e+00,-1.705011742235323480e+00,-1.681499937592095373e+00,-1.713443552709420725e+00,3.347205215112934340e+00,-2.160108859787701174e+00,3.426371618936687291e+00,1.874443155340933309e+00,3.675843684359181296e-01,-2.164673203178865801e+00
-2.482190452966851257e+00,2.745377283055771223e+00,-2.495980049890723862e+00,4.943687595948122571e+00,-3.177904962801717748e+00,2.177074208463838811e+00,-2.199307382977094161e+00,2.337619206765923607e+00,-2.148660261704049113e+00,3.370806863292558297e+00
-1.669438601618992823e+00,2.334084289981201543e+00,-2.426659065705613294e+00,8.854443957742155646e+00,-2.171724684317453580e+00,1.386739913771975141e+00,-1.964219245854397000e+00,2.044737028245595667e+00,1.278921193370438303e+00,3.018173996071327636e+00
3.696275699330775488e-01,-2.871771990598662172e-01,-1.899626031775984769e+00,-4.092772870748305536e+00,1.461235660610045173e-01,-2.055463880656258180e+00,6.471258803217710964e-01,3.163302650554771667e+00,-2.878558878845880020e+00,-8.681488485704005331e-01
6.460780414224465140e+00,1.934465568285304249e+00,4.406224147129941926e+00,7.101948293673247647e+00,-8.680401038061384966e-01,-2.664032285089775076e+00,-1.092370679320703086e+00,-2.700512769932195134e+00,-7.018769955143842054e-01,1.300042591837152539e+00
-6.399442657004055235e-01,2.035689942628254201e+00,-2.292261235284948739e+00,4.673866308634694988e+00,-1.805302041999008456e+00,-1.511665140949010722e+00,-1.762459551584620865e+00,2.200782228707232058e+00,-1.843885082943562903e+00,1.624856322881987003e+00
3.314024652777768587e+00,-1.352648891208969806e+00,2.444153281813287393e+00,-1.438290051322794305e+00,1.291869174031265999e+00,-2.563502572267811530e+00,2.463362608750696570e+00,1.205909772412048220e+00,2.120027545745211128e+00,-1.595747223501320811e+00
6.290027734548564453e+00,-1.204416492738259681e+00,3.162381175868600458e+00,-5.176552166313138414e+00,1.184658746392348583e+00,-2.665417928904288747e+00,2.267138930278007614e+00,-3.270834773880479496e+00,-2.604329729176487529e+00,-1.448985778518045331e+00
4.855073406762445032e+00,-1.693990883018071658e+00,4.099118212069830847e+00,-5.532519258750437707e+00,3.246186965340802644e+00,-2.620417626685925150e+00,2.961579282283343328e+00,-7.080673125485899000e-01,-2.655796560667088357e+00,-2.142249927230034157e+00
5.228891307840247471e+00,-1.642098175548126759e+00,2.396595349270644437e+00,-6.305415102086502355e-01,2.650202624429355502e+00,-2.635130772648621278e+00,2.182002462932209230e+00,-1.270846621841066781e+00,1.970644586893816275e+00,-2.030342473708554696e+00
4.974112817559023014e+00,-1.716589516957449213e+00,2.410643666734964441e+00,-2.652169190080750916e+00,3.482052892905609376e+00,-2.609977422562867577e+00,2.799165583617325481e+00,-2.777648078935892606e+00,-1.037494638076750686e+00,-2.187249148541706045e+00
4.331251272395535423e+00,1.803161356881473498e+00,2.329145033751020222e+00,6.080375738859729928e+00,-9.597840227987601835e-01,-2.612233192427527051e+00,-1.325713631851425545e+00,-1.331032434723676605e+00,2.010686017815301874e+00,7.691767727763983986e-01
2.162677442172792563e+00,2.562126454358017114e+00,1.050017345590195772e+00,8.373913323727990132e+00,-3.183358569406918637e+00,-2.437517689807622734e+00,-2.204358894329843110e+00,-2.713262377304848538e+00,1.152856372219540404e+00,2.606263006758911427e+00
5.840175457066187903e+00,2.194134324242912104e+00,4.459012249672255734e+00,1.483522411980779943e+00,-1.222922346453485964e+00,-2.649663892264858323e+00,-1.481015111745098478e+00,-3.472979816031308786e+00,-2.882526548270206490e+00,1.286741553088565748e+00
2.044607847552392110e-01,1.786920935520281084e+00,-2.085737161146910434e+00,2.928135347624961415e+00,-2.159675974456964909e-02,-2.077483149562139975e+00,3.341673612046472952e-01,2.713197461978944069e+00,3.297344155776500862e+00,-2.841219577275967967e-01
2.556080452913986889e+00,2.595738042568852766e+00,1.470171296575636832e+00,8.932958059910291126e+00,-2.294630048065001482e+00,-2.488341629102523545e+00,-1.985275992525133537e+00,-2.402098895689394276e+00,3.013270402516119439e+00,1.835514709096253583e+00
2.738768512925367382e+00,2.514933471799338349e+00,2.865326740984654563e+00,8.103639844596395747e+00,-2.904467474764161672e+00,-2.487565728808459387e+00,-2.130097128405687990e+00,-8.513031967826112378e-02,2.112931980681540090e+00,2.530936073622345184e+00
4.578768020605316735e+00,2.190276167159617593e+00,2.582542232407250005e+00,2.158365968335709262e+00,-3.308979863858239057e-01,-2.617017118518298435e+00,-3.127474556149114071e-01,-3.112146146392035462e+00,2.368614972128375129e+00,4.469689564513801283e-01
1.914112787803712079e+00,-1.666530839962779620e+00,3.593242407469054989e-01,-1.786418497667587202e+00,3.028658720807308136e+00,-2.419705488981920283e+00,2.859852429934407247e+00,2.183320988816772612e+00,8.436398849573523151e-01,-2.085610390867605357e+00
1.130003431610562270e+00,-1.509471393173476450e+00,-1.361234771115332753e+00,-5.972024695364950286e-01,1.842155052795972914e+00,-2.335967790198301142e+00,2.368477610774605946e+00,1.792515838028857722e+00,2.940394137431658450e+00,-1.805077724903004555e+00
-1.261947320051126642e-01,3.664160478038638757e+00,-2.175038600278611511e+00,4.841307837122147184e+00,-1.319597520553751124e+00,-1.927315075826735891e+00,-1.398822891448903150e+00,2.238299086929503190e+00,-5.894874086716037631e-01,1.279669468648170660e+00
2.149184826897643674e+00,-1.633226825065090759e+00,1.246425245589260822e+00,-7.372690046539092101e-01,2.720308465330826486e+00,-2.375706893194674318e+00,3.346333546543179160e+00,1.503845742194098278e+00,2.753969075456655702e+00,-2.012416890134878678e+00
1.544059579458070708e+00,-1.374112326945909679e+00,-7.780228437055241031e-01,-3.575054050626746971e-02,1.380920048336263584e+00,-2.303100495836321038e+00,2.266063167210914830e+00,2.452836187391255862e+00,-2.920798971810860678e-01,-1.620724376833394542e+00
4.597829873286181979e+00,1.717375301316502068e+00,3.730709921402902474e+00,1.450697749876236120e+00,-2.565918827043209838e-01,-2.606382912040237088e+00,9.635513368105808052e-02,-1.418724241953760234e+00,1.972467269989717664e+00,-2.757654326143609835e-01
3.900607210921517520e+00,2.661995828159346100e+00,2.688193738797032939e+00,5.847256470314254884e+00,-1.647663292171938076e+00,-2.583720115057366762e+00,-1.640441556971529824e+00,-1.591551808967093473e+00,-1.708021272772670685e-01,1.707673608079740779e+00
6.006432221151322359e+00,-5.919047466171228900e-02,2.776553910228613642e+00,-1.816456719158963118e-01,5.287372181727576503e-01,-2.661780378314627438e+00,1.140763095805077398e+00,-3.204942994967624692e+00,1.380515416973794984e+00,-9.197850770022442113e-01
-2.044336690722557304e+00,2.244199316661374066e+00,-2.447290247341702862e+00,6.684510114823225990e+00,-2.135692973212711010e+00,2.088780987598222172e+00,-1.915870825397587351e+00,3.300360224638177797e+00,-4.715307821079122164e-01,2.615802418029147702e+00
4.893689671983344702e+00,-1.419821539508910435e+00,3.502644919823548531e+00,-2.080118368245837956e+00,1.688621661371299432e+00,-2.610664201030102660e+00,1.917855196056259981e+00,-1.357840348330140223e+00,-8.316179411051867199e-01,-1.734008897273711325e+00
5.533803833861348664e+00,-1.646837463138606239e+00,2.599957487022155789e+00,-2.381185502482238814e+00,3.058495159009964048e+00,-2.651909092889030983e+00,3.792628738527978882e+00,-1.908032779997240969e+00,1.064204272493305403e+00,-2.094219810039313234e+00
4.940014572347297239e+00,-1.196076649248318802e+00,2.446917422652611585e+00,-1.274331840105459968e+00,1.114875064995917597e+00,-2.625244284364190328e+00,1.948561163314529665e+00,-3.022227367648183893e+00,1.972437942907348862e+00,-1.502022995365132507e+00
4.941438154736226274e+00,-1.367844241087069923e+00,3.013280580148649967e+00,-5.579312859965256166e+00,1.574958658302494818e+00,-2.629730465775096171e+00,2.819718954710820569e+00,-4.912360168337981392e-01,-2.929815031592734265e+00,-1.601172433232077807e+00
-1.502875946391818429e+00,2.895685784611104374e+00,-2.403569949306981535e+00,5.084462849615022151e+00,-2.348581118143594715e+00,1.328510645680538449e+00,-1.919033687978680680e+00,2.160256910907883743e+00,-1.651369669920459859e+00,2.037553182451644851e+00
4.657858676382397256e+00,-1.448449424798862406e+00,4.249657051966885035e+00,-1.711091198493707388e+00,1.737567777917838008e+00,-2.625201195879771188e+00,3.668082681051390459e+00,-1.262851860331019260e+00,6.205139959944423467e-01,-1.728866300987432547e+00
1.108277778875432107e+00,6.292163611869261430e-01,-1.457130446597648232e+00,-2.697976496222040943e-01,-1.850212467164080721e-02,-2.338355739649273346e+00,3.294600034855896808e-01,1.962589994113179692e+00,-1.442788010866188131e+00,-5.424097219752083143e-01
-2.031714806974370902e+00,3.688464561133784514e+00,-2.452816481575824437e+00,6.905796921996524063e+00,-2.888321171140999066e+00,2.881464584086785852e+00,-2.146953448144663046e+00,1.917219191761496688e+00,5.671217826087229241e-01,3.045968912012377849e+00
-2.046900323894384477e-01,2.679460924291507506e+00,-2.132010302512117761e+00,3.955301432088616842e+00,-7.948681559838766120e-01,-1.781997788415106587e+00,-1.207008469663086947e+00,3.055620010878836723e+00,3.453758961984622289e+00,8.517072615326759522e-01
4.819912895584206325e+00,-1.374211083533724009e+00,3.649563730256194738e+00,-1.578219216559331617e+00,1.606136798601915494e+00,-2.586434810706060183e+00,2.573144989032701169e+00,-1.702308742678692033e+00,2.695716583553486423e+00,-1.654319146911228611e+00
2.549287589836197299e+00,4.724931547148927269e-01,2.489354245484291184e+00,-9.285857859102670808e-01,5.474724439935556575e-01,-2.508036690578352434e+00,1.369703324516149845e+00,5.953212011625605982e-01,5.437006354459850144e-01,-6.695125116659766951e-01
-5.571364525675368551e-01,2.914301575920394072e+00,-2.278463674871926692e+00,1.699181422831070876e+00,-1.355321441617634015e+00,-1.319626636718858048e+00,-1.408638106994370753e+00,3.006096614787060695e+00,-3.021896203448819485e+00,1.179838565687759688e+00
4.837126417007554302e+00,-1.709138984780213200e+00,3.547143943414901912e+00,-1.755808867234927906e+00,3.421243021648741944e+00,-2.619858208274973510e+00,3.675546949794584517e+00,-1.856080570211666059e+00,2.260032282691453176e+00,-2.174186685550793641e+00
4.546469374047696022e+00,3.014704080472908609e-01,4.086004495459401475e+00,-8.456184807960027694e-01,5.182228773982302528e-01,-2.613880480000470463e+00,1.186886814915811161e+00,-2.556175977674586264e+00,3.161428528885584122e+00,-7.950469980791071700e-01
6.030502923039543717e+00,-1.684587172627711071e+00,2.585554658017332308e+00,-5.540009989046598804e+00,3.114644345650317447e+00,-2.661344596489346959e+00,3.163699430476615504e+00,-8.368522717679960365e-01,-2.605511749032109137e+00,-2.122715609343849952e+00
1.047705600739280207e+00,-6.480019168164854459e-01,-1.593779983350051666e+00,-1.605553470347536038e+00,4.184196190631577217e-01,-2.337333739687284417e+00,1.686921006826680447e+00,2.872866861747725764e+00,8.329310159528446889e-01,-1.082007448444038067e+00
1.322552093079398583e+00,-1.128301810485740908e-01,-1.306426361578314932e+00,-4.445168569162059491e+00,4.526657491531929089e-01,-2.358576972748427369e+00,1.384167059196754535e+00,1.746757747999661881e+00,-2.462263156094902428e+00,-8.548750398520876814e-01
2.461380364894774964e+00,3.067000354349444624e+00,1.955873197603569036e+00,3.457273810178209672e+00,-3.141806935458368422e+00,-2.475652608156051038e+00,-2.197844139696767840e+00,-3.237656294817210068e+00,-2.720758564362887988e+00,1.930047842279836834e+00
-2.125624201895520482e+00,3.375365808864480233e+00,-2.472726453292606319e+00,8.607935602021731469e+00,-2.771448635440205699e+00,3.424503698094922832e+00,-2.127473571558128107e+00,1.912834424482818818e+00,-9.313537394769904054e-01,2.965931542773535767e+00
4.098937919863685053e+00,-8.992043665320419432e-01,4.329317971957058475e+00,-3.148137247806007455e+00,8.010664417447976859e-01,-2.585728076464603120e+00,1.827662727996432368e+00,-3.371805343033158486e-01,-1.729300195005325502e+00,-1.314456754961018659e+00
2.624041045583004994e+00,-1.455669010735916702e+00,2.330239521947637282e+00,-6.945270646779428958e-01,1.621435993008424781e+00,-2.505270404878269019e+00,2.492991782028919800e+00,1.164242793970831968e+00,1.651898599807400281e+00,-1.739480256868870534e+00
-3.970899888601331362e-02,2.808577697866034839e+00,-2.074511345057749701e+00,3.130610084551614936e+00,-1.791773004309083372e+00,-2.023831068626683383e+00,-1.628777772371204025e+00,1.473382189128158437e+00,-1.916611669762343428e+00,1.480855240680015505e+00
5.905979508977047487e+00,-1.695732295687116142e+00,3.806494789668581014e+00,-6.810973720621342764e-01,3.247830081073718844e+00,-2.659386220794347278e+00,2.188549683841233051e+00,3.708903408230774801e-01,2.424188711312903699e+00,-2.145044060869881974e+00
1.623029395687913157e+00,-1.404083908370073130e+00,-7.780712915576684097e-01,-4.057446214444565769e+00,1.688666518912402381e+00,-2.390017393094798770e+00,3.422484950907520584e+00,1.376747832746837652e+00,-1.816115736130953007e+00,-1.667169371374132902e+00
5.824509848313597082e-01,2.259992963103583108e+00,-1.907468249449171482e+00,5.324459623326261770e+00,-1.833921057566646917e+00,-2.181555305176763770e+00,-1.838120639409623891e+00,9.471972904907701718e-01,1.115924838674621888e+00,1.381111799932116302e+00
2.763898730056472353e+00,-9.365118964052271400e-01,1.716185314004569085e+00,-4.574374078711609393e+00,1.010941969606796498e+00,-2.492197168097472826e+00,2.205496858906400348e+00,1.269349715283673241e+00,-2.276697479722213480e+00,-1.208359640867805673e+00
5.180747678907792420e+00,2.197271475976868338e+00,3.504415861025318435e+00,5.458362467420836417e+00,-1.121705343339561178e+00,-2.635974473406605068e+00,-1.300240901172037944e+00,-2.772689806881724284e+00,5.729963131004209842e-01,1.744872768142728070e+00
1.746855515315329122e+00,-1.443594848867080005e+00,-3.023963551788227400e-01,-1.116515384741882499e+00,1.592365180687089321e+00,-2.436711856746312854e+00,1.844050844215755935e+00,1.802062788595694798e+00,2.661470404331645057e-02,-1.715300986125414484e+00
3.980289060336822615e+00,-6.312874286461584994e-01,3.012731337966625400e+00,-1.107957285614863396e+00,5.921480382168571310e-01,-2.531632224938837439e+00,1.603549757651449026e+00,-6.330798539317639140e-02,4.996640381459660496e-01,-1.020092404148534637e+00
5.669245686071128887e+00,-1.479673318559773021e+00,2.970942400942647943e+00,-2.824904156169232294e+00,1.796576021165825487e+00,-2.647354572820651786e+00,3.546135582945443065e+00,-2.178526589513341882e+00,-8.054295210699109475e-01,-1.790576292589294738e+00
3.890963466587904485e+00,2.203459347614323161e+00,2.890241972626202749e+00,7.706551462889724924e+00,-1.739753484075431400e+00,-2.594415023536416065e+00,-1.732443456830719208e+00,-1.319162420147406145e+00,3.012140078744152127e+00,2.343615390043838786e+00
2.446082561654741916e+00,-1.664375796241591710e+00,1.833901822901622847e+00,-2.954866855785306168e+00,3.026067160491229480e+00,-2.474158418644729629e+00,2.951966199835021953e+00,8.437350183853569163e-01,-1.326445440783825536e+00,-2.092764774600123001e+00
4.157780073588692726e-01,-1.712716699670718601e+00,-2.001671249070916314e+00,-4.993879431109324862e-01,3.451009201346852961e+00,-1.890609757918660927e+00,2.413577147535188594e+00,3.247355472376793450e+00,2.856884988522187641e+00,-2.181208576318836911e+00
2.153400660203253381e+00,2.413015177356907959e+00,9.166386607842298417e-01,1.155913709237732689e+01,-2.348270962408476326e+00,-2.459025648947550380e+00,-1.952859062646801647e+00,-2.183432918618199992e+00,1.729697126526029471e+00,2.842199777937068017e+00
5.183612035928983897e-01,1.886839972728344694e+00,-1.934850258732152994e+00,3.191690718180459907e-01,9.033726142859155317e-02,-2.207178774138079280e+00,4.703094446358587200e-01,2.767046789104782967e+00,-9.352767360646736527e-01,-3.881775498651891532e-01
3.432525227797504463e+00,-1.558592494127553296e+00,2.729250559104553275e+00,-1.025196521899162772e+00,2.544333529409297689e+00,-2.540251988598734911e+00,2.765908337391503213e+00,1.027428124925708453e+00,-2.898190493134640278e-01,-1.953399819099783441e+00
3.908201226454181665e+00,2.824819915058008224e+00,3.168922242380359133e+00,6.211433587438626169e+00,-1.066114079341562437e+00,-2.588673678420517099e+00,-1.124522212970239021e+00,-1.764105169609608836e-02,2.609580054691020834e+00,1.599206407442645084e+00
3.688845143615421485e+00,3.213161255811272099e+00,2.569294244145996942e+00,2.978972865255826719e+00,-1.801538713723642715e+00,-2.563640501677061145e+00,-1.671273093918487440e+00,-9.086332834714676565e-01,-2.236706204887208838e+00,2.110025227449482177e+00
4.852505656367136488e+00,-1.422781551482112050e+00,2.438561661440627581e+00,-4.814273219139669102e+00,1.617456464220826007e+00,-2.608566020290923770e+00,2.223012628495559806e+00,-2.422400412979295758e+00,-2.420123982174261723e+00,-1.669259645891121746e+00
6.026593536517143690e+00,-1.699614879162970382e+00,3.202584654334587722e+00,-2.422387418232761380e+00,3.342624762474594391e+00,-2.662994951306311364e+00,4.092407110588478503e+00,-2.655476061285923173e+00,4.716502182938255849e-01,-2.156505615547386068e+00
5.929174023315338715e+00,1.171726286882553758e+00,4.566743406268221506e+00,1.590863946198157464e-01,2.623473130453124469e-02,-2.652858219001074769e+00,3.794946662278385618e-01,-2.583456419084788180e+00,3.371738414638840275e+00,-3.159733127931719232e-01
5.306365359252136926e+00,1.878874842859242111e+00,2.605140044319355308e+00,2.466110170514264066e+00,-7.529860187184604925e-01,-2.640758118016860667e+00,-1.022783188520258735e+00,-1.903069778792626732e+00,-8.814926848881299293e-04,5.040427473703531502e-01
-9.385756666718342300e-02,2.048759218802008508e+00,-2.129959042009057057e+00,6.721425439815435610e+00,-7.564699419260110247e-01,-1.941027101861569459e+00,-1.100566251746420532e+00,2.468437908028414896e+00,8.064399925800129765e-01,1.382171085146283618e+00
5.984871643090824200e+00,-1.545219133868327432e+00,2.779349753214965801e+00,-1.725997358276916804e+00,2.061545213359562645e+00,-2.654166514442517943e+00,2.449653913342185962e+00,-1.784187670056105901e+00,8.807024557250633379e-01,-1.872361644821657123e+00
6.666346497047584307e+00,-1.363944785707908780e+00,2.544754754223153448e+00,-1.735160163524878785e+00,1.442427050498425345e+00,-2.669670350152132610e+00,2.322727439421754525e+00,-1.004605788662356947e+00,1.329818537181103544e+00,-1.622696275548346723e+00
-8.732211848336723925e-02,3.116849177189770170e+00,-2.070171572955623596e+00,6.515986730333866106e+00,-1.267578714961328679e+00,-1.979982426885023905e+00,-1.571705625500314119e+00,3.023670293391488073e+00,1.216617993652438834e+00,2.048317073738370020e+00
4.341860213056647488e+00,-1.701170196272164148e+00,3.147000410288736116e+00,-8.703725426712236590e-01,3.322120593015146284e+00,-2.596800241414625621e+00,3.051563442446647567e+00,-1.379315148513144962e-01,2.626973482937494886e+00,-2.154590173994073599e+00
3.170351608648201758e+00,-1.630851161989748777e+00,2.421357428535351630e+00,-2.377513645695393141e+00,2.741063408820973990e+00,-2.516097607187190999e+00,3.109819107153293238e+00,6.446174835653790680e-01,-4.690267615939140988e-01,-2.012851639120863734e+00
1.788192033402339565e+00,-1.392298962268536000e+00,3.601073676163383253e-01,-1.605439127482400696e+00,1.406496444780878541e+00,-2.420031369946393340e+00,2.189549195001303517e+00,2.301140113805030474e+00,3.129023814490208721e+00,-1.625185694405570702e+00
6.016065787891561101e+00,1.721298016956648080e+00,2.461108582789555133e+00,2.902312992626542076e+00,-4.145596517731280350e-01,-2.658510975113583807e+00,-6.829036725408801356e-01,-2.500007628368256629e+00,1.947611783828640419e+00,4.024897871257546167e-01
2.478709175661859110e+00,2.228635416670138980e+00,1.526286465278045679e+00,4.830834881008520654e+00,-2.048928138908549190e+00,-2.502146223099805944e+00,-1.929292521367008906e+00,2.360618511255712093e-01,-1.580430142031534313e+00,3.076138295029472669e+00
6.793109387886725692e+00,-1.228738050160583573e+00,3.165885062413922757e+00,-3.215968925036983617e+00,1.154752915019027881e+00,-2.679201978223281433e+00,2.688099644831138946e+00,-2.808359190915580061e+00,-1.474606548525439820e+00,-1.445122632374206351e+00
4.998031790196721502e+00,-1.442888326295652002e+00,2.936881899192557377e+00,-1.146415447775742891e+00,1.777230463737564214e+00,-2.625493043483638100e+00,2.464498874995971089e+00,2.994785091583471726e-01,-7.099564885321547614e-01,-1.754877234385715079e+00
2.841143119417200769e+00,-7.618648238480132395e-01,2.450836583008358271e+00,-9.764058916949345246e-01,7.285428287545983039e-01,-2.510043966201666255e+00,1.720378237686016165e+00,6.606506153130853320e-01,3.295930853630391510e+00,-1.135145108446962592e+00
6.073750871894736392e+00,1.073576211927693924e+00,2.422808141202815513e+00,-2.638198092094084402e+00,-3.068253740126625217e-02,-2.661143566795933335e+00,1.014899845132657685e-01,3.226255690763260020e-01,-3.336128371464276654e+00,-3.671691582330628978e-01
2.718526357125982784e+00,2.986801542959163225e+00,1.632574889844746524e+00,4.628592077779137171e+00,-2.673709047136767936e+00,-2.490434839000621459e+00,-2.089336135469342270e+00,-9.500079769680778163e-01,-2.937939514881021896e+00,2.058340503935950139e+00
1.874684875259609029e+00,-1.550805401839862263e+00,-7.416541320375924506e-02,-1.957427485550103929e+00,1.993113985512199093e+00,-2.445199100097513067e+00,3.552330120949771519e+00,2.439069602386624958e+00,-4.554463434251454501e-01,-1.857717579432557331e+00
4.876920251388469296e+00,4.829062873284766244e-01,2.775714757519738285e+00,4.425035461976518092e-01,-5.886000981339112315e-02,-2.605028732049466722e+00,1.132675808279425544e-01,-1.332562981812118075e+00,6.767831389408307530e-01,-6.216481081451031843e-01
2.564948159305934006e+00,-1.617346892956924798e+00,1.539509127144270240e+00,-1.989972321676732658e+00,2.478804195346941519e+00,-2.510139856391043089e+00,3.577295026026816593e+00,1.847492820537129710e+00,3.080984184638616341e+00,-1.992470371116980221e+00
2.309779470654599098e+00,2.583440744218720830e+00,1.328894294758539596e+00,9.400040892337804266e+00,-2.556269480172506103e+00,-2.481965261354142971e+00,-2.074508302782510416e+00,-3.606252007456314246e-01,2.061017587026427123e+00,2.622966679481483876e+00
9.303189933946212076e-01,-1.697088210110919704e+00,-1.681251955253815211e+00,-5.748164533681051402e+00,3.255625690356565016e+00,-2.237525460938357913e+00,2.493723589432790266e+00,2.137948170754327748e+00,-3.232783381711425541e+00,-2.149360435286110871e+00
1.096902285688549306e+00,1.321654568023326259e+00,-1.580113070154881783e+00,-3.840321441716184836e+00,-6.159271218781636748e-02,-2.351191553677898671e+00,7.114259060961398706e-01,2.040762306261887815e+00,-2.820030336566231366e+00,-1.767511676360633555e-01
-2.246751391466673464e+00,3.825487102096282399e+00,-2.477860650529484232e+00,6.458216872913626005e+00,-2.993547421065877678e+00,2.200050726052817929e+00,-2.148123882227891190e+00,2.246299898209347390e+00,-2.419455871406460901e+00,3.674636780974217309e+00
1.912257583600330269e-01,2.161923684441836802e+00,-2.057278887465800121e+00,4.872287378686618986e+00,-1.539203761859139430e+00,-2.094988479476668886e+00,-1.730716080314731675e+00,1.336095401158550189e+00,2.076204262284262470e+00,1.232714197978574733e+00
2.561138880904950454e+00,-1.633608042629324464e+00,2.055827153155942444e+00,-3.043566444883552435e+00,2.818061449704291732e+00,-2.473061783411090175e+00,3.038490410532065589e+00,1.805732664391957343e+00,-1.184645075669565895e+00,-2.025563298017022174e+00
3.109478823732694241e-01,2.648742421388425861e+00,-2.004368923303193384e+00,4.770383416382598440e+00,-1.161874359581651639e+00,-1.936117146093319974e+00,-1.290380399572752967e+00,1.958237152764757738e+00,2.092535887689757956e+00,9.161603881678161976e-01
1.667981899150551950e+00,-1.697125332104299611e+00,-6.608057909909964556e-01,-5.953726771279493235e+00,3.290546719537125853e+00,-2.427054493596182638e+00,2.805736640549673755e+00,1.759424993586698349e+00,-3.467077206408196943e+00,-2.147566564404784994e+00
5.975140776296759881e+00,2.263457846928810913e+00,3.177166029006599057e+00,2.686474456187472271e+00,-3.911501352177149116e-01,-2.654278998221622832e+00,-6.798957691476748000e-01,-7.554403475870690166e-01,4.249337008132649807e-01,2.327447758165875347e-01
5.831052478755418988e+00,2.468297835839691423e+00,3.274124050647476025e+00,4.674602094719063849e+00,-9.306762889127435656e-01,-2.651732111267008474e+00,-1.204607791509817893e+00,-2.117910831916991032e+00,9.060778815718357748e-01,1.194700185023904959e+00
6.647836010777552485e-01,-1.469454312744018276e+00,-1.867673534370739574e+00,-2.236509991711840950e+00,2.028387296056869182e+00,-2.167081756676732862e+00,2.676266621607012119e+00,3.290916106673796193e+00,1.153751311074651120e-01,-1.758144224570465486e+00
4.594269543120814703e+00,1.551072379674978130e+00,3.797987368768655614e+00,2.911459793250764427e+00,-2.301641498181421497e-01,-2.613183292610515629e+00,-2.252920163433415057e-01,-1.705828996023099009e+00,2.250405179711863823e+00,1.072185868697191902e-01
-2.862948935997843947e+00,2.841115171998605859e+00,-2.521545837521802724e+00,7.684383288005536272e+00,-2.971034064652500639e+00,3.016600633322251923e+00,-2.147793167512038526e+00,3.362625554607597600e+00,-8.688613718557247623e-01,2.287206854664315614e+00
5.687411320873610343e+00,-1.540103545031052512e+00,3.095514158601483601e+00,-1.856687679760261389e+00,2.301886343428602544e+00,-2.638601949961743909e+00,2.058984978399404753e+00,-2.784710519859086464e+00,7.555576202839962008e-01,-1.900086989326857934e+00
1.274481665831448840e+00,-1.525094130656657221e+00,-1.379112418453410482e+00,-5.517408656169251913e+00,2.033236027788055011e+00,-2.368465558997129072e+00,3.231067500041703511e+00,2.288821169989781801e+00,-2.694458158313863372e+00,-1.844688790452786664e+00
7.503393148882514296e+00,1.456512861471820353e-02,3.473569870544880089e+00,-2.176779181644092898e-01,1.049504015746220986e-01,-2.686028876980881552e+00,8.734684684598494897e-01,-2.019374127744175684e+00,1.865505373414092283e+00,-7.667778255663146858e-01
-2.613456980659680795e+00,2.138880686426523070e+00,-2.501946580277467191e+00,3.086169178277040626e+00,-3.432216781103261560e+00,2.728921475152410903e+00,-2.249886484535527309e+00,2.316637046987592541e+00,-2.612864269505297266e+00,2.177469046292766386e+00
2.824176797016688223e+00,3.124132354065804584e+00,1.795866067860476090e+00,7.599101052147867463e+00,-2.545500948521571605e+00,-2.517922724017679581e+00,-2.021493729570878362e+00,-3.015706367151500533e+00,1.797747067418479006e+00,2.427747756415414404e+00
9.411694546092739255e-01,-1.298637185441659403e+00,-1.663696362685203489e+00,-2.339375254199330012e+00,1.483934036748233432e+00,-2.185777591721251856e+00,2.576395465428652720e+00,2.566920853887769027e+00,-1.279834100437956312e+00,-1.525043277328103297e+00
5.655769215106761116e+00,-2.563272278922975600e-01,3.115800695281654598e+00,-4.890274009492342699e+00,6.360028494603149340e-01,-2.640863630471721013e+00,1.241905372849345213e+00,-5.714560067391998288e-01,-3.397478761970687877e+00,-9.102489189921845192e-01
1.203241966344595681e+00,-1.291082678072962509e+00,-1.324220277455860240e+00,-2.196206269069718608e+00,1.400311510611547128e+00,-2.271624235129200198e+00,2.055753739927958179e+00,2.973774115708353705e+00,-3.567815356671095728e-01,-1.570232295076311679e+00
1.819538424408150057e+00,1.972670932397281751e+00,4.592507194480937027e-01,6.135224724895564918e+00,-9.734586915610345947e-01,-2.414868745771114433e+00,-1.289911458052971138e+00,9.959553079986562807e-01,1.509140771075196952e+00,9.929908595385464887e-01
4.403269550284636402e+00,-6.367641876102207998e-01,3.748207185968871258e+00,-1.185476227104725222e+00,9.056369575699525498e-01,-2.564082104424859399e+00,2.323834101974771027e+00,1.145420261751524116e-01,2.808300153763326534e+00,-1.162537164755492292e+00
2.816307571621208261e+00,3.780244665292359585e+00,2.079161540836127475e+00,5.818787246199267571e+00,-4.562135450776860779e-01,-2.497735149012669797e+00,-8.210857625600869181e-01,4.706838899577339141e-01,1.837777364406515623e+00,1.009527710100352360e+00
3.319978112663293679e+00,2.131134147499946341e+00,3.177934979704229779e+00,2.452253643938687944e+00,-6.033928588138657290e-01,-2.543463162455753768e+00,-9.167018463379195126e-01,2.551894657527729038e-01,3.453239792780271600e-01,3.654734159349500855e-01
4.336597881233786644e+00,1.695344647462718068e+00,3.000655757418422720e+00,1.730440283535552570e+00,-5.947716751307394745e-01,-2.594366468902765899e+00,-7.420305007472863812e-01,-2.542610442546362925e+00,-1.001909244228493368e+00,3.504185360278169181e-01
-1.662185165807132936e+00,2.902465892339141540e+00,-2.409699028999808590e+00,8.970467726567347810e+00,-3.275610668511638846e+00,1.348830728860154426e+00,-2.222239688857464479e+00,1.200978280055502445e+00,4.081375474221866639e-01,2.605853371198858959e+00
2.658301915132146753e+00,2.829959865115868833e+00,2.012296394402138144e+00,7.337493747897545937e+00,-3.073034952528982622e+00,-2.499300677336313559e+00,-2.181838241167732395e+00,-2.248980252492636556e+00,2.695155784570054003e+00,1.878180179042137077e+00
9.812792132187885263e-01,-1.602304087049544634e+00,-1.582401166796952863e+00,-1.527670100295172917e+00,2.445234146327083025e+00,-2.325749385154697091e+00,2.799044169525058301e+00,2.367228467929140656e+00,2.536653825326045997e+00,-1.955265190893014537e+00
5.609234968511621844e+00,-1.320528327967029902e+00,2.448555392742153725e+00,-5.929977241336505500e+00,1.368678779586941729e+00,-2.639594528680841101e+00,3.086824576269035614e+00,-3.059651271245837023e+00,-3.432186611037780999e+00,-1.610825615028291580e+00
-1.258470269833366295e+00,2.457872795987564807e+00,-2.313923172436434861e+00,6.805395659881305903e+00,-1.887118088575195030e+00,1.804588844068384101e-01,-1.821434405556045633e+00,3.180806163988790125e+00,1.214674670933256984e+00,1.876263016000663919e+00
2.454777727557330369e+00,4.228925011623619667e+00,2.260463457190884817e+00,4.203660847381325283e+00,-2.673113088276569460e+00,-2.487353981131966485e+00,-2.066624490731062025e+00,-2.457289442059495954e+00,-2.428077907689443204e+00,1.880137620112931174e+00
1.370965066607840788e+00,2.571409809401624003e+00,-1.285964850037722540e+00,7.645952605111032696e+00,-3.215028162532418410e+00,-2.356872808697384247e+00,-2.206672803989021325e+00,-2.411687453383545510e+00,2.126340510437607634e+00,2.074112349126740806e+00
4.823114309142664702e+00,2.437630361791740974e+00,4.081533460651612266e+00,1.997756296967270639e+00,-1.420499265154759883e-01,-2.596678459134332595e+00,-2.697681178954944858e-01,-3.009378652967153123e+00,2.415089999845736024e+00,3.127093665807956224e-02
4.961820763147924751e+00,-7.558039451303489864e-01,3.273885937767707865e+00,-4.314308865101164070e-01,6.157698760925818249e-01,-2.601655638776106727e+00,1.205529957459301471e+00,-2.451291475352556759e+00,2.544553644074519561e+00,-1.092769658514682884e+00
4.922779699560999589e+00,-1.635997076922583116e+00,2.446319433325710335e+00,-2.670128325617597387e+00,2.785691552982940244e+00,-2.627742016103111311e+00,3.019139439620963650e+00,5.179559266614113255e-01,-1.465845861302782716e+00,-2.043503458674620799e+00
5.934465820740768116e+00,-1.662631424869433605e+00,2.566533965331168510e+00,-1.944045298470839400e+00,2.941902280378683621e+00,-2.659007498589991414e+00,2.140891847936127412e+00,-1.001672548557908549e+00,1.046575117165804869e+00,-2.078190610145187023e+00
-5.214304833830327723e-01,2.237590636752761597e+00,-2.231700824939328864e+00,1.603731011026069408e+00,-9.362897624762109849e-01,-1.719821495345194018e+00,-1.289563097446845052e+00,3.036879916951745528e+00,-2.824533637984917966e+00,9.549858707626457388e-01
4.865918151892143939e+00,-1.656894082356356046e+00,2.656810266261912190e+00,-1.466007310054089130e+00,3.015876181136016854e+00,-2.630519414104559139e+00,2.616902826458365361e+00,-9.357098731872142139e-01,3.320996343798224615e+00,-2.074686298997328482e+00
3.856335182041891185e-01,-3.832088547049205540e-01,-1.975078413892269014e+00,-1.165483682556881728e+00,3.204553820776046003e-01,-2.177991726045483745e+00,1.609708032635154051e+00,2.982989648247517778e+00,-6.340506843113233870e-01,-9.209251171468821884e-01
6.354810678162785109e+00,-4.324193365875042550e-01,3.155821327923123754e+00,-1.637870358648629177e+00,5.186432686198525488e-01,-2.647169780490330027e+00,1.392352835951004453e+00,-3.090028150973218590e+00,3.151124653409387300e-01,-1.022301727812806815e+00
2.647535110767115007e+00,2.488923531128611089e+00,2.278976555076523525e+00,5.546889531997590161e+00,-2.249550531502292117e+00,-2.514106539919493066e+00,-1.955300002572733176e+00,-1.960420183532028959e+00,2.704302071576414335e-02,2.201610881053095881e+00
-2.273904179981218299e+00,2.789872407492360207e+00,-2.463185935687369543e+00,6.320082080469139107e+00,-2.688969826589321155e+00,2.127052791935079679e+00,-2.100389394044740676e+00,2.398746082095405185e+00,9.517757923186076496e-01,3.360092259191668429e+00
2.784912981678143939e+00,3.008496332923250360e+00,3.360160342366733666e+00,3.129871055033855320e+00,-1.789367492713814789e+00,-2.487713501605569810e+00,-1.802708140857082197e+00,-2.354288480309519205e+00,-2.952893164745012289e+00,2.571589152950561008e+00
2.078700984104890015e+00,2.620992898460808629e+00,9.792088974812775959e-01,4.735687990731088703e+00,-2.629977742763386583e+00,-2.477821676826720498e+00,-2.034569784895763345e+00,-1.678232230848013096e+00,-2.870498118098922191e+00,2.938143447007458331e+00
2.165259749812306289e+00,3.289613520969736360e+00,9.309722758490013295e-01,3.377800828085092633e+00,-1.936958312420263617e+00,-2.422486191387431820e+00,-1.876425857465653158e+00,-9.014782831986507539e-01,-2.955756427326443170e+00,2.529089428049366095e+00
3.660934223850353497e+00,-1.742578112303552751e-02,3.344275607656812976e+00,-3.595291690935776163e+00,2.786936443471006442e-01,-2.553917467468950875e+00,1.670731623442961666e+00,5.893892860171554560e-01,-2.211540123645714839e+00,-8.265091969568448826e-01
5.479395537558723994e+00,-1.597558888573417768e+00,2.540796606412352165e+00,-2.243603277108563887e+00,2.577784888541783559e+00,-2.626662468261908412e+00,3.498914394720625598e+00,-7.538222154887175286e-01,-6.810495022255200759e-01,-1.972118384030940641e+00
5.453993543867002636e+00,-1.501709818582423583e+00,3.041183294745948285e+00,-1.628388229629741835e+00,2.064914503670672197e+00,-2.635740399382678234e+00,2.487225689022459552e+00,-1.622788308005975955e+00,-7.226326614151448169e-01,-1.834071437446664454e+00
1.518369604050904265e+00,2.616618381314606889e+00,-1.079122170964468497e+00,9.152416449097703577e+00,-3.273506372074407089e+00,-2.414713291687693886e+00,-2.219985930179333433e+00,-9.139076488746145088e-02,-1.320372013702538094e+00,2.917461194390328139e+00
