-4.165140175902401154e+00,2.632260167512688653e+00,3.128480890862552322e+00,3.086512116925211657e+00,1.968407304737590069e+00,1.856029418096677652e+00,-3.980957202322352728e-01,-3.268637979587400544e+00,2.760128089217666947e+00,2.417123427748015807e+00
4.396581810798751100e+00,-1.701418418856110781e+00,-1.791743957765113970e+00,-2.129971008706089464e+00,6.265765379566330395e-01,-4.135723230973305520e-01,-4.005088784491773524e+00,-2.582704396067584618e+00,-5.429800216916405020e-01,-2.952091092538065009e+00
1.318799561149918365e+00,1.725648469446185995e+00,-5.122038648748117318e-01,4.808618287978552175e-01,-5.437850178522135813e+00,2.194279939036825056e+00,1.856184476288945007e+00,-1.288062518838704928e+00,-7.348691392562702873e-01,-1.193112372265437315e+00
4.264481601578431480e+00,-1.596106317226347659e+00,2.235851535194244288e+00,-1.937892797167660941e+00,-1.491281116560850828e+00,-2.939828826011524621e-01,-2.014226336697166053e-01,-3.853524797886600517e-01,-1.693998092862855742e+00,2.359087028610091785e+00
3.017513892137564380e+00,-7.038491765189960336e-01,2.292426068252886751e+00,-7.563121392779570407e-01,-1.968635337039061906e+00,8.053076545731205904e-01,1.708368061427619766e+00,2.638067234942654160e+00,-1.940596209073497391e+00,2.972113343295510468e+00
6.912346314320721996e-02,-1.312780472043230118e+00,6.892841327832287535e-01,-1.290874966160762582e+00,5.013090379755688275e+00,1.819323068488206130e-01,-3.848150653979391933e-01,-1.023472228750676116e+00,2.589959927615888446e+00,-6.672596952251241831e-01
4.075443905097559494e+00,-1.531620747802239002e+00,-1.129572629631669933e+00,-1.871336702601768209e+00,1.146545690708118403e+00,-1.254592125903296052e-01,-1.321582207623357208e+00,-1.005364072827610311e+00,3.079739135548233975e-01,-1.616390968273075046e+00
6.017205493998522670e+00,-1.624240369340126833e+00,-1.530316545298631592e+00,-1.938056634233148223e+00,-6.618018192500119135e-01,-2.634084838198271772e-01,-4.485713321740052884e+00,-3.265251543604946960e+00,-4.952759503192876167e-01,-2.394691335714250080e+00
-3.713512440777348989e+00,6.216979783263277826e-01,2.545694739382052596e+00,9.333709892604025171e-02,6.138305670469907049e+00,1.533944623451267475e+00,1.943305580809871813e+00,-1.051930337507942070e+00,2.899275167234259598e+00,2.320253196314123301e+00
-3.277143165987469242e+00,1.992449321430275422e+00,5.901879229854078979e-02,2.922811370713914059e+00,4.263412895135918923e+00,2.399598771162101407e+00,5.555305327998905085e+00,-8.980108115223677245e-01,1.632609006507879101e+00,-1.131932786110799949e+00
1.531499799374311355e+00,-7.562278691767715388e-02,1.507180381588801410e+00,-3.103382357142456804e-01,-1.352119831705876685e+00,1.225197926492906486e+00,2.683320790793447763e+00,-2.431861277677827005e-01,-8.315164689066811832e-01,-3.274267159271642136e-01
3.305842470727347049e-01,2.996811986962549579e+00,1.708535850681948576e+00,3.259671453065627666e+00,-5.151305897574168569e+00,2.432784746774351525e+00,6.914557086269592645e+00,1.810374716100702663e+00,-7.164366296268234180e-01,-4.078375618099809863e-01
-7.593167802232414498e-01,2.113042384607933588e+00,3.330228983829203848e+00,8.685262907675808108e-01,-8.606794321679409610e-01,1.713286730279584447e+00,5.520706262117742291e+00,9.940303575168680794e-01,3.899009426493433850e-01,3.144321732188122276e+00
6.740236243425776763e+00,-1.700138158594770577e+00,1.998309286602550028e+00,-2.280071533191059707e+00,-1.370548733736957292e+00,-4.133245594882848928e-01,1.742922839168723925e+00,2.665873980791471531e+00,-1.450328479312184893e+00,7.650485238082413986e-01
3.426000096830454922e-01,3.192069855587875260e+00,-1.711863372585625376e+00,2.347215373142883088e+00,-6.199275354312601571e+00,2.286052777720385620e+00,2.384594207542575894e+00,-1.582007749121494111e+00,-2.978671955067912158e+00,-2.591009802976466769e+00
5.922006582946903741e-02,1.403076675173727583e+00,2.028203020318520622e+00,4.002189347340023851e-01,-4.117298115461098362e+00,1.834571664935056301e+00,4.892665329546448838e+00,1.119686294651278224e+00,-5.961261496177452379e-01,1.140221180308037319e+00
4.434141018524634603e+00,-1.768011264548390304e+00,-1.849293032929954839e+00,-2.437313277770326359e+00,3.583683190379460815e-01,-4.425190875070256769e-01,1.123485678683407096e+00,2.605287474566702954e+00,-4.219591398658151249e-01,-3.101409335236311460e+00
7.894105050405212376e-01,3.583476769677342300e-01,1.933314753365102723e+00,-1.279213370846323805e-01,-2.484177625948237988e+00,1.496033812220678438e+00,-1.813421533379904749e-01,-1.502081156033122866e+00,-2.813913059700682062e+00,1.634028046352232977e+00
6.184766215398253664e+00,-1.652388235136934558e+00,1.337198705993231984e+00,-1.983948464035367065e+00,-3.538511895832829879e-01,-3.409565730730804711e-01,-4.115080469299019938e+00,-2.462547907647977041e+00,-1.076945609489077249e-01,-6.029011426584318656e-02
-3.440779178740966948e+00,5.732248976948649544e-01,2.501503149338692111e+00,-6.851250403030251235e-02,6.006590608479601023e+00,1.659040285572352724e+00,4.578273583062581586e+00,1.914389280908928015e+00,2.229642211037683452e+00,2.092035448418041454e-01
-3.104312783258063480e+00,6.458436464205888905e-01,2.911469470642675805e+00,-1.221318957380401748e-01,4.288675753403327739e+00,1.731894975053867025e+00,2.593659896638804696e+00,-8.953940713151977704e-01,1.957976069011164277e+00,3.468657274590785988e+00
-3.857629400327846070e-01,-7.504442050328722358e-01,-1.766692548211067582e+00,-5.854609011980813627e-01,5.258510265409784168e+00,1.342564401460396795e+00,-1.722124915067361650e+00,-1.254122515372846802e+00,1.977725091101911303e+00,-2.844073812382041044e+00
6.899097262556324051e-01,2.356556103717191597e+00,-1.901610096907686565e+00,5.525092516283125477e-01,-4.501401452046811968e+00,2.554617746142224810e+00,6.742172812411947547e+00,2.352966987204949234e+00,-1.449980115900260103e-01,-3.340329117827312899e+00
-2.722763075640920238e+00,8.159003764044407969e-01,2.123096939809096639e+00,7.431488449795331519e-02,4.747654978178660556e+00,1.642970948485778404e+00,4.627346723564046194e+00,1.064133352974304891e+00,1.577258838205279901e+00,2.524397439836920221e+00
-3.660433053109043211e+00,2.280280206110241181e+00,2.017759495478012699e+00,3.388995762932195177e+00,3.247960669034360315e+00,1.789451303193316800e+00,5.712532756970163383e+00,3.406719255970388716e+00,2.025894693970697880e+00,2.060757817839208528e+00
-2.339007751584282202e-02,2.288120908829252453e+00,-1.921600250655512543e+00,2.294157372821627128e+00,-5.438605231997411416e+00,2.455563172129970440e+00,7.058272655723306421e+00,-2.571982006165702828e-01,-1.179235632308146986e+00,-3.422990514923125893e+00
2.764668996874058982e-01,2.570806527711272160e+00,-1.079935395058461367e+00,2.523421659438586317e+00,-5.928965570873900859e+00,2.221447011887644596e+00,2.014548447531134823e+00,-1.269639758714030009e+00,-2.612898509806345082e+00,-1.582017470427797612e+00
-3.812140700556159167e+00,1.391712279341481784e+00,2.452352284913777325e+00,4.256726909417700710e-01,2.978312629018784907e+00,1.580229619166344524e+00,5.417020528384875355e+00,2.560602450923859408e+00,2.532086519284806769e+00,1.561000924023667302e+00
4.943962570812664659e+00,-1.105049486223698141e+00,5.734678706801247250e-01,-1.152474922629528109e+00,-2.331042982321537949e+00,5.157606459490418072e-01,-3.924160245126954827e+00,-2.544902330369371857e+00,-3.452281283431611669e+00,-6.838798427967383020e-01
1.142949925996653571e+00,-1.496187015350349814e+00,2.095211969531324936e+00,-1.620604159994417426e+00,3.333360663906301369e+00,-7.468381034447674205e-02,1.584693403601742379e+00,1.382338772341559441e+00,2.539752980421528861e+00,2.310378412583605545e+00
-2.113902132287868163e+00,5.060917089708799610e-01,1.832792791321367076e+00,4.559436779518888372e-02,7.419302622678775272e+00,1.629622973444774914e+00,3.486156898133614401e+00,4.491458981817215701e-01,1.205261437816202097e+00,-9.845281170232222934e-02
4.470119846830656662e+00,-1.325340665161839127e+00,-1.898062617648623940e+00,-1.193587624490704435e+00,-2.170029542354690033e+00,1.231876206944514662e-01,-4.304465147859719565e+00,-3.073317872533010586e+00,-1.269809892925694239e+00,-3.289753567849103000e+00
4.995509481886406533e+00,-1.834538581014536263e+00,-1.537225503990142350e+00,-2.649788337209208589e+00,-2.064189568142931641e+00,-5.458588954450304120e-01,9.036445981454114262e-01,1.490121460953888644e+00,-1.270672711735461480e+00,-2.358024124828085988e+00
1.625812132064451188e+00,2.317525685509846944e+00,1.589345834744220420e+00,1.718823517968537828e+00,-6.541889384973258892e+00,2.231309935199800254e+00,5.632357143729675997e+00,-3.159112820382059539e-02,-2.875860435131247783e+00,4.646785439052090183e-01
-1.219502241740682225e+00,2.219026294437012048e+00,2.163318175023090539e+00,1.452249798195869523e+00,3.604804260787377590e-01,2.614348067650444030e+00,7.982500014789464693e+00,-2.360868193422911432e-01,8.049200600409553985e-01,1.993765129555227666e+00
-4.787719713609545069e-02,1.699583023751669808e+00,1.165427869489756296e-01,5.887365253390601794e-01,-4.677592429762073678e+00,1.941522530013483294e+00,5.196466448295378626e+00,1.385625575758826500e-01,-6.980121510090357972e-01,-9.341777019646877456e-01
2.948563771264932631e-01,2.133068490666859773e+00,2.558175357713817100e+00,2.134276447511622266e+00,-5.818433678343149396e+00,2.148993393709068389e+00,1.397507385556068016e+00,-1.631831670894242414e+00,-2.843007975299268075e+00,2.764456368062914393e+00
4.643847336128078318e+00,-1.671411617693929763e+00,2.522748143794069531e+00,-2.209625170092579083e+00,-3.022182692597810139e-01,-3.918685107273320312e-01,1.133064805421972743e+00,1.734862959744294386e-01,-5.778253869013294519e-02,2.034865306114227224e+00
6.022161800881304927e+00,-1.595340045430497566e+00,3.011892992642432265e+00,-1.878583331261385769e+00,-1.852571687123997002e+00,-2.764551868463890894e-01,-3.938125545155532592e+00,-2.353634635364846961e+00,-3.153121033720025945e+00,1.744752033034020045e+00
6.773734627691382570e+00,-1.949070969121490027e+00,3.972522149460932184e+00,-3.339381922796853530e+00,-1.981809296954462063e-02,-6.404156565715134475e-01,4.190303324128344942e-01,1.819357760452047224e-01,-2.358544448318866671e-01,2.289172117544792329e+00
-3.718568746344455889e+00,2.834792690676216864e+00,4.120085883255134362e+00,3.206654085350743699e+00,2.877673356698470020e+00,1.881791771293735316e+00,1.146024521442952526e+00,-1.604047095113851462e+00,2.014520405322680396e+00,3.472427167785844482e+00
-2.122947084556019437e+00,2.484867357889451789e+00,1.435901956459163520e+00,2.610553456655140714e+00,2.160085491870176622e+00,2.268105124107794079e+00,5.065260190023765929e+00,2.742593835361315513e+00,1.075859384157718424e+00,-2.779723802610511996e-02
1.564014577854940524e-01,-1.881870054223346633e+00,2.249483330195753972e+00,-2.990898708945198603e+00,4.087423151124081500e+00,-5.682717742351202084e-01,6.216723969974350394e-01,8.541490503810686974e-01,2.808655980422033238e+00,1.414855093838073508e+00
1.043230768971730588e-01,2.504912627453677043e+00,-1.889084302529570936e+00,3.200136463510039775e+00,-5.717628449787165223e+00,2.083474234201328379e+00,5.351994595042924630e+00,2.303062645407254472e+00,-2.804791878327198340e+00,-3.252465123401502289e+00
-2.028613417648601924e+00,-3.202931180481517481e-01,1.425317252963592241e+00,-3.232285058835180358e-01,5.752872258618649148e+00,9.638247293332907750e-01,4.390950660440235964e+00,3.380570983069696389e+00,2.110617360138214771e+00,1.683010891503591289e-01
-7.549996064967767762e-02,2.222974770695270053e+00,-1.696261129840169524e+00,2.616754928722516915e+00,-2.890122316788260370e+00,2.567757388132977159e+00,-2.230779145844613565e-02,-3.033997766523153228e+00,1.761157846986427522e-01,-2.610069009715838106e+00
-3.487481289911265048e+00,1.250871004516964202e+00,2.840936612093194036e+00,4.079966061287043644e-01,3.187345073566060449e+00,2.049998069694949798e+00,5.651379588692671874e+00,2.001336995570230926e+00,2.004194956141672534e+00,2.205005091123007688e+00
4.405263440436904432e+00,-1.852365075758183544e+00,1.209450580853436819e+00,-2.881313328798532414e+00,1.813915744532922592e+00,-5.598724902554060856e-01,2.146043200492149694e+00,1.567151007306168964e+00,3.682806153506770208e-01,-5.970537683641010673e-01
5.287071831225356178e+00,-1.704291212505268716e+00,-1.680071745358091340e+00,-2.160908680919787273e+00,-1.432403411583154540e+00,-3.817232077047322814e-01,1.200365444692937489e+00,3.388378703860045249e+00,-2.670969730690787358e+00,-2.566045111713991744e+00
4.461148801223075111e+00,-1.805467566874441543e+00,2.892694421189439424e+00,-2.594826234167936008e+00,4.572300150180546030e-01,-5.045164283768662772e-01,-4.303856896316933245e+00,-2.720271297359274865e+00,9.967724548794354433e-03,2.899127100144853308e+00
-1.469989547179465506e-01,2.105515647950804592e+00,2.186645475793269178e+00,1.467877755022666264e+00,-4.371528817933543642e+00,1.934885484911791798e+00,5.270538559131836998e+00,3.177828427094508967e+00,-4.829195906833896323e-01,8.262516335995364614e-01
-1.158440057978369075e-01,2.892727998723051641e+00,1.082337973442443646e+00,3.256016469888682430e+00,-5.522867754428559373e+00,2.390687431054973722e+00,6.385257936079270280e+00,2.086217953034122274e+00,-1.401356562483264678e+00,-4.752341378200570787e-01
2.595807995591029815e+00,-7.028713786436884270e-01,-8.853489837753903968e-01,-7.390789608426153734e-01,1.002791200052522758e+00,9.134403964727491054e-01,-3.459532350342329199e+00,-2.349762503298350680e+00,4.777801805439292337e-01,-1.380920100652399451e+00
-1.704532076827418141e+00,-1.785435273034564618e-01,2.804818064161470836e+00,-3.248798732575712833e-01,5.452855785684076473e+00,1.104694131899780052e+00,2.665756216851124183e+00,9.021864267212311717e-01,1.325000370535518890e+00,2.361134485350291357e+00
-4.359162521002003743e+00,2.222466621772527517e+00,2.712648648244248228e+00,3.491515128221821307e+00,3.761933610861707855e+00,1.978020470166150124e+00,8.758843011443369075e-01,-2.661361011826610223e+00,3.496996713722189121e+00,1.975332466667305553e+00
1.685035881143641889e+00,1.666618935669303414e-02,1.945949810904456179e+00,-2.367987631313726027e-01,-5.580019686871073858e-01,1.731981854597588688e+00,3.708596663987269615e+00,1.593808079206961992e+00,-1.464934642595047354e+00,1.429303482613709875e+00
3.822988095540279296e+00,-8.212700612748689011e-01,-1.039747741115315538e+00,-7.147890872638251736e-01,-1.472882549604794145e+00,8.506512827426289114e-01,-2.832874041894607231e+00,-1.846496568026755547e+00,-2.202125117528742848e+00,-1.492040479920230922e+00
2.110863329891932150e-01,1.722751862388262722e+00,-1.783315955591952440e+00,8.037154615899417820e-01,-4.779037363851251108e+00,1.982603631600635019e+00,1.147503806522709002e+00,-1.461114433185148886e+00,-4.395848465501330793e-01,-2.903284185374971571e+00
-2.170843527943530915e-01,-1.103594198610986288e+00,1.866021159704915888e+00,-1.278084480861298999e+00,3.586697795586740067e+00,6.705458378409704379e-01,9.544356448168650475e-01,5.636962656657873438e-02,2.510031269051617109e+00,3.189983646542469131e-01
7.953145987732890276e-03,4.083745480306574471e+00,-8.371618011569534890e-01,2.141723776952772162e+00,-2.735099986409803119e+00,3.389143685552113983e+00,1.338712562384285709e+00,-3.323776150899729220e+00,4.243246362885058076e-01,-1.420243991198075761e+00
7.067366223603432918e-02,1.916276443521455652e+00,5.693683205278482484e-01,7.192562964938451486e-01,-4.293404021997160314e+00,1.648083260178328402e+00,5.176978192861361627e+00,2.924814567815523070e+00,-2.112185164196711540e-01,-6.578200104079998667e-01
4.580524664904268572e-01,2.207382466007663968e+00,-1.904300428544457136e+00,1.335552596740497755e+00,-6.005511379883692769e+00,1.882436634320208801e+00,3.803606228148981305e-01,-2.850960314539297435e+00,-2.315171397633918993e+00,-3.324028678878475418e+00
1.085269848085594901e+00,2.093813566277078486e+00,1.434098680471916687e+00,2.430935512797831599e+00,-6.060731915417987281e+00,2.303530527478141909e+00,7.078113444032563706e+00,2.135610801751732346e+00,-1.607448752490686861e+00,4.207829356990355762e-02
5.778702460420759301e+00,-1.940654081961506572e+00,3.142046400225969816e+00,-3.270220658408975467e+00,3.344737777208570684e-01,-6.331563081544788751e-01,-1.473969560501387832e+00,-9.333782144723548058e-01,-2.258765003153775819e+00,2.228661235591890666e+00
-2.325841804378329103e-01,2.291159432964667175e+00,3.085768654587345949e+00,1.799021510311957783e+00,-4.637460195812167285e+00,1.885696159708630582e+00,-1.922049043275140534e-01,-2.969376369344606026e+00,-7.480248718610083003e-01,2.999122456090029587e+00
-4.291649609844760072e+00,2.648244190599633896e+00,3.335635235955094924e+00,2.902902283386256777e+00,2.347905693740717670e+00,2.240443853456732803e+00,2.844110259671713603e+00,-9.736722066587164548e-01,3.100143568899263791e+00,3.202187986725759217e+00
8.140696060451284577e-01,-9.012532315258465765e-01,-1.384932444834175991e+00,-8.016682447712772941e-01,2.506951145227170663e+00,5.238347441384768599e-01,-2.020463843442289242e+00,-1.315203097146632416e+00,2.485759997717158498e+00,-1.955741519148980867e+00
1.494937079860311213e+00,-1.958390700000342655e+00,2.575947881270301831e+00,-3.401565266974322821e+00,2.548141269419039290e+00,-6.502886703339638697e-01,-4.059582881383962061e+00,-2.377918950425678357e+00,2.220752714719787413e+00,1.040085633330262382e+00
4.531044041092354924e+00,-1.876522885106755911e+00,1.774901786684004890e+00,-2.960912709250180352e+00,-1.876861377192021507e+00,-5.630786787627265477e-01,-4.383701001274034503e+00,-2.799647004558035057e+00,-2.024671116019053141e+00,3.529335303371747834e-01
4.301217804571689562e+00,-1.838320600961586671e+00,2.075823119805348060e+00,-2.740611355928741943e+00,-5.183715336635070781e-01,-5.317251300418786020e-01,-4.008456364511610026e+00,-2.465024642677219546e+00,-1.834711640479361527e+00,1.782437931813749543e+00
-3.600725117753036830e+00,8.022467227253543554e-01,-1.903841937943965501e+00,1.227510360182506588e-01,5.383581823411435430e+00,1.706738394270379988e+00,7.190118539862579539e+00,3.140757868968848676e+00,2.461832215278116465e+00,-3.322173559856464120e+00
5.437943232234681012e+00,-1.942867430859485323e+00,-1.825879360869568258e+00,-3.310377733007284107e+00,4.603418902124804646e+00,-6.357787431375255816e-01,-4.194739804198047928e+00,-2.614303522220460696e+00,5.258930430821893154e-01,-2.975515658731409996e+00
-2.931168919688742491e+00,2.140342827117332369e+00,-1.718571588963240249e+00,3.169853262830341301e+00,1.588426461311134075e+00,2.215348417104903156e+00,1.779027029191463161e+00,-1.777276940274028050e+00,1.483862601549041926e+00,-2.637255341214134408e+00
-5.552937828497607198e-01,-2.283073142261970723e-01,1.774400124482963248e+00,-3.717449055911732358e-01,3.038983152539057375e+00,1.031829934750045474e+00,-2.072196586625249193e+00,-1.792339938946389211e+00,1.114394579244478045e+00,-2.522381782374329973e-01
2.856754994941533288e-01,2.281753129935728541e+00,-1.627746192233524125e+00,2.292605632783919489e+00,-5.893127566781462434e+00,2.119486651530280596e+00,-1.363033702285179061e-01,-2.719791647025733727e+00,-1.937236122997810561e+00,-2.520716430848281675e+00
1.975043926426862440e+00,-1.554908420382282497e+00,-1.750537525937567063e+00,-1.744657080883337930e+00,2.273427238112654347e+00,-1.830936790416525795e-01,1.464420595594110086e+00,2.010668980281473672e+00,1.897198986100191220e+00,-2.824332804440220723e+00
1.654132690421867391e+00,1.113916219620925130e-01,-1.667971713344272411e+00,-1.297189201864625829e-01,-2.013525204303515004e+00,1.403586020590622763e+00,4.391737952055310701e-01,-1.283045731455711547e+00,-3.267554032559181643e+00,-2.527755637578428249e+00
3.477399752268373501e+00,-1.133598259577780709e+00,2.318401544124694347e+00,-1.217646628449086332e+00,-9.740633810511447610e-01,3.800177811034122777e-01,-3.516605480339463519e+00,-2.165783118760013615e+00,-3.732796962785931427e-01,5.850766363997843555e-01
-1.962641411721908202e+00,3.146739359078209564e+00,-1.688977805395047493e+00,1.966039562783791439e+00,6.524501770699142611e-01,2.216905382289268367e+00,6.736724439661687214e+00,2.130786773256491351e+00,9.851818981341970982e-01,-2.698545567412593549e+00
1.540459297012323869e+00,-2.207236019757525536e-01,-1.938607231010144538e+00,-3.517170325860039526e-01,-7.903354145785934648e-01,1.019339616057794995e+00,-1.641104018713989587e+00,-1.578831159519390237e+00,-2.319645826156294000e+00,-3.492324025721573300e+00
-2.401545906950227072e-01,2.182936129004964698e+00,2.935611729756935073e+00,2.556092969874517173e+00,-4.214864678692269884e+00,1.815743214626573954e+00,5.043871750117945307e-03,-2.681499784359258065e+00,-1.998237884248181828e-01,3.415403434032372232e+00
2.667222855500763767e-01,3.613654403632532652e+00,-1.405050644349109534e+00,2.865489512944136230e+00,-3.919535447630314362e+00,2.192824925034122074e+00,5.733854997069717463e+00,9.503915658948116629e-01,1.255059460803975568e-01,-1.996113444881117083e+00
4.472354911203920480e+00,-1.444786785900464832e+00,3.050267024008815220e+00,-1.483901750765790784e+00,2.076564103378717885e+00,-4.968429795266889049e-02,-4.243421726964621499e+00,-2.822157346300802061e+00,5.176034628300882900e-01,3.058708407685954533e+00
-1.748074420378790406e-01,2.783062102744412680e+00,2.508676132507295264e+00,2.237002330162456865e+00,-5.142931400951562537e+00,1.818001008258664175e+00,5.152275806538462177e+00,1.320612913459481064e+00,-1.106348213041234096e+00,6.741493834926153284e-01
1.647014823185620092e+00,2.995485842794487930e+00,-1.652646961135899373e+00,3.416076082566998906e+00,-5.814240339940178082e+00,2.126062071811680276e+00,6.056817460037580148e-01,-1.921918806324931728e+00,-5.016160551684647473e-01,-2.529822430788442489e+00
2.096848835040161063e+00,-1.424029959205185047e+00,-1.770764075692148110e+00,-1.368179682701952782e+00,3.109208607957949511e+00,-5.398836249302172569e-02,1.649945315956175662e+00,1.903693650689109340e+00,1.003308085646326120e+00,-2.792702844890807778e+00
1.841874976452792190e+00,-9.523724742041543845e-01,-1.600470096409834397e+00,-1.058031491869229956e+00,1.761034764150966936e+00,6.656410366430574044e-01,1.863183006610285020e+00,1.576143885284401414e+00,1.036016998717038895e+00,-2.403762558829006579e+00
4.289027020913674937e-01,2.280141651684379767e+00,-9.117718042159146385e-01,2.052823058079220608e+00,-6.019845031908457322e+00,2.197801782896905198e+00,6.015488573315442622e+00,3.408978288975819559e+00,-3.298373030154727381e+00,-1.408213304794323939e+00
-2.635728126916626057e-01,2.144942960442248303e+00,5.472084754517154703e-01,1.746401344931022059e+00,-3.257737983005288385e+00,2.359230825323033631e+00,5.673176434665460732e+00,9.802926954175310570e-01,-4.824522333023217868e-02,-8.769204251701929742e-01
5.916212001447982871e+00,-1.945440084869922259e+00,2.055792816679535395e+00,-3.319534343137194643e+00,-7.991571903954204359e-01,-6.371040479455207795e-01,-4.629757176461001045e+00,-3.408196700511813226e+00,-1.607570759652073633e+00,2.138253985604075424e+00
7.261655738045265096e-01,2.907692399673129202e+00,2.509293496435489601e+00,1.489733745636853790e+00,-5.940318311287282604e+00,2.488352950863461199e+00,3.988413414023234682e-01,-2.561149780019737143e+00,-1.292083973956053455e+00,2.964074800935169840e+00
-1.100675714230213986e-01,2.017613377043441680e+00,2.280668218702585293e+00,7.432514598044868137e-01,-4.402691632511746889e+00,1.841815185172196223e+00,6.807980468383193262e+00,1.108608748481665351e+00,-7.468083145695381120e-01,-9.507312828375003022e-02
-3.521797666927816817e+00,2.338497367875906008e+00,-1.487504781327642966e+00,2.093882746373578740e+00,2.087613541381580617e+00,2.252926479340512600e+00,6.147478929879923726e+00,2.738636602673365061e+00,1.815575668197206838e+00,-2.143936407900667085e+00
2.102689928277813536e+00,-1.435500654422665834e+00,2.872706011887232513e+00,-1.479614793781477200e+00,1.997358548266772837e+00,4.341680445132088673e-02,-1.651604460644298111e+00,-1.064955201006975383e+00,1.816840369259340449e+00,3.447642906128809415e+00
1.378288264023099341e+00,-1.138708772791444890e+00,1.591955228652320642e+00,-1.099046180760959501e+00,3.154423119951257348e+00,3.051087109390006047e-01,2.717305726457002635e+00,2.091420307914616750e+00,2.151017685458183948e+00,-1.838655882052684376e-01
8.832997077153563747e-01,1.540946942697950517e+00,2.965613468981608936e+00,6.149640594726637488e-01,-5.714539627104813668e+00,2.063034220827813847e+00,6.535654452069419307e+00,-4.688645554694552686e-01,-2.412046578724560852e+00,2.737531135271695781e+00
-4.157096610418727245e+00,1.457509671205048374e+00,2.465835325258151300e+00,8.617962991751104695e-01,3.397664323097999262e+00,1.948521649819866308e+00,1.004466481563241942e+01,2.124078992678318123e+00,3.189271338182835258e+00,3.162941664053716906e+00
-3.583552341136461372e+00,7.827239512917145703e-01,2.752340777369141733e+00,2.446547824087552669e-01,6.682577653903964965e+00,1.652344249842498947e+00,4.784720477632317781e+00,2.927912020399999093e+00,2.598163158360581093e+00,3.006280818661363874e+00
5.704541250230825256e+00,-1.907564097662772351e+00,2.144591745483037659e+00,-3.078195281018042628e+00,-3.877964589710645171e-01,-6.055944685873604350e-01,2.035166803585652051e+00,1.721485485317162833e+00,-1.126901475447350975e+00,6.091669938134733897e-01
-1.066052539024702428e+00,2.882094965028503708e+00,2.422791797316854456e+00,3.447887644700075249e+00,-5.611483671135117923e-01,2.556833399023865638e+00,2.011356874420550334e+00,-1.524447387871844084e+00,4.182069784888495789e-01,2.766568418752107128e+00
8.194281189511697372e-01,2.389410422397329814e+00,1.920669286846009349e+00,1.558144677660004973e+00,-5.804743353548177609e+00,2.166640026469503155e+00,5.232474731948250302e+00,3.123793896773845447e+00,-1.505848282680794625e+00,1.534820895852675449e+00
-8.519461805671230126e-01,-8.138127330748199384e-01,-5.549414411987232398e-01,-6.700404712435186205e-01,4.228270747216875236e+00,8.371118600434215296e-01,-4.057201688959356289e+00,-3.289054612606702399e+00,3.066697001011536194e+00,-1.159943138209526658e+00
6.674051012889808732e+00,-1.851383239424371885e+00,1.347875765926924263e+00,-2.805185589407052760e+00,-4.813340947497246614e-01,-5.582036345811088873e-01,1.945274342289727620e+00,9.149731286695246268e-01,-9.985378198479772927e-01,-4.526978453443057937e-01
1.184221281315470442e+00,1.331168667499986746e+00,-1.746171933908087226e+00,6.006113859369834884e-01,-5.519779808922786302e+00,1.728341143819755343e+00,-3.678683326752701377e-01,-2.568363249312990426e+00,-2.095666164763972272e+00,-2.721713939600413745e+00
4.897185803154968653e+00,-1.895677060710255324e+00,2.291882055012056885e+00,-3.038202373238021003e+00,-2.068363525778686540e+00,-5.926129964863898758e-01,1.064495257617694479e+00,9.625708996281785446e-01,-3.048819186546444460e+00,3.315623079460918277e+00
3.498150264165100776e-01,1.134859603990562515e+00,-1.402343948528976814e+00,5.662307667825645652e-01,-1.817458748177974481e+00,1.588178204869775234e+00,7.376952517256754049e+00,2.907545223008104252e+00,4.255435796872482079e-01,-2.067987494831531770e+00
8.223258124203174368e-01,1.867858985661296600e+00,2.190840824189800085e+00,1.696233909839828691e+00,-5.123269719278890300e+00,2.169375984532425861e+00,2.662654083431741814e+00,-9.719386154503593112e-01,-5.076054868830750522e-01,2.448286235096726493e+00
2.502143564728620984e+00,-1.677667326393390113e+00,-1.198966959669557353e+00,-2.194467685948541025e+00,2.124783485169633224e+00,-3.743355338275087818e-01,-3.511455558627619489e+00,-1.964816913179923352e+00,9.704505816621384895e-01,-1.780141981192592926e+00
-7.826893820033617999e-01,2.495520625187016783e+00,1.830972247702610023e+00,2.462399538022893353e+00,-1.828592150161081342e-01,1.717792495291631472e+00,1.563373066276514178e+00,-1.906132092256993982e+00,5.040890221349805245e-01,-8.574202595241597891e-02
3.074538800624458945e-01,2.383271324497943766e+00,-1.226979727343418203e+00,3.029035796326994046e+00,-6.043640028518789897e+00,2.084043436127018367e+00,6.296590225511103256e+00,4.024921726734049798e-01,-3.389449009061160645e+00,-1.849880651067096649e+00
4.053747177579954952e-01,2.402932934632275419e+00,2.465084416561907688e+00,3.222707431586191440e+00,-6.088192781967400435e+00,1.793806470454718527e+00,3.559198802182223176e+00,-5.382369566285531981e-01,-2.430291802225294617e+00,3.887666918284491402e-01
-3.767456706153902157e+00,2.298519419983117817e+00,1.078746719458575587e+00,9.028084791945021337e-01,2.155221709470712899e+00,1.878406338882824489e+00,7.292962304243571836e+00,2.131468146569590161e+00,2.090385249495870568e+00,-2.239931967675867774e-01
4.905260316339406401e+00,-1.649287732482942470e+00,2.800966506132688494e+00,-2.091604876387958889e+00,7.116555410395422054e-01,-3.551433371738464406e-01,2.722191382747811694e+00,1.658292129901970391e+00,-1.773376027878796890e-01,2.738396213920408329e+00
1.916553055715287446e+00,2.342132432309444567e+00,3.043220741496384107e+00,2.114515665406865530e+00,-6.572463898795635195e+00,1.775563460872955135e+00,5.947519055385197539e+00,3.426777794581194136e+00,-3.037765166097059044e+00,2.823751701677359449e+00
-4.217442682806336052e-01,2.204915175159605223e+00,-1.095078858130078991e+00,2.060375865743477419e+00,-1.175697567632782992e-02,2.113014638538075918e+00,9.097002852533362383e-01,-2.566019507161587221e+00,5.128969558827023434e-01,-1.544325081707343283e+00
8.495957812210681581e-01,1.419251313570928374e+00,-1.318820185962134683e+00,1.031596540447758059e+00,-5.501958037890904762e+00,2.307002130449598454e+00,5.107073922171833757e+00,6.559852899873597210e-02,-1.904480785304340396e+00,-2.052560837244718162e+00
-2.553442220434939958e-01,2.693228689035546353e+00,-8.336330147038302218e-01,1.729785481619203757e+00,-4.518764267573544657e+00,2.322021136531797758e+00,6.107273127947332014e+00,1.315578917721730967e+00,-3.892462702499690508e-01,-1.474613254934021178e+00
-6.408131868956967736e-02,3.140014099515808788e+00,2.811887048071782580e+00,3.387801560541140233e+00,-4.646747345854080891e+00,1.873806042639487801e+00,1.112674851594007253e+00,-2.225426351922703994e+00,-2.998965612668187397e-01,2.206323360250217469e+00
-4.025561443203028666e+00,2.601666610498817978e+00,2.192060910451515632e+00,2.666395332812798280e+00,2.659503819850350226e+00,2.435001984268826636e+00,2.151840693811128080e+00,-1.364556922924993199e+00,2.432976671834553350e+00,1.871671832043426242e+00
-1.012530067297807479e+00,-3.238581087959172544e-01,2.272381758739228541e+00,-4.592896000020045832e-01,3.705718697763343172e+00,1.290614435107104718e+00,3.035728482166480724e+00,1.949194290571138133e+00,1.397078531682563352e+00,8.753402337013644896e-01
-3.405166891735499579e+00,1.552409143836310568e+00,-1.780864755128102939e+00,9.094197555592167248e-01,2.839976482018196524e+00,2.512981974619246994e+00,3.527084570304030553e+00,-6.377453061084010777e-01,1.976643948560185216e+00,-2.850297712908367309e+00
-4.286002610660450962e+00,1.897781693069806375e+00,1.920996035921602729e+00,2.495211129678565953e+00,3.255719517942729624e+00,1.666180493629992432e+00,5.356939896472618479e+00,-1.181765386571864695e-02,3.394980605301194387e+00,-2.020817217674024668e-01
-3.381891547285333921e+00,1.245242810292804370e+00,2.005059408840969670e+00,5.471410438041059976e-01,5.174406521551111027e+00,2.128840332823671577e+00,7.641185366823920688e+00,1.114768322692240687e+00,1.853066177095568534e+00,-6.921465211668031969e-03
-6.951099927065255146e-01,1.956946392728965201e+00,-1.739004222449367365e+00,7.262679993295781955e-01,-1.276617479525638865e+00,1.936017519669314124e+00,7.850053485637683792e+00,2.508605481529333936e+00,3.259747648184037061e-01,-2.916746069294182675e+00
4.022098053056877731e+00,-1.576802544920072213e+00,2.119271740923852398e+00,-1.844624568082810834e+00,-1.325361419225530524e+00,-2.734231621443430349e-01,1.412294583125861536e+00,8.402094883727677654e-01,-3.840017861009705769e-01,2.560812435049788505e-01
-3.744542641337168298e+00,1.935105412007604997e+00,2.644514535974183289e+00,1.232246086104272109e+00,3.098292208848604457e+00,1.812987774239136485e+00,-7.794390371963028086e-02,-3.194340659930150927e+00,2.178475622203650097e+00,8.767948998533148242e-01
-4.888948281030320864e-01,1.040610563287041712e+00,1.373192358907905808e+00,2.985539870075997193e-01,-3.711478700836721156e-01,1.568150607460747636e+00,4.997632113384788077e+00,1.804664629506408602e+00,4.372438579764730271e-01,-5.065673917941024840e-01
2.603384380829961153e-01,1.852076026302797551e+00,1.729516654863321179e+00,1.100324908865080609e+00,-5.177355217670181808e+00,1.826715756808824365e+00,4.761912503435498323e+00,1.752112039960630696e+00,-9.331242982300271827e-01,4.562310818313797256e-01
5.569094593621256806e+00,-8.793321003882649256e-01,1.840643082544240361e+00,-6.837708784366203218e-01,-1.610692729009599367e+00,8.308105145399261593e-01,9.435744836487941489e-01,2.956866430889517616e-01,-1.301647722589593048e+00,5.094608209610198557e-01
-1.432919094009972305e+00,-4.545674460273205209e-01,2.876674869479125096e+00,-6.373234464311856584e-01,5.131677005070093500e+00,8.553360347103702299e-01,2.984327178085771415e+00,2.823191465654558030e+00,2.706768718300933685e+00,3.219563250102423169e+00
3.325164830568271057e+00,-1.567945787041219896e+00,-1.353670846943837436e-01,-1.726149484857062211e+00,1.793812206570316592e+00,-2.435567170179992191e-01,1.808251436223280439e+00,2.121549165921046587e+00,6.059122813810970953e-01,-9.267913814177886067e-01
-9.682472422042571747e-01,2.399471780731796677e+00,-1.378996580800379013e+00,1.976369531797197432e+00,-1.850343201930646275e+00,2.168519247402369565e+00,6.948950571811348453e+00,2.058113816161338150e+00,4.484844657361870546e-01,-2.124812940880659085e+00
5.191596065445820862e+00,-1.556175442068443937e+00,1.932093210566759200e+00,-1.723099147371516704e+00,-1.702937493206108988e+00,-2.479072011247861473e-01,2.066395003703294986e+00,2.728679558678157591e+00,-5.124076726585466979e-01,1.326901787964951396e-01
-2.589434753182763504e+00,3.556104160847837647e+00,2.541568262044662685e+00,3.460628228901576620e+00,1.803383724657768861e+00,2.245629983001223184e+00,6.535979450216717446e+00,2.370373864076058545e-01,1.164909898391703003e+00,3.192437897544397885e-02
4.605707731229917279e+00,-1.399535256607683520e+00,2.427843668383304454e+00,-1.564022352059648124e+00,-2.130047444358369013e+00,1.479833774131268653e-01,-4.453485094353084150e+00,-3.435390150047711089e+00,-1.261339557553370572e+00,7.661185734389910351e-01
1.307476435585356977e+00,2.883086191215039840e+00,2.724055561227453293e+00,2.425876153080617215e+00,-6.374917912716621338e+00,2.186085728519455706e+00,3.236429284957299313e+00,-1.071814849735485353e+00,-1.497952362639992430e+00,3.231166080753548719e+00
2.668866275465215487e+00,-1.683873867163852678e+00,-1.722920714510192353e+00,-2.209417623402019082e+00,2.931319062178006973e+00,-3.766954192510063026e-01,1.364732042212023932e+00,3.263048215310659472e+00,9.261007130957299438e-01,-2.678648696921434702e+00
2.271112798900705165e-01,-1.747521328934913853e+00,8.292142239963899986e-01,-2.450089893832826160e+00,3.321538181258177680e+00,-4.131674423087982606e-01,-6.972360507765384963e-01,-1.055862245912035480e+00,2.995292913472196616e+00,-5.344366435941974025e-01
5.945413832677627575e+00,-1.636227365552593849e+00,2.611421674785291636e+00,-1.897812437258043161e+00,-1.790131245436712648e+00,-3.306676281436968790e-01,-3.741925572293061109e+00,-1.972684124101034442e+00,-2.578420787498536537e+00,2.699599585826473636e+00
-4.347244525844693008e+00,2.177427064450384808e+00,1.050321880290806087e+00,1.799863469485449841e+00,3.368865805555986803e+00,1.782835270823692975e+00,5.956546358303130839e-01,-2.295184544542604677e+00,3.440857701985630790e+00,-3.440272816418961099e-01
-3.685825696018372621e+00,6.743952593454696220e-01,-1.761510243888594118e+00,-1.495343268041438023e-02,5.663001540693811009e+00,2.358893686475628471e+00,5.479941104817823039e+00,3.369993977107538008e+00,2.800530215369252396e+00,-2.760154254094016935e+00
-3.844177302834991483e+00,2.201533499061202992e+00,-1.926145233908897358e+00,2.318759924629648417e+00,4.654285828632712452e+00,2.136677879287034898e+00,5.000828140485943152e+00,1.925826657917816931e+00,2.231660872924796202e+00,-3.439188818669782766e+00
4.283635342798940648e+00,-1.718671809553668162e+00,2.593293293731486315e+00,-2.311737786965249786e+00,-6.299646545311686774e-01,-4.296235898457691493e-01,-2.997862890731191943e+00,-1.608939036862275351e+00,-1.819739940434814685e-01,1.260737545202683663e-01
1.586859276198337110e+00,-3.432855525557747534e-01,-1.434734580971621209e+00,-4.717396907157338504e-01,-1.008935448288895032e+00,1.055417165914865896e+00,-3.260161295741730747e+00,-2.937700577971317006e+00,-1.878569006815776543e+00,-2.046504387217420451e+00
3.648008983695623986e+00,-1.776832040314330285e+00,-1.424548497002994241e+00,-2.468306535618110864e+00,6.894072771147718992e-01,-4.546113799843712333e-01,6.073221922914775472e-01,9.850298020704872926e-02,1.446914454364440772e-01,-2.043241833043060840e+00
5.550572161456194920e+00,-1.946900419990382103e+00,1.483717383929201494e+00,-3.327389653175758077e+00,-7.398642107754413999e-01,-6.396799807618960276e-01,1.106196938965153143e+00,2.228962287915472906e+00,-7.771483701701900060e-01,8.712904577922486737e-02
3.486447815918074511e-01,-1.621193654614002444e+00,3.143937781845458801e+00,-1.956927735498334098e+00,4.829808150988654347e+00,-2.425463674779234913e-01,-4.240492101468368524e+00,-2.758979782737410069e+00,2.727536514090065367e+00,2.994564360941517123e+00
4.133905131912755770e+00,-1.875223276041774634e+00,-1.431498997633086745e+00,-2.988102982215483205e+00,-3.706154017034908321e-01,-5.600261548383073107e-01,1.054028096708517603e+00,1.197417976502920922e+00,-1.082772770039973409e+00,-2.030106051847690996e+00
3.379931211713107508e-01,2.361790666749105316e+00,2.570642822133452299e+00,2.562149097309280421e+00,-2.489406996957108653e+00,2.424588151611126285e+00,2.740627206665887661e-01,-3.403074755561029452e+00,4.807539094075501396e-01,6.272954335136846638e-01
-4.183000556225145772e+00,1.650509009811917505e+00,1.831975870824444241e+00,1.312425098092932174e+00,3.120170312088715647e+00,1.672758939240898579e+00,4.840472942819459057e+00,1.436725112863799225e-01,3.285949530209345326e+00,8.600793523914109784e-01
4.140371819143366494e+00,-1.820621967452515255e+00,2.166480251072190555e+00,-2.627220082607187202e+00,-1.201536831701457642e+00,-5.221054548768470083e-01,4.796016520154195439e-01,5.266232914165502876e-02,-3.801063220969078671e-01,2.190385250442536957e-01
2.497616842625953293e+00,-1.041457671947072283e+00,3.056014729697845045e+00,-1.009499912154911527e+00,1.192842583315717242e+00,3.860294342707432658e-01,2.428574748172917630e+00,8.542040874619143409e-01,6.112451400404044222e-01,1.106572777662914397e+00
-2.823431200655321049e+00,9.885749502862202220e-01,2.829215951786834271e+00,1.730539098410401877e-01,5.676470056366344608e+00,1.689526453838536169e+00,5.882453276954334953e+00,5.240123749011207366e-01,1.861944458943083802e+00,3.246120108452029029e+00
-4.698232724340001276e-03,3.280097043770713761e+00,-1.639218973080132979e+00,2.904107819553667369e+00,-5.722107014142242321e+00,1.883817729022985388e+00,-3.424393905106815073e-01,-3.464908322747915381e+00,-1.082047391372382705e+00,-2.516404062827594323e+00
3.628334897175314211e+00,-1.729768945074776854e+00,2.504728368179151232e+00,-2.207403728572901791e+00,3.346628615318804068e-01,-4.299091779376564837e-01,1.887354009095628449e+00,3.345121329452066306e+00,-7.578776133091791323e-02,1.558359716435401054e+00
-3.048932356804302524e-01,-1.009439213897858956e+00,2.616561449647659465e+00,-1.142358588841050793e+00,4.511564835333688350e+00,6.994785098160165582e-01,1.321165933473607834e-01,-3.949175612166291316e-01,3.042845141555080346e+00,1.155428229955215436e+00
1.179068906932486005e+00,-1.209416259436538965e+00,2.440191711249710682e+00,-1.165936631957573688e+00,6.124838595489318749e+00,1.900654038609129459e-01,1.871764523562879257e+00,3.044603700990906603e-01,2.877724855818907912e+00,3.465931140392258136e+00
-6.972250691601515893e-01,2.470538958355512626e+00,1.463871924540040670e+00,3.201646274490756561e+00,-2.322838334481000633e+00,1.772545167251397213e+00,5.592379426753111282e+00,-1.557016849678278803e-01,2.978244923356623275e-01,-3.463809456288657884e-01
3.461380513780232704e+00,-1.809063050953835017e+00,3.101225529882096765e+00,-2.693922481332990504e+00,2.393742196567765657e+00,-5.176895672348110766e-01,9.763358267878301522e-01,1.552989630453333270e+00,1.736235468406110094e+00,3.089347476287851002e+00
6.542344782211719778e-01,1.636185826585238035e+00,2.448171151126047107e+00,1.036929827322966347e+00,-5.326961582537705908e+00,1.859187599321390216e+00,6.308551272341299310e+00,2.387847585298819020e+00,-1.233799855150202518e+00,3.415811184736988082e+00
1.045836997816609326e+00,-1.875155315438796100e+00,2.432927536013970382e+00,-2.981531612680101695e+00,4.367562079406153153e+00,-5.734053108870784676e-01,1.350280834121136309e+00,4.641236358001989970e-01,2.532319679916672506e+00,1.425516626208569448e+00
3.032811303073677411e+00,-1.958552442107217129e+00,1.872763992590645410e+00,-3.411049419458953125e+00,2.574228994632805190e+00,-6.497847189899214060e-01,2.064947844848884273e+00,6.108419289573543409e-01,8.070470639595272999e-01,6.292484507411639783e-01
-3.554870541478587498e+00,2.521380353603335234e+00,-5.791229113611248702e-02,1.570621138932207117e+00,2.501645330881343110e+00,2.200056943431605738e+00,7.637212533138372450e+00,1.761089466941571757e+00,1.950169485463506547e+00,-9.536979271922225720e-01
1.104501254903314633e+00,2.291883712978966869e+00,-3.838930168383187236e-01,2.068011807565339311e+00,-6.220899465610833623e+00,1.870193198991333627e+00,9.786783770941072547e+00,6.690009451747656044e-01,-2.418774340987991156e+00,-1.115677814003773971e+00
2.024960770291606149e-02,2.693421270589379191e+00,-1.451799412903428177e+00,2.709865656481479590e+00,-5.743542524793294746e+00,2.502482435997000376e+00,7.008127541092083135e+00,8.581994803611490141e-01,-1.508972971863638435e+00,-2.127443502196356917e+00
-3.190669963471397086e+00,-6.433766625227620162e-02,3.080170663146828858e+00,-2.336203622550145909e-01,8.083790414769376653e+00,1.355875245124694040e+00,3.483621749558104774e+00,5.959339121094551217e-01,3.033306789301254192e+00,2.924971431075483075e+00
-3.952007529924983054e+00,9.437119550246582111e-01,2.106512882328085201e+00,1.531979326893129212e-01,5.285243348476472036e+00,1.848752116125450762e+00,2.473487815710349036e+00,-1.022881496585853700e+00,3.032379738512267053e+00,1.527836129313675073e+00
-4.261073903176343158e+00,2.071257474411787314e+00,1.964103955347422437e+00,1.450323957623841586e+00,3.894798605981567796e+00,2.612131860863954103e+00,-3.604078962791052443e-01,-2.966619478805831545e+00,3.262721609894754238e+00,1.041834473625460333e+00
-2.978259415482778838e+00,1.829256028205503259e+00,2.067642027029256813e+00,9.908370229166418852e-01,4.987797973713322008e+00,1.629638662565232377e+00,5.762310819233315229e+00,1.081639910058164844e+00,1.447234018713003501e+00,1.716397011952190077e+00
2.899535321054330095e-01,2.147773117368047657e+00,3.474501290265120446e+00,1.231317823390408961e+00,-5.665131424608781607e+00,2.118235402868664519e+00,4.536827796990725581e+00,-1.413931497681439886e-01,-2.268965076721699781e+00,3.048699501473467244e+00
6.399893106145386312e+00,-1.522453921529449250e+00,2.695187637368847255e+00,-1.613821408253658829e+00,-2.524238031211679001e+00,-1.732553316883531924e-01,1.243264299000662043e-01,-3.523120267159214336e-01,-3.023078704128065564e+00,2.926403110755900094e+00
4.918195717776810971e-01,-1.157847782419813010e+00,2.589355531883547723e+00,-9.609299057103650732e-01,4.265879968873541372e+00,3.971858674932683964e-01,-3.682875009728101112e+00,-2.203939152888985120e+00,1.622197708177250952e+00,3.432460312552160886e+00
-7.151086958299841534e-01,2.295069316039139995e+00,2.938164472856255038e+00,9.442036289373172409e-01,-1.214423980322815622e+00,2.831229667478156298e+00,8.430251749975216313e+00,2.377791668897962118e+00,3.920775033609027460e-01,2.731578983662290128e+00
-2.609234017180535936e+00,2.358157048638296338e+00,2.973403615288764179e+00,2.555451990903204518e+00,3.474014660969096724e+00,2.467074842181399053e+00,9.278315242044949951e-01,-3.345838802978805759e+00,1.340825798046709316e+00,2.605141943574856178e+00
2.954169654111505672e+00,-3.130462298188249060e-01,2.606966981791450699e+00,-5.682235386207623584e-01,-1.498743025260217188e+00,9.553221581993430744e-01,-8.149450971364735619e-02,-1.107491946038669184e+00,-1.297877489339264390e+00,3.267564723546108496e+00
6.424024336255044432e+00,-1.806659143029914816e+00,2.887404147450719272e+00,-2.655142043855511336e+00,1.505342018517041858e+00,-4.887896407157295564e-01,1.250396555983419367e+00,3.397653981369415099e+00,1.334939853189842651e-01,1.333181416969202893e+00
-3.559693063016308834e+00,1.048378485321320719e-01,2.714104324153855607e+00,-2.560438036678140961e-01,6.616351431319643872e+00,1.354666588532201787e+00,4.431056650574411115e+00,2.581493960442670321e+00,3.472826637454837773e+00,1.691112642346505268e+00
1.614799978081068677e+00,8.807273171586594840e-01,-1.608271893197795954e+00,1.377297734303768451e-01,-4.093518949794839656e+00,1.647995631835017516e+00,-3.262122357451023857e-01,-3.004769313137379605e+00,-2.925670028598505557e+00,-2.354740374241067080e+00
4.751296593264163093e+00,-8.080708412502625171e-01,-1.838769573860855377e+00,-7.407942582304936074e-01,-1.617703560680962216e+00,6.038768880957605667e-01,3.095913914115283827e+00,2.531986022393179603e+00,-1.968236254341309444e+00,-3.066573989720027260e+00
-3.578244659246082593e-01,-8.155772537335324035e-01,2.333575290088681253e+00,-6.641311503540068273e-01,3.403747716843071203e+00,7.728678836817732822e-01,4.104151956948211222e+00,2.617174281193829444e+00,1.997952215126287179e+00,2.043595699089601148e+00
4.808533582385965843e+00,-1.601215918056244636e+00,3.154696735327870094e+00,-1.990776868704581926e+00,-5.814340458920486121e-01,-2.654656374204905633e-01,1.956260513027117121e+00,2.179301630524418165e+00,-7.330155323273404022e-01,2.569133824380144482e+00
2.814413921848175626e+00,-1.509672951792466300e+00,2.449847365735792426e+00,-1.713935901759179536e+00,1.908441993330295627e+00,-1.997081889297000756e-01,1.105216353609092206e+00,3.338969980872591670e+00,8.326138410614669638e-01,2.849288355449486332e-01
-4.143837302922205090e+00,2.271387249670148378e+00,1.718219252442253708e+00,8.274529119993818682e-01,3.497781190231151971e+00,1.714254415899660877e+00,4.678363756078562474e+00,1.239426993204140182e-01,2.866548887189034112e+00,2.621162344838978697e-01
-4.182875625026072797e+00,3.075096682603876364e+00,2.653716576092534307e+00,1.996921315402121699e+00,2.957426243396766630e+00,1.906316628655840617e+00,-2.323738319277358633e-01,-3.148835727072131441e+00,2.669361771637951186e+00,2.010971200878365117e+00
4.159354253117458988e+00,-1.600805744880715364e+00,1.423116356973111785e+00,-1.930765978007616512e+00,-2.145076076739462767e+00,-2.006420096007727194e-01,2.204743440642036312e+00,4.953285693439068993e-01,-2.661872029966318554e+00,1.694895069845814284e-01
4.427082458951804966e+00,-1.733627215910947150e+00,-6.428174063220836176e-01,-2.459280330702370954e+00,2.291204969453639606e+00,-4.111609988456446096e-01,-3.976795021344917025e+00,-2.230339078819413512e+00,5.194288483927484990e-01,-1.206852806576318660e+00
7.892170642121816293e-01,1.016381002177874748e+00,2.520849283659332585e+00,1.719059338296391459e-01,-4.550826384070763453e+00,1.762417226755460531e+00,-5.866106430595663390e-02,-2.961138479925626399e+00,-1.825676821050067122e+00,1.782633206885024357e+00
9.490561828672831046e-01,6.077851255512699558e-01,-1.306402939993450973e-01,2.709003249604569064e-02,-2.889344285696592962e+00,1.321502700013008402e+00,5.938660260140689040e+00,1.753789767107257092e+00,-1.590040222085975952e+00,-9.846750194195514894e-01
6.487215105418644434e+00,-1.793666281018624575e+00,-1.372702669323353497e+00,-2.547758683969307825e+00,1.189404254667100869e+00,-4.826803600797284766e-01,-7.437824559273664704e-01,-7.630016274823243627e-01,4.952396588191390059e-01,-1.942279563506571272e+00
9.154613518822882767e-01,2.328642723833367789e+00,-1.536294189891289630e+00,1.597987866445861549e+00,-6.225954243875246874e+00,2.248207097277036048e+00,6.173960887214673399e+00,3.074383617604386387e+00,-3.018635384866867888e+00,-2.374736068935949351e+00
3.753152557607581374e-01,1.774367469504176675e+00,-1.253503570531569800e+00,1.453559696055541473e+00,-5.669759977973845011e+00,1.680856420540329577e+00,1.683064437218318332e+00,-1.448733249366698672e+00,-2.388007683952817484e+00,-1.770953164814221603e+00
7.601197097444245543e-01,-1.867156689317514218e+00,2.931218959004651570e+00,-2.814673505818044763e+00,3.173672757848966519e+00,-5.634708955073710612e-01,3.506763888234335491e-01,5.991669537621602259e-01,2.430676593775928040e+00,3.118227270582105248e+00
6.019541949479309650e+00,-1.663845992323560452e+00,1.316939278256040069e+00,-2.120998790055996341e+00,-9.594727370831910296e-01,-3.489237630757301978e-01,-3.120143105070221079e+00,-1.572901165854186711e+00,-1.043873790728375717e+00,-8.671386363143795961e-03
-1.522737440697156108e+00,2.378803042995419670e+00,-1.844334661447224910e+00,1.769609538815974048e+00,9.821638725387682456e-01,2.067945380549626400e+00,4.923421501572468051e-01,-2.798644067398559088e+00,8.208844202583307492e-01,-3.058109489564872607e+00
4.279592126235604255e+00,-1.872153870067283510e+00,-1.021627680462503296e+00,-2.891562730157773320e+00,-1.326950162296907099e-01,-5.715523283585417502e-01,-1.532653062220635132e+00,-1.017504930526722973e+00,-6.966865203527703443e-01,-1.837943803379837870e+00
-3.042576613792645546e+00,1.455784814226123380e+00,3.647803255623537133e+00,5.075051096011362617e-01,4.341013969460568944e+00,1.813762736458934155e+00,6.551932359779733872e+00,3.377792330730143178e+00,1.660039258707151966e+00,2.672332235611146523e+00
1.309114008539129737e+00,7.934259740954753559e-02,2.251012339709321353e+00,-1.960527552646018634e-01,-2.138844746684524623e+00,1.521103435333882814e+00,5.736677411004226457e+00,2.888803214215261761e+00,-2.327815987086466087e+00,1.088477558003237533e+00
-4.218760393422856581e+00,2.154770606061798155e+00,-1.903721489169676540e+00,2.809688037361734558e+00,3.172733341277865993e+00,2.165156579016540128e+00,7.067384943845789635e+00,7.747111986712793552e-01,3.018661250217300918e+00,-3.335230274058397448e+00
7.173732227425066998e-01,1.207006736275490821e+00,2.988762391961127918e+00,3.938140590642245087e-01,-4.286968437266002852e+00,1.728114422525159455e+00,6.754622629735669292e+00,1.545967873513636626e+00,-7.910319325870576179e-01,8.359653179744661600e-01
7.821602082357628660e+00,-1.563360457232651379e+00,2.429841491182127111e+00,-1.729121294403292097e+00,-2.507571929699695445e+00,-1.996599767556713478e-01,-3.785914410763977056e+00,-2.267336875534142759e+00,-2.410142055604101774e+00,3.249000268128191315e+00
6.440467473267174059e-01,-1.944848962224394295e+00,2.212217706289179464e+00,-3.309111927872794734e+00,5.055541244718123828e+00,-6.399970816382160033e-01,1.373941790003007313e+00,2.915999971774108523e+00,3.367583088420794013e+00,1.988926569069747075e+00
4.331746002433072285e+00,-1.314305451683847270e+00,2.510437951753307306e+00,-1.289151760254247492e+00,-2.053085459303975124e+00,7.201573668525143579e-02,2.300317486522644117e+00,1.972445557924475956e+00,-2.419377713577284705e+00,1.085248793784121091e+00
4.012610684953308748e+00,-1.220789392252813688e+00,-2.546841510688127030e-01,-1.249423105689877023e+00,-1.291408936409769836e+00,3.065250496192191143e-01,-4.206799459694360088e+00,-3.157333442464334006e+00,-9.216257590089975693e-01,-1.003870331305598551e+00
-2.279822648861611345e+00,2.588983162330415588e+00,1.926337962281434057e+00,2.208308801330348459e+00,1.875008056827883962e+00,2.007589070361349926e+00,5.349026633018436616e-01,-2.898780729617599583e+00,1.281943014266286873e+00,9.111171700571940590e-01
-5.392751296050540821e-01,1.116736983374442965e-01,2.562521510100572275e+00,-1.343798301793599492e-01,2.479409401024614823e+00,1.261499853278920114e+00,-6.735257766406871349e-01,-1.693784212192968042e+00,8.399520297238147748e-01,2.206494987348238901e+00
5.012939808178431100e+00,-1.306557681119956627e+00,-1.370433316565013326e+00,-1.238293353250965900e+00,-9.104323185632741122e-01,1.244625554651036803e-01,-3.946645518882467840e+00,-2.450785980497707683e+00,-2.144751970062505286e+00,-2.034321847447875697e+00
2.721841115390015720e+00,-1.734610936039681306e+00,-3.362792541200676499e-02,-2.368058701800388022e+00,2.174878987199730940e+00,-3.997500685195724546e-01,-1.657240577665068271e+00,-1.042786187437429124e+00,9.443165970917437591e-01,-9.866403786782957930e-01
4.234711637575770737e+00,-1.063260618713923300e+00,-8.615979238531542572e-01,-8.878008722180679158e-01,-9.335740729964823181e-01,5.557347424572642858e-01,-2.914956263581350626e+00,-1.676586160939042447e+00,-1.063859861999552958e+00,-1.399027623102169660e+00
5.139984821051797326e+00,-1.837488567819807628e+00,-4.014379629579757358e-01,-2.752523444583011791e+00,-2.140421603981437215e+00,-5.210268539804442378e-01,-1.714697496817247035e+00,-1.064409831810025686e+00,-3.164378277815699025e+00,-1.058209143763678917e+00
-1.106820320496277876e+00,1.840847366287794662e+00,8.562159933390647293e-01,2.110063086361869011e+00,1.165315523339478521e-01,1.654957003940236371e+00,5.803846246867277792e+00,2.618209496176612028e+00,7.158656949349984089e-01,-8.106584280447903801e-01
9.541766627590018146e-01,3.178117345410091055e+00,2.611229150598041393e+00,1.708785494617910850e+00,-6.433710028678905957e+00,1.963396040420516409e+00,4.083287934990439183e+00,-1.002593791199794637e+00,-2.229646082658129025e+00,9.797057264635409268e-01
6.814160480919796425e-01,3.181523094444999700e+00,2.241207602770070917e+00,2.305463210879375779e+00,-6.181207212286718544e+00,1.920594827163009111e+00,5.427718742502434246e+00,5.477344942298998376e-01,-1.396443420425685034e+00,2.196679772333000713e+00
9.450880845107871853e-01,-1.678825557797474444e+00,2.316969658041664992e+00,-2.136795115331407757e+00,2.511946318537112699e+00,-3.741861606526400430e-01,4.339705657854612264e-01,2.305601446639875540e-01,1.619269322607957307e+00,3.065732113665198710e+00
-3.722236476613198786e+00,1.630917329319076625e+00,3.315503663718041949e+00,7.915022856812967689e-01,4.022148950363060749e+00,2.137185646325683752e+00,5.330077863002514071e+00,3.045510867732788896e+00,2.344372769104510645e+00,2.998793554260551275e+00
7.362794694293219866e-01,2.032633850251484908e+00,2.033180030622348866e+00,1.821384865974525091e+00,-5.595845359304238542e+00,2.321512787494187435e+00,9.224262497351796153e-01,-1.498570755290513201e+00,-8.749256903203290747e-01,1.089453092133452650e+00
-4.045883550445034338e+00,2.206003152016311919e+00,2.045074360880542841e+00,1.465448875077113300e+00,3.338753700507730571e+00,1.770029099258297878e+00,1.716541946397486806e-01,-2.476614238429902581e+00,2.654153990168521382e+00,1.830346043522059318e+00
2.067605991188246062e+00,-1.905993352868314838e+00,2.195119100167803428e+00,-3.095363270625053786e+00,1.833076913160555987e+00,-6.075670061172744330e-01,5.539261044983212479e-01,4.882066219448439881e-01,1.123614852565969713e+00,1.444790769174923994e+00
5.530986681732729338e+00,-1.832850168860119755e+00,2.614877888854115984e+00,-2.659713464622449397e+00,2.781943873515891674e+00,-5.297731629199309289e-01,8.586350437384968615e-01,1.199676138014193150e+00,5.002011848592502474e-01,1.625218300293860274e+00
1.071467846388260536e+00,3.401450110522195036e-01,2.880085472501285881e+00,-3.441330986606327969e-02,-2.927146752750116487e+00,1.391172697577140127e+00,8.125336717988690394e-02,-1.585954711300427533e+00,-3.186242484999317170e+00,2.799795151230464185e+00
4.278784703013107205e+00,-1.717164797520029484e+00,2.445314974080195380e+00,-2.249206147425440783e+00,-1.679261385774268645e+00,-4.207710046317695851e-01,-4.179137151061558531e-02,-1.590360528529313200e-01,-2.590754418422489103e+00,3.310753447247637204e+00
5.274202216851752389e+00,-1.720154703033146104e+00,2.938177382132447946e+00,-2.180954807605818502e+00,-2.150622452734884948e+00,-4.270523649582803616e-01,-3.585931181311717619e+00,-2.077587948646192118e+00,-2.401074729725317880e+00,2.173709476765158577e+00
-4.332397039878815193e+00,2.432112837295614671e+00,2.159372726929623454e+00,2.499014690447124210e+00,3.975576937021927382e+00,2.018778979522502848e+00,5.502324398657149729e+00,6.245802200489620759e-01,3.297820470017132521e+00,8.229971553085935199e-01
5.871485801824021244e-01,7.365180599183482890e-01,-1.582248780514755371e+00,-1.824258563581762083e-01,-3.472517283142710021e+00,1.750763971686585707e+00,4.564626497605575040e+00,2.582770511394651081e+00,-1.298491556600973151e+00,-2.299831778698123053e+00
1.701536655611791904e+00,-1.685746300185393620e+00,1.214532715280168818e+00,-2.308347685338575150e+00,2.164898650999614205e+00,-3.186196450178057638e-01,-2.205529832508094756e+00,-1.355349110261196977e+00,1.753988558486997640e+00,-2.945421279604554243e-01
1.937601515044614642e-01,-1.260483577430005386e+00,1.829355124883760730e+00,-1.115485079683295133e+00,3.571480049185659311e+00,2.203276231358461124e-01,-4.094837118219503580e+00,-2.674653872937070354e+00,2.997304199556890758e+00,9.554062590199379201e-01
1.386752755282859295e-01,2.079069848603752657e+00,2.893202699175946080e+00,3.178790449954182584e+00,-5.644177259862101614e+00,2.247122306484088838e+00,9.429447994718505033e-01,-2.604999183758183179e+00,-1.797042568276382202e+00,3.133015865677948320e+00
-2.796099288868822974e+00,2.656992779335914268e+00,2.692947230278579074e+00,1.973304714260978088e+00,3.100558632406014592e+00,2.170938848805939791e+00,6.894329281146371002e+00,2.771651629484253476e+00,1.326382772773630592e+00,3.152408457348648163e+00
6.563633777720445650e-01,-1.914479594200011903e+00,2.165220193922518632e+00,-3.146117116424821170e+00,5.124206213129511411e+00,-6.048297406819864719e-01,4.136710874262810034e-01,8.742468696304639408e-02,2.296700860789925969e+00,2.086661138640757862e+00
4.275555256786628178e+00,-1.477513983455047475e+00,2.555602565145796756e+00,-1.528221969849657746e+00,-1.576474320289226849e+00,-4.946230411338087274e-02,-2.897809508188207150e+00,-1.459587341465484744e+00,-1.786477400903228929e+00,3.084959515124336527e+00
4.073282992317450169e-01,2.706249559728886034e+00,3.087324273132874275e+00,2.983288752930437049e+00,-6.047020480839551126e+00,2.074920550447898915e+00,5.506556106101649917e+00,2.839534316530249569e+00,-1.998155212009382842e+00,2.968222335655196886e+00
8.503057929060794606e+00,-1.857162078961096086e+00,-1.920339270794500175e+00,-2.895305352508151575e+00,-1.855811865894700929e+00,-5.606769142365586323e-01,1.359638470337340976e+00,3.084506383367729754e+00,-1.276931694620462299e+00,-3.412106033822921880e+00
2.888655696799013128e+00,-1.624678666372930902e+00,1.246489775684323176e+00,-2.049562348183012528e+00,2.864245532689429830e+00,-3.059303812646799181e-01,-3.693773778654005913e+00,-2.023459732427575819e+00,1.449122852910439185e+00,-3.517311394493756183e-01
1.913909911230884386e+00,3.269428647705546753e-02,5.649530051645633710e-01,-2.626944677422295982e-01,-1.415792823082209217e+00,1.368794444230609031e+00,5.437975268995550948e+00,1.831147363730165623e+00,-3.455866269651135525e-01,-6.618656253397880995e-01
-1.021973392819413157e-01,-1.680984860787519075e+00,-1.714079859571815412e+00,-2.144303179576588558e+00,3.377683659998043542e+00,-3.310072700255897171e-01,-4.573466853279510858e+00,-3.483963722345873926e+00,3.019689261467979335e+00,-2.615403922128323622e+00
1.508607932461752732e+00,-1.610868661760940457e+00,-1.925432510822329801e+00,-1.892076069256482640e+00,3.321121181346769369e+00,-2.180493339056409074e-01,-1.035883781129575687e-01,-5.407552405030795484e-01,1.415590980359846540e+00,-3.425838601397892980e+00
3.423436531743224709e-01,2.497121699743875212e+00,2.754640228918546541e+00,2.731715843493033091e+00,-5.878772548940546905e+00,2.055736362645672610e+00,-4.554950350028947881e-01,-3.298049612176207734e+00,-1.585521330182475097e+00,2.530391473163035698e+00
3.672634643978801017e-01,-1.929855248830907977e+00,2.188788505154304787e+00,-3.217929392704916403e+00,4.627658795101044831e+00,-6.235192089050912712e-01,-4.409869222831021673e+00,-2.973203782977519971e+00,2.886686505164697714e+00,1.279882607050161880e+00
2.300639337610773660e-01,2.203578653959616496e+00,2.434358370553972861e+00,2.529990902009081388e+00,-5.122843606883211720e+00,2.643727030195009320e+00,2.298949483498976321e+00,-1.234376549584579763e+00,-5.846878822786587548e-01,7.587025220786367541e-01
2.157470972200227766e-01,2.088741479410673119e+00,-2.070616902778691926e-01,2.631373473214507541e+00,-5.136132417506015457e+00,1.999094099677624747e+00,6.099584173059346526e+00,6.687358506141372061e-01,-8.016664647762783424e-01,-1.105664139193216933e+00
6.502636301342001879e-01,1.844538241838750370e+00,1.595333561015265023e+00,1.078066696901596622e+00,-5.217316927441074448e+00,1.754692087185979688e+00,8.086694301161678311e+00,2.802581672228443566e+00,-5.410368232731288529e-01,-3.204929050894844700e-01
-5.861257693977478533e-02,3.169607389372555595e+00,2.296557935109157622e+00,2.858786114946543222e+00,-5.907836746095671110e+00,2.379018476032450202e+00,7.882637975696283661e+00,3.316926082644941154e+00,-2.159640041096047458e+00,3.552916833167385491e-01
4.518177024715803292e+00,-1.948432667814079533e+00,-1.934365353234210883e+00,-3.345171453666076822e+00,-2.363791833631264883e+00,-6.407020809072361267e-01,-4.456562420839488503e+00,-3.038215165486004565e+00,-2.846217137208649550e+00,-3.475796159701107335e+00
1.776992536237234077e-01,-1.797537100359244855e+00,-3.659989570801608361e-02,-2.478804122665094756e+00,3.259193889807403099e+00,-5.029034136322888537e-01,1.303283118055398981e+00,1.224802079395904464e+00,2.839876423817931261e+00,-9.988580054113960216e-01
6.422468012553571581e-01,2.640020076192231002e+00,-7.925787880039104616e-01,3.257221971458591270e+00,-6.104566934785115251e+00,1.867189902631237519e+00,6.742204357520707347e+00,3.423036713887519511e+00,-2.872146198991488042e+00,-1.448831513809817118e+00
2.197034173464838425e+00,-1.719625849288273001e+00,-1.561292108158188308e+00,-2.306855583650376573e+00,2.367654099869415329e+00,-2.888164208721384352e-01,-6.435750019291563984e-01,-7.853241904931276274e-01,1.084289657589327938e+00,-2.320536463116704251e+00
4.113522669683613131e+00,-1.507383704286287651e+00,8.651944075885678043e-01,-1.541999998304003805e+00,1.528102994475240450e+00,-1.252248473535418349e-01,1.643020305648936974e+00,1.487987048459260109e+00,3.141697163378642799e-01,-4.662331084733057907e-01
-1.483091588516478154e+00,1.760027588412578670e+00,-9.598244333805419082e-01,1.718869279395002891e+00,6.326646004433682524e-01,1.743743719542950155e+00,8.530313461796215080e+00,1.089528193234301057e+00,1.043417619651972217e+00,-1.444258259425470481e+00
-3.596703705996961986e-01,3.527443042471419155e+00,2.353733402685278531e+00,2.040441157810526818e+00,-4.878708541665480958e+00,2.777663170583689389e+00,5.544281849025352038e+00,2.795477419895318505e+00,-5.974269433540388974e-01,2.806259753080242447e+00
-2.987409941276868430e+00,1.958705305556089071e-01,-1.703724614522503344e+00,-7.930922410041629789e-02,8.804866060996225485e+00,1.622800126200392379e+00,3.562112338100124731e+00,9.807053887731669306e-01,2.629183520976434707e+00,-2.562928095589636079e+00
4.436519047157142737e+00,-1.864878366727872772e+00,-1.802955250524338027e+00,-2.806887688788479274e+00,-1.884721128102214038e+00,-5.528480700686008165e-01,3.817849704790693410e-01,-2.149749566347312069e-01,-1.874329206388079427e+00,-2.974688269250013839e+00
3.077302447944396668e-01,2.825413810984989560e+00,2.308699863181288059e+00,3.463685457098577558e+00,-6.032241099862669209e+00,1.830420422056239671e+00,8.017641586320017666e+00,1.993782772342339804e+00,-1.831816110233654094e+00,2.522371336972537570e+00
1.059459561055063670e+00,-1.050897679007242735e-01,2.429214173959999279e+00,-4.216032614574851678e-01,-1.319292962748006115e+00,1.077320608397947854e+00,7.000514396864113698e-01,-7.782800121987669684e-01,-4.050720599584134440e-01,2.698787143286580203e+00
2.999233530863663066e+00,-1.478376254871054618e+00,-1.939547971694774109e+00,-1.727391148987983627e+00,1.415464172540221943e+00,-3.508484841768289009e-02,-2.785236070474827130e+00,-1.498557614396068161e+00,5.336153455599941253e-01,-3.497043511613068922e+00
5.143250422543174771e+00,-8.665695456177042733e-01,2.165568359829749490e+00,-7.196062302737038507e-01,-2.215322520930640859e+00,7.222926173624462098e-01,-1.834352468616161858e+00,-1.358136522862819273e+00,-3.080225280273276134e+00,3.245812463052097918e+00
-1.521804697313186239e+00,2.974973571238532344e+00,-6.733086117522892877e-01,2.666118752045795404e+00,-1.819629118947229951e-01,2.351912646191433698e+00,1.204289107242863865e+00,-2.053354876061930234e+00,9.873477676408510817e-01,-1.318599916958989482e+00
6.604149718195206908e-02,1.815106880314022009e+00,1.804108470191064351e+00,1.531779464647381239e+00,-3.746887796564334572e+00,2.233425800212920809e+00,1.581358147242442058e-01,-2.863766169067404110e+00,5.348743313706627589e-02,8.781465792896989697e-01
4.775977874873322815e-01,-1.266207507220410422e+00,-8.697262538928445252e-01,-1.276159097151888577e+00,6.666356456510248663e+00,3.353082026423860329e-01,9.068924587621283173e-01,4.667310728227045402e-01,2.457458642864922993e+00,-1.417544218756749075e+00
4.229630247733032533e+00,-1.810467835822837657e+00,-1.410215544103947671e+00,-2.636541166544840831e+00,-1.943004640584675480e+00,-5.022590166685221291e-01,1.579275076737446160e+00,3.018063592937272333e+00,-1.098174393797630710e+00,-1.982231251997846666e+00
4.525208718878794834e+00,-1.920592825895476086e+00,2.521712555790422083e+00,-3.142277471518436727e+00,1.180949540883111659e-01,-6.175300488469700477e-01,-3.827040324038447405e+00,-2.023015940783332578e+00,-5.154554696662940749e-01,-4.652700178652491303e-01
-2.674053193370539816e+00,1.435204522066437782e-01,-1.458296251505549090e+00,-2.726461709907743725e-01,7.356814504831108437e+00,2.219641651385052761e+00,3.572795502607528206e+00,3.423712435208427607e+00,1.704534729663318871e+00,-2.337928996772999923e+00
3.162023104486970659e-01,4.623658883437156697e-01,2.892725762749228657e+00,-2.089731162443859702e-01,2.167374294739118579e+00,1.504619500039795943e+00,3.732581902131539398e+00,1.205004290992610194e+00,6.564175640110923027e-01,2.575204539644028401e+00
-3.352402921272104930e+00,7.958111106410384883e-01,1.361264868913378834e+00,-2.170022050133275648e-01,6.008639886630771976e+00,1.660839401083568090e+00,-9.131561055735384347e-01,-3.122622052494838041e+00,2.161886838677906653e+00,5.532893759551216206e-02
4.925200084739911333e+00,-1.694010930881911348e+00,1.760838859402250378e+00,-2.370977054657625871e+00,-1.989409654087716639e+00,-3.555148706381534573e-01,-6.149588579654059473e-01,-8.288636959756727762e-01,-3.302300180646947414e+00,-1.501409176578052396e-01
-5.181149165453667882e-01,2.694210235134641085e+00,1.434877605308886750e+00,1.469044557347349844e+00,-4.336007209982298605e+00,2.415020246679180360e+00,6.330907574091256151e+00,2.517745975889356558e+00,-1.728077855936058782e-01,-4.255182775374644066e-01
2.748893276771493976e+00,1.171819459628540949e+00,3.079481026407819400e+00,5.362603234622618231e-01,-5.735397396297936545e+00,1.608563755200782319e+00,1.012397668638574277e+00,-1.453806009788850773e+00,-2.106582248134697632e+00,2.747718134577309179e+00
-3.475193534866047429e+00,2.274098402510486228e+00,-1.417293301692682528e+00,2.402202624841395462e+00,3.897185501512200112e+00,1.760516904162315432e+00,5.642927158913237484e+00,7.552349349297262648e-01,1.785995057136717357e+00,-1.928686032867452216e+00
4.006293367560697760e+00,-1.104732953902940240e+00,2.804581181545586333e+00,-1.178425919932856392e+00,-6.864724251505938124e-01,2.981329967491270772e-01,2.909015368255130962e+00,1.517190792307141045e+00,-7.427730786705635246e-01,2.124197813930311263e+00
3.768596752807260586e-01,2.563992329319736196e+00,-6.561361212550020916e-01,1.597246159655957065e+00,-4.590237047738400022e+00,2.264055234465971456e+00,4.610372609062821425e+00,2.462761605350829441e-01,-1.103018366166050868e-01,-1.310282229306650503e+00
1.042463522618239935e-01,2.705819054631899867e+00,-1.864169771168819878e+00,3.103223396387014610e+00,-4.945308327165993667e+00,2.280954350890620930e+00,4.912894367533665374e+00,-4.729899180126846403e-01,-2.920773789478872118e-01,-3.152110120153513328e+00
3.031706466944933953e-01,2.079772391778202056e+00,1.275890678751777640e+00,1.159424635812180249e+00,-5.710840964124398234e+00,2.673610920184354089e+00,6.339288442772682330e+00,3.404304746920675306e+00,-2.140102385789086181e+00,-7.838959734188843953e-02
2.693599695119854864e-01,1.386516838175396060e+00,1.678848566356074601e+00,2.794528662814785847e-01,-5.345399686553494512e+00,1.631116591044242448e+00,4.598971132075157620e+00,6.510618438842064037e-01,-2.909516190056085083e+00,3.869625472835611646e-01
-2.463779343753967899e-01,2.688227719536484983e+00,3.219354099053504115e+00,1.719087930345675197e+00,-3.056346514391218072e+00,2.064346301929639083e+00,5.309389420516041014e+00,-2.635522041864599707e-01,1.121640089542639274e-01,2.410794262742543381e+00
1.786416131373081750e+00,-1.328444705143859261e+00,-8.701713903702383845e-01,-1.261302053344872220e+00,4.486757842362053772e+00,4.344879223893867159e-01,1.131928652282996328e+00,1.609176052839972115e+00,1.485847148421651553e+00,-1.476468117406175118e+00
2.373497342468129823e+00,-1.589636638620429920e+00,3.654026760164072574e+00,-1.807800366227534372e+00,2.003033881626999690e+00,-2.835522585458638556e-01,-3.738998689407474707e+00,-2.023376067551314605e+00,1.023099930559386195e+00,2.456022876539218913e+00
2.115649956608849802e+00,-1.459577860098594693e+00,-6.233577033758836983e-01,-1.558947210915817561e+00,3.867580667486706147e+00,-9.349436769806035441e-02,1.152034076633489557e+00,2.266818872451167977e+00,1.925410231497513891e+00,-1.353777133653913722e+00
5.875920673653055815e+00,-1.478008807631817412e+00,-1.511870770844772283e+00,-1.628014576589813078e+00,-7.679655687790420959e-01,-2.991157453950624157e-02,2.078195007939469541e+00,3.205282341885574482e+00,-1.403707865833711654e+00,-2.176734580218300241e+00
7.885462779146221735e-01,-1.294989999391386482e+00,-1.877587605784988734e+00,-1.245479845246918238e+00,2.547903687404549089e+00,3.548197549873493561e-01,-2.453261038477825728e+00,-1.502253468558563787e+00,2.104263873775654048e+00,-3.238422305559024661e+00
-2.637518282772344236e+00,5.493008323173586005e-01,8.513933746705713013e-01,1.218380258437434804e-02,5.012762755820534544e+00,1.706469070499272656e+00,-9.920347626386742945e-01,-3.306619459835355102e+00,1.721929425835011962e+00,-5.648769306760357267e-01
3.581290650884837223e+00,-1.214956120525755745e+00,2.907890530561652032e+00,-1.174571186549321578e+00,1.847697363075145205e+00,4.227740430800806526e-01,-3.476980565604168127e+00,-1.993603116000998154e+00,4.000584925293626526e-02,1.689547427979612770e+00
-4.322483122826555224e+00,2.096218698747712494e+00,1.383791281043798005e+00,1.497278372506796629e+00,3.231000725224398185e+00,2.209309831219921527e+00,3.922901885682499312e-01,-2.197713486706844410e+00,3.405776821603560656e+00,-4.355142242309621992e-01
-3.286419961407124113e+00,2.174432458449165662e+00,1.186425599678740062e+00,7.884020868628054401e-01,1.867740254928947241e+00,1.859995662098148372e+00,5.095987406356024429e+00,9.144097790548775251e-01,1.651391663802852960e+00,-5.733757721401566698e-01
-1.987756729188951965e-01,-6.579777440294419799e-01,2.684122369300919964e+00,-5.063462049875289139e-01,3.860365431468029129e+00,7.278063236763643307e-01,-3.450797034706856614e+00,-2.632617241821300968e+00,3.142163372342717587e+00,1.390091379196671362e+00
8.843441034612549156e-01,1.312907348642644578e+00,-7.731803562369978788e-01,1.165246693711488035e-01,-5.157250783345897815e+00,2.038373051784874157e+00,4.292048306522137757e+00,8.438505631838246757e-01,-2.337680994179685001e+00,-1.298324642269861329e+00
4.897778660361954195e+00,-1.710041246830634076e+00,-1.334186089758975902e+00,-2.393989000836143077e+00,-1.486584867295880352e+00,-3.498321935060131893e-01,1.083488861191010955e+00,5.252840883062726007e-01,-2.100267402535046735e+00,-1.932189764278664512e+00
-1.255251867774374031e-01,2.194364049900420000e+00,1.505711417690074549e+00,2.009977726582945934e+00,-4.088611104990532930e+00,1.794148882187668548e+00,5.071582611975216537e+00,1.522932679924338117e+00,-1.414938644428418435e-01,2.188358233865570490e-01
6.046667608353788026e+00,-1.930093752866448131e+00,1.977672131085173479e+00,-3.220363935756385132e+00,-1.802950054345897613e-01,-6.223644271925024007e-01,2.232757163189148741e+00,3.149520556294537421e+00,-2.297976731488687197e+00,1.809974217560270660e-01
5.118018872650692552e-01,-1.412005847769449485e+00,2.174749911400134739e+00,-1.405361750436818102e+00,5.119374738448326134e+00,-1.212031646555829234e-02,-4.378725481046714663e+00,-3.279781195567417651e+00,2.800954241846946857e+00,3.161485475487562091e+00
8.237098986380599897e-01,3.309890226441289052e+00,2.147728917015062855e+00,2.524862492708925821e+00,-5.824281186728089033e+00,1.861337515031762146e+00,-2.179388439940579958e-02,-2.973424965870708814e+00,-7.235124307675526723e-01,5.060718846400940052e-01
5.033054469071344128e-01,1.999163683121866431e+00,2.055029942490455674e+00,3.117319666994635696e+00,-5.810232127621744347e+00,2.400502319396722317e+00,6.906022006915257805e-03,-2.780025394867416733e+00,-2.634813814152456857e+00,5.429413247863239533e-01
-4.206046850351888189e+00,2.188002134052309255e+00,4.347307196183709088e+00,1.039893925025683785e+00,5.903118475304246715e+00,2.053169004648693452e+00,2.866203310849099850e+00,-1.286526044552810610e+00,2.978172134650335146e+00,2.629659718406788471e+00
-3.694554775229950128e+00,1.452496853829556844e+00,2.457538126860152161e+00,5.802301052694565087e-01,3.011694298752318311e+00,1.710793591595779484e+00,3.259923198412750800e-01,-2.066484096180378760e+00,2.215302392519046926e+00,2.822970052015069342e+00
5.818084794979084151e+00,-1.938284743097256513e+00,-1.859867375337001860e+00,-3.251664704438717024e+00,1.706066204290871413e+00,-6.291095811033703411e-01,-4.536202432800083173e+00,-3.184635091751442104e+00,2.343132945763466424e-01,-3.191940306978659159e+00
1.212194331668173808e+00,-1.218001689484150551e+00,-1.312673464133880197e+00,-1.235630932250736613e+00,5.201100425705650565e+00,3.048708817266733151e-01,6.502549117468794382e-01,-8.828464916971423548e-02,1.691417264420045363e+00,-1.844084613436672626e+00
-1.636443614755558884e-01,2.315904704863724906e+00,6.279084892442954313e-01,2.305382175566744962e+00,-4.180884518433579444e+00,2.577812284496174833e+00,5.272711611972011880e+00,2.670829489249728184e+00,-2.254044520166815779e-01,-6.639861901902666119e-01
-2.107140534186212388e+00,2.080412956415405468e+00,-1.647564082056905965e+00,3.499489506268784744e+00,1.892001345507432486e+00,1.819327677785802955e+00,5.347770771184488403e+00,1.145252061805253518e+00,1.111453366060894510e+00,-2.651023102474269422e+00
1.500973699032976283e+00,1.553273128365138867e+00,-1.457620006090372122e+00,1.008460807680243931e+00,-6.011892548241270617e+00,1.660530747808910634e+00,5.562962839870463583e+00,-2.490819109657893549e-01,-3.393410832311619441e+00,-2.330171113723800591e+00
5.020005438314767421e-03,-1.435220068622147460e+00,2.419468692075754213e+00,-1.482889554117496012e+00,7.240982373537121930e+00,1.297447188811121366e-01,-6.302778460356825985e-01,-7.541054950326584461e-01,2.953932728715728651e+00,3.032290488587153554e+00
-3.533416159366673526e-01,2.965913550197571968e+00,2.415404312714058754e+00,2.911127070120165250e+00,-1.585552691595619290e+00,2.234601637722640977e+00,4.547841941707534197e+00,-1.446554603699734542e-02,3.494724730140501556e-01,1.364981682447772293e+00
5.030338196489726243e+00,-1.248394197568886810e+00,1.794831057096686555e+00,-1.262923322911343682e+00,4.853652007105069277e-01,3.995448623932654764e-01,-3.606054805164800481e+00,-2.150809683868506461e+00,-3.746194949175052358e-03,2.724114409781650537e-01
-3.878755800554567035e+00,1.617925826400418376e+00,2.516708864064607809e+00,1.284030085568816482e+00,4.478629701431980692e+00,1.755898458484387081e+00,-2.688325321553533542e-01,-2.595589883463912173e+00,2.655491491091026113e+00,1.646855405150719598e+00
5.760151725041201543e-01,2.857661881711203833e+00,2.808910781894551789e+00,1.620700807282494438e+00,-6.366533017019884610e+00,2.431127354609142976e+00,1.632497134690268581e+00,-1.785505544858775107e+00,-3.415413367970672631e+00,1.650282616075118725e+00
4.989519681699542630e+00,-1.781571416600874702e+00,2.080797716119136886e+00,-2.616531709956639418e+00,4.585902363286553651e+00,-4.973928640018941416e-01,1.844348812643658464e+00,9.247996383250542962e-01,2.710278391998586223e-01,1.025777037747499953e+00
1.732487408646127269e+00,-1.836855921800115699e+00,7.289352622735325582e-01,-2.748157559197133448e+00,4.401977153810639365e+00,-5.478604951417725966e-01,2.398895483403001627e+00,2.318685077799700345e+00,2.506124757469157416e+00,-7.144955828138090936e-01
5.722823095686248251e+00,-1.295128722871243143e+00,-1.919539838506489016e+00,-1.462373787510614420e+00,-1.867715178696191192e+00,3.077389872188419639e-01,-4.389471742769189611e+00,-3.464031679391883056e+00,-2.742076262036371226e+00,-3.410593448961004803e+00
6.420117703265900921e+00,-1.253542244391199656e+00,2.067977825139628578e+00,-1.531443903706867449e+00,-1.477618288570694327e+00,2.836739241039966108e-01,-3.719708346636585006e+00,-2.205043388093987922e+00,-2.607807929287729642e+00,2.550904443656242471e+00
4.553625416194024389e+00,-1.486887813822144189e+00,2.763134382000711931e+00,-1.625293475410635846e+00,5.392351394637657780e-01,-5.466351187615364760e-02,1.106370326203558019e+00,1.373286331025289186e+00,1.307813828804125222e-01,3.356456144684270448e+00
1.130258742547208817e+00,7.260947888261103378e-01,-1.447110988728178338e+00,1.345943320164728618e-01,-3.624349289522919015e+00,1.964869032657634573e+00,4.567830803421912833e+00,3.237071399128931937e+00,-2.363016565035783056e+00,-2.111456313691351561e+00
3.304507506384050330e+00,-1.768087565842915376e+00,2.470180537276618793e+00,-2.332561286707228732e+00,6.111304740941174707e+00,-4.445382918473784750e-01,-4.382130584396853656e+00,-2.922335504246587057e+00,1.308514311198900160e+00,2.864239186745567878e+00
5.961221818733966060e+00,-1.154890331033357365e+00,-1.461221648730521405e+00,-1.048129209243570337e+00,-5.432994673195780111e-01,5.932686104330406884e-01,6.533247052623816220e-01,2.854756344277920022e-02,-2.849731951709966182e-02,-2.170751506487021310e+00
1.858598619921585926e-01,2.180231782832042775e+00,-8.322523178946819034e-01,2.950777523330462060e+00,-4.989222023092260372e+00,2.259953677976953124e+00,7.445124332470273387e+00,5.575392455328112007e-01,-9.377455404926351434e-01,-1.347424197810463298e+00
4.510469589919116062e-01,2.001758612663292247e+00,2.568928563230564510e+00,1.759175633871105759e+00,-5.231000486601221411e+00,1.679512890416453130e+00,5.131366052510665021e+00,2.269481903398705036e+00,-5.369379743070625821e-01,2.825435543529308369e+00
-2.664105392540064843e-01,2.814809122262307728e+00,2.039111493730012103e+00,3.255847455359552001e+00,-4.922932582054403206e+00,2.171072028721944491e+00,7.048424206148370175e+00,9.391696517522101217e-01,-7.860700913109428534e-01,2.058378062315542323e-01
5.247078678537008045e+00,-1.692039807477219826e+00,1.856571431174384168e+00,-2.073422908189685110e+00,3.919200955298527411e+00,-3.482429419480276844e-01,-5.036854047582988159e-01,-1.062150969544354062e+00,6.443347528826857129e-01,1.264463437997703998e+00
-1.098056146377207387e+00,-7.627213456858863427e-01,-1.876490640817489064e+00,-7.047452474416511237e-01,5.858159677518349540e+00,8.272988795587027377e-01,1.533064837851207507e+00,-7.017283074615576766e-01,3.464469641043688597e+00,-3.236353352043812137e+00
-2.137327656915823049e+00,1.993628922076080556e+00,1.888823988191009384e+00,1.892999859738361046e+00,1.648639606353575315e+00,1.748582360006509351e+00,5.100143868147160475e+00,5.536820224048017991e-01,1.258208007573011322e+00,1.006621200508796221e+00
1.101935880481222929e+00,2.285757900128041253e+00,2.748772023891986382e+00,2.796979072869374860e+00,-6.153271587186805114e+00,1.747415372450791260e+00,4.205164716620021892e+00,8.483595618250028281e-02,-2.203968081485948360e+00,2.744985219089890904e+00
4.046192221003890310e+00,-1.266872113428251234e+00,-1.894327732209261983e+00,-1.406340390946355434e+00,-3.597716606686591767e-01,1.655143671281761319e-01,8.222372532524688804e-01,-3.311045388631423947e-01,-5.355686067479155099e-01,-3.275208426623698266e+00
1.771369394099016503e+00,-1.840420270982431994e+00,1.854924279205677262e+00,-2.755210621926828196e+00,2.187785548573235594e+00,-5.274973724635221295e-01,2.780086638896571927e+00,1.385397183759633499e+00,1.216068977962247111e+00,1.300252704175326457e-01
-3.861457099371964352e-01,2.386110495820591204e+00,2.622956444092594985e+00,1.700296208408953902e+00,-2.145372464042996974e+00,2.266859006020526923e+00,6.088533625473146138e+00,2.232779886690881455e+00,3.158603866656815029e-01,1.307470281635205289e+00
4.531693179033158714e+00,-1.382992033687995281e+00,2.002293437498716244e+00,-1.393283991254805620e+00,-1.810751573505352541e+00,1.010798296012929420e-01,1.179650129728419650e+00,-5.647321020112867629e-01,-2.037424303255879199e+00,4.311545357436301629e-01
4.633810051844116984e+00,-1.737570166936592386e+00,3.451221123865870766e+00,-2.250796849573449609e+00,1.413617740508983367e+00,-4.368436754492145413e-01,2.820246542001085821e+00,1.128084713543944240e+00,1.369882711842995704e-02,1.917044911507592708e+00
4.574462269841664153e+00,-1.848750515315153997e+00,2.513568499932990363e+00,-2.750160785316728251e+00,2.017430305707801352e+00,-5.407775838480695096e-01,-4.056759708918869833e+00,-2.378757014280360682e+00,6.312495878597053078e-01,1.942601270744832576e+00
1.258330215546250574e+00,2.385581759737208429e+00,3.207001157397010083e+00,3.084363300704318966e+00,-6.116152108640994456e+00,2.265170983519360082e+00,2.768502842158427901e-01,-3.255639032212769735e+00,-1.295662741891957737e+00,5.345142407674181584e-01
4.982157699510448623e+00,-1.843669208129866899e+00,-1.227029531357825665e+00,-2.796699496117073025e+00,-1.728339976506704456e+00,-5.531736293097319068e-01,1.946975868347926797e+00,1.459714926481442632e+00,-1.527263801783706132e+00,-1.875389809855831924e+00
5.683622276063394096e+00,-1.927492570403755989e+00,-1.863089921519705650e+00,-3.240773738785645897e+00,-1.751012649122171805e+00,-6.223020050062435526e-01,-2.928863438626141846e+00,-1.412261354881088060e+00,-1.828563687707230656e+00,-3.164764345719114580e+00
-6.458194372923786730e-01,1.418519972252841210e+00,-1.906193241633254765e+00,8.175122375033385680e-01,-1.302460718569361742e+00,2.049701116995416239e+00,5.064967639107527120e+00,1.361125222525280343e+00,3.817673226560072131e-01,-3.333550283614082232e+00
4.780599897851804059e+00,-1.903305921541166956e+00,1.860284702527109424e+00,-3.023167170682022231e+00,-2.306320501544572910e+00,-6.063099561400441262e-01,1.074059879943422002e+00,8.799318887826190760e-01,-2.346337334149915854e+00,5.011176292079193573e-01
-3.899485457413128575e+00,2.871994277737001777e+00,4.129773100934888697e-02,3.133513684132222643e+00,3.835936846848269077e+00,1.774115701494535680e+00,7.692942375861057336e+00,7.924538530820619542e-01,2.135653153130673054e+00,-9.218355808013498631e-01
3.575116365954205566e+00,-1.692095437394474766e+00,-1.357186014420006526e+00,-2.318146662580249817e+00,7.193423538625907110e-01,-4.006826798146317370e-01,1.513891468441925792e-01,-3.685460542223482072e-01,2.656769878095128767e-01,-1.921235811086737133e+00
-2.510999678463881057e+00,2.144608898202066349e+00,2.552560219303015465e+00,2.729851960520406351e+00,3.653812008921568655e+00,2.034098619354508308e+00,4.726074440003862343e-01,-2.872754639511438945e+00,1.223109222432325893e+00,2.203012017000275158e+00
9.411772472196122674e-01,-1.959236126891354512e+00,2.225872994773919977e+00,-3.411983563803371311e+00,4.394459141659706525e+00,-6.487409887761669269e-01,2.085696588782078642e+00,3.388519862507538782e+00,1.789918995691855308e+00,3.225924082813830474e+00
4.270552786909644460e+00,-1.131376789831070262e+00,3.107909553404276437e+00,-1.083952703698886744e+00,-1.002068343464941336e+00,3.108182608717278139e-01,3.837743158302070245e+00,3.371831082609394237e+00,-3.003541870109862622e+00,2.044849053931585559e-01
-2.760910256821072828e+00,2.258683312943075450e+00,2.594689178348056569e+00,2.094126705835948954e+00,1.961235249590556062e+00,1.759901695959911416e+00,9.141836863142323022e-01,-2.113017762714574310e+00,1.440835324553711772e+00,2.927489034385390099e+00
3.615628927060252629e-01,1.945011437157969425e+00,1.984644620177796304e+00,1.259315546511380113e+00,-4.632867321462763144e+00,2.007681782540327919e+00,5.206929813263249329e+00,2.058364128617474087e+00,-3.146875601235548103e-01,1.154916318849988244e+00
6.183354610801806928e+00,-1.865257621853162240e+00,2.950528981493751424e+00,-2.930890240774624900e+00,-1.078291860754771125e+00,-5.525316079699238436e-01,1.243864853846898377e+00,1.964661508490315178e+00,-2.283836915009652468e+00,1.797979786968016747e+00
-4.244317511783002317e-03,6.184138279146136341e-01,2.371653773461134485e+00,-2.309166473882537929e-01,4.770679983707719340e-02,1.762183622112251324e+00,-2.328049946445684970e-01,-2.490305753479028716e+00,4.771658135224097208e-01,1.694868227209643585e+00
-1.750084166605291314e-01,2.558511806295078017e+00,-1.514776077906718754e+00,3.360830670078736482e+00,-2.895892473956720892e+00,2.222374361999958747e+00,5.174518082163763744e+00,-1.909967061834136892e-01,1.230049043780878648e-01,-2.311695185910555672e+00
2.002179938548424687e+00,-1.312775907705491241e+00,1.672174209028210790e+00,-1.285836076187155452e+00,5.993597592001473018e+00,1.073541694744326591e-01,-3.489917487846416755e-02,-7.822543476171892607e-01,1.344454690594428570e+00,6.129870784091115965e-01
-2.191307210834338159e-02,2.062735897667169915e+00,-1.823192665487319619e+00,2.747792717775830340e+00,-4.999949728736353904e+00,2.151550973481502371e+00,1.754525803223948577e+00,-1.707499862810590407e+00,-1.271596298926156443e+00,-3.012844713896087434e+00
2.264482525467552687e-01,-1.451934276143640457e+00,1.447677037317123716e+00,-1.444836230572721369e+00,3.838154538006881999e+00,1.986604205342593077e-02,-3.605456832232416531e+00,-2.112286009046247415e+00,3.352292382827712913e+00,1.105193115106168911e-01
2.209640766575818205e+00,-1.438884555814428534e+00,2.586925236359450153e+00,-1.617106349550504030e+00,2.272292819575479239e+00,-1.041315072341649772e-01,-4.000099143336965035e+00,-2.400852972756434944e+00,9.956340821840541366e-01,1.794776116158252499e+00
4.011870835585227724e+00,-1.963179041274481840e+00,2.578302666690728273e+00,-3.431593587550054281e+00,-1.080465993846430495e+00,-6.547995917665998533e-01,1.103543910021261842e+00,2.352000262141367593e+00,-2.733601833944416803e-01,1.966534904910968606e+00
4.454874123394723995e+00,-1.182559518465236215e+00,2.529797596147038696e+00,-1.046354470034656536e+00,-1.726957199800674303e+00,2.715176883303466182e-01,1.176262699600148176e+00,1.146653093265498136e+00,-2.532204187347763202e+00,2.073694520602109570e-01
-4.373220176181359165e+00,2.700395474325440581e+00,2.726893579055917893e+00,2.130337389123223346e+00,2.289001894408965843e+00,2.072112883064962219e+00,5.309856337441670959e+00,3.179802798499559380e+00,3.300289643759725777e+00,5.968620285846117923e-01
5.847343917385214862e-01,1.336609622684416632e+00,-1.704246110863403496e+00,7.175562405694053680e-01,-4.448020707969234877e+00,1.984383284463118180e+00,4.692462398811967361e+00,1.015444565021086376e+00,-1.124310435762821747e+00,-2.639943627238275248e+00
4.000019860405807370e-01,-1.958872375345175554e+00,2.998575954217816975e+00,-3.403237990925291889e+00,3.029496690708890938e+00,-6.508820364894115640e-01,1.531487417658776051e+00,1.598856694189932703e+00,3.098256130983954471e+00,2.120556161379636428e+00
1.511605118175391338e+00,1.777633149743321095e+00,2.949898670569961912e+00,4.651049081640081795e-01,-5.856612387160028632e+00,1.777846060054413702e+00,7.692419356160323574e+00,1.475036389674956538e+00,-1.468176471365885583e+00,3.025925028479917955e+00
4.438075808925339705e-01,1.833969999858420685e+00,-5.933730363144068543e-01,1.233616312137588267e+00,-5.289944039106488027e+00,1.839672292398020215e+00,7.958488089783818387e-01,-1.961548645434755489e+00,-1.570520944790991358e+00,-1.183368098495972021e+00
2.144310633348050388e+00,-8.938334504301579386e-01,2.420016154263277652e+00,-7.402838003746041728e-01,1.801801515907026419e+00,9.020507691657382310e-01,6.979799370109240897e-02,-6.544706116358116610e-01,1.014938130451946918e+00,2.919224838166014635e+00
5.076201095239871286e+00,-1.937544820854774086e+00,-7.555677595558739634e-01,-3.293711458945289827e+00,-2.462167556255046463e+00,-6.253469416382441137e-01,8.223311860786137739e-01,5.273156043973905582e-01,-3.422794890475295837e+00,-1.275103881004521433e+00
-3.317692977786787178e+00,2.202058161324587982e+00,3.890321424301769193e-01,2.193808262374725260e+00,1.938952558313040031e+00,2.290699167228445354e+00,9.055147991998957480e+00,1.881837496318478742e+00,1.686816183161440108e+00,-9.757703213428920996e-01
1.685686278157133122e+00,2.509084331265930778e+00,1.713379791871332714e+00,2.462875193200471990e+00,-6.199207297817157958e+00,1.882046333803784943e+00,5.783102001944293136e+00,2.798544252228425400e-01,-1.418530698465147566e+00,7.087769498571923066e-01
2.292676278322570926e+00,-3.394084466929176980e-01,7.214388133510720724e-01,-3.125971935232039201e-01,3.606019211250043099e+00,1.359210888912635529e+00,-3.086091552608933863e+00,-3.347604062860423113e+00,3.231829340397300854e-01,-6.321070433874957928e-01
7.541217071311333342e+00,-1.662956581112555954e+00,3.293416163864707258e+00,-2.030586122119166781e+00,-1.789822785710967423e+00,-3.787785149606998081e-01,1.526844980629353810e+00,2.933321402686118518e+00,-6.168312571513463460e-01,2.971019852631735958e+00
5.329392684727160656e+00,-1.902967330019142533e+00,-1.769856406502551494e+00,-3.066214195583691016e+00,-2.099562688517560005e+00,-5.940984262852228026e-01,2.140486861665582552e+00,8.659032979296537036e-01,-2.320818951573227373e+00,-2.843326922119393529e+00
5.528523104056194626e+00,-1.221485172019045384e+00,1.925224104665549163e+00,-1.039151962597153478e+00,-1.698804757390161679e+00,4.140263319065590197e-01,-4.325144908481012962e+00,-3.344490777827559658e+00,-2.958332357952465852e+00,-1.164576945532864727e-01
-5.215775241032329923e-01,6.870320216136109881e-01,-1.900567890910900726e+00,5.716005474692753552e-02,1.348911083229215713e+00,1.387038870380489897e+00,4.462498802279792898e+00,9.991320840685817828e-01,7.627873749346774090e-01,-3.354135294583432625e+00
-2.504494564564125003e+00,-2.016048856744350748e-01,-1.055523047225446209e+00,-2.900740250619913141e-01,8.237817266174921826e+00,1.150865817131036639e+00,3.392199481625233659e+00,1.001954383236173030e+00,2.599700229168830035e+00,-1.880771129752887738e+00
1.656522953434635292e+00,2.287052617937613608e+00,2.685235691897046806e+00,2.025251463217380810e+00,-6.396257812663420417e+00,2.002016186281498022e+00,5.769103709290053672e+00,2.399230353925521086e-01,-2.147625571877719963e+00,3.037742938241239088e+00
-1.111630823879856900e+00,2.692553333400339088e+00,-1.010079160780367635e+00,3.486406356135365314e+00,-2.525196251866845820e-02,2.514505563613224304e+00,5.748197560810424100e+00,-1.297419756703099836e-02,4.346676965450662067e-01,-1.596899380490490961e+00
3.963514120316199651e+00,-1.017804156805337756e+00,-5.896475312417855941e-01,-1.017049864247284052e+00,-3.579653910818758611e-01,9.383416668931995330e-01,1.734613734327631107e+00,-3.354466530812745262e-01,-3.061898251846828511e+00,-1.211406358780181325e+00
4.930193940376884854e+00,-1.915842605086870876e+00,2.538928539383108252e+00,-3.172549087134701296e+00,-6.703436447028146006e-01,-6.110465845884474057e-01,1.505295809041536481e+00,1.755383127578399538e+00,-1.020812045278286284e+00,1.291256057614246444e+00
5.612465701576321297e-01,2.161443963302037474e+00,-1.087482230583810550e+00,2.922974445690486256e+00,-5.736806186935291763e+00,1.965435521436519339e+00,2.354357612537434363e+00,-1.608616649522485176e+00,-2.379006413138391451e+00,-1.543616888060877823e+00
7.097278658378128213e+00,-1.220138480810984527e+00,1.118826403033989614e+00,-1.035797969347078240e+00,-1.507628993062072098e+00,2.006933437963458466e-01,3.052079209515297542e+00,-1.513197309183382799e-01,-1.689691220224732726e+00,-2.359910858250096055e-01
5.620432321836470457e+00,-1.661208929854573579e+00,2.248180986232588996e+00,-2.124760146935047889e+00,-1.674041548057535467e-01,-2.629262686225463108e-01,-9.992166336540206917e-01,-8.091460963648988702e-01,3.404567704309080511e-03,5.570231759128896343e-02
-3.708202945826714281e+00,2.032158031532436571e+00,-3.303998888859590033e-01,2.905037325232572520e+00,2.984115055923498794e+00,2.051962426169144926e+00,7.651866894449460332e+00,7.976349109252947045e-01,2.073894397190356287e+00,-1.079674239722308471e+00
-1.120038871515303125e+00,2.312259007376584741e+00,-1.682276455969186069e+00,1.892442513548688865e+00,-7.712926338035885898e-02,1.753692051348346936e+00,4.939342521370478245e+00,1.538745968574303014e+00,5.986286457965972474e-01,-2.544634736929157093e+00
-1.414031566999919942e+00,2.836097195959712103e+00,9.465543002914007520e-01,3.071333951648822058e+00,3.369860289486148464e-01,2.017516818300295611e+00,7.288663696757581079e+00,1.140921704314092899e-01,8.306666102042905564e-01,-8.332059845750392491e-01
-3.749031902361305679e+00,1.896367096728123203e+00,2.069219356408363630e+00,1.680957842549592129e+00,3.758541097217167781e+00,2.158345549636399685e+00,7.311241578400327512e+00,3.193030151855832166e+00,2.204518426382782614e+00,2.591484536090620239e-01
9.261302927953962705e-01,-1.835873198742457690e+00,-1.401723786477444555e+00,-2.666196746099194215e+00,3.395748143273896069e+00,-5.140489273734389908e-01,7.848413045915563213e-01,1.812667961327860233e+00,2.210372121123798550e+00,-1.930733278504840333e+00
5.505647094924325247e-01,-1.405867264335886491e+00,2.017732147200750781e+00,-1.511559113474592486e+00,3.612260123775324239e+00,1.256774790990511370e-03,-2.024433685498724655e-01,-3.211380327188266826e-01,2.247654467485016738e+00,1.084992667014373247e+00
-3.163944179444587501e+00,1.922248838341180655e+00,2.360589594271360170e+00,2.798619373976007907e-01,2.999663132508172847e+00,2.003375652934139328e+00,6.593025729681444069e+00,2.524031142033553721e+00,1.599396396428458544e+00,2.037964180089010924e+00
3.958577905459895074e+00,-1.479603334714360230e+00,2.699547652625974070e+00,-1.688550997793305086e+00,-1.913117363215294686e+00,-1.257889154514679753e-01,1.610966987825815266e+00,2.565138126133152952e+00,-1.187205580958906381e+00,1.129010077879170737e+00
3.334805534330858023e+00,-7.380441203325526223e-01,-1.627129464434912576e+00,-5.683805292129493481e-01,-8.140879246963010907e-01,8.670699576279939924e-01,3.115884784034028687e+00,2.736365805197160661e+00,-1.835604296021125847e+00,-2.404969910786238341e+00
5.647308793565652962e+00,-1.902294846594061228e+00,2.499442446515303118e+00,-3.073002906349816765e+00,-1.897096042295525420e+00,-6.026417187644230733e-01,3.592494903435577425e-01,7.682681826717834284e-01,-3.389359440544757796e+00,2.574655923246177203e+00
7.123468109113187952e-01,1.874828992380612291e+00,2.905064484460044838e+00,1.920588172262846172e+00,-5.252297319822226918e+00,2.698731923967415014e+00,5.076471409170662419e+00,2.832286431653790792e+00,-7.718445220869560863e-01,1.673185478886249911e+00
1.752862214715741329e+00,1.904375444226490854e+00,-7.798194131714577537e-01,2.134704919869207629e+00,-6.154606156646527992e+00,1.971039419193150399e+00,8.739782120628618145e+00,2.317068125538805035e+00,-2.296649640023734840e+00,-1.380328425209464527e+00
-3.763529007352446776e+00,1.463581108473258174e+00,-1.482944537858739142e+00,4.172626334523332758e-01,2.613025555424599577e+00,1.811954084309047364e+00,6.748130969481435315e+00,2.786953591383212192e+00,2.292745745804214863e+00,-2.057084942761688851e+00
-4.152578177168011031e+00,2.002012544879628209e+00,3.817323784173568768e+00,7.155964844319866458e-01,3.314712435945181390e+00,2.714111340742916489e+00,5.374740600843693761e-01,-2.009921788562555101e+00,2.987574417842119523e+00,1.974298726993741759e+00
6.967627058962760245e+00,-1.899760892519656075e+00,1.891271795500762742e+00,-3.088625318709967260e+00,-1.135848257099851821e+00,-5.826202508408308001e-01,-4.166301471911065590e+00,-2.577406162686176838e+00,-2.991925377872204805e+00,9.462960361365695405e-01
-2.935193880301502301e+00,3.268002367657273366e-01,2.402297675080445671e+00,-1.066186001478754974e-01,8.592317429442529075e+00,1.349825382988981470e+00,3.648662877791942982e+00,5.414062504414633992e-01,1.913756292399544812e+00,3.365152163614315128e+00
7.080462019035514976e-01,2.825424503697982370e+00,-1.867685452725383888e+00,2.836508923391157566e+00,-5.956424602967953952e+00,2.476033195819656640e+00,4.646471195731158410e+00,-3.552194363512710673e-01,-1.549525765711025738e+00,-3.158206932938863787e+00
-3.033562592066767483e-01,-1.167407983649971337e+00,1.187442334092133400e+00,-1.070290991376439127e+00,4.403830655061161892e+00,6.946481966331408131e-01,1.971083589715929563e+00,1.303863435507944146e+00,3.267218920317323416e+00,-1.483186044714153162e-01
-1.023459645290816677e+00,2.727556258278790224e+00,2.014959688210618438e+00,2.911377106506657597e+00,-8.351532083248762728e-01,1.786467252726755994e+00,5.417368023860717585e+00,2.331185582715709081e+00,8.572152027075601310e-01,6.313607871823148088e-01
-4.264482679717991331e+00,1.774224451011880976e+00,2.305734931499640705e+00,6.828993573432038389e-01,3.939879314206796934e+00,2.189701893296329693e+00,5.157487796315868067e+00,2.572310141201925582e+00,3.397447696844097642e+00,2.217333600745328148e+00
1.166496617499113153e+00,-1.884491813176962793e+00,2.385680081377183015e+00,-2.908996790693698653e+00,3.615071410508586158e+00,-5.906880358937942610e-01,1.416567801548711758e+00,9.855288059435531878e-01,2.040896618640755555e+00,2.699528853705810860e+00
-4.378383994918483069e+00,3.269780168490972194e+00,3.018327278935875047e+00,2.450641705190556685e+00,2.239826349188467347e+00,2.098275042517421252e+00,3.180837532664319234e+00,-1.052005226631357537e+00,3.143422245595530740e+00,3.398240550235589907e+00
1.492262446040597546e+00,2.153839214933945367e+00,9.892299469255243505e-01,2.853228418432173008e+00,-6.187789347955312103e+00,1.832104629696390763e+00,8.031588649913583566e+00,3.146214357470711320e+00,-1.466435327747547035e+00,-5.206855432721386734e-01
1.605436734201397986e+00,2.038086887732054875e-01,1.389656938254115071e+00,-7.187443171515317530e-02,7.755378924385292194e-02,1.510583700882189184e+00,-5.911127944349519048e-01,-1.911772020235924519e+00,-2.861825412345098130e-02,-1.729088634924913492e-02
-4.061471628995593441e+00,1.929989022587500269e+00,1.570333004635067642e+00,2.237819406008503265e+00,2.785287740754160080e+00,1.776150440923301321e+00,-1.472055843310628998e-01,-2.365442768201583501e+00,2.926170452192729421e+00,3.264882049473367687e-01
7.248064844027743092e+00,-1.801032468754143911e+00,2.167910314062525767e+00,-2.568324485442549765e+00,-1.550348078532413076e+00,-4.839176595498745903e-01,-2.164137144013991154e-01,-7.608558381763543821e-01,-1.696524356792766142e+00,1.173219912469431137e+00
-3.602488955721181885e+00,2.341280191909573372e+00,-5.672854546956618282e-01,2.620055349583243931e+00,4.454261673949921452e+00,2.589760437594480713e+00,4.222538708979006294e+00,-7.515928393858750667e-02,1.890137193936648252e+00,-1.324447587483251976e+00
1.917427996222726527e+00,2.121261054912596755e+00,2.998529104633059994e+00,1.939440179471107584e+00,-6.456489906906837994e+00,1.664921080292231403e+00,1.111959108452555967e+00,-1.853834630093731173e+00,-3.022440728672756372e+00,1.197657766127322887e+00
-4.225218201267230356e+00,2.464557576166210406e+00,1.745768463964151529e+00,2.428115378182091000e+00,2.909934104715038217e+00,1.878897433791756111e+00,5.912228141038298190e+00,-3.788528360911369575e-02,2.903713284462939193e+00,5.887987492898050235e-01
-4.239359920374643487e+00,1.595937094921930921e+00,2.101058773490489084e+00,1.420058957256283172e+00,3.202915661613014109e+00,1.589872711570813557e+00,2.736034453248604503e+00,-9.487811975230666661e-01,3.377824800134919592e+00,2.240435200692366458e+00
4.646399099205149597e+00,-1.384666258227802871e+00,1.354165049884966887e+00,-1.405029989375440991e+00,-1.821749088431278807e+00,8.982322804054236609e-02,1.806090209153472514e+00,2.953544468625044495e+00,-3.099074381959307622e+00,-3.640516532616548950e-01
-8.259170148046482418e-02,-1.682668433449990175e+00,3.039700103034728151e+00,-2.112080842894406452e+00,5.803567405582525041e+00,-3.366855951602986674e-01,-1.857983736166548827e-01,-3.429099805619184593e-01,3.135386862344782699e+00,2.373697237254360104e+00
-1.611785585266753307e+00,2.227123754833334246e+00,1.725742619190263394e+00,7.140807014788723706e-01,4.040032077458047155e+00,2.803539497068185504e+00,4.590414198874938734e+00,3.681715715175197801e-01,8.714887492309086880e-01,1.846013804205783870e-01
3.660446453075690831e-01,2.365462623892780059e+00,2.367855684477193634e+00,3.255375236072578282e+00,-5.527251395780653276e+00,2.137846203317202320e+00,2.992614918328763807e+00,-7.773483178030318186e-01,-9.166552290878327014e-01,1.293669697489060688e+00
4.845702410698428331e+00,-1.193902932688132079e+00,2.980355926896923080e+00,-1.408297731607251357e+00,-1.546603806254327029e+00,2.779779401221895707e-01,1.515564740786994546e+00,3.495407531875582841e+00,-8.262417808341986358e-01,3.415615672576199024e+00
4.531669632937095571e+00,-8.820351040889147232e-01,-5.332675787714656890e-01,-7.914856102275362737e-01,-1.847376060069616965e+00,6.453087236222511125e-01,2.423975466491100406e+00,2.301421225437645823e+00,-1.614883702895892892e+00,-1.189229132323266214e+00
3.311008817892048484e+00,-1.864349888177315062e+00,2.139105512049352953e+00,-2.827864481290769838e+00,2.626685297060554980e+00,-5.549998325977650859e-01,7.905674835232251452e-01,5.841404192956201058e-01,9.034139527629374555e-01,4.799264759462031904e-01
8.724855663976823772e-01,-1.903718469169648708e+00,4.960796990802817663e-01,-3.044436932988356936e+00,8.107594455564379743e+00,-6.059337284067619622e-01,1.006881148188159436e+00,2.202270963558238925e+00,1.691352671888322057e+00,-6.941302596883414111e-01
-3.720429523503505198e+00,1.776171450119123696e+00,2.321610635512673326e+00,1.058882514853466184e+00,4.262907065842836296e+00,1.583262991199873904e+00,4.803609729460875499e+00,2.006620341612710412e-01,2.282552535896822832e+00,2.493246197960797161e+00
1.121857818639265814e+00,2.381187078017203529e+00,3.516149341769036596e+00,2.945421461200679047e+00,-6.440281951979316410e+00,2.089542044255901398e+00,-2.838098992911147755e-02,-3.420775286654340608e+00,-3.239545959809415177e+00,1.714913760321711500e+00
-2.884527891145129086e+00,1.959603592500264391e+00,3.093861291163236160e+00,2.912677149673102761e+00,3.186565699106483684e+00,2.255053076402230960e+00,8.185548039718026914e-02,-2.811166296654192376e+00,1.395156805751643248e+00,2.771506607601671668e+00
-1.225896746749679522e-01,2.046497479076426540e+00,1.770312853635110262e+00,2.106061549700867452e+00,-1.137062165564517446e+00,2.137725992754141657e+00,5.061257735970776661e-01,-3.309868603246717278e+00,8.209769886618820678e-01,7.320934421777733903e-01
4.397172068770002218e-01,1.526660028417502701e+00,2.081517603544018158e+00,6.717470244074101871e-01,-5.085434812713224062e+00,2.543789531330107767e+00,9.917189510207599312e+00,1.837053013299262183e+00,-8.341811118161910343e-01,-9.766030316484375362e-03
4.836785623112419330e+00,-9.898472453766568036e-01,3.042450731495566885e+00,-8.937712443432026532e-01,-2.572620696689827291e+00,6.416353126405214269e-01,1.926231058784070305e+00,-3.868015475931954050e-01,-3.185282860611142297e+00,2.686671307646300910e+00
-1.191750076216564619e-01,-1.864989659591140159e+00,1.464057083094244538e+00,-2.890469841946623930e+00,5.152038469257435693e+00,-5.581291769325692487e-01,-2.379463381099068187e+00,-1.166668588249813787e+00,3.389288205146680610e+00,-8.568618140902284352e-02
7.435502886724695060e+00,-1.647024816328561014e+00,1.750090035765798246e+00,-1.917633680436726884e+00,-1.781274400422298232e+00,-3.384276548557868525e-01,2.610243319786254901e+00,3.109686293617030195e+00,-9.366699227891963631e-01,9.220051757342480059e-01
5.548464407038711244e-02,1.952372458510212239e+00,2.576765279115845964e+00,2.101422049010560400e+00,-3.570456090134584759e+00,2.860543433674350045e+00,4.904745886524343845e+00,9.759932810720668428e-01,8.486548224953427422e-02,3.379657283353862063e+00
1.911053694702371963e+00,2.571449505066190078e+00,2.339932616109210439e+00,3.203050369743824177e+00,-6.666945392648349511e+00,2.276086577548633638e+00,6.462257685714038580e+00,1.890571242639099481e+00,-2.654859355069456583e+00,2.842351610958395725e+00
-3.299068172352011441e+00,7.143840921776341002e-01,1.072330478240454577e+00,1.185568044317810710e-01,4.086986152672274386e+00,1.656996080982457098e+00,3.052203124966641035e+00,-1.214824441735062432e+00,2.110665208100444445e+00,-3.556956197595919633e-01
-4.070647758241510594e+00,2.600639102970556671e+00,1.952634659981839604e+00,3.446579247552802983e+00,2.473638782784679968e+00,2.189995523896756335e+00,2.924009523378303221e+00,-1.132374351819701808e+00,2.591857994482953842e+00,-1.933969686265708532e-01
8.819221319690401240e-01,1.920394311600535753e+00,-1.723857293902012255e+00,2.652498583666280219e+00,-5.926982849068149761e+00,2.642264898528396078e+00,7.788477258185237062e+00,2.004956019982691018e-01,-2.337577751520706570e+00,-2.649849530628021643e+00
4.914576253717309662e+00,-1.431148011685229759e+00,2.845708022693790529e+00,-1.675643716012201523e+00,2.007922720872908684e+00,5.661815792910741829e-02,2.107514789610232420e+00,8.977529900371195026e-01,3.288398287746301385e-01,3.403856272790902082e+00
-4.122794080201928613e-01,1.844943945705458832e+00,1.200697964015199487e-01,2.364957770604707576e+00,-4.239662854877848552e+00,2.579871694412102734e+00,7.495679411180201868e+00,-5.261282592689799920e-01,-3.288152976033451580e-01,-9.088206829155840438e-01
5.762716305385749971e-01,-1.730045514980304233e+00,1.500678533691790051e+00,-2.274223067234976803e+00,3.759675646577298025e+00,-4.040548600938981272e-01,2.465404380121055672e-01,-3.539803951677882310e-01,2.392789150652901320e+00,-3.696373271699568974e-01
2.663998784453874280e-01,2.771416952606298612e+00,-6.124529641141713832e-01,2.525050556319871298e+00,-6.010765288669242423e+00,2.254682671686344175e+00,6.319247588440390473e+00,3.450931188736992006e+00,-2.482510746029455984e+00,-1.164024710191102319e+00
-3.129758548468653423e+00,1.459330019285511426e+00,3.559273397786498094e+00,6.588493245347386562e-01,2.757261230460091195e+00,1.981990959314351208e+00,5.908118228354359402e+00,3.331111776732489815e+00,1.599996611842615657e+00,1.566250805163679871e+00
-4.350730729823646392e+00,2.741218687347798610e+00,3.134626424129979050e+00,1.544203334026117425e+00,4.303795783553232113e+00,2.407289540372504977e+00,6.540953414260332721e+00,3.441471129336389545e+00,3.209814002676917966e+00,6.594407562513282528e-01
-3.820332981954855267e+00,1.224420429170217428e+00,-8.267149643688458394e-01,4.234510544402865229e-01,3.834490207207712054e+00,1.738689601263838203e+00,5.938538680139362924e+00,-1.596598037619516575e-01,2.528803772446173603e+00,-1.459421548766714594e+00
-3.500816103465361540e+00,2.302850460105345221e+00,2.465564025259931125e+00,1.193176986914626703e+00,1.897484133827488373e+00,1.785042757887619125e+00,2.007740027227320034e+00,-1.476553449325634926e+00,1.794035134360134620e+00,3.057454582724226100e-01
-2.249558806625985952e+00,1.575484826075375100e+00,2.363270254307504370e+00,8.964575097475684373e-01,1.464266689312324177e+00,1.819398963824403692e+00,6.339256586047577358e+00,1.987505466800146614e+00,1.114750517402874230e+00,3.203030566275498536e+00
6.770658457438461397e+00,-1.892780290788432129e+00,-1.939211670018038625e+00,-3.047624357069643519e+00,-2.213175461946244926e+00,-5.932715852416781122e-01,1.156993654926659509e+00,1.690241680289121362e+00,-1.953653725399268293e+00,-3.495509809955190228e+00
4.881108675692297005e+00,-1.546578647690661112e+00,-2.434897956750077253e-01,-1.721489788899146056e+00,-1.317090880293303234e+00,-1.777130583182757184e-01,1.455635952797874610e+00,1.441658978667484270e+00,-1.441165742976481035e+00,-1.255540529537626515e+00
6.911807753541807653e-01,2.343152531671135907e+00,2.716115728758828674e+00,2.780031310521008159e+00,-5.820869394704236477e+00,2.227464396798974455e+00,6.848163055974472613e+00,2.547491680289180493e+00,-1.193926189367090274e+00,1.406093446000111769e+00
1.827059992900346708e-01,-1.383446091744522821e+00,2.169906711332250104e+00,-1.425395177556393556e+00,4.098624331678175636e+00,-1.965503644742319991e-02,-4.294033945095103277e+00,-3.104973241198949463e+00,2.758277317054293576e+00,1.061618953487497130e+00
-2.123391007766172400e+00,3.012950886823239749e+00,-5.146059460682979037e-01,2.347312765902162646e+00,1.622185853954153378e+00,1.845215479368085276e+00,4.745364281591166744e+00,-6.002496753913044714e-01,1.156048691747568746e+00,-1.234660238377597086e+00
-9.500096069352871320e-01,3.235162398417716023e+00,3.055448224502950616e+00,3.077521176245274326e+00,-1.103540429154450608e+00,1.958974210440152852e+00,4.512729241412120729e+00,-5.418120967577433333e-03,4.262798923244379701e-01,2.129926006691671425e+00
-1.578730332175270368e+00,1.497589882709911002e+00,2.200811185246372759e+00,8.905116686056198105e-01,1.498903305535082886e+00,1.678475190086140545e+00,7.536286424166014797e+00,3.374450632019438068e+00,8.928224033815066463e-01,1.652399243522682859e+00
6.210750035468281638e+00,-9.193447680981891024e-01,2.050393441000560202e+00,-9.849364843523997770e-01,-1.061735690234579366e+00,5.650078166153025272e-01,1.441250249155728635e+00,1.017395157935034433e+00,-6.031976936968179714e-01,1.758978661689948098e+00
-4.251417855812884561e+00,2.056499451368268172e+00,-1.710153073627892706e+00,2.876770414500448680e+00,3.303878619687869556e+00,1.891875121953361383e+00,2.401981247013686982e+00,-1.098205873085786877e+00,3.176475735215859686e+00,-2.679887671940040406e+00
1.501143356880114133e-01,-1.705733572775781193e+00,1.212866475460049331e+00,-2.270154981351099277e+00,5.207240949362399007e+00,-4.053207986154993558e-01,1.077896841812611584e+00,2.206638923550878317e+00,3.450343400715560449e+00,-5.745070747037099856e-01
4.752549868329710492e+00,-1.944562877009311519e+00,-1.738697338116233393e+00,-3.305965506942920573e+00,-1.391100016865699729e+00,-6.360555354589977339e-01,8.382143375900757976e-01,1.013724847240662363e+00,-2.403236607253908197e+00,-2.686624528715973348e+00
1.772382124974056783e+00,-1.799727724260576256e+00,3.120712253441432438e+00,-2.622568817129796503e+00,2.371416993320365485e+00,-4.906586877396743041e-01,9.072921085030641875e-01,2.345368101191112054e-01,1.868540684521072137e+00,1.460597191837926800e+00
3.886312196490846471e+00,-1.760772847917949191e+00,2.545048247046171053e+00,-2.429521824521261308e+00,2.649429961416172041e+00,-4.651404125852611204e-01,-4.058871446557851925e+00,-2.411402010682955677e+00,1.017481389417991267e+00,5.074115174246767168e-01
-3.838658517026436456e+00,2.192317068206888653e+00,-1.219207313989178587e+00,2.141008417491880422e+00,2.096243240499428673e+00,2.425048680829726688e+00,5.843390981635073089e+00,-2.931251360155870955e-01,2.308035204660872530e+00,-1.681700973587106684e+00
3.335328404864989160e+00,-4.447722421839134799e-01,3.061761302361539094e+00,-5.346827733923884551e-01,-8.904587002249735317e-01,9.483990825540725700e-01,-3.552658817661296542e+00,-3.262590816499025603e+00,-1.437042774591111627e+00,3.315132137082700936e+00
9.558580898618675992e-01,2.468088770614984551e+00,2.957235618730402749e+00,2.174874025225492780e+00,-6.101263032922449092e+00,1.885147818890377414e+00,4.254882129731663021e+00,-7.511790118518621995e-01,-1.661418490645437895e+00,2.677917010481963622e+00
1.147292594646520003e+00,1.525076940299150641e+00,-8.218113575402831161e-01,8.114036069120729167e-01,-5.610173750172129381e+00,2.344793428770437504e+00,1.702539452902301909e+00,-1.350859985310676414e+00,-3.444444401007045187e+00,-1.311811785099454397e+00
2.428406621198330395e+00,5.901550391598282541e-01,2.469799778097728105e+00,-7.927020345396496026e-02,-3.560921991429142341e+00,1.724931650384997850e+00,1.243691160040563126e+00,-1.362849053725477155e+00,-1.760941859448468705e+00,1.558058181754365279e+00
-9.807677258044487090e-01,2.746591437673141289e+00,-1.716173524530739236e+00,2.821610934268425908e+00,-1.079459604108533810e+00,1.801409650719270727e+00,1.660538812348281712e-01,-2.328077554882295619e+00,6.320194261683562686e-01,-2.614860756153843724e+00
5.736347499830981356e+00,-7.116502523091068344e-01,2.174983299433711714e+00,-7.254159769478585318e-01,-2.725988387933806933e+00,6.763554201221418927e-01,1.428085741805985132e+00,2.101058511016258734e+00,-3.452534186217206980e+00,2.794011454053578980e+00
-3.091099599758637240e+00,9.789441552491351395e-01,-1.826523890131426020e+00,7.783254088935676052e-02,3.299879004120518822e+00,1.631177534590408040e+00,-6.660934459247017658e-01,-2.734201103717280645e+00,1.783146792310263962e+00,-2.995359418090160819e+00
-1.291329312981402300e+00,2.492109946839569101e+00,1.565740328719760655e+00,3.334404503206304327e+00,-4.406824194777225756e-03,1.880684122671352876e+00,3.549794638979578476e+00,-1.730223805859639974e+00,7.462057379086264319e-01,2.855043138435435779e-01
2.023228519028188011e+00,-1.641731144955902666e+00,3.751478464284521586e+00,-2.208595733988383714e+00,5.869568103593984176e+00,-3.045998630163137544e-01,-2.908994657169539089e-02,-2.446983807743752237e-01,1.397001547334969729e+00,1.631342659734219325e+00
-2.299772504043465116e+00,2.092501503124759132e+00,2.286618956006783776e+00,1.386897191277816965e+00,1.204991909504433911e+00,2.109031596694570077e+00,2.387615280445252175e+00,-2.093714255879537411e+00,1.102290444403781322e+00,1.751664737873164235e-01
-2.495436598913276960e+00,9.769461926310012423e-01,8.421542338169941688e-01,1.568732923247853073e-01,2.629457499993969272e+00,1.793176734694901464e+00,7.356742768856740611e+00,1.904956341922407148e+00,1.294067760818721879e+00,-4.792743029743977701e-01
1.521904688683772822e+00,1.639574346284035755e+00,-4.360856413196346759e-01,2.766807246678277821e-01,-5.591230284073292367e+00,1.815435684085701773e+00,7.097688657848738814e+00,7.443646666756773556e-01,-1.477022800478456244e+00,-1.069611986163638839e+00
-1.604268524743483193e-01,2.166700919438386386e+00,2.113142680871811230e+00,1.615791515345410545e+00,-5.395936033194232095e+00,1.856768611862576579e+00,5.380583279292337373e+00,3.259853582211505341e+00,-1.231080948730392866e+00,2.393378193399676057e+00
4.789986018859701211e+00,-1.588770637104821137e+00,3.407432327341055611e+00,-1.829903042536722868e+00,-1.996118399930627785e+00,-2.428707056843278367e-01,-3.369636405829494752e+00,-1.814516325640223027e+00,-2.247443000970836380e+00,2.535001336706605102e+00
1.990970662730588758e+00,-1.850857181733589707e+00,-1.326841668559542997e+00,-2.740691979847463600e+00,1.848330507439164050e+00,-5.366897191392463462e-01,8.494793410151577628e-01,1.754536219688707099e+00,1.223867089702515898e+00,-1.998925593633746445e+00
1.115572909542749958e-01,2.050855639998979019e+00,2.774924304729375457e+00,1.243813444371589583e+00,-5.246363014170028372e+00,1.686850663231877379e+00,4.992545816876405418e+00,6.173317153956983105e-01,-2.183758671744131519e+00,2.677543360829124808e+00
-4.348129384805154984e+00,2.982494866983671056e+00,2.069976007734924295e+00,2.519803144226679059e+00,2.057028227406253684e+00,1.930253168752458226e+00,5.696580531247491308e+00,3.284409970112107224e+00,3.140037162672123294e+00,-3.656333329994154724e-03
-1.823582177284402972e-01,2.042426352978589765e+00,2.153552205530084862e+00,3.458460863198824065e+00,-2.660498515348783677e-01,2.447956614111412410e+00,7.176913349717443324e+00,2.667254726819587418e+00,5.424305478614437348e-01,3.077180732389757978e+00
5.320896933050596189e+00,-1.448256542613698628e+00,-1.936669860587612924e+00,-1.605294271107692516e+00,-1.434400201981612222e+00,-8.477584165408877381e-02,1.453812728275526656e+00,2.534042773529799675e+00,-2.103439562176832034e+00,-3.481780596961208119e+00
6.098723402133286342e+00,-1.924090377240231353e+00,-1.683717974797960037e+00,-3.250765325784894966e+00,-1.210057353699561578e+00,-6.135584177941677542e-01,-3.457909490206700465e+00,-1.814239131412511696e+00,-1.217280599368557148e+00,-2.621976834654371036e+00
4.615560032319517170e+00,-1.934307882420053026e+00,1.673759582044011429e+00,-3.267815421619224114e+00,-2.127067774861076010e+00,-6.279018590467666527e-01,3.265822906928099734e+00,2.965523047697206316e+00,-2.605525348231505500e+00,-6.508215661671190588e-02
-7.980049574774934484e-01,2.285360621456144159e+00,2.248705397151116170e+00,2.213601780472083114e+00,-1.354756463838135971e+00,2.490343782185462818e+00,-1.486410395982756261e-01,-2.662327798612403651e+00,4.521982069009893301e-01,2.731645988320523522e+00
3.369518416591365195e+00,-8.002465238362561628e-01,2.532363493424432122e+00,-6.611986863747070231e-01,3.657184368328134205e+00,7.771167123207943783e-01,5.668036421123997526e-01,-4.484137416994071756e-02,7.229084691565352827e-01,1.761039001089666378e+00
5.970681475003246419e+00,-1.450753540228596261e+00,-1.887705348595121846e+00,-1.596132480054059055e+00,-2.619515453472342603e+00,-1.397953941418422774e-01,-4.005972240895797398e+00,-2.549696106975585685e+00,-3.490235700050669188e+00,-3.257376372537925668e+00
3.140243455826893904e+00,-1.553354017326095571e+00,9.434007599755569462e-01,-1.817861849068802105e+00,1.214091625408038944e+00,-1.685829340965595835e-01,9.686035180677097234e-01,7.299022966328676532e-01,3.995653096551299299e-01,-7.006019874562263716e-01
3.926477958167386095e+00,-1.547738761065280411e+00,1.978555035583454247e+00,-1.917926752049223360e+00,-6.174328464005109929e-01,-1.659734740788014751e-01,2.332483385131588705e+00,2.735714842207505271e+00,-6.234043375037323642e-02,1.051175420897370927e+00
5.334970610117507839e+00,-1.743509297813474523e+00,3.785349478242917343e+00,-2.453409660436880024e+00,-1.718971453613755029e+00,-4.253917676011146898e-01,-4.396989738928480662e+00,-2.966581400997359452e+00,-1.355131814603172558e+00,3.157097257600656626e+00
3.789754333918472273e+00,-1.030052847564684404e+00,2.559444969295884498e+00,-1.076386269992364753e+00,-1.032705081270139491e+00,4.848147806722460373e-01,3.717033087218354126e+00,2.418494288425324434e+00,-1.156409126708001445e+00,1.706359489750845171e+00
-3.821034326965090155e+00,1.779277778766479079e+00,-1.736111718217838051e+00,1.584511232766955047e+00,3.555242409900598588e+00,1.802351777182023662e+00,4.287003136502876899e+00,-1.073220122023631262e+00,2.613770459967213355e+00,-2.839336594293019544e+00
-4.240076627319862901e+00,1.815189138556888793e+00,1.316829573005346532e+00,1.156136689809894591e+00,3.753895276389052960e+00,1.807686164717717814e+00,4.972829251862354916e+00,1.832523545778856011e+00,3.242604717804848491e+00,-6.802665335034028260e-01
-6.873333287783475187e-01,1.767018951323234388e+00,9.498799444159742311e-01,1.282150431345081998e+00,-1.923216614875902675e+00,2.239670404676910032e+00,5.522474793727281117e+00,3.247280837238647244e+00,1.797572530046211980e-01,-4.930067960790522896e-01
-4.044569160055351276e+00,2.287360735119818855e+00,2.391341765357251514e+00,1.564880700458513019e+00,2.525555564559071264e+00,2.401765842137106866e+00,5.387866651776256788e+00,2.129110090079407769e+00,2.605364131519595894e+00,1.189900330723756561e+00
5.090832095790873701e+00,-1.795664416665549767e+00,-2.979335815203676407e-01,-2.548679637255900410e+00,-1.506846098255701483e+00,-4.815024932760734178e-01,-3.556344336190556898e+00,-1.791333570947529541e+00,-1.006362072260150065e+00,-9.988222159976420933e-01
-1.724457932267014160e+00,8.975060161774079948e-01,-1.047802335660439788e+00,9.863108539417675402e-02,1.764021675208138129e+00,1.666968638826272109e+00,1.081101857855535808e+00,-1.839608138217056821e+00,1.179252170669055744e+00,-1.530423499174343727e+00
6.305020360645051447e+00,-1.780384028594606427e+00,2.172103199612445579e+00,-2.522106732938932616e+00,-8.935363322918203899e-01,-4.922825080999609915e-01,-4.403630083758646840e+00,-2.904630250607680431e+00,-1.035820098068053419e+00,1.209690741393646185e+00
5.721718432130622034e+00,-1.956917421522278433e+00,-5.006508007834076235e-01,-3.395951195784053134e+00,-2.035716378094149626e+00,-6.483553952489390371e-01,-1.514063995265035878e-01,-1.986811900745570902e-01,-1.435442621737905711e+00,-1.409811837572285675e+00
4.244499949174413089e+00,-9.351267794217386076e-01,-1.833480943492381776e+00,-8.335191686050595905e-01,-2.408868600764550560e+00,5.016422745894096868e-01,2.911833209677274326e+00,2.355516301291578074e+00,-2.683940146839517649e+00,-3.006740896411152164e+00
4.239342035338035108e-01,1.700906918141260826e+00,2.044518234707160875e+00,7.530376987857954063e-01,-5.244190099699276075e+00,1.874175187524307784e+00,3.425826249095467180e+00,-1.375062354070980764e+00,-1.139488813567004044e+00,2.653170585666902781e+00
-9.832068323878748739e-01,1.712347250892136463e+00,-1.070234318151027431e+00,8.734095907453447438e-01,-1.270909281195210072e+00,2.022159787202867598e+00,2.977202286513197516e-01,-2.872235047694912780e+00,5.717527853530643966e-01,-1.627096770142114623e+00
-4.159864633189276795e+00,2.731189139143565647e+00,3.030491119594788785e+00,1.079359109157453034e+00,2.722337472539988479e+00,1.823707907742006862e+00,7.422674133982566147e+00,5.670048723156240200e-01,2.669929052707997741e+00,9.844021131207458808e-01
-3.966059041095917337e+00,2.376032970773576114e+00,2.055943639172733484e+00,3.344654862434344622e+00,3.681420743367787907e+00,1.818173799808769697e+00,4.833065483688405273e+00,-5.979131620668347580e-01,2.350580293574920709e+00,1.412498836387958256e+00
5.829358813548117801e-01,1.517850848482925175e+00,-2.397486577463684987e-01,6.710543612793564705e-01,-5.197421175930131199e+00,1.861371105256588221e+00,-6.487025085588216111e-01,-3.369534165246256485e+00,-1.774447057237298786e+00,-9.978145848059525314e-01
-2.790901171292060834e+00,-2.245934618125494664e-01,1.703507121867861906e+00,-4.000201793012090334e-01,6.150578731083965245e+00,1.099643485321016634e+00,3.777301980952699978e+00,4.163379450465098941e-01,3.029275795905499002e+00,-2.949498935518546361e-01
5.063072336388403372e+00,-1.680950644853330678e+00,3.657625728557395650e+00,-2.359677926244987844e+00,-5.563002577913334079e-02,-3.546678908837864741e-01,-2.960871487002342484e+00,-1.611650394259149355e+00,-1.061887810870028925e+00,2.036887223618801812e+00
7.719773997474627114e-02,1.932466154917138024e+00,-1.003385618574310412e+00,2.444891712208760559e+00,-4.482217097056846455e+00,2.215374985480284664e+00,5.855032272632343826e+00,1.825866738882377049e+00,-1.635058894385976291e+00,-1.568369203994749217e+00
-4.168289941567352663e+00,1.796159268498698225e+00,1.981296507315656985e+00,1.432749988674348884e+00,3.775738092928500933e+00,1.594080256718544808e+00,3.351241690829726005e-01,-2.029871328983875234e+00,3.177016889612711559e+00,3.600847066843759769e-01
-6.131163118543725421e-01,-6.079735604622620304e-01,2.324265708138613107e+00,-4.727781051136323853e-01,3.443588932634931599e+00,8.768027082790565974e-01,-2.759710164198521110e+00,-1.668541977091229089e+00,2.162261001191592591e+00,2.005347842691278082e+00
-1.227150289411353512e+00,2.058810621775855498e+00,1.151379817527364624e+00,3.109596583496046840e+00,-6.213390886756287035e-02,1.883768601503603701e+00,2.557276073442884101e+00,-1.377333753804362182e+00,6.739425862039967186e-01,-4.186173409884661467e-01
5.570383101276346061e-01,-1.705004620541973992e+00,-1.415127319029436226e+00,-2.206208398097657231e+00,3.389437577090100184e+00,-3.693632925358431018e-01,7.149911424955770478e-01,6.401282624342430339e-02,2.753069586723013273e+00,-2.089320339167522356e+00
-4.162278062581618698e+00,3.716563097549208550e+00,1.952571490540143895e+00,1.840592476110149533e+00,5.685205628607228334e+00,2.722252655299449486e+00,6.911891347791435436e+00,1.840685464143147598e+00,2.513074179706299205e+00,9.721457751447859508e-01
4.299480041780719297e+00,-1.598353895876502451e+00,2.064701219259664988e+00,-1.924778480755370280e+00,-1.840057606662020007e-01,-3.023439641858634563e-01,2.406173858676705635e+00,9.936144567102109804e-01,-7.347330504729936429e-01,2.391877212802863362e+00
9.556626287902798556e-01,2.559858762362111406e+00,3.438389332749253180e-02,1.515333652898879890e+00,-5.870574910299926508e+00,1.953367340978240607e+00,5.505161106966284912e+00,-5.432588313820070347e-01,-8.217177571820841742e-01,-9.512165024666732194e-01
4.295053440619907015e+00,-1.716010455103239796e+00,2.455617472603120799e+00,-2.258873751663846186e+00,5.152759322232030037e-01,-3.941524780892219360e-01,1.123403839847069818e+00,3.062927466972165114e+00,-1.042866250649585602e+00,2.891032636405687306e+00
1.558632393788969228e+00,-2.064752250287156254e-01,-1.747172578303480384e+00,-2.971810787211026650e-01,-1.161001491205707614e+00,1.208227369106167792e+00,3.347625197354624049e+00,2.209261956009367367e+00,-2.487898694233141583e+00,-2.837766503089330428e+00
4.423334292211863250e+00,-1.014002033304591821e+00,1.666453060766475147e+00,-8.827925355674617336e-01,-2.214517860115762016e+00,6.119489504305971606e-01,1.096268089798950740e+00,4.592217450390334577e-02,-3.067798484011876159e+00,-3.579620013792661481e-01
6.580468303626847426e-01,3.249557686709695914e-01,-4.578509302835490624e-01,-1.011855668958059340e-01,-1.147135493555330399e+00,1.381652362177012261e+00,-1.042920485859552659e+00,-3.077019008350295071e+00,-1.304097168718119093e-01,-1.135864494180557571e+00
5.296060145976273503e+00,-1.809029070025198749e+00,-8.845307850448509424e-01,-2.592377208877236772e+00,-1.862635304962346972e+00,-5.041895737905722763e-01,-4.488290206189190279e+00,-3.166303280371091766e+00,-1.535548591564939169e+00,-1.512094030664656197e+00
4.827405954085039141e+00,-1.893852810577708157e+00,2.505335918163591913e+00,-3.071285342171315769e+00,-9.314361433563187465e-01,-5.744162044288657620e-01,-2.732902633515916335e+00,-1.418586610851761520e+00,-1.748437675830539551e+00,3.268011337505607017e+00
5.698047078977223734e+00,-1.249359475852009016e+00,-1.677858764048453022e+00,-1.097321445982847976e+00,-2.385003139218338841e+00,1.896816972102456922e-01,-2.753201507074535925e+00,-1.509301661000502559e+00,-3.130671120049533407e+00,-2.717335855061603134e+00
4.824577548621816758e-01,2.414628395748083189e+00,3.177987785989838443e+00,1.564129862126784509e+00,-5.909032418987010260e+00,1.738907021600611724e+00,2.560589827591271295e+00,-1.832630073019546391e+00,-2.181927145344904062e+00,1.826542221170697644e+00
2.260559858100687158e+00,-1.477931562319820591e+00,2.695912766502400082e+00,-1.473474677484084783e+00,5.007174276806076740e+00,-2.879854134114806508e-02,-4.717653503772945012e-02,-6.039763320293305426e-01,1.252266070607935156e+00,7.267634171833394774e-01
-2.898882301725656863e+00,1.674674520987253779e-01,3.401484292709484158e+00,-1.243703809758489598e-01,5.032376604680421472e+00,1.176783698823018254e+00,4.378598090766349316e+00,1.595692541149351662e+00,2.190109200326768146e+00,2.913385919991678286e+00
7.368595262222546460e-02,2.230024123211009623e+00,2.466196040522466770e+00,8.860366372378383204e-01,-5.388029815144832035e+00,2.314737976787673457e+00,3.905925697981030176e+00,-1.061830823784141842e+00,-1.828483313199016358e+00,3.132579316644663159e+00
-1.111303786849780817e+00,2.823773180525892990e+00,2.437270855334224162e+00,2.887426472113903131e+00,-4.742502632061886825e-01,2.119456303087222437e+00,5.153065611514267452e+00,1.734579130909173372e+00,6.870976375850226248e-01,2.315321494257499779e+00
-2.121020373270548820e+00,-3.200426260647650234e-01,-1.086743702943321566e+00,-3.862703949358916589e-01,5.796057388308188507e+00,1.298370857660359423e+00,2.933072494744398462e+00,1.577755454511120092e+00,2.655033662085624080e+00,-1.577458115238133729e+00
5.929212649356021103e+00,-1.893797061422105132e+00,-1.000234521817614963e+00,-3.004771014447980448e+00,-2.313577495450012123e+00,-5.903181279461042763e-01,-2.946229016782159427e+00,-1.406553295283433425e+00,-2.146580810690697838e+00,-1.675909930116113777e+00
-1.453013231058460253e+00,-5.717516889754266085e-01,2.358609262487148861e+00,-6.501677856619751950e-01,7.530618771123145372e+00,1.349079812481867924e+00,2.211572911736202407e+00,1.165510079626688622e+00,2.722820239247678131e+00,2.548735585824644545e+00
-2.645369701971167498e-02,1.113557081048590858e+00,1.938428838420119149e+00,2.946226311487318839e-01,-3.556782341945180725e+00,1.821920728649975230e+00,3.450437046201437763e+00,-4.052184301220074225e-01,-4.596480358050749615e-01,1.762287770770412543e+00
5.293753651894522072e+00,-1.380829056310288738e+00,1.811168508903892027e+00,-1.455862406639881090e+00,-2.319140608222786781e+00,1.141943723414581141e-01,-2.923578159335473714e+00,-1.478990238657237999e+00,-3.219428973831346852e+00,5.092725441596908098e-01
2.531689381682192597e+00,-5.019956429166249068e-01,-1.033744453067739544e+00,-5.089172115310010014e-01,-2.378932078757015844e+00,9.880828083566902675e-01,-5.641273416630343540e-01,-9.868355224060758601e-01,-2.687223599142505304e+00,-1.766260900487059082e+00
5.657099343721625484e-01,2.253829305877681044e+00,3.534603227605855658e+00,3.440316989123354929e+00,-5.145934795710624066e+00,1.911536221329751983e+00,4.629054856418405528e+00,1.026599572641536007e+00,-4.836802382330858130e-01,1.625356096247079662e+00
4.072458715072395652e-01,2.415743398723288138e+00,-1.714886329398203291e+00,1.713333401984158400e+00,-5.095728391068890417e+00,2.224982260794834854e+00,5.191806536142386186e+00,2.106103015098503839e+00,-7.357500997799988340e-01,-2.770732557962155784e+00
-4.078479275184317743e+00,2.228495408181233373e+00,6.569275028659968818e-01,6.976815719527227344e-01,3.528785946091813841e+00,2.382044503842982941e+00,5.819512134981829732e+00,1.390723618361109359e-01,2.618367702129924979e+00,-5.881342686896591232e-01
9.073287192305765636e-01,-2.198560799997579251e-01,2.196914469084255916e+00,-5.279230838989370511e-01,2.510434210211442974e-02,1.251735627286366226e+00,-2.836911011065907484e+00,-2.779138531770398934e+00,-2.056155875190195381e-01,1.722440039752534346e+00
-3.980629148366963133e+00,8.619452554184933168e-01,3.128689995804206703e+00,2.513993136601335721e-01,5.000683207026556332e+00,2.079403989709204037e+00,6.957867330457645494e+00,1.653294372408321777e+00,3.210149911256852562e+00,1.551954134650691763e+00
-2.836241392409011741e+00,1.898820922905302355e+00,2.613211372913020192e+00,1.641041023872713112e+00,4.895426030904216574e+00,2.293248793511247996e+00,4.360099125421966981e+00,5.239329030978661095e-01,1.350758555879877143e+00,3.372438113244314195e+00
-2.942177115007565291e+00,2.396662122909483994e+00,3.443311115748779017e+00,2.830081702246774356e+00,2.027126908580576981e+00,1.742102905127286050e+00,3.269104407330366557e-01,-3.434013182024063582e+00,1.465144697815051522e+00,1.817589746941281170e+00
2.972948957453969587e+00,-1.184395548838319545e+00,-1.843251566229734850e+00,-9.969460392537401461e-01,2.654662789263097178e+00,2.613286008785761227e-01,2.633428843331147462e+00,2.840392535954161524e+00,4.472631476085431323e-01,-3.114945751464529344e+00
-4.097417121364323123e+00,1.267844745653811778e+00,-1.911936027566329521e+00,4.764710044938009759e-01,4.073434904537578838e+00,1.733566789042706446e+00,6.955082329869604507e+00,9.600128032344592555e-01,3.142965433573591483e+00,-3.367645099450590429e+00
3.545518160705222854e+00,-6.483781029783530769e-01,2.485885110215650506e+00,-6.023138840493658108e-01,-1.859936819664786078e+00,9.535601972033419527e-01,-3.760459948390346252e+00,-3.409821225980252724e+00,-3.068065626564887793e+00,1.924726315322553560e-01
7.308193235342983485e-01,9.762290653530085738e-01,-1.735032711655701831e+00,2.811453976258242449e-01,-4.535666346213242939e+00,2.066674766972546706e+00,-8.089759999071410856e-03,-2.106880323746475714e+00,-2.363780220264213749e+00,-2.769993673685744895e+00
4.068650872675834140e-01,-1.851077672571437516e+00,2.451601138857972817e+00,-2.777639770748104198e+00,2.962446403887747604e+00,-5.582576167096607866e-01,-4.402107983478505737e+00,-2.872725705395393181e+00,2.273820416052655169e+00,2.939353503297078340e+00
2.573238066928518197e+00,-1.780432049154602847e+00,-9.457775982517100388e-01,-2.557492955796685230e+00,2.239085078798631390e+00,-4.968494771616644434e-01,-2.476780605317924877e+00,-1.312205979210879558e+00,1.338275427831765896e+00,-1.484097339826385475e+00
3.548452942586030723e+00,-1.701347998339483913e+00,-1.011953254570340244e+00,-2.427698624753911627e+00,1.981833639961105398e+00,-3.933877432507489336e-01,-4.473217616882571690e+00,-3.193228374952456150e+00,1.047777902929333038e+00,-1.594837167863209171e+00
9.330689264987577225e-01,1.393363728953216363e+00,1.928542259013361182e+00,4.114908415269473707e-01,-2.865785922396018037e+00,2.468728055764880747e+00,5.933804108487306550e+00,1.746155362380242160e+00,-1.892779286684742601e-03,-2.144767137452205930e-01
5.143237077053060879e+00,-1.603092914315345174e+00,-1.677927555699682438e+00,-1.884962474078902606e+00,-2.112396201528724760e+00,-3.177673800701830698e-01,1.065887448714371466e+00,1.289020919808802290e+00,-2.610410825939602830e+00,-2.694916556412755959e+00
4.482568522060163652e+00,-1.915157435993468438e+00,2.711900033571231994e+00,-3.147868455162035506e+00,2.370431725971895887e+00,-6.143480889259307354e-01,9.904213793969359747e-01,2.499317600017661789e+00,7.744711697317416821e-01,1.199606708332645155e+00
3.789990189006120058e+00,-6.329000206636454795e-01,2.387505798220065145e+00,-7.732652591180655399e-01,-4.218116480081910424e-01,8.379499956470696231e-01,-2.985026010584949319e+00,-1.950888950115664544e+00,-5.964644692068379328e-01,6.292248493608667559e-01
6.000512140022478569e+00,-1.635965569425233523e+00,-1.886685558818103070e+00,-2.108278180285014791e+00,-1.728086207294931897e+00,-3.470905456224031016e-01,-4.123480744082548277e+00,-2.562689355838744909e+00,-2.581427756359948145e+00,-3.274006897660288296e+00
6.954667059587116285e+00,-1.604810215590930955e+00,2.435329540588881514e+00,-1.806902772580470051e+00,-6.533570068091079097e-01,-2.992363491952245713e-01,-4.494945450114049557e+00,-3.349462645177405218e+00,-1.244163001090616838e+00,9.688633457266382365e-02
3.080292399009339377e+00,-1.163244707445607373e+00,-1.547246900619457355e+00,-9.627244209194998348e-01,1.817589660217228786e+00,2.609065983700414870e-01,9.152773794926210016e-01,1.209505710680501167e+00,1.725029480441532925e+00,-2.254691401299728781e+00
-6.125525621285445865e-01,2.490948273845587035e+00,-1.868130887359482850e+00,1.753880145991074002e+00,-8.219979215220829527e-01,2.167172525562352181e+00,5.839792185303383398e+00,1.730999784200725422e+00,6.627033730887870178e-01,-3.169182020462983473e+00
5.640597273618588758e+00,-1.254142700089811990e+00,1.697934606597966578e+00,-1.154722495555997597e+00,-2.211991818455160352e+00,1.760062846535483672e-01,-1.451457505976871953e+00,-1.071196578979098923e+00,-1.184957646875871795e+00,-3.737911077259825632e-02
4.006091513938580206e+00,-1.162332302808873452e+00,1.950843801686840351e+00,-9.944079046074802974e-01,-1.470556945678719085e+00,5.353924103018224967e-01,1.928317119677808833e+00,1.878678454867920955e+00,-1.919461932515566183e+00,1.605020661199105803e-01
4.993804727079650618e+00,-1.454123103993352872e+00,1.430947618129346788e-02,-1.539535719359349297e+00,-2.318921092815346530e+00,-1.076521491968787103e-01,-2.295353031916372577e-01,-3.184450820046804687e-01,-2.011794354548952057e+00,-9.635243210255088897e-01
5.980980284408423664e+00,-1.610738867080606207e+00,2.987647934663590910e+00,-2.128068726094089147e+00,-1.777595313126368204e+00,-1.840479209001321115e-01,1.930379918334828915e+00,2.932608523970094083e+00,-3.183951222625016619e+00,1.953865210574233124e+00
-4.849082116410314836e-01,2.168948023435265160e+00,1.938592561864146191e+00,6.960573609072886470e-01,-2.715155914515027913e+00,2.008839816280179491e+00,8.429684746524834793e+00,1.959419649595457003e+00,1.567902289305997954e-01,9.520169409655085957e-01
-3.736026085126701091e+00,6.125251310555327455e-01,-1.848956685251163634e+00,-1.119650865247709959e-01,1.031541827030655512e+01,1.335377770585529644e+00,6.886562932089927980e-01,-1.885254006528477078e+00,2.814041382145372694e+00,-3.137820876618677257e+00
6.152349558910733540e-01,2.042432025195375811e+00,-1.164057925960109818e+00,3.260369993170589176e+00,-6.083744499577493414e+00,2.700349308996741193e+00,3.913782303370383353e+00,-1.405178592649052316e+00,-3.183282198852260159e+00,-1.794609342413653996e+00
-3.567428973975999007e+00,1.464399758466941481e+00,2.273911723202583168e+00,6.294369671891679729e-01,7.921299677126771854e+00,1.740687625321813536e+00,5.020760872503341687e+00,-6.955906792998796107e-01,2.183885223689008726e+00,2.505809219641530916e+00
6.856356486250266613e+00,-1.128128321528493627e+00,1.524181738829421540e-01,-1.110230154895987198e+00,-2.293725620064691828e+00,2.884976630829710897e-01,1.725275525432779844e+00,1.533399685091390019e+00,-3.314066126410917246e+00,-1.015066762871974060e+00
1.719901862553966820e+00,-1.526531254503416424e+00,-9.896518045401352381e-01,-1.826911053932260609e+00,2.929667623582883351e+00,-1.086898183528849371e-01,1.165927500771057890e+00,2.586650328326589587e-01,2.053971749234754895e+00,-1.561480474653407891e+00
4.245773354776868347e-01,3.242068410642719112e+00,2.322233389223547828e+00,2.036828995415558730e+00,-6.174076005562084468e+00,1.997956133457279959e+00,5.548435283559747688e+00,-4.407526067119609259e-01,-2.197195371233926497e+00,1.611829303692818627e+00
1.510284438207499136e+00,-1.182182040023381786e+00,1.715301275418051663e+00,-1.058038004847690949e+00,4.027060218842148487e+00,4.567552324904236016e-01,2.095661383415588830e+00,2.443585357516520951e+00,3.396243019939455543e+00,7.410124712483856513e-02
8.351403863787223436e-01,2.608160398916578693e+00,2.770250783658268823e+00,2.000670615003796726e+00,-6.271540991996088721e+00,1.941730169562620567e+00,5.173320944941607102e+00,-2.061374300445169006e-01,-2.344182679878267450e+00,1.273587522687570583e+00
-2.872613805084195171e+00,1.233881728255716625e+00,1.000497807152789020e+00,4.659261385232777997e-01,4.775271755295566578e+00,1.843468012360568453e+00,5.242221482857931214e+00,2.531897664086749877e+00,1.501073722144129263e+00,-4.823585198614890324e-01
7.305184671889608516e-01,1.998680859298753498e+00,2.426295982860593448e+00,3.251758958373450525e+00,-5.953387527273294566e+00,2.477022842359792421e+00,6.261425339668840628e+00,2.407242013963122318e+00,-2.811080987812794252e+00,2.038787784068810893e+00
-8.863704565178509576e-01,-7.404786905914010342e-01,2.289084966659046039e+00,-8.119829110818370665e-01,5.897817766680395479e+00,1.015793067073059497e+00,-3.885855968804609706e+00,-3.410610541836625931e+00,2.548391864256641881e+00,1.414888493131935654e+00
2.689384452992289454e-01,1.997628785127664397e+00,-9.976313062642816476e-01,4.685561236268189766e-01,-4.853924780437021802e+00,1.951685420577423224e+00,9.136757302429806771e+00,3.169145432133076312e+00,-6.485596921923519886e-01,-1.492431478151257540e+00
2.069461565537813019e+00,-3.252911918548092585e-01,2.667202374681317156e+00,-6.924243484890961753e-01,-6.320983567570388484e-01,1.176639904538816728e+00,-1.025612066477222806e+00,-1.096587641100343458e+00,-1.114921320422236573e+00,6.232193519226472134e-01
4.169855858399538207e+00,-1.554631011030944254e+00,1.757817139595188871e-01,-1.835547091197383685e+00,-1.807962809909839486e+00,-1.695990667901817739e-01,2.757588090930059854e-01,-3.028014159719454312e-01,-1.945092989485801560e+00,-9.626883931996292887e-01
5.120451535492037465e+00,-1.933145814381739491e+00,-1.131569872534134769e+00,-3.242544526866397714e+00,-2.489069857965425570e+00,-6.298022944431307391e-01,-8.784955115123296854e-02,-2.505618423666362560e-01,-2.908901296581517304e+00,-1.590975791117749560e+00
-3.065214189604840822e+00,2.210146219878069029e+00,2.259981492739016495e+00,1.337853847285160214e+00,2.793416733729066959e+00,1.792444309051483442e+00,4.497457196743685159e+00,-4.456981792684455712e-01,1.482819446057052737e+00,2.605876363572189547e+00
4.255029708989781945e+00,-1.902632193036873698e+00,-1.297822881042773435e+00,-3.079410815716915106e+00,-1.882700336244240269e+00,-6.022584164559487974e-01,1.332603351848900441e+00,6.278964593871094735e-01,-9.355920791514726886e-01,-1.952868414414751896e+00
5.589349424000420896e+00,-1.641779370498809509e+00,2.618759364234129805e+00,-2.122911539895820709e+00,-1.330833066153828126e+00,-2.062547736158468203e-01,-4.135245281692182751e+00,-2.677908870524410290e+00,-1.211695469511011591e+00,-4.555926622494954614e-02
1.436140887419743439e-01,1.912176850335476130e+00,1.892989293453538890e-01,2.387479006076909549e+00,-4.502167685236068806e+00,2.220903216173525596e+00,5.271464884475887125e+00,1.310428396196485323e+00,-3.958231176145705632e-01,-8.375871064989528492e-01
2.408270210536140876e-01,2.191827285526203983e+00,1.826765074133519740e+00,3.458664939670820893e+00,-5.444962558793752905e+00,1.811217597324796813e+00,5.204433014676435931e+00,3.304400703862849120e+00,-1.602572170002240615e+00,2.481338519580322810e-02
3.820187882944868107e+00,-7.925962649391148362e-01,2.174777640738243978e+00,-6.763261957136661451e-01,9.860335313845598471e-01,7.979623517394499599e-01,2.406526423278782190e+00,1.663788148583564386e+00,6.407170938502382285e-01,1.473503255799705869e+00
4.410012851184872851e+00,-1.821399118005819773e+00,3.561809339357961512e+00,-2.629284318978244439e+00,-1.117756679041066015e+00,-5.081878518349562945e-01,1.965137060408070901e+00,1.889981405998904407e+00,-1.270542759513201059e+00,2.754011923872321965e+00
1.081256170470480615e+00,2.307321142235779554e+00,-1.721845696015961824e+00,1.774522626240326417e+00,-6.323867046470891928e+00,2.517466472597646110e+00,7.174353893477898758e+00,2.443686772129671780e+00,-3.186719163324934545e+00,-2.696744314981396773e+00
4.331588750443386537e+00,-1.805939450531244939e+00,2.049652215750449535e+00,-2.773337439404569782e+00,-1.145702237000047141e+00,-5.111734349814108791e-01,-3.955300015046983031e+00,-2.272262507413914445e+00,-9.930278824775755631e-01,1.924562624281479728e+00
1.011737926040862323e+00,-1.841380522935932573e+00,3.089533448077574018e+00,-2.713115218954461394e+00,3.685753044173102122e+00,-5.489138960361319430e-01,-4.547920416001864474e+00,-3.284119835046538594e+00,2.398682357587393454e+00,3.140562645876755710e+00
-5.846179154878924367e-01,-5.651261582614194312e-01,3.081617122767084105e+00,-5.289937261053143658e-01,3.559783329290868270e+00,8.749911913302454991e-01,-1.091635139613386318e+00,-1.038275587961569713e+00,1.790850643866354730e+00,2.221739839141587680e+00
-1.180659515507862523e+00,1.841205328652959494e+00,1.570210097624933798e+00,1.733101816496719572e+00,3.474572496424968016e-01,1.791832238047433190e+00,3.525972975394915387e+00,-9.547365990178491302e-01,8.194697069323373384e-01,-1.633218495366191014e-01
1.002883723867101229e-01,2.514528946364651851e+00,2.690821846692719177e+00,3.492151036614560944e+00,-5.380425161868329198e+00,2.465260882889270366e+00,4.732231360193233982e+00,-7.651992477510001223e-01,-1.101768609111743569e+00,1.750590927392347673e+00
1.922627999988283154e+00,-1.886373465024446139e+00,-1.763925796671040214e+00,-2.971948385787110070e+00,3.380615647216981934e+00,-5.863790668780490822e-01,3.697583838244564713e-01,-6.350800604967443697e-01,1.905038927058095410e+00,-2.818215711831023818e+00
2.114540638028039599e+00,-1.011725914377784363e+00,2.079079744310196709e+00,-1.029390843360418195e+00,3.025642943808562801e+00,6.116202857506602975e-01,-4.204760248435608361e+00,-3.447969840118597418e+00,1.025716022062410637e+00,1.155065809545587463e+00
1.371462929918634721e+00,1.285765549153543130e+00,-1.756365404839824729e+00,6.770859365943389108e-01,-5.333897486965617496e+00,1.617195015419420123e+00,7.240307491571015275e-01,-1.708201272852082120e+00,-1.840535497827229028e+00,-2.871620713078615328e+00
-1.042438768004713578e+00,3.109020827898517414e+00,2.259918921410181802e+00,3.177730568209827133e+00,2.058346359909311030e-01,1.952889462305717583e+00,3.809572036206342105e+00,-5.374508403801341316e-01,5.921667922086948366e-01,2.956785908681103692e+00
1.129504908135354313e+00,1.714365447073364690e+00,3.291265849406207256e+00,1.600577110124878466e+00,-6.012461198657115702e+00,2.070830437467571894e+00,7.851264742253579954e+00,1.651140567060381592e+00,-2.846571075506659998e+00,5.254683857266799762e-01
5.082698427153391485e+00,-1.589929412569837774e+00,2.210101273155388402e+00,-1.828523271432307196e+00,-1.046750764980596715e+00,-2.971265445193233545e-01,1.563889434521587019e+00,2.434887256716563364e+00,-1.496166829784242758e+00,1.620117987398294268e+00
6.557605931214665063e+00,-1.381271432780198039e+00,2.979261944446946586e+00,-1.541855608592945348e+00,-5.027201526961266875e-01,1.948730203583717013e-01,1.005432301549323615e+00,1.013180376124856785e+00,-1.082402996511041771e+00,1.474141580174162414e+00
5.462928737097562326e+00,-1.400274985616149381e+00,2.259268193948460013e+00,-1.379743645978098510e+00,-1.053072233045912576e+00,-4.601390234900736009e-02,-2.642369450541639075e+00,-1.470894906436254423e+00,-3.223712861891688153e+00,3.044410181244355584e+00
-3.340261129255241546e+00,2.298150332953265096e+00,-2.241619695897957287e-01,1.003994536842070850e+00,3.588035835043601907e+00,2.663352733118494964e+00,8.703969859722040514e-01,-2.414302089653519445e+00,1.900337584052983253e+00,-1.076222972116537502e+00
4.973866005893549769e+00,-1.851028670410959309e+00,-1.921092926834983894e+00,-2.785904094691135313e+00,-2.284049969608295427e+00,-5.365728666238730460e-01,1.502967705939795895e+00,1.712238259823492648e+00,-2.946004794518327419e+00,-3.412293258047550459e+00
-1.027933743451164839e-02,1.993102670007499411e+00,2.240543149434009784e+00,2.915165148980216614e+00,-4.711160912450131910e+00,1.754540842674932266e+00,5.794434207643201162e+00,1.248435536932399614e+00,-5.260883505248967751e-01,2.607505793572513220e+00
1.633927586642324847e+00,2.026671427320462460e+00,2.172252393687753802e+00,2.371935308688514432e+00,-5.675420769160655077e+00,1.682477153364405398e+00,5.559170774348518584e+00,1.078862509105356082e-01,-6.520015153392786367e-01,1.570216379922859673e+00
5.738115879548066900e-01,1.493489153788821522e+00,-1.706100215963707090e+00,3.571395778233821261e-01,-5.521403001530334365e+00,2.064247089749426500e+00,-5.250682151352915605e-01,-3.284300595972606818e+00,-3.160202972912682817e+00,-2.659726926178266559e+00
-3.512778303526964407e+00,1.993332598196524419e+00,2.534809155847726814e+00,7.649489022998423593e-01,2.906173384003358784e+00,1.730834263018418362e+00,7.447769705293477926e+00,7.561044555100071562e-02,2.034716342896221164e+00,2.532208418376666437e+00
4.676470085051980696e+00,-1.726780217758195235e+00,2.071740719786581586e+00,-2.296414761301567520e+00,3.080564830939189314e+00,-3.510356039717136278e-01,-4.134337655187880323e+00,-2.544835266248268724e+00,5.810200447483593322e-01,5.215532299636151947e-01
3.861475568605007069e+00,-1.852651201734214936e+00,-1.116031776184908786e+00,-2.747573672280497981e+00,1.705667489313953400e+00,-5.551771557810064595e-01,6.061676537428967171e-01,9.745434311603595745e-01,4.415912083959581125e-01,-1.561598096142649883e+00
-2.175730841178789898e+00,-3.568650325092794784e-01,2.484221367088854215e+00,-3.759187184943399984e-01,7.269609648479328889e+00,1.038365561670146597e+00,1.733184820557476691e+00,8.267522319283555632e-01,3.109014950536113098e+00,1.046486659606209457e+00
-4.153996455838476543e+00,1.820380739019010097e+00,2.938991275893923838e+00,3.897070958797508311e-01,2.573552950392707483e+00,1.712491450748679922e+00,5.204558923245471647e+00,2.515095227087939200e+00,3.144596437342228157e+00,3.035166492850026820e+00
5.306498992059156095e+00,-1.398324791357129948e+00,-1.593270179445114954e+00,-1.410127410334672149e+00,-1.530550541332617698e+00,5.195052167494774997e-02,1.907305987536375813e+00,2.241705753995550054e+00,-7.988508032350956078e-01,-2.435400894618362955e+00
-3.692243391433600141e+00,2.913214266447771372e+00,-1.743541619538991005e+00,2.524592752057481349e+00,3.662320588041401148e+00,2.054194297204989805e+00,6.164736719249597208e+00,3.277022183678901079e+00,1.902784675378219603e+00,-2.734824476590715037e+00
4.318389841443980082e+00,-1.540082814810348033e+00,2.201053382860337582e+00,-1.662359579562643352e+00,-6.468733211319542820e-01,-1.865167161060744816e-01,-2.077858486393239001e+00,-1.192693532605378248e+00,-4.094124287149822905e-01,2.968130122711933438e+00
-1.460731349263059586e+00,2.344495816722731441e+00,-1.760098135594447388e+00,7.769175111172161863e-01,3.043410151955285858e+00,1.746392085881787626e+00,4.238752024905299010e+00,-1.151295767088411637e-01,1.048962963367466195e+00,-2.917732099822483605e+00
-1.437972665813104789e-01,1.754885464960223018e+00,3.025704563593761165e+00,1.606166064527658754e+00,-4.104840837997185687e+00,2.348877539605115139e+00,6.162001080903611872e+00,1.003086992235290076e+00,-2.248953725865834308e-01,3.086835102242214468e+00
6.061822242347608691e-01,1.183416786390296238e+00,-3.987075097251792655e-01,1.604722120561863363e-01,-4.790695902109992410e+00,2.370785964797653023e+00,6.847628435848140960e-02,-2.173617195586226458e+00,-1.277135171167963712e+00,-1.168256761249054421e+00
-4.218818959884624853e+00,1.442274545729978152e+00,-1.831508085516461160e+00,6.666788222505175554e-01,4.239265170717795073e+00,1.638722040003148139e+00,1.935378516886812506e+00,-1.426203254802566711e+00,3.434225830282445990e+00,-3.020285446221769199e+00
-3.663415841147959373e+00,2.157991134457319049e+00,-1.867983036890961346e+00,2.235036576209433967e+00,4.910494653487482708e+00,2.365248816591475567e+00,6.053915104587690443e+00,2.253711796811060708e+00,1.948926044099451360e+00,-3.253222880683876106e+00
8.225273483741846192e-02,1.616546398670849038e+00,-1.658828954289344404e+00,1.088448650546318675e+00,-4.676140802080388070e+00,1.965741239094505932e+00,2.464135017012606177e+00,-1.542175545953500260e+00,-5.619580356652371655e-01,-2.644544769868804490e+00
6.751609499304311868e-02,2.027740515480766781e-01,-1.821642140158610257e+00,-2.092575939258054518e-01,1.729607815298102480e+00,1.559083017927496595e+00,-1.181444562171768631e+00,-2.981531719461707919e+00,7.604575985599657528e-01,-3.088692714738825007e+00
-4.066606052878144695e+00,1.926528300400796923e+00,-9.099874373070448996e-02,2.528215866955016544e+00,2.617344709284250559e+00,2.001073251929029961e+00,5.413518912176686015e+00,4.237361102735404117e-02,2.811491847290689350e+00,-1.000777055959948481e+00
3.479849232572395312e+00,-8.637901025362924035e-01,1.882334451771214834e+00,-8.666615158847870148e-01,-1.146677429805071258e+00,7.960388544798584487e-01,3.325774781951517767e+00,2.270626178626681479e+00,-8.181588727686301965e-01,1.141117777078899387e+00
4.148751567156137021e+00,-1.806253476586628715e+00,-7.702263233843895662e-01,-2.570531473009497692e+00,-1.658504247449561264e+00,-4.856721936778911064e-01,-4.253736973599973048e+00,-2.735282492755684469e+00,-1.484173286601054631e+00,-1.274057274241347404e+00
-3.413683800062071727e-01,1.977216804093781199e+00,-1.706512731367557212e+00,2.753474243188140491e+00,-2.358610676045345578e+00,2.325493379851952369e+00,6.568424069839856827e+00,2.839042760224194772e+00,3.950734054991560384e-01,-2.691749960328689184e+00
4.191602994920449632e+00,-1.948000610408630484e+00,1.750893221884993523e+00,-3.324444308514264534e+00,-4.884286600083960206e-01,-6.423573730476226373e-01,-2.057029293860649588e+00,-1.083305111520266983e+00,-3.486877298985118223e-01,8.849055345443925802e-01
1.167643834034718608e+00,6.386240343966462230e-02,-1.373611606151174058e+00,-1.631448912412514218e-01,-1.554438528955963683e+00,1.162180632828584415e+00,3.672160100990765397e+00,-4.138155838374393269e-01,-2.158761398173338009e+00,-1.965082798077565140e+00
-7.022390189845210129e-01,-6.787934405935651672e-01,3.154831285664556617e+00,-7.163885825560867282e-01,6.740704127188287487e+00,8.314142316922231712e-01,1.324646472459087398e+00,2.518104804986247558e-01,3.333481596461733254e+00,3.031494921336432391e+00
6.867051779411058599e-01,-1.848111925756863894e+00,2.597042078558740030e+00,-2.846939573781676724e+00,3.233545257040451926e+00,-5.572885736506687504e-01,7.804512536752211682e-03,-1.582635315963059064e-01,3.406597635883548136e+00,1.026212497792848843e+00
5.919287227165196397e-01,1.332878086114304583e+00,2.506902135514025520e+00,8.716118635652554403e-01,-4.282094868314800351e+00,1.737382850254142630e+00,3.771790188234277252e+00,-5.282342660068284346e-02,-6.458825810485557817e-01,2.619572379151613895e+00
-7.941845325113163767e-01,1.267308726180680356e+00,2.091392636523976556e+00,3.184508744816634263e-01,-1.397942063022072912e-01,2.060304762503899489e+00,2.663769820312095749e-01,-2.199931796345096391e+00,5.003995628478152824e-01,2.108445886742202902e+00
-3.664612864954542193e+00,1.822720992226305015e+00,-1.509937134916339740e+00,1.534001146744738087e+00,4.862520309643034722e+00,2.259785227345654235e+00,6.741161196855773419e+00,8.395822045135243883e-01,2.007022619435238298e+00,-2.225454064289331679e+00
-3.381145529934487470e+00,1.923953591391037943e+00,-1.129818076780802816e+00,1.972647227325001751e-01,2.863684578343625553e+00,1.941725214981132153e+00,4.907400552030135366e+00,1.265988353759908591e+00,1.774328994335890641e+00,-1.618374821488050230e+00
7.865967482908962083e-01,1.567537190081684351e+00,3.232143157101374786e+00,1.259868778820875335e+00,-3.640452332374064515e+00,1.869033563101162532e+00,1.075711416142723031e+00,-1.548339463109371650e+00,1.845635312752369472e-02,7.222097965488298854e-01
7.490068521893437081e-01,-1.844398803139511100e+00,2.446534630228924811e+00,-2.810912422951650225e+00,3.480032878331424051e+00,-5.537750858420480427e-01,1.781081705863420073e+00,1.813691484883683813e+00,3.421526621919205979e+00,2.777344945929518083e+00
3.800486728475211518e+00,-8.492262938204160339e-01,-1.829909366835945850e+00,-6.801132020476234885e-01,-1.947691336136494034e+00,8.691462451133880052e-01,2.205793961542223514e+00,3.142539583661450919e+00,-8.782705690520788977e-01,-3.115512273141193500e+00
-1.911560408983518533e+00,2.040644843009615794e+00,-1.322279193063618408e+00,2.223650777091561892e+00,1.252851985923281397e+00,1.880987979366730789e+00,7.055053188805166187e+00,2.071657612281509131e+00,9.846820759946544044e-01,-1.904843841716879815e+00
4.244361768654756339e-01,2.356186691559773116e+00,1.532367130806884248e+00,1.853565507733345719e+00,-5.616846800477280688e+00,1.778377799376659629e+00,1.431092987837736974e+00,-3.032319845279263681e+00,-1.461353050659377040e+00,-4.987409337016317501e-01
1.143606568759704345e+00,2.950172316004998407e+00,3.177794058323697435e+00,2.838407384618749418e+00,-6.193283023349611227e+00,2.042224364334123798e+00,6.900411107015639089e+00,-3.215886535616547803e-01,-1.948449155783291253e+00,1.028457904852660754e+00
3.556533264485099988e-01,1.997632614640848736e+00,-1.305223788328124579e+00,1.684130937914833481e+00,-4.169962152025446400e+00,1.932805720293160778e+00,6.028301934483346614e+00,1.928873715469573646e+00,-1.540568507384159069e-01,-2.015501090327611600e+00
-5.686080224311959030e-01,1.802121910311262010e+00,1.784351971140327286e+00,5.054453706958268455e-01,-1.679633164942597290e+00,1.978772281789829446e+00,1.012378845451119114e+00,-2.112500492865572177e+00,6.346325134925807632e-01,-2.006487136274262006e-01
1.498057052421917779e-01,1.692107812171633530e+00,1.629934765180702572e+00,1.432227420631008385e+00,-4.979994524793323052e+00,2.196732818234775841e+00,8.562985706244697903e-01,-1.796034332039165182e+00,-1.279317878344983672e+00,-1.558469736792327254e-01
-1.012558939963904975e-01,2.540317045808551555e+00,-1.922827337186685526e+00,2.800095942436777285e+00,-5.343841496944036429e+00,2.228494299618107188e+00,7.313728570925407624e+00,2.239419606229525073e+00,-1.484414129855150311e+00,-3.421999964002316652e+00
5.709365959937880319e+00,-1.881718191641162941e+00,-1.792834448664275770e+00,-2.998071154143402417e+00,-1.465968347534242433e+00,-5.840180584244949458e-01,1.061981658417965324e+00,1.068633653931096994e+00,-1.376642038539904966e+00,-2.921732565045721763e+00
-7.789359898171310803e-03,2.577675616031909200e+00,1.917024384777775259e+00,9.861315757232400614e-01,-4.449947027769635355e+00,1.964303463111741310e+00,2.694625437131899837e+00,-9.683070257532482294e-01,-9.391690729450266062e-01,6.623923202703210222e-01
-1.321396967289868662e+00,2.256434942279361699e+00,2.262527468761837746e+00,2.182119523626584012e+00,2.631455196250298556e+00,2.352601628199759709e+00,3.845661452151505344e+00,-5.452458205588928131e-01,1.076809561357761957e+00,1.238704596597818508e+00
1.858902970227558349e+00,1.314973916489189154e+00,2.850812207789106267e+00,3.874832289133167684e-01,-5.544137342787398559e+00,1.859247395027881833e+00,2.023334543443456646e+00,-1.124139097257862208e+00,-3.152173752702606357e+00,2.897764891298654000e+00
1.628828314795389698e+00,-1.927695520076359692e+00,2.483843263309116089e+00,-3.183799078241017710e+00,3.385764860498578166e+00,-6.236772459501255250e-01,-9.099232110788482153e-01,-7.687585743249258918e-01,1.662936714355756962e+00,2.183849888480471790e+00
-7.062082309061830099e-01,1.921150068274197986e+00,2.523799771216085563e+00,1.475556344568651035e+00,-1.581809764890871328e+00,1.921303347088947344e+00,6.438741434560864008e-01,-1.902127771713524762e+00,2.904435505331108835e-01,1.673158707054494876e+00
-1.300439349178451054e-01,1.714928825584860261e+00,-1.775455128320845510e+00,8.471479191476518622e-01,-3.471040989861713388e+00,1.703143940018468250e+00,4.339522765497927814e+00,2.791106756740031614e-01,-1.513303853111862551e-01,-2.914691681510256149e+00
3.737722711441706647e-01,-1.899577730438632983e+00,1.450877533731935731e+00,-3.049752596115286707e+00,4.775248720659455159e+00,-5.955879554376058982e-01,-4.638275609978625091e+00,-3.471266854784325506e+00,2.163440198014185967e+00,-5.014240350371457211e-01
4.118804839817260088e+00,-1.778577405617201457e+00,-3.163342869911841548e-01,-2.381941581169115363e+00,-2.519198039638720354e-01,-4.343936506038421075e-01,6.358255319329503275e-01,9.790783956528334997e-01,-1.164747770870899757e-01,-1.059329173411052594e+00
-1.430457955359766831e-01,1.651429897815877901e+00,2.403755317609362674e+00,1.335014598621325099e+00,-4.792858490117442472e+00,1.785764110717582565e+00,-2.663786274595706383e-01,-3.439294410391799950e+00,-8.082057028852602798e-01,2.202626161835135044e+00
4.091467010471130372e-01,-1.401066761256520632e+00,2.749060240051798054e+00,-1.410243500422573959e+00,4.021652257047119150e+00,1.424523699051940540e-01,2.059953670562298389e-01,1.868684350413856166e-01,1.909916791162787675e+00,2.728764798594701446e+00
-1.845889135332077879e+00,3.061917275993848442e+00,9.773177879343405428e-01,3.386297359616389890e+00,1.854521458163604475e+00,2.620210291430661087e+00,4.479741498791717902e+00,-1.017821929803870873e+00,9.522319609035960752e-01,-3.321407960114042268e-01
-2.165805996454230886e-01,1.852082879154331119e+00,2.771253154857956424e+00,1.011001353975426120e+00,-2.849886283315263391e+00,1.652720450620067227e+00,-4.663519683993788689e-02,-3.354044519078120512e+00,2.032216693107105066e-01,2.706110268868971325e+00
6.822705029592929238e-01,3.725449290360103305e+00,-1.709621544080586419e+00,2.995292320711299361e+00,-6.189455858479969486e+00,2.354759786283476153e+00,6.777557294705937707e+00,2.939473206940199645e-01,-1.326241855338924580e+00,-2.719936068961748887e+00
1.889123793930238548e+00,-1.118612403222554619e+00,1.921857511538004992e+00,-1.116876149110112237e+00,2.134037346720837558e+00,3.118333192622366745e-01,4.883168433039855594e-01,3.160091205482609134e-01,1.334683809733681059e+00,1.703324943414673776e+00
2.547793151062465178e+00,1.038632904997027484e-01,2.147072515993597275e+00,-2.545006774787426096e-01,-2.709336798956305969e+00,1.327201038984729076e+00,4.012018579342142566e+00,1.006173672259865093e+00,-2.874394184775768135e+00,1.968519621889008420e+00
-3.842947607355098327e-01,2.564181119308357459e+00,2.149263426610460659e+00,3.060852177749684877e+00,-3.793581689739365714e+00,2.180667497795611531e+00,3.208883191358717912e+00,-7.053603620825610321e-01,-1.724461195750048859e-01,1.982306696419832370e+00
-4.312964942489007747e+00,2.571618428985610549e+00,-5.247950857697794014e-01,3.192926701628367780e+00,4.654647260945928622e+00,1.762165974746030317e+00,5.430159454350527604e+00,2.782910402845633513e+00,3.135471685411922671e+00,-1.212945243829354425e+00
4.913259467272105496e+00,-1.539465850199405628e+00,2.020718797132865951e+00,-1.691071062219966503e+00,1.708922276852912425e+00,-2.274835896958508630e-01,-4.286114749622262465e+00,-2.915432839295657441e+00,3.186704582425194943e-01,-3.694728334826962168e-01
-4.003997719659126986e+00,2.517856137868519362e+00,-1.612082094912808072e+00,1.625454512448605726e+00,3.531878617082170102e+00,2.310002569046561760e+00,5.070719812004137239e+00,2.887700793250195908e+00,2.432973513678428290e+00,-2.579809054358163767e+00
4.926829409281139327e+00,-1.880930927484236737e+00,-1.679635679530620429e+00,-2.978454202489280611e+00,-1.068558655654864298e+00,-5.755994192829059219e-01,-4.010693270819335687e+00,-2.199256268341706733e+00,-1.888115198882291956e-01,-2.616913158117293747e+00
-4.289920144923843104e+00,2.525096414537628231e+00,2.214013240590020803e+00,1.938642864446417313e+00,3.244115877213805010e+00,2.349817258707858070e+00,9.721549174653882908e-01,-2.104597584296779900e+00,3.119489537693042713e+00,1.279699018577147740e+00
-4.311202474965235787e+00,2.868768972406148698e+00,-1.155141616988380582e+00,1.573300527171586083e+00,2.583310266204516203e+00,2.735641447222715072e+00,3.473570441704593170e-02,-2.628642363874734045e+00,3.040454549280067198e+00,-1.809261375588256726e+00
5.629939245520814595e+00,-1.863209068345406560e+00,-1.445233988073405751e+00,-2.847155217582276521e+00,-2.058200091664072140e+00,-5.628765019504041733e-01,-3.518170399344873189e+00,-1.744042425268284457e+00,-1.660006693387104049e+00,-2.087323150289715823e+00
-4.102893966790224667e+00,2.039790605369976362e+00,5.264535311049636235e-01,8.363074230781792906e-01,3.186108503081209076e+00,1.785241017533876207e+00,3.661248943206158568e+00,-3.921851529691293692e-01,2.742159004881068896e+00,-7.560160431503524237e-01
-4.207632310977985846e+00,2.720145240103941653e+00,-1.631196153255257464e+00,3.068829540987374926e+00,2.738179599902723638e+00,1.904905697082262428e+00,6.050045434481760021e-01,-2.725538500647092022e+00,2.766824946973966526e+00,-2.462195663783854904e+00
6.279169284253817374e+00,-1.602242696696333235e+00,2.401313713681599182e+00,-1.999312078642532686e+00,-2.135241176449294898e+00,-2.436357696434216791e-01,2.535764472938619285e+00,1.920237580176202385e+00,-3.209600447348698982e+00,3.464783668242370496e+00
-1.249557240030926275e+00,2.328896727428996005e+00,-1.883601304661985054e+00,2.625981031124581477e+00,-7.180889965455964363e-01,1.977354804687261325e+00,5.796933174770916297e-01,-1.727957711137513730e+00,7.958618986693606345e-01,-3.297415662616795196e+00
4.830346913404491183e+00,-1.600926985077601783e+00,-1.282160683128874101e+00,-1.920659721237081730e+00,-1.547937050291251726e+00,-2.512805449848105610e-01,2.330750599945601298e+00,1.753315416249999537e+00,-2.472493343608414662e+00,-1.761332755785469661e+00
4.613895159809757729e-01,2.331026774629218146e+00,2.248660993404265618e+00,1.070164829267509887e+00,-5.840462916069824040e+00,2.003994464253421981e+00,2.897366003150975367e+00,-1.306762479436202717e+00,-1.427160216908463841e+00,1.783126744925320750e+00
2.284543564046821462e-01,-1.917187341651254151e+00,-1.811582612416404725e+00,-3.148511898927344621e+00,4.148402474906950133e+00,-6.072855518963149457e-01,1.674041442310343797e+00,3.404580428937577175e+00,3.484618760775828328e+00,-2.939780065541762966e+00
-1.548750616725960150e-01,2.181260445031049322e+00,1.882682265949639167e+00,2.104909577606544069e+00,-3.927744663695201144e+00,2.338739041559338538e+00,1.452936049382567152e+00,-1.637055714946804574e+00,3.148919037645470098e-03,2.329580407611904214e-01
4.591086371321660309e+00,-7.002716553399510602e-01,2.788629310550010398e+00,-5.893683044436985874e-01,-2.223005599525718967e+00,8.336352740545558415e-01,-8.742237587316015190e-02,-9.397268006543697538e-01,-3.451624569559190281e+00,2.969107677000733858e+00
5.951256085002938789e+00,-1.735275873168088179e+00,-1.611315506621703975e+00,-2.351210221240925158e+00,-1.143185894893607335e+00,-4.185506783033575151e-01,-4.361796241019185949e+00,-2.864380686915986018e+00,-3.129461534873197337e+00,-2.407899193901348767e+00
-4.099524329891282903e+00,1.709701471318413324e+00,2.256534501599495535e+00,7.443615795412252822e-01,3.822887164203508270e+00,1.620543679165294737e+00,8.240570464634012993e+00,1.628184554690080610e+00,2.990701400552253197e+00,2.476388918533501737e+00
1.713611550501462633e-01,-1.489491005602471052e+00,1.780481057800102462e+00,-1.564502953424479870e+00,3.106075521002233941e+00,-1.609924863867256417e-01,-2.884894502327330912e+00,-1.503517948249932346e+00,3.350996126374595541e+00,9.788962708991988393e-02
-1.211972521570853223e-01,1.998005633967971928e+00,-1.902828194033893139e+00,4.312844583034789459e-01,-2.590989172749190939e+00,2.761601178594253803e+00,5.937305826176389800e+00,3.273799180533201181e+00,2.804908872481393090e-01,-3.321551216830865183e+00
-2.824333268502667416e+00,2.088964100798862411e+00,-1.754393355743292027e+00,4.376531787749415869e-01,3.622258678074135929e+00,2.610527183047759436e+00,7.406855855518166720e+00,2.419227070485690412e+00,1.401227237504697243e+00,-2.944092655947312398e+00
1.907266931527592746e+00,-1.414287494738840856e+00,1.299885587858865987e+00,-1.358555717375443450e+00,2.904723026233872574e+00,2.114932906948119862e-01,1.175931240770056618e+00,2.753406863061456988e+00,2.618351417073960796e+00,-4.232319079253077376e-01
8.635403051759410475e-01,2.161672861486467312e+00,-1.577312010639411177e+00,1.867031436503333808e+00,-6.146707006847249133e+00,1.935092979372545763e+00,5.407412197831701128e+00,-8.006816075080762651e-01,-2.382459571305720392e+00,-2.259966161424953768e+00
-3.892337861757647399e+00,1.948902346467425772e+00,-3.550822586218501109e-01,2.422368355236807602e+00,4.293140210483535668e+00,2.568742451832158658e+00,8.252036758637816050e+00,7.288230310976784310e-01,2.340378968837875107e+00,-1.137214406948594991e+00
6.116161774864500522e+00,-1.289285157482963795e+00,6.752286675323372345e-01,-1.313897662804978328e+00,-2.343482478886443676e+00,2.611866956474533930e-01,-4.171652168785461079e+00,-2.937243411175990193e+00,-2.615568333734663575e+00,-5.996451287432824628e-01
3.557288445844079550e-01,2.567633967346615531e+00,2.267432816774821447e+00,1.016380439626782817e+00,-6.101202499533139090e+00,2.170577227194574466e+00,3.257144988182361534e+00,-1.256203883098481633e+00,-2.423352118784109610e+00,5.041985123509178379e-01
4.773866695334793242e+00,-1.166251037642522581e+00,-1.542954775582439098e+00,-1.061754212089497607e+00,-2.540197050206723706e+00,3.581219678594310674e-01,-8.637039817121094920e-01,-9.845440295289580312e-01,-3.359410651789793256e+00,-2.299988518159868711e+00
1.678432233279329555e+00,2.330906897313407278e+00,2.848592820610988063e+00,2.777698513190448359e+00,-6.354057477715218560e+00,1.959782503499394757e+00,5.303451671520773125e+00,3.422755630873270505e+00,-1.964992655295441759e+00,2.167557638443653900e+00
1.326017102838407347e+00,2.106386030275730459e+00,1.319310715825747549e+00,1.256597936949155780e+00,-6.409207996530574825e+00,1.919906103194992220e+00,-3.981007678899063373e-01,-3.387680338588748619e+00,-3.352812190170116668e+00,-4.360270891881827815e-01
-3.489368958393347153e+00,2.701997363812227881e+00,-1.628298402843088244e+00,2.950537928840851976e+00,3.222026957927003110e+00,2.242588139255159430e+00,2.180663149210281482e+00,-1.875849073289267199e+00,1.730359724118232911e+00,-2.440203475120144905e+00
1.882582710651556468e+00,-3.661104372858426936e-01,3.020576696357785806e+00,-4.345382585673958076e-01,-8.330682210705961932e-01,1.038451169896757342e+00,2.458902773804280351e+00,1.168580390813811931e+00,-3.150778198174282174e+00,2.099017849406656033e+00
-3.300886844080915594e+00,1.201694970403238694e+00,-1.671199732802616245e+00,4.838887309879709164e-01,3.924188225177070777e+00,1.730607032855279392e+00,4.348481566947075549e-01,-2.143072162250680091e+00,1.855037998883791950e+00,-2.563244535445566186e+00
-6.843496337147350062e-01,2.778623659564632753e+00,-1.527010210045633309e+00,7.857186671890836749e-01,-1.632783522618717731e+00,1.865973044602074804e+00,5.898283065388388202e+00,3.349136327437409300e+00,3.259264727130206651e-01,-2.167283022070646936e+00
-2.149162508531441862e+00,2.044330850749787487e+00,-7.863696414187215655e-01,1.809469424615133271e+00,2.095328610185467788e+00,1.618275886542359432e+00,1.963760079520371127e+00,-2.248250637728820500e+00,1.054240234518903918e+00,-1.269550876100134840e+00
-4.209407658289104681e+00,2.370721087716900044e+00,-1.299455568982333720e+00,3.113445768576482919e+00,4.479602726586843886e+00,2.112804103553554746e+00,4.114310534219059790e+00,-7.608673132654621973e-01,2.927450438850146774e+00,-1.799480472940269138e+00
7.383146879965307718e-02,2.344782330715236451e+00,-1.708467672550302074e+00,1.414043403686862987e+00,-2.481150537887137464e+00,2.654059478398976157e+00,4.281793112670566614e+00,1.395126870807867903e-01,6.832098207961312397e-01,-2.649613211695800885e+00
4.171002165861893429e-01,-1.386266316098271556e+00,1.880330367323676199e+00,-1.329775694004203590e+00,5.717477287257906937e+00,1.223122560135054410e-01,1.488480747825328354e+00,1.069815952993539376e+00,3.463549407734046071e+00,8.792587068604094114e-01
-3.825141729304851523e+00,2.239608999818178958e+00,-1.035220392532823164e+00,1.536283767332011330e+00,2.765443383425782997e+00,2.014673072485225536e+00,8.397802540777834501e-01,-2.989745866660891593e+00,2.131309299861995576e+00,-1.717072248581820615e+00
2.656784971433073572e+00,-1.889691211901906698e+00,2.204047063057541500e+00,-2.986959503247218262e+00,2.948264567338940711e+00,-5.890055203357610347e-01,2.296509909998983190e+00,2.082047891334355860e+00,8.090192599536498719e-01,1.533950539162353799e+00
-2.823311913823089436e-01,1.555144067343211978e+00,1.864200215226130553e+00,1.156703753275390767e+00,-3.944282635235082157e+00,2.092186413700478642e+00,6.948403062987498657e+00,3.242155873245945230e+00,-3.460518062308377552e-01,-3.470632681818051068e-01
1.577499083617447395e-01,2.265705499345737284e+00,-1.868686806654281884e+00,2.057189356016573711e+00,-5.847612755058542611e+00,1.844293413231961054e+00,5.661546899372139841e+00,2.099891569382480228e+00,-2.612203749543895892e+00,-3.219562890482522199e+00
4.958191209970880031e+00,-1.551363837488650033e+00,2.138226143554816439e+00,-1.718834626169633228e+00,-2.008082441968245035e+00,-2.566251457798226498e-01,1.345436747910161879e+00,1.530830073965006477e+00,-1.468695149391137988e+00,5.447869037034642758e-01
1.269490785678912381e+00,2.533553061004170992e+00,1.027180330216307169e+00,3.171644019792317692e+00,-6.277847321980695838e+00,2.050579593797020816e+00,5.280933853699236735e+00,5.243593996884570174e-01,-2.300459505647164171e+00,-3.060791159515345861e-01
-3.364808574042729816e+00,1.535091251717742633e+00,3.680143767737248162e+00,1.034937514437880068e+00,4.610875842201829222e+00,1.958097228020888148e+00,7.585826186723648723e-02,-2.645938335674469233e+00,1.929651890887776666e+00,2.286745144132731333e+00
4.459868989443020126e+00,-1.719829169831872839e+00,1.335113816060088610e+00,-2.156363375944900795e+00,-1.673509827672741146e+00,-3.619625684993094117e-01,-4.207517361212850027e+00,-2.543369760670210145e+00,-1.377115560856618792e+00,-3.233181074003113054e-01
1.829738916484667577e+00,2.327785420380595660e+00,-1.930072875640570285e+00,2.246457666910126605e+00,-6.471223326071629423e+00,1.731356486216667045e+00,7.434370440621307807e+00,3.222135256808507542e+00,-2.392192373689997709e+00,-3.451766147161046128e+00
-7.812702148095904131e-02,1.664488576212689974e+00,1.943762920435890162e+00,5.150638823417788004e-01,-4.486039556992013289e+00,2.086350860945495267e+00,5.761133042260233594e+00,2.555680983366733550e+00,-9.291954103185737779e-01,2.050119176936413545e-01
4.112368266034403419e+00,-1.937651175189340380e+00,1.070967987676563427e+00,-3.253031672954077358e+00,-5.741683211551904531e-01,-6.219558959683222366e-01,-2.036502389492874432e+00,-1.150450653389476052e+00,-1.522394536812123889e-01,-3.558269802176114993e-01
1.233233665731812145e+00,-1.759208995825091826e+00,2.894141081924861858e+00,-2.398306611309636516e+00,2.578260417281538874e+00,-4.763864902863025330e-01,-5.734020921225468914e-01,-7.095363437103507920e-01,2.653480756634875704e+00,1.378023827776284627e+00
1.155466260387120414e+00,1.464687775909574219e+00,2.203918108396972997e+00,8.322589854364741413e-01,-5.395924190690090327e+00,1.906955244411783656e+00,5.836074078294092971e+00,3.141972797986050558e+00,-1.656238556350411173e+00,4.192758845946489288e-01
-4.282678553097196250e+00,2.240506351790679140e+00,2.466513506344774953e+00,2.480933274107167463e+00,5.231512769606384339e+00,1.925533548572484932e+00,3.592803408172412505e-01,-2.106274474232582072e+00,3.271400337739331476e+00,5.241084254854033730e-01
4.353430106414490908e-02,2.369639545093899624e+00,-1.416022780047066387e+00,2.560063110618310489e+00,-5.035487592464586548e+00,2.597004225291408286e+00,1.014428917596206681e+00,-2.820590019419964900e+00,-1.254586462750991060e+00,-2.009465664459633594e+00
1.837490833759393705e-01,2.128696181545896238e+00,3.901200439980829215e-01,5.366463711063502728e-01,-5.514560275830795888e+00,1.947254430368633882e+00,5.958634377437195262e+00,1.104365305803676200e+00,-1.613103559244444707e+00,-7.599312419338932756e-01
2.897879430761173047e+00,-5.616373176631290765e-01,2.135153857292045210e+00,-5.361517065104166591e-01,-4.307099478097460299e-01,1.186750573741649273e+00,5.473665615681366781e-02,-1.020709760701276281e+00,-2.156539295768965747e+00,2.029008551380238501e+00
5.135355780843033902e-01,1.155936251641997536e+00,3.348923923073094500e+00,5.813876934261168472e-01,-4.535577543344554208e+00,1.537939076292200946e+00,5.668799576624417469e+00,1.583738159758288688e+00,-1.282912668777641763e+00,2.288441582369742378e+00
-2.025426316505488655e-01,-6.733614238910539118e-01,-1.877246600017960843e+00,-5.580849787749264657e-01,3.034268548305971258e+00,1.433550316573782180e+00,-2.051447275836760120e+00,-1.454296724350358616e+00,1.884320762352920120e+00,-3.202717228368772151e+00
2.020931418008984792e+00,-3.923217932010022446e-01,2.219085118504315890e+00,-3.764529096713311596e-01,-7.982740505171519452e-01,1.221182008482783132e+00,2.368902296880390779e+00,6.446113292950430562e-01,-3.132991414139850050e+00,2.679725827000964955e-01
-4.139536354344353519e+00,1.581381931587691358e+00,-1.052498746228148319e+00,1.124430243169959098e+00,6.286518506892281977e+00,2.417671676719780116e+00,8.836420512856275611e-01,-2.125775105994345271e+00,3.082744123876014264e+00,-1.526596330794078193e+00
-3.657416569157425190e+00,2.007838963357782891e+00,1.548611080487183100e+00,2.397715803990555727e+00,3.277117842087664101e+00,2.032732815787986258e+00,5.329841339174056003e+00,4.123502558492351255e-01,2.255680042413721331e+00,-1.795579568349130462e-01
-3.310268753016019527e+00,3.763359340636395434e+00,1.878658969836191073e+00,1.803325403427528784e+00,3.256585596108556580e+00,1.840802979350357305e+00,7.991850212496167671e+00,3.180359444784905953e-01,1.534249391478500257e+00,7.761213719990758264e-01
1.869576596813837810e+00,-1.896820552733668119e+00,3.596907774105711386e+00,-3.037738909994120551e+00,2.051833069277386290e+00,-5.951467116654662881e-01,-4.562746310248430248e+00,-3.290780639498332327e+00,1.428227224413933349e+00,2.929319981950315288e+00
8.065419716858426291e-01,-1.902395716770774348e+00,1.115277964400521959e+00,-3.058728189097539740e+00,4.478935057832944544e+00,-5.937674691695195017e-01,-4.078391511063201413e+00,-2.476168292391879966e+00,1.699034163524065555e+00,-6.982926279862864405e-01
-3.783843649372748086e+00,3.074161531912477763e+00,3.320228370179459265e+00,2.940402593074200155e+00,1.790245890473758816e+00,2.742913951409875040e+00,1.017805086350409915e+01,2.433868000941306065e+00,2.024021495397236414e+00,3.052733360798157491e+00
-1.744143385398313706e+00,2.968458832003730397e+00,2.333846984440457462e+00,3.298062626256349716e+00,1.309037250037061506e+00,2.571521173994754772e+00,6.319035397850988112e+00,-3.925663935306586971e-01,9.790866189619542581e-01,3.384393876870587903e+00
5.471526767468102292e-01,4.284638314005595916e+00,2.430744454279634592e+00,3.437463942018185392e+00,-6.477308838996254536e+00,2.382944322369084045e+00,1.473340898071261229e+00,-1.741184674362727502e+00,-2.216462019307427589e+00,9.629095908571807527e-01
-3.281810997370710581e+00,8.963637695748741807e-01,2.153236938210353113e+00,1.679246537826859509e-01,4.244199842823846325e+00,1.440829572654560797e+00,3.353150913381503173e+00,-6.778821393998599731e-01,2.081209796866186679e+00,2.630951350689909596e+00
4.083508990545557382e-01,-1.888189843422501735e+00,2.261595981864360727e+00,-3.051452577328714000e+00,3.010739742464564106e+00,-5.753476038128053638e-01,-3.588831063711879654e+00,-1.974941251339779935e+00,2.684381286578312320e+00,9.269516187667274920e-01
-4.219874981599563313e+00,2.432321043322649423e+00,-1.759048287589298321e+00,1.143599345315902127e+00,6.040768968144603512e+00,2.267462124352779718e+00,5.821417274804259634e+00,3.758145982870870760e-01,2.887338548215820921e+00,-2.748594893664569661e+00
4.119762399025452382e+00,-1.625809974534060176e+00,-1.638320259497408671e+00,-1.911373115308891757e+00,-1.859225780213394019e+00,-3.284705703350698780e-01,-4.120285172795489004e+00,-2.497340972539728199e+00,-1.879311386683160556e+00,-2.501499767860759782e+00
5.350097552163630255e+00,-1.561891447566619906e+00,-1.668611300247358153e+00,-1.775569032127624070e+00,-1.179347239891851640e+00,-1.906552729217866893e-01,3.314588389805511737e-01,-2.150338580082138407e-01,-8.009994797110433495e-01,-2.520785958191390286e+00
4.695012493763663031e+00,-1.174431250139515104e+00,2.103006511085143693e+00,-9.951340837491176039e-01,-4.292602558926963408e-01,6.598153265365918063e-01,-4.174063637640898605e+00,-3.216420966660217040e+00,-1.505918807929846892e-01,2.294743720872952863e+00
2.657178082199832758e+00,-1.182766013722748255e+00,2.485256064585625424e+00,-1.125392650165935038e+00,2.253192188966438358e+00,4.413984602524947953e-01,7.661396479709086105e-01,6.753685219108040982e-01,1.321380775880398595e+00,1.798397591826563335e+00
2.559120022244885551e+00,-1.935195869920824929e+00,1.550711634992739896e+00,-3.259708302392034351e+00,3.900388317836783969e+00,-6.315739829404249939e-01,1.868528653234585057e+00,1.059595734971376046e+00,1.188058331047288974e+00,-2.275721363327276592e-02
1.616312177530198513e+00,2.205069225549580736e+00,-1.861437471259489662e+00,1.377330176687816099e+00,-6.160542227455391817e+00,1.908870298542747479e+00,4.984516078678833395e+00,-1.618269732558426099e-01,-1.428807968640337211e+00,-3.132241995177512450e+00
-9.373676809679967747e-02,2.258557919886137189e+00,-1.661529727880973306e+00,2.658170973916672786e+00,-5.083645454612538472e+00,2.039762898743034736e+00,9.086176783631298548e+00,4.284346431444729930e-01,-6.660518158858579341e-01,-2.467923818099830857e+00
-4.143639527760180741e+00,1.478258340203191024e+00,2.502079419415251582e+00,5.204479981810177236e-01,3.065274709405141795e+00,1.679635483626780612e+00,3.197001969178344005e+00,-1.144240830490941718e+00,3.285292760569062054e+00,2.064273002255236911e+00
4.574354270169235015e+00,-1.251862270396662424e+00,-1.873361426891409387e+00,-1.378884784818811493e+00,-1.658893839101388989e+00,2.274933281836518661e-01,-4.305089444019525757e+00,-3.421664417949183523e+00,-4.814033134222959198e-01,-3.183576184397170383e+00
9.151984076827440751e-01,2.135700952207454151e+00,-1.818915622861585923e+00,3.487863972064931595e+00,-6.210425004303496976e+00,1.640191458435590111e+00,2.541249245266018697e+00,-1.738933605889673828e+00,-3.440306746317312481e+00,-2.985256184269359903e+00
-6.098609496656443030e-01,2.239925746383216509e+00,-1.711552210022875276e+00,1.505577501630669168e+00,-4.650913768991107311e-01,2.281970157852140968e+00,3.707429940556796755e+00,-3.908111350928651362e-01,4.552250085322251394e-01,-2.668946986221314432e+00
2.652334679529515515e+00,-1.613846760716523221e+00,3.019771303823302055e+00,-1.923599795159213866e+00,4.328138559415073416e+00,-1.913434115100083599e-01,-4.285857024828331419e+00,-2.861423046215250565e+00,9.491052206809893477e-01,1.543662937466995011e+00
5.351342803849657992e-01,1.318018555868356145e+00,2.934431875920412658e+00,4.750014320311803928e-01,-5.058581617186811208e+00,1.934904827194162902e+00,4.807051514231474698e+00,-7.815996937644964504e-02,-2.342876977711876307e+00,2.350138212004999616e+00
3.487781410281609595e-01,3.311338725043935227e+00,1.911757363701793500e+00,2.934716147977863621e+00,-6.038165851909016446e+00,2.374206614688510797e+00,5.371895985806097507e+00,1.331993459207700070e+00,-1.700700642460919898e+00,-2.274071071900398699e-01
-3.731272252662653166e+00,3.107364167290166179e+00,-1.701888563886095218e+00,3.034324731271257569e+00,4.232753615807300918e+00,2.477296178876227994e+00,7.538993286260433635e+00,2.753156718556522442e+00,1.903615117381082023e+00,-2.582889901112203290e+00
3.476935749409476362e+00,-1.177951739821201826e+00,3.024619020654715773e-01,-1.456225787345872824e+00,3.235372322646040688e-01,3.258457281212380763e-01,-7.333476445121545062e-02,-5.754248533060191129e-01,2.305286853843897532e-01,-8.405237985081726038e-01
1.506299702336587831e+00,1.135070130540720257e+00,4.229772526779050912e-01,2.672223961622330890e-01,-5.503027090647704789e+00,1.725123016492562389e+00,4.770919064430795942e+00,3.396944128520028805e+00,-2.608093785696456557e+00,-7.487454763005629843e-01
7.851101082965215028e+00,-1.656123400631225318e+00,9.560301955509462601e-01,-2.015752121468574298e+00,-1.377426465851060211e+00,-3.450154832934119731e-01,1.092096465118891135e+00,-1.159619914500118476e-01,-2.898409209631801708e+00,-3.377408318699974821e-01
-5.814044260203906495e-02,1.987621346433343650e+00,-4.076945463080441368e-01,2.422534221958819067e+00,-4.780678841445456406e+00,2.622069572235212753e+00,3.206470326099810197e+00,-1.303622397373033426e+00,-1.464964978493371817e+00,-1.156542152143686941e+00
3.490808619581589611e-01,1.837268175883054244e+00,1.694230082764715650e+00,2.489586061709294640e+00,-5.171649210418788556e+00,2.374536313749601835e+00,8.850708571214472187e+00,1.824612167734496637e+00,-1.339564951179077035e+00,3.391053318616430445e-01
-4.018877612105777319e-01,2.400134743332055454e+00,1.879028423176096307e+00,2.779512722903920263e+00,-3.839776518169267572e+00,1.726417385586198394e+00,4.313027573834991024e+00,1.822139805558244952e-01,-1.323176889696493497e-01,2.428061740120690537e-01
1.636949137523002973e+00,-1.794116146293828207e+00,1.346635294523403470e+00,-2.548747148347319413e+00,6.402470365918656370e+00,-4.864984293377720981e-01,-4.345728318431663517e+00,-2.865036518198867732e+00,1.647989859236887789e+00,-1.464563514238541586e-01
2.030004321130116196e+00,-1.880741262334716835e+00,4.959668051694494650e-01,-2.926556866978682336e+00,3.520497969387768045e+00,-5.721463020276164047e-01,1.807230170972301542e+00,7.122883004604583235e-01,2.745706624069274682e+00,-7.082248796093946197e-01
-3.769468870936233174e+00,1.568927921302112560e+00,-1.763487606886519954e+00,8.202627399073731951e-01,4.103642168886077357e+00,1.993167248708964445e+00,1.754503472041664125e-01,-2.962868209426585686e+00,2.364052136285322625e+00,-2.913384488545519790e+00
-2.546078134184242003e+00,1.649004640708723324e+00,2.047456571301201400e+00,1.246862003842283961e+00,1.984236712357337007e+00,2.475699850152438319e+00,3.567969679872765809e+00,-1.132873654501477478e+00,1.277536848629878818e+00,2.182171864600643829e+00
-3.978057940624055266e+00,1.867296786102212502e+00,2.639369464476160942e+00,4.263181559497151163e-01,5.976835208251555898e+00,1.657289157735487795e+00,9.109586273409679080e+00,1.975953530297328342e+00,2.756421042468565119e+00,3.135363586959599935e+00
-2.218159481111679376e+00,2.629630291810662435e+00,1.314774443014073313e+00,1.829018653902217295e+00,8.656462943809601907e-01,2.096990404930897611e+00,7.728163893757712621e+00,2.952054367718153216e-01,1.156085685667165741e+00,-3.562958538450464729e-01
4.758534161316992694e+00,-1.754808023312971255e+00,-1.904710062938663073e+00,-2.462647688211379027e+00,-1.927587830433650673e+00,-4.644743828684818054e-01,-3.792070078430478830e+00,-2.277413315564880580e+00,-2.404134231238495012e+00,-3.330868612489897629e+00
-4.239782342689446537e+00,2.394345912657381170e+00,-7.060948310705119635e-01,2.855759374595921329e+00,3.145613098980744926e+00,1.760619471004701397e+00,-8.208716676930191691e-02,-2.458309206277152992e+00,2.951326610268144357e+00,-1.259950842082066202e+00
9.872164475773259618e-01,2.244901867652357552e+00,7.677893332312006880e-01,2.032439847210663508e+00,-6.031053748398799819e+00,1.953377782742897972e+00,6.164984857420853892e+00,2.866410667944330193e+00,-2.357946334208559591e+00,-8.573643409108475666e-01
5.709630259826759868e+00,-1.360371317737996133e+00,2.244828399790987028e+00,-1.362312840521817225e+00,-1.386397430490741822e+00,3.249448158124283031e-02,1.081013680781059527e+00,-1.557783453247081340e-01,-1.626125002341839210e+00,2.565325930681534139e+00
-1.840358494812593282e+00,2.537548335056091453e+00,-1.421903881988086926e+00,2.494819517553379384e+00,1.620587906648374821e+00,1.838380970897775413e+00,4.677126648893264793e+00,3.253070261942005992e-01,1.211730145545670823e+00,-2.285011367400102245e+00
-9.953888364843058723e-01,3.118928503519920348e+00,3.146448022118414123e+00,1.937040544245688167e+00,-7.929418195221857868e-01,2.047729351677189946e+00,4.961220446111494375e+00,1.981892492674962369e+00,9.454123254229420681e-01,2.250101342077451605e+00
-4.042465239774676533e+00,3.334697339662956672e+00,-1.752052757353618428e+00,2.153334360470702258e+00,4.609353023542640315e+00,1.874401969828871861e+00,7.614074051888869654e+00,1.995652522414658847e+00,2.502339889077415336e+00,-2.774804896180703029e+00
4.876007087866531364e+00,-1.659714008883576675e+00,-1.909913886459667198e+00,-2.008616284200812618e+00,-2.048476208229262685e+00,-2.467629824151781059e-01,-4.422023776212905766e+00,-3.049594238099407217e+00,-1.259113668208026837e+00,-3.354494200107067670e+00
5.000451751264733069e+00,-1.178243100462363246e+00,1.757465318017708888e+00,-1.011923813883794931e+00,-1.475464564579338722e+00,3.605717773102440349e-01,-1.792461016278732444e+00,-1.122802604693623696e+00,-1.014615654393300037e+00,3.879713516491807290e-01
-7.205918392858282062e-02,2.065667523176554443e+00,-1.931518438782815705e+00,1.970497631442227338e+00,-5.168348593346464348e+00,1.930077821956848627e+00,1.730155477030217992e-02,-2.365476658814562150e+00,-1.324800622967289954e+00,-3.457623768757659199e+00
1.124824985107685915e+00,2.104982063455233199e+00,2.464677216496760970e+00,2.938097995161069953e+00,-5.936011713768505338e+00,1.836796916442784422e+00,5.898119466205804962e+00,2.217900407587004352e+00,-1.404585859252294178e+00,3.133580100732740625e+00
7.059940701499592963e-01,-1.962848396431414733e+00,2.862006994242892510e+00,-3.431760464515675402e+00,5.250119239674081228e+00,-6.540117843385494512e-01,1.432078187055966456e+00,6.233914632646708753e-02,3.059905482160631074e+00,3.262934555190835084e+00
-2.724091029180488732e+00,2.521970950278978219e+00,-1.892227926087373779e+00,2.328349567152594446e+00,4.244018720291591329e+00,1.885221545918369213e+00,3.403545953049214923e+00,-1.227594685321975909e+00,1.333363211468855170e+00,-3.292977276084491756e+00
-9.102946322975449256e-01,2.301082107295203016e+00,-1.135943656329977625e+00,3.103048485579482652e+00,-1.614982748721871975e+00,2.045042792481254423e+00,5.846599195331288357e+00,4.919435110791208210e-01,5.844164683085297796e-01,-1.785777523077499707e+00
4.094252739361186499e+00,-1.801113261261473086e+00,2.270294212482056651e+00,-2.495786986725510026e+00,4.327810628210744248e+00,-5.068378558962262082e-01,-2.429937255933277918e+00,-1.396683032144587777e+00,6.810043020751619380e-01,5.248037599504007389e-01
-7.998848268358462743e-01,2.476873444825312909e+00,2.809743690531011584e+00,2.773443443944382913e+00,-3.611890747078541075e-01,1.853358502031130506e+00,2.860029981555457734e+00,-9.584034910932222040e-01,3.686319624039366971e-01,1.313719990656402103e+00
2.806161722613435550e-01,2.035918488223977363e+00,2.909692788070903369e+00,2.199559762183108447e+00,-5.874071128737335279e+00,1.703418427392272116e+00,4.520635436597915668e-01,-2.173562470999880425e+00,-3.279528480589637418e+00,1.748460768037201518e+00
4.328652016215213116e+00,-1.900499605415433280e+00,2.997630927635266840e+00,-3.094968601772926764e+00,1.881327070716573013e-01,-5.998782232043360363e-01,-3.196161792739061092e+00,-1.672545241510063896e+00,-6.034912486613697169e-02,3.142257282168168686e+00
1.039431197078248381e+00,1.154311350824593685e+00,-1.490212765444943521e+00,1.788732249281621556e-01,-3.712438211337771410e+00,2.447809218219239469e+00,6.778344787176086683e+00,2.999908133286029788e+00,-9.030559647942260071e-02,-2.139388310234577428e+00
3.191902263951315266e+00,-1.479994391897110129e+00,-1.736770560321936996e+00,-1.601888700626556972e+00,3.395142343847491695e+00,-1.683776416080863536e-01,9.287605590681591305e-01,2.137868956175417168e-01,1.182988690974726254e+00,-2.726042250838034864e+00
5.783307741677766955e+00,-1.919351197231218942e+00,2.125285654833324323e+00,-3.178531338839182929e+00,-1.552660680218498346e+00,-6.107695693189609809e-01,5.610160785386546500e-01,-1.253571453812898362e-01,-3.198319772355129764e+00,1.718946737951470460e+00
-3.931268612423578279e+00,2.668471033843325291e+00,2.006110659321822087e+00,2.780232162230160675e+00,3.501170320713471451e+00,2.091681776326013598e+00,1.505457595971667617e+00,-2.774725291610832478e+00,2.407692565500931359e+00,1.578457430080717927e+00
-2.245631581491533968e+00,1.244340003892247637e+00,-5.994063889835141712e-01,5.205270141258742100e-01,3.911159302097796164e+00,1.677519022199576826e+00,6.944622565579396500e+00,1.975132126063990690e+00,1.379780460517097573e+00,-1.174005561531478836e+00
1.049057988605502256e+00,-1.766553359075963003e+00,2.317855422881563321e+00,-2.358003203198441700e+00,4.936593652329464454e+00,-4.686625276479027269e-01,-9.973741638031177192e-01,-8.853426497206440260e-01,3.232210908370368507e+00,2.333389451595201614e+00
3.387524538031324361e+00,-1.755178573700426181e+00,1.043991326861937852e+00,-2.375947362767644400e+00,2.878758282811367142e+00,-4.675030883398934023e-01,1.949989531844098956e+00,1.544654045294333145e+00,1.395625616959623727e-01,-4.437963857165501125e-01
1.030877645766175021e+00,-1.706911821933365436e+00,-1.541540882488216857e+00,-2.323801386399368507e+00,2.479426703891104200e+00,-4.237773484446727967e-01,2.491441321178919033e+00,1.648128184003347485e+00,1.477962790871249155e+00,-2.291657262229888303e+00
4.229039211215611438e+00,-1.551607106363741551e+00,2.299898351488046888e+00,-1.757095803389375321e+00,-7.099403998705425822e-01,-1.768244026554399717e-01,1.790693449667460913e+00,2.959126679809260807e+00,-4.572862255459293479e-01,1.851555789017350406e+00
-1.799050567643043275e+00,3.296263722015783326e+00,2.458280016161334736e+00,3.065601290176460658e+00,1.293765248056803763e-01,2.379922316677434591e+00,5.229371333561509516e+00,2.910803244303514781e-01,1.107649955025087785e+00,2.341468741849222823e+00
-4.223523081574839466e+00,2.637007711722647585e+00,1.135462659593446277e+00,2.266766750561986399e+00,3.410223610642892478e+00,1.922355188235311818e+00,3.172054778842522627e+00,-8.868883186810752051e-01,2.919689538352468361e+00,-6.903787190929682183e-01
-3.936938832326466464e+00,2.468283723084534031e+00,-8.962393660321388289e-01,1.693044577467655465e+00,3.393768773702608765e+00,1.752943774377685893e+00,1.323776543143864837e+00,-1.421029391545866272e+00,2.315648147822679803e+00,-1.615109768607776441e+00
3.688647249359841673e+00,-1.713123471890849014e+00,2.143469737658730168e+00,-2.259658708886044920e+00,1.375911305054673850e+00,-3.945754355594137675e-01,-4.553354225787026976e+00,-3.372223967990131577e+00,5.909596809315136312e-01,2.339613694891213846e+00
4.960813002819615125e-01,2.685703136637807020e+00,-1.900119062165102957e+00,1.785837029605231940e+00,-5.336393163801157691e+00,1.807928521032887259e+00,-7.505552054434541653e-02,-2.832421740834156321e+00,-4.556114957550709832e-01,-3.307177240401850238e+00
8.596958954273048459e-01,-1.304860220525624337e+00,1.492076553646376924e+00,-1.144136581330864821e+00,3.008233290565155205e+00,2.700131215826451769e-01,1.254366508669175762e+00,3.481854867673541243e+00,1.977830026250805062e+00,9.583519682801355799e-02
-1.616985941887154610e+00,2.016514379187435146e+00,2.979714593321466154e+00,1.429628160725952668e+00,6.321810311914592972e-01,2.056206746650475203e+00,6.065788458347347145e+00,2.260274170042515962e+00,9.063794849896265049e-01,1.980633657582399287e+00
1.084944644921318896e-01,2.567780467016939738e+00,5.258424035337200264e-01,3.294437667550408122e+00,-6.014118100311172554e+00,2.151471588601755691e+00,1.259805834711528627e+00,-1.336343586700926345e+00,-3.340963962606336324e+00,-9.096733445708080623e-01
-3.518676395703181470e+00,2.777778349865644536e+00,3.440277549077597641e+00,2.877940819713627363e+00,2.296773151504853061e+00,1.839297463660355403e+00,6.401936688225081440e+00,1.386837987955034990e+00,1.819511837048907843e+00,2.786993279189664996e+00
4.181597242643892542e+00,-1.805784306387996363e+00,2.653660645889416081e+00,-2.535021631232078576e+00,-3.184451546530451260e-01,-5.140340946696629887e-01,-5.644303841824448442e-01,-4.918217721502040618e-01,-1.642727634696329098e+00,2.667171787465290045e+00
4.489973890053352568e-01,-1.938588041407926177e+00,-7.329464171448805132e-01,-3.278119372574027857e+00,8.014523262706948259e+00,-6.334624389614983420e-01,1.061248824159073401e+00,2.860485090829384625e+00,2.585483176031465824e+00,-1.364180080844708876e+00
-3.503715723359080991e-01,-8.184217673096216839e-01,8.196180761563949257e-01,-6.557035160415423114e-01,3.456665378752354911e+00,7.365172494954006499e-01,-3.909281014528780851e+00,-2.901550390051970130e+00,2.023041551886299416e+00,-6.821688700156851581e-01
2.158077763924095560e+00,-2.452920177676908287e-01,-1.877736105081161844e+00,-5.016228253177970053e-01,-1.186415386154629825e+00,1.032061164605332149e+00,4.072091381529888032e+00,3.419991622557723154e+00,-1.400508124491951278e+00,-3.226242395548939879e+00
-1.457963521921315397e+00,1.948119683994533613e+00,2.685178253471173893e+00,1.900719680030862335e-01,1.105386098833264663e+00,2.236237198663685533e+00,5.749623418447207257e+00,1.876536171084332238e+00,8.451988362893469997e-01,3.041519814240426278e+00
7.155635829697473582e+00,-1.450836357272164090e+00,-1.187253898077522241e+00,-1.402008987809453711e+00,-1.825103633187897145e+00,-1.036970067030662940e-01,1.396997571942598881e+00,-1.412810793786425378e-01,-2.928305884730938224e+00,-1.662038102999790157e+00
5.202168836594259993e+00,-1.896580684582874765e+00,2.189872821656264623e+00,-2.993997090785843529e+00,-1.099619501927740606e+00,-5.953748963166223263e-01,-1.227128425725866112e+00,-9.465058115817504003e-01,-1.948243344617162975e+00,2.456131490893485037e+00
1.512060209651841847e+00,2.644127165466589879e+00,2.793476497703406114e+00,1.915112872220761098e+00,-6.382525735654465571e+00,2.099474629172156437e+00,-3.811509309855516392e-01,-3.254618180294081675e+00,-2.123562379187462934e+00,2.205032275091443950e+00
4.869384838816735339e+00,-1.318393255270537745e+00,-1.486441265583671845e+00,-1.322245941662922419e+00,-2.047306882518360460e-01,1.481082160533459535e-01,1.668206427316776930e+00,3.174927613873649079e+00,-3.442279637301296713e+00,-2.177550117741959390e+00
5.239927468182896675e+00,-1.684343260823017996e+00,2.870630409035612729e+00,-2.149888410070472045e+00,-1.177302326287451573e+00,-3.953577733550840967e-01,-4.410991019317471284e+00,-3.061331833637857436e+00,-6.931038745204358698e-01,1.123109450089022410e+00
-4.256866361508551577e+00,2.112541342703646130e+00,1.507851778673363397e+00,1.710658946964215055e+00,5.673453791227800025e+00,2.173782331767731613e+00,8.359257490652336031e+00,2.761619736764760802e+00,3.211797589528112340e+00,2.740243720682120632e-01
-1.007517325469533820e-01,2.654162608136516610e+00,-1.893419764723949905e+00,1.189083066863142690e+00,-5.277076971322724575e+00,2.759259166721137024e+00,3.178935993994043141e+00,-8.463586732972703253e-01,-1.176878357322236557e+00,-3.281829214764939273e+00
5.081379760543462965e-01,2.018319352533070266e+00,2.308626795015336075e+00,1.704969672840024764e+00,-5.894656430910249156e+00,1.809405249362895596e+00,3.618417450920608402e+00,-7.131803856622211946e-01,-2.418070437604498579e+00,2.507089375821342614e+00
-4.902485656036309480e-01,1.795715550631024282e+00,1.884118845464035852e+00,2.179244765718162391e+00,-4.853560499936295791e-01,1.812910734763857334e+00,7.461978259637042754e+00,2.040339874641580842e+00,4.749331868260515677e-01,1.382654997752047699e+00
-2.384463786230578641e+00,1.593785451230580463e+00,2.623013986487928051e+00,1.104375843762174014e+00,2.601995241843489737e+00,2.118412880553706579e+00,1.409330209343060414e+00,-1.301429342854455662e+00,1.257028720126635690e+00,2.490242401451158827e+00
8.582879938684804255e-01,-1.848527183519126593e+00,2.441700381316689761e+00,-2.736012528142016009e+00,4.510176253235799848e+00,-5.376932267325229553e-01,3.164735468004732155e+00,1.432759493718112509e+00,3.392407688683679368e+00,1.360969126593416512e+00
2.269853596458828449e+00,-1.248495427424212378e+00,1.880390412524593824e+00,-1.140531804946435024e+00,3.107226604205659548e+00,1.847071459729355547e-01,-1.733596723894964331e+00,-1.079617255425994848e+00,1.254365549920128053e+00,8.097560683196922682e-01
-4.277958368791133559e+00,2.281895124959092414e+00,-1.933906501164185610e+00,2.939488683139161118e+00,3.353268258330516005e+00,1.976904527508303921e+00,7.049223324635489618e+00,1.432076515381841553e-01,3.210684714514886018e+00,-3.470049547465101192e+00
3.245152824200483899e+00,-1.258574951855790713e+00,-8.949067136827768554e-01,-1.242643000826043842e+00,2.750375100990705590e+00,1.532641064249423424e-01,-1.773384575153884812e+00,-1.231250526064665340e+00,1.191501166449941529e+00,-1.433844817173058672e+00
3.307339343320182312e+00,-1.064612884010880389e+00,2.178541618881760122e+00,-8.243384434946561257e-01,1.972206784695497817e+00,4.408821345491600874e-01,-3.636886716691960064e+00,-2.131359428738954342e+00,1.338482739753652950e+00,4.374465835409271364e-01
-4.337295042695663128e+00,2.917462773198262305e+00,2.844597408681579509e+00,2.112549722664022411e+00,2.360639637372079491e+00,1.876047783804422275e+00,5.216538491607020767e+00,1.191353803488300223e+00,3.101061499367327556e+00,2.203969830233332594e+00
4.752074862269323852e+00,-1.798264804160137675e+00,1.611089819337197415e+00,-2.556417591651292121e+00,-2.158390452409668203e+00,-4.887045801233396713e-01,3.028063886737434984e+00,9.752265805944109189e-01,-2.168920704249480913e+00,2.635583983892195725e-01
1.312233457463776620e+00,1.537629931516881321e+00,2.955932125999441329e+00,6.187271127161961815e-01,-4.954504973900249354e+00,1.908181850771055510e+00,5.519252620805624510e+00,1.697149542311988668e-01,-7.104570524622340066e-01,1.956850808183765444e+00
5.665554781170645260e-01,2.723533539874746445e+00,-1.095593411995922750e+00,3.285811383704734467e+00,-6.133213049376686321e+00,2.149413073900826365e+00,5.829882893072547034e+00,2.824472511333503633e+00,-2.429125798126403168e+00,-1.526412128449266659e+00
6.864621050477389019e+00,-1.761017106895936379e+00,-5.043809134270241801e-01,-2.466229180253387998e+00,-1.001500830009261378e+00,-4.484795951257933289e-01,9.063833562282753720e-01,2.258112323791069187e+00,-2.948976312734242988e+00,-1.288510726578553811e+00
1.157394507073808310e+00,-5.470227255970505631e-02,8.824642669026894204e-01,-4.016968798460194279e-01,-1.704291683828318860e+00,1.716791996511436880e+00,1.595412293692040961e+00,-5.485801004595427521e-01,-2.900014655950018394e+00,-4.656841027448743731e-01
2.885469094195604045e-01,1.295770171565720386e+00,2.060219518759425217e+00,5.823021016246991977e-01,-4.793095045088012540e+00,1.555805060220020852e+00,-3.571416001932609108e-01,-3.195289439111924867e+00,-2.579135294749528295e+00,1.210131200057174894e+00
5.795071467095318063e+00,-1.583063274230967821e+00,2.240567172200131907e+00,-1.833799994831085467e+00,-2.080439366858405137e+00,-1.919516032390810034e-01,-4.471146234074744541e+00,-3.278426667580053966e+00,-1.529946707497235714e+00,3.951859712365610733e-01
1.929249178057166114e+00,1.369662234771722664e+00,2.145307796065457850e+00,3.969137172646495237e-01,-5.986986284574368433e+00,1.838097449712522646e+00,4.977961420017882332e+00,1.836267653721974646e+00,-2.983126577455490924e+00,-1.324925004250729899e-01
5.178690488901083633e+00,-1.648966295090605438e+00,1.883857193560966259e+00,-2.178677827845112880e+00,-7.747154241469246250e-01,-3.557624144801439514e-01,1.002276472677675834e+00,6.503136715203741147e-01,-4.349495381894556978e-01,-3.478552938735184341e-01
-3.855128112658417816e+00,2.520813056125635221e+00,-1.845249420653795047e+00,2.581907007570329426e+00,3.706823493315837936e+00,1.864919880881848124e+00,4.953445200966940298e+00,8.515271646661606297e-01,2.255578609293000802e+00,-3.069227974753208521e+00
-4.012713693942231430e+00,1.625667466788173199e+00,2.715786442811018109e+00,1.089609493149723995e+00,4.401567279673890276e+00,1.754700250203584444e+00,2.860051035811936870e-01,-2.634426156289055854e+00,2.759248472307978872e+00,2.310584689362416455e+00
3.456187394078938935e-01,1.613196325069577552e+00,1.096693560559296898e+00,4.443172938330577360e-01,-5.567433727090794982e+00,2.361229909633565605e+00,5.698267227533040824e+00,3.193783297889654094e-01,-2.413567522372233931e+00,-3.887068976370526840e-01
4.347270885297846554e+00,-1.376404540229481777e+00,2.794870435873330283e+00,-1.301464003818758375e+00,-1.795080521292998332e+00,7.994993302055219964e-02,8.284269813834770346e-01,1.136158968930290669e+00,-2.331215207226298158e+00,2.821367702100899599e+00
1.790135065034401674e+00,-1.611139985745570602e+00,3.009795405247356115e+00,-2.027100229625197869e+00,4.408268142488873664e+00,-2.204129689666356473e-01,-3.575135931659203070e+00,-1.973140967899966736e+00,1.564077772799271848e+00,2.093194073976127889e+00
1.102487316215601476e+00,4.154072784865576740e-01,2.736499048053588456e+00,-1.417422759813842248e-01,-2.293623617734259490e+00,1.380146191660267974e+00,-1.468740543764036621e+00,-3.393422918402958288e+00,-2.262658499891807562e+00,2.388195372476450196e+00
-1.328681556288384247e+00,-4.394070531695851711e-01,2.757980474672273807e+00,-4.532197010593153053e-01,9.145592569288897522e+00,1.693755830614975810e+00,2.203454161004013034e+00,4.735875826817017575e-01,1.684464008503503862e+00,2.343285615624121299e+00
2.367565818573309944e+00,-1.949685544379730073e+00,-1.005796524887112797e+00,-3.342727222927440067e+00,2.866415013757769081e+00,-6.431732802353342660e-01,-4.646068998472943079e+00,-3.452287901402598891e+00,2.397671574576079045e+00,-1.500737341425850468e+00
6.822679320872156339e+00,-1.953896721015248694e+00,-1.257870208773707477e+00,-3.385969651532050317e+00,-1.367217823143232147e+00,-6.460859346470689824e-01,1.353841329295947915e+00,2.966021022169321952e+00,-2.114635550473699332e+00,-1.778335112463448553e+00
-7.787174562263585731e-01,4.520501241913787105e+00,-1.319902258466377543e+00,3.171245820867810927e+00,-1.009275114568171094e+00,2.041867282187791233e+00,2.617221892323397192e+00,-1.404246439975870508e+00,8.193804528558130684e-01,-2.088045048905492251e+00
4.267627035763410959e+00,-1.578026723221123362e+00,6.454094859072347923e-01,-1.972023385011501428e+00,-1.747917297412976856e+00,-2.204328553647220967e-01,2.252219361103423800e+00,5.010163919236321206e-01,-1.542725911103717928e+00,-7.388558081373370889e-01
4.390869843246405502e+00,-1.782710740596011423e+00,3.173984992823121187e-01,-2.589410211716710819e+00,2.528486707565786418e+00,-4.948197340586167337e-01,1.550906025997924820e+00,2.012926501980189187e+00,5.892497547726325280e-01,-8.196664308178975844e-01
4.438585360445739703e+00,-1.266011876398076552e+00,2.861892423137271546e+00,-1.281666201072478639e+00,-1.157925493228845637e+00,1.807163088435771725e-01,1.169488945753986764e+00,6.546394207566814671e-01,-1.193360372196829999e+00,2.961799950827489702e+00
1.786678358110291021e-01,2.031694760161955937e+00,2.212651710716710074e+00,2.858019330539186775e+00,-5.540199946668382225e+00,2.288086430130831239e+00,4.111660825102158578e-01,-2.093554961997050157e+00,-1.591914106693429698e+00,5.306229067671086597e-03
1.007275640041490394e+00,1.364450223808522988e+00,1.976115666209212085e+00,3.330326853554459454e-01,-5.663777616202930965e+00,1.567560919240935879e+00,2.720433216266684440e+00,-1.311922383570815143e+00,-2.722761789709589042e+00,2.053714232454964872e+00
2.663405156409227814e+00,-9.008630541925328750e-01,-1.633397905652172133e+00,-8.879060682110777591e-01,3.252535177391575161e+00,1.013658506477168819e+00,1.244551735249994850e+00,-3.006608498457832290e-01,7.112669967815348215e-01,-2.429124890886159793e+00
2.394276185346619013e+00,1.588065609996219152e+00,2.128411931506796861e+00,1.487018020372097737e+00,-6.256784076539809725e+00,2.014959402701654412e+00,2.622883663229087947e+00,-1.241858688400699684e+00,-3.152787644326373595e+00,1.930096798018092308e+00
6.014613235910925226e+00,-1.879684574676038000e+00,2.586898376644417574e+00,-2.919239283774457849e+00,-1.635489823646510299e+00,-5.741543299933430378e-01,-7.109755103724300085e-01,-7.775652455318695644e-01,-1.679837591284577325e+00,2.222199908931885126e+00
-9.869277212898897034e-02,-9.979932637419611230e-02,2.134010247707685881e+00,-2.960921258598334660e-01,1.926627112810132880e+00,1.104101380734968663e+00,-8.502629440885646206e-01,-1.227390490920836630e+00,1.068733763935743042e+00,5.101194452627346720e-01
4.424097364987629177e-01,-1.615299773447805398e+00,1.574533778299912923e+00,-1.867133980843595165e+00,3.141065454470941987e+00,-2.131979518763301717e-01,2.401035650942635158e+00,2.871487109882567168e+00,2.462958162000987272e+00,5.135505614212254599e-02
1.151742979615847595e+00,1.895215832051110105e+00,3.353498872594149915e+00,1.551366610863728290e+00,-5.838767751161473285e+00,1.751096492837022067e+00,5.064982365118471108e+00,-2.967929942215441486e-01,-1.865281693786551731e+00,3.598119684046605649e-01
2.761993143976949394e+00,-7.271439026823126595e-01,-1.899189188354603708e+00,-6.356745554666902720e-01,-8.048549459614617874e-02,1.038361315169797239e+00,-3.675230988394529330e+00,-2.962658512736645378e+00,-7.419504946212418517e-02,-3.296573129849787787e+00
3.849891539592751766e+00,-1.341619748022995218e+00,2.483789925951301214e+00,-1.410283458314906202e+00,-1.011198421936281733e+00,5.470295408446375351e-02,8.018022235441957246e-02,-5.070601580676834530e-01,-4.829825764931312548e-01,1.472765544583630515e+00
4.311390496413273432e+00,-1.187229440112039125e+00,4.003848515925522378e+00,-1.026096875915115447e+00,-1.925300394586658026e+00,2.084904184391694615e-01,1.285250921347963704e+00,-3.829323507804938131e-02,-2.986159393301852649e+00,2.764830097035515521e+00
8.644704333011000941e+00,-1.896406434897709214e+00,-1.760809680410744704e+00,-3.005105856950410104e+00,-7.603092906985524646e-01,-5.904912620122085842e-01,1.131509293579457065e+00,2.922850745374447889e-01,-4.821708244148368294e-01,-2.764234759802816299e+00
1.157000239147966958e-01,2.378748828636290114e+00,2.226034864578680939e+00,1.571170871892236143e+00,-5.341700718366194423e+00,1.776630574648420779e+00,3.456675446482057268e+00,-1.370389893868873887e+00,-1.827241594961801496e+00,2.816846500672962605e+00
-4.181875641577350144e+00,2.036753991108320783e+00,-1.864341728299907297e+00,1.898438084081243815e+00,4.022235884282466145e+00,2.264997918491530537e+00,6.311209846542053192e+00,2.050173574798945353e+00,2.989033186635615458e+00,-3.210667747136921157e+00
-3.232726242141350514e+00,1.547496521710798101e+00,2.120110888480075673e+00,8.851202449969726160e-01,2.179180286277807355e+00,1.747562061410779410e+00,1.072634504647316467e+00,-2.054929495287722396e+00,1.701239417933815723e+00,2.596758963709975276e-01
-3.883534056786782873e+00,1.571535602081957972e+00,-1.570675847094793243e+00,1.055127577796510785e+00,4.730048579180735402e+00,1.887691800030951050e+00,3.636372635246596374e+00,-8.745808207272873780e-01,2.488092398592876897e+00,-2.318487154056559696e+00
1.920254948994358779e-01,2.019078069021380095e+00,-1.801002810443700586e+00,1.882253522125572509e+00,-4.426572092960208593e+00,2.329210259988544696e+00,6.183008387202993283e+00,1.682632694327022449e+00,-1.223909462720511598e-01,-2.900703622283887118e+00
-2.234394706676806841e+00,1.820372847144345885e+00,-1.909103034488296657e+00,7.328973071272608664e-01,1.700955721158492473e+00,1.879832524804148086e+00,1.813704653903073005e+00,-1.795797699214703114e+00,1.115349958400113195e+00,-3.363192830158454161e+00
9.200385721730338640e-01,1.591688472006818733e+00,-1.827510538250262329e+00,8.632380295483876864e-01,-5.873216770523174368e+00,1.926828032693193693e+00,4.875684739910370880e+00,-6.469284065453568822e-01,-3.355467719693811190e+00,-3.012405959595709337e+00
5.520608067666740837e+00,-1.459367700265666645e+00,1.094930655865454572e+00,-1.583969434462861425e+00,-1.666204297133780043e+00,4.191339394383630790e-02,-7.048344708603629938e-01,-6.886359418345069372e-01,-2.316980878903605046e+00,-2.255796094320339229e-01
2.258147841235650155e+00,3.334003430198717588e+00,-1.879516998331335564e+00,3.189522142924269055e+00,-6.979016979989538072e+00,2.394173601628432735e+00,1.801414352170613631e+00,-2.063124783510425608e+00,-2.816357761296851336e+00,-3.209543515809837544e+00
1.059319161717136915e+00,1.569262076957143925e+00,1.900320199824471423e+00,8.328609515421332432e-01,-5.035206942162698596e+00,1.807601692038480312e+00,6.932107118646295696e+00,2.159285915486842455e+00,-4.875025633957883464e-01,2.990334274856865093e-02
3.143458749754191039e-03,3.282579181306107152e+00,-1.886354332621715590e+00,2.711560014216637171e+00,-3.729752300933608655e+00,2.438674261535392240e+00,3.761641376186095620e-01,-3.209528924360794289e+00,9.794648061152866347e-02,-3.242746723429322131e+00
4.224440489492249817e+00,-1.930018973972667640e+00,-1.830968558722278372e+00,-3.222940606434071764e+00,-1.168161401132111532e+00,-6.281027785218018522e-01,7.230206343527347812e-01,-1.722254264278562097e-01,-5.190459511205740561e-01,-3.082403358909063140e+00
6.476337788443146337e+00,-1.837485293444293122e+00,6.104495091060819778e-01,-2.734079409601033461e+00,-1.966202394696002553e+00,-5.289049343654013136e-01,2.595187767337307605e+00,7.031852108937934887e-01,-2.259478447674200474e+00,-6.761957401428162484e-01
4.229593965400221478e+00,-5.714468429747987521e-01,2.269006783869169208e+00,-7.323569341187661230e-01,-2.050974992040441425e+00,8.783896051795583304e-01,1.263897588651754056e+00,9.636813098077441353e-01,-3.016704379331143215e+00,1.943766356403997975e+00
-9.646648297408537687e-01,3.028144664618179327e+00,1.849570026011136292e+00,8.117972852528563266e-01,-8.659208588728434242e-01,1.921091759642807650e+00,6.393220472354288475e+00,3.173000769035747126e+00,9.370651604734572260e-01,-2.814908503720121580e-01
-4.278277902022038504e+00,2.491114642013467773e+00,1.905107627985629382e+00,2.073674377365398058e+00,2.897643770153297549e+00,2.235491865541608281e+00,-1.652189273877649467e-02,-2.696060738254794753e+00,3.092390691028843897e+00,1.725995863286855503e+00
-3.048159428444664698e+00,-6.936302433997076911e-02,-1.740506018847755465e+00,-4.076603723501071030e-01,6.770513129159453136e+00,1.371725739988955750e+00,3.378602501277568670e+00,-1.890627390022774357e-01,3.023786528854305544e+00,-2.833505089424741996e+00
4.965269084924766929e+00,-1.792338411884537352e+00,2.675126697781390117e+00,-2.444930604640068950e+00,-1.173643145618268768e+00,-4.709692738332568185e-01,4.760793169516785994e-01,-6.910127980490550215e-01,-2.194763759343394405e+00,2.355972328722430120e+00
-2.311477646200706282e+00,1.334626402845590087e+00,-1.918748970662523590e+00,6.212632715144588147e-01,4.343171980360202689e+00,1.854060935986980851e+00,5.272386062094040149e+00,5.189175967126820055e-01,1.229347910908376029e+00,-3.388946237276479589e+00
-4.043188987296170822e+00,2.457497107479265086e+00,-6.472695799198469047e-01,3.471363649747714497e+00,4.490821826094009594e+00,2.000073527160719067e+00,5.124629199175130267e+00,-8.760374231170273696e-01,2.501321998372954880e+00,-1.213140193533670086e+00
4.662278340622980188e+00,-1.531426661647875553e+00,-1.886689907594382376e+00,-1.684986724076218412e+00,-1.021659446851207687e+00,-1.239150938808580432e-01,2.635153321001485693e+00,3.385591386009595638e+00,-5.092456148868125254e-01,-3.285476285227356019e+00
4.040228499475274404e+00,-1.858200105269740776e+00,2.657314335336025568e+00,-2.834690501227971282e+00,-1.538209008222393148e+00,-5.609040608277634510e-01,2.746903374461646230e+00,2.194609843954992812e+00,-4.859094883232470963e-01,1.492935013603179151e+00
5.189823295182332430e+00,-1.939959165348309700e+00,2.340560894714021511e+00,-3.284288692494022666e+00,-1.297585281821785896e+00,-6.341990302446187666e-01,-3.669235090055210424e+00,-1.922057463561014146e+00,-2.112059921255828421e+00,1.815713904078362972e+00
4.024485085768301218e-01,1.808698679974824586e+00,2.527723808691298757e+00,1.931538864398982369e+00,-5.165394772397248424e+00,2.000773462345025511e+00,-3.076194146957764719e-01,-3.490971242929027607e+00,-8.605552650184935537e-01,1.883410454553939850e-01
5.930618329704919756e-01,2.922517457569620447e+00,3.023683501041914301e+00,3.156304390684683270e+00,-6.127804257300070390e+00,2.163011007911157080e+00,9.330025926192240249e-01,-3.349875607640427688e+00,-1.909981095835664444e+00,5.433340140550466657e-01
9.807567261689823512e-01,3.164560798858404134e+00,-1.709784567976708525e+00,2.008631071100225540e+00,-6.518849181584849717e+00,1.826704415235047785e+00,6.869896570432622696e+00,2.465538292796181530e+00,-3.200124907817010644e+00,-2.608821812703221443e+00
3.885532653185015395e-01,2.539692037629225574e+00,2.677701633438469564e+00,1.182072732611335830e+00,-4.982492980982571318e+00,1.856448521020743980e+00,7.607655784570233948e+00,-1.176450904797854413e-01,-3.767413530066945349e-01,2.609537806366789781e+00
-2.490480610979135978e+00,1.233258172517238238e+00,-1.874119625142059986e+00,5.326029418188769071e-01,2.644772236690107192e+00,1.811809318509366884e+00,-5.362866065393389059e-01,-3.248353512273658872e+00,1.430484432310706211e+00,-3.186282756090732082e+00
-2.144511091848428919e+00,9.542035060531348645e-01,-1.732667120951129958e+00,5.788140532518948334e-02,2.579780542346562733e+00,1.526571023617468548e+00,-6.597242359812187651e-01,-2.511585932880949557e+00,1.181323997807171011e+00,-2.788485678539004642e+00
7.106498381398542286e+00,-1.727470720043878583e+00,2.267377080042320969e+00,-2.418291989636216055e+00,-1.934317401727073893e+00,-4.148639374521033152e-01,-4.493717443415205182e+00,-3.218331468629885617e+00,-3.396092984412747207e+00,4.851206062035999800e-01
1.094241080647317732e+00,6.741358287967355589e-02,-1.867853332987201576e+00,-2.453768134746350249e-01,-9.719623681954894234e-01,1.320454552425781580e+00,3.641150279943081269e+00,2.136208561552331631e+00,-2.889410300912687468e+00,-3.191025186771009992e+00
-2.140122331285166712e+00,1.423914400749985765e+00,2.370114054592593611e+00,3.677813473163826785e-01,1.296047697984016089e+00,2.343288268026459065e+00,5.637932639392085221e+00,6.555746232325985190e-01,1.145885659805266243e+00,7.058827302644825608e-01
4.821452201136222193e+00,-1.405153605549383622e+00,2.746500675542841385e+00,-1.472246161540231135e+00,-1.548482812618196869e+00,3.788635916564182804e-02,-3.904889071683564916e-01,-6.908579333082247587e-01,-7.841877632099372164e-01,2.218835364227960127e-01
-2.210973539596606141e+00,-4.538553203015766591e-01,2.061141562214444001e+00,-3.694348722520661710e-01,7.168231204911426069e+00,1.233633402740828888e+00,-2.522296090503098664e+00,-1.734001185899263664e+00,2.964123738671888830e+00,1.920944092290977068e+00
3.651087929107569963e+00,-1.610727349901685646e+00,-1.621288654830045139e+00,-2.078856748224930939e+00,1.551738863533134616e+00,-3.267726546545203781e-01,-1.776405934194325908e+00,-1.167092229021103655e+00,3.275351787757743161e-01,-2.410227545446877340e+00
5.335947015025194196e-01,2.520495698401781226e+00,-3.285463728109970227e-01,1.017691917307161020e+00,-6.120211060687084093e+00,1.779815522765015645e+00,4.786635892383636737e+00,4.795584984951162255e-01,-3.070769295783488673e+00,-1.229163101648323764e+00
-1.436362773888892219e+00,2.584371738967363274e+00,-1.890594134820455352e+00,3.276450683163107058e+00,1.390800554099865582e+00,2.950983770009811380e+00,8.227615363247045011e+00,3.396266537542962816e+00,8.751085811344339049e-01,-3.263601826142962015e+00
4.175719025924006900e+00,-1.418951940157541669e+00,2.393389995793898439e+00,-1.591424701271059394e+00,-1.843151008085114562e+00,-2.048345863829029168e-03,1.104912035433959216e+00,3.062520570042958745e+00,-2.266050327258084973e+00,1.547378082512480546e+00
2.463165632957588502e-01,2.382815759964191926e+00,2.237801870927617287e+00,3.208872288708032094e+00,-5.914935787168080772e+00,2.381909460974814596e+00,6.381729200773383681e+00,2.601762858984695725e+00,-2.255816413035796941e+00,2.339550291150374939e+00
4.122127027624383544e+00,-1.640937927968912247e+00,-1.089911211930183921e+00,-2.037045777906413946e+00,9.147189369042860729e-01,-3.618694801668996819e-01,2.778194737105237344e+00,1.002857160307546458e+00,-1.114256990778663692e-01,-1.632549812049379101e+00
1.280009716600001290e+00,2.184221926590138363e+00,-1.858220371993790421e+00,1.841455563555943087e+00,-6.442376396231566105e+00,2.011283374046086703e+00,-3.214180049917039761e-01,-2.966210009254550251e+00,-3.245919239047410088e+00,-3.196859867310637870e+00
6.101927539979591586e+00,-1.882690366592814080e+00,-1.003881167637920457e+00,-2.920415409987922484e+00,-2.476246231195179170e+00,-5.784054383355972107e-01,9.572810066943749918e-01,2.528107312955293118e+00,-3.498721019890735917e+00,-1.453771902704418473e+00
-7.567480309534679872e-02,-1.131441365414176170e+00,2.529434029641251414e+00,-1.060420791074268898e+00,3.889253451492539426e+00,2.957590232361120286e-01,-4.177721228478370463e+00,-3.058347335925075683e+00,3.044563853364942396e+00,2.266353348208221874e+00
2.464008892363111158e+00,1.724507331071923333e-01,1.190895118661943197e+00,-1.680572329975298373e-01,-2.732499374917261914e+00,1.627094064278109098e+00,4.234553615034385210e+00,3.224365709851383599e+00,-2.254290839124826196e+00,-4.629158990363948512e-01
6.698681254965283216e+00,-1.854339147255562148e+00,2.467277656787530304e+00,-2.759536297038591268e+00,-1.538116352835663392e+00,-5.622583915606287341e-01,7.299984207372557377e-01,2.020293933602972380e-01,-2.316190646576171908e+00,1.368313137998543816e+00
8.294550970403428147e-01,1.347502559133073596e-03,2.761827184963174364e+00,-4.279822835439688333e-01,-1.549103097349775915e+00,1.319934163765506652e+00,2.026411502629585470e+00,-3.499369245872854250e-01,-9.820227932940932547e-01,2.297727734303116165e+00
-2.167088814499452676e-01,-8.941983800444682773e-01,2.809901981035154872e+00,-7.139594973358227570e-01,3.431148968869042193e+00,7.606041508672110041e-01,1.021027549589522465e+00,-2.469495253257978362e-01,3.431933201524644872e+00,3.130865632416043098e+00
3.033888732158691148e+00,-6.282457717252706297e-01,2.276147509004353697e+00,-5.684275112896908233e-01,-1.494131873544533473e+00,9.315147757986581567e-01,-2.997418044317465391e+00,-2.347277499288024760e+00,-1.704659814618509461e+00,4.189522058987105169e-02
8.292524219061290225e-01,2.337061511535779346e+00,-1.795938622015863073e+00,2.523593022719785139e+00,-5.403807548543231754e+00,2.407333480689303862e+00,1.510538131451143018e+00,-1.854788662058699078e+00,-1.187702994133686740e+00,-3.002243887816992363e+00
1.611551177976465743e-01,2.437599416612113323e+00,2.236121998526359622e+00,3.372823179689697248e+00,-5.602257108226931237e+00,2.562599739264148191e+00,6.112508948955779786e+00,-1.118147317332143231e-01,-1.595322794097376207e+00,3.075550565471632858e+00
3.630228163683608122e-01,-1.727663672786450944e+00,-1.700569364472253264e+00,-2.471524722775250371e+00,3.046102944524561096e+00,-4.449838033214604804e-01,-2.231775757557910023e+00,-1.182269055786948186e+00,2.974294701615610492e+00,-2.618914345708030389e+00
6.862652552890220470e+00,-1.884516107937358020e+00,2.286923448605398868e+00,-3.006759428329954353e+00,-1.199633399485387386e+00,-5.813487657686379206e-01,-4.860937028290927553e-01,-4.035614439919448238e-01,-5.713908661451894133e-01,2.336527807651089361e+00
1.400366373547688781e+00,-1.946582396671066251e+00,-1.435714718049168059e+00,-3.331979339604180801e+00,8.060783802330234948e+00,-6.381875283474587324e-01,2.377856935918530645e+00,3.376746956690717560e+00,2.617882695260810522e+00,-2.050525086409523468e+00
-4.217279110615670845e+00,2.004908762068316808e+00,-1.271819088599404513e+00,1.640297222777040709e+00,2.771311425302806164e+00,2.487730786864123189e+00,6.409082762631122421e+00,1.877139176954198518e+00,3.062401355990056473e+00,-1.742648812068553710e+00
6.611368542274203008e-01,2.291019450981992112e+00,2.069764563514284283e+00,3.336929398386978107e+00,-6.206464081521077425e+00,1.984887730679498086e+00,1.099472076282709487e+00,-2.633181703561063625e+00,-3.203114902323116908e+00,-4.050854453787464671e-01
4.327905513475081456e+00,-1.434901373403568048e+00,2.917683167620821472e+00,-1.695268201247595918e+00,-1.759303782510052150e+00,-1.010779859350313115e-01,-3.131341058008314526e+00,-1.545912373118265126e+00,-1.180996689733646576e+00,3.317115947821752009e+00
2.796097913920378986e+00,-3.270325943517166101e-01,-1.742638868695467025e+00,-3.736317033929066334e-01,-2.169245166576005523e+00,1.544756289978708619e+00,3.770988286865097017e+00,9.837233169386170317e-01,-1.947628569237758844e+00,-2.704840998029542476e+00
-4.201376675946253414e+00,2.656078620518736777e+00,2.340752922811262682e+00,2.931719466063969826e+00,3.121184143756686069e+00,2.105707209617604381e+00,1.389878419695032674e+00,-1.480675966315093461e+00,2.826820888785418262e+00,7.850919987655755605e-01
-4.977123735772304158e-02,2.885928542567972599e+00,1.376431061344933759e+00,2.809842300666971937e+00,-3.734162574399671364e+00,2.112470196040587389e+00,5.201103100410279900e+00,8.659269322137825853e-01,-1.958871892217759481e-01,-5.651692715356753105e-01
3.025832146853919546e-01,-1.792791390159925058e+00,1.776569097612601400e+00,-2.582057252538490388e+00,6.888649613292585627e+00,-4.707440092664492703e-01,-2.346884372763826221e+00,-1.173369367596682977e+00,3.343839066636761004e+00,8.996403458995230196e-01
-7.228360580990253470e-02,-1.948698639654974363e+00,-9.703890225147409065e-01,-3.335124559632268948e+00,5.025325624761873833e+00,-6.425178001512480419e-01,1.801079974915308579e+00,2.748987119433206949e+00,3.230984694120689227e+00,-1.601343150174066920e+00
-2.145774979570276297e+00,2.967444990137176664e+00,9.087406501584419649e-01,3.326169872966246999e+00,8.890533932284716556e-01,1.943985280361902657e+00,4.963563639500140567e+00,-1.963248551487533078e-01,1.034638597855395581e+00,-6.971475971236245073e-01
4.932998876013966694e+00,-1.938354132011949726e+00,-1.026287912278865289e+00,-3.274997166866226550e+00,-1.941369372223437528e+00,-6.347820094362585097e-01,-4.332523537286441240e+00,-2.709605074191431928e+00,-3.171212169379009183e+00,-1.605199054966252259e+00
4.558425712650825412e-01,2.416889054535374726e+00,-6.939901522915283838e-01,1.267936146105671291e+00,-5.787647725442418789e+00,1.780867565506929706e+00,8.246888445696490821e-01,-2.064296106678906284e+00,-1.484002935852064997e+00,-1.324524895419178172e+00
8.582032623528501603e-01,1.526591261058790394e+00,-1.472951948733525418e+00,4.324237347763282280e-01,-4.882931294699980107e+00,1.593372957255384970e+00,4.625697641255052672e-01,-1.871179173979035992e+00,-5.265285680353546383e-01,-2.178259242296995524e+00
1.748331608670236070e+00,-1.803593573288920116e+00,3.542970056821619362e+00,-2.546738480528781157e+00,3.266781450040940449e+00,-4.992006697968227047e-01,-4.544633964427916339e+00,-3.262203061598463627e+00,1.221995470164065622e+00,1.122605233609458963e+00
1.162801482962670940e+00,2.401109632051504406e+00,-1.675150983068666610e+00,3.243226330165883020e+00,-6.470943020894381448e+00,2.556404418824243407e+00,6.702658534684669434e+00,3.449726609859638415e+00,-3.119685382445467781e+00,-2.574347732748663908e+00
5.333591925628197394e+00,-1.917865729492716165e+00,-1.006782661530166711e+00,-3.192674682981562206e+00,-1.891759577742328169e+00,-6.131855393146700139e-01,-1.465206678842672972e+00,-9.476389042808741614e-01,-1.467628886125457832e+00,-1.483359996638927480e+00
8.692255358882672311e-01,2.031766235301251555e+00,1.058550726208209891e+00,3.335415264226950782e+00,-5.723740601908797743e+00,1.690768200675954569e+00,2.694536854595203756e+00,-1.377508899039478152e+00,-1.231527085241109543e+00,-5.434924660768611915e-01
9.590179363950604441e-02,1.986350751441851470e+00,-1.394252972514428368e+00,2.434594559183079987e+00,-5.512464432815300519e+00,2.247705722899624003e+00,5.901689869165447355e+00,1.883194080450807384e+00,-1.510088794584249383e+00,-2.017259208495980616e+00
1.503444266047755606e+00,2.030454897804985226e+00,2.536314327334900476e+00,2.143676699993339874e+00,-6.311238608852047349e+00,2.793425441301661927e+00,6.541664707902873133e+00,1.823847539174010990e+00,-2.590042689384764785e+00,5.876797898408439025e-01
2.309224255230930112e+00,2.298239197333405759e+00,3.021772040179373953e+00,2.251988852994145418e+00,-6.622130834572574898e+00,2.252411423979095773e+00,6.863391605872880774e+00,1.036221160104969563e+00,-2.316396953237155554e+00,1.656166331580608997e+00
-6.780608782866148765e-02,2.210196380368715907e+00,2.485637864815740450e+00,7.898197436198541865e-01,-4.007315972482387245e+00,2.463998136780705117e+00,9.258766534387856240e+00,6.304304755698728613e-01,-1.762467899468633803e-02,2.722175962876411504e+00
-8.414381115275370027e-01,2.010137349695513720e+00,1.567144555416347229e+00,2.644403537961027340e+00,6.524000812714940700e-01,2.329609226971562030e+00,6.467263482258511331e+00,2.555090245559570761e+00,2.832516482500366806e-01,-1.865263880751779624e-01
-3.941339866343132048e+00,2.269483045614636652e+00,-1.645052045423759601e+00,2.394881758371862013e+00,3.827475664123813459e+00,1.876810438323844643e+00,-6.125260009565752783e-02,-3.072962533056097456e+00,2.370369152019459413e+00,-2.469149058166063337e+00
1.201977754686050170e+00,1.964108556237794456e+00,-1.870470222348464606e+00,8.259852231035926806e-01,-5.500735557576232004e+00,2.004988494118391529e+00,7.151286395375890947e-01,-3.164202882623155411e+00,-9.961597907756489789e-01,-3.205478797875451313e+00
1.498370452079636594e+00,2.096548773817594302e+00,2.458860737906956029e+00,3.046531513332946695e+00,-6.371037325058747314e+00,2.245262786721084147e+00,8.376852633879391163e+00,2.349902613243215477e+00,-2.925166497366210816e+00,2.456373154410607995e+00
-4.034167925957530265e+00,2.333792787896622034e+00,3.375748897647754099e+00,2.925954544831860460e+00,2.551894484961634735e+00,2.153291294242073661e+00,1.123608110126864013e+00,-2.349703477390354678e+00,2.605873835875631706e+00,2.392971382888525511e+00
5.729319044000526162e+00,-6.145426493198794526e-01,2.206177521906570682e+00,-5.023267948948402228e-01,-1.605270087453294581e+00,1.390621005704139712e+00,1.485604008373816232e+00,-3.423505442953382882e-01,-2.206655979430534931e+00,3.074596612120820360e+00
5.085151739919793634e+00,-1.261496502038131018e+00,-8.125787759320977077e-01,-1.165657808859014821e+00,-2.294942519251463420e+00,4.569643048988807355e-01,-3.833043464007630075e+00,-2.520787018664325085e+00,-2.486171325617696937e+00,-1.405476845101331307e+00
3.851902027111357985e+00,-9.276160476227162111e-01,2.291227385542982109e+00,-8.618470635929109669e-01,-2.262363629176459057e+00,5.506905664607890660e-01,2.320989365891494849e+00,2.004618307711607983e+00,-2.310361125228282742e+00,3.777016019915917511e-01
1.506623951293166730e-01,4.142273892504990229e+00,2.504191476747876788e+00,2.680701729932358113e+00,-5.085303519096558311e+00,1.955593397866633110e+00,5.048826425001129437e-01,-2.782253183617823922e+00,-4.815578318576134720e-01,2.703987992063590973e+00
8.825067899290242046e-01,2.484045384035067805e+00,2.585974401456861749e+00,2.011839147591707899e+00,-4.961548958428425138e+00,1.813433970865061751e+00,4.892043119636687365e+00,-2.987372190533568173e-01,-1.087537265801650221e-01,2.837853157100623136e+00
6.258297815276113951e+00,-1.226135192384761208e+00,2.947710302579422237e+00,-1.228049022004097601e+00,-1.769960927485859870e+00,2.022723169051062753e-01,-4.264754719915999637e+00,-3.080495692740776725e+00,-1.593399981193396986e+00,2.068470577225463458e+00
4.178268259447299293e+00,-1.528067360414473663e+00,1.366408433297900293e+00,-1.752019303907487613e+00,-2.358586815760546962e+00,-1.784721748423952481e-01,-3.534248106617365437e+00,-1.943142285647596390e+00,-2.627005634200719086e+00,2.005890058048169777e-01
-3.751473186803611526e+00,2.226964826236624617e+00,-3.505336273713445805e-01,2.605517557396586525e+00,5.084416463897655447e+00,1.743889280766020899e+00,4.673052800104804394e-01,-2.959731970299031012e+00,2.112252370227079012e+00,-1.296478926454248892e+00
-9.554758239432938893e-01,1.314958823778115571e+00,5.941716453766870965e-01,3.379237115560522753e-01,-4.574941829476419364e-01,1.812025995916467513e+00,4.257267014847148090e+00,3.541814909570728531e-01,7.887525762883180747e-01,-8.035789875402641336e-01
6.355445059508102901e+00,-1.937183029540933576e+00,3.082430486555001625e+00,-3.317852411355064923e+00,-1.775004241906376290e+00,-6.328204249385361857e-01,5.122554496050483186e-01,4.787530061478832977e-01,-2.145077136397037787e+00,2.070240663498583267e+00
-7.484922136888778610e-01,1.960893420803496046e+00,-6.252049947386899564e-01,1.062159275261555180e+00,-6.823007416145329129e-01,1.862660215905067806e+00,6.117971992281781013e+00,1.779750916065849786e-01,7.824409401793577246e-01,-1.199833450705130033e+00
-3.852694333975463792e+00,2.319281009831262175e+00,-6.301117818723502850e-01,2.525032541929773444e+00,5.223285799801143270e+00,1.783053267719124646e+00,4.847643270744656618e+00,-1.982790428220231327e-01,2.357796674395971515e+00,-1.359858790936409711e+00
3.751784409621969907e+00,-1.935796987770651567e+00,-1.918073135441195953e+00,-3.246821199925977730e+00,4.002754620537086083e+00,-6.279288005149098462e-01,4.557964393395013136e-01,3.626855599736278357e-01,7.486060819789006615e-01,-3.389702285840122897e+00
4.604944062793070891e+00,-1.351147925731901234e+00,2.922587067063957100e+00,-1.510979288393064612e+00,1.212233396386638962e+00,2.439910271566804179e-01,1.857831229893331715e+00,5.444972309703510760e-01,4.344990359868949881e-01,1.013417083524581486e+00
4.988556862636515099e+00,-1.837799522641378802e+00,2.592101848291116006e+00,-2.682293248906793437e+00,2.414916841738972142e+00,-5.229144646776234806e-01,-3.917537777746293415e+00,-2.327669550637827545e+00,4.417521111009872214e-01,-2.373950495059031773e-01
3.356745278113466568e+00,-7.402935338022902378e-01,-1.686961981912407316e+00,-6.897040925803801237e-01,-2.108050374438341201e+00,7.161837931341856756e-01,-7.654389552617720804e-01,-9.832653348072035726e-01,-2.269478211122480715e+00,-2.516009489079962247e+00
-4.135131327476795349e+00,2.001489207089279354e+00,2.281908392514900186e+00,5.585457560249125208e-01,3.282878336517701889e+00,1.829981816049956356e+00,6.808041007269657996e+00,-2.564546352674024199e-01,2.958569278447853890e+00,3.337694414772337304e+00
9.576135206604230454e-02,2.059354782939417206e+00,2.076558538666796849e+00,2.434016991662371510e+00,-3.349270696315556073e+00,2.243469224561282616e+00,7.480643290135315482e+00,2.746941435269678600e+00,1.377780927147358447e-01,-1.478249476830426623e-01
2.893298485616239368e+00,-6.898433088987051542e-01,-6.990660241943297271e-01,-8.636720475878330028e-01,1.356329518191051076e+00,9.440529465697377054e-01,-3.728866341228120440e+00,-3.180676393013295744e+00,1.170664393978202433e-01,-1.286548043121063412e+00
1.771446263756187633e+00,1.239055764947305932e-01,2.244575622746732169e+00,-2.007113552212693719e-01,-2.150995479298487112e+00,1.402602061806683675e+00,4.287136963110699917e+00,2.105761342258544389e+00,-2.448476187162940576e+00,2.842908470950189503e+00
2.705460373685295572e+00,-1.571295904152350875e+00,2.936703223794169482e+00,-1.764271176731855295e+00,2.631170258674381479e+00,-2.147596883843201909e-01,8.168822010383157695e-01,1.258571438247528818e-01,8.799596437294612272e-01,1.209689242207439897e+00
-2.853168416706532540e+00,1.983449492825563487e+00,2.200001173218929296e+00,1.493347690542083939e+00,1.800361986987272900e+00,1.649923622561226377e+00,5.151780583340192621e+00,1.736470401036960709e+00,1.480004749474192138e+00,1.639572238047538377e+00
1.737330732766724228e-01,1.923227896399947401e+00,-5.044767236306231251e-01,9.313640242324945362e-01,-5.572987163353189999e+00,1.768866004589285890e+00,1.785371952692098585e+00,-1.099604436432446875e+00,-2.000091091615200600e+00,-1.217664160259019912e+00
3.556059861301900327e+00,-1.874993022888329142e+00,-1.440407373225684129e+00,-2.971464966804875818e+00,1.771481858233523443e+00,-5.674343552076944741e-01,1.983255851948695581e+00,1.229096500440931550e-01,1.001200432133439122e+00,-2.084102655165914530e+00
2.862926560492934369e-01,2.549965447160361443e+00,2.518535887437469256e+00,2.887444488461627046e+00,-5.965352428926426143e+00,2.636275769672423053e+00,6.413931757636005315e+00,8.928300759500835682e-01,-2.528438727368734984e+00,8.256597089256603184e-01
7.137892174541274670e+00,-1.969148039752645962e+00,-1.530781128263777990e+00,-3.472291820287593644e+00,-6.719605369667394079e-01,-6.595723965309174819e-01,-3.304561989733688421e+00,-1.575432622863439214e+00,-3.105738993103045686e+00,-2.342202790745072427e+00
-3.383643523226679051e+00,2.037014642256188779e+00,2.377071001971607256e+00,7.447904182482689706e-01,2.543580152200122235e+00,2.046812266374323563e+00,7.653790442610521438e+00,2.103381005068993836e+00,1.875886123240810832e+00,3.198650367113464732e+00
1.225551732303578722e+00,3.468104884343428673e-01,1.526397386991836358e+00,-9.445325794406933539e-02,-1.531417044788270676e+00,1.364761581424455361e+00,4.331274393588872229e+00,2.796771415869773847e+00,-2.163648084518287273e+00,-5.302187809781813144e-01
1.604390395887546283e+00,-1.953291411435900571e+00,2.423410201767218108e+00,-3.360118064193601040e+00,4.552966728415711373e+00,-6.438431284830469226e-01,1.923457797304987116e+00,2.862863120249631521e+00,1.788137663860943860e+00,2.793485446126342531e+00
4.504804555046651338e+00,-7.766717497370229095e-01,3.025819831391593162e+00,-5.966295848656919532e-01,-8.299832456479856457e-01,1.047298472170987704e+00,1.308466385370882779e-01,-3.936681420859020619e-01,-1.260718727690537833e+00,1.654727568028008911e+00
-1.508213199127620641e+00,2.991350919461212676e+00,3.634919003696179374e+00,3.014364057334098845e+00,-6.159072788871168269e-01,3.196814444815606393e+00,6.007570652401965638e+00,8.299703067550314728e-01,7.880364841734266435e-01,2.437281367368901996e+00
-2.261080724544338505e+00,-2.385318787579210342e-02,-1.384280809937310952e+00,-3.484992487896465541e-01,5.001928962993289041e+00,1.133097565747735347e+00,-1.743330223269731860e+00,-2.280633708217860267e+00,1.516280639868736735e+00,-2.104804556907827973e+00
1.391653542070874217e-01,1.974395376698371063e+00,2.087515272100835428e+00,2.841875129767904795e+00,-5.763996374977151227e+00,2.118426573262947699e+00,5.141177988260187348e+00,2.532398829713986999e+00,-2.653071364773750496e+00,2.239659985422031596e+00
9.888798144032290294e-02,1.780332667600353025e+00,-1.317676823774982964e+00,1.938187550381350377e+00,-5.283430821751294637e+00,1.894759682276074830e+00,4.540073383574226185e+00,9.178236231416736501e-02,-1.439283637117195092e+00,-1.896819464400838040e+00
6.497820638421119455e+00,-9.402312372526475670e-01,2.028349069457716425e+00,-7.315990505188354476e-01,-2.406994524814536351e+00,5.812736917519848445e-01,-3.247744736543904054e+00,-1.902543834422175228e+00,-2.490345963084332759e+00,-2.077419453952389361e-01
2.525870230779599934e-01,2.187681993619632781e+00,-6.132384976771599883e-01,7.749088132566175346e-01,-5.737152961872801882e+00,1.771314421532019567e+00,9.863090444992301808e-01,-2.657166577616660419e+00,-1.953756086905210188e+00,-1.240551147877875238e+00
6.816081914357968730e-01,2.535620910165803821e+00,-1.674006267891280153e+00,3.497938748349262994e+00,-6.095470736181706428e+00,1.890910031386406009e+00,5.024774292052024194e+00,3.987309785581931720e-01,-1.662269215143824752e+00,-2.472315936210232934e+00
3.825182849764000803e+00,-1.414227414236324698e+00,1.611838394208916281e+00,-1.409646078122760215e+00,-1.016574033266587573e+00,4.175113308702378678e-02,-2.998924932601451765e+00,-1.513959742220523541e+00,-1.302056931513658089e+00,1.559421565343801497e-01
1.880259364579241144e+00,-9.601473717343745884e-01,2.532147038598845157e+00,-8.669499033486096629e-01,3.549297866478200003e+00,4.703159876611140988e-01,1.148846043658922289e+00,7.029321497702802901e-01,1.453577515542371579e+00,1.831305197628424253e+00
4.443622501876596687e+00,-1.841242313015271970e+00,-1.797779110401769520e+00,-2.839239721378541859e+00,-8.095802065654700286e-01,-5.149342009835899958e-01,1.514177265797567173e+00,2.820509758363252573e+00,-9.673834804216974170e-01,-2.913959501679109110e+00
5.644360733439992117e+00,-1.820201427197106536e+00,1.059856278077628389e+00,-2.749141347708972116e+00,-1.183930653840351122e+00,-5.113810597291412741e-01,1.703261596838640868e+00,2.792854356269769411e-01,-1.205444644946396693e+00,-5.752688035496031915e-01
-4.264601338742398440e+00,2.097981793204560130e+00,-1.448526635777287241e+00,2.075757181445898603e+00,3.940410066315458426e+00,2.097206166353451806e+00,5.717578862930770001e+00,7.553096077103527151e-01,3.153706920440414230e+00,-2.165252779069245737e+00
1.472595318946218201e-01,-5.862378863485426805e-01,2.490182711733868182e+00,-5.804544378167193486e-01,4.370219436535380808e+00,8.557407052611978315e-01,3.565646899113513513e+00,1.926274074122352076e+00,1.577574249291822994e+00,1.746627718647697947e+00
4.349770735464988380e-01,2.253434200024460932e+00,2.732804761891767242e+00,2.428611654555981048e+00,-5.348506134175716298e+00,1.880814793713573074e+00,3.719269818063683175e+00,-5.017777900523276990e-01,-9.111339682194579126e-01,2.870870014515372937e+00
5.435369756099957428e+00,-9.123724478684280825e-01,2.817468799732735896e+00,-8.931810238354271902e-01,-2.290424308066802972e+00,6.380736987458397458e-01,1.225285661820147753e+00,1.270554509288978728e+00,-1.872926293987976942e+00,2.518957811039707728e+00
3.356445707420548707e+00,-5.466382739000067437e-01,-1.900928170723755972e+00,-5.300383157107395604e-01,-1.702933836474789020e+00,1.304573804214109067e+00,-3.761954388438673025e+00,-3.233357281003506500e+00,-9.892777369629222051e-01,-3.321544837656597693e+00
4.143758742724480415e-01,2.270623146611788545e+00,1.938453541316308426e+00,2.648571019523254577e+00,-5.844538858555254457e+00,2.025913694249944719e+00,4.183632822292386422e+00,-8.993710511090524662e-01,-1.868302195364300200e+00,3.571609443582941523e-01
-4.085395868390960139e+00,2.253995826708167449e+00,2.288527700334649140e+00,2.337209801016770783e+00,6.892503172080888696e+00,2.450409833199872267e+00,8.706871392043518121e-01,-1.760238489298216358e+00,2.714981997642157197e+00,3.219310932839995587e+00
7.904358078804598620e+00,-1.968205767786483040e+00,2.156638729367196028e+00,-3.466249106042874395e+00,-1.503334719792377649e+00,-6.585244758507233787e-01,1.012385019716308676e+00,7.621196931645108918e-01,-2.305276503708506564e+00,2.389688106921047606e+00
8.109155188401873104e-01,1.159875762524320564e+00,-1.710106932085539988e+00,5.577692087366754592e-01,-3.073128817229282994e+00,1.673517564106333788e+00,5.806488513544856289e-01,-3.287251342143727051e+00,-1.149688386181910715e-01,-2.692548407365724650e+00
4.304691065684738138e-01,-1.650379484289286047e+00,-1.841369734497546151e+00,-1.962663895875303766e+00,4.241892870224479140e+00,-3.078807641590853295e-01,1.180464776651756420e+00,1.296336757427831721e-01,3.116335834761766677e+00,-3.088948345274761476e+00
4.939106337478981423e+00,-1.824638452662912469e+00,1.918405748422159274e+00,-2.638963837528161882e+00,7.012920084780284169e-01,-4.813285154722917181e-01,-4.184658222180044795e+00,-2.592336011154433795e+00,4.598790295484294077e-01,-4.375242753237462701e-01
4.862594747197697687e-01,1.940356799495525753e+00,-2.274553129078074054e-01,2.141808553186026920e+00,-5.595867278838973391e+00,1.732860712144948634e+00,6.117796267062716176e+00,3.032945954819297185e+00,-2.138312405513276726e+00,-1.306958554448831578e+00
4.103874771600716009e+00,-1.870920263126671701e+00,3.311199537339298615e+00,-2.908870496164766450e+00,-1.074735003911003073e+00,-5.795743867395163340e-01,-4.536062504161359143e+00,-3.196758968351833818e+00,-1.002406049332283278e+00,8.904880838675426347e-01
8.585760329203597774e-01,-8.483414131193502961e-01,2.990187051196036450e+00,-8.299065802218095200e-01,2.539591296066516346e+00,1.032024366500010837e+00,1.672503601564822695e+00,2.778725603468392258e+00,2.084278410740719067e+00,2.851100766299458300e+00
5.192514621505899264e-01,1.624394127218361072e+00,-1.789142961701225998e+00,1.055753048152181073e+00,-5.662230585223130497e+00,1.668532435371760325e+00,1.427425774997282293e+00,-1.947924325654587063e+00,-3.234664483310571548e+00,-2.857571820160226927e+00
-4.146000955025447965e+00,1.891150902548570878e+00,2.619624227639831826e+00,2.151067414946066236e+00,4.936593312492410845e+00,1.635632240887646471e+00,3.095117481418657723e-02,-2.866372796390932010e+00,2.932586084751072519e+00,1.452130378306316416e+00
3.916121306810763425e+00,-1.726798582525916670e+00,2.521775250688294445e+00,-2.385732233624858978e+00,2.461304109088839454e+00,-3.852380400138577521e-01,-4.251416094192919104e+00,-2.729519161598811916e+00,5.200753533446835775e-01,1.303035117923157848e+00
7.094827983354123901e-01,2.733950153219356416e+00,-1.393766082242885229e+00,2.566633215924582601e+00,-6.214295453232427491e+00,2.626415379530341987e+00,6.923723477904858647e+00,4.810864374698864410e-01,-1.876900903453908587e+00,-2.116670332291562318e+00
-3.089152120589879758e+00,2.739684258106259707e-01,1.336921876482178584e-01,-1.059868985581817746e-01,7.524265839837234182e+00,1.549003811708079326e+00,3.863914463718136627e+00,2.731025995026085340e+00,2.224652676694958586e+00,-9.444664255249284324e-01
3.301984620258525460e+00,-1.188754856597289855e+00,1.844407801692673043e+00,-1.191214972920232373e+00,1.186741884482200859e+00,2.956417844798768790e-01,1.195293796208270365e+00,1.375855403290073831e+00,6.682866716699100706e-01,-2.705596231022555642e-01
-2.223398750590417916e-01,-1.644861577714590517e+00,-1.360473012569916484e+00,-1.931772384316748248e+00,5.470913233830867028e+00,-2.826136934052052019e-01,3.379851875843091213e-01,6.670986979199655664e-02,3.266643551155116398e+00,-1.976731264609250971e+00
1.025757984196453698e+00,4.110768952464945447e-01,2.382520256969361316e+00,-2.765378789085115585e-02,-8.484749728745792918e-01,1.685692763588842125e+00,4.111416216952764380e+00,1.587234415803680854e+00,-5.489635739321707675e-01,3.018433567155280883e+00
5.356474757986906532e+00,-1.728985097533971338e+00,-6.426589456506953679e-01,-2.179669361928652460e+00,-1.250490805290873197e+00,-4.115848097210385026e-01,1.978525471697329285e+00,2.327485266167524713e+00,-9.980102728325501715e-01,-1.224560344235545273e+00
1.061758472349083604e+00,-1.706172158483945545e+00,2.113899802611586942e+00,-2.125065756282549678e+00,2.748796735225347287e+00,-3.958320496690977963e-01,-4.235147510162963869e+00,-2.671675830952317643e+00,1.889995278976316584e+00,2.338218671295157591e+00
4.149156386996081247e-01,2.159260400501782584e+00,1.517976856950881803e+00,1.701428170706802412e+00,-5.830977186305587701e+00,2.080642351834514070e+00,7.461349986588976080e+00,5.717882922430224113e-01,-2.359300215468137285e+00,-1.899190620597890344e-01
1.533742420713472443e+00,1.626704892785375556e+00,2.299428965372751321e+00,8.383745557352977329e-01,-4.829815518110689432e+00,1.771091814721736490e+00,2.587710387568829873e+00,-8.909258751948114785e-01,-2.327836927639719278e-01,1.284933013100431509e+00
-3.816545308561035688e-01,1.176337970367399954e+00,2.755525467527317307e+00,4.789536178138629197e-01,6.099038238564316039e-01,2.039506731694418207e+00,1.833072659404080262e+00,-1.065292075911890901e+00,3.956520593852266288e-01,2.870280404977280320e+00
3.968580489124908794e+00,-1.730010288622671588e+00,2.747907835530611020e+00,-2.235940115846923870e+00,-6.029397157666298579e-01,-4.480143412339612219e-01,1.272920854813025304e+00,-1.996490839909910164e-01,-5.436144540573315531e-01,3.491442319907850589e+00
6.937010754934077594e-01,-1.647631978881702208e+00,-1.515378090619504237e+00,-2.099549748921761161e+00,6.723942060038445412e+00,-3.151169830667889804e-01,-3.141005785558122376e+00,-1.731859115950767691e+00,3.193246846895157809e+00,-2.197013601157962182e+00
-6.035043446388601573e-01,1.953783114617095862e+00,-1.787320068882350732e+00,1.260329028618570213e+00,-1.382484164738187804e+00,2.298422380149618416e+00,5.749750662082246500e+00,3.034732432249051648e+00,4.406450773656200859e-01,-2.927011159280788366e+00
-2.650649543794465490e+00,1.043774188142019943e+00,2.524602599560898941e+00,9.875054639533864531e-02,4.518338735812168494e+00,1.846172734032444973e+00,4.216162635067455255e+00,6.855394687741087623e-01,1.408574613034361711e+00,1.727896800771643093e+00
-3.982948405278208703e+00,3.404565395397658900e+00,2.723266396211869278e+00,3.168426017918797299e+00,3.016578641365962987e+00,1.881304138874212883e+00,6.874624003694266960e+00,1.575127884087874186e+00,2.407444152449917496e+00,3.490868347913959724e+00
-4.402481922577281104e+00,3.508024600045108521e+00,2.788199028695399484e+00,2.931462463988022016e+00,3.994485805970334980e+00,1.963168456402524020e+00,4.658590167586709185e+00,1.590678239457732346e-01,3.161254133051892623e+00,2.035445577970471653e+00
-1.704663900622761963e+00,-5.026101207617534872e-01,-7.000658431310109453e-01,-6.067628446052966140e-01,6.951509630800936534e+00,1.160137856634496867e+00,2.780865302604245581e+00,-1.091581012846147836e-01,2.500303282868890697e+00,-1.383982657577517372e+00
3.818721609580057574e+00,-1.651744957940854963e+00,1.803832528439489602e+00,-2.047596817103363165e+00,1.036778385585259921e+00,-2.589482975603278336e-01,1.512849398319474625e+00,3.317360562770788945e+00,-1.592277880441050897e-02,-4.759629641554186108e-01
1.032459912173226968e+00,-1.347042285029544484e+00,-9.794081854158261935e-01,-1.530901655495725766e+00,4.236632874121509573e+00,1.239679525115649356e-01,-3.705338927515876790e+00,-2.095758673336745037e+00,1.967547087761121638e+00,-1.520692558315582810e+00
-1.823267180844156954e-02,3.288871493430479021e+00,2.293237479070826090e+00,3.396774745854456157e+00,-5.568380527487942544e+00,2.532287037104096417e+00,5.646123754668097128e+00,3.408402563522625606e+00,-1.790866807423896923e+00,1.176681903068420354e+00
4.731138782421565603e-01,2.104165058290341506e+00,2.328487574085899237e+00,3.239947938798861671e+00,-5.313932899231361695e+00,1.730081755168752622e+00,7.179197414876629324e+00,3.741604278136598793e-01,-1.081184105000655649e+00,1.375666926306987392e+00
7.608949936488393906e-01,3.051935120669045931e-01,-1.849759476110633072e+00,-1.747266716968463030e-01,-2.596697097229169415e+00,1.451962192522789019e+00,4.204275910746109624e+00,2.912143663362717128e+00,-2.292852335962857868e+00,-3.100371770789173809e+00
-1.460262509232108430e+00,2.751574274210804472e+00,-1.718153094832950201e+00,2.852139253875806801e+00,-1.365528592414945730e-01,2.173501954707990791e+00,9.147042388431398940e-01,-2.477053278690241722e+00,9.623579572534470827e-01,-2.642937566997771714e+00
-2.191217038121168414e+00,2.889915615154424078e+00,3.097965393636185283e+00,1.302225627839661115e+00,2.297853578739712965e+00,1.822118854646426866e+00,4.315460110661827997e+00,-5.297251406379963612e-01,1.157084005707369023e+00,3.114537646626788892e+00
-5.979351946935662632e-01,2.115542689901527051e+00,2.780560097168299993e+00,3.244065541357534777e+00,-1.236327431951297351e+00,1.996065726913385241e+00,7.438083594004753607e+00,2.677241445661854513e+00,3.172996446107108071e-01,3.411699518415446164e+00
-2.536942234084042624e+00,2.320566367602906688e+00,-9.643204996999604761e-01,3.351108574221230541e+00,2.539994350015826186e+00,1.757982046879893678e+00,1.511475425318523413e+00,-1.441696857448417468e+00,1.253524848994037377e+00,-1.440951938226816775e+00
1.716382059492558509e+00,-1.652195551719886080e+00,-8.625902059680984335e-01,-2.199141623228248577e+00,3.027093399438248511e+00,-3.374600536864827416e-01,-3.677552624232649059e+00,-2.085647465106308829e+00,2.040763319680630516e+00,-1.628393481981498692e+00
-7.052525642063010025e-01,2.044462318171530679e+00,1.148790177397090106e+00,3.175588101543844743e-01,-1.537915634929593267e+00,1.786137597055537984e+00,6.065384745039221315e+00,9.510274352092382699e-01,2.644350335229286308e-01,-2.473815144620097328e-01
4.116565921247151039e+00,-1.176070248279146302e+00,3.807401726650337714e+00,-1.039222669639581653e+00,-2.384172828303052771e+00,5.784298000361036696e-01,1.274081068870251077e+00,2.673734008845380927e+00,-2.476391683760083673e+00,9.939212625886746366e-01
5.348979472601254948e+00,-1.198301402437796259e+00,-1.746695945825587071e+00,-1.040603418702352290e+00,-1.131744673142508262e+00,3.843256362862540465e-01,1.374188112948147911e+00,2.212750850036166561e+00,-2.046111472643620033e+00,-2.799379435014603068e+00
2.604817306091282703e-01,2.048269061368479527e+00,-1.732763180166510431e+00,2.708155486491934383e+00,-5.703708104297999348e+00,2.480267764792059015e+00,5.505546568321495471e+00,1.902978481115372489e+00,-3.384140670817346042e+00,-2.689591125020043272e+00
5.708421511301728923e-01,2.025161847957041683e+00,1.653953148077889512e+00,9.211331714742083676e-01,-5.903923404028224908e+00,1.890124930088157518e+00,6.323667614132027381e+00,1.524191484213928582e+00,-3.277989135709281854e+00,-5.599527572692597488e-01
3.450919875788551305e+00,-1.578283769667272463e+00,2.285715318496896131e+00,-1.751772095232401183e+00,-4.688604105544791345e-01,-2.917551914255165357e-01,2.219918852653847807e+00,2.414079763390142297e-01,-1.245668093390639442e-02,1.087464293007576188e+00
1.534085655196287146e+00,1.915318937995612147e+00,-1.417026848313819309e+00,1.835544566427261159e+00,-6.271760296833786441e+00,1.830492200241880640e+00,8.189633381609360274e-01,-2.505964443434042010e+00,-2.456048182970914873e+00,-2.191184911440502869e+00
5.251503710184136642e-01,1.914427821670614760e+00,-1.925166172263325315e+00,2.584882502833374396e+00,-5.768500905326427564e+00,2.021065948286864256e+00,1.243077690706808180e+00,-1.480545447410142046e+00,-2.200074704827246208e+00,-3.423857214614837829e+00
6.997912683425362435e-01,2.532700848164087137e+00,4.088095757204165182e+00,1.406349545444117055e+00,-5.779261307794988589e+00,1.909191967465429407e+00,4.108668960330119191e+00,-6.489940517357828398e-01,-1.081527836138622689e+00,2.894095647929889381e+00
-1.355554559985827412e+00,2.015580571489000050e+00,1.396009943341994353e+00,2.052664918773964509e+00,-9.997281373580896302e-02,1.723491703421773824e+00,4.684043987861352676e+00,4.615938429076438254e-01,8.643284474391865757e-01,-5.625547036241087540e-01
-3.383739262376991519e+00,2.404916360425157329e+00,-1.264047869376237365e+00,1.671660232926807765e+00,3.954365607652184256e+00,1.851780629060666428e+00,3.737126221003005178e+00,-7.132785839141417839e-01,1.821772463496061256e+00,-1.733502845933995840e+00
9.443897752497188991e-01,2.769632357390916066e+00,2.362755052848287463e+00,1.429470372008339041e+00,-6.456952194536579093e+00,2.447132997287167377e+00,1.035158075410541612e+00,-2.554311604262029078e+00,-2.828245318190773627e+00,3.441855509573215066e+00
5.718036517333734636e+00,-1.834346972515773277e+00,2.631504341718218676e+00,-2.674832638159467368e+00,-7.679011299144626879e-01,-5.310074722815391057e-01,-4.139068024040345684e+00,-2.403073125532726451e+00,-1.289693312058099117e+00,8.888481660974711929e-02
-2.121198802873067724e+00,1.737756987330391301e+00,-1.913640323012002709e+00,9.491275869413158262e-01,1.609008120342440229e+00,1.783977526309698192e+00,-1.353099687598832424e-01,-2.526936025451439249e+00,1.128753890192083276e+00,-3.401816092731194452e+00
-1.483839758259918984e+00,2.262346041400762786e+00,-1.300015356686105239e+00,2.443672186825904369e+00,7.082713326032514800e-01,2.275967630858847457e+00,5.759486121750179599e+00,1.263935721542383206e+00,9.191901729408424870e-01,-1.869484923534131982e+00
-1.415619075637293944e+00,-5.069229180664290846e-01,1.987789585739954124e+00,-4.122060430578420309e-01,4.395809929114871117e+00,9.743110459862485140e-01,2.512994439671345059e+00,3.636426746727994264e-01,1.921755617654852699e+00,3.903443719888421981e-01
1.076820368464500799e+00,1.026226111991652146e-01,1.056096923083865491e+00,-2.819179175358517142e-01,-7.874756017878595804e-01,1.441697608699494815e+00,3.860976297178095873e+00,-1.871896448436212168e-01,-2.064500507663282747e-01,-4.886432804244620343e-01
1.275279425909749964e+00,8.161877130479809894e-01,-8.441880121274232263e-01,2.008869101023949000e-01,-4.304304048133485772e+00,1.639586345316579319e+00,-7.785602334621362086e-01,-2.782053121235287030e+00,-2.885878057860542967e+00,-1.339253281542918561e+00
-1.338953589740996541e-01,2.062810271377291116e+00,-1.575746749051085249e+00,1.632565611306641351e+00,-4.538689232634931514e+00,1.942970785690374624e+00,7.363897249012170576e+00,1.712774062456643875e+00,-4.852965825393180666e-01,-2.316625161599823457e+00
6.646010842042030298e+00,-1.001293281732210660e+00,-1.708784369419370952e+00,-8.553282138095887888e-01,-2.043798411426018813e+00,5.042477128113742602e-01,1.402903260255523810e+00,1.187349600334724364e+00,-2.049296005239937379e+00,-2.641056494307455260e+00
