2.232320351339942555e+00,3.507793219183734656e+00,2.501630588687145718e+00,-1.220131366884793955e+00,2.095247340434924332e+00,-2.452711380651289019e+00,9.903252635247540292e-01,-1.421969444051282006e+00,-3.524922363856970442e-01,-3.261694589100580188e+00
5.828484694079378858e-01,1.611230016638378615e+00,3.048063727681137536e+00,-1.768667127943972517e+00,2.096602443563807761e+00,-1.420131778588757498e+00,-7.982774176792785115e-01,-1.757283982223859509e+00,3.551454442841517345e-01,-1.067089751747843707e+00
-1.534797199583743055e+00,-1.862277678459992147e+00,1.755793703902330360e+00,-3.301411277559402002e+00,3.053558724139962877e+00,-4.148701893398931695e-01,-1.596766439111234170e+00,-2.129262511459030005e+00,-1.752209731395746317e+00,1.197392866468261374e+00
1.740814397558569482e+00,2.132945759883875247e+00,2.084651174803422435e+00,-1.728862820006559886e+00,-2.985565400923499979e+00,2.323787662176935775e+00,-2.274842212562117716e+00,-1.691150125591361020e+00,4.840909698467267930e+00,-2.627939049207707711e+00
1.284939069332189820e+00,2.116997695823875425e+00,-1.854080543693054750e+00,2.366249559107870049e+00,3.948630607376388824e-01,-1.934416959418766790e+00,5.935640878681314181e-01,2.780338434339195697e+00,-1.237216906626062318e+00,-1.873706312552912756e+00
-8.028344031574244921e-01,-6.867975589791550650e-01,-1.538689941790862159e+00,3.952262587175909836e-01,1.572760926478350640e+00,-3.144235115092158139e+00,2.587147379681105974e+00,1.472941188897332498e+00,-3.513125795951925312e+00,1.236185792907122938e-01
-1.422088606777639930e+00,-1.703802708285432788e+00,9.094988157351748814e-01,-4.042113562903710822e-01,2.510969151095970631e+00,-2.057458574153708586e+00,3.371268869763369702e-01,-4.737169100159584478e-01,-4.955532536449261727e+00,7.770764741956099897e-01
-1.599318519308821962e+00,-1.952431028937787305e+00,-4.627772611238876732e-01,-1.011896869379342867e-01,-5.172973020096174324e-01,2.593627876340871552e+00,-2.308695271393140569e+00,-2.645172707705084614e-02,-1.385617492966837672e+00,1.488534798265491510e+00
2.130696900519032155e+00,2.324801351361073465e+00,-1.901750742284602724e+00,2.500273036696913920e+00,-2.024669096937408597e+00,-6.931966156603701634e-01,-1.443100298542614235e+00,2.647895834848626340e+00,-1.611138286443200451e+00,-2.912199527159652135e+00
1.759656915553476697e+00,1.876400578624686677e+00,2.137230312878694249e+00,-1.232936211332999576e+00,1.280948238243217574e+00,1.698708758228266724e+00,-2.203512718568600981e+00,-1.618695429381364681e+00,2.373188955228674679e+00,-1.115647544753837650e+00
-1.837824201144063085e+00,-2.082266581707931330e+00,1.291096958977835163e+00,-5.060868133900231491e-01,2.066241128686301387e+00,-1.744567763104282632e+00,-3.407175238336341838e-01,-9.247087672757967614e-01,-5.745506941503726317e+00,2.217057578436706144e+00
-3.160639789739164707e-01,7.086745431602046175e-01,-1.946195643698641620e+00,2.365047893031902326e+00,6.296365330784619019e-01,2.533088526111592742e+00,-2.289215028270060959e+00,3.074263299825695128e+00,3.115690503454514815e+00,-5.422604009812079795e-01
2.768836366666048932e+00,2.290251152973436621e+00,-2.033997207040480149e+00,1.587772283724365963e+00,-9.168094025836488470e-01,1.104301597766015774e+00,-2.087662454181067773e+00,3.716530522343978404e+00,2.416112577284291185e-01,-2.912545908782546711e+00
-1.984414409425579340e+00,-2.173186788795459901e+00,1.821079571785165774e+00,-2.629061861825353397e+00,-2.322745766490644126e+00,-2.145987634504275654e+00,1.136939926401725032e+00,-2.041339506887129840e+00,-2.629653709561782904e+00,3.117772115741412442e+00
-1.054353303606711201e+00,-1.068414040781657803e+00,-1.815032023678984974e+00,2.914858974882951870e+00,-2.300699474321583615e+00,-1.934255681058860699e+00,5.016347451855415196e-01,2.386742999546188848e+00,-3.599069439140766491e+00,1.358144467500492780e-01
1.896171192886558554e+00,2.840702284114617449e+00,-1.999816985822901794e+00,3.277730750219978617e+00,7.131538991477670564e-02,-1.592004651518289737e+00,-5.394991286408360454e-01,3.406896140331146405e+00,-3.586833388388532828e-01,-3.043764726434332601e+00
-1.706882230878039808e+00,-1.990221419746280640e+00,2.631597911281074786e+00,-2.001227638642834705e+00,-2.385461858661066081e+00,2.547460000887794784e+00,-2.296319548562546498e+00,-1.870759604714389734e+00,2.393007126839620247e-01,1.718331609319069919e+00
1.487353845451754752e+00,2.664307118964911680e+00,-1.656479809061293107e+00,7.381180642587255036e-01,3.329191767209234598e+00,9.817181525919371765e-02,-1.705964536742303084e+00,1.716806292377149212e+00,-8.603241904394789419e-01,-1.500686796223698938e+00
1.308089862797325198e+00,1.509365211575158572e+00,-1.768378758031575071e+00,2.709554634737460610e+00,3.084229830932737393e+00,7.476216580201864303e-01,-2.005793556519689602e+00,2.139031574123244628e+00,9.129634414681069288e-01,-7.494499741317057762e-01
-1.730995564445484192e+00,-2.042060366943071248e+00,1.843093510515863453e+00,-3.473698735207379595e+00,2.884805638184027465e+00,-3.620435148613996290e-01,-1.552691508549497001e+00,-2.156253265701477240e+00,-1.867217746259937083e+00,1.952767570350729898e+00
1.865051615059277301e+00,3.130231110321450849e+00,1.911710013296690880e+00,-3.440305343731401067e+00,2.543494326643568115e+00,-2.776871190923069221e+00,1.521223236564799741e+00,-2.151184618899027789e+00,4.454200563727473750e+00,-3.450006173031010093e+00
-1.635275394433826524e+00,-1.888018102127809961e+00,-1.927071447225393808e+00,2.940031641957724595e+00,-1.341981756394776237e+00,3.770907421815201666e-01,-1.865864980887053992e+00,2.751486659616354302e+00,-5.390099090289681705e+00,1.504490836813733523e+00
-1.726482475751625278e+00,-2.004273256521032387e+00,2.353563596767308752e+00,-2.092586139685615798e+00,-1.311800721037215567e+00,2.297146461002504303e+00,-2.275388838131374047e+00,-1.877086341388853441e+00,9.044228484438383564e-01,1.836591254725955302e+00
-1.991596928324178561e+00,-2.184542733148161275e+00,-1.916453641923810736e+00,3.259805118376814193e+00,1.178619744183098561e+00,-1.460673789478043716e+00,-6.658791908280985439e-01,2.807061537316761335e+00,-6.448983984560567428e+00,3.206315749897215461e+00
-1.059305303960515143e+00,-1.186616657254352614e+00,-1.376161054363953751e+00,4.593400774803853004e-01,3.482364669100896926e+00,-2.373629784428108458e+00,1.252019679482822667e+00,1.110301097821346117e+00,-3.530111099520967244e+00,1.375331661045380294e-01
-1.992733033878131721e+00,-2.188670336986107134e+00,-1.944754061307627513e+00,2.843711201742602057e+00,1.088187638720485850e-01,-1.155898103255455833e+00,-9.008192060948798652e-01,2.857730701590508460e+00,-6.356405353116885593e+00,3.228960213788029776e+00
-1.868043761333473940e+00,-2.091874709971508928e+00,-1.819058355108097214e+00,2.352066459239404494e+00,-4.083017187619004673e-01,-6.400804194768654476e-01,-1.535629483524910688e+00,2.198113858688972133e+00,-5.933140273411085630e+00,2.426695887192603429e+00
2.460178169652968094e+00,3.112410547356200929e+00,1.759673451470957772e+00,-1.351806495286891341e+00,-7.253704796939342003e-01,1.784472458610227186e+00,-2.218957715700072164e+00,-1.641219668738771675e+00,5.097864591665135947e+00,-1.922629425434442707e+00
2.164891498567985018e+00,2.327573410650249031e+00,1.150444609685417507e+00,-3.352676730739423405e-01,1.785428276577375684e+00,-1.356200667536037852e+00,-7.715127210968095728e-01,-5.050916327780593518e-01,-1.407006785919984182e-03,-3.018436475564466370e+00
2.249650097120679426e+00,3.076703836679621773e+00,-1.018365379860560194e-01,-1.710989254060941711e-01,-3.319736505109772473e+00,-4.661131797860198489e-01,-1.456601390904068705e+00,-4.714323900365685605e-02,-1.278237030075815017e+00,-2.011197583493447461e+00
-2.032078898266840739e+00,-2.204814912978600994e+00,2.543747881601483574e+00,-2.777217084089550703e+00,-1.796938108550871327e+00,-1.026161511059346942e+00,-9.639177214882835854e-01,-2.040057011505118201e+00,-1.798245930163066220e+00,3.452503425226948863e+00
-1.864452307297016054e+00,-2.098407877671196964e+00,2.335775899777707387e+00,-2.546568934751303637e+00,-3.310738278686824465e+00,1.450411808376737000e-01,-1.843745100469054821e+00,-2.008311840632567069e+00,-1.342398042980768480e+00,2.347180185088132198e+00
1.827838040790721319e+00,2.517244508477570974e+00,-1.760927047238796117e+00,1.383744409464041425e+00,-2.447655097842742045e+00,-2.475907602217892300e+00,1.801126943907332745e+00,1.908752844700157381e+00,-5.903816550461520318e-01,-2.675106231164505743e+00
2.318881147892172478e+00,3.360343450038950408e+00,-1.332160034089343137e+00,4.336855825113490326e-01,-2.528020272592589990e+00,-2.055735516150821951e+00,1.084396401784156749e+00,1.087880117690235515e+00,-1.456627838745643500e+00,-2.968028019701122400e+00
-1.978920963048271364e+00,-2.175798561466224079e+00,-1.849414688728028722e+00,3.351233049791300544e+00,-2.013017229137901598e+00,1.548587415381018850e+00,-2.182441396938021860e+00,2.565514095903823844e+00,-3.557475462380526032e+00,3.137141492108278307e+00
-1.819073345475054504e+00,-2.064272213417909008e+00,-1.537455161940252335e+00,2.865107863686677803e-02,-5.221454826072307043e-01,-3.207365715264416828e+00,1.825054048603483636e+00,1.343718113179601437e+00,-5.994571239807283014e+00,2.123878456026567108e+00
-1.399176028814813622e+00,-1.594557119002601997e+00,2.153480307368512925e+00,-7.634233301915136494e-01,6.699908874780504675e-01,-2.657592065894303079e+00,2.438404730087031957e+00,-1.188526209184461058e+00,-5.058184345254400860e+00,7.211436644879078983e-01
2.483549262021897519e+00,2.787034132386795982e+00,-1.929816599903970697e+00,1.178108087547108163e+00,-9.401127138055791477e-01,-1.733920640088620901e+00,6.642655284489533685e-01,2.819304654675250710e+00,-1.642287108237768578e+00,-1.651589503032599104e+00
1.382965506924192178e+00,1.421300159102550476e+00,2.781174175892517475e+00,-1.141829392352329720e+00,-1.972438446374946253e+00,1.293873083977604921e+00,-2.140709170089651447e+00,-1.461031594368388919e+00,1.435202607759831661e+00,-1.152629323028242503e+00
1.869913547102265206e+00,3.238347602402564362e+00,-1.751120460971231418e+00,2.619116510254625219e+00,-7.248616050099481178e-01,5.941033845560905746e-01,-1.952318895872776849e+00,2.115412424934718594e+00,8.834895397329400879e-03,-2.068007729094638592e+00
-4.064279152377507920e-01,-2.279024784925806069e-01,-1.895190687652267281e+00,3.389342148711453895e+00,-6.104308280192545233e-01,2.199158853479468156e+00,-2.258220590495112035e+00,2.701027108094070872e+00,1.165809322551150551e+00,-4.054308850615173654e-01
-1.232285030852411589e+00,-1.491277255459095619e+00,-1.990692108007819927e+00,2.927950457932501749e+00,1.738475912022900083e+00,-3.028961373708111360e+00,1.891324968944092078e+00,3.364657087746520503e+00,-5.658806799977774915e+00,6.018258294301599420e-01
1.982597946928911226e+00,2.997565100212332023e+00,1.745201040238022472e+00,-2.188921648371245254e+00,-3.101920833613428741e+00,-2.341097524688293685e+00,1.964768462737624066e+00,-1.933076303095662363e+00,4.487669505038449635e+00,-3.124322121081978487e+00
-1.630964071806397575e+00,-1.902154982760057456e+00,2.333608930662050440e+00,-2.594711512375704299e+00,1.775014856819928433e+00,7.484760975222970458e-01,-1.988755800263154461e+00,-2.019934770426112802e+00,-1.048214378364336063e+00,1.456012310026510548e+00
1.443755380415012501e+00,2.014423837449490939e+00,-1.827907142813445240e+00,1.841843824757784631e+00,-2.317126280082955070e+00,2.510934417527524332e+00,-2.307411585643425855e+00,2.162837072740845912e+00,1.580336054157410519e+00,-1.616630278066286674e+00
-1.892378761078113758e+00,-2.116931343562551415e+00,-1.760453887361149272e+00,1.470977831100313438e+00,1.382169405685829133e-02,5.218969942896478642e-01,-1.983030553384157457e+00,1.992144388268069166e+00,-4.900931512531826684e+00,2.518526519127579633e+00
-1.660137205168355834e+00,-1.873286931881088524e+00,1.966467175563020531e+00,-2.998177472582399972e+00,3.266784750117060376e+00,-2.919213959697513960e+00,2.263667749770221782e+00,-2.090642747850055994e+00,-1.744639335756139165e+00,1.488678262020703080e+00
-3.794512744819724670e-01,-9.994689125117151018e-02,-1.939680125852726977e+00,3.298434048909245853e+00,-2.477557511108511523e+00,3.360559732721595694e+00,-2.381252585778892428e+00,3.120511655999347767e+00,1.648214609913067896e+00,-4.340432547640920014e-01
-1.461258320497570651e+00,-1.774728419599089557e+00,2.286369317053928540e+00,-3.445755931339057998e+00,1.577682722841777796e+00,-1.084495965777664495e+00,-8.148724985922315422e-01,-2.150925305808238708e+00,-1.733771677027347025e+00,1.022767208254551363e+00
-1.013964154667918116e+00,-1.445506168044685680e+00,1.622537737110352651e+00,-8.366330642850838828e-01,-1.150808000922657115e+00,-2.556364662128410181e+00,1.732829849250756560e+00,-1.295017204611081052e+00,-4.575404889747902715e+00,3.954942587923131470e-01
-1.512945409062972368e+00,-1.875558873574168839e+00,9.989718918101102574e-01,-5.155086855393657963e-01,-2.958211845392973771e+00,2.218317226282410459e+00,-2.254419009148606268e+00,-6.411551933273778037e-01,-2.015388603380462662e+00,1.231430871807068783e+00
1.787404160757810168e+00,2.046277067840267527e+00,2.451277243584440324e+00,-2.606624785607736250e+00,3.033862137791097702e+00,-3.341395055771174682e+00,1.721504319025086938e+00,-2.010329556417969954e+00,1.301421604706192836e+00,-1.403112511421931607e+00
1.248443603997682061e+00,1.712519647276942392e+00,-2.069829429958632616e+00,3.413632501410809539e+00,-3.263670761607553761e+00,-8.171622677185634842e-01,-1.212778988403885538e+00,4.059629945474006796e+00,-1.357375764822339015e+00,-1.613891639028509850e+00
1.346709758791623912e+00,3.180072856584784891e+00,-1.833559483849103833e+00,6.172101794383975104e-01,-8.404049622928924101e-01,-1.660148618001937137e+00,1.900369736490077344e-01,2.247310064562687337e+00,-1.157713943160215919e+00,-1.728127793962937586e+00
1.044096099464400407e+00,2.177952857250703200e+00,2.381073238090877453e+00,-7.205377693352614799e-01,8.540664087854850095e-01,-2.321258065180499930e+00,2.293183081862502970e+00,-1.224616542062495927e+00,-1.350023414992303827e+00,-8.911567165067060259e-01
-1.536379579252142191e+00,-1.878929179017318152e+00,-1.937974934232016055e+00,3.119452679070611190e+00,2.831692092942899031e+00,-2.257383247413736083e+00,9.398298297011562497e-01,2.875655843536085055e+00,-6.116587888495353731e+00,1.273007344594790702e+00
1.146988261348290461e+00,1.972349965358940027e+00,1.821549213420562641e+00,-2.503179491780528121e+00,-3.135486089985393576e+00,6.666737447268884509e-01,-2.003551851420173779e+00,-2.007078344741965115e+00,4.385131916768905569e+00,-1.346458435161669520e+00
-1.484310398690230404e+00,-1.778683611220638117e+00,2.053479740351332516e+00,-9.773401621512682880e-01,8.872169727906458192e-01,-9.213691671219597090e-01,-1.262197563500218056e+00,-1.443942578708488078e+00,-4.935248837929199439e+00,1.062165501156910885e+00
-1.428309610048936307e+00,-1.751053581197122178e+00,1.602837043169943243e+00,-1.903471554466050097e+00,6.837333093206785506e-01,-3.038595511210877120e+00,1.874208562319755078e+00,-1.758752784734411323e+00,-3.584970071744116638e+00,1.001084915674489650e+00
-8.770490577628613504e-01,-1.352412274596664021e+00,2.674599622226875084e+00,-2.708394944144864258e+00,-2.520421486746929229e+00,-5.301898839009924203e-01,-1.555967782845658398e+00,-2.052787328422428725e+00,-3.036853112897475171e-02,2.232169194736255413e-01
-2.002045304675043269e+00,-2.186690414101824409e+00,2.138032424220877026e+00,-1.937481832528524794e+00,-3.180506151759677991e+00,1.089460388923688683e+00,-2.076365672852518607e+00,-1.830544029694262109e+00,-2.231431305814512989e+00,3.233440738725501085e+00
1.893614192162833998e+00,2.015560402480049973e+00,2.259146827332614293e+00,-1.462973231271715413e+00,2.510134553849284522e+00,1.054178749261912351e+00,-2.070567560711229493e+00,-1.603058939643591696e+00,2.298994019441598091e+00,-2.477517491905425917e+00
-4.418184039355405046e-01,6.873376204356836938e-01,2.143356479758274702e+00,-2.665713566288393288e+00,-9.466399508411837971e-01,-2.855166218082909602e+00,2.043936346871960907e+00,-2.032496815355569364e+00,4.819801764202901850e+00,-4.751682307134545979e-01
-1.412304193289230403e+00,-1.625797221002881709e+00,1.873638929755986560e+00,-2.593613288917835824e+00,-3.310995707178622016e+00,1.571527071113905549e+00,-2.176277823549892965e+00,-2.011621945509221021e+00,2.226247284655782366e+00,7.386046901846441415e-01
-1.091366900425312592e+00,-1.151394126245862681e+00,2.429754525479901339e+00,-3.218978657018653156e+00,2.650489932013959660e-01,-1.375534797517212748e+00,-3.659460614202497686e-01,-2.113351133178731356e+00,-2.325619510279748059e-01,1.730159332025209551e-01
-1.791989864598033444e+00,-2.057909111035385319e+00,3.302916608627324280e+00,-1.688896538775558120e+00,7.554036205173835228e-01,-1.838650548176572475e+00,1.004396754587211227e-02,-1.717715044121131296e+00,-4.230463033979687815e+00,2.179722587775323461e+00
-1.900978875494012454e+00,-2.136913493378821194e+00,-1.728557070148513564e+00,1.209225586742113556e+00,-3.114992978518310807e+00,3.237864890211847424e+00,-2.372858801127247563e+00,1.801081280774863735e+00,-1.967224308143658007e+00,2.719548030284379081e+00
1.809325211602567540e+00,2.767921121807317864e+00,4.191136856652408760e+00,-2.829432722193285343e+00,-1.825643420991050370e+00,-1.225878225510960817e+00,-8.051522419682676235e-01,-2.051580030825885359e+00,2.721120304795631828e+00,-3.251974368205172272e+00
2.296042091971451260e+00,3.018660376879106266e+00,-1.988576713079331926e+00,3.397964188160671917e+00,-2.089057111512333087e+00,4.197845660044881022e-01,-1.950674074392086510e+00,3.207460634699683677e+00,6.709916866990286444e-01,-2.399759978584234954e+00
-1.416901350214387012e+00,-1.642408177021742466e+00,1.768352663652722478e+00,-2.157189743567812457e+00,3.337314227178236337e-01,9.658966793472352208e-01,-1.992129404753736788e+00,-1.899628429340212810e+00,-1.057210569842665482e+00,8.958863195586443950e-01
2.604803773070908157e+00,2.999116092654397825e+00,3.419324984595873307e+00,-1.833762073396068004e+00,-2.936269653020584514e-01,-2.986061823750544075e+00,1.927563848623440323e+00,-1.772865972848110205e+00,-2.662704903699787407e-01,-2.159876320434106933e+00
1.076319402689412674e-01,1.354408628632247646e+00,-1.805038334742340433e+00,8.361981128365219007e-01,-8.121361518396019719e-01,-1.797721659260334448e+00,-2.453713001714279973e-01,2.291271749442117311e+00,1.186373011325109195e+00,-6.717977075052039559e-01
-1.815117145320605641e+00,-2.085860008316780423e+00,-1.473632908598556668e+00,4.223528532494320586e-01,9.465470842441083832e-01,2.185126193293648100e+00,-2.238359672397176592e+00,1.146974864253251569e+00,-2.211498672087322426e+00,2.247170593276041295e+00
-2.013793497135526245e+00,-2.191616091082643880e+00,-1.837718565881671928e+00,8.020732251885185349e-01,-1.492307643472180700e+00,2.590440370849435681e+00,-2.298648576448234060e+00,2.336220674309195111e+00,-2.290550184971820613e+00,3.310324188440227466e+00
-1.561569689559516139e+00,-1.933478057798855954e+00,2.143596728302354482e+00,-2.565471908876482576e+00,2.219343124000702439e+00,2.587493566956797331e+00,-2.295779994713808225e+00,-2.004804916127296277e+00,2.833409471449846784e+00,1.393855923128887397e+00
-1.616903875340865548e+00,-1.917657634665742350e+00,2.925117104580919225e+00,-3.083757759235632445e+00,1.201854060993552409e+00,1.498110743365739239e+00,-2.177267123309050145e+00,-2.094430103629497442e+00,2.598650578647013987e+00,1.440552092321635946e+00
-6.785700156081991841e-01,-9.202024170221401178e-01,-1.830783276251715330e+00,2.399000374347573405e+00,7.016511907801881165e-01,1.417959407855014398e+00,-2.109476839552725469e+00,2.342030356360703891e+00,-8.456542610790269698e-01,1.037455303963024100e-01
-1.604860429884895190e+00,-1.878218788341601941e+00,-2.003108105204902678e+00,2.828280368454711535e+00,-1.631098145940938382e+00,-2.620856715150137184e+00,1.251827734052173291e+00,3.434172078692478536e+00,-6.107805903594968555e+00,1.340769148753317985e+00
-1.298398927637879563e+00,-1.599378101076050607e+00,-1.784254178433793081e+00,2.159369529503384122e+00,-1.483542876415988587e+00,4.693780070560937823e-01,-1.967200365380595839e+00,2.214728700405061534e+00,-3.950775241528047932e+00,5.919110133943270569e-01
1.365150058622709883e+00,1.662070396292560037e+00,1.784900902654487087e+00,-2.020283578444439065e+00,-2.580879331736802840e+00,8.074088663816159084e-01,-2.035550590575598395e+00,-1.893486459497108143e+00,3.596243225455231229e+00,-1.323501639778971839e+00
7.310020039329734320e-01,1.447443493976729556e+00,1.904501313511710148e+00,-1.633672169790381101e+00,1.486711642757072127e+00,-1.551018892113823711e+00,-6.607064265881517073e-01,-1.735147791320741373e+00,6.754345487433561779e-01,-1.042773882339250058e+00
-1.508204820590292261e+00,-1.884745198712004965e+00,1.932358056760136167e+00,-2.300722898715280795e+00,2.926520144261806067e-01,-2.028689560695783101e+00,1.657781401317041325e+00,-1.947456373593112522e+00,-2.100622541440873459e+00,1.204260994071505664e+00
1.263767714326631486e+00,2.276591850900658187e+00,-1.846862149862080305e+00,3.315417679608198220e+00,1.815221805312302372e+00,-3.090748910767114666e+00,1.795608060354014324e+00,2.357297266041557648e+00,-1.575981483956629070e+00,-1.318203956142338207e+00
-1.289527070139970588e+00,-1.630964091335623367e+00,2.362366522202149710e+00,-3.206263935377237750e+00,8.120826544976260664e-01,-1.244831483070401479e+00,-9.873808614758291524e-01,-2.124295236329356129e+00,1.018897484377865981e+00,6.116961591155796185e-01
2.867038095957513022e+00,3.259990415979432843e+00,1.567863582367715169e+00,-9.487431051240724500e-01,-3.049948329567123473e+00,7.409122600281881077e-01,-1.971639896587644936e+00,-1.435511640995393634e+00,1.652867791261178665e+00,-2.395948333147674525e+00
-1.953144662436483436e+00,-2.144054522393619600e+00,-1.558456702296237451e+00,9.793098220308547042e-01,2.926226193110124107e+00,-2.197979815587816077e-01,-1.739428371654718086e+00,1.738998383278206772e+00,-5.785311802793194680e+00,2.859604142755631351e+00
-1.671784634344670506e+00,-1.933067858820435969e+00,-1.680573341828330847e+00,7.689211245421700980e-01,1.372067035976992422e+00,1.067038102029101765e+00,-2.088534592688240377e+00,1.941722032934535491e+00,-3.775448558828235601e+00,1.477152088093076188e+00
-3.234743345447924634e-01,-8.405310895035936758e-01,-1.777813644154234707e+00,2.599204485983189095e+00,-2.384581991080766628e+00,-1.340681624313327713e+00,-8.372655095032469630e-01,2.215790006802746515e+00,-3.630417865042453673e+00,-1.167491387306638373e-01
2.315740166880000395e+00,2.297905757461443432e+00,-1.479230163830649980e+00,5.465581196313724632e-01,2.829028287690324994e+00,-3.361213613143791079e+00,2.197373910985189749e+00,1.404427866874332631e+00,-2.033231652943706891e+00,-2.998320375270913996e+00
2.371054732170172930e+00,2.738061057259575382e+00,-2.053299011529527984e+00,2.077455846347252333e+00,-2.931634783774335506e+00,2.531697585987049415e+00,-2.300492951080233883e+00,3.834105685127231045e+00,3.824626247126188261e+00,-3.286057403025664847e+00
-1.664376896916459625e+00,-1.971716108688037927e+00,-1.533612991447585339e+00,6.626595561354982067e-01,3.499901747120024886e+00,1.881042350231108884e+00,-2.232201746618132088e+00,1.488547891465083151e+00,-2.192794448988892420e+00,1.551108516100256907e+00
-1.920225377227095187e+00,-2.125358643722004004e+00,-1.468436995965414438e+00,9.901680489558328802e-02,2.047164179035130260e+00,2.365335132247509797e+00,-2.234330511676360320e+00,1.372241272975129656e+00,-2.059079685854819708e+00,2.692842606589099574e+00
9.385275064975073800e-01,2.179801307141354894e+00,-1.968189427428218785e+00,3.419335975937564776e+00,-2.070668101441774933e+00,-1.752181340874668702e+00,-7.437857191044144889e-02,3.253361170118061807e+00,-1.453433232846627510e+00,-1.343784692276395631e+00
9.641265949595339002e-01,3.635930160339669648e+00,2.431642514601652483e+00,-2.692085936596547047e+00,3.050902523481320294e+00,3.879276788111241103e-01,-1.923938179817850536e+00,-2.014082150945588623e+00,4.737096673946032510e+00,-1.374260138216841565e+00
6.113216605706061069e-01,2.212391865948290182e+00,-1.881965216277264652e+00,6.989432271173736666e-01,1.862205970300019331e+00,-2.761330632607718272e+00,1.643503099882510199e+00,2.676692353781842115e+00,-8.040657102320459826e-01,-1.049800258322169277e+00
-1.870128623364466058e+00,-2.088306173492585405e+00,1.863789055240263171e+00,-2.614044860157959782e+00,3.036744448347805658e+00,2.875403506569741197e+00,-2.336831590006290149e+00,-1.986474394060710358e+00,1.394698356442234832e+00,2.342860746223883517e+00
4.069465251906908554e-01,1.327716680779558844e+00,2.637366411265036348e+00,-2.017545304162959852e+00,-3.510118305638583180e-01,-4.792508476229717651e-01,-1.517134765061938895e+00,-1.857846691412772477e+00,5.176409357583796833e+00,-8.618460175247113497e-01
-1.587132794495140775e+00,-1.909809683009042525e+00,1.883724996493219450e+00,-1.003194950955015319e+00,-9.318043904502055774e-01,7.455946123038899032e-01,-2.024400645944435251e+00,-1.281461769747809454e+00,-4.078589081927013638e+00,1.348660139390995383e+00
2.368598703828858287e+00,2.264632966036140616e+00,-1.772074929508480334e+00,1.019221840131440793e+00,-3.366006208234574526e+00,-6.549163569495957127e-01,-1.498963375605112835e+00,2.213506816874508232e+00,-4.970660816226879497e-01,-2.070798850767970656e+00
2.321172770040712763e+00,1.972397828483760218e+00,-1.457501052356680926e+00,2.114185653338620519e-01,1.170126826011795629e+00,1.310450532122885647e+00,-2.095864916700066249e+00,1.246781927298143078e+00,1.339803869561136729e+00,-2.239406393206946344e+00
2.051195486334468576e+00,2.108781125611713048e+00,-1.933172038864406250e+00,2.865427079289886159e+00,1.061586246329769168e+00,-1.516237767656818392e+00,-1.475962297074719931e-01,2.857705771222802227e+00,-1.202059783019968187e+00,-2.100689873715343658e+00
-1.866899190678716902e+00,-2.075386627441986764e+00,1.982725348459449366e+00,-1.599288021205916177e+00,-2.130709381659223300e+00,-2.393882634883285121e+00,1.926723886138788533e+00,-1.718666609413328716e+00,-4.982971126811074569e+00,2.364881290790840751e+00
2.031481581805177072e-01,1.559223906922567959e+00,9.582423741249573856e-01,-2.515993825428624042e-01,-3.215016814517293930e+00,-3.493114779985893037e+00,1.742830438326174347e+00,-4.017020330407300999e-01,3.972381037820840177e-01,-8.140332506435852267e-01
-1.823546794821592210e+00,-2.071084318326543716e+00,2.944502497584782219e+00,-2.079102632145741758e+00,2.300301491699196177e+00,1.928158901831204197e+00,-2.202893453362642529e+00,-1.924242883813951588e+00,4.672942883580529783e-01,2.224429196356223493e+00
2.470285570180174695e+00,3.409295383709753935e+00,-2.018497561443417521e+00,2.494540139970549575e+00,3.015340440723377036e+00,2.489942075922412457e+00,-2.285791737205530971e+00,3.488138836031206225e+00,2.114101926413778365e+00,-3.267091686095077829e+00
-1.533261650229818196e+00,-1.843634277761575513e+00,2.218901818460612851e+00,-3.101471520154194916e+00,-1.568144839048691619e+00,-6.441246221580865239e-01,-1.332919419302198705e+00,-2.105507614171011621e+00,-1.372818835793924386e+00,1.158870019617332936e+00
-1.937452078465134786e+00,-2.147508650527984564e+00,1.701172787670511388e+00,-1.484793010915660183e+00,7.435680763101384372e-01,1.724301301083199789e-01,-1.862135534668487136e+00,-1.668897209743514631e+00,-4.530139768485874185e+00,2.826257627843759224e+00
2.183614695418783835e+00,2.134871505520055113e+00,-2.019187152288995257e+00,2.126749876441324183e+00,-2.069727500934086972e+00,-3.421361036640790942e-01,-1.562193640351950741e+00,3.473859263866575287e+00,-4.910133601359432109e-01,-2.968921966775217580e+00
-1.984934825870999564e+00,-2.167102924702007272e+00,-1.888741579394162207e+00,1.723696239610013059e+00,-6.960918309658561398e-01,4.086251611698075159e-01,-1.895076845562958523e+00,2.570385310622182562e+00,-5.394014819590611687e+00,3.070238619495151866e+00
-8.547863131274680004e-01,-1.426276465125138948e+00,2.753792461512705625e+00,-2.399008894827630023e+00,1.948162302263797052e+00,2.056082606194747697e+00,-2.233884920439205057e+00,-1.982096262625952621e+00,4.002289650321594117e+00,3.534944306026792660e-01
-3.373780930836794978e-01,-7.018227969104606778e-01,-1.814471466643438724e+00,5.931422788407036961e-01,2.816081017228317052e+00,7.123351064717269310e-01,-1.999476249357396984e+00,2.118688573846264855e+00,-1.676300439406011700e+00,-2.351864539449755043e-01
-1.921096117821974092e+00,-2.132628681315152264e+00,-1.571115504457077483e+00,7.509253490708864831e-01,-1.365738738477432435e+00,-6.134290175957262115e-01,-1.413384822470784341e+00,1.709449070782041114e+00,-5.934059103956577097e+00,2.654396284762503555e+00
1.947988641862662851e+00,1.851925212300111312e+00,-1.601795194959020341e+00,8.059092712100373035e-01,1.688604723928092355e+00,2.376876789474457574e+00,-2.282909806583850454e+00,1.570226406390368590e+00,1.160458411686967839e+00,-1.283748453707566739e+00
-2.530345743876648568e-01,8.868890190117060257e-01,-1.749655377520150212e+00,2.686939967918543282e+00,-1.881153373927716199e+00,1.924590891141462201e-01,-1.849260953082615844e+00,2.107078495536724549e+00,1.328003345563148474e-01,-5.897322802750943893e-01
-1.985131401709929300e+00,-2.173869798078210902e+00,4.045736818511739830e-01,-2.793467079114919649e-01,-2.366880788344669639e-01,2.019331027487862862e-01,-1.851730271477695755e+00,-2.801081797780408111e-01,-5.359768855705862478e+00,3.112500282572778332e+00
5.803971929485673975e-03,8.373554689109193871e-01,-1.783922778905316697e+00,2.015517873537534754e+00,1.762117416233921041e+00,2.030435710073708044e-01,-1.840110472177167722e+00,2.100655249287666670e+00,1.169640659139215222e+00,-5.848824058397177339e-01
-1.141700705270494387e+00,-1.417462243248126752e+00,9.793935649863129145e-01,-3.707925640632621089e-01,-2.797841621513126320e+00,5.826043541273371318e-01,-1.978765952351491553e+00,-3.340511972649337635e-01,-3.151033735072379383e+00,3.621540590099283641e-01
-1.845689698057168870e+00,-2.074855693718654859e+00,-1.677406981711384582e+00,1.345205466921282067e+00,2.232941849293482051e+00,3.336395260757353043e+00,-2.378807122215498282e+00,1.863718559195916447e+00,-4.170610607611859866e-01,2.208148593935541193e+00
-5.846573011035955947e-01,-1.126463463348997385e+00,-1.876382412577458858e+00,2.884779152814270553e+00,7.875164028070198441e-01,-6.637226870790038369e-01,-1.280713028332456371e+00,2.632224094290547711e+00,-3.684421307115273603e+00,5.256035083144539044e-03
-1.873036767575917860e+00,-2.116496924151304526e+00,-1.193215913652978299e+00,2.954715832689678301e-01,-1.397670884565849647e+00,2.776633755511316082e+00,-2.328685687883571553e+00,9.142395343936775554e-01,-2.213062650511183449e+00,2.539820610615800334e+00
-1.678486892929916152e+00,-1.925661101180180301e+00,1.794468019970210992e+00,-2.236677608742477563e+00,-2.133524271020641017e+00,-3.089191200439291851e+00,1.591522710318273415e+00,-1.929664993037674137e+00,-2.406310614607020337e+00,1.514208127712176832e+00
-1.858620891725726088e+00,-2.071027318018257457e+00,-1.387348768907255669e+00,6.088968937403471671e-02,-4.605740823652055838e-01,1.597643243380717060e+00,-2.196846951825294436e+00,9.239251803220931425e-01,-1.442589479819613052e+00,2.297023009365442903e+00
5.966443591585285366e-01,1.665827072148599264e+00,4.773606347336555311e-01,-2.878497487756459527e-01,2.198840767720988687e+00,-3.497239100811790014e+00,2.385986344488534527e+00,-3.030089292114040989e-01,-7.293815257373381655e-03,-8.642506162612786369e-01
-9.163026352416054898e-01,-1.355016079498943427e+00,1.927276342783655450e+00,-2.390164972399248633e+00,-2.227675072192594197e+00,-1.888862249127060355e+00,6.341765210069268965e-01,-1.969649737251298438e+00,5.487266058594908458e-02,2.718380349574944788e-01
-8.403148498929885468e-01,-6.463827388789855632e-01,-1.589572434109442600e+00,7.496769269474725661e-01,3.185387285143229441e+00,-2.948260443829880284e+00,1.842433663458241888e+00,1.670882609794196005e+00,-2.337932406683389530e+00,-8.482116394034999729e-02
2.172967688524658936e+00,1.957556696098073257e+00,-1.880634535582775824e+00,7.731395748860752093e-01,-1.772232341452804283e+00,1.581202363883507545e+00,-2.184385241936260158e+00,2.429126265701237131e+00,1.486328222025039114e+00,-2.321186714665445905e+00
-1.389942410121975502e+00,-1.723445214691440075e+00,2.396767545060238813e+00,-1.557072385213442933e+00,8.132006178052870737e-01,-2.299505154543304286e+00,7.874713927946886960e-01,-1.745934429313512171e+00,-4.371338665372814347e+00,8.528189484319401714e-01
-9.165546485432995993e-01,-1.108229416599913142e+00,-1.598678592334460857e+00,7.769635243861179319e-01,2.578628755655852700e+00,-2.518335266416306784e+00,1.379545785943722791e+00,1.606805727181134014e+00,-2.431395073603900947e+00,9.359998014487524998e-02
2.131029780874101665e+00,2.629862161026577549e+00,-1.800735832979547091e+00,5.344502565962816476e-01,-1.363476217851943950e+00,-3.063155278924272196e-01,-1.493338938560998974e+00,2.091310851234996271e+00,-8.857395487655856936e-01,-3.442141585229176126e+00
-2.005126635896056442e+00,-2.187891453441080269e+00,1.125509084395447168e+00,-2.903266303025264783e-01,-2.535822295207281307e+00,1.880185105128390433e+00,-2.233209925057181078e+00,-5.398683375823485342e-01,-1.880392545658316816e+00,3.230256629252882483e+00
-1.364238036218147210e+00,-1.588807882165506946e+00,2.021726990795373879e+00,-2.234319415396222031e+00,2.370982003078918154e+00,-2.511595555410444547e+00,1.521695620240010483e+00,-1.948407936569032328e+00,-2.007545023010729679e+00,6.487481709455718004e-01
-1.618592298941446961e+00,-1.880493919700818362e+00,-2.025668395220549645e+00,2.861874799527247326e+00,3.455585050755840548e+00,2.737277944368724292e+00,-2.320030260197286420e+00,3.630619696823838893e+00,-1.917041849707184831e+00,1.313304763055418434e+00
-1.484506007615012280e+00,-1.639750032475048247e+00,1.736096991910312859e+00,-1.206611407126522373e+00,-9.504093777197217818e-01,-1.412548000412829907e-01,-1.686187801385123253e+00,-1.524803125879210075e+00,-4.370157328859793466e+00,8.931113253457061418e-01
2.781163426022111196e+00,1.874920974320426259e+00,1.553339297784053663e+00,-2.217080163380487079e-01,7.014239652622755727e-02,1.581923608079117471e+00,-2.174656889691023665e+00,-4.500761906010184998e-01,2.918215430543430244e+00,-1.663569668474179419e+00
-1.777173934428352586e+00,-2.038363132621909379e+00,2.989289796496666263e+00,-1.899474808039704143e+00,-1.711215779952542260e+00,-1.118690792838146209e-01,-1.729539988964015507e+00,-1.854750150759461702e+00,-3.402352142449734718e+00,2.253227802190806983e+00
-1.379600379380665709e+00,-1.610767851147441698e+00,1.613304870444450589e+00,-5.748556403806164283e-01,2.722940320388843816e+00,-6.682617805820538770e-01,-1.331303081458324877e+00,-9.202799782038039167e-01,-4.556033635516396174e+00,6.764471803164084918e-01
-1.653919538615108431e+00,-1.847504021664874152e+00,2.460946584196093578e+00,-3.288364286542717618e+00,2.540458959692322161e-01,1.311038454201794323e+00,-2.151579780913328133e+00,-2.135158833764416286e+00,3.135659619269837162e+00,1.419358818500701780e+00
-1.597399467945585849e+00,-1.828149845532327289e+00,-1.851830065334911568e+00,2.791389796045108618e+00,2.194992721777028422e+00,-1.150128871528564911e+00,-9.561738149595623293e-01,2.375538252782861015e+00,-5.937227757504802916e+00,1.231509058376458299e+00
1.574803491239883613e+00,1.653396565369940285e+00,2.128580772754875117e+00,-2.441232424645646493e+00,-4.253537224228276514e-02,7.971005682809471082e-01,-1.937618984992626192e+00,-1.980079673734906454e+00,4.930745971750491563e+00,-1.389123115231692296e+00
2.764955941342447154e+00,2.895724934525516936e+00,-1.818277166262104005e+00,2.218623426035299495e+00,1.381496112106687768e+00,3.206259651868363925e-01,-1.922937708022794290e+00,2.282285440390215303e+00,-9.397890004450089041e-01,-2.816165575999865389e+00
1.791695886463533949e+00,3.647551298359458904e+00,-1.813117066809613931e+00,1.046470873250800793e+00,7.440009212715255060e-01,2.078170394019516642e+00,-2.234298493080179249e+00,2.408334768848831242e+00,2.465696194136847819e+00,-2.289615440720447648e+00
-6.560686266058929350e-01,-3.940028532394901362e-01,-1.842122335058601124e+00,1.874127031941156041e+00,-2.341707947396028722e+00,-2.732652213724241719e+00,2.232176880456830936e+00,2.375973579243297884e+00,-1.839933525888261423e+00,-2.906901618154718037e-01
2.013731094716452397e+00,3.748239295254633952e+00,-1.623657897904731140e+00,1.065496102159522174e+00,-1.740125891855210938e+00,-1.891719722279460614e+00,2.862082979912319303e-01,1.614842500404302550e+00,-4.665141915205337497e-01,-2.373851385452476315e+00
-8.916418062118869337e-01,-8.004168374668813035e-01,-1.588266827525562697e+00,5.375958425992077849e-01,-2.851400126121200085e+00,6.805414113524772546e-01,-1.901771211435272724e+00,1.501461308719860277e+00,-7.834068663700624047e-01,-1.965813307023012158e-02
2.052767423566895566e+00,3.646086511443403566e+00,-1.404200509041828582e+00,1.881280262767850431e-01,-1.863118594274026041e+00,-5.947657760931930326e-01,-1.397242560153746815e+00,8.909448817202690885e-01,-7.783599413458783811e-01,-2.387506339965623781e+00
-2.411970984593491685e-01,3.819411933388225933e-01,7.723302482032725624e-01,-3.157954292047095990e-01,2.939822009827999238e-01,2.118024106149929864e+00,-2.238205546325339412e+00,-5.411748061361417728e-01,3.238096604319757432e+00,-5.325658665380723633e-01
-1.899729223849258908e+00,-2.089318766244846692e+00,-1.905463480229458550e+00,4.035494869952529484e-01,3.359483029382162478e+00,-8.072781630462646518e-01,-1.312450941828053441e+00,2.655513421815293817e+00,-5.870952800533125959e+00,2.564376650422626192e+00
2.653140889277783909e+00,2.127965896985010374e+00,-1.933952174498569043e+00,2.035232127344441366e+00,3.675786158382621238e-01,-7.641015110872224625e-01,-1.459520595071534643e+00,2.935623091129645257e+00,-1.767968029632624116e+00,-3.158362586385013326e+00
-1.413829015122585409e+00,-1.634352097738881904e+00,8.283990697464439501e-01,-4.731156731083032696e-01,1.910067484089479350e-01,2.616232286234755122e+00,-2.313813603380519890e+00,-6.501315650153733916e-01,-1.183174390992012270e+00,8.620631506493392493e-01
6.201959499906054551e-01,1.192438044767249350e+00,2.167648731513580618e+00,-3.357705825366041896e+00,7.665300497863176687e-01,3.231002755520782088e+00,-2.367292939312525046e+00,-2.142947043392457118e+00,9.541627331149335589e+00,-8.204595285637399371e-01
1.296146374604203899e+00,2.386698143224368351e+00,2.570345203672718348e+00,-3.397260732012479245e+00,1.952492407204892366e+00,2.319027934628531185e+00,-2.279742973697111541e+00,-2.147798147220651099e+00,6.655989914800698237e+00,-1.694828988777820955e+00
2.788903788853747123e+00,2.484440406082758734e+00,-1.726399023634313634e+00,1.080127876118952557e+00,2.236692473890072641e+00,2.013190464278144631e+00,-2.245987422747734108e+00,2.011253273376220729e+00,1.574391532061135468e+00,-2.338082204141295417e+00
-1.844050150346556727e+00,-2.075894162218374195e+00,-1.458767436291931396e+00,3.167361715600143235e-01,2.021368457971570720e+00,2.063230325825925249e+00,-2.177696773886567350e+00,1.335673614453678271e+00,-2.339204590973765541e+00,2.234205112394459292e+00
2.097363180259097515e+00,2.318833197233685528e+00,-1.636808145372637746e+00,6.301289336786703998e-01,-1.312090556142480047e+00,-3.955295112354573206e-01,-1.618090036139720134e+00,1.534226241197996998e+00,-7.128803410673704155e-01,-2.110197129865938770e+00
5.978094512165745833e-01,1.851716929518888666e+00,2.138401563812320383e+00,-2.015139759015634802e+00,3.137640661635378692e+00,-1.771990701445254057e+00,-4.190696158851703323e-03,-1.880244188264538652e+00,1.172978479047223965e+00,-8.798200680362633364e-01
-7.286952033638068871e-01,-1.122213746961664871e+00,1.890622522442566344e+00,-2.285814230403576897e+00,-1.272217199794465348e+00,7.684312414040146422e-01,-1.964493015997919256e+00,-1.925944968598867879e+00,8.287934352526977744e-01,4.817877734702769033e-02
1.813475121163305559e+00,2.511174034175600589e+00,2.171294448729214288e+00,-2.826958871044789934e+00,2.841414943347857935e+00,-3.324880301922839454e+00,2.076225400966227763e+00,-2.057830876094169703e+00,4.166562906771670960e+00,-1.508562292426883999e+00
-2.002596579423214784e+00,-2.185448297065084589e+00,-1.623777265498792532e+00,7.935319687403783462e-01,-3.178937403167124920e+00,6.723480777048864709e-01,-1.958574266803257524e+00,1.623310478331889017e+00,-5.154885907412163348e+00,3.232012967433433026e+00
1.776630313611016421e+00,2.576316790810397883e+00,-1.662696470338042243e+00,1.252528524549819444e+00,3.440594648525534538e+00,-5.829775484510690831e-03,-1.731806082517290069e+00,1.945101624224051973e+00,-7.967447233592171996e-01,-2.930040638666004948e+00
-1.553133911082490215e+00,-1.896004526817509417e+00,-1.844592569357194956e+00,3.201532635749650524e+00,6.704183031394048697e-01,-1.270175847010399650e-01,-1.778010194100621222e+00,2.268797477737994672e+00,-5.590828170523511886e+00,1.606328359918553161e+00
2.341124590323088839e+00,2.295142955837274457e+00,1.628066124358960476e+00,-5.575651707914017763e-01,-2.357113338809342817e+00,-4.035663464218450791e-01,-1.619289014984052422e+00,-1.057373204969686009e+00,1.439454192215130490e-01,-3.272385013458079417e+00
1.821554909667518096e+00,1.914583048428028400e+00,-2.117929272106157335e+00,1.847452007273815866e+00,2.573092201097453291e+00,-5.945922379353527631e-01,-1.396728735938914889e+00,4.579891681966717698e+00,-7.918890148593173972e-01,-2.199506452265268308e+00
-1.850008673678859683e+00,-2.102479491680453005e+00,1.863155560747725925e+00,-2.164463833773436985e+00,3.415322193759427805e+00,-2.982334561248783267e+00,1.694994756486381204e+00,-1.880483106093077117e+00,-2.910195723632826414e+00,2.526051898952815122e+00
1.879470365919239327e+00,2.646949482323003089e+00,1.844973739957159076e+00,-1.158885015696413223e+00,3.304417042817647143e+00,-1.516475520435661695e+00,-5.119383833828454744e-01,-1.529081363777169633e+00,7.233376482911286764e-01,-3.144527042515777637e+00
-2.036489440824570618e+00,-2.207862414475592505e+00,-1.409088123167758999e+00,3.186006678477912857e-01,2.547776908543509577e+00,3.890704273459699714e-01,-1.853821361790717104e+00,1.000084526793203255e+00,-5.388361636539306332e+00,3.490134288003000407e+00
-9.585361850724021249e-01,-1.406332708071613480e+00,2.582264738625502432e+00,-9.526070571875497883e-01,-1.769168317546285341e+00,-1.443933696614081441e+00,-5.336237296809466235e-01,-1.210315559414775199e+00,-3.215455977591962888e+00,2.840125985161026101e-01
-1.865972667042983479e+00,-2.095019831079952599e+00,-1.700946518761983883e+00,5.423910084057119718e-01,3.444307753041126574e+00,-2.999795606707129636e+00,1.868737925754073492e+00,1.687404337930973108e+00,-6.202392864353842405e+00,2.324915918567242556e+00
2.239056779954985643e+00,3.198043241917222446e+00,1.850317591545193485e+00,-3.095812040555830258e+00,-1.069637013744419995e-01,-3.466017124346495670e+00,2.422739074568855955e+00,-2.109713877505316582e+00,2.768056127481330009e+00,-1.687611213671491139e+00
-6.363454836686950333e-01,-1.013142557710434710e+00,-9.201162049285531719e-01,-2.731866818101957861e-02,7.765835423275859739e-01,2.757638247904860229e+00,-2.325586768336377119e+00,5.449355226597156765e-01,6.493358684780210499e-01,-1.598266596717179411e-02
-1.101818037334458156e+00,-1.408643764025501399e+00,2.370110959744777368e+00,-2.273518656124055681e+00,-2.246224940844053997e+00,-2.876821810495736820e+00,2.681629507138262092e+00,-1.915043215872691329e+00,-5.839645545381526581e-01,2.735441419444950562e-01
-1.779221022904652116e+00,-1.965549292287314787e+00,-1.017047009641908417e+00,-1.460687720329643113e-01,-2.230054730472139646e-01,3.363780103088232387e+00,-2.385223927631217933e+00,6.956857400345679565e-01,-1.860813720192779464e+00,1.891927248401053419e+00
1.402199750327320249e+00,2.443956327273505647e+00,-1.775130833177259282e+00,1.307917807873813842e+00,-3.026971522908666667e+00,3.808315508178994335e-02,-1.725129844637958376e+00,2.162940142196984716e+00,-7.510979604169683022e-01,-1.590849159472650154e+00
1.841846115542258078e+00,2.353428329141029174e+00,-1.404223357752874213e+00,2.943229616692213391e-01,1.024444466892424188e+00,5.737173957474288599e-01,-1.991089791209315729e+00,9.062776072120933835e-01,-6.145897878527301073e-01,-1.902621201752354274e+00
4.059685807500174048e-01,1.199172224458464608e+00,8.818348392653302392e-02,-1.918627068375200473e-01,6.183513507950806343e-01,-1.548183498262777125e+00,-4.347862992371202551e-01,-5.274184793650510406e-02,4.453243784544858030e-02,-8.005137820890109168e-01
-3.036644351680617415e-01,4.799534935699294458e-01,-1.817657691755313998e+00,2.417063163280397831e+00,-3.171664461885073116e-01,9.600359543130467799e-01,-2.054161125080077088e+00,2.379245281108262944e+00,6.692511983272834142e-01,-5.474405857521822405e-01
-1.726418045067474871e+00,-2.045998906756060887e+00,-8.904285101998332674e-01,4.042905675651109476e-02,1.680714199133475084e+00,-9.856928088392935550e-02,-1.775960917253313953e+00,3.803535399986052168e-01,-5.327899088609000522e+00,1.991505349807384029e+00
7.244937866240105384e-01,3.445042281371957671e+00,-1.669048650435905889e+00,1.067757554131716802e+00,1.321567853982868357e+00,-2.469817729287765218e+00,1.824602370208791235e+00,1.749427481833174092e+00,1.460662773187133556e-01,-1.205250661339467566e+00
2.660733913162205422e+00,2.783683055031167974e+00,-1.814345488994977940e+00,1.161156519767640560e+00,3.455878875910204151e+00,3.070818925093550256e+00,-2.354917326768986019e+00,2.304057538944737527e+00,3.582244365413364218e+00,-3.137500747495511000e+00
-1.503632970557134962e+00,-1.781227243612317324e+00,1.702526534366591182e+00,-7.894820913768878512e-01,-2.219384958524292184e+00,4.222855700600671724e-01,-1.920778631928956592e+00,-1.192035402944230604e+00,-4.482615179008853090e+00,1.078318801993005671e+00
4.715046537251227354e-02,9.618422102728148015e-01,1.748955986288132092e+00,-1.961283975801940027e+00,2.043755967280214136e-01,3.252258940715943680e+00,-2.376684115149524157e+00,-1.853673891644454841e+00,8.562158491692251516e+00,-6.994385741756996566e-01
-2.019877264478864287e+00,-2.199609593918570027e+00,-1.738545840922771868e+00,2.379896204771425161e+00,-1.728913019708113730e-01,1.318637051910505065e+00,-2.151401071154788180e+00,2.004296432139988760e+00,-3.716552426695728162e+00,3.375207289387682330e+00
4.600661813472142758e-02,7.595642587749299457e-01,2.209935024780505408e+00,-2.802142498737507648e+00,2.550440400624297332e+00,-1.387692896797760866e+00,-8.164566504735759622e-01,-2.062188966708403903e+00,3.677383843935446706e+00,-6.434974385697991295e-01
1.608470540082072464e+00,2.193149027888885882e+00,-2.005631382746132285e+00,3.112200548266358169e+00,-1.379510256225553899e+00,-1.555696569539183116e+00,-5.508888020858726531e-01,3.547216166626668610e+00,-1.274465401109873941e+00,-2.258543234773525477e+00
2.250352484016126198e+00,2.398677885766976381e+00,1.754586118014256124e+00,-6.597560841009357802e-01,1.565836722785755697e+00,-2.997820680165655727e+00,1.715949929404016583e+00,-1.077868032631245310e+00,7.178450553482380592e-01,-2.179556379180383363e+00
1.443236900529929700e+00,2.036349962950656955e+00,-2.113138898839493685e+00,2.746797286046643194e+00,-1.144913481320505966e+00,-4.393897399281434524e-01,-1.543124713882667809e+00,4.516690318214948263e+00,4.735984562828914335e-01,-2.131102370030142801e+00
2.351429640853370806e+00,2.522113046173247941e+00,-1.135940608525038753e+00,7.154240874797102023e-02,-1.399075642138653208e+00,2.904655137122727382e+00,-2.345424689908259808e+00,6.072070513626312005e-01,2.310508864304620325e+00,-2.670957424951621029e+00
-4.183465812929144101e-01,-9.431458827253893507e-01,-1.705087410309515050e+00,1.286612831376016786e+00,1.294161397080149101e+00,-3.308708454553597189e+00,1.898103726606446884e+00,1.793615185520190725e+00,-3.550887271899017872e+00,-7.171389236925751476e-02
-1.908818793282085702e+00,-2.104900098354580251e+00,-1.589176828054819079e+00,6.604815846520786238e-01,-1.658483997301981594e+00,-1.016760912829215435e-01,-1.738079623297502874e+00,1.566262845930277869e+00,-5.364312864303220074e+00,2.560711084764286660e+00
-5.462809194104156774e-01,-4.300593218237610538e-01,1.760003966767149208e+00,-1.499310431989628878e+00,2.569279964335285271e+00,4.019322045348916461e-02,-1.829635487354124512e+00,-1.627104484953374230e+00,-1.326337781622837886e+00,-1.793191624084711222e-01
-1.912695456599622146e+00,-2.127808555300448212e+00,-1.914495800212376420e+00,3.058240794794159889e+00,8.434436414013326555e-01,1.269947102924308346e+00,-2.121470022805004074e+00,2.921263967711887233e+00,-3.610058217131044689e+00,2.619482714606517604e+00
1.959625519105603564e+00,3.952877222408220703e+00,-1.398379021457165639e+00,3.653639048487522523e-01,5.684912822464607274e-01,-1.225718163222544010e+00,-7.049663879313456949e-01,1.214547067222784493e+00,-2.286520703895909001e-01,-3.435722072926051140e+00
9.644159660307800586e-01,1.847961435087887683e+00,1.824214016241963110e+00,-1.489999416447251424e+00,1.356287512119702221e+00,-1.244578067636163965e+00,-5.256339492849119166e-01,-1.734128863291199751e+00,-4.488810947246428817e-01,-1.242727263634045620e+00
-1.965572694375353535e+00,-2.158817264490343835e+00,-1.609331113791399481e+00,3.012221392416285504e-01,1.045801972694164306e+00,-2.383659305620018820e+00,1.654250796592549255e+00,1.484969404362573631e+00,-6.205839495381452409e+00,3.010381016929360776e+00
1.185063345747162655e+00,1.962165921804201352e+00,1.779982728485552945e+00,-2.030202517459110734e+00,-8.768262868665832599e-01,3.030002814949336098e+00,-2.334925216737699927e+00,-1.812895254710287674e+00,4.934120473310003696e+00,-1.502316923317029707e+00
2.372826433140778679e+00,2.615019067728459490e+00,-1.811750169514146247e+00,3.493273298388494652e+00,1.837529587201325754e+00,2.612304760921824176e+00,-2.291587498952415203e+00,2.266455324432001373e+00,1.659490953478721664e+00,-2.089814749044590858e+00
1.575606454893919040e+00,2.285118425852210144e+00,2.710463525590996348e+00,-3.005757134122626351e+00,9.117981924241451708e-01,3.056301938026921405e+00,-2.357984190727862472e+00,-2.088241571703185695e+00,8.354444250173026276e+00,-1.692542622213300874e+00
1.685289725866138566e+00,2.188407716411898019e+00,-1.598665829870503208e+00,3.442900924253606831e-01,-2.552631689346693378e+00,3.149573506533570821e+00,-2.359163611989737230e+00,1.698040728428749757e+00,3.531658579234241202e+00,-2.825021336817076900e+00
-1.202171331107408037e+00,-1.525261327270333256e+00,2.112292511247995108e+00,-2.821447474747770912e+00,-2.248872988677113494e+00,2.015990061840414960e+00,-2.237316235782516483e+00,-2.068060890594932033e+00,3.113194773826889250e+00,4.228597013896715495e-01
1.249316749405287252e+00,1.862082788027686675e+00,-1.536296242587473548e+00,6.604942955837227458e-01,2.794084611471974178e-01,-1.159771803440006188e-01,-1.558792836322546282e+00,1.691828115050967307e+00,5.468510064517297931e-01,-1.833346980443869123e+00
1.837107950321328564e+00,3.105618221789546496e+00,-1.798648570191540230e+00,7.448295382616851867e-01,-9.072499093275485649e-01,3.320181258761365939e+00,-2.382025610693477180e+00,2.036767320043542551e+00,2.976348348359338924e+00,-2.923557349104227487e+00
1.533257584938161111e+00,2.119623983086690533e+00,-3.723991105374016009e-01,-9.097811323429549901e-02,-2.646376922370951679e+00,1.099200092601605228e+00,-2.089754513503154332e+00,4.599978097599330407e-02,1.854561305760869194e+00,-2.023902347779856115e+00
-1.744100902535890230e+00,-1.996334862466368376e+00,-1.905975343885160100e+00,8.525910164851673301e-01,-2.325814039598888883e+00,1.570095428179394403e+00,-2.119234579659842410e+00,2.653920797580917590e+00,-2.391781612639138910e+00,1.756232825350476645e+00
1.993812165067616826e+00,2.857485092569605367e+00,-7.952015682396231799e-01,-1.705864337642886142e-01,-6.598415386630089863e-01,-3.118231712084655438e+00,2.446836143336208469e+00,3.106253551382254230e-01,-6.590430112564040765e-01,-2.800311176502178423e+00
-9.471537320441651975e-01,-1.246852808556850434e+00,-1.644336060515391384e+00,7.019587033019814015e-01,-1.612960759453034854e-01,-1.385196457616607368e+00,-8.257680304717101016e-01,1.568618415293167256e+00,-3.418031601323996416e+00,1.992769023662788186e-01
2.059307370689594130e+00,2.287245163330891895e+00,-1.777140262512406421e+00,7.193161780661370130e-01,-4.616476236725857163e-01,2.226290967906580320e+00,-2.259161355062288656e+00,1.991262350611193277e+00,2.712742503067495647e+00,-3.409264980045053406e+00
1.575742753870759572e+00,2.284072398275813764e+00,-2.012845857912893166e+00,2.559669378850371046e+00,8.709440726624606555e-01,-1.263680906080011379e+00,-9.769860169492814439e-01,3.474576491611959028e+00,-8.963102441834902567e-01,-2.823051999397800049e+00
-1.650305725083563990e+00,-1.934542520026710566e+00,-1.822834995247596179e+00,1.952423680021423635e+00,-2.065059128691285828e+00,-6.040446820161067265e-01,-1.490192654674287187e+00,2.177426249171837913e+00,-5.948035011914428516e+00,1.649383265866279480e+00
1.568690402241587956e+00,3.175849291448574085e+00,-1.808931794219807543e+00,1.867487488883575075e+00,-1.371341080038313009e-01,1.923432499093144621e+00,-2.235697515703736205e+00,2.637117779949429863e+00,2.569575520483398989e+00,-2.401945643885839754e+00
-1.788929997875858158e+00,-2.059535931749906013e+00,-2.024914137590108520e+00,2.564752512008697138e+00,-3.129699319629137833e-01,-1.351565458332135705e+00,-8.885083168412744037e-01,3.546282500462849097e+00,-6.178073715362986107e+00,2.163463521436487902e+00
-1.578839300283654712e+00,-1.933094071403899994e+00,-1.793084732197041120e+00,2.323343946428900963e+00,-1.424300687154410827e+00,2.897329657983094719e+00,-2.337301277805073241e+00,2.118669509702035825e+00,-7.135059463733217644e-01,1.380634037802948910e+00
2.352891613217600764e+00,2.268773761804683708e+00,-1.749396216330848297e+00,7.772658072105489424e-01,7.785870475049838646e-02,2.043053690228468611e+00,-2.225177223389459336e+00,2.006705897354194246e+00,1.925209303072052736e+00,-3.239263340079200582e+00
3.303546445522536068e+00,3.001594720233590863e+00,2.697911785849065769e+00,-1.939094868786745529e+00,-2.648285735245687444e+00,-2.654977009484191797e-01,-1.650251895066664920e+00,-1.785176408219829147e+00,1.532464953053083834e+00,-3.008452422945821603e+00
-1.818478422994667998e+00,-2.066980250539150354e+00,1.993518177443165174e+00,-2.985440366445657023e+00,1.167484297386595316e+00,3.458560886922370514e+00,-2.392668785972486667e+00,-2.087788062853050075e+00,3.022709973486310986e+00,2.125271049766088716e+00
9.780496620758216686e-02,6.464597210180031972e-01,2.625098032630659439e+00,-1.905277835089804750e+00,1.368970603609573011e+00,-2.685155016934658523e+00,1.652116891507839469e+00,-1.824689072335994755e+00,6.159809452087185999e-01,-4.587522050082437630e-01
1.086742746679735916e+00,2.000094538474737060e+00,-1.838099593256121489e+00,3.459510705534607489e+00,1.206411593340670052e+00,2.728206745153503476e+00,-2.315544579312418527e+00,2.573252346303108951e+00,2.542484149723304387e+00,-1.354832788262156029e+00
-1.357518527085235238e+00,-1.863997062137385807e+00,-1.897447808052609597e+00,2.193083065994177794e+00,-3.188446323427566398e+00,-1.758303836741088588e-01,-1.647306028852586479e+00,2.649920910097980808e+00,-5.316645415460275359e+00,1.146849437086133960e+00
-1.021941632461531135e+00,-1.117713583660465027e+00,2.579225858968812179e+00,-3.182756015909181890e+00,2.136342613173940919e+00,1.825246196863833603e+00,-2.226501912456222865e+00,-2.121867900047667899e+00,4.148601988915899597e+00,2.479056126618868205e-01
-1.696183472953178839e+00,-1.964065869496373962e+00,-1.816651322401125368e+00,3.156773951122119115e+00,-1.214777912599601439e+00,9.899764588023769463e-01,-2.091001325180099180e+00,2.287926687407766835e+00,-4.425817299521185078e+00,1.834022404412148255e+00
2.493703697327238178e+00,2.105125134238555074e+00,-2.097974913101779304e+00,2.556402005178172843e+00,-2.611648245847012717e+00,-9.993618147186800194e-01,-1.138771386475480707e+00,4.335754024997312328e+00,-1.461430951598269079e+00,-3.056966170312992226e+00
-1.417435851897767662e+00,-1.501590937443248563e+00,2.208643854450930810e+00,-1.767108064073231510e+00,9.895815039631221666e-01,1.806200962273624810e+00,-2.166614561159152075e+00,-1.761079779213241547e+00,-2.827360577533736263e-01,7.823089843100952123e-01
1.082220302194145001e+00,2.040351764822252001e+00,1.604358904499413763e+00,-1.699119984083779178e+00,2.618095807844660783e+00,-1.315449276044163618e+00,-1.006563162290551539e+00,-1.794395211388868594e+00,1.427752554927585793e+00,-1.201932369545514412e+00
2.207607976206009681e+00,1.967295345053142963e+00,1.899981093037774293e+00,-2.727897759227884578e+00,4.546366013312423959e-01,7.481241383432051251e-01,-1.983255938601953039e+00,-2.039138827589041636e+00,3.761025475185079348e+00,-2.248202604058381571e+00
-2.005996871456522168e+00,-2.184024320341436010e+00,1.969014335606003030e+00,-2.713090562350616963e+00,2.098166181153398036e+00,-2.902790128150960491e+00,2.790669434565522522e+00,-2.022561132248221316e+00,-2.957198298420340432e+00,3.267639732623659476e+00
1.078509181622273605e+00,2.140472616073809675e+00,-1.740113142369131616e+00,2.803485275870814419e+00,5.348189776981921995e-01,-1.241950162357493337e+00,-9.910786804060556232e-01,2.068334688139284783e+00,-1.581202011289154497e+00,-9.760656007396999456e-01
-4.235929257573905482e-01,-7.138147389854363478e-01,-1.961643378129648951e+00,1.622925333376072032e+00,3.469757202499331505e+00,-1.658384024380996191e+00,-1.787234205386273311e-01,3.070217417392671067e+00,-2.450046617883218758e+00,-1.459095224748816477e-01
-7.170601428841140157e-01,-7.948515771709374622e-01,-2.047575134730685420e+00,2.972032065755817243e+00,9.781675074928184443e-01,-7.645515710778107987e-01,-1.470588043018350666e+00,3.739137973658199776e+00,-2.152069916756023993e+00,-1.728557971981721231e-01
-1.659997647950450572e+00,-1.910733558412790689e+00,-1.603560736354721517e+00,5.651666879294410251e-01,-1.251638414703047264e+00,6.910011738495338562e-01,-1.975561836173466146e+00,1.795093292129400497e+00,-4.235939493862917793e+00,1.398639419279752438e+00
1.621322356175226131e+00,3.396595618399173233e+00,1.977091010473778665e+00,-3.118612329332403732e+00,-1.017135399437042231e+00,2.614681449184140583e+00,-2.293157488980558600e+00,-2.105571513106374137e+00,1.167236227468045584e+01,-2.520387206282591830e+00
1.909685245142334509e+00,2.421829208193586602e+00,2.049134374559206773e+00,-2.772470707194533368e+00,-3.118752021776547423e-01,1.028207298001921899e-01,-1.804308943264226972e+00,-2.055296827615402666e+00,3.235897218433152922e+00,-1.950177554762196896e+00
1.912417010642150084e+00,2.851455543670268877e+00,-1.887086223679576458e+00,1.993061275277050015e+00,2.602778045783661121e+00,2.891358978503530963e+00,-2.343332405744266378e+00,2.675479690935197219e+00,2.495685050097064206e+00,-2.937104492576337655e+00
-5.984657460255528028e-01,-4.037220846832528243e-01,-1.557914533458800932e+00,4.778325467976705099e-01,1.726070445055292168e+00,-1.405674791270620450e+00,-7.996225225434371309e-01,1.360522430095839841e+00,-1.719667692243566526e+00,-2.315520631132028662e-01
1.351258735573813041e+00,2.674077211377216656e+00,2.149616147036919056e+00,-3.402799398718232116e+00,3.093050030563690100e+00,2.674421327248846403e+00,-2.323638343445431520e+00,-2.143700489766209749e+00,6.866855899365929439e+00,-1.052687257843697211e+00
-1.921335257822913700e+00,-2.148529833045406345e+00,2.400023766334547393e+00,-2.836329420593521000e+00,6.548676020259316388e-01,-1.142811134910401094e+00,-1.087092264336598113e+00,-2.058989474995768010e+00,-8.114385387642046865e-01,2.855257917454707695e+00
-1.975524368607961989e+00,-2.160337709003058659e+00,1.829913886337896090e+00,-1.484139891214784512e+00,-2.176537527158419749e-01,2.724026526187475206e+00,-2.326823892141400840e+00,-1.707466157140503427e+00,-1.378361636121368861e+00,2.989579677008226355e+00
-2.012177299007442688e-01,6.918565324266012784e-01,1.052336153685852649e+00,-3.122923930823633398e-01,2.415709697203402229e+00,5.541491541854641767e-01,-1.887973900846535047e+00,-6.527451089811953100e-01,3.113036950941164838e-01,-5.218312213682336775e-01
-1.907988940777491704e+00,-2.118050699674386639e+00,1.772039690197167783e+00,-6.256717791878423363e-01,-2.980442517652978740e+00,-2.969088428968874371e+00,1.767190708884425199e+00,-1.039915527099444237e+00,-5.692549834278798571e+00,2.578070164371304429e+00
-1.948055081333944338e+00,-2.146669060049081423e+00,2.153277006817270856e+00,-3.009188581113886762e+00,1.337017684801285355e+00,-1.950884079787164271e+00,2.305854638803469525e-01,-2.079875640400806525e+00,-2.606804421849462816e+00,2.849280341064883260e+00
2.306508973890935010e+00,2.098298140596515982e+00,-1.718640527967226772e+00,1.002514225765397171e+00,6.220569273190328374e-01,-2.751225747408685418e+00,1.615409673749698571e+00,1.759990425600392872e+00,-1.045872681641218271e+00,-2.678855706322438301e+00
1.713343808579485650e+00,2.561499908327719233e+00,2.628446472330781880e+00,-2.629310428206422579e+00,6.811418794224293194e-01,2.541040368368527425e+00,-2.309940954938017654e+00,-2.024132514103315295e+00,8.135761089240373778e+00,-1.609964582351234519e+00
-1.916984090440280841e+00,-2.138905403181727838e+00,2.274432278667697371e+00,-2.088155823612031448e+00,2.889500149002840246e+00,6.401144564561489503e-02,-1.747569449650057338e+00,-1.912925471247304277e+00,-2.952058127404405319e+00,2.780287372935721812e+00
-1.971812670782951749e+00,-2.167959036529497840e+00,1.347052293744901874e+00,-7.845302110673912921e-01,-1.943062705147995395e+00,-1.350335488469820877e+00,-7.078168635420163390e-01,-1.024371175944586376e+00,-5.133217052610162590e+00,3.038437436081878218e+00
-1.130319016007035771e+00,-1.448032495737492376e+00,-1.710496879841823858e+00,1.894401396732347642e+00,5.417446605618803090e-01,2.865150324017561090e+00,-2.341115611821012799e+00,2.011153204934023719e+00,9.095987735851824851e-01,3.463337244241930790e-01
-1.849383628076403330e+00,-2.055437324413436073e+00,3.234302872147518659e+00,-1.322877927994325464e+00,1.405494583725944935e+00,-2.432022244861808957e-02,-1.765555150107347870e+00,-1.658944999693477529e+00,-4.541300442207385046e+00,2.287906137730910672e+00
1.916114599112349159e+00,2.205451106502933634e+00,1.625765914774103926e+00,-5.970081889461882341e-01,1.370915230953444031e+00,6.612327089865903673e-01,-1.988288196321456258e+00,-1.100806919655222815e+00,3.909299900075797751e-01,-2.561492155432414819e+00
-1.462597534541346667e+00,-1.800085593218251567e+00,1.829994940719382734e+00,-3.470801151976646182e+00,2.659049758805859476e+00,1.532682334034762839e+00,-2.179529113213874769e+00,-2.155754398212276435e+00,1.613833406073271970e+00,1.075445979147523268e+00
2.014438849539844423e+00,2.133184358318269691e+00,2.228817109281533426e+00,-1.103044285313696360e+00,1.325496304144486714e-01,-1.385874539821336793e+00,-6.630184658211126791e-01,-1.243943643725473835e+00,3.342250431732971538e-01,-2.256706519845984360e+00
-9.574221265349928123e-01,-1.132477087658855464e+00,2.511249315003626137e+00,-3.235915724034815089e+00,1.310065023801774586e+00,-1.961526008855907222e-02,-1.806347929582583944e+00,-2.124612615548266525e+00,1.528428303302957980e+00,1.055901025336458687e-02
-2.014089467408636036e+00,-2.192137679142988294e+00,2.576775248933149243e+00,-2.337934364113083419e+00,2.866379137384308606e+00,-1.440126566954671006e+00,-4.871518913455097910e-01,-1.975434927214442249e+00,-2.496777363200015198e+00,3.305362653204153567e+00
-2.033253656900777528e+00,-2.205625898573240207e+00,1.309192690490196043e+00,-7.847735508065420973e-01,3.216031817258757641e+00,-3.273098308097038611e+00,2.670668960538225889e+00,-1.095570716336958572e+00,-6.054121572510051230e+00,3.464872613641401422e+00
-1.481271452065568983e+00,-1.754751029665954309e+00,-1.972128821067220095e+00,2.348749605636813342e+00,3.312668477463655670e+00,-1.652836231280915058e+00,-4.299253633640877093e-01,3.082825468826658089e+00,-5.925120383053129380e+00,1.020536546137790879e+00
-2.014714739055120329e+00,-2.194675378825230005e+00,-1.632660730575854036e+00,9.480337379874228532e-01,1.711890395286398636e+00,2.497410841010277771e+00,-2.299620894750079358e+00,1.768862948604787322e+00,-1.192949914868947969e+00,3.324774500567782454e+00
-6.862015339919599333e-01,-7.172417314460654003e-01,2.222850865716515578e+00,-1.574644139122445274e+00,-4.973486628874486115e-01,-2.852289770939075542e+00,2.184697058194536190e+00,-1.753355834813388858e+00,-1.662506745496111993e+00,-1.967734910570162477e-01
-1.979700685863321041e+00,-2.160636986300073392e+00,-1.891174792356325129e+00,3.426362097382929406e+00,-1.502506228453022619e+00,3.466808974397965315e+00,-2.393193605439247751e+00,2.799257110402123772e+00,-1.574866640077547952e+00,3.060109481635901574e+00
-1.446940006281751456e+00,-1.804545902617417763e+00,-1.740890654226620482e+00,1.337305252550121892e+00,-7.265067294007714338e-01,-9.345644894708469153e-01,-1.162997461896714491e+00,1.929971220441158319e+00,-5.638493756268204926e+00,9.561286299572699932e-01
-7.201023659133356514e-01,-9.316652126265384526e-01,-1.922346646652307589e+00,2.187907521201895911e+00,-1.432881241477982126e+00,2.876862022650881201e+00,-2.341389342932013395e+00,2.792569668691498030e+00,8.223966826255855178e-01,-3.942811352375752421e-02
-1.902759116510808202e+00,-2.133897499899155115e+00,-1.566615246297997199e+00,1.160163164452760576e+00,-2.859833313566809032e+00,9.626828845987231986e-01,-2.016249385659948157e+00,1.667069201589907346e+00,-4.618324577441292433e+00,2.617132025998232692e+00
1.466139835079261378e+00,1.999708336718246215e+00,2.270343994188911196e+00,-1.084227958399537783e+00,-2.007928370250300798e+00,1.970855265737966100e+00,-2.212086399611377097e+00,-1.429787113441289392e+00,2.537550653846792681e+00,-1.331304979297824431e+00
1.816811349185011970e+00,2.576714945134798818e+00,-1.850005956353035552e+00,4.744900510307226149e-01,-2.770832977113379059e+00,-2.843959146285746975e+00,1.420490613298562854e+00,2.371649470236467216e+00,-9.005866951059391390e-01,-1.779261959642024937e+00
-1.762546417106485297e+00,-2.042886467397619032e+00,-1.671732664207105312e+00,6.256037752913057304e-01,-2.205142292356576661e-03,-2.197035795101459410e+00,1.217124899011450712e+00,1.685948433434143467e+00,-6.014430237206164875e+00,1.957283438166117939e+00
2.306970025134065683e+00,2.351376983588365999e+00,2.725276310055146922e+00,-3.078750157516568109e+00,-3.137193627419349262e+00,-2.500439727749394159e+00,1.597962148388203385e+00,-2.097139298408099428e+00,2.301479961100750149e+00,-3.415292406786581303e+00
-1.649583819690882969e+00,-1.965840417375419591e+00,1.651441691044850391e+00,-2.033766798439590406e+00,9.797875942845202246e-01,5.627027841373895001e-01,-1.984451596443607579e+00,-1.903076220341515912e+00,-9.146041738731347515e-01,1.522370969796232210e+00
1.693458998994518794e+00,2.916121720171195086e+00,2.598807125161316289e+00,-2.840844464415724691e+00,7.932852036521973460e-01,3.458695595306241266e+00,-2.392515899256910661e+00,-2.064220174887345216e+00,1.083726829797817715e+01,-2.812300319098629764e+00
-1.380069167270409958e+00,-1.502259312307451244e+00,2.576319735739576622e+00,-1.089403508450493163e+00,-2.313303226255324585e+00,1.580429646210386174e-01,-1.709675998630634242e+00,-1.522193079620642875e+00,-4.073062597038225263e+00,7.723529110002580467e-01
-1.432869432518327102e+00,-1.843609459657875815e+00,2.845221343699800620e+00,-3.333495923970013930e+00,-2.152432384018157840e+00,2.074422072449255694e+00,-2.248550932851365758e+00,-2.137169329204994028e+00,1.376349962645077696e+00,1.106120630383011338e+00
2.054069096440262587e+00,2.794853754410033364e+00,2.661337756587132564e+00,-3.238697807312152399e+00,-1.495463952377934280e+00,2.341524462063390821e+00,-2.285562364531050772e+00,-2.126146305514444723e+00,9.270666315351160591e+00,-1.932000776500164108e+00
-1.027141008269209399e+00,-1.361415803100893607e+00,-1.974942896334518805e+00,2.327265851276719033e+00,-3.586587952012023628e-01,9.889061180655813743e-01,-2.058520473044878507e+00,3.137424776869977450e+00,-2.504513145460510959e+00,2.979547422098183240e-01
-1.373287746866761472e+00,-1.578590381584581426e+00,-1.980373035042095387e+00,2.983298610386415639e+00,-2.112092893761247314e+00,5.556906861235599848e-02,-1.838068200084741921e+00,3.103219492015041769e+00,-4.831551120514369302e+00,6.604578828772966759e-01
-4.797790421060778021e-01,3.402849775762742390e-01,2.069847937267903948e+00,-3.222194524630877854e+00,3.885679601052252075e-01,-1.447757744359348564e+00,-5.004898531786123872e-01,-2.127440824747024894e+00,3.410396495453566157e+00,-4.202871079544685529e-01
-1.512568622490943815e+00,-1.839254409763863451e+00,-2.009410832517004142e+00,2.154755305531019793e+00,2.528938294462435010e-02,2.062827741311501484e-01,-1.817851973683880962e+00,3.375825803298781125e+00,-5.181778573060482174e+00,1.198901558329299455e+00
-1.763014361965002053e+00,-2.022122797455840004e+00,-1.748556170306019508e+00,1.448716989580526082e+00,6.124894584720781410e-01,3.270500586759693462e+00,-2.373853135888880139e+00,2.419785892690735629e+00,-1.510229547729800004e+00,2.015818874308659581e+00
-1.502110063839278586e+00,-1.829216502915774756e+00,2.315449847390974814e+00,-2.995884964414803342e+00,-8.356398530257767021e-01,-3.324759194973982090e+00,2.138407046248343768e+00,-2.090088135805419522e+00,-2.027128022290817899e+00,1.063242074426891115e+00
-1.951068641943694448e+00,-2.161220722050745557e+00,2.690743866514607507e+00,-2.133931359887870638e+00,1.165424270416437480e+00,-1.941034573694760734e+00,4.667200440505566150e-01,-1.916493021057926072e+00,-3.408073297824110615e+00,2.956561847567490631e+00
1.821965582536736683e+00,1.795430429708407605e+00,2.516590627127971214e+00,-2.622042999407502073e+00,1.042818267436610213e+00,3.178839928732999809e+00,-2.367206258906705774e+00,-2.026879192980497901e+00,6.669466074164780878e+00,-1.616491554084985793e+00
2.426296054264956759e+00,2.500237844550794009e+00,-1.868749035676259274e+00,2.585354771165638610e+00,2.545398636343009002e+00,1.757761490397069970e+00,-2.217381531816474460e+00,2.407729241083674587e+00,1.123605577307156711e+00,-3.468023230122684097e+00
-7.740460034967289182e-01,-7.261157168215705004e-01,-1.839588452113565475e+00,1.850328870446651841e+00,2.945340309742638496e+00,2.781805705827327557e+00,-2.327258242274683031e+00,2.451947761340428134e+00,8.017775507142530511e-01,-1.687942061926528403e-01
-1.622305076119631151e+00,-1.821863715756768753e+00,-1.768025790754896853e+00,2.748631854976814282e+00,6.546052113537967898e-01,-3.291141693665860846e+00,1.813596404522270999e+00,2.537046864413898373e+00,-6.336623907456887750e+00,1.428733260302866626e+00
-1.151781394909398903e+00,-1.469590055228572556e+00,-2.018384120995693198e+00,2.650309893555218288e+00,3.274631666074800052e+00,-2.495833423961870690e+00,1.750725462496151685e+00,3.529257236501841977e+00,-5.154487751873259249e+00,4.361353855383862665e-01
-1.866019105549146795e-01,5.345467561444604554e-01,-1.904355992431326472e+00,2.438708014588638839e+00,-3.654543151730171857e-02,1.707221802130600707e+00,-2.204993177536962001e+00,2.981009729535908370e+00,2.039426598119108203e+00,-5.037173555271690084e-01
2.710950176883022422e+00,1.905775203324840295e+00,1.698599349463550734e+00,-9.778663301239358674e-01,-6.948862313540669078e-01,-2.066984242670777405e-01,-1.688298488392582897e+00,-1.354946257042111579e+00,-3.251825121644411620e-01,-1.919135908907573684e+00
2.004601022622707784e+00,2.572091830273087076e+00,2.185321767367205403e+00,-2.940088837512632836e+00,-1.422041211599507804e+00,-3.177426730155059165e+00,2.576169411427399858e+00,-2.087103085391219803e+00,1.950252653701507466e+00,-2.811697319764093983e+00
2.460050952327371143e-01,1.533943805592314691e+00,2.100993300225687310e+00,-2.241913759739790457e+00,1.679790475598036181e+00,-2.370872059943370136e+00,8.688847815333826663e-01,-1.947927300999704014e+00,3.580992644658162583e+00,-8.557831231390338189e-01
2.263671057676376552e+00,2.695089344901011597e+00,2.015494069192300675e+00,-3.062769546552049693e+00,-1.247325802431261010e+00,-1.207112611105595423e+00,-1.115252932646337403e+00,-2.091062983177592649e+00,2.511225298473193757e+00,-3.358587119716903047e+00
1.690238595893253093e+00,2.512006414454256209e+00,2.093703065294300725e+00,-2.757496072965937906e+00,2.419152806464420991e+00,2.317303571426695186e+00,-2.285914584954840567e+00,-2.042434591175003256e+00,5.810592050518245344e+00,-2.346781949353708541e+00
1.535183615249452016e+00,2.012223675298172587e+00,-1.417113953752459743e+00,3.088385398857140807e-01,-1.056313186816154381e+00,-2.064798466398302779e+00,9.765818008461191191e-01,1.168868087869237460e+00,4.190989995595240103e-01,-1.877667856927077050e+00
-2.012948184978255117e+00,-2.195189281477000875e+00,1.479912912213756870e+00,-9.704924033793074223e-01,-4.037698170770123163e-01,-1.050047696728721114e+00,-1.037884909027832148e+00,-1.207224402655636020e+00,-5.524348104083096622e+00,3.329435495018162605e+00
-2.108825699124622366e-01,1.385317414031928818e-01,1.422620494766961841e+00,-4.071159398689836451e-01,-1.096282262574495903e+00,8.012268097610197870e-02,-1.764690314756239609e+00,-7.655555977377495047e-01,-1.523883066630120631e+00,-4.896049047558328482e-01
7.873472252769810886e-01,1.108389635132261075e+00,1.640181587503680483e+00,-7.814631630150308261e-01,-1.285175986366044132e+00,9.659362361785284179e-01,-2.067349170347664522e+00,-1.270311778491161725e+00,2.525791151320316175e+00,-6.524252940239225751e-01
-1.169060169975864594e-01,1.808006693319962332e-01,2.603130039891933922e+00,-1.997804570992530504e+00,-3.279902478094977702e+00,8.047511547278416444e-01,-2.036653471736912469e+00,-1.861000559858662085e+00,1.552330802540882182e+00,-4.982185888089225578e-01
-1.324433559277073735e+00,-1.745832601466589251e+00,1.564794830080084465e+00,-1.368261303464961998e+00,5.303516791758369209e-01,1.665747417503276040e-01,-1.834931632432986515e+00,-1.506847956489751228e+00,-3.279805495960894213e+00,9.899546963096810259e-01
1.821296867652989704e+00,2.677392398501965420e+00,-1.909180419949368046e+00,1.747752522988935020e+00,-1.719306872602459180e+00,6.225107577738455689e-01,-1.947237627297013551e+00,2.658359488423026384e+00,-8.261821611864992310e-01,-2.502537997630636557e+00
-9.595940945269026967e-01,-1.496919100350019072e+00,-1.788504442676621009e+00,2.113956831240694001e+00,1.428666390305687983e+00,3.373117356064032180e+00,-2.386028920415543375e+00,2.022417418605011008e+00,-1.303053270112048301e+00,4.702451239472469346e-01
2.395280702271305628e+00,2.188606575714043601e+00,-1.622465773073151096e+00,8.323434139805581111e-01,3.042016669327466616e+00,2.864530516074806243e+00,-2.338047004710974708e+00,1.610733610393403570e+00,4.993102757626208366e+00,-2.396599404442974368e+00
2.034673106708210888e+00,2.135350348179553492e+00,2.768919058484627271e+00,-2.303338889705403680e+00,-1.346693387355099691e+00,1.270364288067480807e+00,-2.059769976586814266e+00,-1.976630324380664216e+00,6.160909430813953591e+00,-3.491914061579402428e+00
7.881047046876453743e-01,2.108419374030603421e+00,-1.921576946332122393e+00,1.489704819557089444e+00,-2.776396090927776061e+00,-3.236461600145371875e+00,2.928222654360209010e+00,2.900348587412573842e+00,-1.745046594252392280e+00,-8.751915918990800236e-01
-1.460781063904216692e+00,-1.699938743948941067e+00,-1.807074492506570262e+00,1.697111634362986621e+00,2.887266386198017898e+00,1.714381164177667394e+00,-2.209440303015114626e+00,2.155644078635035932e+00,-2.099670453190198849e+00,9.007113220448363933e-01
-1.686134204314475804e+00,-1.990191150456353864e+00,2.439734542421292840e+00,-1.381758722491785552e+00,2.726839347271113212e+00,-2.294019840506962282e+00,8.227678162910802007e-01,-1.588759122005023228e+00,-4.952971483866921432e+00,1.670022193478033046e+00
-1.122297265192515603e+00,-1.412072373806640080e+00,1.924105698405095932e+00,-2.701813346743260347e+00,-9.345548479546184062e-01,-1.943790983233628644e+00,8.571717355406718308e-01,-2.010089648332656687e+00,-6.937995214548676737e-01,4.296547346701515835e-01
1.583743272775389510e+00,2.754766624099263872e+00,-1.954931169270067937e+00,1.531833581467941130e+00,1.492813688459895261e+00,-1.820475470998617951e+00,4.001934220317769353e-01,3.211410126481345273e+00,-1.828696108692437594e+00,-1.553073604114529660e+00
-1.980955977620917574e+00,-2.177185440309974851e+00,1.714748255633722795e+00,-1.066480951784932962e+00,-1.010921855308713369e+00,3.612918102969731038e-01,-1.900636274189221098e+00,-1.440092241171879950e+00,-4.483974095912378388e+00,3.089827703354452559e+00
1.330928896174442100e+00,2.622013146323730393e+00,2.139626815177677166e+00,-1.434420172130519866e+00,-2.622192441246202321e+00,2.195004460100187238e+00,-2.272994275352225646e+00,-1.586095644653159775e+00,4.111918413432157138e+00,-1.511525459207230915e+00
4.802315441373969374e-01,1.027021540163873814e+00,1.115378134304228830e+00,-4.715168709408690262e-01,-1.364320295937866412e+00,-2.510542486172816723e+00,1.739481652548171331e+00,-7.414652004867936519e-01,-1.131512552192554644e+00,-8.167986583749704543e-01
-2.003241158411527945e+00,-2.187866545217715952e+00,-1.825224665401719015e+00,1.089273823324691470e+00,-3.388525691086009761e+00,7.518697316829712207e-01,-2.004086840169173378e+00,2.367788875807391502e+00,-5.113479486281073960e+00,3.263165332541479557e+00
-1.360638572956924364e+00,-1.622126759352522818e+00,-1.124659091611388329e+00,3.459224147752681944e-02,-1.837567947254815870e+00,-1.309693103281734494e+00,-7.552066177522549495e-01,5.526372380981137145e-01,-5.169129535343674142e+00,6.789272796701704138e-01
-1.591401545827765940e+00,-1.872629239827658498e+00,-1.715743580123170631e+00,9.795521077913473817e-01,2.056342726228431950e+00,-3.050519152058308148e+00,2.851273171646330873e+00,1.854590188740993018e+00,-6.028394080956093859e+00,1.224291088867457411e+00
2.381084415711530511e+00,2.925408682769454316e+00,-1.504876447258042260e+00,1.883897512910825967e-01,-5.919947756476724443e-01,-7.154919565937896131e-01,-1.317004183762745750e+00,1.320954708518827125e+00,-1.198694876645123975e+00,-2.748291075107031300e+00
-1.664255368774136601e+00,-1.824645696407778406e+00,-4.072210318596211076e-01,-1.493674459582585712e-01,8.100535393312311427e-01,2.355820880984353494e+00,-2.259014496590486587e+00,3.145413041709405055e-02,-2.127001108179030098e+00,1.445470653334767874e+00
2.090887294904177018e+00,2.095941454395755521e+00,1.551991677829326788e+00,-1.099632898449597995e+00,8.884048406932238962e-01,1.959956202666161218e+00,-2.240520576507858852e+00,-1.392681560010808672e+00,2.521782811667018454e+00,-2.551494309536062488e+00
2.003090303815904250e+00,2.004882649187287758e+00,2.743524944282310862e+00,-2.227913323292727732e+00,-1.187859859766808857e+00,-1.460453846651255994e+00,-6.229155632210612303e-01,-1.940817245495237042e+00,3.255888845543475352e+00,-2.062669068164271202e+00
-1.461160663611984489e+00,-1.741596607989693402e+00,-1.056421252611563943e+00,6.417076472785776531e-03,-1.528092510531070314e+00,2.253389541237847737e+00,-2.264408325443985959e+00,7.083355891366915902e-01,-1.562684817590914044e+00,1.048847032464639284e+00
6.083906116045453283e-01,1.866092020165817100e+00,-2.041267183332553525e+00,3.188044774016086436e+00,3.557381552307932182e-01,-3.120518783149517361e-01,-1.618181640974876823e+00,3.652423208943031518e+00,8.131347835805455837e-01,-8.585442528225453174e-01
1.845258301210523033e+00,2.505207910810555383e+00,-1.744850414111807302e+00,6.717044530639171285e-01,2.598096144300341415e+00,1.051521456747948058e-01,-1.789825420501382158e+00,1.923365608257778803e+00,-7.051861243255730383e-01,-3.427884572344025660e+00
-2.559766418812822186e-01,-5.855944844979547037e-01,1.870540369757544896e+00,-1.151571258939061870e+00,2.184551612785323726e-02,2.475871948372362574e+00,-2.281238000602222815e+00,-1.417749202450984569e+00,1.797193122838148804e+00,-1.236760575235105186e-01
-1.610960413276357528e+00,-1.860132243556126275e+00,1.510083728551956384e+00,-4.885633967406861622e-01,2.617902000302269272e+00,2.189952496116662317e+00,-2.268865454873595144e+00,-6.148392413596178718e-01,-1.966772662864147314e+00,1.301196749684967457e+00
-1.701044371386273513e+00,-2.002132831106366417e+00,-1.822327220623313870e+00,2.073732482809240274e+00,-2.105724080082309158e+00,-1.213642318834156075e+00,-1.021612801914574264e+00,2.169138565393858187e+00,-6.087258465219773207e+00,1.717186058303796337e+00
2.100832614802993770e-01,1.028778586110667748e+00,-6.403862978748945389e-01,-1.370508020147753747e-01,3.462226135698291074e+00,-3.230100041245928200e+00,2.739274065538550129e+00,1.366124819555068204e-01,-2.669139601498610181e-01,-6.792073713764916754e-01
-3.224561829176852967e-02,6.684477790494067762e-01,1.326731719211168947e+00,-4.255284804711036983e-01,-4.576658443838685919e-01,6.347351888749344084e-01,-2.003665707980822219e+00,-8.742896282750172166e-01,2.660701901507406264e-01,-5.799936106299212746e-01
-1.878304363760620932e+00,-2.096461444190262036e+00,2.458276631747847496e+00,-3.198035617255487573e+00,-2.967426710931560851e+00,-6.118593578109052800e-01,-1.460434335236986847e+00,-2.123545175540781482e+00,-1.141287556338007159e+00,2.420575105986524811e+00
3.632220506605240207e+00,3.365795949136843213e+00,-7.487173239170072936e-01,-1.877017768769930761e-01,1.725722491694025251e+00,3.153587146084650072e+00,-2.366961040969267405e+00,2.339426013537760363e-01,3.289809085998228966e+00,-2.741806926344410478e+00
-6.819785125258148728e-01,-8.029821097840512678e-01,-1.738810286129087945e+00,1.124381587201782828e+00,2.629644076802788888e+00,-4.857386447009766073e-01,-1.615544404873763273e+00,2.003922039110753950e+00,-2.878565619961123812e+00,-1.368890332744769900e-01
1.142988362511699441e+00,1.274858720163161596e+00,2.472209513298916583e+00,-3.145937184583543544e+00,-7.099802021599121993e-01,-2.272277220127881581e+00,7.695572858892006929e-01,-2.109833329500081067e+00,3.001949914426744748e+00,-8.963550306069505424e-01
-1.434515114758973864e+00,-1.802920648078124577e+00,-1.961519526604871499e+00,1.804163479642829415e+00,3.214916012458232331e+00,4.138789910860207755e-01,-1.873646938755527902e+00,3.128773251688341084e+00,-4.928025110039946810e+00,1.179419752454029968e+00
-1.176112713479620542e+00,-1.226534935329558262e+00,2.265830972990070968e+00,-1.055644265897690559e+00,1.086379541370238400e+00,1.637529046591001070e+00,-2.121432887077299601e+00,-1.502596566399137190e+00,3.020520755476823194e-01,3.498460553860640587e-01
7.412320588736827087e-01,1.328049516318253298e+00,-1.967951907995472149e+00,3.069221594787721941e+00,-2.423540124831632170e+00,2.766842092333950731e+00,-2.322220530945866113e+00,3.167725087800884687e+00,1.979151267656502622e+00,-9.838506724365800871e-01
-1.732359150122776859e+00,-2.017017972181811558e+00,2.824832059036128662e+00,-2.824430277470753037e+00,-2.667430981978278215e+00,1.769586887593255220e-01,-1.746603269651726631e+00,-2.052467986734680672e+00,-1.022857657759962846e+00,1.770672675707468890e+00
-1.970204302767706306e+00,-2.166900062902925583e+00,1.995660596356608529e+00,-8.977345769688245269e-01,-3.032322782651783122e+00,-1.966023294183599557e+00,2.837330402376774807e-01,-1.204598500381404369e+00,-5.273627421079454258e+00,2.991443270741275917e+00
1.783180802852263103e+00,2.129693656948385083e+00,-1.740693326482107395e+00,1.949966886418615708e+00,9.533456636406167917e-01,-5.009809420744488762e-01,-1.579669466410197565e+00,2.258759696074873258e+00,-1.159925327597671307e+00,-2.300333368123363087e+00
-1.826975252495512292e+00,-2.063414018830870944e+00,2.223765976394781685e+00,-2.838183429512318057e+00,-1.456241855665671103e+00,-1.275815151754895016e+00,-1.029629768985657279e+00,-2.064115350043884689e+00,-2.329032577799811765e+00,2.293753151756400044e+00
-7.676192591829744671e-01,-6.442986539316801764e-01,-6.692475248261946508e-01,-5.548101300077545872e-02,-3.056978198097199062e+00,-2.228268500084650050e+00,7.261202625674596511e-01,2.052508461056120614e-01,-2.580649277630876259e+00,-1.831525108951921332e-01
-1.991400163674743817e+00,-2.184513460448077371e+00,1.820431824067976878e+00,-3.085389340169291117e+00,1.436820988027244006e+00,2.561756153437494632e+00,-2.313348580107876362e+00,-2.099865030888643069e+00,1.736230895908238647e+00,3.186227925837233244e+00
-2.006923424894239805e+00,-2.191002701743912429e+00,1.856156487550010281e+00,-2.021097494547594575e+00,1.416602228480098091e+00,2.803890878210525628e+00,-2.327709103338482688e+00,-1.841760660513604764e+00,1.379282437706454534e+00,3.298784382991886588e+00
-6.236316395874119678e-01,-3.198518093396483519e-01,2.100151743313055874e+00,-1.888511559194227640e+00,1.685695261606312556e-01,9.558041435155297805e-01,-2.081991653225695238e+00,-1.873867720172261553e+00,2.157858637756585374e+00,-2.457805034026696589e-01
-1.606318735397720410e-01,6.463677054716053805e-01,3.241659978789186880e+00,-2.108419577372128373e+00,-2.300458270857876464e+00,-1.184459175899019279e+00,-8.332868971440861028e-01,-1.920833637757608514e+00,1.339764278052317126e+00,-4.204304451319349489e-01
6.024915122374394638e-01,1.661585354875781739e+00,-1.986135693685928683e+00,2.594611256209828909e+00,3.006669806639450826e+00,-2.435629304640972492e+00,1.357317616457432319e+00,3.310349700430804898e+00,-1.635036386070856107e+00,-9.042198593881658475e-01
3.517568962586742343e-01,1.269589715478153469e+00,-1.778762423662657799e+00,1.876577906471606383e+00,3.472643970855354922e+00,1.495006569808035479e+00,-2.142581292499672774e+00,2.035796758405072016e+00,2.866404559296444887e+00,-7.325738376605430702e-01
-1.404865526964122813e+00,-1.713452426315378752e+00,-1.928406139756313031e+00,2.161173820060731110e+00,1.393335072136729025e+00,4.688949400419568647e-01,-1.875121030899084884e+00,3.115223817805198969e+00,-4.824717615521381120e+00,8.720731237213845688e-01
1.157990804945230323e+00,2.064762155051244275e+00,-1.665448980570696680e+00,1.748568433471421102e+00,-9.179728052936613203e-01,-2.063700651150649712e+00,6.544545302905918627e-01,1.921951038045624616e+00,-1.697655582414927311e+00,-1.599837258857306876e+00
1.918970749625165784e+00,2.015029484237156332e+00,1.822383403283852066e-01,-3.544150864899009434e-01,-1.710200967200482314e+00,3.161282100297042597e-01,-1.911157291191719620e+00,-2.633883668935674827e-01,4.504477224896086263e-02,-1.778116442606423320e+00
-1.732024717670509695e+00,-2.010962240464508000e+00,-1.564419782249865776e+00,5.829471031144635162e-01,3.562015542431629100e-02,2.815693938970267318e-01,-1.713013132577493547e+00,1.365650761693484760e+00,-4.948033670436929654e+00,1.863809063479020089e+00
-1.531621461563465791e+00,-1.851782409012504793e+00,-1.742023592610010496e+00,6.680561045280537513e-01,9.838218811329095814e-01,-2.104594364423127750e+00,7.344929916496081290e-01,1.847593881141284200e+00,-5.631356907557402813e+00,1.348753675718247891e+00
-1.746172392010398866e+00,-2.048010996490356117e+00,1.743892637903678544e+00,-1.182723652455485386e+00,7.035206180226509787e-01,-2.250240472443451267e+00,1.062426722910701837e+00,-1.562597842727500685e+00,-5.496172154472677818e+00,2.049966677136556115e+00
8.430835062143713365e-01,1.326794668938867439e+00,-6.661411280086044773e-01,-3.349084479019559524e-02,2.859835938463589855e+00,2.544199779115556836e-01,-1.851543523897991372e+00,2.058198708295526091e-01,-1.010614011302806592e+00,-9.901860501825474614e-01
2.111575361189415911e+00,2.638986555371872100e+00,1.816353696953467711e+00,-5.640123157286218714e-01,-2.315057689632578075e-01,-2.052785475645910740e+00,6.341884430935154082e-01,-8.781441976561316087e-01,-1.059791612609702671e+00,-3.043966108079760868e+00
4.854109125275223313e-01,1.103609834259148714e+00,-1.905059288499740155e+00,9.399420394695177094e-01,7.018342900144958207e-01,-1.681430017562963064e+00,-3.395322928810626806e-01,2.665562233025315031e+00,1.474730616308392861e-01,-8.522348945831073053e-01
1.752696763750805964e+00,2.600031500494663916e+00,-2.559838749911392819e-01,-4.451107516869243774e-01,-1.918936659123220423e-01,-1.159159425425961842e-01,-1.626220551396677871e+00,-5.009316179137413005e-02,8.119160666100493362e-01,-2.816730248412100401e+00
2.441900400572123875e+00,4.632218917892005017e+00,1.689923008256383197e+00,-2.139081929262331538e+00,-2.861262091768080662e+00,3.464548980836340775e+00,-2.393125686987542355e+00,-1.942353824771012816e+00,4.986393560973995775e+00,-3.207180781590887264e+00
-1.579932044954210246e+00,-1.838435957879653415e+00,-1.540965214538606354e+00,1.686863516051852585e+00,-4.423325434878324636e-01,-2.160125190952697061e+00,1.184677539926723533e+00,1.867012049008632824e+00,-6.111198358457002655e+00,1.331439046489506950e+00
3.651705490595847925e-01,1.669768272011121768e+00,-2.519387904237159193e-01,-2.262968722328029259e-01,-6.008579087092296156e-01,2.115766049142455252e+00,-2.243993573594400548e+00,-1.162806121032438078e-01,5.073932825628732601e+00,-7.939351482019270101e-01
3.210673175385709399e+00,2.610995416396407975e+00,-2.060243413837411719e+00,3.409595676452268798e+00,-6.861577605317092932e-01,-3.180831543685225249e-01,-1.669479994461493755e+00,3.910103412619339469e+00,-1.753552425471280873e-01,-2.701376753180741996e+00
-1.312634334546806114e+00,-1.651913372145452863e+00,-1.510047548778020943e+00,2.363309722350388498e-01,1.451774098083924436e+00,2.456071527715776526e+00,-2.296631719016100526e+00,1.220709182476497068e+00,-1.816787358754925474e+00,8.495546231091299916e-01
-1.448133171682919329e+00,-1.671805651293263306e+00,2.255796169617385161e+00,-1.234910690548525203e+00,3.032727399706282689e+00,-1.047456029555647650e+00,-1.129191594977853486e+00,-1.542471446630527598e+00,-4.333390123635772362e+00,8.572242250751518355e-01
-1.625576325106566689e+00,-1.923652798268506103e+00,2.747021168419626846e+00,-2.989283656358375563e+00,1.193139776857735868e+00,-1.170296596056013883e+00,-9.085672014413177511e-01,-2.078394910466532242e+00,-2.168871745330267498e+00,1.617616978141772854e+00
1.144888005863142544e+00,1.714035094495953926e+00,1.977718358186761671e+00,-3.152573715003295085e+00,3.267639921132245995e+00,2.055176432670530851e+00,-2.210160916154647825e+00,-2.111520900836823422e+00,5.890334061610690064e+00,-1.608109017925673623e+00
-1.412412892869990388e+00,-1.779909279310515124e+00,-1.792906483245214178e+00,2.544369339772617700e+00,1.991944696817873783e+00,-2.708792653120219551e+00,2.353030991101811686e+00,2.298589852796099731e+00,-5.721244506895406090e+00,8.937011742476199672e-01
1.650071516028236873e+00,2.830167640776723115e+00,-1.501235101942825612e+00,4.265335394762201915e-01,2.000205765113318712e+00,5.993088316703127916e-01,-1.978827985163283509e+00,1.516990426699097672e+00,-2.616488347411217719e-01,-2.084492544492090094e+00
-1.568973404875617872e+00,-1.772142839954615967e+00,-1.858674058054751832e+00,2.981931327068523707e+00,2.017421756393625643e+00,1.092651411623087654e+00,-2.054677543385108773e+00,2.498719191153658148e+00,-3.322204301617334377e+00,1.208415990049781286e+00
2.650220506458653258e+00,2.915417057009296542e+00,-1.963713372044263217e+00,2.564852803112393609e+00,2.198005037257171779e+00,1.522176062477464953e+00,-2.110443095510431188e+00,3.031459649162101755e+00,1.089146353878013063e+00,-1.740967173357254039e+00
2.188094691859407082e+00,2.509310192388918725e+00,1.174478319078667177e+00,-5.547526663335844432e-01,-1.098064391335926260e+00,3.053446708018770828e+00,-2.359063207210837287e+00,-7.640184320482692470e-01,7.055000412797473253e+00,-3.165804627513703284e+00
-1.609027541353829971e+00,-1.906448814704479133e+00,-1.933801067177380872e+00,1.299460371485787746e+00,2.184228528913297218e+00,-1.534088342471556565e+00,-6.044689060466106323e-01,2.995565829577319761e+00,-5.937130018155534650e+00,1.266344488338997820e+00
-1.921437089307215684e+00,-2.141524751375982749e+00,2.571279090487911922e+00,-4.872990877030152213e-01,-2.238489351487773504e-01,2.870714532183968437e+00,-2.332299200429704289e+00,-8.521660805141088035e-01,-2.225411618158309235e+00,2.803830047713237406e+00
-9.038449763379674540e-01,-1.213005976283764165e+00,-1.894334252836777921e+00,2.108193194354000433e+00,-3.220752037808600310e+00,5.518720641321914755e-01,-1.928872345052455417e+00,2.528671433054935580e+00,-2.357570792966039885e+00,1.653833560304929229e-01
1.647472041428036826e+00,2.129604492128321258e+00,-1.816830498696535789e+00,3.217950557124036770e+00,1.041340979755885243e+00,1.676395535439793250e+00,-2.199957621065538493e+00,2.263537581588829894e+00,3.221095628668848576e+00,-2.187601673287550952e+00
-1.071268878778901534e+00,-1.260806054049777192e+00,1.618917174530891456e+00,-1.786192107838425081e+00,2.953844591699421152e+00,3.148160258638522890e+00,-2.357880455982788170e+00,-1.808911015914112408e+00,2.826187492800919188e+00,2.241860728118121315e-01
-1.546480371008128740e+00,-1.859562962309063261e+00,-1.300619780543913473e+00,1.296955354208231270e-01,-1.158652867136088727e+00,-3.038007807854634645e+00,2.084571114008841430e+00,8.810155009892601807e-01,-5.684358952010055255e+00,1.277285878882309156e+00
-1.966536063370884602e+00,-2.166282314148518573e+00,1.853234059835620062e+00,-9.953098624877689815e-01,3.312452411193369528e-01,1.466676784208893025e+00,-2.153284676338619530e+00,-1.333522686632340637e+00,-2.646368619909051922e+00,2.972386115075702051e+00
-1.756758460512253706e+00,-2.019945770588063905e+00,-1.610582377827838529e+00,7.136527584965026705e-01,5.927560935537385944e-01,-2.377307853731519316e+00,1.302686438264241797e+00,1.407994452041955613e+00,-6.134081959282997154e+00,1.796106845005133401e+00
-1.904494285261564279e+00,-2.136246890219847483e+00,6.630354874891838390e-01,-3.621002794799759172e-01,3.455534957213021841e+00,-2.229651659181818957e+00,1.206851356519235363e+00,-5.049583148379299669e-01,-5.902635757464830490e+00,2.698328518355752159e+00
6.162671145592998334e-01,1.629141087443222613e+00,-1.587912618692323363e+00,3.215324383875648451e-01,2.939997856480740523e+00,1.457961090334137566e+00,-2.143650174304698730e+00,1.639518727447045299e+00,1.943704919584656521e+00,-1.101870721065121295e+00
8.125615306702000940e-01,1.578009106747147339e+00,-1.755451156755375663e+00,1.336629918513119186e+00,-9.430648162415646851e-01,2.039304336079172053e+00,-2.248623290444840439e+00,2.129485730286911682e+00,1.893915477554158899e+00,-8.798777766244132437e-01
-9.791518366254292616e-01,-1.344921958440572940e+00,1.326343505229836461e+00,-5.293703782153555970e-01,-2.211960261972285124e+00,-2.066920160094128267e+00,5.312171040624715790e-01,-8.562453782037900973e-01,-3.507568575153331203e+00,2.435785842382123256e-01
1.378083844684302006e+00,2.266220454085236646e+00,-1.706621747325431926e+00,7.807672953031721264e-01,2.583011707379820443e+00,-2.574296854058982120e+00,1.519346416224232055e+00,1.829617387921017357e+00,-1.702683902793441062e+00,-1.859756141031996268e+00
-1.568496096362701264e+00,-1.896363827978438499e+00,-1.912538910236638356e+00,8.479673006657781897e-01,-8.585858006489019978e-01,-2.748739491100602006e+00,1.788703854860405285e+00,2.702919027589401502e+00,-5.925743110835881566e+00,1.337057153165277512e+00
-5.056233460579385719e-01,-5.855649587971812897e-01,-1.794440921422853830e+00,2.059913689640109347e+00,1.077248556994562456e+00,-1.032251970493851978e+00,-1.115790298303678485e+00,2.018271289682296299e+00,-2.626064330712391204e+00,-2.689158289551945025e-01
-1.023162833525920856e+00,-1.103058306624566054e+00,9.134825397268160341e-01,-4.543594841893248137e-01,3.170109898872266463e+00,-3.016754733776942921e+00,2.295881869860457947e+00,-7.138962315137408199e-01,-3.173193974300175135e+00,1.890518079424912123e-01
-2.020234510650437354e+00,-2.198170661195993691e+00,1.797956450746051038e+00,-3.192492943619867241e+00,5.878845128826286626e-01,-1.057636576271028694e+00,-1.186536232276764524e+00,-2.119801562757104296e+00,-2.471719294822947166e+00,3.358177896414930252e+00
2.558087702749009207e+00,1.977244416422648587e+00,-1.793550682718200617e+00,3.328921743602605510e+00,2.594347223841086958e+00,-8.426887867779249142e-01,-1.368553733193440092e+00,2.240881030059487244e+00,-2.131147945881464612e+00,-2.046091941176880535e+00
1.509953807350618016e+00,1.862421415590604923e+00,1.636146828258859154e+00,-1.926962061807264259e+00,-1.962252586018937039e+00,1.266679021685255258e+00,-2.103265499653958148e+00,-1.827320105167966613e+00,3.921179200570383383e+00,-1.756987391353708849e+00
-1.725184640638088185e+00,-2.017268872742791430e+00,-1.959318816559419973e+00,2.993733920302572571e+00,1.106797669205563217e+00,1.893943690955914860e+00,-2.224908464297474353e+00,3.015595563498319365e+00,-2.545343171815976469e+00,1.795747105408850963e+00
-1.679709100855157011e+00,-1.971271113528341612e+00,1.801688136022273179e+00,-1.222536208425577975e+00,3.167547149349966062e+00,3.243706308371183233e+00,-2.369090956806746195e+00,-1.487847296229667604e+00,-7.289052640867924593e-01,1.679783325820237039e+00
-1.643289902981471595e+00,-1.958827811324519219e+00,1.942609855040718703e+00,-2.686379792494661523e+00,2.879194935347586970e+00,1.933689249080709160e+00,-2.202721884702497412e+00,-2.032371868093757694e+00,2.617139016119801376e+00,1.507551935496273643e+00
-1.742465671572701602e-01,3.388118574656569515e-01,2.349878082128948442e+00,-1.178796478784519763e+00,3.400486699536610757e+00,-9.469387459612761404e-01,-1.342089695065409316e+00,-1.580780254679673202e+00,-9.323625385183879066e-01,-4.799288173491365050e-01
-9.158758654488610151e-01,-1.188039999703686789e+00,2.952355723042452418e+00,-2.607604178352672442e+00,-2.258539640790004910e-01,-1.915935084992091753e+00,8.914902892446214810e-01,-2.027965457798306392e+00,-2.299811579723632371e-01,9.149175699345946100e-02
-2.034623225091845899e+00,-2.206395864425844344e+00,3.479146743343160431e+00,-2.810990897944771305e+00,-1.670318657039120636e+00,-3.356179190199591655e+00,2.520573902043948600e+00,-2.055356877015034556e+00,-1.337620878146805969e+00,3.473889519196005082e+00
-2.000450616565787154e+00,-2.191300967728735394e+00,-9.781347708579213318e-01,4.720601477387065259e-02,-7.670660267800388787e-01,1.010084941193059471e+00,-2.037660194286672333e+00,4.233096884554857220e-01,-4.357412877114910543e+00,3.280274317604648715e+00
-1.294508087218732895e+00,-1.656815165747240748e+00,-2.027216870673615112e+00,3.416818062993552729e+00,-1.804608342627431750e+00,3.492698926172075780e+00,-2.395382902795418989e+00,3.706088361656938890e+00,-1.254941779753333986e+00,6.004230494561353382e-01
3.957193946258025008e+00,2.131794838090381283e+00,1.679010355682554190e+00,-1.841955392861127860e+00,2.977192759988778192e+00,1.601770970505324243e+00,-2.171768025764324150e+00,-1.862227843267231897e+00,2.914101904283559641e+00,-2.852170288384593633e+00
-1.602474194405251184e+00,-1.815413620184565424e+00,3.363306943784984515e+00,-2.990445052587884955e+00,-1.281156988140830677e+00,2.887215007767598429e+00,-2.341681057602717164e+00,-2.090575014661645081e+00,2.442890026913133283e+00,1.226172469586687797e+00
2.775651563616897022e+00,2.583134132409596440e+00,1.150125989208346855e+00,-6.783791866091410938e-01,3.301309290083528580e+00,-6.428220725623297049e-01,-1.456580835479593050e+00,-1.002046140103946215e+00,1.388058933800320194e-01,-2.329032251686180999e+00
1.894516632306331161e+00,3.486603049604450888e+00,1.671609530932706589e+00,-2.114909318798273929e+00,-2.846459337584516192e+00,5.350205106552960999e-01,-1.884402407109996735e+00,-1.893400420808882822e+00,2.735803710148875023e+00,-3.270347448178447358e+00
-1.984654914835904949e+00,-2.179291069493072275e+00,1.865727497282265057e+00,-2.236797956866027892e+00,3.239330433077597604e+00,-9.749127373766293125e-01,-1.217618044129366250e+00,-1.935166977002909849e+00,-3.336819642102621941e+00,3.111556052973345032e+00
-1.738724520318684963e+00,-2.006542647405568758e+00,-1.857172132403449138e+00,2.796180169786630643e+00,1.555610163967152459e+00,-2.630969795154258328e+00,1.901704942874677506e+00,2.419312821516633072e+00,-6.460318201864157395e+00,2.027990944651568483e+00
-1.364514192959568994e+00,-1.700965307124918446e+00,-1.951373433392309620e+00,2.698658180289239539e+00,-2.625182990663173399e+00,-1.861236497901830989e+00,-3.613558154109285103e-02,3.026027690562995254e+00,-5.887806244178231729e+00,9.056920320004211433e-01
1.135147583137829930e+00,2.212601945743926990e+00,6.414885836274529796e-01,-2.133033842631473220e-01,-2.587874079759051149e+00,1.292927025672229391e+00,-2.142151957388818584e+00,-2.966215587834475920e-01,3.166663659334506775e+00,-1.247515669921398729e+00
-9.807620067899497363e-01,-1.405836562964839720e+00,-1.932289055294451829e+00,2.827866344377637731e+00,3.455239661953576125e+00,-2.270328139121730260e+00,1.286560122499698089e+00,2.850752316016415211e+00,-4.782667640260299002e+00,2.523264091030239520e-01
-1.859535482645082505e+00,-2.072247541840351648e+00,-1.628624273277579082e+00,8.164083077614439077e-01,-2.379471503177338132e+00,-1.076437112322548018e-02,-1.782423748087332838e+00,1.999549506517448894e+00,-5.476456497211939833e+00,2.285413854975985259e+00
1.338506745547734411e+00,1.732810025175907764e+00,-1.786152349394593220e+00,3.289283469497425116e+00,2.535932685751635773e+00,2.472204041156969012e+00,-2.273055112707230929e+00,2.503921362910103809e+00,2.185395635300468431e+00,-1.900824558079689197e+00
2.655216813593352931e+00,2.696156407913759434e+00,2.724771799593006083e+00,-3.333674045802744068e+00,1.097925448921613700e+00,-1.284441856490978751e+00,-1.047584990802822080e+00,-2.137997938762579597e+00,6.068777862202808571e+00,-2.780477313605294931e+00
-6.872094782545029590e-02,8.190730076603855991e-01,-1.686104613549964659e+00,9.723891944757818706e-01,-2.212695761461587196e-01,-3.058118855412458537e+00,2.401382469221031712e+00,2.117756322783698408e+00,-1.136993762504188599e+00,-6.835438731881064989e-01
-1.104162262107678760e+00,-1.086612124112220190e+00,-1.621004526054415029e+00,1.053286155889871623e+00,1.702579287349442083e+00,1.738161192455450532e+00,-2.149849743311764705e+00,1.621671862388002427e+00,5.034954479318640708e-01,1.853301852685556028e-01
-1.681748385682698022e+00,-1.928444842903038303e+00,-1.685880483316564371e+00,4.754313065923616577e-01,1.205836519601387380e+00,-2.942507335337460450e+00,1.617326974959769847e+00,1.666327787200726274e+00,-6.056779069474391264e+00,1.593106901013023879e+00
-1.819253299016040160e+00,-2.093888179638074831e+00,-1.811153831497925637e+00,2.888229032998923529e+00,-2.303593671619784011e+00,1.861721537095344381e+00,-2.187202876010952313e+00,2.208219363960179038e+00,-2.793658084549408560e+00,2.354262752349295162e+00
3.469177118759704470e+00,2.604567752486830479e+00,-1.801958628337900992e+00,8.296659210249046623e-01,3.466055011288364796e-01,8.787772146067940326e-02,-1.775929171869214951e+00,2.232854896238077202e+00,-1.187492488288288683e+00,-3.171801989237142738e+00
-1.515537424402467970e+00,-1.901193622701663699e+00,-1.792093083303424095e+00,2.919649454334408922e+00,1.121640892301552839e+00,1.414238976118867619e+00,-2.133854982905228237e+00,2.283718885227694173e+00,-3.283274386568738823e+00,1.264328033537696960e+00
-1.836538255732642178e+00,-2.087477159552391104e+00,2.262368469902140689e+00,-1.300330557175453983e+00,1.978328159975528244e+00,-2.146597887669661198e-01,-1.731748030252100445e+00,-1.492574073338043483e+00,-4.392874800953293857e+00,2.252979245543516029e+00
-1.658919342923055984e+00,-1.883755918666578877e+00,-1.975523159472352575e+00,2.717174713210489756e+00,-1.689818892205746437e+00,2.973254732214119400e+00,-2.345236618145872143e+00,3.257769431607476562e+00,-1.078108065551293349e+00,1.569400280886315890e+00
-1.195761661549045840e+00,-1.556839886310081855e+00,2.039164714800581812e+00,-1.174134218221541737e+00,3.002371594962473189e+00,9.703991817366439676e-01,-2.071114378143976253e+00,-1.496501701834797249e+00,-2.937388477049120539e+00,5.529216568458279468e-01
-5.018663148660092999e-01,-5.250792545421227864e-01,2.881185211540009838e+00,-2.646541751333273851e+00,2.597728697210382798e+00,9.629754864338258002e-01,-1.936871653396992521e+00,-2.036718360951211171e+00,2.302083818480396449e+00,-2.428207405078142145e-01
-5.186770533429176933e-01,-4.959053110826553423e-01,-2.083133282279171716e+00,2.958464135732979727e+00,1.247192687005387768e+00,-2.573083457015081787e+00,1.582419813773420447e+00,4.143245542532714154e+00,-3.754936120364400942e+00,-6.014799561147743390e-02
-1.704946644799651079e+00,-1.967006783097795086e+00,2.312919260201911076e+00,-1.266392149680878543e+00,1.868131392447269334e+00,2.203031345666386365e+00,-2.267330640952868848e+00,-1.560379447706966793e+00,-1.405833229403252949e+00,1.579390775966524885e+00
-2.584372081231710583e-01,1.474268257184668363e+00,-1.891094852948451921e+00,1.699957141456903464e+00,-3.906975466356010784e-02,2.935836785171625607e+00,-2.349624844558847236e+00,2.726112489636797864e+00,4.109100982741732189e+00,-5.282428232330489415e-01
-1.670841299944859193e+00,-1.959123483276495881e+00,2.624601629721290408e+00,-8.571015297608410854e-01,1.721743166962066418e+00,2.103181681462436003e-01,-1.896113554498935816e+00,-1.278879038625113429e+00,-4.324287967752208139e+00,1.495248961505865282e+00
-1.915870113531027208e+00,-2.132492008463486410e+00,-1.321545836678031716e+00,1.281792607013905183e-01,-9.065103944363808175e-01,1.238443829940454322e+00,-2.123200086908443751e+00,1.211238456436553479e+00,-3.682055445414579964e+00,2.642058660040134122e+00
-1.988525124794398469e+00,-2.179395956774534238e+00,1.932227652613128788e+00,-1.320355934114011198e+00,1.847533433485537557e+00,2.489319957888679546e+00,-2.289705425127881000e+00,-1.659305465609829833e+00,-1.394432305335386202e+00,3.166984868094208316e+00
-5.945844853980903899e-01,-9.490783752119997807e-01,2.142183236426659754e+00,-3.025609683795580818e+00,1.491352795302161915e+00,9.866131433977622933e-01,-2.091077433123532892e+00,-2.091240097974272683e+00,2.342696367383080069e+00,-1.024272185263130908e-02
-1.829897521605582833e+00,-2.076134643180592487e+00,1.326062159369193472e+00,-6.619175353784649829e-01,9.125575597072765888e-01,2.090261260828993883e-01,-1.810480464876810025e+00,-1.053363073148403162e+00,-4.986618982135264666e+00,2.319005289993800289e+00
-1.900783937087068276e+00,-2.116308476429788143e+00,1.525189657587962433e+00,-8.276932401211114509e-01,-1.494177937527195077e+00,1.077348861861119111e+00,-2.044701759812866726e+00,-1.207331002088742888e+00,-3.080031462918823681e+00,2.523070253941024355e+00
1.077937797108661222e+00,1.731318032472877411e+00,2.142360915523901177e+00,-1.039198434084119604e+00,-7.988578744352867744e-01,-7.138328449082722571e-01,-1.415359093625312648e+00,-1.375285052330701863e+00,-5.971271430632814070e-01,-1.605200181063265230e+00
1.055963703253707919e+00,1.979024155911792926e+00,2.647456347976473445e+00,-1.900760529232515372e+00,-7.302005478028994467e-01,2.509222274457595603e+00,-2.275541366580526859e+00,-1.839488623966317293e+00,6.630379878774576241e+00,-1.526008478676922797e+00
-1.186358656459072902e+00,-1.356810422687489082e+00,-1.765112307039728101e+00,2.513983371249310927e+00,-3.194003606312099564e+00,9.029989877098829609e-01,-2.012396730690162894e+00,2.218012483052347772e+00,-3.035334589293007923e+00,4.110569583555783169e-01
-1.568740623762368669e+00,-1.886605755863850042e+00,-1.762963504410099080e+00,2.421670676391872057e+00,1.039758840417796648e+00,-1.128419235565362388e+00,-8.471681041901084619e-01,2.079211046553198106e+00,-5.726686386929331185e+00,1.199373096596556110e+00
2.680948040001826183e+00,2.474748139256261581e+00,2.081473900534585919e+00,-2.320823930086833187e+00,-3.194427804037358154e+00,-3.395769676171169316e+00,3.113771414221653711e+00,-1.906298482012109385e+00,2.094660427684027937e+00,-2.886467062004477224e+00
1.321587033111438547e+00,2.830292523427023532e+00,-1.880963209948959713e+00,1.033524019488855750e+00,2.592881571810423225e+00,1.806103036328523537e-01,-1.719149872674322399e+00,2.526087970037393049e+00,-7.586422922465893004e-01,-1.500355467692877642e+00
2.093145343712341955e+00,2.533802309010827702e+00,-1.936423554075425546e+00,3.028887148098830195e+00,9.255398959316707419e-01,2.410727142797984612e+00,-2.297637760782738958e+00,2.774048333653771792e+00,2.675856410055050816e+00,-2.590935745524967970e+00
-2.647748143522655195e-01,1.083761435281871188e+00,1.008659935971708554e+00,-3.485938115708719920e-01,-3.458745058338852374e-02,-2.168474742952103185e+00,9.173209126876311625e-01,-4.162305710846251339e-01,5.972275643870633699e-02,-5.811881602818504966e-01
1.881727594566672046e+00,2.396099874477809255e+00,-2.001818794734447238e+00,1.279499374193684424e+00,1.759383774297798020e+00,1.854535019637934212e+00,-2.163969394891267939e+00,3.396919894985949817e+00,3.197030849639092231e+00,-1.382088968591457245e+00
-5.046615199539539187e-01,-8.952213256843155609e-01,-1.968667357472005275e+00,2.253223820318728698e+00,-1.581583656321638998e-01,-1.899005454001745363e-01,-1.737360825597999980e+00,3.121901596860302330e+00,-2.553071258022752588e+00,-1.443733416818071547e-02
-1.901051555438608043e+00,-2.097829611503293279e+00,1.766271374024102503e+00,-3.591092462999374568e-01,8.880734417867941488e-02,-1.906001473994089812e+00,8.471425587821237446e-01,-5.656102262446598417e-01,-5.965758307368236757e+00,2.541082833527817719e+00
-1.771544669345861633e+00,-2.029549763934168638e+00,1.812832623483585648e+00,-2.239609750529366394e+00,-1.896999664717907486e+00,-3.142960208178959824e+00,1.548678364326780743e+00,-1.903119385048908763e+00,-2.074764069715297587e+00,1.981819100286310587e+00
-1.486703005461902150e+00,-1.770070557487679164e+00,-1.671591048202410335e+00,7.837860016352191650e-01,2.517288400960962846e+00,-1.586316544783552329e+00,-4.245487544339005548e-01,1.738638240439127181e+00,-5.678940782285594402e+00,1.056868881612241573e+00
1.772765721886729207e+00,2.016922706220087846e+00,-1.933988604457402394e+00,3.372723948690470763e+00,-3.924131226829010721e-01,-7.470555868369821440e-02,-1.398562626586427715e+00,2.844341868237360238e+00,-8.131657271071252024e-01,-2.303819555237653915e+00
1.374218771499098324e+00,1.771731972375486741e+00,-1.901511061612585207e+00,5.935014233642155190e-01,1.573382309310656701e+00,8.750466706890058788e-03,-1.580580694788678908e+00,2.604466614533559543e+00,-1.427150134866693731e+00,-1.383305816139419164e+00
1.645521059657697682e+00,2.376376217293310056e+00,2.319589261614182885e+00,-1.198761810142227269e+00,1.700257290187909831e+00,1.620457089064229805e+00,-2.142995965422000548e+00,-1.407028811940714608e+00,2.967632623368578138e+00,-2.108457628099149161e+00
2.807083600747254160e+00,2.054168915083252500e+00,-1.221141163394231510e+00,3.422813576779795142e-01,-8.616571811793281022e-01,-9.558459610021703412e-01,-1.194028135013562197e+00,9.075787223184720309e-01,-9.374291813447142019e-01,-2.152284521046553323e+00
-1.970204121644915318e+00,-2.168475935954486733e+00,1.821998560204149964e+00,-2.538643107748328909e+00,8.029034022357963707e-01,-3.103604662225711852e+00,1.506066494958006707e+00,-1.993647174639159303e+00,-2.509893889142849055e+00,2.994862342269455802e+00
-1.869479724401239107e+00,-2.107016240371232030e+00,2.301065849847577116e+00,-1.003184164887283458e+00,-5.645704346363444870e-01,-5.943426170070815751e-01,-1.537655005584397383e+00,-1.228696265678506760e+00,-5.257019680926149796e+00,2.589296420325224446e+00
1.609992080847183704e+00,2.573926668446066657e+00,-1.780316686514698876e+00,2.522543914562613843e+00,-9.902731159015867313e-01,-2.867832078321958633e+00,1.564675380315466935e+00,2.164854014284922634e+00,-1.733325424864602393e+00,-2.112891573685982127e+00
-1.940720582304229058e+00,-2.159683099312246224e+00,1.772094417218345042e+00,-2.708145827894278490e+00,-1.537113495252812267e+00,-3.478272229980289509e+00,2.391861847145009712e+00,-2.037834529193728539e+00,-2.398886504357400806e+00,2.895904162378075242e+00
-1.836252642090557163e+00,-2.066927832892011097e+00,-1.295911665634888799e+00,3.314889463434873562e-01,2.739088606207028320e+00,3.111356983074966109e+00,-2.358056962610997953e+00,1.048274050637956423e+00,-8.798964286141046642e-01,2.177501229627676338e+00
1.173737514055197773e+00,1.618770627809325457e+00,1.749703496036984385e+00,-2.468229340757170931e+00,1.720875164949073444e+00,-2.046050015308559455e+00,7.875259033863428737e-01,-1.993298057924350442e+00,1.184114740509113028e+00,-1.360091011563123509e+00
-1.276656421157554178e+00,-1.516768418273876096e+00,-1.983318505452756009e+00,1.269752157988537355e+00,-1.281703183752119113e+00,1.525629069831815343e-01,-1.719172517874429040e+00,3.285880608182504048e+00,-4.298334220602701095e+00,5.216757682475332558e-01
-1.794026701819006142e+00,-2.045622672888376403e+00,1.500161346116253958e+00,-1.094318470501363993e+00,-2.344496364420100232e+00,-9.031017506911478421e-01,-1.317730943413774058e+00,-1.425104440420083884e+00,-5.341341645003840455e+00,2.001584545377218305e+00
1.124273708694325968e+00,2.232990939398215247e+00,-1.234206638460508820e+00,1.750798247040017408e-01,-8.431587279082437547e-01,-1.136864672439356738e+00,-1.128786312620333909e+00,1.102369416354152420e+00,-9.151647787589403116e-01,-1.369804160993490783e+00
2.046711846013495872e+00,3.314092394865986613e+00,-1.898337576986191655e+00,1.503802491979752354e+00,-1.669683092193620322e+00,2.101441561061244023e+00,-2.256287232754207395e+00,2.742257732589180375e+00,2.456951802379477190e+00,-3.011135749730741829e+00
-1.776742060406542256e+00,-2.032541638224291791e+00,2.437520632242533125e+00,-3.312240502255727748e+00,-2.083547784696943683e+00,2.040513497491573958e+00,-2.217785105017753278e+00,-2.137770523048092119e+00,1.492213452837029664e+00,2.147728220990702042e+00
2.058287359021335305e+00,2.245243652918070598e+00,-1.912917915176441941e+00,1.018411514063791934e+00,-3.013296758992419111e+00,2.598741283783015277e+00,-2.295197480663912604e+00,2.852488672782210077e+00,2.288878922441153208e+00,-2.290904537367558280e+00
-1.932200637626386941e+00,-2.135347835739200839e+00,-1.728469660474342140e+00,1.389031224480199000e+00,-1.625293422227556128e+00,-2.981687836342004516e+00,1.479107231763709729e+00,2.064326554757048626e+00,-6.475227339216504951e+00,2.764388824679000933e+00
2.194163640846131358e+00,2.157407408575602314e+00,-1.947247688768835250e+00,2.571629335588560217e+00,-5.319298063075157401e-01,-3.714052158356828670e-02,-1.745631655992394782e+00,2.942384135992449856e+00,-8.771352041855646764e-01,-2.946743726809403885e+00
1.856271566809086337e+00,2.495758221669362342e+00,-1.810149780583155454e+00,1.134223275759889127e+00,7.417422447061099433e-01,2.481740145594670821e+00,-2.302479431163746426e+00,2.186030300993546671e+00,2.735420546546748710e+00,-3.162375218155219603e+00
-1.682159425683992016e+00,-1.932425652976154984e+00,1.887857031522144791e+00,-2.202220396035066141e+00,1.935582828110536724e+00,1.526676065832771378e+00,-2.128877752694119607e+00,-1.930716976119508654e+00,1.336088178823704453e+00,1.513000821812074292e+00
-1.412202463349579329e+00,-1.731487218310011844e+00,-1.960438113714813468e+00,1.956402283027034450e+00,8.838914526511914005e-01,2.914257504792409748e+00,-2.346630649594580120e+00,2.953826589576804995e+00,-1.191825052423670428e+00,1.161925327703579036e+00
1.406228564948881488e+00,2.930387066254967365e+00,-2.011549759379108515e+00,2.092182826002391138e+00,2.505861236717521479e+00,2.846580990658121202e+00,-2.341510407329022048e+00,3.383836377219871405e+00,2.643113764993311410e+00,-1.153484097126830754e+00
2.100793648270396385e+00,2.197269062242491078e+00,1.786335467895761475e+00,-1.765251921644832356e+00,-8.641335502170131022e-01,-9.757099355402569785e-01,-9.555101252179338811e-01,-1.832421712913224088e+00,8.908147175349074853e-01,-3.251585826686084868e+00
6.613060397362096055e-01,1.427276386693337562e+00,-2.005240632501466891e+00,2.765754337315669886e+00,1.361394544123687211e+00,-2.353379546041328929e+00,1.626723575768025176e+00,3.569260293333123890e+00,-1.472026792951298457e+00,-8.274441069796667492e-01
-1.972305925761346446e+00,-2.167099190944456133e+00,-1.873927905943104433e+00,3.175360326336143402e+00,-1.644817495353692482e+00,-3.238456503619552951e+00,2.781372447614481658e+00,2.384184136417199618e+00,-6.698903381567834714e+00,3.000922539801328170e+00
-1.504749136611440941e+00,-1.795890613848529327e+00,-1.727843585022852624e+00,2.481618135119459723e+00,-1.125110236890891624e+00,2.036524669967588963e+00,-2.217997211190688489e+00,2.216321033211682945e+00,-1.660803384300239438e+00,1.136219213392634764e+00
-3.233477107489383662e-01,5.397047521039393114e-01,-1.689341501065188433e+00,1.136840484687265729e+00,-1.352352044296100786e+00,3.060072838479571899e+00,-2.352672663427768818e+00,1.894323400708128213e+00,3.594582181327287795e+00,-4.601076693106862514e-01
9.057061582166425762e-01,2.159938239057054510e+00,1.639410827431313056e+00,-1.820013064555456195e+00,-9.426913129742668929e-01,-1.580735349723144889e+00,-1.169136803214936293e-01,-1.804376761298811083e+00,1.688541090141375101e+00,-1.246395358018556276e+00
6.930014742609775791e-01,1.163044800994367467e+00,-1.870294294763271914e+00,1.539300364674898169e+00,8.113106220238304189e-01,-1.296456635850225858e+00,-6.656480230773703655e-01,2.701185264524974983e+00,-9.366530401418600160e-01,-8.076373552120705845e-01
3.441903526828224980e-01,8.116637279412561856e-01,-1.164561911794243176e+00,1.824962239287133414e-01,-3.396172911002860229e+00,-2.181477441437548404e+00,9.149384701977381074e-01,7.802457712174848403e-01,-1.813494991508460163e+00,-6.049098321283254975e-01
-6.211415372018138648e-01,-1.102077660765395928e-01,1.638534577407585680e+00,-1.228413311143979225e+00,-2.706363818879454541e+00,2.480364543284143686e+00,-2.303149938741507530e+00,-1.557502049314618997e+00,3.157150586600354636e+00,-2.721454599017145703e-01
1.321356524520679088e+00,2.767717180710537850e+00,-7.993800123015548653e-01,-9.186693180691074545e-02,6.996228765149909989e-01,-2.854555785686776481e+00,1.862776422859858227e+00,2.885857261480732072e-01,-1.445675402117267749e+00,-1.743758659627481222e+00
-1.085472656602630037e+00,-1.605993035507535804e+00,-1.651787101307409689e+00,5.257655396472751264e-01,2.450294785890773319e+00,-3.056962878468281630e+00,2.299183559467377513e+00,1.675065379038273461e+00,-4.915370417773391232e+00,5.588860302712541639e-01
-1.874268705411374691e+00,-2.114314922243060835e+00,2.373584448773771172e+00,-1.623571425794412271e+00,-3.303088786186385573e+00,-1.931585102005685339e+00,1.397247887657704080e-01,-1.753286525564631493e+00,-4.783412980386481550e+00,2.466897324290869165e+00
-2.054059208063140352e-01,1.031658641951441330e-01,2.223012770562495355e+00,-1.302723105525135150e+00,3.117947935706760099e+00,-1.481406923932624409e+00,8.639521580069697837e-02,-1.618562576224343408e+00,-7.338210588515141630e-01,-4.483303205198758690e-01
3.199764923041695575e+00,3.198897208042273288e+00,-1.775328982557103696e+00,2.140241971967956403e+00,-6.679758993204805151e-01,3.025049371104980622e+00,-2.356117294555591268e+00,2.385698404501813918e+00,1.675027816878965625e+00,-2.868384648666323145e+00
-1.402310460776792445e+00,-1.794699435465316961e+00,-1.941631105556531400e+00,1.349137571793347590e+00,-1.135080627967505862e+00,7.378805342133496481e-01,-1.912169757045182994e+00,2.877558230243070891e+00,-4.585053197962350779e+00,1.098656667608309156e+00
1.553209473592618295e+00,3.448861782944216081e+00,-1.580606116881150713e+00,1.036631878454327804e+00,-3.343030709175785820e+00,2.573816237066398394e+00,-2.313931687154194172e+00,1.696034611843177053e+00,2.087054235299341531e+00,-1.315187197468368652e+00
1.926446307501702870e+00,2.569168470624588974e+00,-4.423252917266658479e-01,-3.697871488849950872e-01,1.307397078222152231e+00,-3.333228102362988388e+00,1.650979703805557808e+00,1.692481128353798825e-01,-1.594721305132948519e+00,-1.824744744224779502e+00
-2.006928395029817569e+00,-2.187715925748071388e+00,-2.069763618937304983e+00,2.913308895822472877e+00,6.716614208040398992e-01,-2.781618410647884065e+00,1.709884880043421207e+00,3.972641043918343051e+00,-6.657995570372278848e+00,3.285426918588679968e+00
-1.881445114399876939e+00,-2.103982469706827008e+00,-1.866700523205444329e+00,2.190658079898231136e+00,3.253714059559753125e+00,2.235639667384235807e+00,-2.259226835997099059e+00,2.426125308960028981e+00,-2.845462993746496583e+00,2.438107067923088067e+00
-1.501135793595971712e+00,-1.783791894658042221e+00,-1.842748919720642142e+00,1.595472030744985226e+00,3.125326214891009258e+00,-1.395586336026346075e+00,-8.824963077867110650e-01,2.421553445596460019e+00,-5.434009330403497984e+00,1.043932848428493543e+00
-1.983709286318919851e+00,-2.177043480947035370e+00,-1.718491253495811666e+00,2.684911746788121611e+00,-4.574612631363956794e-01,1.478559532821100753e+00,-2.136922980243661119e+00,2.251408122033828008e+00,-3.348180567549774889e+00,3.120947848568092375e+00
-1.319192417464039924e+00,-1.727920563566944345e+00,4.051650700157709561e-01,-3.427416234636115888e-01,2.592778892451759631e+00,-1.834848581152619840e+00,4.870680944758910003e-01,-3.653795672024783281e-01,-5.240969147127278127e+00,8.189690665328557273e-01
1.130248521096218761e+00,1.941166368266556530e+00,-1.740358497391119696e+00,9.962775814506290573e-01,6.222944106878225412e-01,-8.759673554510882809e-01,-1.119187741729598784e+00,1.845539864669489605e+00,-1.284024699503398148e+00,-1.198659887658339862e+00
-1.162786043991672180e+00,-1.602677916141461267e+00,3.071400318709411437e+00,-2.800137821378206215e+00,-1.461997913802178584e+00,-6.553945935924820887e-02,-1.700945931964449764e+00,-2.055372123331167700e+00,-5.761188039196737387e-01,5.046274924457900823e-01
-1.816113189108960579e+00,-2.045994767024731154e+00,-1.823677688515896511e+00,1.977888567458824909e+00,1.981408338858204665e+00,-3.486505975178913808e+00,2.116024177913439441e+00,2.331636544625491414e+00,-6.491027067912034099e+00,2.103605474533689623e+00
-1.815133806589977361e+00,-2.082576318082456801e+00,-1.915160550204209056e+00,1.976689260972111839e+00,-2.965264437407733489e+00,-1.459208287683551930e+00,-6.815193131659881276e-01,2.808823139300390181e+00,-6.209732087854400895e+00,2.240517337646722673e+00
-1.450808421662162395e+00,-1.642962205476450555e+00,-1.098463399674858954e+00,5.715808776386488432e-02,-3.110055003707713706e+00,-5.431643659773870425e-01,-1.425155669828762184e+00,6.198293826497499603e-01,-5.095737821266954626e+00,8.345910894044887840e-01
-1.934978869141267044e+00,-2.139741048398223988e+00,-1.764705867402172501e+00,3.382114314472646655e+00,1.752397745718456967e-01,-2.766413871028976512e+00,1.310570283464932428e+00,2.327753923568049554e+00,-6.625504236236481326e+00,2.740870375469047993e+00
-1.554045663455335680e+00,-1.796820305034021015e+00,-1.867251096068434091e+00,1.029371264930885488e+00,-1.168777640153468855e+00,1.056605034096096851e+00,-2.099027888810319542e+00,2.509975470489055560e+00,-3.730753049972765467e+00,1.081585300421826545e+00
2.187580057656699939e+00,2.891920733729026249e+00,2.518221257771843913e+00,-1.615995477395581359e+00,1.465699305369112082e+00,1.557141237430060166e+00,-2.169979442100915534e+00,-1.660253429599930497e+00,3.749043785832697928e+00,-3.315236735632561604e+00
-1.877654462592849738e+00,-2.089383249011580013e+00,-1.833141694287998780e+00,3.387651058932102721e+00,2.596537957697503174e+00,-1.804774172771075103e+00,1.906174915597736719e-01,2.323339972913927021e+00,-6.430669438922987702e+00,2.401337917485551365e+00
2.078289107787295364e+00,2.890800962070892766e+00,2.019783162616541006e+00,-9.610856890555643517e-01,-2.614815412632474967e+00,-2.594924792065230967e+00,1.374651424513995135e+00,-1.334582596107058539e+00,-1.054541844075335355e+00,-3.361821938170543866e+00
-1.758028685099161770e+00,-2.011512454309757558e+00,-1.669795927018505877e+00,8.119419824874807290e-02,2.066372481151553586e+00,1.646656630843015279e+00,-2.187576023232848943e+00,1.608660718762261688e+00,-2.495309062111278564e+00,1.994979434363798099e+00
-3.899784327469285050e-01,-8.275293319584120511e-02,-1.912894093106167759e+00,1.792279894810533847e+00,2.140826910915989423e+00,1.103736196352702592e+00,-2.063008467703238313e+00,2.714922031290040394e+00,9.454389786581063326e-02,-2.708570301160584393e-01
-1.542244946980924514e+00,-1.803734554578325433e+00,-1.923276026129258298e+00,2.441093183345956596e+00,8.414273444470978802e-01,1.133399248014621996e+00,-2.104670820009646448e+00,2.884109320795222864e+00,-3.338610012580780939e+00,1.070861708760573627e+00
-1.606136118651313449e+00,-1.846841528071669902e+00,2.437341333246086705e+00,-3.011078551422850413e+00,2.372833018936105987e+00,-2.940128268583446669e+00,1.946106272961536598e+00,-2.097715723062177684e+00,-1.736611517862554077e+00,1.432536295976524876e+00
-1.551668954875692563e+00,-1.842233109878604891e+00,-1.812121439832759195e+00,2.520794752459228683e+00,-2.419816439152731036e+00,2.512646361923452254e+00,-2.294887926266933498e+00,2.108418462571208352e+00,-2.137709702666668932e+00,1.096785581640076224e+00
1.724958699904207249e+00,2.155988632912288150e+00,-2.114337028588893830e+00,1.606605698831987894e+00,-3.347453582435179431e+00,2.592718369524355637e+00,-2.298688088415087982e+00,4.539950272271738640e+00,3.955490302512924661e+00,-1.140645811674964705e+00
-1.318771669451336059e+00,-1.681262133882552412e+00,3.242647050703224565e+00,-3.278643162557022706e+00,2.286941808718285785e-01,-1.128416107360326048e+00,-9.898515952083011271e-01,-2.129617435373724721e+00,-1.607444890519805991e+00,8.485438533391524984e-01
-4.681218681300902129e-01,-2.529372996641233717e-01,-1.485713568415679475e+00,4.051840840452740622e-01,3.406238024378504647e+00,3.390077278494680435e+00,-2.385985210260459066e+00,1.193057314930481727e+00,2.785912426175724654e+00,-2.839826556169287031e-01
8.078628164583135929e-01,1.559420339247838738e+00,3.602609952487165201e-01,-1.318461507445785053e-01,-2.483620682695432347e+00,8.836899021697810497e-01,-2.036994564708773048e+00,-1.206772444949366918e-01,9.533161289234182156e-01,-1.095861775825692330e+00
-1.476210973451223429e+00,-1.728015520378798131e+00,-1.990649603791338373e+00,3.128551454638580864e+00,4.099082471919146542e-02,6.845906448445369108e-01,-1.978882341005011813e+00,3.405140615074082167e+00,-4.129497887912149778e+00,8.718456201189663801e-01
-1.365287634182296816e+00,-1.662575524202378974e+00,2.786055167194138260e+00,-1.728891215510055535e+00,1.465350104564375755e+00,-2.257651819168937202e+00,1.072346422265243238e+00,-1.680266129207822257e+00,-3.670033098287021289e+00,7.026498681739692387e-01
-5.570362491986750042e-01,-7.660529813525391862e-01,1.776877923557726335e+00,-1.391051056780922668e+00,-2.858417542462268202e+00,7.748544496628309020e-01,-1.999407127840194365e+00,-1.639863599049887766e+00,4.795896447453151801e-02,-9.397435772413453847e-02
2.080864057483168938e+00,2.468043439515597015e+00,1.925851880675987893e+00,-7.178411237388142574e-01,2.063881663966498969e+00,-3.148139213255400914e+00,3.129556027470094648e+00,-1.140508510901034445e+00,7.197866205584424470e-02,-3.090694825885034192e+00
-1.822995442647993292e+00,-2.081717322092631495e+00,-1.813495000931624634e+00,1.376147230507369201e+00,-2.323447253279407931e+00,3.496337300758156630e+00,-2.395708517979678653e+00,2.152125097613200033e+00,-6.994115026476408481e-01,2.204578860568382481e+00
-1.953749247551907819e+00,-2.162309235821765707e+00,-1.711384768510700871e+00,1.949329699282534634e+00,3.410448513214303645e-01,2.423823996313926976e+00,-2.292898053355527210e+00,2.134260842767490285e+00,-1.583569021725148795e+00,2.954909488474394941e+00
-2.189360292819763631e-01,4.983073561743022184e-01,-1.761754895717208225e+00,1.433514290687561754e+00,1.538663709061530938e+00,-3.025851958130973074e+00,1.473890421010209506e+00,1.882771377228216192e+00,-1.350663632743553277e+00,-6.030819267192963906e-01
-1.361961979381237642e+00,-1.603762144677998158e+00,-1.587917382983679015e+00,8.511743239500653146e-01,-5.460288516017719473e-01,-2.416464799364817395e+00,1.119395788855676699e+00,1.680110535637342695e+00,-5.617927617065198831e+00,7.508027692714129842e-01
1.404900166824640140e+00,2.081928146513336131e+00,-1.925841735524312703e+00,2.821070213798712700e+00,2.208088267538002469e+00,1.677419030411238410e+00,-2.202655064963901399e+00,2.956641299257633193e+00,3.200764155811087086e+00,-1.838510360068839056e+00
2.504606388429647446e+00,1.990754311532890952e+00,-1.530586528449101591e+00,4.365051289552002167e-01,3.151148887781816121e-01,-1.631767250081105347e+00,-4.869400883383936951e-01,1.432528825560113628e+00,-1.368348564571244541e+00,-1.480575944201072858e+00
2.876512655462505563e+00,2.116089148947357224e+00,1.655474774808377791e+00,-7.195786290856953649e-01,2.133448977954603976e+00,-3.456630633448874335e+00,2.093631056479405839e+00,-1.045471828710119233e+00,-1.591500326149769329e+00,-2.937054553300128212e+00
1.310656634939979526e+00,4.009630348769608332e+00,2.338395810801102037e+00,-1.388515103124907668e+00,-1.849612487074108635e+00,1.652286029544519863e+00,-2.153993929971587562e+00,-1.667625316785151801e+00,2.886510886032619627e+00,-1.878372109347888230e+00
-1.805739380058695387e+00,-2.036783377582904286e+00,1.108418760818778104e+00,-3.350491342574004605e-01,-4.770618864025495398e-01,1.265109649519109425e+00,-2.127234671596544668e+00,-7.104357062370064702e-01,-3.488254690400704128e+00,2.180029447205194870e+00
-1.168829505105622335e+00,-1.675737996339476066e+00,-1.807081360000675652e+00,2.254748723605741745e+00,2.565860895663417907e+00,2.070958950826687683e+00,-2.257130544869558886e+00,2.237127775302916177e+00,-1.976711120770807684e+00,6.702009635833512391e-01
1.931080999378804064e+00,2.338487563999907426e+00,-1.514683954247049602e+00,6.086753348378870498e-01,-3.357489779141265895e+00,3.040777615248577703e+00,-2.347569031506296700e+00,1.296457595375073213e+00,2.439572063574246830e+00,-1.221774791957000339e+00
1.534176288285886480e+00,3.448700407277308422e+00,-1.894945752923014703e+00,1.101738714096629046e+00,8.973728509695826361e-01,1.295748183367796180e+00,-2.135896884817781949e+00,2.604065228660763953e+00,3.305150379540828798e+00,-2.294869254828481253e+00
-2.037605459351718551e+00,-2.208645701626530400e+00,-2.929623104179576165e-01,-2.502055915556380405e-01,1.664027175720915963e+00,-2.757307552883943913e+00,1.685445607867243734e+00,4.093099138140821047e-03,-6.205210195842528087e+00,3.499703146426258016e+00
-7.913425192146114062e-01,-8.808686407097681137e-01,1.911566565409470231e+00,-2.996416268523302229e+00,1.315348443342888807e+00,1.456875770590673191e+00,-2.153421833560632326e+00,-2.089370775057056928e+00,3.569793467151745503e+00,-1.668315784618634723e-02
1.842370459514459435e+00,2.712257301285523781e+00,-2.452531442617582047e-01,-2.115080232644883651e-01,3.326645350354936248e+00,8.165258998864102225e-01,-2.005492238378062009e+00,2.333988399851483209e-02,1.622625307165920017e+00,-2.775445325408884223e+00
-1.595041345122423460e+00,-1.914795020410365423e+00,-1.519916582318687537e+00,3.630200209986291782e-01,-9.921400197198471105e-02,-5.410716338872068043e-01,-1.591148917855307321e+00,1.313744824751678753e+00,-5.146770306946963025e+00,1.366661457899824406e+00
-1.716667369215302719e+00,-1.985932145728227738e+00,-1.677720785078565369e+00,8.894048006162513786e-01,-2.886810698440192891e+00,-8.933774740901734290e-01,-1.320152525190474435e+00,1.682162865114859018e+00,-5.937732112667607254e+00,1.826340168821269039e+00
-1.878071819217154603e+00,-2.101761082032082228e+00,-1.788048789858432297e+00,3.402514003008035637e+00,-3.700093960699559759e-01,1.709361145119991932e+00,-2.177776702307130829e+00,2.136567727381798232e+00,-3.170099229361841964e+00,2.474779926033678912e+00
1.035093494416761351e+00,2.556632294934324978e+00,2.015981809248758250e+00,-1.331419872315851904e+00,-1.264514702909857125e+00,1.481666406796295021e+00,-2.171970651345061398e+00,-1.500860384655635649e+00,6.023146387173701655e+00,-1.373875162350852719e+00
-1.662312088444600100e+00,-1.904746267812330807e+00,-1.990326138119499877e+00,2.764771705780417754e+00,-3.219287964585728634e+00,-2.480873956150608350e+00,1.258035376614214051e+00,3.363965818968236654e+00,-6.176377171897655671e+00,1.451926890169023210e+00
9.524286417200478194e-01,1.605548098262176371e+00,-1.911201118718711012e+00,2.463518369703894706e+00,3.388562955024290169e+00,-1.019280748198805764e+00,-1.183980485390328630e+00,2.727100219122972291e+00,-1.834558375600179758e+00,-1.395283876113038612e+00
2.101196096573061389e+00,2.370434960007317127e+00,1.956782039985470290e+00,-3.199243528412916149e+00,2.738244976718817725e+00,-2.650937496531837745e-01,-1.702333296612682068e+00,-2.119373420135222563e+00,3.036693802442659518e+00,-3.171673096283512461e+00
-1.906258491362500695e+00,-2.123224697499699776e+00,2.433366257921566689e+00,-2.861285937032980620e+00,-1.705170693901217005e+00,2.764146101125541932e-01,-1.898036531175044894e+00,-2.074786174287947205e+00,1.557682797259607455e-02,2.642707426960640760e+00
-1.846015761265685340e+00,-2.068324720925394544e+00,2.435512210030067681e+00,-2.571045386456026982e+00,1.160312436161627936e+00,-7.383832673478707420e-02,-1.595140094641449124e+00,-2.010227125977346763e+00,-7.259418399205679329e-01,2.277014848500684252e+00
-1.897489364044893323e+00,-2.122654576500823786e+00,-1.844207007747904026e+00,3.023028166255429028e+00,-2.335463456419160089e-01,-2.198607478790543190e+00,7.883815042011078633e-01,2.495493411711216858e+00,-6.509001447144401986e+00,2.580463070907566880e+00
-1.997855035996982442e+00,-2.185139745822410440e+00,-1.758246711008599306e+00,2.478006011800597541e+00,-2.254169960351532165e+00,4.719879376092990242e-01,-1.822252535961196962e+00,2.032579464741373965e+00,-5.541086374452972585e+00,3.207222172027567986e+00
1.816693101875104244e+00,1.879880557272955111e+00,-1.436559630316005975e+00,1.798536641330801267e-01,-2.667416235771495892e-01,1.053970960245707467e+00,-2.027410674455432549e+00,1.358072710928734050e+00,1.230837049057928345e+00,-2.022268899841138889e+00
-1.962303583209221047e+00,-2.165908896795532446e+00,-1.949991913835108726e+00,3.239949182457769083e+00,1.679307816978069745e+00,-1.696693722910620927e+00,-3.537486834202304697e-01,2.867060194120680805e+00,-6.494282347166929981e+00,2.993196632061271956e+00
2.118316835584137081e+00,2.589492171916329966e+00,-1.966501341675408243e+00,3.043389598446495370e+00,-3.372217395216307256e+00,-1.629177007849676784e+00,-4.305145321161387706e-01,3.045017218783954593e+00,-1.163882590749864665e+00,-1.824037616884349511e+00
1.706979639346061672e+00,2.353207679893380533e+00,2.584186122274283015e+00,-7.770308745194220990e-01,-3.048332166198729709e+00,3.429666504124129212e-01,-1.914129527921055285e+00,-1.220930506899781109e+00,-8.723333161161128668e-02,-2.831424389607459347e+00
1.871945957016647899e+00,2.720483855626658620e+00,1.810645672781185933e+00,-1.186458171343637513e+00,-1.329150184800382384e+00,-2.447442855248811000e+00,1.371770337414746299e+00,-1.525779005537249100e+00,-1.328108225285890009e+00,-1.650674875664314811e+00
-1.398882704797095089e+00,-1.763244888240988129e+00,-1.834775893523011625e+00,2.566915389932478142e+00,-2.449252114413269510e-03,-1.788479375964565854e+00,8.159754973114241583e-02,2.437403653648643864e+00,-5.870877235342492284e+00,9.931461201330886723e-01
-1.900416611010527390e+00,-2.112078186301949323e+00,-1.771368986196043993e+00,2.854315040021830008e+00,2.180558838583824155e+00,-2.598752858452934689e+00,1.249784750982316561e+00,2.051471721028940820e+00,-6.576374647972113685e+00,2.618281939259882840e+00
-1.303021517409042707e+00,-1.647658755388323959e+00,2.264291045348008069e+00,-2.520578825983592175e+00,-3.325031024230187260e+00,3.315765407128138165e+00,-2.381419511148791024e+00,-2.008347030705997405e+00,2.648341916993162126e+00,6.849158928112135669e-01
-1.864863990880005096e+00,-2.103789987460193078e+00,1.783121831407376900e+00,-1.062789303125762252e+00,-1.277021559898229963e+00,-6.554030351138617760e-02,-1.604563478427748491e+00,-1.413998756554448510e+00,-5.098182612693974214e+00,2.459006571512070138e+00
-1.243501648383511737e+00,-1.557818361917990169e+00,-1.783211427917312131e+00,1.342893161113813072e+00,-1.464458628508856108e+00,2.257834071336234594e+00,-2.280398321227936176e+00,2.510628818636160275e+00,-1.528737337211788949e+00,6.251356562733967337e-01
-6.851263294586962260e-02,9.038076180505214552e-01,-1.056826924068096973e+00,2.465227374009693051e-02,3.231793789623464974e-01,-1.368553920053978690e+00,-8.052364248564439775e-01,4.337369951623559761e-01,-1.944912987681308714e-01,-6.768629732224971107e-01
-1.487664782680606645e+00,-1.762901324724259089e+00,2.968289947645868843e+00,-3.428181429901755006e+00,-2.862390388166735633e+00,-5.967551157162795938e-01,-1.181922852849513594e+00,-2.150205827039565865e+00,-1.208106968672508996e+00,8.907293737401138500e-01
3.257697582792829394e+00,2.905257480580597740e+00,-1.769548216909059724e+00,1.861245590185938603e+00,8.679547066715667114e-01,-7.649302309351124762e-02,-1.730897905071392628e+00,2.135438360466789032e+00,-8.197868473973118908e-01,-3.105744321901495297e+00
9.015016316029852428e-01,1.711764461037066143e+00,-1.895736372941552617e+00,2.429762517001297972e+00,-1.598114551943868200e+00,-3.105726336615655114e+00,1.629450520288355575e+00,2.809725590885155722e+00,-1.983050220597858182e+00,-1.358431491468110153e+00
2.142347340770701880e+00,2.350514320799772072e+00,-2.008553795661932373e+00,3.282391688576598909e+00,-6.229740092591340428e-01,4.744021780599747551e-01,-1.939666738550682057e+00,3.433785171878126263e+00,-1.024773354231187650e+00,-3.141241976467933128e+00
-1.245319263644447672e-01,1.061910175607923668e+00,-4.082387734563541204e-01,-1.089286707557515221e-01,7.188868453669829961e-01,-4.607308557077107736e-01,-1.547729549351650968e+00,-5.660966263377865959e-02,2.118055354977673943e+00,-4.980502869422394063e-01
-1.628159808307351186e+00,-1.862790079300193247e+00,8.874974121237475533e-01,-2.249502682304314050e-01,-8.783500831003081544e-01,-3.031919619533793853e+00,2.024396501027289741e+00,-4.079666024534717716e-01,-5.729790758611019719e+00,1.345114366290353303e+00
-1.488204437939371516e+00,-1.884141624836807027e+00,1.164402018502975089e+00,-4.006772678724210834e-01,-1.927533410058151375e+00,-7.573223340780321777e-02,-1.714712495231791145e+00,-7.676835789965734680e-01,-4.884154021410361146e+00,1.237949696148991308e+00
-1.407069020069576570e+00,-1.689223214409114604e+00,1.505929588200288549e+00,-7.009586317459843841e-01,-1.002022487954371321e+00,1.500528641308177313e+00,-2.162841085630413218e+00,-9.996666665161644261e-01,-2.263814984430382093e+00,7.124849030888338319e-01
-1.505542761071623492e-01,1.049462893551552645e+00,-1.674443297979390621e+00,9.322649213789970801e-01,2.893848272726156523e+00,2.137736252523422920e+00,-2.224483407133983182e+00,1.597010516658668333e+00,3.296042602411601408e+00,-6.547910529993825612e-01
6.019773830690271499e-01,1.954411871705821646e+00,-1.926961660229556728e+00,1.792719184524465881e+00,1.355008109866831845e+00,2.654563755544960379e+00,-2.317766790586386350e+00,2.809907079981448064e+00,3.728453584924364961e+00,-8.226585617197983424e-01
2.163299088880945575e+00,2.573333740233976208e+00,-1.581164143652181053e+00,1.680588713355049002e+00,-3.899048365164881069e-01,-1.970752188855708020e+00,1.575777677820730804e-01,1.970207764096677971e+00,-2.017742725397114079e+00,-2.657911987610084736e+00
6.815005785349604883e-01,1.822106230036057983e+00,2.510819272112043699e+00,-3.078205959576679529e+00,4.558043027977900508e-01,-9.974577402671513937e-01,-8.438667169695428516e-01,-2.100318499085014334e+00,2.656026427672603774e+00,-1.096736581907420405e+00
-1.608129526007477939e+00,-1.865577686967071491e+00,-1.751263362175289995e+00,3.443659243654191293e+00,3.086937809314251879e+00,2.492626644916370537e+00,-2.286647551677128298e+00,2.379669132372050910e+00,-2.380160087644023204e+00,1.418560332922830014e+00
-2.007234838220516959e+00,-2.188129493431731021e+00,-1.702983887385030481e+00,1.096078828664113658e+00,-2.310502183999333603e+00,-3.488007593412524976e+00,1.878752039705603005e+00,2.047244485038547168e+00,-6.539654496182240706e+00,3.243466831644277626e+00
-1.294863159804150676e+00,-1.659627754499670482e+00,-8.703669942274709914e-01,-4.376007838630835423e-02,-1.624423578159849724e+00,3.598805614260864871e-01,-1.892419884087215953e+00,6.053115564232069978e-01,-4.431702918664019997e+00,6.498500725186646676e-01
-5.208609887834824148e-01,-5.662832168092778451e-01,-1.897624226057956776e+00,1.222932080695313672e+00,3.033012219934410503e+00,1.305559550751487663e+00,-2.096146925099023672e+00,2.720623507814249109e+00,3.664302299349351255e-01,-2.743868071737765035e-01
-1.510356268340321328e+00,-1.858287240160114484e+00,2.728019057844386808e+00,-1.993868471151062360e+00,1.643751941990736931e+00,-6.693249611455565073e-02,-1.763952358860275904e+00,-1.887074269911432234e+00,-2.296890638005986141e+00,1.185617782461051206e+00
-1.968059613921639306e+00,-2.169831088664692320e+00,1.893740576041547108e+00,-5.376483854141684837e-01,-3.069372087992247700e+00,-1.740809907124160727e+00,-2.669064352570046372e-01,-9.745306170824532543e-01,-5.892827977838574149e+00,3.001226909341374594e+00
-1.695085589146408278e+00,-1.941736845111026177e+00,-1.826166416009623816e+00,7.487836948071171506e-01,-3.393608044754399700e+00,3.136463861374425122e+00,-2.358734274746987936e+00,2.286513135023269694e+00,-1.926314472792433730e+00,1.606912900559785307e+00
2.208702017130435458e+00,2.392322748267931232e+00,-1.949764028675098571e+00,1.507606004184047777e+00,-3.111182195530484584e+00,-2.584731180978678378e+00,1.524633397225594766e+00,3.019239058341533610e+00,-2.088182653611102779e+00,-2.464404134433471505e+00
2.315813530530030917e+00,2.346272612151815817e+00,2.399546835612202944e+00,-2.637117173465416631e+00,2.439786315220246138e+00,1.960088970011865328e+00,-2.235473165579132448e+00,-2.041522710215045944e+00,5.539737333855800472e+00,-2.816790393144947835e+00
1.955346082920514039e+00,2.553281579060903361e+00,-1.895821041239321936e+00,2.091916886057026304e+00,2.199564055874461133e+00,-1.689180476047518198e-01,-1.567391256103199959e+00,2.561715237250494326e+00,3.516830555799257407e-01,-2.457596248158834484e+00
-1.708486327966658891e+00,-1.984939155771625607e+00,1.358158582135960302e+00,-7.754270350174361504e-01,-2.028539636705456672e+00,-1.055994478232840095e-01,-1.693948682471991152e+00,-1.102852254033764856e+00,-5.057886148376332436e+00,1.793274834814691410e+00
-6.645868386279648599e-01,-5.627713527643758429e-01,1.962947975384384369e+00,-2.803138680207172939e+00,1.502384394572287007e+00,7.452069515995622950e-01,-1.937869205730066602e+00,-2.031587861599280398e+00,1.878589142001058088e+00,-2.456872713505209305e-01
-1.764733522256902054e+00,-1.982079776663561166e+00,2.376373677567039433e+00,-1.425948483595435690e+00,1.056239363596147562e+00,-1.942022854459498404e+00,2.385428294738541621e-01,-1.647957281909718796e+00,-4.900852219782814601e+00,1.932984435735466633e+00
-1.966423388363773839e+00,-2.162570634872540865e+00,1.964009402823730488e+00,-2.488505658857936176e+00,1.722311799795585685e+00,-3.462259870106315862e+00,1.914466644786551708e+00,-1.988677795907041190e+00,-2.922476552444021713e+00,2.971437008866979923e+00
-1.174145373677164983e+00,-1.671668767725718707e+00,-1.870150396278873028e+00,6.193613605225491980e-01,-1.170293070740020536e+00,-2.061138103115232489e+00,5.338884242997606888e-01,2.475993170516098907e+00,-5.747439468644945926e+00,8.678442272127133705e-01
1.886500379336665034e+00,2.567847851651658964e+00,-1.742858504476315407e+00,1.312806958527971801e+00,-1.762544158952012108e+00,5.457057286520878847e-01,-1.966981517158999715e+00,2.116586470738479164e+00,-2.897768706618317758e-01,-1.812565080706881382e+00
4.866064037289403177e-01,7.270077903420746335e-01,-5.921405734942417620e-01,-4.406348138274385207e-02,-2.735947260452419094e+00,-3.330837776660844796e+00,3.075197345533825732e+00,1.793359779143779420e-01,-1.396172615224003488e+00,-6.125158100202727773e-01
-1.833971376078104676e+00,-2.075996569300290417e+00,-1.708177258322409076e+00,1.671064291092518417e+00,-3.341877035749157621e+00,3.215656735084628792e+00,-2.372992160144090423e+00,1.906321170208828075e+00,-1.938485420534147519e+00,2.204706560958650918e+00
-9.520961932474928391e-01,-1.334110046779151793e+00,1.982289020164095694e+00,-2.336785514921669638e+00,1.266090906813851724e+00,1.535845651054524197e+00,-2.127706281138252109e+00,-1.980822542471575964e+00,1.955922124214724001e+00,2.198345522266071939e-01
-1.141555233494233823e+00,-1.424715905139737560e+00,1.730662106228074482e+00,-1.312554156524551985e+00,-9.881617185103266365e-01,3.272424459349792869e+00,-2.374525358497721950e+00,-1.472822297443172168e+00,3.146874250643392212e-01,3.160524317408466288e-01
1.926535898036215055e+00,1.993285911406871058e+00,-1.900993690737341701e+00,2.468755775830572041e+00,-1.806751620593955554e+00,-1.066979386490360504e+00,-1.003781470257996800e+00,2.745659752676204324e+00,-1.840882183935836913e+00,-1.608665293740717761e+00
1.965736063629389241e+00,2.104850765395168022e+00,1.642582430607316901e+00,-6.815399321256734311e-01,-1.267169969534506002e+00,1.219720769419554429e+00,-2.117850995543307135e+00,-1.183584777901731000e+00,2.672541351774470719e+00,-1.758979896180887792e+00
9.028332831248486734e-03,1.410588955554481050e+00,2.535285632396774957e+00,-1.004447691214799487e+00,7.539043204613600224e-01,2.040938103580632657e+00,-2.240841927195355243e+00,-1.457910973194270987e+00,3.579874189138847917e+00,-6.107187020602369287e-01
-1.924604253092903283e+00,-2.135260916323784119e+00,-2.010968710556035433e+00,3.175453662506557251e+00,-2.380546118526758903e+00,3.117358658419461470e+00,-2.359204479741966676e+00,3.431081996021861702e+00,-2.375841874383515240e+00,2.673656616508331751e+00
-1.716808405680484650e+00,-1.946794864412593418e+00,-1.686245390799200550e+00,2.594569798078309120e+00,3.169799086097788710e+00,-2.498088324360878243e+00,1.342983472084409602e+00,2.102194203139439832e+00,-6.330057107339923661e+00,1.615341323161311848e+00
3.685488037177872656e+00,2.692068959203594680e+00,-1.899266372314830420e+00,2.585216919656250667e+00,-1.628676425497352476e+00,-3.016841050781930100e+00,1.683167731935241163e+00,2.624486711848019738e+00,-1.826835623818924059e+00,-2.537088538152347361e+00
-1.568812707729108080e+00,-1.823147286829336577e+00,-1.648212442953316037e+00,6.941954290526872740e-01,-2.073745452188862970e+00,-1.959766379488908417e+00,1.027498325426817072e+00,1.516172225511952520e+00,-5.667842184909902770e+00,1.122844087498679144e+00
-1.743685799074043086e+00,-1.992815525434926238e+00,-1.800752782555541831e+00,2.410534581414693456e+00,-2.797070271749677595e-01,1.376039627012483280e+00,-2.134572284634155270e+00,2.550862596468868038e+00,-2.830562854264822015e+00,1.831642105914062846e+00
-1.817449698554065352e+00,-2.056874964183290189e+00,-1.830461940883970184e+00,2.448434539940223864e+00,2.812478182497376800e+00,3.345317129882245055e+00,-2.380723594566281243e+00,2.397552284103840137e+00,-1.049010504435945457e+00,2.178754872189681890e+00
-1.819562953190012156e+00,-2.081329176947300574e+00,1.311159434236228494e+00,-5.986516066208404929e-01,-1.694840936829774547e+00,2.223716368348381600e+00,-2.270871001100508657e+00,-9.458173016884279249e-01,-1.620425206887485370e+00,2.241424214829889294e+00
3.135108015497454215e-01,1.093162464198685013e+00,-6.984668957910075138e-01,-2.295709974634583261e-01,-1.080917743702256129e+00,-1.853780846881539324e+00,2.262493424461167191e-01,2.483310041523771883e-01,2.398587738458397567e-01,-8.519109843193466425e-01
1.292461124719040289e+00,2.792394270623038466e+00,-2.089412530613417029e+00,3.469431127301016993e+00,1.162138018920114924e+00,9.795239068400922733e-01,-2.031979072452892332e+00,4.199705464999595961e+00,2.015258838624668591e+00,-1.313948736610567103e+00
-1.071569123932043732e+00,-1.505370639526591781e+00,-1.587398487314692908e+00,2.039606667110871463e-01,3.388498971613802091e+00,2.390159660833362842e+00,-2.290493041020649656e+00,1.306697031452606739e+00,-6.899893325014525569e-01,4.153082934653125058e-01
-1.316411369040358714e+00,-1.475820543790972161e+00,-1.668683475161789831e+00,8.207022229798903723e-01,-2.220908099601374808e+00,2.260253509417899487e+00,-2.277029922632382242e+00,1.690517515658335412e+00,-1.470067042853611339e+00,6.163108122543112799e-01
-9.057383706653630018e-01,-1.449632601926708064e+00,-1.623785272277159963e+00,8.664034226405528116e-01,7.986303696776815286e-01,2.998318902292964161e+00,-2.348937670098958819e+00,1.715576058272097582e+00,2.526045052037173555e-01,3.409819356606029750e-01
7.969028249798119079e-01,1.221996681652946171e+00,1.579779480582350626e+00,-1.559372112808246502e+00,6.924298548451561786e-01,9.234924319286896832e-01,-1.950787639361056591e+00,-1.466983559643623369e+00,1.484922631058016584e+00,-8.790238488150716734e-01
-9.699073615172781881e-01,-1.332237089572219535e+00,5.085467832367286389e-01,-3.365274656473191683e-01,1.054861728086695649e+00,5.377686768453298072e-01,-1.858117617448422410e+00,-4.048123031123859739e-01,-2.861644412454638520e+00,2.102084504710837187e-01
1.984934530205805459e+00,1.933654339011789958e+00,-1.816144831385763769e+00,1.982907650314374770e+00,-3.452631951477368233e+00,-2.247741557571178994e+00,1.009007486701229306e+00,2.666157928915149355e+00,-1.986231946000064585e+00,-1.919383946389800144e+00
-1.692194822821036393e+00,-1.952868098440974753e+00,-2.045800358355934989e+00,2.839180922707613242e+00,1.902318629212071954e-01,-1.618923804671412281e+00,1.063314132738613083e-01,3.850205312381330902e+00,-6.201356011899188836e+00,1.538894238135463333e+00
1.413689620398764779e+00,2.668609213699649985e+00,-1.495157918536674790e+00,3.940070905884041075e-01,1.203903647051869363e+00,-2.920387039484928060e+00,2.284623546949072992e+00,1.154008888900166507e+00,-6.481988737999468952e-01,-1.722563796616326748e+00
1.877681135596830142e+00,3.161389609797828903e+00,2.552283352143894568e+00,-2.243990204684856327e+00,4.746657617317229239e-01,3.503726882678659393e-02,-1.756789949837535669e+00,-1.913438885891126429e+00,3.052935782496732919e+00,-1.864342606626385512e+00
-2.006747726955389055e+00,-2.188606510888728263e+00,1.586077817953692293e+00,-5.433727798750789262e-01,3.098492872691287481e-01,2.820755370009396579e+00,-2.331127978379520016e+00,-9.592807116077370910e-01,-1.352424107275997933e+00,3.237694794752904670e+00
-9.442641788037874351e-01,-1.046844997328632454e+00,-1.892265517462990987e+00,2.499349535149691270e+00,8.272718616015239945e-02,-2.533446909877140829e+00,1.826723499518728477e+00,2.682422853925290340e+00,-2.906423139172623848e+00,6.617399207167373731e-02
-4.928704494819753923e-01,-2.226043835356735778e-01,3.008994687885483188e+00,-3.335890500667085590e+00,1.321795880204516216e+00,2.786965331035375470e+00,-2.326258680614636809e+00,-2.136359114387761604e+00,8.339923562738945861e+00,-2.436919273064059865e-01
-8.630892430231613954e-02,1.079816213369868549e+00,2.471718446377118461e+00,-1.270996084708333473e+00,1.052918958144639205e+00,-1.366824764945553383e+00,-6.622164729489745660e-01,-1.564214168036060615e+00,3.580359882269506855e+00,-6.307419843652790625e-01
-1.395050989328008306e-01,-2.373021116370027106e-01,9.397463310052889263e-01,-4.854421482454340797e-01,8.757501061429469047e-01,-2.494322490858947639e+00,1.091202174346189935e+00,-5.438159841456315924e-01,-1.984430766650425060e+00,-3.564761875449979911e-01
-1.382251488554088192e+00,-1.670520369126780924e+00,-2.058188742579471597e+00,2.771576778131112029e+00,2.441238882370857510e+00,3.290156318810797842e+00,-2.376136976640789822e+00,3.854659628957701756e+00,-3.569779997210331679e-02,7.818782605117631235e-01
-1.292094086580078738e+00,-1.800910957616874697e+00,-1.589146790392866215e+00,7.735205772323485718e-01,2.513330587301858543e+00,-2.696480435289125843e-01,-1.580663490744638855e+00,1.725711511020975752e+00,-5.499249583756960824e+00,1.102033040898145799e+00
-2.017636202769521603e+00,-2.195117730528982847e+00,2.763539153273799176e+00,-2.433513943126350831e+00,-1.405997325207435367e+00,-1.046144123785801572e+00,-1.074544118220254196e+00,-1.954130613298843855e+00,-2.578980338185018706e+00,3.325867820500747918e+00
2.326510715389765060e+00,2.568432570721040253e+00,2.230610668469936719e+00,-3.393555302161583853e+00,-2.995779705386097280e+00,-1.688975094145753086e+00,2.113616736255422013e-01,-2.145542269896825172e+00,4.581969128888132126e+00,-1.716341854434882297e+00
-1.361139086054660163e+00,-1.666626939061768731e+00,-1.385991971084252317e+00,9.164035778722157133e-02,-1.330417079468547037e+00,-9.957415302219621012e-01,-1.126696237268837386e+00,9.795310567406469993e-01,-4.538212262015180798e+00,8.091610060814193872e-01
1.587722562681149086e+00,4.237619848425808300e+00,1.820043557173584015e+00,-3.490699263540646413e+00,-5.391059733039451629e-01,-3.226846676310812789e-01,-1.617592044042069244e+00,-2.158403557156646890e+00,4.875459163738434576e+00,-2.265843821756932108e+00
-1.547848498470037804e+00,-1.722667445158315935e+00,-1.805291942866004362e+00,3.265265303703035471e+00,-2.151778989256628360e+00,-2.813478471044803975e+00,1.734357733341720831e+00,2.129320362715819481e+00,-5.973719884689425719e+00,1.034598412066250361e+00
2.636184479647534218e+00,3.047008133530535900e+00,1.716150739142781045e+00,-2.585388719162462934e+00,-1.503996001492845291e+00,-2.699741692522204417e+00,2.278941074646185783e+00,-2.005933549389466553e+00,1.411593782843354239e+00,-3.233748699119848968e+00
-1.933065503906915117e+00,-2.127498447888320765e+00,-2.030734142182380797e+00,3.124093925037677799e+00,-2.668473705923735562e+00,3.198049981510286521e+00,-2.369273909648129006e+00,3.572474099603038855e+00,-1.980748732885637242e+00,2.728979930721460612e+00
-1.362948565993774563e+00,-1.600683420358104625e+00,1.704780865406199997e+00,-1.063790376250776770e+00,2.474384055168227903e+00,3.357589415728581272e+00,-2.384219856103171331e+00,-1.328753520874643046e+00,-6.206042830681633982e-01,6.355667557951125701e-01
-1.953277972320288880e+00,-2.163566561118988929e+00,2.121680642516374782e+00,-3.424189519327872855e+00,3.159858936108604688e+00,-1.107587049119151068e+00,-9.840365483901198917e-01,-2.149299605053498485e+00,-6.962789008066117002e-01,2.985737390198128338e+00
-7.125139425517253988e-01,-1.024085456928995885e+00,-1.736760959013991412e+00,1.129144367133378069e+00,3.213326768854297022e+00,-3.281096001760965386e+00,2.415791783797755610e+00,1.890342663361593623e+00,-3.059025902134721253e+00,-6.681674109277802032e-02
-1.595945064646473011e+00,-1.934762677212932047e+00,1.838555570190970823e+00,-3.417534867659071995e+00,-2.176662230849757407e-01,-1.909896803668353460e+00,5.709941000329501470e-01,-2.149945184560887235e+00,-1.248531933323918874e+00,1.482314318602380609e+00
7.166357247465545699e-01,8.010981838437114533e-01,1.895952410891086348e+00,-2.854259619957175698e+00,3.335242716026987075e+00,-2.770463054841558748e+00,1.938820476195699083e+00,-2.075629165155704392e+00,1.326092844941284543e+00,-6.974473575964896810e-01
-1.395957723677373030e+00,-1.867506343529669044e+00,-1.701639126155031434e+00,1.851880049207258239e+00,2.008949697762988151e+00,-2.527500008368174900e+00,1.123383931316518591e+00,1.961263085840934339e+00,-5.978224756102460624e+00,1.214982785323122982e+00
1.647910803496451804e+00,2.130553149793528167e+00,1.976265652002152651e+00,-2.764288825973038488e+00,-3.171723274929501457e+00,1.220742257734872105e+00,-2.031896910882914131e+00,-2.053168736028314179e+00,7.896205158689447501e+00,-1.785869372134750499e+00
-2.907299992848675352e-01,1.862734139273930500e-01,-1.977588526689571635e+00,2.057244995141251920e+00,-2.305205063250464370e+00,-1.038915439146693043e+00,-1.260582394192096611e+00,3.111152247464135989e+00,-1.761982639857503585e+00,-4.754248047939846344e-01
1.405432911824531450e+00,2.660201904951535745e+00,2.005581474327072122e+00,-2.310293188180791546e+00,-7.825448743629559445e-01,-2.281677787181305650e+00,1.533848695859146627e+00,-1.940200201008653202e+00,2.145213731821071335e+00,-1.594410624960852729e+00
1.875902931914413374e+00,3.076711023182192140e+00,2.390703851062939034e+00,-2.231488741844789292e+00,3.198541294643369781e+00,-1.950068588673019132e+00,1.820255570870412121e-01,-1.949577581235253154e+00,2.987280315596432700e+00,-3.078582316089617521e+00
-1.874207162063505461e+00,-2.117295223012570116e+00,3.230054937642180768e+00,-3.092984757081670200e+00,-3.358177578078850090e+00,-6.103366667744958285e-01,-1.177068792187431434e+00,-2.104805560286482802e+00,-2.255943729348762083e+00,2.602987851120167839e+00
-1.801610162790180825e+00,-2.047487941482782237e+00,-1.780927326334581728e+00,2.628955507597157570e+00,1.190676536979021982e+00,2.901833380020463871e+00,-2.342864972737205065e+00,2.336937604488298348e+00,-2.465802072283082680e+00,1.994329283321532031e+00
-4.443580363883468110e-01,-5.655947059885703121e-01,-1.582590417188118437e+00,3.535655194987885608e-01,2.290361709436387727e+00,-1.139864362203838688e+00,-9.631731965648641092e-01,1.345649325518077477e+00,-2.446396880086588510e+00,-1.912556354753895960e-01
-1.488108486413498799e+00,-1.877675068354920374e+00,-1.884773988721470950e+00,2.819188519126660353e+00,-2.674095473187495742e+00,-1.555841096221016073e+00,-4.345511808166057088e-01,2.768406584857221908e+00,-6.031892286941724635e+00,1.207835887266094588e+00
-2.011997463902191807e+00,-2.193973387590464341e+00,-1.787792396451364674e+00,2.178976626369362180e+00,2.803893373295027303e+00,2.641558724388026747e+00,-2.320341595054692174e+00,2.039300550677687784e+00,-2.796755265016722003e+00,3.313910543676037435e+00
7.469988988068747560e-01,1.509163447289894489e+00,2.469741722975465237e+00,-1.763612967008149957e+00,-1.371898585031567031e+00,-1.082164624901697181e+00,-9.998993583637454385e-01,-1.802114942538945774e+00,1.179412863380495002e+00,-1.067729189940753720e+00
-1.109537205368074320e+00,-1.482949827722316094e+00,2.041967171305595130e+00,-2.159162495709901819e+00,-2.663948297028313483e+00,3.303607853004608685e-01,-1.929654378401818970e+00,-1.912591036087227803e+00,-1.203730298037531732e+00,3.914252011762506811e-01
-9.006982872759163872e-01,-1.299342649415264006e+00,2.489925957270524570e+00,-2.181867025850469322e+00,-1.247197239202694874e+00,1.227173675389940044e+00,-2.077137409761813824e+00,-1.924380044341740481e+00,9.842396350249029702e-01,2.465444875494595678e-01
-1.953053868844519148e+00,-2.153853645911940617e+00,-1.881474916715625056e+00,3.440906926207220273e+00,-1.708051858493971675e+00,-3.429596243115197840e+00,3.664339111599174359e+00,2.443793417533093315e+00,-6.721787850600286163e+00,2.916914988087997429e+00
1.609341445522434633e+00,3.046127819805035664e+00,-1.744329807303499180e+00,2.777841484008227724e-01,-3.377152925848569520e+00,2.564840767800524723e+00,-2.314325699181187801e+00,2.023458105729301071e+00,2.340000848582884263e+00,-2.356711885323776734e+00
-1.934962929894283201e+00,-2.148835490893553857e+00,-1.711791904350492555e+00,1.372464036244576135e+00,2.337097945267211152e+00,4.896608516592864113e-01,-1.929209983603630496e+00,1.918812878919075704e+00,-5.372806508355546740e+00,2.870754706805492162e+00
-1.886797298658942301e+00,-2.103950549322557873e+00,-1.875530565610673994e+00,1.704971399222654505e+00,4.463186868815940400e-01,3.284026030239681759e+00,-2.374986357879859789e+00,2.617865056481273101e+00,-1.879996113503622723e+00,2.441534742768380895e+00
2.043782097684707200e+00,2.097924652199893103e+00,1.904150574971095411e+00,-3.172905985303144494e+00,2.040603444251359200e+00,-1.786036512523533570e+00,-2.709906954320724370e-01,-2.110028679739601731e+00,4.089451455154453186e+00,-3.126997648645816419e+00
1.580096832199281431e+00,1.819568832564591787e+00,-1.695886866796451509e+00,9.456506082265470070e-01,2.035334656170145529e+00,-1.931169098088281411e+00,2.296237311226745348e-01,1.827954663438304150e+00,-5.017255190755642857e-01,-1.266433022970864464e+00
2.051945847439515802e+00,2.461748037838424885e+00,1.784470638117464869e+00,-2.841530880362062028e+00,-2.436831755906471830e+00,4.713052118499656551e-01,-1.905011787509469201e+00,-2.074924342117649090e+00,4.239518879589772027e+00,-3.283715268842180457e+00
2.268788272771829373e+00,3.455385900342848871e+00,-1.732223899750851670e+00,9.466691194125438358e-01,-1.606603102579051257e+00,1.894453002981881795e+00,-2.203111989731166176e+00,2.072880447166122408e+00,1.688897723668199458e+00,-3.409715353063237586e+00
-1.776329140456697431e+00,-2.036499264882974725e+00,-1.747143691909400109e+00,6.473343999393632586e-01,1.780488240741452621e+00,-3.357822019094652610e+00,2.607286251116238240e+00,2.212259858101680798e+00,-6.217796574898907025e+00,1.949207243325756345e+00
-1.841301662274487994e+00,-2.075828700700613982e+00,8.735447738938421081e-01,-3.225484249320142993e-01,-1.299459421799940451e+00,3.439629010648634910e+00,-2.390320200666447015e+00,-5.065461895918935697e-01,-1.267010811888310773e+00,2.261553647942717404e+00
-1.712851035268313060e+00,-1.961424306832552311e+00,2.440507239097935877e+00,-1.642379699737140708e+00,-1.376339128857270389e+00,2.435988559538230014e+00,-2.284822523120799254e+00,-1.713808431365966944e+00,-2.843682182884039733e-01,1.611729818097581202e+00
1.493216425424278571e+00,2.160935928288582275e+00,2.240936019792787892e+00,-2.014172641424279320e+00,-6.065987578509015599e-01,1.479552421651993299e+00,-2.150029526896611642e+00,-1.870067821693749632e+00,3.403532997243814862e+00,-2.202063342550164116e+00
-1.672580353846930601e+00,-1.903454609287309696e+00,2.448808185135562976e+00,-2.636127202973622019e+00,2.414821060078703674e+00,2.539549705670573587e+00,-2.308377869905942070e+00,-2.025884435936400774e+00,1.313334319158212082e+00,1.517828707429486279e+00
2.323452373982216823e+00,3.132123580878302782e+00,-1.727287809745833957e+00,1.181213762184942340e+00,8.634263393655228214e-01,3.257524990514827579e+00,-2.374648677908043126e+00,1.912347878947168178e+00,3.671137133620579363e+00,-3.027506273106795209e+00
-1.831013364032397561e+00,-2.098415131675948953e+00,1.842711963017005461e+00,-2.077835449486202357e+00,3.955843321040135585e-01,-1.109200189118080271e+00,-1.029143925093244150e+00,-1.840806077316466949e+00,-2.844332142649446560e+00,2.354021864837311462e+00
3.256107558484123699e-01,1.030168494660925305e+00,-1.621081089333391123e+00,5.610650764458373629e-01,-2.687778898873673050e+00,3.465266843107571937e+00,-2.392916118668356074e+00,1.534217631796892967e+00,3.700677509239750584e+00,-6.875396974123670901e-01
-1.225214376102966352e+00,-1.634716071254806113e+00,1.677397365197263124e+00,-2.933104173615292520e+00,2.501886710515820234e+00,-1.632406174373184138e+00,-3.111890065473883471e-01,-2.072493281173014346e+00,2.845274716689596417e-01,6.906125897689658899e-01
-1.258540985807874435e+00,-1.594863972639179783e+00,-1.899829918473080470e+00,1.846297141091326921e+00,-2.116742276469833151e+00,-1.610980361598171706e+00,-3.359427752876908979e-01,2.683729495794826558e+00,-5.432057863714422119e+00,6.235611145332233818e-01
2.336485173260219206e+00,2.245105612439935339e+00,1.484290361703523464e+00,-7.851909734083868386e-01,-2.120970351425287337e+00,6.454953480742409155e-01,-1.997931438881819455e+00,-1.275931134091547126e+00,5.271824201978361213e-01,-1.747613455039980890e+00
2.627407742901187504e+00,2.583337933067886283e+00,-1.859378605620285230e+00,2.428840998459109279e+00,1.506559722589337014e+00,-3.412963505749173621e+00,2.222319599207089436e+00,2.613331925023547164e+00,-1.843094087482075150e+00,-2.085120475311346588e+00
1.131565972347304605e+00,1.896044400592282297e+00,1.678297044576323227e+00,-2.064335978975814889e+00,-2.736167104474829248e+00,1.608803451214752656e+00,-2.182056041158511039e+00,-1.898880353919530251e+00,6.852454388955109721e+00,-1.506722031185578015e+00
-1.939738278294643736e+00,-2.140784276895083327e+00,-1.984674210460076527e+00,3.363400522025749240e+00,-6.063354830737832657e-03,-1.445790994755977721e+00,-8.023650216418451997e-01,3.333169097887705767e+00,-6.441388516257626762e+00,2.781745325708648409e+00
-1.607822646263754818e+00,-1.807774103355020978e+00,2.083224142132300560e+00,-1.578049923726162929e+00,-3.233084579797175895e+00,-9.543523502319350982e-02,-1.752536436551528132e+00,-1.744908950490059674e+00,-3.335196043152485856e+00,1.311177941453867568e+00
-1.341909085403475865e+00,-1.783407213517340661e+00,2.894055928189091631e+00,-8.528463968925903416e-01,-2.321501627225832642e-01,5.927225678142864496e-01,-1.918421074827345585e+00,-1.277243949515663557e+00,-4.289239904974409434e+00,1.029500649673907198e+00
-2.005781196815661804e+00,-2.188807782988309913e+00,1.924417873370802834e+00,-1.877986677175770058e+00,-4.416444983645728684e-02,1.168010385828477382e+00,-2.087035405055683857e+00,-1.809111012214335013e+00,-1.710655315823803591e+00,3.272649945771944680e+00
-1.713953766148502478e+00,-1.959458744672867070e+00,-1.813356031702062499e+00,3.118818584860360232e+00,-3.047028775460736583e+00,2.319389414131529215e+00,-2.233346522301735693e+00,2.356812708552306734e+00,-2.750842194269454755e+00,1.609089700096272502e+00
-1.334217674844857537e+00,-1.497752282117952527e+00,7.173199820232003532e-01,-4.628681841105750649e-01,-2.212546960133841001e+00,-3.197625439734199659e+00,2.185039525502385782e+00,-4.006728520222349044e-01,-5.216796629146918107e+00,6.403605562132277385e-01
2.094958328117185964e+00,2.107901765511689174e+00,-1.810085352967013561e+00,3.028396540249552515e+00,-3.924297311687494627e-01,2.859486903319994333e-01,-1.683920821160488801e+00,2.132693116844323722e+00,-1.370535449248208471e+00,-2.162959871082393626e+00
1.453438394762741837e+00,1.959855599540958337e+00,-1.174391214972297259e+00,6.327828037393778970e-02,-1.791200448735588813e+00,2.776201284114625523e-01,-1.818630049332877086e+00,9.382515525457302275e-01,-4.405777514251552063e-01,-2.118311410649139859e+00
2.524767079059111019e+00,2.135215514679457804e+00,-1.826417976766868234e+00,1.122526859408035094e+00,-1.360752378441629773e+00,3.240137036744386023e-01,-1.877389696405919572e+00,2.213248561482112908e+00,-1.397775726651137029e+00,-2.043409441913899727e+00
1.611642924104163654e+00,1.814520725067661155e+00,2.251327809135699187e+00,-1.994703909116815055e+00,-2.947718319553955801e+00,3.058437170455942322e+00,-2.354850425937372815e+00,-1.865719273621368579e+00,5.164515582562195561e+00,-1.305898372228399218e+00
-1.965259706399496098e+00,-2.162274585942838279e+00,2.338681439524157302e+00,-2.202738192146210583e+00,2.930055167335156696e+00,-2.406800443719479432e+00,1.423671179758285943e+00,-1.922669158352631191e+00,-2.895604569534208750e+00,2.917725133924051306e+00
-5.602964823941924966e-01,-4.785365140971393760e-01,-2.021872754360642066e+00,2.385965806517781118e+00,3.260429376924013134e+00,6.800369952967200149e-01,-2.021243754823968786e+00,3.562125573445983129e+00,-8.108443527112676463e-01,-2.283046561855939238e-01
-1.943631202767436061e+00,-2.151264065409870252e+00,1.949518667221298296e+00,-2.099919720557653413e+00,-3.067020739254706641e-01,2.991451342579273920e+00,-2.350995538767639559e+00,-1.899599378376405578e+00,1.632160856689808037e+00,2.871915255730174366e+00
2.073292906850094042e+00,1.676568303546665417e+00,-1.708461610221775340e+00,2.452297849618098269e+00,-3.457656244551602143e+00,-2.703410804379995369e+00,1.381582243400788057e+00,2.190442224505531055e+00,-2.272419204676864091e+00,-1.514626986325178448e+00
-1.971882048724578507e+00,-2.165632548439104355e+00,1.175246831323906394e+00,-4.169128160662216587e-01,1.259322683828418832e-01,-2.779725105110852912e+00,1.535211452896745321e+00,-7.093221849488540176e-01,-6.061453256803638112e+00,3.027972743040547421e+00
2.401033004188334097e+00,2.516239314530644755e+00,1.748766298958823739e+00,-3.334813785596386637e+00,-7.283443991918456817e-01,3.537035951486520169e-01,-1.918383481970490578e+00,-2.136788550760327698e+00,4.800630462539871246e+00,-2.194002061719780627e+00
-1.369082527019661377e+00,-1.782477035321964109e+00,-1.873154059313226760e+00,1.988920680521380824e+00,1.380821497112334484e+00,1.021960849444035979e+00,-1.909512352318141648e+00,2.622507378307000536e+00,-3.815886942267898263e+00,1.026925673829593322e+00
1.958719032552837858e+00,2.374300551601860487e+00,1.511598528596132196e+00,-8.208117279297404423e-01,-2.705373881274680592e+00,1.615692093968568166e+00,-2.177015327464008276e+00,-1.288312556275160947e+00,2.103967642760477652e+00,-3.454970935099843654e+00
-1.326757096732470664e+00,-1.645397448076710623e+00,-1.822426436676729766e+00,1.482393893433062715e+00,1.891400793607703967e+00,5.858613267347108078e-01,-1.854481609432158118e+00,2.541326490410176664e+00,-4.483589969396505559e+00,7.156809345894599161e-01
6.646363333824516495e-01,1.873506415902427724e+00,-1.929507980558831104e+00,3.222385251169507470e+00,1.035908730703430258e+00,-4.381905377279480263e-01,-1.574113347452614331e+00,2.956301524176531803e+00,1.847450137446924323e-01,-1.125291519765711179e+00
1.616309347905125371e+00,1.986403674038504708e+00,-1.459631188464592721e+00,1.742097514506806277e-01,-1.819391266259570816e+00,-6.111242051359644378e-01,-1.520479918973980604e+00,1.277533906744395154e+00,-1.338405211253512306e+00,-1.110044090034716824e+00
1.788398330761183264e+00,2.477291944410267011e+00,2.130820758238739732e+00,-3.105748266626517040e+00,-4.659101019224651807e-01,-3.138921931794790066e+00,1.902969340426893474e+00,-2.103685484521313320e+00,4.051747989320641175e+00,-2.465493664692767872e+00
5.274103996423047391e-01,1.416245522561901726e+00,-1.848682678651527356e+00,2.562212498946696115e+00,-1.308486846010617377e+00,1.662075756101010882e+00,-2.174505108756787486e+00,2.615064962671226567e+00,2.578645949150636607e+00,-9.755560545782913096e-01
2.789849902139017956e+00,2.436402034997779520e+00,2.432580094383208991e+00,-2.757311035949565614e+00,-3.520121622400447237e-01,-1.708487266990325715e+00,-2.029917211403119981e-01,-2.057555693848063250e+00,2.368523863125046702e+00,-3.263932733564324007e+00
-1.306633481193489876e+00,-1.660868687116483500e+00,-1.813826381645505803e+00,2.867657602429170005e+00,2.671689871145647821e+00,-1.811639114774687975e+00,-1.017268482014745123e-01,2.111900302638809901e+00,-5.678620553252264003e+00,6.754178877994823083e-01
1.566288244888965064e-01,6.663486081169597286e-01,-1.887866354823605208e+00,2.492559085629260096e+00,-1.972549216692286667e+00,-1.077245506733677693e+00,-1.116502896147369972e+00,2.649461969027456121e+00,-1.899777711028663996e+00,-6.584826569409694130e-01
-2.029306509640327771e+00,-2.204161271793384280e+00,-1.777686791173476610e+00,8.405826115154129141e-01,2.537982788496928599e+00,1.721196179206755161e+00,-2.184174031258272475e+00,2.115064838113921653e+00,-2.002061637472347666e+00,3.435060939080597286e+00
-4.059347407542499564e-01,6.637560946173893806e-01,2.334746614088403227e+00,-2.592629424285288753e+00,-2.053116780589104184e+00,-1.832774620324772785e+00,-7.014210005316445784e-02,-2.025326085274416155e+00,4.007314942458824802e+00,-5.053857243107287012e-01
-4.719079893858156849e-01,-1.206896661106950042e+00,-1.783433042397706281e+00,5.860190631177379927e-01,-2.445370987192948320e+00,-2.487081775303559006e+00,1.243485651969249872e+00,1.970146809891866191e+00,-4.365291320725884994e+00,1.898137646196880191e-01
-1.972126434086544977e+00,-2.175182214031028849e+00,-1.876017218755371641e+00,2.645778002608934365e+00,2.410786763081716799e+00,2.787947147888929500e-01,-1.860411922763049342e+00,2.578914789560941223e+00,-5.738629607564255330e+00,3.103392232556668517e+00
-1.976249221480862239e+00,-2.165775633466943351e+00,-1.838101669061938281e+00,3.073100519384803775e+00,-2.426440492611587008e+00,-2.561800587356879433e+00,2.231827205082683729e+00,2.285152877371519953e+00,-6.626659302921419581e+00,3.010866253133061221e+00
7.587432543303385124e-02,-1.135483482954270096e-01,-1.742779370055175470e+00,1.214649331540989863e+00,3.259109243998676853e+00,8.198638487545899523e-01,-1.966000408420161216e+00,1.908324674687702949e+00,-1.531743737959310403e+00,-3.964196828001504969e-01
-1.314076150970020729e+00,-1.595533154016031352e+00,2.134257492976118886e+00,-3.286971399198083787e+00,2.631168820065438396e+00,3.027521620065971142e+00,-2.356904159192149351e+00,-2.131518595953287409e+00,2.418874763447057319e+00,6.576925427362461107e-01
2.264481350472125065e+00,2.199337823416581461e+00,-1.896410187589713026e+00,2.396580470093888415e+00,2.140540765770597709e-01,1.570382752736620091e+00,-2.152285024718990414e+00,2.763722496500122361e+00,1.162620343599819694e+00,-3.083583511428085622e+00
2.187163433054661876e+00,3.159572940403258201e+00,-1.928210842442931394e+00,2.393846406233084423e+00,4.988055911513220586e-01,2.222456034528405233e+00,-2.228363172896842492e+00,2.837350590883386037e+00,1.665889881671702710e+00,-1.946846468705274447e+00
-1.934987246671903138e+00,-2.151259132916782502e+00,2.767625656699012282e+00,-2.832681030506555508e+00,-2.868606860784538970e+00,-2.909084139568070881e+00,2.384057897839320095e+00,-2.057477905781332161e+00,-2.585437893392481534e+00,2.934043391020608738e+00
-1.924332346284152173e+00,-2.149880762353046038e+00,-1.746931188802297141e+00,3.463951244307674315e+00,-4.043394979464465244e-01,1.490189999032896395e+00,-2.119992305565072677e+00,2.298280060350498477e+00,-2.775924459534933053e+00,2.799297390558153076e+00
1.907631789416366352e+00,3.624240123099206734e+00,2.952327563396486720e+00,-2.533191484775786151e+00,1.159583289216469026e+00,1.563408579922371366e+00,-2.176205650409571479e+00,-1.998440163081291798e+00,5.647574758457555077e+00,-3.478827428352879281e+00
-1.973433026427893644e+00,-2.161418734789227081e+00,2.436631673053928360e+00,-1.369778235423413371e+00,1.333166834587680150e+00,-1.432456065594052586e+00,-8.189521825424703749e-01,-1.636762039403608426e+00,-5.258063558871155507e+00,2.991000551066854030e+00
-1.898891079911592117e+00,-2.124327629753931745e+00,-1.925152893027901380e+00,1.286469326970032689e+00,-1.633666048956927241e+00,-1.369354984208173587e+00,-7.722462645351252375e-01,2.714731720499628853e+00,-6.173943109800188012e+00,2.596043378457581596e+00
5.862564006071051548e-01,1.087533386698934290e+00,2.106951921052933940e+00,-1.841706849627113396e+00,-1.861297895503508881e+00,-3.114484865312712625e+00,1.895473390595634022e+00,-1.813336301711042431e+00,-1.124876518069145570e-02,-7.689751132701667657e-01
1.822509677706974696e+00,2.343141025614465800e+00,1.512478160146995432e+00,-7.602670516460019456e-01,1.546220170502591529e+00,1.845872821656331375e-01,-1.770231187716551080e+00,-9.722741099368011897e-01,-3.206653671309643294e-01,-3.481754870093234366e+00
-1.699462390818314628e+00,-1.913216826378345115e+00,-1.923666456299223171e+00,1.389658287137129022e+00,-1.664498844434646019e+00,-2.304609102158960532e+00,1.218899699606271536e+00,3.093804964702699056e+00,-6.176443697778174702e+00,1.585593726382223068e+00
-2.076815328495462964e-01,3.122318386849978755e-01,-1.743481484906515000e+00,9.075679331220785073e-01,1.418142496127893892e+00,-3.252321660986570606e+00,2.118855719807415827e+00,1.950743566768192938e+00,-1.147944416034765602e+00,-4.897754657966277847e-01
1.313531137511731561e+00,2.584001774606877078e+00,-1.699907643914887911e+00,3.415464451834484549e-01,-1.690522177763293055e+00,-1.711667493933970441e-01,-1.608469769505291413e+00,1.682997646108241874e+00,-4.160302302156189125e-01,-1.748893737732391429e+00
-1.640525843529778260e+00,-1.889569876256453673e+00,2.026589725081791027e+00,-1.700732138588905595e+00,2.991405933593679123e+00,1.674632467435831273e+00,-2.159518339896247419e+00,-1.719852555950322603e+00,-3.292886914892916295e-01,1.637188113925735600e+00
1.076767300454220866e+00,1.487348629999249772e+00,-1.833350389145735448e+00,1.124326187742793692e+00,-3.403452369229267749e+00,3.404294223459048752e+00,-2.387899533890204484e+00,2.195375267866101598e+00,2.632233114442608990e+00,-1.164957224951470138e+00
-1.790979800525103638e+00,-2.058593943178826713e+00,2.727744581378767741e+00,-1.187201989686031744e+00,2.423558500595615506e+00,2.317906767626215725e+00,-2.279085431011962370e+00,-1.380773515913961580e+00,-4.492385612656835114e-02,2.034535781483189254e+00
-2.022146984939419578e+00,-2.199121234531897340e+00,2.700307929323214395e+00,-1.956407405210354167e+00,-1.822968026153868770e+00,2.225140485930465317e+00,-2.250138527176470671e+00,-1.867916105620745393e+00,-3.602208935861681005e-01,3.388306130274070682e+00
1.489383228653923030e+00,1.971815412726175554e+00,-1.853797642061534745e+00,1.675106861760276900e+00,2.599484466494664581e+00,1.231144337271623534e+00,-2.103340381851849017e+00,2.436911762487291799e+00,3.625708802778259132e-01,-1.960210284459388497e+00
-1.914121496759723318e+00,-2.109390730688145421e+00,-1.887395061602550328e+00,3.038628329391251270e+00,2.664725376652247846e+00,-5.802014961353672007e-01,-1.497132607154533224e+00,2.755148764359692137e+00,-6.073140898748201622e+00,2.585834359536043792e+00
-2.002420465531553617e+00,-2.188940154846427788e+00,1.915124024260158819e+00,-2.198518971828349322e+00,7.983810498605006245e-01,1.817231598963480188e+00,-2.192463325935530172e+00,-1.917099326839303064e+00,1.118221460620051122e+00,3.277663785800390528e+00
-9.706022774146341181e-01,-1.434449920455870942e+00,1.705083549233649576e+00,-2.221629177187871562e+00,1.109153714531910140e+00,-6.974283845738717957e-01,-1.432760241793324729e+00,-1.916311834784010237e+00,-1.158817048058708554e+00,3.796824975819927950e-01
1.629553956055747044e+00,2.102702377065287287e+00,1.717116966584032678e+00,-2.541299822993706492e+00,-9.676603165864232636e-01,-1.642380334534203623e+00,-3.916602308349510508e-01,-2.022574782921458869e+00,1.642724918544633761e+00,-1.582179917162790161e+00
-1.841453639387057084e+00,-2.118502250059676406e+00,-1.816968811161054909e+00,1.855588310526362861e+00,7.486353777895127237e-01,2.794849059151296444e-01,-1.916129287379425783e+00,2.130297148169558508e+00,-5.551148003133245190e+00,2.500645696705934284e+00
3.166036224256105203e-01,2.800228288870947324e-01,-1.917665260570592389e+00,1.067766269135870694e+00,-1.413602082425648998e+00,-1.462340206704985768e+00,-6.931696889418919039e-01,2.749199728332686110e+00,-2.070030912025525804e+00,-5.169646702343073663e-01
1.580523823387437687e+00,2.852478874880409965e+00,2.941006317474374576e+00,-3.068162339722656284e+00,1.548792453957905657e+00,-3.038467735780480350e+00,2.174626848204529672e+00,-2.101311334202939918e+00,4.229982359436814221e+00,-2.300759471178040805e+00
-7.014239732171935193e-01,-1.055704967312615095e+00,1.514607973094617366e+00,-9.900115803096860567e-01,2.073725096545772750e+00,1.588132460532190038e+00,-2.153521430686375471e+00,-1.487533808630934207e+00,1.494623081091814853e-01,4.416142394836519713e-02
4.552164037709136024e-02,1.157115791351559064e+00,1.600022874322755362e+00,-1.140544464174955586e+00,-1.312368229689532040e+00,1.441407993321570657e-01,-1.766040247590737300e+00,-1.536445981274221939e+00,1.060034622802652926e+00,-6.000234928007293078e-01
-1.007325376733578803e+00,-1.442711790236355762e+00,2.095675964338418407e+00,-2.510780302769661798e+00,-2.798261685807999832e+00,-4.407098205837911564e-01,-1.608455875114226830e+00,-2.000647399472812005e+00,-1.253019016812519926e+00,3.673055919326246865e-01
2.528979286588924680e+00,2.229605055647756462e+00,-1.640377686752892528e+00,6.287699876769838880e-01,2.492901022114379472e+00,3.313832038846828532e+00,-2.381486798336059696e+00,1.599374694076083347e+00,2.891684945396768125e+00,-2.672239042016070876e+00
-1.345038255707752706e+00,-1.508025955162923148e+00,2.223102920459206988e+00,-3.498312005024387439e+00,1.364367294223653104e+00,1.179532610021821526e+00,-2.047134579875206750e+00,-2.159285923656199646e+00,1.379123474208555411e+00,6.869479541387830679e-01
1.106960964078888554e-01,2.782736680132561480e-01,-1.786362146769298054e+00,2.461948269376331488e+00,1.328144084893255084e+00,-7.498893488513376226e-01,-1.425958166602679045e+00,2.115040713733682853e+00,-2.095280857887725556e+00,-4.958730884058457633e-01
2.253460683817746890e+00,2.603949762390938005e+00,1.732375424033144373e+00,-2.993548857691501031e+00,-8.264943338012691321e-01,4.784087648775505741e-01,-1.827686282415474484e+00,-2.091930832803532425e+00,3.276009269491358733e+00,-3.446875894598894874e+00
7.585660906835154371e-01,1.292914429646152996e+00,2.044814294496006823e+00,-7.274362271774856836e-01,4.644417076201401429e-01,-3.315939841019135415e+00,2.540760550204539836e+00,-9.578333856400889079e-01,-3.887550616357027256e-01,-1.004741469377584018e+00
-1.515878494452848280e+00,-1.805027310353009673e+00,-1.879297369928665695e+00,3.012740747339226921e+00,-1.670712390058930907e+00,3.803272988151222833e-01,-1.755190254291890906e+00,2.439032571536555949e+00,-4.781987965232486815e+00,1.027808524755295494e+00
2.097657336639151104e+00,1.929900743120271045e+00,-1.766648239875684201e+00,2.230351947354314746e+00,2.197869177421639009e+00,-2.061822300856306800e+00,1.069424751648453187e+00,2.039924666672187303e+00,-1.961732616839822807e+00,-1.657168415353679869e+00
-1.584155295486131543e+00,-1.823273303132694867e+00,2.088569041434003459e+00,-1.855894201670116761e+00,-2.049267116309104519e+00,-1.346714407883582432e-01,-1.779735349019729407e+00,-1.804444339727257152e+00,-2.739587974210356158e+00,1.164720050171512256e+00
-1.761171076574530536e+00,-1.990120308737861610e+00,-1.951540926427887346e+00,3.327753515699845899e+00,-3.049993552997305457e+00,2.483591613515381269e+00,-2.289921367614395020e+00,2.989571588560125281e+00,-2.496245743114652527e+00,1.825204792336908355e+00
9.681469689052079053e-01,1.748427636667829743e+00,1.725143326120021525e+00,-1.509167146068074228e+00,-4.584761878729910478e-01,-6.929089428821040286e-01,-1.243991054158894771e+00,-1.712589392319347592e+00,9.323378987193722267e-01,-1.273791853672201491e+00
2.976780099664043888e+00,2.227658029843920140e+00,1.753472278142908181e+00,-6.285159466172611786e-01,1.136759150998777557e+00,2.476655119612986233e+00,-2.279893061601527826e+00,-9.532930869691516040e-01,4.171267619862091713e+00,-2.078163194716276418e+00
1.202936724961243486e+00,2.044230235270820817e+00,2.556802854507418843e+00,-3.473657548547701701e+00,-1.288583642461115897e+00,2.519959043436313273e+00,-2.293163990787133955e+00,-2.156545999412873282e+00,8.755546021387178968e+00,-1.566648636001895412e+00
2.809914219753403497e+00,2.391063235540684229e+00,-1.475512689698035729e+00,1.686911511128590391e-01,7.243942888730590113e-01,8.476197924560509023e-01,-2.013865849036384326e+00,1.550887831996733635e+00,1.529179246449958285e+00,-1.915174322199018508e+00
1.025630229816630878e+00,1.913956227007086230e+00,1.848956838402858960e+00,-1.840704774661837462e+00,1.116115653739965019e+00,-2.411429029858676465e+00,2.907320201011851957e+00,-1.852207395228176567e+00,1.194874390818338794e+00,-1.350262089793991205e+00
2.148532877512612682e+00,2.333700642493414357e+00,-1.977203922967470495e+00,2.761950514274428947e+00,2.015664661182127837e+00,9.553344840475963551e-01,-2.074488686718397368e+00,3.226982894992361572e+00,4.869007306126329482e-01,-1.741719928306660226e+00
-1.349996884769492755e+00,-1.606672927231618919e+00,1.648441165646038709e+00,-1.043673663076286395e+00,3.270472347360168897e+00,2.682348197589706551e+00,-2.322618551584296753e+00,-1.508589641900277556e+00,1.011034406079589498e+00,6.954317151725382118e-01
-1.587176318904057526e+00,-1.870649066266353966e+00,-1.846734772186656492e+00,2.784268138171749563e+00,-1.414410099039355551e+00,1.853037939651483335e+00,-2.197466308486794251e+00,2.267998212988461937e+00,-2.572786054315736148e+00,1.556733162323977737e+00
2.593671635866093172e+00,2.673489489624491178e+00,-1.930104072922313563e+00,2.465415948034684668e+00,3.809129608911145937e-01,-1.260874182111322739e+00,-7.665034306104214767e-01,2.901585644721804247e+00,-1.941501162673707093e+00,-2.689328929624041908e+00
-9.159444555772863206e-01,-9.961782470160399638e-01,-1.976466469509871260e+00,1.541463640069094865e+00,-3.025541941124508583e+00,2.264210854249461669e+00,-2.274656077455851744e+00,3.154664006097011253e+00,4.734020467543523236e-01,-6.075788006216287229e-02
-1.969131949032008055e+00,-2.147009173941036408e+00,-1.693664044744244146e+00,2.347667873446279252e+00,9.309384204347406211e-01,-2.747509778525985880e+00,2.056916314138100610e+00,2.054622890797841439e+00,-6.591106828542452334e+00,2.955341866017289654e+00
-1.339400465776253935e+00,-1.745379260584627668e+00,2.277124157779601976e-01,-2.954185306741963224e-01,1.101668251490499628e-01,1.372289992055285346e+00,-2.098296980264356293e+00,-1.503700488726270046e-01,-2.568141735771706458e+00,8.217277593009146841e-01
2.947281203782621706e+00,2.849434648362056954e+00,-1.808635243555795080e+00,2.123789614266216041e+00,-3.080919932940043182e+00,-2.552852072921814042e+00,1.660356852027633501e+00,2.458491991677508093e+00,-2.004168548546973128e+00,-2.692951129250714448e+00
-2.009097250041671501e+00,-2.188319068916449783e+00,-1.763935265732980540e+00,9.192822614770621570e-01,-2.108897565716354006e+00,-2.759249605893038026e+00,1.822291266664080034e+00,2.070221989345786273e+00,-6.383825598712273397e+00,3.294943366709937926e+00
1.655091866717470106e+00,2.071346525879146583e+00,-1.746622736792387665e+00,1.543983761803644050e+00,1.333800297716535965e+00,-1.499821182185798296e+00,-2.831770715787161885e-01,1.894219984530833178e+00,-1.828452234546218635e+00,-1.052047027148192537e+00
9.885909963318341154e-01,1.403201283216771511e+00,2.227759798256707668e+00,-1.947786509596479476e+00,1.232849120294735812e+00,-1.549308705756335502e+00,-2.751023260360345724e-01,-1.811395494092123970e+00,2.272111680375395792e+00,-9.615151629565819036e-01
2.222644778478612526e+00,2.546742389729505174e+00,2.107593369257444671e+00,-3.089508334450346005e+00,3.222718170318985109e+00,2.190834783469603586e+00,-2.264522846947004009e+00,-2.101074509200765661e+00,7.302985023095350137e+00,-3.357258945647756843e+00
1.885182262468804382e+00,2.449506869631546735e+00,1.715993027696740558e+00,-8.572879569208740058e-01,2.422706631925372278e+00,2.219305271928949885e+00,-2.214979175917914045e+00,-1.170083018860338608e+00,2.612852148879734049e+00,-2.559528915421787065e+00
1.902300873317534169e+00,2.937149515857969462e+00,1.967707780487997216e+00,-3.290989249867892319e+00,-2.038076367323199634e+00,-1.202743468528157944e+00,-8.255442305455958918e-01,-2.133267925880588223e+00,5.160362699964908373e+00,-1.772839621636776997e+00
-2.643380844217789738e-01,1.387939349245722376e+00,1.767496257569917795e+00,-8.526778413977171844e-01,-3.986331522615680356e-01,1.784857201129588233e+00,-2.211649287065395431e+00,-1.187135501288993700e+00,5.020734771349459891e+00,-5.631394069888049358e-01
-1.990224661660373817e+00,-2.180169537404132551e+00,-1.879450329204435555e+00,2.025766711790978114e+00,3.688877115222588543e-01,-1.079856169746937766e-01,-1.580979627123942466e+00,2.475414770357330596e+00,-5.855484004879180304e+00,3.155797078746910955e+00
4.524289430799294798e-01,1.138797948591692588e+00,-1.890124366067020834e+00,3.287574411695600496e+00,2.729715046257009448e+00,-1.450131714376551528e+00,-8.062043347467293675e-01,2.522780239967380211e+00,-2.891067204490482823e-02,-5.957634504184077251e-01
1.766570072963334459e+00,2.857667493133864589e+00,-1.463269858678287516e+00,-1.183782090401708231e-02,2.739007499657898137e+00,-3.332806078525249127e+00,1.743158982946427793e+00,1.087179519859515775e+00,-2.467890832123789124e-01,-2.494301238431117618e+00
1.948067560734068060e+00,3.519194690226854938e+00,-2.037837784266270713e+00,2.819185308528522782e+00,-2.460303208597974134e+00,-2.849293008286545970e+00,2.468904911915199563e+00,3.847552144810463037e+00,-1.201715022189583149e+00,-3.400693914423788655e+00
-7.349591164748466854e-01,-4.411879629194889185e-01,2.038242140915005773e+00,-3.282999073405783008e+00,2.995608193281036336e+00,-1.707863159301362899e+00,-5.276325343595600348e-02,-2.124809907863631775e+00,4.193439876670792543e+00,-2.120250346290770693e-01
-1.875134793355182294e+00,-2.074809032293913447e+00,2.082399800527062084e+00,-2.217298164040355513e+00,9.485133363043507515e-02,-9.198663814712331188e-01,-1.122449261995616787e+00,-1.924185813089320796e+00,-2.731900620481632291e+00,2.378022121392005417e+00
-9.328369384744068515e-01,-1.213597427178240151e+00,2.159994296027390792e+00,-2.427621159503122517e+00,-2.929154146824410887e-01,2.529578035912634526e+00,-2.303700124738033317e+00,-2.005379164484285326e+00,3.262383735539321261e+00,1.425053253935839592e-01
2.227114839660833123e+00,2.494828916752565906e+00,-1.846925154104515521e+00,1.797338402679648617e+00,2.559119327090974672e+00,2.223023784857132590e+00,-2.261352295076390462e+00,2.306145655527468641e+00,2.469242887723376967e+00,-2.172111025905526738e+00
1.150637216713165323e+00,2.446545686321437429e+00,-1.945371606503754291e+00,2.578857796788478929e+00,3.318331948962692124e+00,-1.122888779471962639e+00,-9.407958234824103094e-01,2.845588393403714722e+00,-1.496212705155353317e+00,-1.437968128800633405e+00
1.879954129263670115e+00,2.497934003967011485e+00,3.078002480533521101e+00,-1.198271468766263670e+00,2.142908887309936894e+00,-2.769807093755609184e+00,1.570405502021080757e+00,-1.373027030880910715e+00,-3.788459337391457682e-01,-2.044291511534671368e+00
9.709320463773553067e-01,2.109806283728449028e+00,-1.525977623978422404e+00,8.123656311573492772e-01,-2.599216377561361924e+00,-2.845466661785545970e+00,1.686186182937544853e+00,1.579194318660692042e+00,-9.352913339617369148e-01,-1.160754268245616228e+00
-1.889380488187192952e+00,-2.111994758801555516e+00,-1.978057956723369148e+00,2.687953468170239724e+00,2.897976871854607062e+00,8.156810864056041055e-01,-2.021222527395146518e+00,3.102585795849159389e+00,-4.724102166600469666e+00,2.591994042671784904e+00
1.532016737051284494e+00,2.818956962711582026e+00,2.645093590091415203e-01,-1.514273354315132103e-01,7.501111158613937846e-02,-1.143167071722088757e+00,-1.049535359232848686e+00,-6.937116405105539507e-02,-5.514313656827564136e-01,-2.079106394367035371e+00
1.596311198830017153e+00,1.751577211370096920e+00,8.699805327274940936e-01,-3.540797506841313336e-01,2.415536316830467989e+00,-1.269275178467418108e+00,-1.052711286172847371e+00,-6.660058824579085934e-01,-1.389302512096287856e+00,-1.435177165043466374e+00
-1.727661077748709140e+00,-1.960461905973406749e+00,1.882973807935171884e+00,-1.354158436900040563e+00,-2.899485181083914842e+00,-2.132913468092820786e+00,9.845248135308508619e-01,-1.523933555496077563e+00,-4.697930501616707666e+00,1.673049180155493865e+00
-1.800282185724652262e+00,-2.053629828084900577e+00,-1.578731201513090765e+00,2.240264092292241216e-01,8.945852492842591985e-01,-2.839763513615637613e+00,1.609648951500720626e+00,1.276934612076050968e+00,-6.177340332049345406e+00,2.172944291338866130e+00
2.428632368078332826e-01,1.202471023524223526e+00,-1.983927914411512283e+00,1.216969605606441185e+00,3.171038539322863947e+00,2.135337066853863597e+00,-2.250914570981178642e+00,3.223141736201577068e+00,4.621341887994066866e+00,-6.755685084744706970e-01
-2.997205426033415221e-01,-3.911924330010891349e-01,-1.900296789573782563e+00,2.964728792245369782e+00,9.828457227012910025e-01,1.135164493543149078e+00,-2.083020838297628963e+00,2.925218623081249358e+00,-4.915774248832374127e-01,-3.341378821512805963e-01
-4.020406301113965686e-01,3.761481909240482757e-01,1.893061796539952102e+00,-9.033157094078099192e-01,-1.610277403517906603e+00,2.609159944035714496e+00,-2.312958421168105350e+00,-1.359520449755852178e+00,2.841076261325976127e+00,-3.019027058832093324e-01
-2.007912811257680730e+00,-2.188630275190003971e+00,2.534734219970003810e+00,-2.623295357681660001e+00,-5.241995097426315198e-01,3.160750032480591720e+00,-2.368213992977965976e+00,-2.014808406866378299e+00,1.628901442762650698e+00,3.283985671549989327e+00
-8.950509911886254111e-01,-1.047949792215931986e+00,2.309094483164443545e+00,-1.735253770855882838e+00,3.283425526586228216e+00,-8.366548983182391375e-01,-1.420768198515046210e+00,-1.795507482737113802e+00,-1.590828280860949073e+00,6.481307004899639068e-02
1.940339600741325166e+00,3.758601635116713524e+00,-1.442668092102668442e+00,4.781204270630112774e-01,6.985129170190074177e-02,-2.278127713187392267e+00,9.808536278524399021e-01,1.323187012403151730e+00,-1.411759458856170824e+00,-3.317122603620483723e+00
-1.153054259647496860e-01,6.448993307325768809e-01,-1.847810059370458724e+00,1.621244446391580496e+00,-3.194855438288640492e+00,-2.610167462134863392e+00,1.416576764365126806e+00,2.428576445607435907e+00,-1.605926943077056190e+00,-6.336271091727589955e-01
-1.057332188560599739e+00,-1.320829770895603161e+00,-1.814327026194770154e+00,1.238723110699517349e+00,2.945146833488527349e+00,1.393806869752447497e+00,-2.086587676104257216e+00,2.167047849507373503e+00,-1.848536159530648870e+00,3.632900572454729193e-01
1.240738411263328372e-01,1.321920506210332968e+00,-1.838259259184658267e+00,3.354729712897746019e+00,1.966424811863403121e+00,1.520881374503737504e-01,-1.849086290149266620e+00,2.293422358368167213e+00,-4.085584249544562674e-01,-7.503392346337633967e-01
-2.660570597115263780e-01,3.428259847085010636e-01,2.527198043181627884e+00,-2.298397617872684151e+00,-2.621518995834835053e-01,-2.529704469537276346e+00,1.542776183600502060e+00,-1.949038997866793244e+00,3.895567975786141446e+00,-4.575722879891666039e-01
2.025927079203015513e+00,2.653953750834352032e+00,-1.870290856998683804e+00,2.934335748070811434e+00,-2.967877483278079875e+00,-2.319749871806502384e+00,1.242306588170484671e+00,2.574892412370944239e+00,-9.188330679497631603e-01,-2.472388189654080914e+00
1.754389675616038646e+00,2.188270081454528615e+00,-4.724421575881672108e-01,-1.101306548754901193e-01,-1.413366877227379970e+00,1.218671040438797704e+00,-2.110291246348240168e+00,2.593640731722846038e-02,2.885354869373937703e+00,-1.150277777402369139e+00
-1.939434910872080975e+00,-2.162113263533558261e+00,1.660637314552682042e+00,-1.932933814777265003e+00,-3.488203316024591327e+00,1.795351042002053532e+00,-2.224118783528858501e+00,-1.852099729066394085e+00,-1.011402356487401955e+00,2.927893380130510259e+00
8.508795727550886312e-01,1.770480431610093719e+00,1.959923135462209753e+00,-7.270109486640072838e-01,2.312067134195411100e+00,1.332432636668440473e+00,-2.100392274602726150e+00,-1.210910079232825121e+00,4.110003133709987821e+00,-1.299681156254361536e+00
-1.997672919115621504e+00,-2.186297996822830214e+00,1.947333388643064933e-01,-1.616310667616200902e-01,1.273348064688416770e+00,-1.143374079645441466e+00,-1.138784417112369995e+00,-1.560949760722671886e-01,-5.859850814900402050e+00,3.216094361052050488e+00
-1.885971355461653731e+00,-2.120777743251145431e+00,-1.818116857184369994e+00,1.367163525630632037e+00,-2.644686021928920994e+00,3.449899002397485148e+00,-2.391431577973098577e+00,2.161260877718673701e+00,-2.270115404912086632e+00,2.520638017948407139e+00
-1.995531226317988738e+00,-2.174054530953942077e+00,2.637388874857609977e+00,-2.670937760545309736e+00,1.520413383549608533e+00,2.859575821727176503e+00,-2.340951636848905171e+00,-2.010428228462497025e+00,9.972502857011792399e-01,3.166490869260627505e+00
-1.577616936181428287e+00,-1.837868756477893717e+00,2.146090090707176046e+00,-5.955978039380269706e-01,-3.403075088874144338e+00,1.057581615063184266e+00,-2.074571895830362944e+00,-1.093434786510775636e+00,-3.474467135291141595e+00,1.319967835809755741e+00
3.968825353036537495e-01,1.512384796074284221e+00,-1.885784456986037361e+00,3.456039810406421608e+00,2.506569776050683096e+00,-2.628160954903628443e+00,1.195882683522327739e+00,2.547132674460469648e+00,-1.460849841329636467e+00,-6.867690730232807184e-01
-1.674789563646285284e+00,-1.976589131949008316e+00,1.973500293817054052e+00,-2.737040925856951912e+00,1.500463608357514467e+00,3.181046361257489075e+00,-2.362936319337723745e+00,-2.038158229411036970e+00,1.264482129833722990e+00,1.850770573952925879e+00
-1.910260708279283515e+00,-2.115548629479050646e+00,-1.846546719515220758e+00,2.680605450208460638e+00,-3.046167399227049710e+00,2.485580754078766219e+00,-2.302524693057706795e+00,2.287520096559140903e+00,-2.587288828520761808e+00,2.572832282131262360e+00
-1.866824509383854247e+00,-2.096063034948028481e+00,-1.738500625798825583e+00,2.921148157574162241e+00,-3.489058031213310151e+00,-4.740731214648534753e-01,-1.384406342126816902e+00,2.079589080233505971e+00,-6.083156324242355417e+00,2.321420509671975552e+00
3.343703317335385172e+00,2.102799248045420732e+00,-1.766399683659030773e+00,1.211917594642653029e+00,-1.878453494583811167e+00,-7.969339430873669805e-01,-1.124902072779473183e+00,2.071769148528295190e+00,-1.904237867106684190e+00,-3.124906618138969971e+00
-1.013430601622327343e+00,-9.556764359360514494e-01,3.163163096699093124e+00,-3.357862432401793384e+00,-2.429394874720951947e+00,-1.511190416387849123e+00,-3.807476715105365117e-01,-2.141114356267856511e+00,4.012187855492279631e+00,1.407348139317035063e-01
-1.585353812928464334e+00,-1.859219196275979202e+00,2.128344247225778751e+00,-3.012153488225266518e+00,6.443206659609002074e-02,-2.935975936741302750e+00,1.827181677312937014e+00,-2.098849148428469036e+00,-1.107292345303638292e+00,1.283796190153996264e+00
-1.751820288166685557e+00,-2.005071651032833913e+00,-1.500220828977447018e+00,4.250829789883461274e-01,-2.535480715566257537e+00,-1.760091124368457827e+00,-9.715982513391752118e-02,1.296521954650635466e+00,-6.031429079767665513e+00,1.912839797813490783e+00
-2.355372202983986307e-01,6.863778980314519385e-02,1.999685036235397062e+00,-2.183731244077688594e+00,2.077340976070624734e+00,-2.307016621085857366e+00,1.038883431535837509e+00,-1.926791307740436388e+00,1.072579919148694438e+00,-4.466587502172907342e-01
-1.747571881099840851e+00,-1.962030762055253064e+00,-1.554335697111877357e+00,4.179867797031455723e-01,-2.955076466951787495e+00,2.720889515921321333e+00,-2.310401446165669892e+00,1.260502981315978044e+00,-1.929311344443710663e+00,1.963338718589151100e+00
1.089843762620039680e+00,1.663417197922997692e+00,2.049034811371422293e+00,-1.577150710917940124e+00,5.165974019010288742e-01,2.024055295095806173e+00,-2.229293479754203666e+00,-1.668065725251125953e+00,5.584853171995073140e+00,-1.270310442459493316e+00
-1.843483067198999681e+00,-2.098899030655964726e+00,2.521600049155494627e+00,-3.003921462294149691e+00,-2.107021085086322021e+00,1.435958973456376242e+00,-2.142520964395070227e+00,-2.091500317889548377e+00,4.957985752084000386e-01,2.436228287345270971e+00
1.587151553072007726e+00,2.989617088273866408e+00,2.554607589355749830e+00,-1.566799029001496368e+00,-9.567016051141457034e-01,-1.838231152116862166e+00,-2.565973003129176644e-02,-1.716955908474645964e+00,3.908131469460818241e+00,-2.090665124713908529e+00
1.664569731786347928e+00,2.804911138425089323e+00,-1.866357521359541805e+00,1.943559809501550717e+00,3.187606383641350405e+00,-2.370101934390734577e+00,1.069691335535569054e+00,2.403343083737132790e+00,5.400943957639965376e-01,-2.188267457790987525e+00
1.425998639391844680e+00,2.290123546114165354e+00,-1.897752845320599624e+00,2.392118766073859426e+00,-1.374096690086523687e+00,2.268974062168768846e+00,-2.259113181631041023e+00,2.888507461777284124e+00,2.231169821202401593e+00,-2.013062003725536453e+00
-1.590440786714826027e+00,-1.920595126773654737e+00,-1.755910673649866638e+00,2.214961515107348511e+00,1.760546674897721431e+00,-3.024699096074229931e+00,1.790014357075387474e+00,2.508796539737969233e+00,-6.160157538427202262e+00,1.402486879664802899e+00
-1.553178103659458964e+00,-1.885297235912645419e+00,-1.901553674034104580e+00,2.331561974973972440e+00,1.292418290770144473e+00,-3.488828603132184902e+00,2.854501884260323585e+00,3.002824693673256995e+00,-6.406130322690549050e+00,1.542253407445566715e+00
-1.934363218335559020e+00,-2.148641205014924616e+00,-1.761656759920287474e+00,1.404767522351993314e+00,2.125098353590361810e+00,-3.245650355879100335e+00,2.234981554403819182e+00,2.043994477925273667e+00,-6.531454777305061299e+00,2.791879994479486093e+00
1.887326266042875234e-01,1.256845783025280827e+00,-1.675321609634099262e+00,3.874037304491952938e-01,2.133658696185282366e+00,2.108364551999635239e+00,-2.257370656474969817e+00,1.912862018119804830e+00,5.430971926983096942e+00,-6.972447585443428686e-01
1.060548335754831761e+00,2.821147040707620235e+00,2.916262944833009740e+00,-2.822949427599148908e+00,3.502473111593555899e-01,3.091160768979396956e+00,-2.359581631088377929e+00,-2.067821338111194507e+00,7.840523342649945882e+00,-1.326488332612464127e+00
-2.023273097312758839e+00,-2.199100133678442592e+00,-2.020284222370800631e+00,2.402262646004410307e+00,-1.843662792262645844e+00,3.791065899085710456e-02,-1.719679164362766466e+00,3.498896735203323338e+00,-5.958478622525873902e+00,3.388133616768607581e+00
1.965060510809029104e+00,1.962918858589609350e+00,3.191231272172522893e+00,-1.865720136470596424e+00,-5.387780998765245855e-01,-1.825371920600590059e+00,1.120541829174340198e-01,-1.741124181092049250e+00,2.034789362095115184e-01,-2.164670710244075647e+00
2.199669818168355828e+00,3.168344402402762050e+00,2.426197103317441428e+00,-2.503052720156384581e+00,1.175836331617598596e+00,2.852208522610800046e+00,-2.337550681960758769e+00,-1.992563684740344510e+00,5.893141183956398521e+00,-3.074846734540072291e+00
-1.488587470728065743e+00,-1.690200379088124372e+00,-1.868746200886615361e+00,2.120105719136777367e+00,-1.507390588797555386e+00,-1.078785427634933569e+00,-1.013579026799130922e+00,2.409501085135454801e+00,-5.625537449576710536e+00,9.779784482496314268e-01
1.936591611081989850e+00,2.675696138717263306e+00,-1.805209345946398924e+00,1.220387562859993835e+00,-2.889887179092118785e-01,1.331329814681408763e+00,-2.124168043037325315e+00,2.314102383682570707e+00,2.584971570118161033e+00,-3.226717417105167129e+00
2.238198329041129142e+00,2.547896531568155432e+00,-1.715702344965636783e+00,1.015216854753623110e+00,1.757563900789556932e+00,-1.916713267123478115e+00,7.935404302567938828e-01,1.791389254814804266e+00,-1.533595907345287834e+00,-2.206274359737335544e+00
-1.976199775644809753e+00,-2.163660486699301000e+00,1.823374548181647681e+00,-2.561203140347381613e+00,1.900417007160172922e+00,1.047417555974317516e+00,-2.073442150726619637e+00,-2.017437406401384692e+00,-6.044800747556116072e-01,3.078440805476414965e+00
2.665963645672279725e+00,2.388761764259680564e+00,-1.854483428533493239e+00,2.718320565215428530e+00,6.007573682258353642e-01,-1.634182142834561535e+00,-4.288073741833251518e-01,2.290558476027864554e+00,-1.746957219032583719e+00,-2.305165160617655751e+00
-1.945729452168127649e+00,-2.158666995326791405e+00,-1.544235777497784401e+00,5.422728342254634626e-01,2.849002493761852328e+00,2.723535562726532966e+00,-2.300633469331745395e+00,1.509708063881512130e+00,-1.789457971789010227e+00,2.929309017317484276e+00
2.298706581755755263e+00,2.223382655789210904e+00,-1.890899049886533678e+00,2.915449395819955214e+00,2.848402763277014138e+00,-2.321181715016779723e+00,7.293885212251216554e-01,2.786963812512071925e+00,-1.908234699345314311e+00,-3.353075620484271990e+00
-1.706838842688394253e+00,-2.031076719686844001e+00,-1.639266592787908872e+00,9.404170022548381525e-01,1.600718733692554352e+00,1.783721478376869563e+00,-2.187677655538335486e+00,1.547210697160293247e+00,-2.744883861664076274e+00,1.980159625358902886e+00
2.332342508047015706e+00,2.325873327027901283e+00,1.836019169913701621e+00,-1.090779269880095992e+00,-1.459655256662224510e-01,6.865969660716215728e-01,-2.016425805205723343e+00,-1.523171599199099724e+00,2.775512694036544215e+00,-2.546622867973912019e+00
1.673825885712076689e+00,2.846206705618215871e+00,-1.844464007554723395e+00,1.959482238667100695e+00,-3.802056918899099358e-01,2.904282303847158353e+00,-2.337805592626518436e+00,2.639790799983177116e+00,1.923140939328404020e+00,-1.165983031588363694e+00
-9.183943469948356864e-01,-1.040416545046892072e+00,1.653314135488821890e+00,-1.017041911295169854e+00,1.853604600739943820e+00,2.454775139596465650e-01,-1.878379288104202960e+00,-1.481813110303492387e+00,-1.570747591090692286e+00,3.532938398983453965e-02
2.282437417115295020e+00,3.257694031048484540e+00,-1.820412176139917459e+00,1.488622162146208794e+00,1.913460123592095385e+00,2.303964310506906088e+00,-2.235271976163055729e+00,2.495999244592715272e+00,3.034682220173042566e+00,-2.984186434629627627e+00
-1.007084564952271499e+00,-1.223213416795382091e+00,-1.687707876959352316e+00,3.688069580006598791e-01,-1.040628913554993762e+00,1.087849564779383549e+00,-2.064027886107308252e+00,1.694708779615413885e+00,-1.281625561055618645e+00,1.341250907127173875e-01
1.179530247739689175e+00,1.699028315032945713e+00,1.945895385855314741e+00,-1.953744578584368785e+00,-1.143207575862115633e+00,5.719062341316138998e-02,-1.733443479391087561e+00,-1.835871193296070292e+00,9.822901662274972079e-01,-1.352741665642250624e+00
-1.648360971812918851e+00,-2.020586811473287447e+00,-1.712061618437020094e+00,7.938680798552795181e-01,-3.295952694456318000e+00,-9.448750961461267472e-01,-1.229153528399971940e+00,1.996237070367836708e+00,-5.768660356584386584e+00,1.810437149668290502e+00
-6.397227096261446366e-01,-7.895088463417521130e-01,-1.843814550126645635e+00,3.199219811218531717e+00,7.406689969807205287e-01,-7.361302725105778322e-02,-1.681888382009954830e+00,2.334796692018132447e+00,-2.312797484065800546e+00,-5.377090438361120661e-02
-1.878558187085627385e+00,-2.125584996056409270e+00,-2.122489052802033482e-01,-7.702543443434528569e-02,-2.207256340613904744e+00,3.058296743471997203e+00,-2.358303589319486804e+00,-1.928078092390524828e-02,-1.733802082421441959e+00,2.594924692737881067e+00
-1.381748204806851676e+00,-1.524829001670392037e+00,2.081305914233027021e+00,-1.791246641786493399e+00,1.245834267340018897e+00,3.860529417518039352e-01,-1.899204429633713165e+00,-1.794116098181269381e+00,-2.617273048894833920e+00,6.902692994726482567e-01
-1.824791237462447979e+00,-2.079769591891568847e+00,1.707611482529405089e+00,-2.098385806526086750e+00,-2.808157122234370195e+00,-2.298578992271007593e+00,1.042980818320402570e+00,-1.923752341557356527e+00,-2.523218297011360356e+00,2.213847139035397760e+00
-8.783503712877616110e-01,-1.143606871919257584e+00,2.416757977737202800e+00,-9.451801068756005009e-01,1.978525720082570771e+00,-2.154743100709189729e+00,1.112969955846618175e+00,-1.202197262082400631e+00,-2.127467005285948787e+00,7.718073768285504954e-02
-2.103690901368561184e-01,4.579368953503157869e-01,-1.842866029234698555e+00,2.900124994345220308e+00,1.498793470916623960e+00,1.722193721168502556e+00,-2.121495093929093301e+00,2.502578834626933979e+00,1.271348549579841336e+00,-5.497917806898491300e-01
-1.363086374023355862e+00,-1.825761322843697743e+00,-1.834493303610890136e+00,2.487749736562911096e+00,2.824531628288800000e-01,1.621216301694071049e+00,-2.144840559534543889e+00,2.364872130294642716e+00,-2.574417001681748474e+00,1.018123256229181095e+00
-1.992543471046432479e+00,-2.180750108004114285e+00,-1.744857684143533927e+00,2.029322033785905255e+00,1.214101275114501277e+00,-2.053181147545461549e+00,9.416552272832633408e-01,2.034990064757131289e+00,-6.496239901617546053e+00,3.130134570526623250e+00
-1.796483563503350922e+00,-2.039035943247603289e+00,-1.766800097606967768e+00,1.745535973927879070e+00,3.339624743518314176e+00,-2.780595651938297941e+00,1.304855367537409716e+00,2.231659757825757762e+00,-6.389552379675619065e+00,2.022006035454555928e+00
2.172092984703727137e+00,2.971747908033755436e+00,-1.899300369878010875e+00,3.202442409437026072e+00,-1.858367517059185570e+00,-2.556390294253008566e+00,1.661080373806900878e+00,2.829195863215577589e+00,-1.927935441417980567e+00,-2.587496157837205324e+00
2.037647304162022888e+00,2.555926232010904187e+00,-1.684649559668469410e+00,4.334476912451799002e-01,-3.062715636787370244e+00,-3.414174082932127874e+00,1.891952484398223611e+00,1.745751125188808928e+00,-8.404267707740320503e-01,-2.074384122224219862e+00
1.576183763703301599e+00,2.742889325102386699e+00,1.750874729317420719e+00,-7.945345912406360789e-01,1.899302057526806031e-01,2.097187824793552480e+00,-2.257488705741765411e+00,-1.185613860079067994e+00,3.101181565337190804e+00,-2.189042921186045376e+00
-1.116694553481715424e+00,-1.040789066484327119e+00,1.416908788924359452e+00,-5.830799628160709958e-01,1.929812650134213214e+00,2.529005083001218956e+00,-2.301820607516663841e+00,-8.430889129845491325e-01,1.864573667784789501e+00,2.502394699637466857e-01
1.651698269266652641e+00,2.599153151586882871e+00,2.727045354580972969e+00,-3.131553509104517019e+00,2.156260752572348061e+00,3.136683578761743085e+00,-2.360470518312758781e+00,-2.106281853809578664e+00,6.455071643396408376e+00,-2.583337389080559099e+00
7.099002376725482844e-01,1.532387686420353612e+00,-1.720892889378845325e+00,1.403092123286353576e+00,-1.537324594118078203e+00,2.458703188582939347e+00,-2.289076766936188001e+00,1.999968346267057884e+00,3.056884221584766692e+00,-1.123005910006446229e+00
1.445135853146875871e+00,3.088699272762973180e+00,1.742109844309272848e+00,-2.920797855448817870e+00,-3.332507151985656169e+00,-1.022017543086754632e+00,-1.104887727121868002e+00,-2.054622675769526285e+00,3.208443360461210148e+00,-2.027478694744961452e+00
1.540101268153545977e+00,2.624867596058202412e+00,1.882365067426202465e+00,-2.402847483350547542e+00,3.418035830154221522e+00,-1.198793745381836029e+00,-1.130671079868954321e+00,-1.941979865879951639e+00,2.712817035679855771e+00,-2.383866754627851581e+00
-1.772583601641574358e+00,-2.027815640070890435e+00,-1.904200015107154753e+00,3.282877233940785011e+00,2.218599452689583806e+00,-3.392331199936923891e+00,1.715703170794502297e+00,2.804738477135664265e+00,-6.527678899888979203e+00,1.892150529384668545e+00
-4.925243208853130050e-01,-2.964749945468556080e-01,2.311210153780995036e+00,-2.552669597802997181e+00,-1.912571545541386087e-01,-4.491312661872104428e-01,-1.472674989429727965e+00,-1.978042743108022972e+00,1.788643531636727291e+00,-3.629518394168051998e-01
2.113372897323610111e+00,2.455616388295688512e+00,2.550124526630671351e+00,-1.492661377025306990e+00,-1.334259690290548583e+00,4.007814561751175120e-01,-1.912497909010071329e+00,-1.731316178941610939e+00,3.758024851660329846e-01,-3.212248690269664753e+00
-3.354413626325761788e-01,4.432530947149846967e-01,-1.811936669194513350e+00,2.674188648871652418e+00,-3.263673040709738515e+00,2.816223425537863534e+00,-2.333224501033254850e+00,2.137390666093167191e+00,3.638305423121726445e+00,-5.160045961883454879e-01
3.290645041590992470e+00,2.262844718218668838e+00,-1.859418893576863852e+00,3.478222214699298043e+00,2.724234414039237606e+00,2.073187718116615841e-01,-1.840064305809655965e+00,2.489985827991003653e+00,-1.319837869262218577e+00,-2.402733505291937188e+00
-1.746644749896519411e+00,-1.956499780129144828e+00,-1.801096752840302351e+00,1.165586205176296630e+00,-3.358318008945791355e+00,4.431001726212580039e-01,-1.954469031161098158e+00,2.373265121301868064e+00,-5.039097423323148917e+00,1.736458230093161248e+00
1.655936976366823021e-01,8.285898925150139149e-01,1.938577974633211021e+00,-1.698755967164640168e+00,-6.176119550304837169e-01,-1.683595699315701300e+00,-3.456854351634989220e-01,-1.755560081154329932e+00,1.421147504853025878e-01,-5.603188001008558849e-01
-1.999222167559070451e+00,-2.178163156597797911e+00,-1.825248421789974484e+00,8.656128842547641256e-01,-3.068921525176282472e-01,-1.149538921379050116e+00,-1.037353779680546317e+00,2.240473646577599176e+00,-6.201460403011145317e+00,3.193143280495732483e+00
-1.436568827745768440e+00,-1.770566851032374434e+00,3.458653923556585408e+00,-3.052366277300180286e+00,2.330498536285452005e+00,-7.983518085795493491e-01,-1.317732626482857716e+00,-2.103867799431347052e+00,-6.810397726305075228e-01,9.133041416621665576e-01
6.552650979448416679e-01,1.290959926805370639e+00,2.648474658048586505e+00,-8.037413113637672524e-01,-1.551231170035422435e+00,1.417070916820001081e+00,-2.127051344114422093e+00,-1.193635342078130268e+00,2.362877317697688717e+00,-8.712910232927817411e-01
-1.143896768131866359e+00,-1.398457818567147459e+00,2.705474448454681102e+00,-2.573131891918549741e+00,-9.806855201868636129e-03,9.588090941938203215e-01,-2.058675232366431906e+00,-2.027937074385169680e+00,4.743382860489492314e-01,4.212800305672663725e-01
-1.947265611495861970e+00,-2.145153720702403177e+00,-1.821897051615315011e+00,8.056736547917200397e-01,-2.440956728447248203e+00,1.169431970064858994e+00,-2.040120691290687738e+00,2.265633433728541313e+00,-3.629875335497267042e+00,2.807282925689070119e+00
-1.977723124568322444e+00,-2.173485645832055724e+00,-1.955643555511924259e+00,3.139630479249844619e+00,6.968507979592493129e-01,-1.492131912528496418e+00,-5.897852657136861687e-01,3.003226474316278427e+00,-6.413769130348251579e+00,3.059177887725731182e+00
2.613188255372439706e+00,2.810235808266066115e+00,-1.907918207271370736e+00,3.338572874337487839e+00,-3.234612184897253329e+00,3.485957943708118734e+00,-2.394681255671164521e+00,2.871362063169391021e+00,1.753003863082857494e+00,-2.800136210521587010e+00
2.471166308515944543e+00,3.504973606562067800e+00,-1.909301374782259586e+00,2.116447949722470412e+00,-2.196335565476363882e+00,1.674902256750998575e+00,-2.208243919246611231e+00,2.753609000201017398e+00,2.044058448851214571e+00,-2.019152644558651843e+00
1.194535230867374009e+00,2.108783454037118865e+00,1.912639385618161603e+00,-2.865259890641984608e+00,1.500238461227267450e+00,7.110078466174654110e-01,-1.948695176395896622e+00,-2.076401157921712759e+00,3.284687563857935366e+00,-9.485363805398878689e-01
-1.920137068175474582e+00,-2.134753777903716010e+00,-1.902165928376870374e+00,2.491770823371898480e+00,-2.334400150627375048e+00,-3.097398342092847479e-01,-1.552635886414754696e+00,2.606305093425121289e+00,-5.955827807662533502e+00,2.692317529807356280e+00
-1.789986077974751622e+00,-2.055825504359492406e+00,1.688033472497789456e+00,-1.697523288601117564e+00,-2.528122101525494436e+00,2.130298487207181957e+00,-2.249653172932161382e+00,-1.753115012256273086e+00,-4.496342209473199736e-01,2.128630857964036061e+00
-1.383792324495898285e+00,-1.613114431717466601e+00,1.974258850585727920e+00,-3.214455328323369443e+00,-5.075509559587350061e-01,-1.924522678836175782e+00,7.099543539502664036e-01,-2.123508826422345841e+00,-1.515704702691466510e+00,9.048545629682314129e-01
-1.858369926129517236e+00,-2.091994879159958742e+00,2.700033570339379629e+00,-3.402139392924127481e+00,8.325296282610779031e-01,3.389830055281592536e+00,-2.385842568846849421e+00,-2.146974495661734927e+00,2.324617412994737009e+00,2.323401376264876639e+00
2.289868164632357317e+00,2.294318394467788291e+00,2.447852054391415511e+00,-2.335189397765949693e+00,-1.262840099189296961e+00,5.794096343522410208e-01,-1.912625397962960161e+00,-1.942980285169383370e+00,2.554682514000907290e+00,-3.435955174801941236e+00
9.316206084647806751e-01,2.099625319034256865e+00,-1.904022193892436876e+00,3.154328297427859695e+00,3.471156792235556843e-01,3.313135972702662357e+00,-2.379825050748977766e+00,2.797917907011940208e+00,3.261398695896201794e+00,-1.214724648801031037e+00
-1.474096562907810881e+00,-1.736418522676760334e+00,-1.719799123621040815e+00,1.176739540351166902e+00,1.999213795358058654e+00,-2.589390661444380903e+00,1.462802183127377198e+00,1.733526582353562828e+00,-5.901527620105360583e+00,1.150367389596845591e+00
-1.416026035556847695e-01,1.007622681063146119e+00,2.452052223956013854e+00,-1.203534807375450377e+00,1.942787931966624804e+00,3.343118661449533846e+00,-2.380603576778720587e+00,-1.538054675782754899e+00,5.172682375640773600e+00,-5.938104178688821122e-01
-1.169249692327843926e+00,-1.613788122303373873e+00,-1.785480301898925815e+00,1.114828631606738618e+00,-2.920856363882634810e+00,-2.060856705634278363e+00,1.377501568089928519e+00,2.089433479285216055e+00,-5.212818239474599658e+00,5.236403602094092946e-01
1.880246748139012380e+00,2.243503328972022537e+00,-1.761127078546812497e+00,1.841276238013392685e+00,-2.517148215894559726e+00,-1.089982274037166299e+00,-8.197678019514482717e-01,2.058818688629655558e+00,-1.623354152855017940e+00,-2.613555801676195056e+00
-1.873969928258826911e+00,-2.135234274123261944e+00,2.099123643902433223e+00,-3.282774928748020571e+00,7.083601895646065572e-01,-3.464824798481410895e+00,3.123409814969326348e+00,-2.130998252336040011e+00,-1.522030083301081360e+00,2.643229562240806629e+00
2.789033738160354048e+00,2.228634521590131978e+00,-1.881720615767434879e+00,3.494645501507683605e+00,2.186381122354882578e+00,1.462724282752860816e+00,-2.176376619133141510e+00,2.827071646073578748e+00,8.195693359157626423e-01,-2.274805168208952733e+00
-1.620450556760288485e+00,-1.901444546475605790e+00,3.354128031118844611e+00,-1.537975298863890394e+00,1.341316967320186571e+00,-3.870947810706821812e-01,-1.570797143644054206e+00,-1.613983158804555895e+00,-4.369992548563558010e+00,1.504393179238097566e+00
2.583307297722926776e+00,2.792521487435916328e+00,-1.806958731651798988e+00,2.913654730981775742e+00,1.062335548687602937e+00,2.178402857108908464e+00,-2.232306751040281867e+00,2.473232888006019259e+00,2.221049380384739536e+00,-2.145417357267159097e+00
-1.155176763806639029e+00,-1.625273083836696220e+00,2.706674985182922377e+00,-3.448616347449271036e+00,8.521769533727230339e-01,-1.209311187965252721e+00,-9.479894673801309013e-01,-2.153384563795305073e+00,-3.459990158856425246e-01,5.881774491714937270e-01
-1.832377849929008207e+00,-2.069244491727515456e+00,-1.575420646880469011e+00,1.142686125025715427e+00,-1.663443963385809798e+00,3.351324639951760886e+00,-2.382747991428559420e+00,1.658940646173558964e+00,-1.599052481173864226e+00,2.180236110115530757e+00
-1.413103332564308090e+00,-1.558615470770918332e+00,2.198652100431759404e+00,-7.975260452610344331e-01,2.429647113646513645e+00,-8.566013067901825373e-01,-1.016392523662380087e+00,-1.240161429022044626e+00,-4.583710061758761611e+00,8.475685290899122037e-01
-2.000924825608518365e+00,-2.184590813686915656e+00,1.880449298791196489e+00,-2.143946123203989806e+00,-1.531583266178654146e+00,-1.453481238591842306e+00,-5.470839467589398986e-01,-1.870782063862869160e+00,-2.937372839298059368e+00,3.208102720798545526e+00
-1.894686930644574385e+00,-2.109651321285155756e+00,-1.666525361273675676e+00,4.821536157205290607e-01,2.680928348038079889e+00,3.422769809143577646e+00,-2.389074372274528901e+00,1.651206147639532107e+00,-1.967487784539221796e+00,2.533091224913814443e+00
-1.861675040964555050e+00,-2.070833213182340149e+00,-1.785293614211067581e+00,2.619788259744208148e+00,2.996323003339465885e+00,-3.206593080246192162e+00,2.772422166831928436e+00,2.177758735311830840e+00,-6.552856710901513004e+00,2.420009705156120461e+00
3.545732654950597973e-01,1.245381529507796126e+00,-1.904881596314482062e+00,3.114322592183334848e+00,2.075130498008026514e-01,-2.173195695918089143e+00,6.253138068733422594e-01,2.887083961800199994e+00,-2.282974958121570808e-01,-8.761889304116006194e-01
-1.795897093450445015e+00,-2.051199877860073961e+00,3.420608865746159744e+00,-2.734046041328162868e+00,1.577403818727559859e+00,-3.354111724008763673e+00,2.877109006846552131e+00,-2.052598469203821718e+00,-1.507372393651311260e+00,2.076979489705411908e+00
-1.163410328989298081e+00,-1.452161652712734785e+00,3.909020068594956321e+00,-2.934852843755262342e+00,2.583473743020508806e+00,-5.459138260169122958e-01,-1.397742201246678473e+00,-2.076516929108690235e+00,3.610203177584030421e-01,4.551720280797573182e-01
-4.292876263317354502e-01,-1.700518527706051386e-01,2.342141384378172653e+00,-6.034920068730000864e-01,2.796449877527818373e+00,2.641835381383432768e+00,-2.305348385106856579e+00,-1.106531063615720401e+00,3.091401898238064661e+00,-2.806935376312318375e-01
-1.256091425959821262e+00,-1.702666850058043302e+00,-1.438164047732595874e+00,2.255853946938968235e-01,-5.385665307409195357e-01,-2.214782372399595189e+00,9.151207471404545490e-01,1.110118613994010461e+00,-5.377753825967309886e+00,7.457903189541461586e-01
-1.302374453925314146e+00,-1.616269344287994736e+00,-1.922606198268659750e+00,1.943863363694094737e+00,-3.272384695164593182e+00,4.791965673543359117e-01,-1.929855313080785617e+00,2.755353125564446337e+00,-4.467324157636082482e+00,7.112041260044126290e-01
1.274899232586101494e+00,2.252179174497296987e+00,7.753236108651190284e-01,-2.704844677632882721e-01,-2.758988419077859078e-01,1.626082684393836075e+00,-2.136662853902924208e+00,-4.515247546772460652e-01,4.799692276531716040e+00,-1.328945175874090445e+00
-1.452803202382185743e+00,-1.716616989431457574e+00,1.966408996180047497e+00,-1.512238838358092252e+00,-4.577643709022898300e-01,8.380764062910133205e-01,-1.995829214527852447e+00,-1.719524647514332427e+00,-2.694956757594933805e+00,9.468577603250007968e-01
1.529934441864070571e+00,2.234231879311246338e+00,-1.523832290296942782e+00,6.858592629816477881e-01,-1.081119673986961516e+00,2.097889636847031447e+00,-2.240036254266349225e+00,1.418608810298757072e+00,1.966429249329638473e+00,-2.350660473663406247e+00
-1.737214528406911596e+00,-1.982410698284056805e+00,-1.891224105834707458e+00,2.562160662756076235e+00,2.706082984760705301e+00,1.455848404964553922e+00,-2.077725844046121040e+00,2.863440967285840966e+00,-2.846393755716545293e+00,1.727801998050453314e+00
1.042752987205148862e+00,2.705949244575192481e+00,-1.847304941104086273e+00,3.388402764892240349e+00,2.130165619522367493e+00,2.679534098495186534e+00,-2.319869385953762020e+00,2.274965737842046920e+00,3.313799892424016846e+00,-1.525488974512827056e+00
2.067891035621419182e-01,1.246126619464833496e+00,1.722056650943565304e+00,-2.151024312970784003e+00,9.992588888550688608e-01,-2.362732272910064601e+00,1.607502882516773646e+00,-1.940957578669024519e+00,2.503097598545599212e+00,-7.885700304973495278e-01
-1.023846902726524677e+00,-1.375600009301932269e+00,1.645108870909764764e+00,-1.084304636817884582e+00,-6.872718965436215299e-01,-3.002106001622290687e+00,1.557012383428318936e+00,-1.482546133084513107e+00,-3.166775067062347127e+00,2.363515619065736928e-01
-1.336837208722257309e+00,-1.472553636366373819e+00,-1.724914719934042884e+00,1.627246305416544025e+00,-2.419675405821284819e+00,-3.392836838593780158e+00,1.654992269120119541e+00,1.907493074696899882e+00,-5.450214934730195360e+00,5.934378542530440725e-01
3.044839934134002113e-01,6.590761897501076216e-01,-2.013942176994679478e+00,1.679882910971569387e+00,2.442775636641636439e+00,3.014651666225461213e+00,-2.353367127881251353e+00,3.428655000638755723e+00,2.725877722613720522e+00,-5.912954799557694763e-01
-1.270150360967653658e+00,-1.488340644858576090e+00,1.999661435311492763e+00,-2.714219131185706679e+00,-5.940694022028978338e-01,-1.101839229360550121e+00,-9.885124137140439693e-01,-2.004477910053175993e+00,-8.117508945254980901e-03,5.120095579278451936e-01
2.959195798375282571e+00,2.068004977567673208e+00,2.720981594057738207e+00,-2.903671654782267186e+00,-2.520624049504132103e+00,-2.471181648427545952e+00,1.039963555066597989e+00,-2.074749511229897259e+00,5.219525363601701606e+00,-1.861506095319093612e+00
-1.440614713169558136e+00,-1.707518146049810781e+00,2.358103249482035757e+00,-5.344340016664963500e-01,2.823844433480033445e+00,3.223743984398382167e+00,-2.370356032359447696e+00,-1.016336517355355129e+00,3.837510046882375292e-03,1.213000919062204197e+00
-2.027487054939592692e+00,-2.202980344255363931e+00,-1.756683852303628335e+00,9.593192072862333220e-01,1.790755045866025519e+00,2.828987592197660383e+00,-2.323325496677160817e+00,2.192325839018335110e+00,-2.286400750551854877e+00,3.429410159578736739e+00
-7.285270021413591257e-01,-6.214533643654932549e-01,-1.912495801724752198e+00,7.473704158784544305e-01,-8.040352280823315212e-01,-1.091559377470161518e+00,-1.177483930033658810e+00,2.642361998070839046e+00,-1.975049457358501570e+00,-2.435827552895650783e-01
-1.203902299961173261e+00,-1.388611656130940064e+00,-1.750696691564460394e+00,2.912647965008246409e+00,-2.760381108067970324e+00,1.716362498481982080e+00,-2.175839140755084777e+00,2.433455682534922726e+00,-1.453458673174140792e+00,4.818649906298677621e-01
-1.606092240035579488e+00,-1.918044758416042717e+00,-1.860508619955729470e+00,2.538118248589688264e+00,-9.490837470868100922e-01,2.997177696566626359e-01,-1.902001253574927997e+00,2.486074546392562645e+00,-4.822507847033051576e+00,1.401220889300497596e+00
-1.880964378539724757e+00,-2.104213655449944209e+00,-1.992475783923991495e+00,2.380326205602617762e+00,2.846911932334039719e+00,-3.479165563857933297e+00,2.059289838707780262e+00,3.366486513432660921e+00,-6.601496156362537171e+00,2.460382101373984831e+00
-1.559418383631259175e+00,-1.829119706100819975e+00,-1.942677035675829833e+00,3.060364422313647026e+00,-2.405084214318631730e+00,-1.791968137580122189e+00,-8.069398218116946575e-02,2.874447565531248916e+00,-5.963437316539727640e+00,1.142233743500424836e+00
-1.231796390660493179e+00,-1.482454331989519369e+00,-1.766977827186726913e+00,1.772377283363226752e+00,-3.498670398050613084e+00,-4.559174271710699777e-01,-1.394293737192540794e+00,1.892337604920232286e+00,-4.672195360196271352e+00,3.874366854129567272e-01
1.477648269285873672e+00,2.074116799155344637e+00,-1.869789068867578896e+00,3.370247589852753300e+00,-2.512101490631307055e+00,-3.447288745127021325e+00,1.854584109689729310e+00,2.483375862047519700e+00,-2.052166770898996351e+00,-1.656733324765242266e+00
-1.959581512103036438e+00,-2.156347024507954124e+00,-1.736369069620824268e+00,1.140392793755372836e+00,-2.938498001504793233e+00,3.241321644796629542e+00,-2.375969726190855891e+00,2.050024266737132450e+00,-2.207581474854019454e+00,2.952416221234196669e+00
2.281217570122836769e+00,2.477612573721124090e+00,3.495670875807134870e+00,-2.186710626632042409e+00,-6.359851576051078759e-01,-7.889570502566138899e-01,-1.022633212511558698e+00,-1.949447135808811016e+00,3.318615792280337651e+00,-2.375999107268113697e+00
-1.846223244744427561e+00,-2.060925945566905337e+00,1.038599146812449359e+00,-4.298246437489332550e-01,2.276136142753726332e+00,1.874420370665381697e-01,-1.698695733874520108e+00,-8.429588949191629821e-01,-5.183764276935040272e+00,2.287375778491563594e+00
1.824515790789260627e+00,2.357373235743025930e+00,-1.969252594674386625e+00,3.495675396174110716e+00,1.698129669851530466e+00,-2.529007608725280409e+00,2.067309134378472635e+00,3.086913101975764739e+00,-1.554734626463547320e+00,-2.993840591432075371e+00
-7.332314391146900201e-01,-4.289235889847751171e-01,2.922517417123972727e+00,-1.341880481172593953e+00,2.127159224966979956e+00,-1.933933762960295288e+00,4.649456671315705947e-01,-1.626859442750241191e+00,3.439229970483799192e-01,-1.749990522395883374e-01
-1.313248533571585552e+00,-1.669018346338614789e+00,9.500674624408430580e-01,-3.404399324756228751e-01,5.871447221985457432e-01,-1.815742697150303453e+00,-1.732547756020538787e-01,-6.408231344617546510e-01,-5.048560660007092693e+00,7.640553512572632044e-01
-2.009883303237306684e+00,-2.192145583254520247e+00,2.005399992124880626e+00,-2.395193019291809389e+00,1.725826476293450540e-01,-2.512332456785407064e+00,1.451574366170348407e+00,-1.960231496938977358e+00,-2.665186756744519769e+00,3.289182485132967848e+00
-1.860203621183853295e+00,-2.091354281455901631e+00,2.224520050223416145e+00,-5.775800792116161375e-01,-5.932784117541620716e-01,-6.733237689220450406e-02,-1.795189606304976149e+00,-8.031112640441030459e-01,-5.298656029281165303e+00,2.459516159536557112e+00
-1.887201809438178612e+00,-2.129460874561481365e+00,-1.956046206207526117e+00,3.333061790207340280e+00,-2.917710008997183024e-01,-1.956061792384932829e+00,3.264055839587474139e-01,3.230547001101773397e+00,-6.521659709364424629e+00,2.607888947251556289e+00
-2.000334896040637744e+00,-2.184637404398313887e+00,-1.665000654742090136e+00,6.592893075300825245e-01,1.153692882938889497e+00,-2.430901127863809741e+00,9.855867987597657365e-01,1.836270306352273174e+00,-6.293860405709854611e+00,3.209309396831277361e+00
-1.285876190861242385e+00,-1.534555830755908179e+00,-1.746293845022532487e+00,1.569703043558248190e+00,8.595243045513623059e-03,2.784615200381062472e+00,-2.329593299319397737e+00,1.983721848133584764e+00,-9.125058963687143754e-01,5.184320784742979527e-01
-1.982727446962045725e+00,-2.177799096342055485e+00,2.239864444187680270e+00,-2.601803132946424402e+00,-2.226296441864590747e+00,-1.817422484503588009e-01,-1.623514727781380396e+00,-2.018962983148875789e+00,-1.901388009261100187e+00,3.107885040295018442e+00
-1.765567141638058724e+00,-2.025314061759753148e+00,-1.766939677457858071e+00,1.108938237078889166e+00,3.385303773471230571e+00,5.648015629172586927e-01,-1.951083284539418150e+00,1.912763967651068597e+00,-5.164384483427282291e+00,1.939935931749699805e+00
1.736036835495161634e+00,1.855166625351972076e+00,-1.819966043147100088e+00,7.064548677440702917e-01,1.284795791218986238e+00,-2.823460878850529099e+00,2.820621176974864142e+00,2.171769005852210555e+00,-1.257866732959975087e+00,-1.270535788283760681e+00
1.858706490291386126e+00,2.899097633834830212e+00,-1.921568279137814805e+00,1.503577805119509669e+00,-2.305054921131805656e+00,1.468523625545849143e+00,-2.157175730394693236e+00,2.919534809793118413e+00,2.897404614879948603e+00,-2.733461199460553104e+00
-1.997310717738589592e+00,-2.176838351360405710e+00,-2.031375850535257932e+00,3.027476349541498024e+00,2.572416014853860844e+00,1.944919924956360902e+00,-2.216677458881215923e+00,3.603432216806771393e+00,-2.530878888196947951e+00,3.172097925106896810e+00
-1.967750785059774188e+00,-2.159096527919110997e+00,-2.034461070964841856e+00,1.559810490018612938e+00,1.383127957991181489e-02,3.005620279137405149e+00,-2.351221341133793885e+00,3.638421546720291389e+00,-1.076968035430607484e+00,2.952013698637763639e+00
5.515756811832119855e-01,1.741758226985809621e+00,2.253508602790789794e+00,-1.706612161923824367e+00,6.004954246749214519e-01,-1.421805373605577572e+00,-5.820526546172180016e-01,-1.802226708852458170e+00,1.145688803328839933e+00,-8.706995073301255772e-01
8.837301727739277357e-01,2.884326180311205690e+00,-1.912959657312807149e+00,1.559857959010289008e+00,8.560500195247122690e-01,2.047169890545116999e+00,-2.241998855217686604e+00,2.905196925809336861e+00,2.193558567452018160e+00,-1.267607828696525107e+00
-1.717208674796790957e+00,-1.891867520039436590e+00,2.343970769245668606e+00,-1.846617066739373314e+00,-2.511863225242645825e+00,-3.336400153654609291e+00,1.732780986225165964e+00,-1.845110831603996804e+00,-4.064338400571795518e+00,1.656778512611734477e+00
-1.643603590391383928e+00,-1.963536523022638036e+00,2.516327136748865545e+00,-2.194274048055512960e+00,2.404556599022811270e+00,-2.196587176558805865e+00,1.732385555931744037e+00,-1.860853275890660630e+00,-2.926659609383837957e+00,1.575723973457296090e+00
-1.145107927905923750e+00,-1.505835931555612461e+00,-1.631499475148127543e+00,2.495617113837065304e-01,-2.486730252135482822e-01,-1.196585760996578429e+00,-8.989897578285082069e-01,1.809063070835976728e+00,-4.849331381678419817e+00,4.986973761704418528e-01
2.525217019509540695e+00,2.371470003747397914e+00,1.954269695038205246e+00,-3.319323377841433498e+00,-2.362301955139316956e+00,1.501415909240205515e+00,-2.156176969991263626e+00,-2.133962422066343567e+00,5.156319891371161646e+00,-3.199442901005491446e+00
2.747933363708429333e+00,2.819821499661610886e+00,-1.731434229856651186e+00,1.252354776329645425e+00,-1.339985061042328063e+00,2.768820229819075607e+00,-2.316720965284906342e+00,2.012231907153588573e+00,3.865588198489942062e+00,-2.433288968159588173e+00
-1.396066172491936319e+00,-1.531470789568901925e+00,2.144163437139949835e+00,-1.582666765399435294e+00,1.217843862078834327e+00,-2.092283537260716919e+00,5.522816081130915711e-01,-1.779130040508826616e+00,-3.908641914767631675e+00,7.069910498799067966e-01
2.574442920382589151e+00,2.068629979980848077e+00,1.839948461471995422e+00,-3.052031369648163128e+00,-3.115538099212553647e+00,3.108999721039353403e+00,-2.363488210833050385e+00,-2.083466953752787898e+00,5.531920759009690158e+00,-2.042421552975794530e+00
-1.993347381992979894e+00,-2.176595546041654838e+00,-1.750853155149743490e+00,6.217241038759571126e-01,-6.098262314940852136e-01,1.531168562214478612e+00,-2.143212090944784265e+00,2.081348331865798151e+00,-2.688355681702954136e+00,3.159781939861723288e+00
-1.513833180880978180e+00,-1.858186117432567785e+00,1.889992731820204108e+00,-2.175373949795624373e+00,3.350054251641186198e+00,-3.393506223849159120e+00,1.912523964343572525e+00,-1.928347327052759796e+00,-3.227904660075646692e+00,1.135955486054111674e+00
-1.593163478017944445e+00,-1.886213878385517795e+00,1.600298830916000004e+00,-6.250414392185557055e-01,-2.268932158244424180e+00,-2.496725855553038720e+00,1.040855368422020089e+00,-1.024733758157537533e+00,-5.650163195351313838e+00,1.322731222769278681e+00
-8.234411446373497423e-01,-3.221182374001546611e-01,-1.473100297827156124e+00,1.264199938510652821e-01,-8.782567671269445597e-01,-3.492306764332900659e+00,2.626859463383210080e+00,1.110192771805696088e+00,-3.012761717131902550e+00,-4.634090662937850880e-02
1.584607989426269015e+00,2.792631601284697229e+00,2.926883819068868853e+00,-2.883802422315209668e+00,-4.437293133246500432e-01,-7.218796083763323601e-01,-1.326545100455530646e+00,-2.061122980690951678e+00,3.488866285745141127e+00,-2.096169941204808929e+00
3.092469964931134907e-01,1.053661612918375567e+00,3.175673588965745253e+00,-2.452001170647556627e+00,3.212957057759039614e+00,-3.462838299570891731e+00,2.892025297592865307e+00,-1.986088687968635025e+00,2.058319189143920092e+00,-8.013635472394624593e-01
-1.064911823586761397e+00,-1.388417305201442575e+00,1.188282766709195970e+00,-7.214095510860594196e-01,2.410122174402683726e+00,6.396081325537776863e-01,-1.956699667010261878e+00,-8.046494477209866769e-01,-2.242262045232128465e+00,3.527058658062491858e-01
1.455078242679824996e+00,3.072736947778049732e+00,-1.968982883638372483e+00,1.771413012579822421e+00,-7.401883791137180424e-01,-1.930626384492777348e-01,-1.701249772960875539e+00,3.237444291564194998e+00,1.775053028108398490e+00,-1.866096604835893125e+00
2.270850515581600781e+00,2.197182656462573380e+00,-1.686513704629561961e+00,8.464898393134205890e-01,-1.986347266977993575e+00,-3.825123281774351902e-01,-1.498107370026946938e+00,1.603407304333344996e+00,-1.718188216000081869e+00,-2.287796183382334370e+00
2.483965779331445134e+00,2.795022649347266075e+00,-1.605415734755285539e+00,5.813351656281202651e-01,1.844505476437617197e+00,1.752477611867157670e+00,-2.210296939812666395e+00,1.545381448538062807e+00,2.493573673531179757e+00,-3.089223148007604891e+00
1.990011129245239374e+00,1.937792390446519519e+00,1.543752128288281789e+00,-1.485499628915429859e+00,-9.497246872416571506e-01,3.318473625972524488e+00,-2.377780270972633669e+00,-1.710962125529299493e+00,4.437662874662010815e+00,-1.958532923549955118e+00
-1.510707630315691885e+00,-1.809381694711996280e+00,2.079753687496951109e+00,-3.302381143223569460e-01,1.048704728646290718e+00,-2.084443379693188714e+00,1.173125010125853240e+00,-6.312845898473331552e-01,-5.536361685153087464e+00,1.012034489332136467e+00
1.826265125409300083e+00,3.286424294388536893e+00,2.453499153721765857e+00,-3.436286694403880126e+00,-2.314101256884164570e-01,3.060200713936482408e+00,-2.360050969187261760e+00,-2.151762135700861389e+00,9.423629903871409752e+00,-3.065410232146777325e+00
-4.576264893948827073e-01,-6.987809676740943665e-01,2.972001053473369403e+00,-2.066287182726352700e+00,-2.729402350812566880e+00,2.596080645783501950e+00,-2.315859713503415573e+00,-1.786944704356222768e+00,3.156883788385664413e+00,-1.410229497285806488e-01
-1.483624498201153941e+00,-1.778399460307570124e+00,2.354640221371601783e+00,-2.766638158044903317e+00,-2.109051531618644226e+00,-3.463001977180351965e+00,2.683007931230549481e+00,-2.049495187523890483e+00,-1.820635530294396176e+00,9.763415332917251277e-01
-1.501991518428589467e+00,-1.831733475903022823e+00,-1.294813466150154913e+00,1.190945860706338344e-01,-6.668462276655735543e-01,2.296844797338295052e+00,-2.280414501234098168e+00,9.624333530183147856e-01,-4.703176317420192376e-01,1.284644261159884948e+00
2.124795464903050046e+00,3.103245436438037075e+00,-1.671106617590023546e+00,9.191885950067639754e-01,1.126365130077932264e+00,1.534113263422921314e+00,-2.156423146085050480e+00,1.706356996466174669e+00,3.000080777941195542e+00,-3.007736419819502238e+00
-1.444520575227804082e+00,-1.827890347286710515e+00,1.930266705197776211e+00,-1.282415593492297390e+00,-2.661470911822605423e+00,5.616107928207609845e-01,-1.923556692979346394e+00,-1.556315639277674023e+00,-3.959430013998439524e+00,1.032064278302152971e+00
2.059516693800217180e+00,1.931498650187917887e+00,-1.918488032205537541e+00,3.350435479574500164e+00,-3.878420052623967607e-01,2.714002862643296154e+00,-2.327838705320024015e+00,2.720917056222140751e+00,3.080375879980028486e+00,-1.692974380777390486e+00
-1.071036359210143729e+00,-1.487162676445346721e+00,3.745751485448225448e+00,-2.543151631981447558e+00,2.071276389955080788e+00,-9.826708569574442720e-01,-1.086962575327786062e+00,-1.995989661655539926e+00,-1.146457379679445499e+00,5.072680008629530946e-01
1.369699745142897607e+00,2.860415868468716205e+00,-1.571328840200213683e+00,3.739688012365851577e-01,-1.859117025190434314e+00,-1.162754300668155771e+00,-1.052319167729783178e+00,1.506586341851796851e+00,-8.296684637978802845e-01,-2.066503300604064286e+00
-1.688968527249639751e+00,-1.986259973161727421e+00,-1.786266299101960220e+00,2.821827262961652316e+00,-1.633262508050800754e+00,-2.486054907387780233e-02,-1.811663327760223430e+00,2.192584542544462334e+00,-5.634846754461714902e+00,1.889445275977030825e+00
-1.675871581621830364e+00,-1.914415798188615403e+00,2.603194131739604344e+00,-1.923070656283134117e+00,1.539801639921154042e+00,-1.156213188617792209e+00,-9.728823101507444449e-01,-1.887319794493778069e+00,-3.228396802981682523e+00,1.562302869237355729e+00
-1.643276609635402563e+00,-1.888443428442693861e+00,3.422314676044533321e+00,-3.092410011621211208e+00,2.246527027986955360e-01,-3.682204675838889329e-01,-1.409204021941621754e+00,-2.094149255101568130e+00,-8.466491592331526483e-02,1.355170131661751043e+00
2.637333594409069448e+00,2.984371047939187616e+00,-1.021519503690505593e+00,-1.570292015865515367e-02,2.958926644166423259e+00,-2.970730931810330322e+00,2.135857494443454296e+00,4.425467498238900288e-01,-1.857674748819722721e+00,-2.653581150206048012e+00
-1.413908390769800238e+00,-1.841339364018197422e+00,-1.930112610021608610e+00,2.674352096186014549e+00,-2.932383220864211992e-01,5.261512710118383396e-01,-1.848019210006154767e+00,2.752672954760527535e+00,-4.988527095860296079e+00,1.102988070365284123e+00
1.269630463055272385e+00,2.376007908114233569e+00,-8.408365612016632795e-02,-1.206031348080189858e-01,3.041513888545679833e+00,1.462448740462133578e+00,-2.149868315422222675e+00,1.194090376481801163e-01,2.409635157075458167e+00,-1.694385571320415007e+00
-7.381826590749869244e-01,-3.338266467565984552e-01,-1.934074848977239691e+00,2.385464017287903360e+00,2.008213304284318212e+00,-2.925886142495978781e+00,2.878956689558714199e+00,2.860522532562067788e+00,-2.453379521463348034e+00,-2.178158843293660496e-01
-1.457098050878258944e+00,-1.795596288389520234e+00,-1.947063372557225946e+00,3.087465858508920746e+00,4.588595035347200479e-01,2.184406261416358852e+00,-2.267638770951801774e+00,3.154652431783650179e+00,-2.272143212339983176e+00,9.966522871034975140e-01
-2.037535636990679411e+00,-2.208605995559208335e+00,-1.435878277423909610e+00,8.615294086426272813e-02,-2.775058500186148969e+00,-2.738519222765828154e+00,1.572732048446208619e+00,1.245434900620596919e+00,-6.276399524705558619e+00,3.499149496496660738e+00
-1.138377779694714320e+00,-1.511655528948973259e+00,1.783210591232198494e+00,-1.315515594961591539e+00,-1.956714285947127818e+00,3.407026621301724845e+00,-2.387837847233470256e+00,-1.559711548285206639e+00,9.438983683147366133e-01,3.798827261689163848e-01
-1.894579896141945108e+00,-2.104457171168347962e+00,-8.326229416956848484e-02,-1.412987646966321620e-01,1.669678523762353706e+00,-1.836845184146738807e+00,4.132331340757292026e-01,-5.486998628598185879e-02,-6.042639354721839773e+00,2.649515009926361131e+00
-3.623063298238911045e-01,1.601288978927868922e-01,2.291733569050149910e+00,-5.762738122251875872e-01,9.230010826947374625e-01,-3.874787218391180232e-01,-1.607712793264777895e+00,-1.018155348260329607e+00,-8.318887254250847407e-01,-3.753404301335310222e-01
-2.601397455372028711e-01,-1.315002108645586532e-01,1.912710129561475014e+00,-1.613993046888416050e+00,2.388302220056740310e+00,-2.450523649198331100e+00,1.722826355985457303e+00,-1.783604264906829107e+00,-1.130334656744702571e-02,-3.466226358190889201e-01
-1.305687587291221030e+00,-1.649470599284268202e+00,-1.704743511939289968e+00,1.548275277573104347e+00,-1.776908623159313194e+00,-3.548060650906261770e-01,-1.583561266445774107e+00,2.100227188193734662e+00,-4.649282171826278898e+00,7.349871400883012384e-01
2.660394405668968787e+00,2.697159919395662353e+00,-2.069001529935867278e+00,2.362187425217015857e+00,1.337489302321393403e+00,5.543941479585905441e-01,-1.982720845862749437e+00,3.950130111928226828e+00,-5.436702940521941363e-01,-3.341888117503340805e+00
-1.911349642860614928e+00,-2.114150002740874612e+00,-1.241970180717903105e+00,-3.053048596458785013e-02,1.629833540077930465e+00,-2.582366011039746834e+00,1.728833583250073636e+00,7.123331040769643741e-01,-6.086767043396338117e+00,2.557898617132255303e+00
-4.392002318741150546e-01,-6.371654259896898376e-01,-1.624315888418020215e+00,1.084214037907749173e+00,-2.460094309998063000e+00,-3.315748022772053716e+00,1.696350933906469294e+00,1.580430499141025846e+00,-3.184737431783097428e+00,-2.250019479850302595e-01
-2.015981086944596434e+00,-2.197072959949229798e+00,2.585120740723033439e+00,-1.859248666955469975e+00,2.565651036561289899e+00,1.327388770432178511e-01,-1.664500790813634223e+00,-1.832419223529585972e+00,-3.326104357144541002e+00,3.367322382705289385e+00
2.232567329353659868e+00,2.608528704998929193e+00,-1.370207676381203665e+00,5.001315562088706201e-01,1.028869632554692437e+00,2.804315570428451920e+00,-2.322341938762836122e+00,1.203682570677167885e+00,2.191382984530890532e+00,-2.958893290001683773e+00
1.644398117977357687e+00,2.370661812822815850e+00,2.031553371608171510e+00,-1.559437093978755406e+00,-2.418029797280027982e+00,-1.709161387063415916e-01,-1.708021069176241635e+00,-1.759889703143218576e+00,2.813592975458457657e-01,-1.760369595406250376e+00
2.454023926792317845e+00,3.388047171605961694e+00,1.575078406785657137e+00,-1.063883617289305139e+00,2.520453607384872008e+00,-8.940601415916464845e-01,-1.236422096469900422e+00,-1.501444262776604699e+00,3.390565516292320947e-02,-3.446503686381946263e+00
1.512098186327307303e+00,3.155737235594535228e+00,-1.832224951042021655e+00,3.129977579722667436e+00,1.982354818694554766e+00,-3.159612100325428052e+00,2.951250296208351109e+00,2.508892577662663381e+00,-1.650066954892824400e+00,-2.207181469616710245e+00
-1.396304175541956072e+00,-1.612068757833453381e+00,-1.811073622077462142e+00,1.770249264488019669e+00,1.298980876382399785e+00,-2.970349373925431635e+00,2.136621583611807207e+00,2.410404356910341050e+00,-5.689107704688808553e+00,7.415437046482384886e-01
1.790715279218921374e+00,2.803227449157938533e+00,1.540372043065920016e+00,-6.682810897649353876e-01,1.069260618515802008e+00,-1.747401535251751348e-01,-1.680591543336818150e+00,-9.769112362000773597e-01,5.041652797294613464e-01,-2.653780449676469644e+00
-9.521446096719714536e-01,-1.498794820521037963e+00,1.527437023323366283e+00,-8.658892314603159335e-01,3.168962947534352814e-01,-9.839841457740754471e-01,-1.212980157674116599e+00,-1.310959614317698030e+00,-4.075694287367775281e+00,3.920357059928103460e-01
1.441213306158659613e+00,2.817422643695200790e+00,-1.995141170489516336e+00,3.224606733649605594e+00,-1.651000814543445161e+00,-2.853333654284632370e+00,1.501305897069920237e+00,3.267220150672005552e+00,-1.348988380407922794e-01,-1.511872885017445656e+00
5.507838195191101516e-01,1.548553942269602857e+00,1.598617040502678277e+00,-1.460921794508137861e+00,-2.451854083211558066e+00,3.356353461181351250e+00,-2.384986168295513576e+00,-1.652584059038113340e+00,4.428784145860990229e+00,-8.984461165645218905e-01
-1.768907692255107689e+00,-1.995548310275020443e+00,-1.877328659725155502e+00,2.609142100168066136e+00,1.326700353453669656e+00,2.127054450199362456e+00,-2.259330244936528231e+00,2.444859205879715169e+00,-2.508733898891802649e+00,1.901248703657249628e+00
-2.002209539056519549e+00,-2.187120065540248515e+00,-1.611894932788939139e+00,2.900268895841033867e-01,6.120635827220510805e-01,1.943653076427578341e-01,-1.859381038852467638e+00,1.555233796748140440e+00,-5.593299146349153261e+00,3.237694689089276601e+00
-1.439339223306084881e+00,-1.837646156860466951e+00,-1.814359888795781028e+00,2.061355958967213020e+00,-2.668059851333879351e-01,-2.292347624144781548e+00,1.104464778558177596e+00,2.273890282090011983e+00,-5.876237422984520897e+00,1.071995960522468927e+00
-1.957660028691455611e+00,-2.153771555748704269e+00,1.573816848673949220e+00,-1.134329655792298830e+00,7.038695703194512987e-01,9.386020753768180569e-01,-1.989309772093681872e+00,-1.382681317030336698e+00,-3.880285473400772567e+00,2.874427022409251187e+00
-1.704662455514333042e+00,-1.974935258387700676e+00,3.049907336421492587e+00,-9.298765415840204440e-01,-1.790851535887223678e+00,4.093622973178439040e-01,-1.873447260493547262e+00,-1.267959414591389278e+00,-4.668377470976408539e+00,1.702683532600590688e+00
7.267317036962827048e-01,1.521067062748700405e+00,-1.707424706956773175e+00,2.224393111122273226e+00,6.905517528474867106e-01,-8.258260595632598289e-01,-1.384203181288947038e+00,2.015632355449243018e+00,-1.269538950361865925e+00,-8.701576975170435269e-01
-1.897117371246308970e+00,-2.097817521340320290e+00,2.006666054300568991e+00,-1.383239733962979834e+00,-1.441407492292154036e+00,-7.695636382824986299e-01,-1.401502622477263094e+00,-1.525007976843310020e+00,-4.901494075823188190e+00,2.500345945709327111e+00
-1.809998300125165160e+00,-2.063694707088689739e+00,2.026144577730746743e+00,-2.462819770632275418e+00,-2.844916142860663744e+00,6.754468507519382214e-01,-1.990990476424232991e+00,-2.000582560362621720e+00,-1.297109240583784517e+00,2.148763687368326458e+00
-8.696203448697495952e-01,-9.549981194212192603e-01,3.172687978856897573e+00,-1.461955872955307267e+00,-3.440695859770282361e+00,-9.896875194134908682e-01,-1.186855834165395196e+00,-1.691890154882115693e+00,-1.372722739125312730e+00,-5.034027330574453174e-02
-1.307267486100548437e+00,-1.709462656270370084e+00,2.060400354256590738e+00,-3.344270145018898077e+00,6.245546582292744731e-01,-2.296050482260667991e+00,1.622007611878391486e+00,-2.140891988713851557e+00,2.965774990969569647e-01,7.175236986591357891e-01
-3.301061080265971781e-01,4.021835470561893056e-01,3.131885351011849394e+00,-2.481083727822763763e+00,-1.704795571125955256e+00,8.273507618967217425e-01,-1.967938277781080325e+00,-1.980633283743385986e+00,5.774308586985804403e+00,-5.387803247724609612e-01
-1.877766562786220339e+00,-2.093665057599551016e+00,2.194755355375843209e+00,-2.709895339894091038e+00,-4.884360059739267790e-01,2.542649865831274170e+00,-2.296998488638829272e+00,-2.026051414290416908e+00,1.091856894487349017e+00,2.424172862234286185e+00
1.405038576948316464e+00,1.978489277046935113e+00,1.982759974121303781e+00,-3.018133854947472106e+00,2.721331848334286541e+00,1.485912069106718469e+00,-2.146367374520859350e+00,-2.095202858619187314e+00,4.671629341341263064e+00,-1.771575766939153862e+00
-7.941080608961229581e-01,-6.847981985238058567e-01,-1.776106901183001519e+00,1.394156198999858987e+00,1.508232794122200460e+00,1.246926304257571338e+00,-2.009933788904832319e+00,2.489849602174797116e+00,-3.165916397954430250e-01,-7.612924176679980448e-02
-2.838833089507205587e-01,2.378226169428426795e-02,-1.333011785880894751e+00,2.511721106431288320e-01,1.860188624860440676e+00,-7.986697526186001816e-01,-1.439446818911747528e+00,9.104418749890617057e-01,-1.693923127728382383e+00,-4.350776336877535400e-01
2.821199218750821025e+00,2.725305596051473600e+00,-1.634586965917339985e+00,9.294407332449337034e-01,2.125146909695462050e+00,-1.528485685287373386e+00,-7.208712086053470358e-01,1.771815690257131592e+00,-1.796232624257022348e+00,-3.284681292546148157e+00
2.471255823148371888e+00,2.558770169280640161e+00,-2.040474841379233961e+00,3.046288209236573508e+00,-2.498286941056393484e+00,-6.872751014958566884e-02,-1.438560607791788959e+00,3.742171488712109806e+00,-9.676347790873400800e-01,-3.396235855846303942e+00
-4.043403923156700941e-01,-4.253269866727842352e-01,-1.903047092869715184e+00,1.790872822868594838e+00,2.063026475539952997e+00,-5.354900587030422265e-01,-1.509882835585336869e+00,2.648832963526233542e+00,-2.335049001537581326e+00,-3.432416533917090895e-01
6.198523451721584809e-01,1.777043283653455763e+00,1.680343122889650376e+00,-1.680668798771986161e+00,6.331587680780428329e-01,3.224243899488090648e-01,-1.854957477410958511e+00,-1.720441452831773521e+00,7.513411838232703088e-01,-1.081331419879923317e+00
-1.860376444950069263e+00,-2.107922956260530611e+00,1.903954345107249368e+00,-2.506818825615504842e+00,7.338874765071432549e-01,5.647310144830797185e-02,-1.794586349350980381e+00,-2.018573861184304707e+00,-1.461623275329993588e+00,2.426592473693146346e+00
-1.999742205265277351e+00,-2.186928733504367894e+00,-1.034746246406813563e+00,-2.804950066532230224e-02,1.518769039733803616e+00,-1.207040422712358119e+00,-4.981367753993792835e-01,5.139321797961595717e-01,-5.937999114065545037e+00,3.273586805887473972e+00
-1.947680533663886271e+00,-2.162317287771841290e+00,1.833357442932598724e+00,-3.058334998021687845e+00,3.164863895236740277e+00,8.873761973117240132e-01,-2.064404915519927108e+00,-2.104957672649584222e+00,2.901995212243539957e-01,2.984274257400744368e+00
-4.351453428735447826e-01,-1.290446209779292364e-01,-1.836792516249792895e+00,2.910616961588096352e+00,1.089233826018446649e+00,8.669741674891717764e-01,-2.011651040059253326e+00,2.281769362583860428e+00,-6.569767352646112002e-01,-3.394052991769700434e-01
1.604773064753364009e+00,2.490591755234015992e+00,-1.790500641362134271e+00,1.038994181573738018e+00,1.395908275470271853e+00,-1.235545422057618303e+00,-1.086151038699069593e+00,2.186590929966666152e+00,-1.557820102273992591e+00,-2.569337093946796990e+00
7.285464770753604657e-01,1.555482037581406463e+00,3.301080466109634681e+00,-2.981485772165997084e+00,-2.295566126897922388e+00,-4.858121630592129314e-01,-1.499193366525395810e+00,-2.080672230897502306e+00,4.781754199945605244e+00,-9.455649826015566362e-01
-1.988405490141374132e+00,-2.165773492539870837e+00,2.001261930327320471e+00,-1.840300748617517135e+00,-4.992830118499678171e-01,-9.275523509964678226e-01,-1.265469715682852270e+00,-1.841806336311986758e+00,-4.236627636838425914e+00,3.093880957732030978e+00
-1.488281119478223502e+00,-1.823280790938536677e+00,-1.948915626638942689e+00,3.105904849570404025e+00,-2.415889077047106426e+00,-1.566530152452161317e-01,-1.748188080921384113e+00,2.884240287935891267e+00,-5.474741842718189311e+00,1.022518116798076804e+00
-9.192997242684957104e-01,-1.117793920368997052e+00,-1.667486767247873036e+00,8.844638903250157114e-01,1.415222562772299852e+00,-2.127712455056740115e+00,1.011947093351390548e+00,1.589702812417955746e+00,-3.633653431904356523e+00,5.079331380501539428e-02
1.607458522318612415e+00,1.980016429304991998e+00,2.041331539555785834e+00,-3.126478175625452494e+00,-2.326714145434477299e+00,-2.158152795105140687e+00,6.578107418541128126e-01,-2.111293737887528721e+00,6.043075430937429715e+00,-2.500542135895087448e+00
-1.696207181992065216e+00,-1.980343593948707293e+00,-2.103167601369221096e+00,2.867888884504431246e+00,-1.943010422249953351e+00,6.665090246829423748e-01,-1.954485421591509509e+00,4.395303901699588067e+00,-5.121129324590570242e+00,1.716934275953560629e+00
-1.224804160274189702e+00,-1.295558001752403099e+00,2.323452121998668574e+00,-1.266314043571226566e+00,-1.205911246530860126e+00,-1.529347861246786344e+00,-7.611927528790296549e-01,-1.579284204128134972e+00,-3.649593091251365884e+00,4.092323626708349593e-01
-1.450467171558441182e+00,-1.774517365651704592e+00,-1.558368207631882330e+00,2.610196111979838918e-01,-2.134407530171813061e+00,3.203648722053964448e-02,-1.648263150716287484e+00,1.440920769290398473e+00,-5.030599082986014992e+00,1.043008428272915289e+00
-1.082080548720874891e+00,-1.621660956226802286e+00,-1.960756546309580184e+00,3.106259952165820515e+00,-9.637652290647968911e-01,-1.428145859947873575e+00,-7.712762237664367859e-01,3.237913489465322758e+00,-5.506913020566905459e+00,6.112559365856666815e-01
2.278164082240302868e+00,2.367115239091119872e+00,1.904128256095459548e+00,-2.561458505952844522e+00,-2.207748301145643133e+00,-8.806303318541268688e-01,-9.691986614308801817e-01,-2.002461475423140236e+00,2.877617521786608012e+00,-2.199221955172078413e+00
5.557509915984687465e-02,7.530379979433085014e-01,1.626249322762389315e+00,-1.794530276426634874e+00,1.923469953010473965e+00,-4.754834302376309552e-02,-1.790270694579151778e+00,-1.767637624171954913e+00,2.578640205903686144e+00,-6.254097123578428175e-01
2.038975625955190107e+00,2.430268867064658167e+00,2.693973905422338166e+00,-3.355396393282772838e+00,-9.619604576345199831e-01,3.216739391513643298e-01,-1.807886684696214052e+00,-2.141148557395536667e+00,2.572070731276242306e+00,-1.697858251369284144e+00
-1.996460288345495382e+00,-2.184246154734938106e+00,-8.624352616156868434e-01,-5.106233381540814520e-03,-2.040370520892398787e+00,-1.389066576090864036e+00,-8.303898936732457825e-01,3.040049732175306163e-01,-5.930029188131863194e+00,3.191860097164471277e+00
-2.036318475108008119e+00,-2.207395190472622115e+00,1.957199823256101201e+00,-3.316229514776883658e+00,1.398387827187992372e+00,1.546656687730661339e+00,-2.179982636881616642e+00,-2.137727218467051493e+00,4.274644533710668659e-01,3.488391892183322796e+00
-1.759272424365923015e+00,-1.994128897533540279e+00,-1.890632221787211353e+00,2.266058867495599038e+00,-2.306480394229778685e+00,-3.085949090397023920e+00,1.905938934500901905e+00,2.713826525735583139e+00,-6.396580401887881351e+00,1.863069232015444499e+00
2.041457410955690221e+00,2.276432802352636564e+00,1.635241652129562295e+00,-9.051898598674323893e-01,-1.097803009472465341e+00,3.386386564755119011e+00,-2.385381144945311505e+00,-1.111336445132194761e+00,2.901822441630288907e+00,-2.355470323425495227e+00
1.914717535268568582e-01,1.819100279321806735e+00,1.610055144019415740e+00,-2.507745635462963030e+00,1.828420925784526752e+00,-3.276034045509582882e+00,3.167246310531119491e+00,-2.011278432560140050e+00,5.298853809900458955e+00,-7.968742387430465257e-01
-1.145262533416265160e+00,-1.424638123626774888e+00,-1.804720785948129347e+00,1.496578342274394124e+00,-3.057247294125605475e+00,-1.744933568665768320e+00,-3.095618301222136104e-01,2.176190635856002142e+00,-4.248707920586314302e+00,2.872415102512499985e-01
5.612100264714120490e-01,1.211139441246836368e+00,-1.437186348879638809e+00,3.839736961053579201e-01,-3.203069861546279817e+00,-3.264918092498546809e+00,2.092436663208111280e+00,1.065000391633789345e+00,-1.565555466231031367e+00,-8.314838062540728103e-01
1.436052267825385975e+00,1.793915164942172513e+00,1.979045364747447744e+00,-1.587805496996157917e+00,2.261115619788076181e+00,1.235371658115301585e+00,-2.047847930336577527e+00,-1.743735414843191389e+00,2.004361179561934936e+00,-1.763294555384532725e+00
-1.537128526248742189e+00,-1.806785903277296157e+00,-1.719025595632240888e+00,1.136666415369091077e+00,2.341709812520347711e+00,2.510302727509198917e+00,-2.310023633955317290e+00,1.908771550261271654e+00,-1.163215771929869247e+00,1.158578797100551228e+00
-1.875961760265858702e+00,-2.100526321225459458e+00,7.162378650479059861e-01,-3.777720232710306547e-01,3.883154942748183736e-01,-1.420727749979505905e+00,-8.678304862310156631e-01,-3.352499341022223689e-01,-5.569695263740902291e+00,2.513158810146306266e+00
-1.990427218995835856e+00,-2.185107933495684662e+00,1.683351087467558571e+00,-2.001635297230086152e+00,-1.555462300018530808e+00,-7.235156912297822096e-01,-1.375588137639109698e+00,-1.906133357113458215e+00,-3.687865785929030693e+00,3.184366224900943010e+00
2.327204529810482647e+00,2.283700196426119433e+00,2.709016437323562787e+00,-1.664910086539295619e+00,4.127031931463118752e-01,-3.163028051507352778e+00,1.705681086675817193e+00,-1.698560052174328705e+00,-4.345770452086942792e-01,-2.432442430745004991e+00
