-2.831754170256565839e+00,-4.068677504914533394e+00,-1.528460906595795477e+00,-2.093615626652566952e+00,2.805118122844270090e+00,-3.260698201295231247e-01,-1.025942391839275158e+00,-3.289573586973494557e+00,2.505414785731240990e+00,5.712375636811886537e+00
2.870290353407304096e+00,4.958253853600622207e+00,-2.095144673614826036e+00,1.647787564219932444e-02,-1.957351132146407879e+00,4.438010305267641620e+00,1.677733779926689817e+00,1.607466711708738671e+00,-1.897756593113794299e+00,-4.567969308441940157e+00
1.210162561422840177e+00,1.262044918894404955e+00,-2.260329302610200042e+00,-1.050995260753899041e+00,-1.844585279893688590e+00,3.957253000376448782e+00,1.628094794643098808e+00,5.578914409913204864e-01,-1.553750813233604644e+00,-3.307891644912477336e+00
2.285171369899874350e+00,5.705599579615224570e+00,-3.431409810112667103e+00,2.093052932590137694e+00,-2.021446298807156872e+00,4.138602813124902191e+00,2.884097384243087703e+00,3.150518296288773890e+00,-2.119308496577072098e+00,-4.781626955070638729e+00
-1.826124377968282531e+00,1.690408423743123612e+00,-2.807761267706084585e+00,1.732518710058457589e+00,-2.032021450975199706e+00,4.668710667369078138e-01,1.793876728435357837e+00,3.492692504241690088e+00,-2.156255251222052749e+00,7.242894818096823339e-01
2.514639555060860232e+00,4.671074104712538144e+00,-3.376976200900204006e+00,-6.517112752000622233e-01,-1.878334129262654306e+00,4.103455307076857572e+00,3.058209311269681763e+00,1.115918437738416813e+00,-1.673122208618826434e+00,-4.166151770880274441e+00
-2.084707919112791963e+00,1.356535198964030409e+00,2.033929162484576558e+00,-1.491995007019010444e+00,-1.584588482422160327e+00,-3.394911688501988767e+00,-2.252911349415033015e+00,8.511267848585246654e-02,-1.152234121065283778e+00,3.099744543862663182e+00
1.586039242326288345e+00,3.057832023072867944e+00,1.415787346623614162e+00,-1.428890882061429224e+00,-1.752217547814115095e+00,9.928916206644380349e-01,-2.188969131241489841e+00,2.572120493440746003e-01,-1.355073795512743429e+00,-3.240165326133884971e+00
-9.499751717470665824e-01,1.099460683610898437e+00,-3.206130793881825980e+00,-1.021384471926812143e+00,-1.833812679362104126e+00,7.600435555344093874e-01,2.073658803382531612e+00,7.907379226869286626e-01,-1.499097480047252517e+00,-1.608340689153056891e-01
7.168999785993603879e-01,2.093697426464021127e+00,1.610850451389419291e+00,1.290696555197732298e+00,-2.003848542030977065e+00,3.906838626142692950e-01,-2.221739211474012876e+00,2.664558156060315319e+00,-2.048441410128080786e+00,-4.143452032848923494e+00
7.325183551679481653e-01,1.511107505874197177e+00,-2.282015646685414900e+00,2.230382863900266965e+00,-2.024853478265398188e+00,3.494625421206480453e+00,1.365282291194622744e+00,3.301197819900393071e+00,-2.136343248956686924e+00,-4.300336120628659664e+00
2.790789101463708732e-01,-3.816083865169450196e+00,-2.521345748199152137e+00,-2.021543164810716942e+00,3.185040383808289910e+00,2.261346650229381083e+00,2.520551951564135251e+00,-2.495012391817487796e+00,2.797567484199092291e+00,2.043114871818604072e+00
1.117900925261835710e+00,-2.548552771760284941e+00,3.034813839295938287e+00,-1.962902116237894123e+00,2.674967800175331423e+00,2.026619870279128266e-02,-2.322975411859559358e+00,-1.979179037579404721e+00,2.211367869715289203e+00,7.266112890085608678e-01
-2.245613310856393596e-01,2.737614881450264104e+00,2.242187273748208476e+00,1.506316854887278289e+00,-1.965706362695494702e+00,-1.248733617453708700e+00,-2.280869069745270483e+00,1.734333204654296523e+00,-1.928880505378989252e+00,-2.875439908099116426e+00
7.414604678155756190e-01,1.328273503713815362e+00,-2.640045694428869272e+00,-8.074878740413927725e-01,-1.864089204537610289e+00,3.078402273591134719e+00,2.213657051986151814e+00,9.129818054868303889e-01,-1.634025669604935782e+00,-3.710184874778688080e+00
5.705310073480243105e-01,-2.849228362062547149e+00,-1.540578820423033068e+00,-1.951314446586860596e+00,1.579523146530704469e+00,3.007467048064763837e+00,-9.537072565944109126e-01,-2.092986331129029764e+00,2.056632937870793931e+00,3.690796957892045760e-01
7.895201457222986718e-01,-3.730941469284928313e+00,1.621522629037425389e+00,-2.094470369655429653e+00,2.955951617279744426e+00,2.685381785230085416e-01,-2.211733562567827605e+00,-3.355960191901972589e+00,3.175059394207840668e+00,2.031451624211046969e+00
-9.489324518989041835e-01,-3.942030718608314110e+00,7.438464799425448248e-01,-2.062293473122418952e+00,3.148523192962123574e+00,-1.934155382697366976e+00,-2.076801615668533607e+00,-2.956028881844323664e+00,2.622591986016696186e+00,3.612111044662956960e+00
9.702837261526653378e-03,1.834618419311458748e+00,-8.173091791015316687e-01,-6.052433671424036765e-01,-1.882045734540434889e+00,8.332140987554945699e-01,-1.697569930463233234e+00,8.675734107713459764e-01,-1.642887016037626324e+00,-2.580676890877882990e+00
-1.080311533198508034e+00,1.210263043140819228e+00,2.450101051149946585e-01,2.318304506915065399e-01,-1.963256069905176870e+00,-2.062959872088730329e+00,-2.024516082333392308e+00,1.775145292405556852e+00,-1.925669899103799043e+00,-9.904037177395658142e-02
-1.434419668212838062e+00,-3.326170613816242572e+00,1.557433435211791561e+00,-2.019181188876322253e+00,1.849545179167497944e+00,-2.643721683548571288e+00,-2.229217323038170662e+00,-2.546170897313217996e+00,2.189034771658900702e+00,4.895960438356094180e+00
-2.762903491837765735e+00,4.161067043922320186e-01,-1.294449752612837568e+00,-1.125799995975634182e+00,-1.782250550654023824e+00,-9.276307620253808617e-01,-1.271985629035157439e+00,3.603251571899623862e-01,-1.430953659937989730e+00,2.248377247447673533e+00
3.005677072959008989e+00,6.505479709998791549e+00,-2.277856577518041270e+00,-1.683958621708775416e+00,-9.779738588131039467e-01,3.603961999389934778e+00,1.559158035995536151e+00,-6.180386287271670831e-01,-3.236643090284567759e-01,3.756517145889337606e-02
2.333370797524057849e+00,6.290578722441548365e+00,-1.000159027241679599e+00,-1.662190573483598222e+00,-7.473614317270136365e-01,4.955265943963846453e+00,-1.449006859982848727e+00,-6.881558685053050795e-01,1.203862591584245467e-01,-3.223715155188657810e-01
-2.295372990841911154e+00,2.089643369565106212e+00,-2.627066121499471052e+00,1.210501477910353341e+00,-1.986650072836533942e+00,-7.031862638603009197e-02,1.672948247044925729e+00,2.250132284431870744e+00,-1.989173636979346238e+00,4.323221078451021104e-01
-3.207682293966737319e+00,4.264981044295531043e-01,-3.097348414538397599e+00,-4.642133142563572012e-01,-1.932481199174472364e+00,-2.020749829156469057e-01,2.139450045689345714e+00,1.333824177479261408e+00,-1.820914830023623532e+00,1.244502897320718393e+00
3.122553816048769804e+00,6.079410155460895027e+00,-1.665225718861051973e-02,2.853812077486368892e+00,-2.015053642599762274e+00,1.714963952947270664e+00,-1.948985594333054516e+00,2.851942392108158586e+00,-2.095082737626925429e+00,-4.862860281001833762e+00
1.856793579142847150e+00,3.893471307267702741e+00,1.643101910988483461e+00,2.207788961545011031e+00,-2.023936123207472626e+00,6.893385359878321239e-01,-2.188491378524300313e+00,3.201259202821446159e+00,-2.129863646469746907e+00,-4.754260900359256858e+00
2.483027973293382651e+00,2.761032370052592722e+00,-2.768627077406454084e+00,-1.891614340943307049e+00,2.083134267948596019e+00,4.444847103545710887e+00,2.169911128146472024e+00,-1.447504786543704292e+00,1.451221975693512523e+00,-3.670210504886126657e-01
5.809218381682068610e-01,-2.670086919226914990e-01,1.021715050542556291e+00,-1.863595477082735430e+00,1.906819673866397169e+00,1.269878210099702476e-01,-2.154785610731410284e+00,-1.329288385278901696e+00,1.344121621977379499e+00,-8.169594931828741413e-02
2.993878575078943172e+00,6.605518594608081884e+00,3.148918049232799277e+00,-1.727748521429372186e+00,6.376743446924791892e-01,1.607432926700504527e+00,-2.328971597682308659e+00,-9.580354685844558738e-01,8.052245076722823747e-01,-8.212822727767239428e-01
3.888413379140538417e-01,-7.818017438991622381e-01,7.152496491789666067e-01,-1.807702171361024401e+00,1.686928293609731400e+00,2.351701488590971501e-01,-2.135379427065516644e+00,-1.217295346402984979e+00,1.644765905178934728e+00,8.744796075331329188e-01
1.291238093905518802e+00,1.221476812691229874e+00,1.940470066059667431e-01,3.362378164969219707e-01,-1.944523462707131500e+00,2.437837949924225978e+00,-2.030106674062867267e+00,1.724551893200586328e+00,-1.905901686177953636e+00,-4.214963011194820197e+00
-2.182350428716027135e+00,9.924432207118849547e-01,-1.924088559474933513e+00,-1.297082901267354038e-01,-1.946828951509592009e+00,-6.693798116160835088e-01,2.536678209162402942e-01,1.611261673940572514e+00,-1.879161508684843440e+00,3.645182189228015068e-01
-2.898989215993454494e+00,1.472194644968300326e+00,5.513959854969687768e-01,-1.329482788961666939e+00,-1.673017405159110682e+00,-3.160385158184660259e+00,-2.069641755350555723e+00,3.900946354254042348e-02,-1.238924133267623739e+00,2.746644286678133984e+00
3.571517565847126541e-01,7.493430465119299555e-01,-2.176844422751574637e+00,-1.324768607388456365e+00,-1.810219759609093204e+00,3.169633401652882210e+00,1.289608829274185187e+00,4.260986973468541272e-01,-1.513806589706382155e+00,-2.210428291962485581e+00
-1.506205777703736981e+00,-1.120704010068388268e+00,1.836549681610977203e+00,-1.972291909077631633e+00,1.929053777037744943e+00,-2.985464682189026941e+00,-2.226076671176734578e+00,-2.243623950359167729e+00,1.632802323643586018e+00,4.189144243731607986e+00
2.693123950357426466e+00,6.727973787165682396e+00,1.804930305976140126e-01,-1.735128404732098506e+00,-7.583419624990577201e-01,2.463786958564905483e+00,-2.010281703062319014e+00,-6.151344324182388412e-01,-1.984630080051059120e-01,-7.127074179268187981e-01
1.110506557410362305e+00,5.782190123304825624e-01,-1.608251968343941130e-01,-1.720924680476220159e+00,-3.492259039848641944e-01,1.972503319379476316e+00,-1.947983208859772164e+00,-8.164745554114132275e-01,3.749440514408359792e-01,-8.066316901232492009e-01
-1.692690820787172701e+00,1.002198458262979486e+00,-2.949038326929128484e+00,-4.364679366540450411e-01,-1.941828534116045946e+00,7.524461090525920159e-01,2.350270814344161074e+00,1.320030059719102589e+00,-1.840420159899777586e+00,1.257469876898298367e+00
-1.385449840791566967e+00,1.800851867196306522e+00,-1.374288660236004933e+00,1.852750310326905403e+00,-2.006533713418812592e+00,4.232310306173632242e-01,-9.566665430435954409e-01,2.800226338016819305e+00,-2.073606975939001007e+00,1.269094996425904398e+00
8.740683883025690548e-02,-3.738649402494601759e+00,8.696650426361030028e-01,-2.027538679170235003e+00,2.961315707569990074e+00,-2.435944654039561563e-01,-2.136698602950486414e+00,-2.509177780631734578e+00,2.609667587736680616e+00,1.680494770544358474e+00
-1.145974864610788124e+00,1.251026516596356331e-01,-6.003837383057648580e-01,-1.859600421755491784e+00,1.064916906739886038e+00,-1.113840991375864231e+00,-1.662673493998521268e+00,-1.513143236536024450e+00,1.237715676163679168e+00,4.045359711415992265e+00
1.841574632392868338e+00,3.108304212860821369e+00,-7.825280379994725699e-01,-1.414267459546606487e+00,-1.643743149512745250e+00,3.617193595995202404e+00,-1.584575604654103964e+00,2.668492481823006024e-01,-1.102553362967653383e+00,-2.980982875421264389e+00
8.053384282464559618e-01,1.132328167316629219e+00,2.345447466005977866e+00,8.870200107999954842e-01,-1.986962830914094980e+00,1.652766420809932968e-01,-2.282979541105058185e+00,2.020201295096826222e+00,-1.981867121377329788e+00,-4.009130744073411634e+00
-5.145073726219968613e-01,8.827248107591589843e-01,8.716956886298419249e-01,1.892036024061648058e+00,-2.011648761120395701e+00,-1.352296066000848507e+00,-2.107022854186627825e+00,2.729144467823614306e+00,-2.078345428147282625e+00,-1.668107529406919642e+00
-2.155049174715359506e+00,2.520119088276512320e-01,4.578064147570475306e-01,1.043917712824832700e+00,-1.936689284822514345e+00,-2.637831910539674585e+00,-2.028902244941985789e+00,1.784743104374584277e+00,-1.827740459643090842e+00,1.208245896403788322e+00
-3.350124535320566643e+00,-2.811110751179638267e+00,3.366995103604607742e+00,-1.987080991785127537e+00,2.176177059603918718e+00,-3.969350022522571741e+00,-2.340832690406875916e+00,-2.411623908548507611e+00,1.877956279663408612e+00,6.639092796337554780e+00
2.735634295905122748e+00,2.760965881128420119e+00,-2.055126251140039884e+00,-1.797123854783570174e+00,2.501181771935942155e+00,3.236837627921070659e+00,1.289069163965823162e+00,-1.240972268555769809e+00,1.468051846639790270e+00,-2.721565786582292867e-01
9.954283455777206413e-01,-3.012828021624631633e-02,-2.322671048218324596e+00,-1.770079862250435898e+00,1.100794551521498299e+00,3.469215323132984086e+00,2.253417333547792722e+00,-1.153425247802581932e+00,1.107024708137017477e+00,7.141565252392301222e-02
1.037168684053257905e-01,1.068163449124167386e+00,9.559594593280502650e-01,-4.187741993419888398e-01,-1.898027409671056986e+00,3.799320761626445719e-01,-2.164556837450750670e+00,1.419816270184994345e+00,-1.807536297500242695e+00,-3.555877115347269246e+00
-1.869261687417026252e+00,-3.375866612599239591e+00,-8.692505502676031170e-01,-2.090187090955355931e+00,2.338027214967006273e+00,-1.020744844243466787e+00,-1.513668120029862507e+00,-3.255563764478065281e+00,2.174817516249710980e+00,6.360718051663248218e+00
3.276076303902808462e-02,7.139219901076486741e-01,3.461358471253885405e+00,-1.385393304650611057e+00,-1.778948229156150029e+00,-9.733101268601733747e-01,-2.344371808172708516e+00,2.008750637019400820e-01,-1.332459036722047685e+00,-1.944226266805394676e+00
1.052740943281834873e+00,-2.808470328278418915e+00,-9.644759220863328153e-01,-2.074620909309822014e+00,2.820818744535543487e+00,2.057227624617071537e+00,-1.485392084357194831e+00,-3.041462108802292175e+00,2.464139250429298045e+00,2.013881447718653295e+00
-6.117959636561138836e-01,1.603712211174213920e+00,8.045941975147190561e-01,9.516934836748992543e-01,-1.975296425609089690e+00,-1.659863050680582930e+00,-2.116066651852509306e+00,2.140841624381867980e+00,-1.959401891909843707e+00,-1.623587761770155291e+00
-2.293748320028048848e+00,7.556752683312808472e-01,-1.128378413120008972e+00,1.077770875359127745e+00,-1.976566184839626983e+00,-1.021819711590514768e+00,-1.105850092632931103e+00,2.161905764347855197e+00,-1.973989186697575171e+00,2.004544253763363315e+00
-6.150112637966405060e-01,4.026192548682511196e-01,-2.759395167585112940e+00,1.437986338719682289e+00,-2.014741239354694624e+00,2.131304681107347498e+00,2.563775191780382379e+00,2.960172907765453054e+00,-2.095319158249723035e+00,-1.816249021186753687e+00
-5.205634527722837746e-01,-3.611009866858291062e+00,2.179620100279665351e+00,-2.060780685017547853e+00,2.114619176301999914e+00,-1.889408514374058878e+00,-2.264981485257192784e+00,-2.960248359565156751e+00,2.384619544361354482e+00,3.472680821070238899e+00
-1.684386984573963630e+00,-2.129306767571939041e+00,-1.197521496040170774e+00,-1.957495398072975679e+00,2.129703524519223734e+00,-1.113027457605531456e+00,-1.430052461121756435e+00,-2.031541564378731124e+00,1.729903596170739632e+00,4.963858099041055461e+00
-2.892986998759630168e-01,9.904674069610802656e-01,-1.578166318859527628e+00,3.627878935566669405e+00,-2.014045758753767679e+00,1.903678923382953636e+00,-5.168532953625424309e-01,2.870331009249447618e+00,-2.084478951930285540e+00,-3.267736288382481646e+00
-2.266447272154752390e+00,9.442389743638990307e-01,-1.574642655246242473e+00,-1.190651493446497566e+00,-1.764389823882891672e+00,-1.126767705769119887e+00,-5.607539419009867077e-01,4.070932194280167948e-01,-1.336133015061366391e+00,2.339981863029291453e+00
2.816904992712507827e-01,7.802648410327539530e-01,-1.066357808062443624e-01,5.685512433883167516e-01,-1.958006529986718869e+00,7.052779531567067162e-01,-1.953760323395965282e+00,1.742529443803475075e+00,-1.894897326478588440e+00,-3.652365532179295826e+00
-1.088951749376823486e+00,-2.166729277183781832e+00,-8.674012004936297870e-01,-2.013411051460796575e+00,2.429503984972350317e+00,-8.185868187360841874e-01,-1.550622907995776734e+00,-2.450900685920505140e+00,1.790526249799532010e+00,6.674693613520702229e+00
3.986006190565509755e-01,1.399572720465668274e+00,1.264494513131545261e+00,-1.567709771520894302e+00,-1.646237943247243818e+00,2.856078120837752810e-01,-2.205015757256805653e+00,-9.920802063240774515e-02,-1.077812108858679840e+00,-1.137138303994789545e+00
-2.318561260425120896e+00,5.407894194877831406e-01,1.610017307442253021e-01,2.096033669117368881e+00,-2.028655419706005603e+00,-2.658250739793825534e+00,-1.922077181720394989e+00,3.380046749042694643e+00,-2.145378073520238349e+00,1.516818971226831847e+00
-1.646556777766415625e+00,1.720471224985648862e+00,-1.222517196248910754e+00,1.579225467165659591e+00,-1.978707608821965946e+00,-1.011199701445288035e+00,-1.158914037947165188e+00,2.055697621451848534e+00,-1.980965231802699122e+00,1.661200659673240931e+00
-1.345195688589322813e+00,4.315318713457065858e-01,8.600861979506984056e-01,-8.274646339455101751e-01,-1.891527027205171851e+00,-2.434661179464324032e+00,-2.096721458531588755e+00,1.036889801153113133e+00,-1.655479125400121099e+00,7.127580212028195028e-01
2.253794983332825019e+00,4.028036241599604494e+00,-2.442559951702067078e+00,-1.412492590674255366e+00,-1.668282355524528970e+00,3.598620383550374502e+00,1.756509113794811672e+00,1.973683041475444710e-01,-1.306457296360826748e+00,-3.143534036252850772e+00
-7.224891572411245022e-01,1.428326101932538394e+00,1.224311241952822371e-01,-1.485358711355226902e-01,-1.939465223437344399e+00,-1.561717090380894124e+00,-2.026553073126440729e+00,1.442180156258294765e+00,-1.815494453932428032e+00,-5.964724909509815376e-01
-4.399249661821960089e-01,1.138326664684401690e+00,-5.924868467473718425e-01,-1.542668565371014600e+00,-1.484404215694288931e+00,-5.023708457095305002e-01,-1.822088347090618177e+00,-1.047287336932551938e-01,-7.756981591941776166e-01,-5.604019526203224411e-01
-3.013680023808870789e+00,-4.152126659794631358e+00,2.979222895959823703e+00,-2.088778584603402599e+00,1.789009231190128890e+00,-3.841135648985360529e+00,-2.321399294237265654e+00,-3.243562954568234069e+00,2.637189020956220986e+00,5.770926302711066214e+00
-2.473652498874194805e+00,-3.977439110135593481e+00,3.393875590658159247e+00,-2.072935863532896494e+00,3.408319641531350808e+00,-3.734462818030416908e+00,-2.341056777682397172e+00,-3.080010088893402997e+00,2.595863244089189337e+00,5.160219471271529024e+00
-2.744671817568505645e+00,-4.012778783530073667e+00,-9.861373241412811907e-01,-2.017773686069643357e+00,2.103252750278533867e+00,-8.480420051117070201e-01,-1.393012158889576746e+00,-2.495084550922372468e+00,2.563790694203146092e+00,5.157657166387560110e+00
-8.628020694282678704e-02,-3.856169774505215031e+00,-1.743766151557736066e+00,-2.055721795398368190e+00,1.905987340690657117e+00,3.211048734508890501e+00,1.348365751507976107e-01,-2.846836692046115225e+00,2.687300347473070783e+00,1.709680822391754562e+00
-2.476026703772775228e+00,-3.311485794505843128e+00,8.989677319933822019e-01,-1.899427234539880383e+00,1.968461283515327676e+00,-3.170954355928367274e+00,-2.102219428498158127e+00,-1.729485892262659252e+00,2.075769625093742299e+00,4.712915483872943234e+00
-2.674444549882875055e+00,3.008368035607382196e-01,-2.865198985587192659e+00,-4.410214699507968850e-01,-1.956114685258595332e+00,-8.647881561690717866e-03,2.186187100711551867e+00,1.465199878785430343e+00,-1.873486497929223837e+00,1.175302270554597683e+00
2.413188500948641568e+00,5.029307283127427475e+00,-2.558032711802129988e+00,8.351858170708525986e-01,-1.966671610122607383e+00,3.461746012270506156e+00,1.802799734407736665e+00,1.884856649246740012e+00,-1.913764490440627020e+00,-4.604876588519599245e+00
-8.214310469913943535e-02,-1.387666548486250040e+00,8.053071346817581855e-01,-1.840982322759348699e+00,1.828482194298467478e+00,-1.684864545385352796e-01,-2.122821438643722303e+00,-1.175669767247718323e+00,1.716458814199441685e+00,9.854461817987116845e-01
-1.016309279209666627e+00,1.170237524383656691e+00,-9.281118070461631397e-01,1.577032588896658094e+00,-1.968926053380364527e+00,-6.885228762652396695e-01,-1.572200010311048723e+00,2.053705526336422338e+00,-1.927898994832388135e+00,-8.601569661421282209e-02
-2.542474245154033419e+00,4.575623312067002013e-01,1.959986492976746320e-01,-8.434079049561907793e-01,-1.846409868501894369e+00,-2.631439062784981520e+00,-2.012566599373301290e+00,1.054518980881574919e+00,-1.581705637306367596e+00,3.563436263185317365e+00
2.956921531678677439e+00,5.478357335191216038e+00,1.611081336083328708e+00,6.226580522411712115e-01,-1.952795599367116219e+00,8.395775384004792175e-01,-2.236799052026452461e+00,1.726346949189641045e+00,-1.872293021515851974e+00,-4.563949538092184177e+00
3.188825613627581212e+00,6.818443849164809833e+00,2.166049296153377490e+00,2.177185805484120884e+00,-2.019887835758213956e+00,8.623601235125766262e-01,-2.274836509468658008e+00,3.092722955536844509e+00,-2.112920622312489005e+00,-4.903777546364694651e+00
1.462904360161489947e+00,1.767211714565046110e+00,1.874554466585773405e+00,1.739170589357782681e+00,-2.010229133339111574e+00,5.327448729382832093e-01,-2.251173818721830866e+00,2.727679073967654411e+00,-2.074406169878678430e+00,-4.551139579763143317e+00
2.550606423568589243e+00,9.862339502941479541e-01,-3.264754627688605915e+00,-2.003246430281953927e+00,2.207392900939427527e+00,3.993916181589657999e+00,1.872053778656115774e+00,-2.316609833724048606e+00,2.892190880593148883e+00,-3.116676190991826134e-01
-4.424241984305776754e-01,9.091641831522756512e-02,-1.051381357057961985e+00,-1.770043695571691389e+00,1.964198507241556202e+00,8.515480727101508718e-01,-1.544670889673291025e+00,-9.556409741222759990e-01,1.143947153963182028e+00,1.490474493813036316e+00
-1.441458410400442425e-01,-1.651031418605453549e+00,-2.391022054825175047e+00,-1.944660831518524091e+00,2.090440779340522415e+00,3.748500227069452517e+00,1.280164091887358024e+00,-1.960353621655761103e+00,1.683854695970353754e+00,9.604692590292988053e-01
-3.092220217412390504e+00,1.315703467950504857e+00,1.270674964732862122e+00,1.655566658559577631e+00,-2.015656243023168148e+00,-3.473765097926740264e+00,-2.203161199998167064e+00,2.849120202088838205e+00,-2.094586032860128455e+00,2.827180774413409203e-01
-9.497627588558028577e-01,1.146791550613757815e+00,-3.033410856212908513e+00,1.514611370213582831e+00,-1.980295028873692686e+00,5.193816891240714551e-01,3.178359478845051989e+00,2.177856040603697529e+00,-1.968696102077573284e+00,-2.878379514806406192e-03
-1.172460013436010584e+00,-3.762590722324788306e+00,-2.020297205126488471e+00,-2.010184589035898028e+00,1.960470368737638802e+00,1.775581197349235252e-01,6.134231757836227095e-01,-2.465223607113973703e+00,2.535205486580581979e+00,5.265588225172370684e+00
5.117844319977429279e-01,-3.259847698714050779e+00,-2.430835914782633278e+00,-2.067792700401644090e+00,2.074013911367486696e+00,3.508820789913235316e+00,2.140863834905226248e+00,-3.025070464355078315e+00,2.370604134853632861e+00,8.528518938513574010e-01
9.107967602431203957e-01,1.027183795592965909e+00,3.175284665011553820e+00,4.420603101411264557e-01,-1.948257427808456566e+00,7.735703562225502150e-01,-2.331919036477713369e+00,1.458460672569291461e+00,-1.873722535476809670e+00,-4.093035193004871175e+00
-1.283737354979508805e+00,-3.978525923144804466e+00,-1.158338904858646323e+00,-2.098983642119908843e+00,3.268625900560152342e+00,-5.916437902600930610e-01,-1.354355842909222174e+00,-3.373072601895084954e+00,2.594755534059046909e+00,5.483657893672845063e+00
1.220289876477646196e+00,8.481445890774464980e-01,-2.536344411031740353e+00,-1.673439302277234475e+00,-5.935339569649267233e-02,5.401540630946461974e+00,1.812979548628748994e+00,-8.423635270826732580e-01,4.567328486933138754e-01,-2.746876514868311636e-01
1.496653558392301520e+00,1.483041459991134792e+00,1.352006389914562234e+00,-8.080131105313973494e-01,-1.901576374397386804e+00,1.762961360572158132e+00,-2.193100214447198493e+00,1.128706577496680019e+00,-1.742301893687045133e+00,-3.994359526378238101e+00
1.503054025090399648e+00,2.190507630880117684e+00,1.125499156271975387e+00,1.419735955955587769e+00,-1.996051165954967566e+00,8.333369161887799192e-01,-2.154660487166130345e+00,2.355030543940024756e+00,-2.026384424313583121e+00,-4.543092964589170890e+00
-2.883850764094963992e+00,3.965198867970861074e-01,2.246444490532066851e-01,1.238925047962204706e+00,-1.974029083032685872e+00,-3.023809463642114448e+00,-2.052340682750244838e+00,2.077364158977968778e+00,-1.962853152064847784e+00,3.427829386574922643e-01
-2.394431644850316232e+00,-4.137728633786907473e+00,4.285999220475211757e-01,-2.058204763430669715e+00,3.039066068895760253e+00,-2.816219652983214417e+00,-2.095383361247729948e+00,-2.918123207045071332e+00,2.710951596199279834e+00,6.999101517792700733e+00
1.202630740683466648e+00,1.099714700461040140e+00,1.216396417104188998e+00,1.973002308710411157e+00,-2.024314163307565195e+00,3.168439507115690112e+00,-2.184611547796687869e+00,3.193597336014271981e+00,-2.126289196745839494e+00,-4.522864657529286347e+00
-6.944233325960240677e-01,-1.416125753576193080e+00,3.394452712981301801e-01,-1.836841032533512053e+00,1.773261564122377898e+00,-1.545396345747286126e+00,-2.066340791477635275e+00,-1.425206723472247639e+00,1.660845911503214367e+00,4.756710438411229092e+00
3.268717718275382822e+00,4.947408201060249588e+00,2.088750169627467734e+00,-1.800328181672780969e+00,1.071870919619882345e+00,8.561464298823008301e-01,-2.272016858630335978e+00,-1.020229021505757672e+00,7.166787954704737507e-01,-7.265184516465399422e-01
-7.573347423289340519e-01,1.291605870884765750e+00,2.784342075239746528e+00,1.352929708817740995e+00,-1.998095138198761056e+00,-1.989204528589388898e+00,-2.310076271297889505e+00,2.701394926702515242e+00,-2.065324467958665977e+00,-7.830260878976468275e-01
2.119355680510004447e+00,5.646391232134115867e+00,-3.289178729519463218e+00,-1.295205587375896972e+00,-1.794792247637702287e+00,6.076819313699092007e+00,2.533657527588238700e+00,5.560023845468329284e-01,-1.519325186722213505e+00,-3.835109908935761869e+00
-1.333962595658662043e+00,3.313198360333721726e-01,-2.676121164115884632e+00,-1.405150771839962065e+00,-1.691934080988561240e+00,4.105939984095279272e-01,1.778482290646410391e+00,1.315566232109159905e-01,-1.323013910514164282e+00,1.388730212691819510e+00
-1.850851366871469006e+00,-3.563569299707048277e+00,-1.818463647141180139e+00,-1.958530742559765780e+00,2.774538522406356122e+00,-5.810529150823908751e-01,3.373505699256040824e-01,-2.119972028796893504e+00,2.173596843773396348e+00,4.408407325940820520e+00
-1.415987632127439166e+00,6.698004398090535716e-01,3.308200216551515638e-02,-1.442385351351363143e+00,-1.484316860776686786e+00,-2.111548158130726272e+00,-1.983734509960733972e+00,-2.624586979408638499e-01,-8.498786589261890789e-01,2.917138149034301797e+00
3.244747629979185533e+00,2.398669729940851703e+00,2.977214042738012267e+00,-1.895297195694954251e+00,1.881904381979032870e+00,1.219083118522827691e+00,-2.321554927414492209e+00,-1.550556633545776553e+00,1.640809019818222581e+00,-4.757326449614351915e-03
6.123894189865630722e-01,7.137264903782993830e-01,1.247443091408412030e+00,-7.395568004390806749e-01,-1.860892179409603164e+00,7.732599050004602681e-01,-2.199404007931108573e+00,9.111726250406846361e-01,-1.598149740034599420e+00,-3.321835348676066779e+00
2.303441320394642666e+00,-2.882010382985893959e-01,1.764277916485434972e-01,-2.047806615336346336e+00,1.828161661406471739e+00,1.330893989011147749e+00,-1.965877119487132285e+00,-2.765076821595540579e+00,2.288319894488503703e+00,7.917360357025124973e-01
9.257095831432842203e-01,2.741801710854355534e+00,3.300471387265385914e+00,1.313288652391439548e+00,-1.974081150307615662e+00,5.082691523032610847e-01,-2.337926172454556806e+00,2.059153592138351030e+00,-1.934269710766331807e+00,-4.215566917322437490e+00
1.481595458132856535e+00,2.959105961835135634e+00,1.266051232256651282e+00,-2.777131572021406258e-01,-1.918116214545420917e+00,1.227416640281496329e+00,-2.165218321947600444e+00,1.137189476383026587e+00,-1.774374400518226480e+00,-4.128316762112637761e+00
-7.690027220318400580e-01,5.434378360359625182e-01,-4.278659503027197886e-01,-1.322187833778843302e+00,-1.807324885355765964e+00,-9.151292018799874750e-01,-1.696558957883751440e+00,4.460105284922661895e-01,-1.468736014932413569e+00,-3.982159913737970403e-02
2.588071711440727007e-01,3.540714987666688796e-01,-1.602123305932898090e+00,-1.715416792575391369e+00,-7.859980598647489103e-01,2.178148456641118003e+00,-7.720128741811208561e-01,-5.934423666766863725e-01,-3.178595066835709915e-02,6.301522079852037717e-01
-4.281409802358497885e-01,-3.149371447868869467e+00,2.331681132357113384e+00,-2.016742868560828406e+00,2.391768490323445295e+00,-1.613059774802939383e+00,-2.280700413353629497e+00,-2.537115469114465949e+00,2.051124974921298083e+00,1.770162745290027928e+00
-3.367913427005444937e+00,9.122640476306747015e-01,-2.429201632874083749e+00,1.410119156559880293e+00,-2.005507598165554128e+00,-7.258116845473268075e-01,1.594826742306165723e+00,2.554402798225562599e+00,-2.058073839378841363e+00,4.406437479959177672e-01
-3.021863529401071169e+00,-3.771372192597136852e+00,-2.157851727551115761e+00,-1.897686043306890946e+00,2.273265926196335496e+00,-5.696133879767961705e-01,1.261548679832999564e+00,-1.655105444053177388e+00,2.232015410729839111e+00,4.461195007770061949e+00
-1.850360701181916312e+00,4.182521691195673075e-01,1.873772914345726903e+00,1.589284122700213020e+00,-1.983107069983367277e+00,-3.205546330071810779e+00,-2.246315905867867890e+00,2.326254965467366986e+00,-2.002316082814547649e+00,6.794461130758117084e-01
2.558659521124873493e+00,4.241418472538502904e+00,-2.342522320659837121e+00,2.040835539729446868e+00,-2.018381787344603051e+00,3.826167999728143254e+00,1.226486466421921051e+00,2.973212754681587633e+00,-2.103759707416279046e+00,-4.819682701184269114e+00
1.478482725919456620e-01,1.677815182804014205e+00,-1.831548478178243844e+00,-2.460638863533968212e-01,-1.913643956222289999e+00,2.247029571125599645e+00,-2.043218679858133657e-01,1.523485327201506756e+00,-1.810737781481210229e+00,-3.476603615922634560e+00
2.170689912951347722e+00,3.708310275243748677e+00,-1.324814132499495756e+00,-5.343881020031499007e-01,-1.920184351915134036e+00,2.579869992043781757e+00,-1.236583704141916096e+00,1.354822138233887863e+00,-1.831053612753346993e+00,-4.218257757935301555e+00
-1.204096047671609160e+00,5.921313632446096875e-01,-2.709304029771285816e+00,1.911826083371513385e-01,-1.937466004137517350e+00,9.400979156075238707e-01,1.716768435087439704e+00,1.717396155067006269e+00,-1.860232171265753021e+00,-1.989452669334791646e-01
2.979243872033209506e+00,4.528851791447920050e+00,-3.441700465069353676e+00,-1.421382783017231644e+00,-1.665758640006367974e+00,4.618139504392839711e+00,3.067471855084207277e+00,2.155582448926272043e-01,-1.296232947893321885e+00,-3.355319142095716245e+00
-2.957797642205949984e+00,2.585637422086211057e-01,-2.358914901324852487e+00,-1.568614986016689361e+00,-1.570196892066546113e+00,-4.130451785234546813e-01,2.267628148783724651e+00,-2.054166694606918142e-01,-9.738689604428902857e-01,3.834707677167801698e+00
1.300038497242683277e+00,1.803966055747655339e+00,-1.851668957969161422e+00,-6.783463684843549224e-01,-1.874063084564060233e+00,4.742865216884716517e+00,3.092868929083295582e-01,1.189162630019523270e+00,-1.739678865448488709e+00,-4.111573707538974887e+00
-1.160764398290736743e+00,4.667796919448030657e-01,-2.980341002228362957e+00,1.999698891148722568e+00,-2.030563517737747681e+00,5.306581753889412223e-01,2.563825145349753143e+00,3.447775756604801956e+00,-2.151587666142332989e+00,-5.480598921490674735e-01
2.354759583010553214e+00,3.773623514844866023e+00,7.036197011805951362e-01,-1.461512712450365958e+00,-1.646912627819795860e+00,1.133916806377346376e+00,-2.132182218626704540e+00,1.948920638671944872e-01,-1.307671328470808358e+00,-3.087272180607357974e+00
-2.494580472242015734e+00,2.798588207086578072e-01,6.783154683623431325e-01,-1.126670306017428125e+00,-1.781323108964650404e+00,-3.095336481260114958e+00,-2.110948552349536822e+00,2.079048190229619841e-01,-1.352651721639498872e+00,1.789566532384891495e+00
-1.671320213645302033e+00,6.127890779387799025e-01,2.846612909595576113e+00,-3.675930072782100932e-01,-1.903825701249476143e+00,-3.150627978142486185e+00,-2.315437215920529646e+00,1.266588362207736296e+00,-1.713049553017831350e+00,6.010836024654213627e-01
5.929805745160976471e-01,-3.736771769341235228e+00,-6.118417504831201725e-01,-2.084483594326451250e+00,2.419703202681193765e+00,1.793150413502784701e+00,-1.801244447459198428e+00,-3.181838394626236521e+00,2.957050466073831707e+00,2.174830888625269298e-01
1.301724543809873680e+00,1.356741548291478860e+00,-1.062312567047275724e+00,-3.787818124509932383e-01,-1.940969614138446486e+00,2.788792453530798632e+00,-1.417616057694449205e+00,1.485390918547219385e+00,-1.823967297410656441e+00,-4.086751483136759511e+00
2.503971548950937098e+00,5.842089303441976966e+00,-3.362947557440324253e+00,-1.816059744207381366e+00,1.286318786311313689e+00,3.880634471954798048e+00,2.281976559173493513e+00,-1.180063596841062434e+00,1.159008277914510554e+00,-6.079101209464674582e-01
1.763630542292593972e+00,-1.720467463963750498e+00,-3.290305215697829411e+00,-1.983636143756057013e+00,1.937089095233069047e+00,5.272305576942809324e+00,2.142867637193746511e+00,-2.144250280658868579e+00,2.075319825595854262e+00,-1.164348121013282777e-01
-9.572077574201904859e-01,7.960534849540440439e-01,-4.460714649445010060e-01,-7.450068721076674727e-02,-1.941519084442411280e+00,-4.577421643201335932e-01,-1.815820627658318642e+00,1.529164029071026221e+00,-1.845499408195012458e+00,-4.623860562495093474e-01
-3.139789083986451956e+00,-6.181692305781743002e-01,-8.467643291389950200e-01,-1.810639860558721059e+00,1.095627886109553639e+00,-1.616945323625999631e+00,-1.648986184797466503e+00,-1.206872114223579651e+00,1.124885512471967441e+00,4.878922975931493156e+00
1.841061174338762818e+00,3.457733245869336169e+00,3.054626250723210035e+00,-5.364213063357483602e-01,-1.929172694829665913e+00,3.161761824474180749e-01,-2.322365555019256345e+00,1.096344833471656344e+00,-1.773624909146865880e+00,-4.159557954085066456e+00
-3.450486463622954858e-01,2.414662736061961468e+00,1.585106000849805241e-01,2.126221922484710536e+00,-2.028402416906642358e+00,2.053511067594200323e-01,-1.986436950290217940e+00,3.380229657884024519e+00,-2.145628133786360081e+00,-2.616565512865720589e+00
4.306354289045382089e-01,-1.442707125588348793e+00,3.032053438365666764e+00,-1.869879456849218968e+00,2.767784529221560597e+00,3.404674889195771215e-01,-2.320101775700989410e+00,-1.562084357856986738e+00,1.682018406518198894e+00,9.098111072808193200e-02
1.255805880591740475e+00,-3.329352760274075340e+00,3.408740756253919812e+00,-2.069608223168651229e+00,2.104793674679396265e+00,1.201821866513069215e-01,-2.342506544128756030e+00,-2.987205926398088796e+00,2.894979234121614731e+00,3.484059656660122295e-01
5.739427678317738923e-01,1.425419413199844776e+00,-2.269525059228354458e-01,-9.778965266831527448e-01,-1.884377886877846020e+00,7.882326196337815505e-01,-1.925085741087861457e+00,9.442455667473188541e-01,-1.715968709414786408e+00,-3.502816967687640837e+00
9.214841727705538332e-01,-3.251545053334618185e+00,-2.903879396521142464e+00,-2.105435946110519208e+00,2.910255493274991778e+00,3.870682743354814548e+00,2.475668906008940962e+00,-3.441477063952568471e+00,2.473698504624595174e+00,4.693609085714617879e-01
2.138733896169152437e+00,5.694964448899639820e-01,-6.983411892206943250e-01,-1.996769185690993487e+00,2.108385321443413396e+00,1.844610994680297322e+00,-1.723570716540685277e+00,-2.362044232075151129e+00,1.788892387640778292e+00,1.247264506528991124e+00
-3.433995601531020903e+00,4.866707845841216074e-01,-3.011629575554843008e+00,1.678430451732949580e+00,-2.008339315039261663e+00,-5.688293577144156732e-01,2.749424734415752525e+00,2.707094579993421846e+00,-2.077992555342754954e+00,1.026669515774036201e+00
6.502810051599317021e-01,8.981069810751433069e-01,2.706809383167221306e+00,-1.227692075362870172e+00,-1.797285104663031374e+00,-1.309210368048897566e-01,-2.308341461921808779e+00,6.348158512965396127e-01,-1.400113860538244825e+00,-3.311484180619935991e+00
-3.106538240506508952e+00,1.255646584937755383e+00,-9.566225705266928614e-02,1.241136920037340108e+00,-1.989142593190871500e+00,-2.687435917389469076e+00,-1.947847826195671761e+00,2.293432682458186100e+00,-2.002655849381259845e+00,2.221690951526164248e+00
-1.940760409350196003e+00,-2.364021130408700877e+00,7.962667252257418227e-01,-1.871982725587346463e+00,1.699675135211434318e+00,-2.913153433630941702e+00,-2.086883851274391688e+00,-1.337394426800615044e+00,1.882633613997222621e+00,6.338551654541332070e+00
-2.929225022062942330e+00,-1.393674992056879614e+00,2.241788154937313315e+00,-1.950075932269781376e+00,1.501772512520179292e+00,-3.701735788209560063e+00,-2.280435213277256512e+00,-2.000836124090913604e+00,1.674056225922240682e+00,7.111574689119326109e+00
-1.365209368529757494e+00,9.289915017749919013e-01,2.319967514553717081e+00,2.032971790073283103e+00,-2.015141296215027022e+00,-2.682727960035539372e+00,-2.284911250647248870e+00,3.095876078724735692e+00,-2.108880038692358294e+00,1.524937581019853550e+00
-3.497675610522430478e+00,8.197079493298315978e-01,-2.071856096112696832e+00,-8.857296704603231374e-01,-1.839076763435817163e+00,-1.046715196341591936e+00,9.037118655183570270e-01,7.997707160965212836e-01,-1.609005840605529647e+00,1.897062203548496528e+00
3.197765110976934722e+00,6.492239760049219655e+00,-1.196912452641782920e+00,2.338049386820710840e+00,-2.021647440691772601e+00,3.693196504058215091e+00,-1.330356358904861036e+00,3.199497470147879774e+00,-2.118773406172024476e+00,-4.926306969292640225e+00
2.142931093554346411e+00,4.659849613656016132e+00,-5.257729200973226824e-01,-1.239908168413177192e+00,-1.767328150796576569e+00,3.343842754223731006e+00,-1.828245294272577981e+00,6.303057498890458632e-01,-1.517072860683222224e+00,-3.866097425835624879e+00
-2.149870857169329241e+00,-1.082410628669439934e+00,1.954021679568215930e+00,-1.814945792491739374e+00,2.570409365440821325e+00,-3.276902188689309714e+00,-2.260804081663217335e+00,-1.211644610323048710e+00,1.590135918360715550e+00,5.095222354447958679e+00
-6.009523108166625605e-01,1.725415164083215769e-01,2.528816029201913729e+00,-1.762029702928308073e+00,-7.937754246040870099e-01,-1.654818155272448355e+00,-2.290653654356896052e+00,-8.087269868399724615e-01,5.901702239948516948e-02,1.949250423400621601e+00
8.406324038651940000e-01,-3.578493218727829994e+00,3.211104429116318215e-01,-2.078978487235042749e+00,2.608914230078078766e+00,7.218675668342835472e-01,-2.069967361373758585e+00,-3.095793166637222704e+00,3.025289635334421412e+00,1.557893401372316688e+00
1.348127466122103435e+00,-2.342002899219438827e+00,2.108783265757162795e+00,-2.017870089911346199e+00,1.829291133371859335e+00,8.911794022634924595e-01,-2.260312723967696780e+00,-2.599802216289387236e+00,2.041239530857466900e+00,1.723691836890948736e-01
1.474999839373292154e+00,-2.736204932474659124e+00,2.295229214929282335e+00,-2.101610645377214315e+00,4.218265230929963749e+00,1.685276446335074674e+00,-2.283759212143936956e+00,-3.392427118238841022e+00,3.238545386410438098e+00,4.411837067804323387e-01
-7.408842545393712342e-02,-2.470858988594242245e-01,1.638401968236823159e+00,-1.814501281334532479e+00,1.150145603170796837e+00,-8.564292747826575125e-01,-2.226731451134583484e+00,-1.037348271352405149e+00,1.255421194268605323e+00,7.373563630118254997e-01
-3.271544320057903299e+00,1.822264319626586859e+00,-1.349843087685993481e+00,2.397881564675374833e-01,-1.953280729298450868e+00,-1.135533240455764759e+00,-6.242020949666221563e-01,1.662741762225605768e+00,-1.873448084473740227e+00,1.386005314765832885e+00
1.709907848061613223e+00,2.354806606258372348e+00,-2.123856892518682926e-02,2.033107959352259186e+00,-2.009158677297701256e+00,2.984219504894241481e+00,-1.893109255260718271e+00,2.795939907253605305e+00,-2.089590005420499885e+00,-4.679377361452005779e+00
-1.409544717586649121e+00,3.830365264577141327e-01,3.901291529364989685e-01,-2.776238013193472742e-01,-1.946960536117012142e+00,-2.256509099068189528e+00,-2.073912603519328712e+00,1.497435766857301509e+00,-1.841853358266366980e+00,1.293744119577525942e-01
1.038318750714753769e+00,1.652962822789955544e+00,9.654102666565744784e-01,2.171450617541981210e+00,-2.010665777345259198e+00,1.366853742372514668e+00,-2.083612340812560859e+00,3.004091225107714536e+00,-2.095328242416488518e+00,-4.437885154921497488e+00
3.376900210751681897e+00,8.092947098851411170e+00,-2.808349593571067171e+00,-1.761443109403551865e+00,2.581255274777255471e-01,3.640326551658326970e+00,1.741923954584814416e+00,-1.030565884062490056e+00,5.448701954192082253e-01,-9.643858140196843731e-01
1.528048216832693207e+00,1.865586188195843764e+00,-1.870350603500785525e-01,1.933805609785223534e-01,-1.959538773923575672e+00,1.483273778944012244e+00,-1.942969227957163092e+00,1.741715325923901325e+00,-1.929475236135086647e+00,-4.398432330157862502e+00
-2.862405081985395228e+00,3.967467725990874716e-01,-5.081345061543895980e-01,-1.353537566054090702e+00,-1.599666913079532460e+00,-2.202323986923136800e+00,-1.718706866079998674e+00,-5.757883354262638420e-03,-1.066617139200094710e+00,2.360234100946349223e+00
-7.478743027000107624e-01,3.296445741284889097e-01,3.118188079463360296e+00,-4.536700514711977661e-01,-1.905431464457461921e+00,-2.120869923427750603e+00,-2.324620091152752810e+00,1.090475439033157024e+00,-1.777276678396339626e+00,-3.975834051148229298e-01
1.016527784745381524e+00,1.513833354099910045e+00,-8.890737082830955096e-01,-1.842084799888552116e+00,1.056944601774470582e+00,2.018607114469366692e+00,-1.622577164154554330e+00,-1.336113228128099628e+00,1.134680345539139878e+00,1.056776214279212533e-01
1.343649253001344412e+00,2.049673351158813439e+00,3.393551942351184181e+00,-1.751120136034836516e+00,-1.111141324979747269e+00,1.598504009545905769e-01,-2.339525950929470799e+00,-6.497899712603452116e-01,-4.328006416356166008e-01,-9.726344437370960661e-01
1.257030209770022999e+00,-2.128662155459618788e+00,-7.002965834450955995e-01,-2.030238939199842108e+00,1.764748028672957547e+00,3.071819488397561138e+00,-1.731356069433009459e+00,-2.594838768894840442e+00,2.051081776338773199e+00,2.283892022466067484e+00
-1.836811412066384541e+00,1.551010081764656823e+00,2.035783369296511935e+00,8.814316435610862754e-01,-1.977662088261266549e+00,-3.179520122417589967e+00,-2.262495887936819994e+00,2.115068893181052623e+00,-1.988446333539869659e+00,5.216756931572827383e-02
2.422366119332117762e-01,1.289331977320121947e+00,-9.394651000206963865e-01,1.739712775187368887e+00,-2.004400605386067902e+00,1.599821243055869147e+00,-1.561309226595022803e+00,2.506284930918631026e+00,-2.050585666107894944e+00,-3.972426338350797614e+00
2.912861480376838230e-01,3.866170261492604121e-01,-1.605984753317342806e+00,-1.634385449539012880e+00,-8.352841083668992583e-01,2.268816939168452063e+00,-6.546881685546891427e-01,-6.356648514248313120e-01,-1.382964602510197150e-01,-5.618279382170898728e-01
-2.211322077865673918e+00,1.357812434150417191e+00,-2.088288371812154764e-01,5.088511323908780914e-01,-1.974439880093647348e+00,-2.441443371472337365e+00,-1.912572383727851877e+00,1.897473585714853250e+00,-1.948246027676206582e+00,4.264408069078904906e-01
5.020894028914195673e-01,-3.015288814994582900e+00,-4.186592784345344320e-01,-1.896653537751838314e+00,1.890987618687243854e+00,1.024518989866927576e+00,-1.680577613761499167e+00,-1.882838439180737122e+00,2.247552850572131611e+00,1.429930236809189070e+00
3.240254454604201584e+00,4.533711834419567488e+00,1.217998016260998462e+00,-1.703707737069313000e+00,-5.821533036557919871e-01,9.787680016378503822e-01,-2.166492366761815447e+00,-5.832657969484746907e-01,2.153589348532125580e-02,-2.925017643728740069e-01
7.332468379295926653e-01,9.057561427703126888e-01,-2.965034029750943212e+00,1.855000545884424978e+00,-2.017710680998205941e+00,3.432505215775115914e+00,2.185919935571055905e+00,3.013516310612064153e+00,-2.100370443331484260e+00,-4.382803082474223011e+00
-4.504570528778493177e-01,4.554357216829010846e-01,2.043148362427622544e+00,-1.629343539877983860e+00,-6.887821502356669123e-01,-1.167796177050843820e+00,-2.247630659444304957e+00,-5.398848278442449633e-01,-1.399077413110977330e-01,7.340759148696560654e-01
-1.699975831684761074e+00,6.326872125777527334e-01,-1.713253716220752843e-01,2.154093745123513592e+00,-2.029115493852916341e+00,-2.317285823716221049e+00,-1.952428001061045082e+00,3.390543919841586984e+00,-2.144934729374356586e+00,-9.914020213279933769e-02
-9.819092465084233723e-02,4.278827095754886845e-01,2.222256669892040293e+00,-1.883794969045752055e+00,1.318937305529762405e+00,-9.236416175219905877e-01,-2.276393786462012958e+00,-1.351215420748428819e+00,1.043177249347179592e+00,4.041168095692785345e-01
3.456721511837938188e+00,5.169868602286003423e+00,1.778601086638659012e+00,-1.255373998812096437e+00,-1.698615704731106568e+00,1.264791695290673701e+00,-2.246223473493354383e+00,1.686608851049848923e-01,-1.239370726373290710e+00,-3.381900978412779590e+00
-3.234006335017070022e-01,7.316860824400808205e-01,2.651309396611261526e+00,-1.066748922268578426e+00,-1.674756830864237545e+00,-9.839380792917545859e-01,-2.299747277043713733e+00,5.533707593337675590e-01,-1.423747276423633634e+00,-1.568193036747236313e+00
-4.427466396980683783e-01,1.579434422953260642e+00,1.018372780065610606e+00,7.769156424610315081e-01,-1.966568435391922165e+00,-1.130900468493190703e+00,-2.178762444365057949e+00,1.816799450147644990e+00,-1.946339912417056395e+00,-2.584816812102650463e+00
1.381093551404113384e+00,2.113470633515866837e+00,2.642667915620516617e+00,1.370524795783161665e+00,-2.000317880944086024e+00,9.777779845007301684e-01,-2.290633808335028831e+00,2.586942661870783589e+00,-2.062038617878241720e+00,-4.477180310793424489e+00
2.382258058455170691e+00,2.001390217013352402e+00,-1.534992727429417503e+00,-1.912504131312774414e+00,1.908371456373629371e+00,4.484371205104052294e+00,-8.732052592795066515e-01,-1.790394497242504990e+00,1.592737213174459709e+00,4.995724456682615333e-01
2.781188418547988483e+00,6.185274518516495235e+00,3.057891317879573911e+00,-8.487876538171019725e-01,-1.926626451204711987e+00,2.584341027197333496e+00,-2.321626876401035489e+00,1.109601766753644192e+00,-1.777632688034121999e+00,-4.272234666213371668e+00
-2.751864290483470477e+00,-2.898074498815279121e+00,-1.290582005255016096e+00,-1.941825403856588084e+00,2.676471431113652155e+00,-1.478639758456763875e+00,-1.161546774093999534e+00,-2.038460117120019177e+00,1.907790673537210768e+00,5.644236084780231977e+00
-3.413392182348769399e+00,1.053126547655134360e-01,-2.934194524506032131e+00,-1.494670460915513477e+00,-1.577789102601491411e+00,-6.716598028872513559e-01,2.000177741308938550e+00,1.461696955248523722e-01,-1.005900393984070718e+00,3.572144326630614763e+00
1.888965500449375945e+00,3.298002390626737057e+00,-3.026780279787809391e+00,8.311195037396339469e-01,-1.985860848116069555e+00,3.683695216551787777e+00,2.473264845553297064e+00,2.131805456141124822e+00,-1.980072777188189637e+00,-4.445778623531540852e+00
-2.783848956140408060e+00,-1.640688146090510113e-01,9.731523302887090665e-02,-1.733217288772494813e+00,2.880093305636599599e-01,-2.941810726495296624e+00,-1.961416155539569495e+00,-9.256942106738019760e-01,4.730544018029279041e-01,4.482149041964919256e+00
1.791844824396203961e+00,2.600615995560197735e+00,-2.887159837828432440e+00,-4.678845090776883042e-01,-1.913045072797200818e+00,3.404572146798335641e+00,3.321938785318204523e+00,1.116365972164206966e+00,-1.758592822025305313e+00,-4.135224119504269602e+00
1.587366228634117249e+00,-5.998274614956811135e-01,-6.825977330839103630e-01,-1.926871013453522963e+00,1.655101264135496297e+00,1.845044618897434985e+00,-1.745223320610523876e+00,-1.916094385048195292e+00,1.657651463339244735e+00,-2.345685161367747629e-01
1.191166141299608405e+00,1.867577673500199209e+00,2.101197768119829057e-01,-1.365441794674913556e+00,-1.732166662466204876e+00,1.120126684763040448e+00,-2.005943945734929290e+00,1.525947559066418435e-01,-1.329623171183413444e+00,-3.051176410829924190e+00
-8.989581319365944623e-01,7.981691361944863727e-01,-2.266198119191933813e+00,1.890753296296227237e+00,-2.025604957009943252e+00,4.396393411306089849e-01,1.313381526293358359e+00,3.325741655124327067e+00,-2.136821577647442627e+00,-7.317466457572834315e-01
1.605520123470971505e+00,2.079742113387370139e+00,-2.881558357955278815e+00,1.758938419954372723e+00,-2.027757978237102687e+00,3.778015146275608416e+00,2.210643133866532661e+00,3.333384679847743115e+00,-2.139470783128782916e+00,-4.684352428317917649e+00
7.679987294196681802e-01,-3.533037964818044774e+00,3.263162439207275334e+00,-2.049945652182167954e+00,1.950223048012604599e+00,9.462779979945481479e-01,-2.336323645478645794e+00,-2.804305981267452008e+00,2.732464932005690628e+00,1.068588165913130883e+00
5.656537830338344008e-01,4.406480612639310790e-01,-4.336584534175806915e-01,-1.761947054267545942e+00,-6.385703551442758474e-01,2.257345803534004602e+00,-1.765148322207694243e+00,-8.288970424468216081e-01,1.800994966448445367e-01,-1.768757813771730247e-01
-1.072291667001537441e+00,1.167454430018663114e+00,3.147964721624358475e+00,-1.356830646728471645e+00,-1.781637732107080430e+00,-2.821862722614540075e+00,-2.330880135304984613e+00,3.637362396811587573e-01,-1.443662445392712712e+00,1.799823258484410049e+00
1.731716863065675405e+00,2.712817965639322981e+00,-3.278770020939673735e+00,-1.432409817190360757e+00,-1.733982692255480407e+00,3.708761375346641298e+00,2.468194203239982620e+00,2.816170913871518522e-01,-1.286694297313397684e+00,-3.128023321226296893e+00
-2.759369550218615519e+00,1.831639030941749624e-01,-1.381777476469797428e+00,-1.758995289289953634e+00,-7.206209669154077790e-01,-1.273712819251155759e+00,-1.079333247456904177e+00,-7.032117306863634454e-01,4.645868872338443367e-02,5.714532306830205854e+00
-2.200099310795833318e-01,1.369141108454872802e+00,-2.919443273792832194e+00,-5.785250695427504031e-01,-1.945389197403690318e+00,2.073200866378964946e+00,1.708059995559391142e+00,1.383130510612828878e+00,-1.833849016738514415e+00,-3.092293017022372137e+00
7.529484306411662331e-01,1.015718327832892287e+00,3.022987950844677307e+00,2.536654657421597570e+00,-2.019494001225927260e+00,-3.092954007416531814e-02,-2.322110106973028110e+00,3.042806639753939280e+00,-2.107978794313790871e+00,-4.422452843130221467e+00
-9.063273589985709755e-01,9.414908414313684082e-01,-2.984544063588645102e+00,-1.523733858182600542e+00,-1.508924858899133969e+00,9.446790635591529872e-01,2.389025823842951812e+00,-3.269567882466937192e-01,-9.087361010931875871e-01,2.471557759947819566e+00
2.385496571176877190e+00,3.738025626946115398e-01,3.292351575029568878e+00,-2.095736044872227311e+00,1.896563650048081806e+00,4.521731550449216153e-01,-2.335364310922588338e+00,-3.320231814105454315e+00,2.633570924671887248e+00,-1.809748435965208846e-01
-6.762641775362370211e-01,-2.154035786980256884e+00,8.056267602710134312e-01,-2.082212680827279616e+00,1.741266178076651849e+00,-1.734429872860279609e+00,-2.056789446633565888e+00,-3.204195165763796371e+00,1.916787830542252324e+00,2.958451185837725372e+00
3.668079571570377340e-01,1.422643689186916305e+00,-4.516487444358334713e-01,-1.416484302818404650e+00,-1.719481222016445932e+00,1.211361495697368618e+00,-1.869193686511262831e+00,2.680562438465043940e-01,-1.370738138432494813e+00,-2.453804168585262069e+00
2.969397035163378717e+00,1.285699063099317030e+00,-2.664120981101895325e+00,-1.960273682939064566e+00,2.772113146688696350e+00,5.992045589553922191e+00,2.101952394667837787e+00,-2.052414074850333225e+00,1.975155724595948126e+00,7.176984038604115046e-01
-3.051102961341305431e+00,3.040806990201356808e-01,-2.509445126993786079e+00,1.106266569220509810e-02,-1.883060714208102615e+00,-5.862153899552927649e-01,2.480909058853294269e+00,1.474066863248969739e+00,-1.803286556484217762e+00,9.499941609910571572e-01
1.907031319852383611e+00,2.309149915707573442e+00,5.570113344168152736e-01,-9.064453095871001231e-01,-1.878495164110277393e+00,1.000268586364873924e+00,-2.110402801306718423e+00,8.363142769021933987e-01,-1.653665996226548973e+00,-3.978089385061316374e+00
1.888761297958222229e+00,-9.031446050582121465e-01,-6.255981328351554183e-01,-2.070295754256588072e+00,2.017912780839921538e+00,2.353192652688333109e+00,-1.712298656090117888e+00,-3.095526202291332574e+00,1.963115508204334336e+00,9.932065365031421678e-01
-3.308851097716221101e+00,2.765324816738159441e-01,2.068843744837854715e+00,-1.733947033103663937e+00,5.419667980172437893e-01,-3.705255389547437161e+00,-2.267031329891523672e+00,-1.049649306403380500e+00,6.170712383425717151e-01,5.515873975701250487e+00
-1.786040009125393180e+00,-2.588843578167310699e+00,-2.155774693367968897e+00,-1.920526006706949618e+00,1.901396559571032263e+00,1.154251213818135113e+00,2.163734289701644276e+00,-1.772840136513306852e+00,1.952432555707008355e+00,4.839493609371954719e+00
-1.230042018322026198e+00,1.065509670314106483e+00,1.305079155257118373e-01,-1.776887144228754378e+00,1.049174153396149833e+00,-1.932364364048055894e+00,-1.946916299590780497e+00,-8.712779892818520722e-01,7.656101746655419316e-01,7.415005636260900701e+00
1.835194746645216313e+00,-1.375686130508998684e+00,-2.575129301053221020e+00,-2.059023804468311791e+00,1.909508730632629714e+00,4.219179410544527720e+00,1.617522637290495613e+00,-2.871146916499848434e+00,2.167190031479934387e+00,9.939383567120634311e-01
-2.886444769746350225e+00,8.661271770657608116e-01,2.879449351529896894e+00,1.625022129639087654e+00,-2.025104459473461738e+00,-3.801139073095063825e+00,-2.316089432496605482e+00,3.274687830142254619e+00,-2.133621200260594986e+00,4.360714668402487781e-01
-1.595735462498455881e+00,7.301792380517397874e-01,-2.474678267516536856e+00,2.910474134497667564e-01,-1.949370715551833388e+00,8.011155292719496224e-01,3.333160353373628482e+00,1.592693328730595326e+00,-1.865493837964346646e+00,1.191662232220328521e+00
1.957511111556891059e+00,2.719219934317869125e+00,1.843505546796123440e+00,-8.794368128085736647e-01,-1.825681304650188297e+00,6.120269786586595151e-01,-2.251014743870112245e+00,7.417953376456329906e-01,-1.538706683797175678e+00,-3.823904736747866906e+00
-1.768053166446245772e+00,2.483605911135859490e+00,-2.717391781083377644e+00,1.386992270566059116e+00,-1.989117226334676136e+00,7.507210648230704386e-01,3.062783129951164529e+00,2.293674919639713039e+00,-1.994676013494184330e+00,9.109397746478818947e-01
1.052858525755663521e+00,1.478671207100447749e+00,1.336951544285595261e+00,6.522565906768119648e-01,-1.974637677384304624e+00,1.165686499450711899e+00,-2.195066549754614904e+00,1.949168861161630240e+00,-1.963394879473426169e+00,-4.285895214827537103e+00
-3.123859467677641888e+00,3.540595756750103407e-01,-2.644255108368456675e+00,7.384477291474416116e-01,-1.980790952135945915e+00,-3.034673300772208759e-01,2.561222921395494900e+00,2.008424513986471815e+00,-1.977578335598173975e+00,1.093120559361299371e+00
6.123122608624873564e-01,1.380095069976542188e+00,-6.974147125172374118e-01,2.893075141840506515e-01,-1.926328282080221443e+00,2.680455902306837945e+00,-1.738833576208217657e+00,1.665952768445357890e+00,-1.880778019183365846e+00,-4.029717158170405433e+00
-2.296887698783482090e+00,3.177838358053180490e-01,8.671757509961475208e-01,-1.419782212561599311e+00,-1.501034223264920087e+00,-2.811761248907340249e+00,-2.149062393136247806e+00,-9.111877686664993092e-02,-9.275078430052420275e-01,4.154743652504906848e+00
-3.260964524563168432e+00,-1.653516319081191233e+00,3.740640042599130410e-02,-1.924877275581941660e+00,2.308981149075960193e+00,-2.828757558898965740e+00,-1.914116891975267132e+00,-1.943095331106269974e+00,1.667817200105742970e+00,6.404402154154395177e+00
-2.598099905564981160e+00,1.720166425639712837e-01,1.569493868069118392e+00,1.901251772564601428e+00,-1.991077184040614734e+00,-3.226704628601085645e+00,-2.230374674416051750e+00,2.396001215214261570e+00,-2.010074746092147979e+00,2.109853339758356761e+00
1.470173152658499127e+00,-3.184000018773146312e+00,6.798393375072206979e-01,-2.069876974025328664e+00,2.472802658305148782e+00,9.352247689117831886e-01,-2.121475554807598307e+00,-3.041408650419753279e+00,3.251190733128282773e+00,5.250099627393766122e-01
3.316378953709786082e+00,3.996649849047490655e+00,2.149469046118886340e+00,-1.779023405036742833e+00,4.201975238309967331e-01,1.265574104915555331e+00,-2.256879816169313102e+00,-8.836365325163590967e-01,4.371622884661656716e-01,-1.135698272598944847e+00
-2.137558151085798386e+00,5.133877021086530323e-01,-3.106572045438464436e+00,-1.408537308729517212e+00,-1.695944060494441352e+00,8.219990062786588503e-01,3.137062987539308345e+00,8.234743028403812559e-02,-1.134407774461436702e+00,2.296785770891571321e+00
1.074144055989320279e+00,1.151972486985570976e+00,2.209236468446934332e+00,-1.274570949206583204e-01,-1.942508533293189510e+00,1.903264050475596547e-01,-2.279464906078551678e+00,1.546441332287986192e+00,-1.829204874640258938e+00,-4.093782950133614484e+00
2.288557730574780180e+00,4.475422730815329153e+00,3.058391575391006256e-03,2.107289237243302971e+00,-2.018421745902047704e+00,1.193650225373043661e+00,-1.967690988788833195e+00,3.059052536385332033e+00,-2.107236192519423401e+00,-4.770175933850167027e+00
-1.047226534852163660e+00,-4.328148852075684339e+00,-2.238613941406595309e-01,-2.038104306890178297e+00,2.141419041514799559e+00,-1.416481149961539288e+00,-1.863723683943240728e+00,-2.779748414962447178e+00,3.281382530024570254e+00,4.776287377616959873e+00
-2.922198570195530642e+00,5.866033677119613099e-01,-2.950943861326095874e+00,-1.692831197812422417e+00,-8.068814394677239488e-01,-4.869388359949424760e-01,2.569138468655952856e+00,-5.510197364656717056e-01,9.280526464138016962e-03,4.318646406605454402e+00
-1.837426728685582766e-01,-3.427053997255252060e+00,1.332699753711245272e+00,-2.024309286772767891e+00,2.546191341798869523e+00,-5.289530843552883166e-01,-2.199205204117351098e+00,-2.621640942492190263e+00,2.275125285713331724e+00,1.291138417944338368e+00
5.559727962351699304e-01,1.015511451903961526e-01,-3.274217696834855307e+00,-1.853506887573263429e+00,1.479528608409765855e+00,5.298320040618858862e+00,2.751327313609029712e+00,-1.451153932248255174e+00,1.138577887041511305e+00,-2.037703662914224223e-01
-3.498896478527445009e+00,6.442108267710680569e-02,-2.238807543409470302e+00,-1.630753151952257562e+00,-8.995381124845748255e-01,-3.143185417055720521e-01,1.911124040717219419e+00,-5.475213340703302123e-01,-1.869863329682574515e-01,7.336751869826549921e+00
-1.307511052273788721e+00,3.818670059632056635e-01,-4.832389919772244191e-01,-7.329003133427473005e-01,-1.848042691862703091e+00,-1.643890749988598632e+00,-1.763229144630120038e+00,9.114800785625085666e-01,-1.572978068523549711e+00,1.271533977167387031e+00
-3.479675110712276087e+00,1.386417479805771791e+00,-1.703486112528201257e+00,-1.161376862956646550e+00,-1.874956589104690430e+00,-6.742060141673502649e-01,-3.835006074774243157e-01,7.306534663163750665e-01,-1.639712915419831107e+00,1.963586265851088530e+00
1.832862868267195466e+00,3.141155990416046428e+00,1.926291288473837682e+00,-1.468079314372429112e+00,-1.732179187313321211e+00,3.656527514663269751e-01,-2.236117472811650408e+00,2.229784195368793576e-01,-1.279689255735226405e+00,-3.196603730817667355e+00
-1.978037017312161305e+00,-3.026099750365033536e+00,-2.762855123049836159e+00,-1.998397472223013782e+00,3.124825432343835363e+00,-4.122855547548150978e-01,1.999526978521031451e+00,-2.302915862520835244e+00,1.973525873786273532e+00,5.115999533558230894e+00
-1.343713587987836355e+00,3.708228497574371230e-01,1.744946542146774249e+00,-1.576222565578012436e+00,-1.582724607788186466e+00,-2.696234966472460304e+00,-2.212229301263772818e+00,-1.197004652261219881e-01,-1.118603676948599412e+00,2.512133326739906192e+00
-3.144421341332668707e+00,1.317207766762308774e+00,3.270666943902423185e+00,-1.449514014044082977e+00,-1.665063320910192823e+00,-3.903627375969166646e+00,-2.336194965881101204e+00,6.469379243542894287e-02,-1.264375091114996907e+00,2.253944686545501952e+00
-2.532277381313786879e+00,5.742328959769171792e-02,-2.496502595888872911e+00,-1.321924880502986177e+00,-1.711494369818658878e+00,-4.265995825421887155e-01,1.753489190335123293e+00,1.056508981774175737e-01,-1.226363571674130348e+00,2.745489742967241575e+00
3.078831332443218827e+00,5.340630319647793556e+00,1.000038724369927579e+00,1.837969002745754254e+00,-2.023903857748222901e+00,1.259085854564715223e+00,-2.149373820020596071e+00,3.147664204451246839e+00,-2.124620224685965120e+00,-4.905545450103875105e+00
-2.010555705200796073e+00,2.881772983658885123e-01,-3.311293432656912117e-01,-1.306283388177214011e+00,-1.671213534794682154e+00,-1.552703686839227881e+00,-1.779663041478949603e+00,1.627489902956922307e-01,-1.164626233727546367e+00,2.898095718960726597e+00
9.372819902539184511e-01,-2.518400066922354519e+00,2.473124478448981201e+00,-1.896786998519134571e+00,3.719819323224570873e+00,2.380904201279252508e-01,-2.280097031717079670e+00,-1.574549956247164095e+00,2.032064071986128262e+00,1.988158750089893401e-01
7.362098097713127842e-01,-2.876699277086940398e+00,1.575787797919926625e+00,-2.063214097845217143e+00,2.157630107858172774e+00,1.225859948741872540e-02,-2.231720446545595760e+00,-2.898528608023070774e+00,2.087557599562996469e+00,9.268856926468111990e-01
-1.281494091796797630e+00,1.545366699679198819e+00,-3.237493584414083969e+00,-1.106791825420994302e+00,-1.856267651926717832e+00,1.172287671666544684e+00,2.316890259081444192e+00,6.062913637254547794e-01,-1.558005134460393126e+00,1.957903381064256987e+00
3.527581658702985123e-01,1.265512600954961986e+00,-3.227951469137215312e+00,-1.519363425400824363e+00,-1.631146631496438237e+00,4.102478196548981160e+00,2.382766082591578183e+00,-4.687853004794995115e-02,-1.141135881784640427e+00,-1.943372544706767346e+00
9.443576135176385833e-01,1.155741418503069662e+00,1.467605532394378187e+00,-3.874059119281348385e-01,-1.898536036248899661e+00,1.686951557091345810e+00,-2.204655383618329800e+00,1.466036584594225367e+00,-1.746156243179798784e+00,-4.049233168777556457e+00
-2.033088098144617106e+00,2.352781185631487304e-01,8.943176074615193372e-01,-1.625829916479072823e+00,-1.228289674496485739e+00,-3.024240544390838892e+00,-2.145378534050615738e+00,-5.803419081775036403e-01,-3.638647719389542234e-01,5.730892175656753018e+00
1.347387394815208417e+00,-2.789014630356220437e+00,-8.654036173311325797e-01,-2.087502833904430144e+00,2.032829349093355997e+00,2.395560934058867719e+00,-1.586067453350298528e+00,-3.209354996361350576e+00,2.855751984495125129e+00,2.119367133585715379e+00
-3.441877928714567325e+00,1.366702325078045233e+00,-9.917236550330148503e-01,-9.941474360225864837e-01,-1.895555540020111396e+00,-2.046634942711019534e+00,-1.517048440992322167e+00,9.498230708559951552e-01,-1.727090424010924163e+00,1.421203980312653048e+00
-5.262722610805914414e-01,-1.981433587449622058e+00,3.498954847017845537e+00,-1.933057097507409727e+00,1.364770204038591617e+00,-2.081976861343996621e+00,-2.346180955936389090e+00,-1.794595872008826865e+00,1.723284742121770519e+00,1.786425351632684011e+00
-2.070438843961947217e+00,-2.714233558838941018e-02,-3.052311655934677237e+00,-1.810022661812573208e+00,1.510959625583604193e+00,7.363529336891211363e-02,1.803439107191677548e+00,-1.215691006169500099e+00,1.131232273441377778e+00,5.416437738606926899e+00
-2.460503909485177054e+00,2.811565261323267784e-01,1.551376741465176679e+00,-1.790308489074562859e+00,1.752540726554101536e-01,-3.337664458482085816e+00,-2.203690632205263178e+00,-8.682466350795268184e-01,4.549252989111767231e-01,4.205429384587612951e+00
3.343289233494131096e+00,4.324407914074612336e+00,-1.666614716488941994e+00,-7.541978402088551636e-01,-1.856421307897394790e+00,3.050377560093464169e+00,-7.005009770669987645e-01,8.109011906819940663e-01,-1.637952500707252179e+00,-4.168642317109839901e+00
1.292005496556595467e+00,1.915555582690520620e+00,1.188422725310673833e+00,-9.271002110669647189e-01,-1.868134593719437575e+00,1.770370294961436386e+00,-2.175207025806484840e+00,9.170989010874395220e-01,-1.645455449718846053e+00,-3.810784950510760716e+00
2.554322547243780051e+00,8.230992391911524209e+00,-2.422084666418090393e+00,1.527664276484991479e+00,-2.017661976484284914e+00,4.047102351760694106e+00,2.175007732317075781e+00,2.916097823956685708e+00,-2.099895322518349872e+00,-4.808097858868343621e+00
-3.025247747145134891e+00,-4.226488949730258682e+00,-6.071425107027326185e-01,-2.023156068756277293e+00,2.169946213915120214e+00,-2.122798381995679495e+00,-1.802123321432072878e+00,-2.716301817668966834e+00,2.745573455211703706e+00,6.438331556831908387e+00
-2.864385353442377991e-01,8.236962214647495228e-01,-9.791125141174359392e-01,-1.508314512524121298e+00,-1.591612417551439229e+00,1.775642196610675461e+00,-1.535629120196131181e+00,-3.685068809596891981e-02,-9.857160577905770271e-01,-2.530441033605650425e-01
-8.040013566390280531e-02,-2.804400139309992213e+00,1.653986039784960838e+00,-2.089459651970623000e+00,1.773928090494047760e+00,-4.943301277545245065e-01,-2.234848767050438223e+00,-3.258229868805508467e+00,2.134553653319870126e+00,1.338987850920058786e+00
-5.360168612997835424e-01,8.186209588511907942e-01,-1.661581286532479496e+00,7.657646876332272479e-01,-1.957309787766535303e+00,1.638252668977903115e+00,-7.548616942686623421e-01,1.738005041745092072e+00,-1.900888268297819428e+00,-2.036743699437385757e+00
1.235043223806091994e+00,1.054416925409103367e+00,-1.590576122306497808e+00,-1.653547103195328161e+00,-1.354062560826862605e+00,2.727819570641712765e+00,-4.203304771635030801e-01,-5.074366648741186481e-01,-6.704036269564113137e-01,-8.470131567406478101e-01
-3.140231477450245556e+00,1.911480693791594021e-01,2.308413598160186986e+00,7.808284639920516357e-01,-1.967673542939779807e+00,-3.727879044200157477e+00,-2.279178794615491555e+00,1.775215540396565927e+00,-1.912153599821458716e+00,4.979476017420683687e-01
-3.756321755818463615e-01,5.023216501070147944e-01,-3.725279528697105214e-01,5.070149525078859742e-01,-1.955281428196472548e+00,-4.141182137762655646e-02,-1.787864518803394365e+00,1.788963741618737835e+00,-1.923538576368108766e+00,-2.703263485566629765e+00
2.913405841823362152e+00,6.678011251901958545e-01,1.691671563924738386e+00,-1.971629308781036816e+00,2.577545403104405608e+00,7.441459586073289056e-01,-2.221903963272231053e+00,-2.046559184992961633e+00,2.090410415575605807e+00,-1.236510151389614287e-01
2.664961768762895034e+00,5.019246437337910649e+00,3.350743655313527469e+00,1.458770707051882720e+00,-2.010225877388724491e+00,9.738817562749928491e-01,-2.338865719564813261e+00,2.842816044376978546e+00,-2.088703995231267374e+00,-4.797399533973283781e+00
1.203321313046306962e+00,-2.850148889688860709e+00,1.506526653562799467e+00,-2.095183426783963743e+00,2.902664736083122143e+00,1.599449886814160449e+00,-2.202948228518675666e+00,-3.358428981172451699e+00,2.519929887217812414e+00,2.599445839440776673e+00
-2.946019934518279815e+00,-3.082431423311644103e+00,1.008490170958260990e+00,-1.932386088577587424e+00,2.201508935798019095e+00,-3.271627307787194461e+00,-2.166731912590590614e+00,-1.708940204824148434e+00,1.968791814735857848e+00,4.721882557006277459e+00
3.433683851115072017e+00,2.768096496082508295e-01,1.897628627085716779e+00,-2.002414250284755060e+00,3.092690224346107186e+00,7.733436874624202151e-01,-2.239102598455675164e+00,-2.369514595972246340e+00,2.835165560910507310e+00,-4.865313508712479917e-01
-9.303541010193416838e-02,7.530380187907474987e-01,-1.688696191012408754e-01,1.645629581474792325e+00,-2.027272692097602302e+00,1.541919999964200816e-01,-1.821891959633609614e+00,3.334206002515532674e+00,-2.138050699180420899e+00,-3.529589294779059916e+00
6.689192829850894029e-01,1.096454320306573083e+00,1.578725898207173017e+00,-1.168957550426598768e+00,-1.855265469730747352e+00,4.202250341762981956e-01,-2.215572999271586685e+00,5.366215283140682857e-01,-1.545861513649558594e+00,-3.013505205297837719e+00
2.719391202213659930e+00,4.918775105093883937e+00,-3.162518896525287282e+00,-1.552106375401849370e+00,-1.561947397170390106e+00,4.522872844671277370e+00,3.100830123209998401e+00,-2.063206063361189280e-02,-9.299465678134766211e-01,-2.567770698109726801e+00
-3.325398284254220904e+00,1.244384515519596224e-01,5.645842949564023883e-01,1.786194123496978703e+00,-1.971587881449491153e+00,-3.188851110163438030e+00,-2.109392413733430338e+00,2.207967670078364364e+00,-1.960495717243309954e+00,9.417715283306102858e-01
2.351682152870484543e+00,-6.783146895274434485e-01,2.069685757744211152e+00,-1.856095387844561406e+00,2.392926558780682278e+00,8.439088388570445964e-01,-2.252776970134566792e+00,-1.566166654181851303e+00,2.792495004112088175e+00,3.701694519720040155e-01
-1.474221144347850121e+00,1.472403974861423714e+00,4.543094981087936191e-01,2.281333669285437793e+00,-2.015869082358504372e+00,-2.190464869441218543e+00,-2.039376008729039569e+00,3.056537695004219124e+00,-2.103769086721355208e+00,-2.908185112669411931e-01
-3.013265152713935358e+00,-3.229245693062152700e+00,-2.607049402922008596e+00,-1.890821546812955223e+00,2.540373326776063756e+00,-3.588145909966007352e-01,1.561918467026909951e+00,-1.895853895787760646e+00,2.059988364803403194e+00,5.815577742346278889e+00
-4.463546596524352594e-01,7.783503906727360366e-01,1.566747181405274247e+00,-4.090251236359093712e-01,-1.949450571314810032e+00,-1.464159006723219081e+00,-2.217739491290861231e+00,1.441398213927564065e+00,-1.870165480743740671e+00,-2.272151111122872269e+00
1.081000048035895666e+00,-3.391109813289244101e+00,-2.215840528533716824e+00,-2.085830320758974565e+00,2.482423108175570547e+00,3.424257823047426541e+00,1.731165403194519836e+00,-3.246548652162082771e+00,3.137014317163223431e+00,4.227017654572629013e-01
9.519382505980269471e-01,-2.278680322547217862e+00,3.409055143990472381e+00,-2.013617093295108962e+00,1.848067150279433690e+00,9.018158639482176664e-02,-2.340507622167874668e+00,-2.554003424184092541e+00,1.926715356590873895e+00,5.413575897799633996e-01
1.936450564499732074e+00,-9.963242394143900782e-02,3.402305429342008303e+00,-1.991698209243885742e+00,1.672875675506101167e+00,1.012042158156231775e+00,-2.342275620032043815e+00,-2.421683344057864229e+00,1.775455381676428912e+00,7.553386586199040131e-01
-2.634463127004674110e+00,1.057867928990988027e+00,2.635055403975026245e-01,2.269083972781208214e+00,-2.017488020609872645e+00,-3.006950100000220338e+00,-2.028477572848879973e+00,2.885286460763333061e+00,-2.098240389833140984e+00,3.847792189667131879e-01
-4.016061104098680445e-01,-3.388224564241595349e+00,6.880534650725138590e-01,-2.043865498821189952e+00,2.119318729383834476e+00,-1.125236828929743638e+00,-2.125663227476014772e+00,-2.848122328704206563e+00,2.257410010293012359e+00,1.579283864818202376e+00
1.717106198790197880e+00,2.824669270381181985e+00,5.699939631391179873e-01,2.273738673411006772e+00,-2.032018299173280251e+00,1.778980504069056501e+00,-2.074101646630496010e+00,3.492590703954571829e+00,-2.156244570930077487e+00,-4.654274864032132086e+00
-2.366531696452979006e+00,6.408980030674675810e-01,5.507542846945545634e-02,-1.867776674237762835e+00,1.026674883662987980e+00,-2.528808697370150238e+00,-1.986359205116471571e+00,-1.345959757007675783e+00,1.306024126308670930e+00,4.252915896722606170e+00
-4.084374954805207736e-01,8.876839320893270546e-01,2.042401023982077568e+00,1.321252872226912123e+00,-2.012962797931864056e+00,-1.396406558165220080e+00,-2.241842211552168340e+00,2.829721051065765103e+00,-2.086042205170334007e+00,-2.728307174317859740e+00
2.726793051306045435e+00,3.886074292916898987e+00,2.186110246824497061e+00,-1.245397634640678763e+00,-1.737035365515479102e+00,2.248622499707005673e+00,-2.257750958720944556e+00,1.635584479612992581e-01,-1.290123747212466698e+00,-3.103443740962176900e+00
2.350671209698778519e+00,3.504284513667014878e+00,2.990534822845335228e+00,1.218007238092182254e+00,-2.005727067840755051e+00,2.692927156898484720e-01,-2.322679620368303777e+00,2.591517972454518315e+00,-2.063005853891927810e+00,-4.703641221786371673e+00
1.446019547411002470e+00,1.935869902257635111e+00,1.435092888501400488e+00,1.213324693007437727e+00,-1.986947504743286297e+00,1.675057409607982883e+00,-2.205168569287144997e+00,2.308836538039461317e+00,-2.005749926254831284e+00,-4.495269256147056858e+00
2.590145538652652846e+00,5.245954819192067298e+00,2.288826703212254898e+00,1.568913325689572646e+00,-2.026528401628496567e+00,1.542219488505106817e+00,-2.284107155630956232e+00,3.320866158440473725e+00,-2.137044645365159479e+00,-4.845454408870393692e+00
-1.533766741991560822e+00,1.310431342055288662e+00,2.945065760842307867e+00,-1.680378154421390713e+00,-2.745134596886372735e-02,-3.198424552624437034e+00,-2.319936696830593892e+00,-8.781399949242905123e-01,3.303062838167337700e-01,6.047001846572225503e+00
3.231545800333770480e+00,7.973951746028975940e+00,-3.037843404282187354e+00,-1.654065933092777163e+00,-1.153140745162107184e+00,4.793793759997358350e+00,1.853307914135994272e+00,-4.088668162278792373e-01,-4.599411623948714833e-01,-9.752809927645663679e-01
-2.803834685310893082e+00,7.412991852841064322e-01,2.944357753963398494e+00,-1.465445905431401075e+00,-1.446146190693871070e+00,-3.742798188442463037e+00,-2.318023225649558317e+00,-3.489404854044773074e-01,-8.313949653973911058e-01,3.165598026687250321e+00
7.883631256892122963e-01,-2.328721234557806774e+00,-8.906169666036709565e-01,-1.976713426887519054e+00,1.889398715593980205e+00,1.451280085408463760e+00,-1.642992822035427514e+00,-2.064630746401536321e+00,2.018484314262913415e+00,7.769606768398755747e-01
-2.986300569913695746e-01,1.965756286948791010e+00,-6.841189860190484140e-01,1.371474774650329742e+00,-2.017693302059465399e+00,1.085813683482806269e+00,-1.771100565944042859e+00,2.896880507502672231e+00,-2.098759644145069103e+00,-2.984700781035704242e+00
-1.661175750246331795e+00,1.696039442511657391e+00,7.294590586546050304e-01,-1.456957754271426708e+00,-1.491409901411180572e+00,-2.694949304310838567e+00,-2.132737559417211770e+00,-1.957927268168235813e-01,-8.253363946534940654e-01,4.161625147490074283e+00
1.098705561544800702e+00,-3.254861519039603746e+00,-3.807316435517762443e-01,-2.038005785958930893e+00,2.557667860779290869e+00,1.868745600429554399e+00,-1.877843113760762961e+00,-2.808570625818807009e+00,2.908969677213334659e+00,1.706195839299938344e+00
2.737703880013762969e+00,6.781745045020537432e-01,-2.944356964309167157e+00,-1.977838987122533698e+00,2.869014708547041437e+00,3.627210212229087016e+00,2.201102935990503884e+00,-2.181965274180045267e+00,2.041644663640751034e+00,5.650918313227184520e-01
3.057499116338107115e+00,4.262278551400441096e+00,-9.316457790105507897e-01,-1.907474080413299022e+00,2.635480264554589613e+00,2.237427831247254861e+00,-1.452095216073094441e+00,-1.554168223248515446e+00,1.334567952964755611e+00,-4.791820738213459219e-02
1.441824464700248498e+00,-1.732816130814886169e+00,-2.304033340477403158e+00,-1.976441656865609797e+00,1.826968357308747182e+00,3.298437369606804115e+00,1.619626709273906950e+00,-2.088761925853063417e+00,1.970381421193788896e+00,1.049960671475247409e-01
1.406216780610221484e+00,1.368239417141499104e+00,6.666811661467244576e-01,1.514134995697159924e+00,-2.007882107412520600e+00,1.001459605120532226e+00,-2.069672259207035125e+00,2.646294314938065995e+00,-2.069250523489743809e+00,-4.494443703077799945e+00
-1.842737267257381850e+00,-4.200318217614905869e+00,2.158531099253810481e+00,-2.107405634695458385e+00,2.367495278759264021e+00,-3.075981426126863205e+00,-2.276297931648102235e+00,-3.478370204868940441e+00,2.826921250422184784e+00,5.827220373577186585e+00
-5.775430649979313991e-01,6.303377143065984622e-01,-1.835752812871269679e+00,6.160535016950607901e-01,-1.955231714047679370e+00,6.113804869426671118e-01,5.283581843759885821e-01,1.840485965694447223e+00,-1.881656468384956815e+00,-1.431126091139847789e+00
-2.250158683913764612e+00,1.522868065875413457e+00,3.329663648112162200e+00,-1.591148804105505521e+00,-1.579669091782890167e+00,-3.621938441043702994e+00,-2.338401291192558240e+00,-3.215491535149008762e-01,-9.221416664407737773e-01,5.198701759403451916e+00
-1.886889697547466938e+00,-2.305247549315711186e+00,2.832411083124020124e+00,-1.934799230750243293e+00,3.023388599389928988e+00,-3.423614810540937192e+00,-2.310786281224127769e+00,-1.717346945641412326e+00,1.765475824642232627e+00,5.059771741913447585e+00
1.868328741628673129e+00,-1.428874204852558671e+00,-2.715316001627468445e+00,-1.984050302667313526e+00,1.795620324347511731e+00,3.580976916703226376e+00,2.247733972184573492e+00,-2.115458913033115174e+00,2.176915622141978979e+00,1.002067999803612830e+00
-3.278077918988923312e+00,-6.979836875412166464e-01,-1.774820977609730122e-01,-1.851038577252650974e+00,2.092520094131685937e+00,-2.678910103480713012e+00,-1.907792783674876036e+00,-1.191720373370814823e+00,1.270378748623791409e+00,4.953177994649630378e+00
2.644078641968611976e+00,3.799347740760616432e+00,1.248043474222635396e-01,-1.696034570931210128e+00,-1.295367199540029990e+00,1.940330443846819630e+00,-1.995458334682651103e+00,-5.630807738643950344e-01,-5.550285206155144424e-01,-5.784239859123923022e-01
1.874004245720072959e+00,-1.451032950645921416e+00,5.163818267264614903e-01,-2.067610238860154048e+00,2.543381511321123334e+00,1.417504983175491118e+00,-2.091769341267377680e+00,-3.011273487791427783e+00,2.063823421898345778e+00,2.318620829575335773e-01
3.097012876253855573e+00,4.182029388210267484e+00,-2.480039272771401571e+00,-1.639476184338374831e-01,-1.923482158872596992e+00,4.382250071593031038e+00,2.044132375253385980e+00,1.450429912424019641e+00,-1.834458638787172413e+00,-4.467426688464182227e+00
-8.406816626051627495e-02,6.264710636321915160e-01,1.001457106228130556e+00,1.501555446755426626e+00,-2.020895121754091139e+00,-1.999852196633967738e-01,-2.145974443280043165e+00,3.169098147610778682e+00,-2.112513912315349351e+00,-3.692881293225890982e+00
2.649121448665470169e-02,-3.824724608605663434e+00,-5.522426975835115215e-02,-2.029577435909076133e+00,2.624260717795780185e+00,1.076074226739637929e+00,-1.875674198111579871e+00,-2.580183082376115156e+00,2.695228479464434557e+00,1.821177579370896193e+00
5.988873024035035186e-01,7.912324696844647010e-01,-3.255094410715191344e+00,-9.996381472568309778e-01,-1.891693132893876195e+00,3.333725404214897381e+00,2.971415072537410218e+00,8.482940688023221654e-01,-1.673680744137897580e+00,-3.300058735179568714e+00
2.292145065464103126e+00,3.641696888529798670e+00,2.977522096675095931e-01,1.956739932793308823e+00,-2.019206100511919288e+00,1.822213209869263384e+00,-2.072158950842600600e+00,3.069863192182973322e+00,-2.113474777323414155e+00,-4.774402998785843621e+00
-1.658286792730955028e+00,-3.549340365084766580e-01,-5.024169362817190176e-01,-1.857588319220146778e+00,1.276536547993582627e+00,-1.947360619319737474e+00,-1.799662612344563373e+00,-1.500739610503432964e+00,1.220826684714232169e+00,5.354180674114974892e+00
1.094457052169238942e+00,1.161975889481988933e+00,-1.203997828051902808e+00,-1.763466955789690704e+00,-7.366894686499793066e-01,2.079711652758120088e+00,-1.430306434798279680e+00,-7.196674569015768519e-01,6.027777076705170822e-02,7.582669534338681849e-02
1.951044727057220207e+00,3.960337722160943486e+00,-1.685775092519789631e+00,-1.715946248974989485e+00,-7.190974472024845854e-01,3.566738517319432145e+00,-3.304499030843428553e-01,-6.223089561570218642e-01,-1.897890016953585057e-02,-4.194468833460570645e-01
-9.472392628640404766e-01,1.571864206153352095e+00,2.455696259099228840e+00,-1.641050538321551011e+00,-1.092009757149956739e+00,-2.641455416313556626e+00,-2.276722665963398118e+00,-5.131269692385109771e-01,-6.044251430201790232e-01,4.478423847791830781e+00
-2.474271022941576526e+00,-3.515769861593829759e+00,1.474771043385133318e+00,-1.973712195375080247e+00,1.853932164248012882e+00,-3.366423331742441682e+00,-2.218564448785972143e+00,-2.366705340016788117e+00,2.115906202629746158e+00,5.019588081362826415e+00
-1.769268059507699498e+00,5.211159716747382209e-01,2.698299756595434751e+00,-1.763706625239150005e+00,-7.184008027426164178e-01,-3.055532690888331349e+00,-2.302827002853558902e+00,-7.830808710625558611e-01,1.199662274559995523e-01,4.574895688169601016e+00
2.180881213610537550e+00,1.070045022828745918e+00,4.890229905638703300e-01,-2.059902988340514440e+00,1.684807935411154700e+00,2.857106375365417783e+00,-2.066774454860949906e+00,-2.960370556726075630e+00,2.261732012294030092e+00,2.834811556693461743e-01
7.581626043567943896e-01,1.953744386911798303e+00,1.623857972665802230e+00,2.156042763361250003e+00,-2.022040790659621390e+00,5.938162515783398376e-01,-2.217955080136209567e+00,3.073126209610951065e+00,-2.118161977749083658e+00,-4.405302438016109434e+00
-3.282062505779931971e+00,6.626727654442643445e-02,8.602204406997353558e-01,2.470786929404111376e+00,-2.014085698192491503e+00,-3.390434588164787932e+00,-2.113937750481468481e+00,2.800274264957122838e+00,-2.087649877588437786e+00,6.620617962777599619e-01
-1.407941409043798053e-01,8.809620922205201321e-01,-3.244275786534489558e+00,-5.438962166219611927e-01,-1.934461597038164005e+00,3.277848646551242418e+00,2.952801110338333146e+00,1.298978559329726501e+00,-1.797971929712002703e+00,-3.112598714239850128e+00
2.939258513340625711e-01,1.255381347095542832e+00,-1.938533553378182450e+00,2.533914280428653854e+00,-2.027092117378847203e+00,3.034423222428928923e+00,3.765576427670273008e-01,3.332364647155912074e+00,-2.137570946264076621e+00,-4.142206021323009857e+00
-7.907472384650970909e-01,5.896474970000206151e-01,2.278623733478824853e+00,1.701269141439398558e+00,-2.017897487028493586e+00,-2.086220388271655235e+00,-2.273574895414399943e+00,2.975692992659004332e+00,-2.103602338647122760e+00,-5.558093824862965215e-01
2.264143334518724515e+00,2.917281528684264380e+00,-3.318860653916445358e+00,-1.756258625682176833e+00,2.315316459227195089e+00,3.808158149921547331e+00,2.239598670100152678e+00,-1.043103018114144742e+00,1.344640203185687888e+00,-5.051570517072280220e-01
7.173024383398214354e-01,7.580342820423240369e-01,-1.870346167213177146e+00,-1.788987521102248124e+00,3.462150213081764960e-01,2.870174891913261916e+00,5.226868098746065838e-01,-8.877703374019949578e-01,6.963127264991162413e-01,-2.505098988584603115e-01
1.771250490947231526e+00,2.087037448084349212e+00,-3.353875502336142844e+00,-1.414006956816996841e+00,-1.739077525089480103e+00,5.950648336223285817e+00,2.731287726065514843e+00,2.671499733796123266e-01,-1.327091776723121841e+00,-3.102364621331497041e+00
-2.563425535618385709e+00,-3.357730412363725048e+00,2.806644474383467980e+00,-2.086015383778236920e+00,1.979143602343170771e+00,-3.683824017511525550e+00,-2.311352309191344379e+00,-3.252999865921460731e+00,2.088761467029861763e+00,6.575516459579658246e+00
-1.099322397746861135e+00,1.738690684192362834e+00,-2.884062127645723450e-01,-1.663280366747948769e+00,-1.282354364878633524e+00,-1.230352753899450313e+00,-1.840911335001274018e+00,-5.933387931686349148e-01,-4.425520657335171859e-01,2.919350200441995113e+00
-9.871804717398493523e-01,4.041493185013631528e-01,1.235895050156702979e+00,-1.828972696492164651e+00,7.008609501026934474e-01,-2.365800637787793814e+00,-2.175710626815204218e+00,-1.136449233653388458e+00,9.276636333522418898e-01,3.095371224743769911e+00
-1.322438207773937613e+00,-1.054660019420825767e+00,-1.288180307261352020e+00,-1.826722106859877570e+00,2.152532879007981848e+00,-9.871488151323237759e-02,-1.276058406890764996e+00,-1.371739185105663950e+00,1.543805042890781465e+00,7.020865038167438676e+00
5.423721835559991433e-01,1.591354203249209176e+00,3.128981070444957879e+00,-1.746243453830025327e+00,2.129808671693544930e-02,-4.564745613329700413e-01,-2.324454289816932473e+00,-8.247585368849099652e-01,4.433142927130350741e-01,-5.025090901676901867e-01
-1.501131471261972106e+00,1.518423310587381891e+00,2.212152992941311958e+00,6.288414455555748628e-01,-1.944734057370052893e+00,-2.865336326202319484e+00,-2.279742658464987137e+00,1.673856674639442765e+00,-1.917600505623935137e+00,8.144953360228576189e-01
-2.905382096920294810e+00,1.023437581569618615e+00,-4.072576934381482161e-01,-1.464024097720827644e+00,-1.750065040608811406e+00,-2.201753191467207493e+00,-1.876745414609076956e+00,1.887704742386207002e-01,-1.358145208750272781e+00,2.205930648593521948e+00
2.398497078092101553e+00,5.491528022430793854e+00,-1.408420833912294778e+00,-1.554522952680393866e+00,-1.543319602333267149e+00,4.989839177476361520e+00,-1.176252975700091907e+00,-2.538298787891291042e-01,-9.956115327456885877e-01,-8.323271003328365225e-01
1.131383134533880508e+00,1.780170099083835611e+00,1.801878662908674933e+00,-1.302671099342028516e+00,-1.549823661590389756e+00,1.901521306871253314e-01,-2.226026521702820560e+00,5.223434308065932896e-04,-1.071526663313922212e+00,-1.940523041390992853e+00
-2.922393872696401829e+00,8.173518535146281350e-01,-1.607853401782924241e+00,1.418197417422227380e+00,-2.009612151061351160e+00,-9.881526123324655408e-01,-8.726415802085744078e-01,2.873790927559356945e+00,-2.086793617349387731e+00,1.487440597028213185e+00
1.811057626025706746e+00,3.910031577155234306e+00,2.447124669561862476e+00,-1.433751116656356128e+00,-1.771091344317356153e+00,1.364881967071533309e+00,-2.293977918016619544e+00,2.534584591302033729e-01,-1.431892257263758461e+00,-3.180284744538905972e+00
3.205903791574156614e+00,6.949682088012806958e+00,2.081807682678236127e+00,6.961226769305183248e-01,-1.947445167103946995e+00,1.977248716539934170e+00,-2.272056029925119791e+00,1.638078632192140560e+00,-1.843765018855951121e+00,-4.604505630090282686e+00
7.694947802741687326e-01,6.961893327964040479e-01,-8.191450423752897336e-01,-4.581185308409346235e-01,-1.940616886559452636e+00,1.958614928360636664e+00,-1.630954070594551997e+00,1.432501566164381401e+00,-1.862464540473650176e+00,-4.025606689621850087e+00
-1.551578065579992671e+00,-4.458128883319690594e+00,1.031114522328139493e+00,-1.965708007201014018e+00,2.266867354904570142e+00,-2.882959235611590731e+00,-2.166687730166729775e+00,-2.075378309705448565e+00,3.559388508822155295e+00,3.989678828981029213e+00
-2.877301806834694720e+00,1.721253876614121880e+00,-3.140330677706206330e+00,-1.694084560965582353e+00,-7.988596853629267303e-01,3.269309948734129279e-01,2.543400823095844920e+00,-4.760472675060771763e-01,-1.366870496884363684e-01,4.326239010487586967e+00
-2.300018728311802541e+00,1.044711839774585815e+00,-2.630054542057937095e+00,1.655252927564718757e+00,-1.997181858327624182e+00,6.231447753729413286e-02,1.627026555906641914e+00,2.617860347742782423e+00,-2.054927913929831984e+00,5.292408212554210456e-01
-1.477292281989584843e+00,9.612618045477472339e-01,1.345530915772453540e+00,2.502075213156796707e+00,-2.007224311454932852e+00,-2.791764809163127303e+00,-2.181414021271803172e+00,2.611358899520864085e+00,-2.064516714316183332e+00,1.564794341959464319e+00
1.190304679844617297e+00,1.640253810888575803e+00,2.951787879633076095e+00,-1.654844177525438553e+00,-1.499316976657835809e+00,2.696535628563445641e-01,-2.320454613855686521e+00,-3.425821827909398820e-01,-8.198523977105043326e-01,-9.870762399309800372e-01
-1.928290085800066223e-02,-1.973675355296862666e+00,3.164019975003995455e-02,-2.022126931439041542e+00,2.304207451490643432e+00,1.301067567958040239e-01,-1.941403927437911792e+00,-2.503488225398988298e+00,1.855893968436556296e+00,2.667881000008508252e+00
-3.048796168908185500e+00,-3.050188877232928863e+00,9.158494341428351504e-01,-2.084522149234305566e+00,1.524573917552066726e+00,-3.242880346655676593e+00,-2.164243012737852467e+00,-3.170848064561794022e+00,1.886685053430827930e+00,6.027124906720604081e+00
3.282211325152061043e+00,6.303294312958030332e+00,2.293539128765044843e+00,-1.646738479655781129e+00,-1.393581840058680577e+00,7.468309935350603279e-01,-2.273947296471689139e+00,-3.996867916542372612e-01,-7.499151412356381829e-01,-8.504725005397618665e-01
-2.155715392461265090e+00,5.852271967491586846e-01,-2.864690364685314350e+00,-8.629042026087048178e-01,-1.902917427312115883e+00,8.087769072681660898e-02,1.940382357987017858e+00,9.005120656794822764e-01,-1.685148651459518865e+00,1.085017349559114441e+00
1.165956151561641008e+00,-8.754638852859054632e-01,-1.029203082543639347e+00,-2.022073251700083230e+00,1.757532879579081220e+00,2.212798803482338705e+00,-1.264163247491249198e+00,-2.659117947717581032e+00,1.781997424960910292e+00,2.546329375609323598e-01
2.114100102228951172e+00,4.164121803183546078e+00,1.001738535437799449e-01,-1.269454803236468532e+00,-1.721038172616896400e+00,1.989543396658004060e+00,-2.000114843494339212e+00,4.133433440291955918e-01,-1.277530411875934080e+00,-3.547841198701782162e+00
-4.720427236703792495e-01,2.494238961285492717e+00,-1.195638003014062534e+00,1.718481366050489623e+00,-1.989245265418479347e+00,5.105424036938313037e-01,-1.381697574833073539e+00,2.450025049027275692e+00,-2.005423969268657736e+00,-1.913726483692238745e+00
-2.011815278439320842e+00,1.231117785739412218e+00,-2.305973564786222951e+00,2.569082267014079157e+00,-2.029359848295844593e+00,-6.161819199468157038e-01,1.549837102691377533e+00,3.374931846511837641e+00,-2.146030746395109823e+00,4.761206577277539154e-01
2.739820962333210375e+00,1.935645216318619966e-01,-3.455535371630257924e+00,-1.976380575936367290e+00,2.438437185977238908e+00,3.861703803013683434e+00,2.090431095084125612e+00,-2.215432655186789113e+00,2.851799568214778091e+00,3.857809063506784097e-01
2.977443770968016601e+00,6.407603828174318394e+00,-2.991870368391051915e+00,-1.659632478004403833e+00,-1.213146887393223405e+00,3.612167233702727298e+00,1.975993237936578106e+00,-5.471159386102319999e-01,-5.587189585042175999e-01,-1.467310502840915465e+00
2.337464377942539251e+00,3.770010963332785181e+00,5.445166396149971888e-01,-1.232655730448399600e+00,-1.846597924780900124e+00,8.873073795603256819e-01,-2.058617646736426998e+00,6.469260434254682224e-01,-1.573285009916844057e+00,-3.836184023478772520e+00
-1.194707097500917303e+00,-1.031404035839025290e+00,2.349932842528723143e+00,-1.860117833538347476e+00,1.905635594142912836e+00,-2.538826027899864890e+00,-2.282835957242120184e+00,-1.299081364355230583e+00,1.479007273042294512e+00,5.953369903696758669e+00
7.113306900928417775e-01,8.695378622757999887e-01,-5.504787912192146138e-01,1.602641230161748753e+00,-2.010085103625892877e+00,1.590164563953247345e+00,-1.828927172911079868e+00,2.769435771820605297e+00,-2.079981901114202447e+00,-4.352975136246346466e+00
-2.523597883970150058e+00,-1.237166406970729993e+00,-3.043138123501408110e+00,-1.931764292279237294e+00,2.908897927821754159e+00,5.287061091848612726e-01,3.261240639337808389e+00,-2.061173752789651203e+00,1.525771786318198542e+00,6.733941400329968019e+00
2.960953775472850324e+00,8.796398166017641573e-01,-2.977112691862707994e+00,-2.049536107784533989e+00,2.945936609011692298e+00,5.092747470448442115e+00,2.274386138949626268e+00,-2.825302522405724215e+00,2.118581116697829447e+00,-1.667842099023590652e-01
2.929609306171428784e+00,4.971422719290043979e+00,-2.336058350872864509e+00,1.450280829828039408e+00,-1.989582121283194782e+00,4.809402853494956886e+00,1.194570678842663769e+00,2.571157042911508483e+00,-2.038078499306712477e+00,-4.782180923816200746e+00
3.159851680070115520e+00,-8.668046115498073689e-02,3.312392964153771935e+00,-2.070071082216853320e+00,3.005955628873638208e+00,1.184780525016825514e+00,-2.337125099366542447e+00,-3.093967142187907360e+00,3.232615622938725508e+00,-2.045694182827352825e-01
2.152782628206905358e+00,2.778324636835828976e+00,2.210010789228302741e-01,-1.842625903105486351e+00,1.506071030925873133e+00,1.759718193165989764e+00,-2.052298608772506139e+00,-1.321908324512174548e+00,1.498620304164994588e+00,1.130612544582989543e-01
3.194744524687505915e+00,1.346828244634304728e+00,-2.962546710122644811e+00,-2.029771667503274646e+00,2.126889285990078982e+00,4.307472980796927864e+00,2.726303880694665338e+00,-2.708542142637344163e+00,2.043568734470644799e+00,9.650659864092174800e-01
1.763060177089275982e+00,1.928208374937989023e+00,5.648986249307528240e-01,1.258294831544689574e+00,-2.004233178665686843e+00,1.282028308865074795e+00,-1.998558916261559570e+00,2.467694426288026932e+00,-2.049881181008284425e+00,-4.612080266903644699e+00
2.126529669583631765e+00,4.081751153339880922e+00,2.764449047125527414e+00,-1.566636304702357707e+00,-1.498192286519565597e+00,8.773935991720051009e-01,-2.309413965537633562e+00,-2.506637376852554056e-01,-8.279232175561831442e-01,-1.453690541501498235e+00
-8.546814590847007231e-01,3.250889307135508277e-01,2.504790322324909724e+00,-6.287724023984080368e-01,-1.886483764313556133e+00,-2.446675517592847626e+00,-2.293008232914632405e+00,1.147271620561332028e+00,-1.702681511389217306e+00,3.507379675334423297e-01
-3.648238391086078281e-02,1.260499170403019065e+00,6.257325403559379495e-01,8.138761696198083539e-01,-1.969500507488551655e+00,-3.875223057577224517e-01,-2.063648902376804095e+00,2.111325281799436127e+00,-1.961179720393785963e+00,-3.635383832745029409e+00
-4.462201583681357775e-02,9.213812885055462365e-01,1.997652717741011941e+00,2.154746759235931286e+00,-2.027511577051568370e+00,-3.612256883223753379e-01,-2.254710452549294253e+00,3.330822846527025760e+00,-2.139865314400277274e+00,-3.290410016863022147e+00
-2.084785059230755522e+00,2.957222348439206838e-01,3.906832802675532790e-01,1.768066169378789798e+00,-2.005771157393917203e+00,-2.509456942715320604e+00,-2.058702251794247928e+00,2.825682569791098331e+00,-2.073150903798282929e+00,1.572944071783386022e+00
3.166000946730157750e+00,7.463039604499690505e+00,-1.153680823374580999e+00,-1.638246934329778082e+00,-5.146524521262412222e-01,4.050633075174947528e+00,-1.385928652112823123e+00,-6.846463924516688060e-01,-8.371915332063717408e-03,-7.916536040117279072e-01
1.752811048571549790e+00,2.485093573240376941e+00,2.099888926501498609e-01,-1.813252763562493985e+00,7.508472794472654810e-01,2.250963000779638179e+00,-2.013502205030520908e+00,-1.040318426215463443e+00,7.360286668388276166e-01,6.881346705065483071e-01
-1.615799096134951762e+00,-1.456058122945110611e+00,-1.877160183850318464e+00,-1.846981446565474361e+00,1.314829348704956491e+00,1.355600918713247838e-01,7.767744146747278533e-01,-1.378129491594197287e+00,1.585170242650553618e+00,5.262099199649343362e+00
-2.182271999931901796e+00,1.131468520877168427e+00,2.617794869242819011e+00,-8.650333209718386041e-01,-1.923651642280555851e+00,-3.513608623040437529e+00,-2.301273407837975071e+00,1.048734945229492510e+00,-1.769231559534562681e+00,5.676685251446293989e-01
2.140336288480550131e+00,4.074190073159016379e-01,-2.860323244911664897e+00,-2.010883272989923309e+00,2.395357191516314099e+00,3.866032469119890180e+00,2.347815938799654667e+00,-2.389111579554749731e+00,2.172055429575959984e+00,-3.269428724140122644e-01
3.420393034496973073e+00,4.534259969367202103e+00,8.959300246285861746e-01,-1.759116248549790429e+00,-8.999924107325387723e-01,2.657385382910700145e+00,-2.113481945507482251e+00,-7.812585090993353631e-01,-1.335650660914047827e-02,-9.624620273799955328e-01
-3.267021724568008878e+00,6.551143817687693494e-01,2.886027004245337757e+00,7.782404586495919041e-01,-1.987387668687454978e+00,-3.884684774177367128e+00,-2.316798384099553409e+00,2.162688235133388481e+00,-1.998932115764090023e+00,9.563515464293782520e-01
2.280758483436428286e+00,4.365933284731346120e+00,-2.583067378336017406e+00,1.462850373030705753e-01,-1.944805649506771594e+00,4.932306224041985487e+00,2.247897622350496505e+00,1.450680350674885766e+00,-1.876762985382881554e+00,-4.159442787427122923e+00
2.618416034672267578e+00,4.674055068640994293e-01,1.070905759722752926e+00,-2.091663276473135546e+00,2.167561413338426668e+00,1.841177474500980571e+00,-2.138173322420395372e+00,-3.266882019753261091e+00,2.278779569112915127e+00,5.921589875391177760e-01
1.870421099440240376e+00,2.060563714019786552e+00,2.440824436427495137e+00,6.589961124056138431e-01,-1.970625490257805534e+00,6.336140162359782391e-01,-2.293628611836633358e+00,1.930725912867488070e+00,-1.938515166753733254e+00,-4.426020039836093822e+00
1.046338018309498352e+00,1.837136889454195066e+00,3.096566699924215627e+00,-1.859554848738207200e+00,1.477465497482800316e+00,4.786615735456607457e-01,-2.328918141186625324e+00,-1.400031812432662282e+00,1.232228020798559642e+00,-3.442646154129634928e-01
-3.013983516697015475e+00,6.460010079602040989e-01,1.733467879748031848e-01,-9.260247123180616047e-01,-1.900010562592826080e+00,-2.820881197931127460e+00,-2.031570602343078402e+00,1.009864690752225513e+00,-1.689058929786926067e+00,8.911452898366216679e-01
-2.888724997110426518e+00,-3.207676492304452065e+00,1.940896911688580140e+00,-2.008374183788629086e+00,2.117055733445484034e+00,-3.614850026356871471e+00,-2.254167156321897014e+00,-2.421581205254808911e+00,1.936164514652438662e+00,5.181283534267675073e+00
2.715326884210051972e+00,9.194930092533435406e-01,-3.463558332682208807e+00,-2.008892131452320040e+00,1.828042323205707920e+00,6.593188695189439841e+00,2.942669023974829656e+00,-2.343983876382893961e+00,1.848509473041144879e+00,7.869810112940422986e-02
2.437030935408402321e+00,4.296014745611074659e+00,1.513902034744261549e+00,-6.556437523563567460e-01,-1.890212927380343411e+00,1.609496557678331996e+00,-2.211360678833902860e+00,1.077542647717057989e+00,-1.671022158862329299e+00,-4.271564400808476769e+00
-1.597533455025726301e+00,-2.874923157565010268e+00,1.020341465832879990e+00,-1.904666846339192920e+00,1.740759143630961070e+00,-2.730934547348166763e+00,-2.149231144150915984e+00,-1.745261557766401461e+00,1.893951399273959169e+00,7.042425675791537998e+00
2.497863398718763506e+00,4.252914112956713844e+00,-3.464951462821040717e+00,2.220830848028902960e+00,-2.018294286700201390e+00,3.734242978796721069e+00,1.965015531108736058e+00,3.059226961164457137e+00,-2.107486657007390018e+00,-4.802379743078276420e+00
-1.086445008416703217e+00,4.731702251387628899e-01,3.044192707750126736e+00,-1.365881565496666505e+00,-1.821943483206340586e+00,-2.907476759990186732e+00,-2.323704408806784638e+00,3.591194746630583801e-01,-1.489315162453825003e+00,5.729533743947435864e-01
-3.737181960984043982e-01,1.139388212830222180e+00,-6.333409634476190320e-01,1.560690611320883381e+00,-2.029172830372327763e+00,-1.350221912362758458e-01,-1.669124137379825790e+00,3.364562185819997886e+00,-2.145127420673948571e+00,-2.576156697955354513e+00
-5.527677758219420312e-01,1.476334373109320142e+00,-7.081069027380593184e-02,-7.440985641324251443e-01,-1.878138932669608296e+00,-2.055432889530584006e-01,-1.951322058284794325e+00,9.928613973319970754e-01,-1.692744394768787908e+00,-1.621654638558337691e+00
-2.111618395024584594e+00,-3.333507209403424598e-01,2.228325667348961758e+00,-1.826727305797490875e+00,1.060116894660707798e+00,-3.278905473324075004e+00,-2.275897381166748001e+00,-1.122694976416193313e+00,1.284496940507608764e+00,4.796588851553612365e+00
-9.205201927694979247e-01,3.652972551605767615e-01,1.511351620943568896e+00,-1.533756701041508297e+00,-1.596614373744358550e+00,-2.441085441730793892e+00,-2.213027875279623302e+00,-1.036179604373921315e-01,-1.000637211342680910e+00,1.520873420929015341e+00
-2.861968534944980824e+00,-3.338946762016740344e+00,8.612066691986441924e-03,-2.074905033083943806e+00,1.520732817216676969e+00,-2.870589972283929203e+00,-1.918107358155214603e+00,-3.064141976056192984e+00,2.026478099925614007e+00,4.921698294001318530e+00
1.885108367120301054e+00,-1.790493713233055839e+00,1.863044437659726604e-01,-1.966501094797872717e+00,2.131382392183070795e+00,2.127452492381990634e+00,-1.994771108671637982e+00,-2.152070900106479279e+00,2.990856260591645110e+00,-3.207249017912353062e-01
3.050572388899247755e+00,1.944065333464673806e+00,-9.668339610358964720e-01,-2.035400639268693634e+00,2.191423438010845270e+00,3.819290811756636650e+00,-1.520935865658139319e+00,-2.596507564477238184e+00,1.834293546927986851e+00,1.540958097599501420e+00
3.293767523078781956e+00,4.561000306187009024e+00,-2.867870401192628815e+00,-1.122359609340938702e+00,-1.845580555603779427e+00,3.846686507375624231e+00,2.596237920921214304e+00,7.008089846534391043e-01,-1.527951703777644221e+00,-4.015171358865204709e+00
2.301234406988897696e+00,6.483295274835029431e+00,9.902382465590040539e-01,1.281799243653182430e+00,-1.970673309551442820e+00,9.630622604828346089e-01,-2.170391898418299270e+00,2.086714171709112442e+00,-1.968460244618643440e+00,-4.529126535661464281e+00
-3.412046927269313912e+00,-1.467513859586446978e+00,-1.707868606951712831e+00,-1.726722113305124928e+00,1.783917785361905484e+00,-1.056782632974858860e+00,-3.730102764124551551e-01,-9.050670795753252840e-01,1.492090181169111407e+00,4.594046416984829406e+00
2.076515664964623475e+00,-6.992484006090532445e-01,3.007192875859423076e+00,-2.086250223630502276e+00,2.579513928374339127e+00,4.021631337048384713e-01,-2.319214947286703410e+00,-3.263357891407613565e+00,2.716566163889384544e+00,6.800189274978157838e-02
-1.498104103776849882e+00,-3.945409704746657198e+00,1.452354855910585663e+00,-2.036946401720068245e+00,2.593314064570348965e+00,-2.920041051893460526e+00,-2.175178109209222832e+00,-2.720509615418261973e+00,2.656694525986170952e+00,4.214743223157208618e+00
3.103529775667073665e+00,6.116688000616128384e+00,1.644673148025738385e+00,-1.524337753813758356e+00,-1.643322593952693644e+00,1.362008994266516559e+00,-2.222422407469791139e+00,4.653546056645474494e-04,-1.092676046068693729e+00,-2.376036993480531656e+00
1.784328496981403944e+00,3.617970400582339874e+00,5.902603707384539433e-01,-1.731992938204158117e+00,-1.125795801908545002e+00,1.764326512529978963e+00,-2.113437489465845864e+00,-6.522933828888173302e-01,-3.756435182634824121e-01,-6.793862013287891299e-01
-1.256089788672741125e+00,-4.217376126316855434e+00,-1.156536925775650371e+00,-1.994739247983959185e+00,2.157546656595945134e+00,-6.027770926639057780e-01,-1.411723552895624456e+00,-2.425577534137929980e+00,2.972790818080542241e+00,6.304904075783083428e+00
-8.929189599993896387e-01,9.784968634331597803e-01,-3.470522766878057386e+00,8.659491418910245653e-01,-1.995569791406744731e+00,1.886408196066399867e+00,3.094160268993178420e+00,2.233620966939634300e+00,-2.014569061872601541e+00,-7.940094439033542617e-01
-1.152298082138722979e+00,4.603706077520901552e-01,1.317949200652916986e-01,2.557210329131806681e+00,-2.024565723424552655e+00,-2.163041223752498965e+00,-1.986637765025731639e+00,3.205014055539213480e+00,-2.128706032293429917e+00,-2.458098638768623778e-01
-2.660749085552773341e+00,-4.066035849114856937e+00,-2.217926442883394245e+00,-2.065591580293928864e+00,2.815379288354806331e+00,-6.724369957267251063e-02,1.822252355501387866e+00,-2.964412923350413287e+00,2.550886507392217784e+00,6.629300514776612196e+00
1.730885871620726491e+00,2.379018495877164963e+00,-2.480996250390127500e+00,1.815646783620402438e+00,-2.009680265532193033e+00,5.353568076032168221e+00,1.593875758254355013e+00,2.812472760162069818e+00,-2.068552991324702273e+00,-4.587593128445362822e+00
3.038909715382311916e-01,2.017716339941097559e+00,9.654673513343858815e-01,1.809992669893293993e+00,-2.014283589310844391e+00,6.358049747176911515e-01,-2.152623989126993820e+00,2.891978273031647895e+00,-2.090079152980776733e+00,-3.851660323209561199e+00
2.634474557844024289e-01,-3.037076014515461608e+00,2.586877838308092592e+00,-2.021813646141356280e+00,2.157593210825161645e+00,-2.229558010567737059e-01,-2.297857739143594813e+00,-2.673134290082485709e+00,2.261098626682761736e+00,6.056839719318640736e-01
3.459495679897175435e+00,1.733772042737748764e+00,-2.856244760332803612e+00,-2.077877365408278276e+00,2.250761892115926699e+00,5.259858854954044816e+00,2.246776149906444697e+00,-3.136329399216798208e+00,1.988723538159473891e+00,-2.905478853228955494e-01
2.132859414213605476e+00,-3.214170278428245542e-01,3.155050543907000460e+00,-2.068342073730127684e+00,2.214790407229984215e+00,5.832572244462137512e-01,-2.330336130404950801e+00,-3.025461045533514692e+00,2.159655048009657019e+00,1.076686256957513965e+00
6.774181151872671336e-01,1.119661672561938603e+00,3.200166043164980323e+00,3.932233688909462788e-01,-1.974683728250142156e+00,4.589415692254569246e-01,-2.332588651945574298e+00,1.873040737424362945e+00,-1.956693492098198428e+00,-4.048487523374150854e+00
2.916654703371079016e+00,5.573882560835948574e+00,7.276639638906736707e-01,-1.495678607680078320e+00,-1.667346291800750224e+00,1.062742055202772873e+00,-2.107007587567849782e+00,1.505860105356586764e-01,-1.224296271852314266e+00,-3.188400048478062576e+00
-1.075181548009966459e+00,1.048168835294310153e+00,9.527019281152391272e-01,-1.310396460052054124e+00,-1.659900643955573907e+00,-2.306909807491559494e+00,-2.154791754894610278e+00,1.691569897024676195e-01,-1.158147879803849367e+00,1.401073432037705402e+00
-2.157821747858881256e+00,2.008197034366118738e-02,1.558389847879677603e-01,-1.692624644598739181e+00,-4.839453964903931427e-01,-2.464023603343957092e+00,-2.010661922636390653e+00,-6.590952183326868052e-01,1.732127925204139940e-01,6.173049835030508525e+00
-2.019253222986684637e+00,4.444597538284045801e-01,-3.338390895887713761e+00,3.053755061774606205e-01,-1.952276878585589293e+00,4.682572211760624992e-01,3.161132055450475598e+00,1.693417668402746656e+00,-1.884500970799514841e+00,8.434555700450255822e-01
-2.465920433676267010e+00,-4.343612070860598529e+00,-2.044694620588031864e+00,-2.102663183688913140e+00,2.310022531573490134e+00,-6.111407342406720566e-01,1.002916015523403814e+00,-3.434744250962564749e+00,3.015200824316669692e+00,6.573983314502310549e+00
-2.501404212603291377e+00,1.058145338930242652e+00,1.537873207383433360e+00,1.466364398156744464e+00,-2.022116012905038396e+00,-3.414687203429073836e+00,-2.215220278198035242e+00,3.088125021057647857e+00,-2.117838563111656303e+00,2.761155615472891678e-01
2.069703419449556492e+00,5.592085368203226992e+00,4.956063643727981471e-01,-1.455881279462735600e+00,-1.582048038230708054e+00,8.505050871346541141e-01,-2.090020588857830486e+00,2.802348993494252483e-02,-8.988957080572597125e-01,-2.676403175935083478e+00
-6.459588197975665302e-01,9.109861752131354073e-01,1.598765259167697295e+00,1.646364911876310622e+00,-2.017097106417052643e+00,-1.995809925107897564e+00,-2.199823300839051754e+00,3.041872438552424285e+00,-2.108670578664573636e+00,-1.722474066662620595e+00
2.770439362420619389e+00,4.327692670262728747e+00,-3.291814283909379135e+00,-1.570126652897485098e+00,-1.562116676223187284e+00,4.689636761451251523e+00,3.573125865705777393e+00,-9.818449416497454507e-02,-9.724785786852333525e-01,-1.938330741458278883e+00
-3.093823541821253631e+00,7.036003704657612934e-01,-5.425709119258055324e-01,-9.880427373772824318e-01,-1.889176554560606291e+00,-2.315890763724302914e+00,-1.797027505780721457e+00,7.990534054010609566e-01,-1.651893265897442120e+00,8.961426377190929715e-01
5.986391432420097303e-01,1.520579355118221621e+00,1.490486133400660940e+00,-1.643308621000185044e+00,-6.348843847964751319e-01,8.353063703277545660e-01,-2.200634660409983123e+00,-7.089429546759218326e-01,8.525560348752475592e-02,-6.328889324726492127e-01
6.676503627928411788e-01,2.666113633582110509e+00,3.205081374905165426e+00,-1.220419731150201859e+00,-1.821655399091934191e+00,2.110693547770073897e-01,-2.330743252364246398e+00,5.752473147691521405e-01,-1.490333253666516145e+00,-3.243019537589852064e+00
2.582514634676908116e+00,4.970312870655165582e+00,-2.605137810645379304e+00,3.829933481276481810e-01,-1.938792653879793049e+00,5.208543694800049195e+00,2.236397768851267287e+00,1.634540022332052089e+00,-1.879576233357249215e+00,-4.541479940887524158e+00
-2.018811971006925887e+00,1.951243779364185249e+00,-4.293434556451733997e-01,-1.086004050638433416e+00,-1.850844456358774037e+00,-1.899635175715282509e+00,-1.858272877202735485e+00,7.910001151323378110e-01,-1.611010457018362096e+00,8.548992668774750836e-01
1.369843843918425286e+00,-2.695907844757190919e+00,-1.538593293859866762e-01,-2.032963940074008491e+00,2.697936419096386373e+00,2.020968600216903610e+00,-1.909513832764710539e+00,-2.726435763428598946e+00,2.326766079908714424e+00,6.853925209449581724e-01
4.765737066976627467e-01,8.484512868114655326e-01,1.658701517925095459e+00,-1.576975619581689081e+00,-1.563496831776350682e+00,7.730731690274367240e-02,-2.212454062871913152e+00,-2.368902380583621792e-01,-1.010756265203029303e+00,-7.742112562952753185e-01
-6.831500234942500249e-01,3.095423756835261608e-01,1.470240716862567965e+00,-1.780259521742350914e+00,1.471572103037054324e+00,-2.021827683471756121e+00,-2.199473486479299300e+00,-1.035372122790402472e+00,8.578827673144557853e-01,2.595310064486039625e+00
2.236036864529020285e+00,3.858011556650996265e+00,-1.971377492056257896e+00,1.823565522002556616e+00,-2.019169959690418903e+00,4.038834127746770086e+00,5.884443879962439894e-01,3.177311647622845570e+00,-2.117313471192593166e+00,-4.806709807410685542e+00
-2.056647470917909892e+00,-2.120191821752061223e+00,1.399438061145028556e-01,-1.851389672732017155e+00,2.265299465744017748e+00,-2.710051983032355061e+00,-1.972915968594730396e+00,-1.222537609622546650e+00,1.749309213256041495e+00,6.811917405446971330e+00
1.710882397997954385e+00,2.543890273939163560e+00,2.411446579280599245e+00,-1.097643160469157886e+00,-1.842579450074781189e+00,8.239858743775121397e-01,-2.282468079730641364e+00,5.970664239442777799e-01,-1.507411773732088678e+00,-3.559541394976935891e+00
-1.882372375714127077e+00,1.457132119082217292e-01,-9.212647443028014749e-01,-1.780015247727327221e+00,4.836240606665953012e-01,-1.289484523944074201e+00,-1.576996117882731197e+00,-9.893873686301906112e-01,7.889977388272542136e-01,4.374597705747913068e+00
1.413173424122806665e+00,1.338419553384497807e+00,-1.952324052928739562e+00,-7.453862639092438958e-01,-1.907460600566901698e+00,3.924228086858110309e+00,7.210647094701536641e-01,9.980495671963645066e-01,-1.709645533677223828e+00,-3.927162292373155950e+00
2.368863582044816063e+00,-1.616575809775030459e-01,-2.929652076953181083e+00,-1.950565282222243901e+00,1.674780419132399834e+00,3.601595633333825930e+00,2.907466728401473688e+00,-1.931665737947858341e+00,2.287962723615220462e+00,-3.558028857811347256e-01
-1.624945017872461150e-01,-4.236969687054325640e+00,1.289436199029321273e+00,-2.067794259989816918e+00,3.366554059724614412e+00,-5.725091200955058079e-01,-2.203653897515847060e+00,-2.945999186748069043e+00,3.667363468519106107e+00,1.257948565655580442e+00
1.374844808923223027e+00,2.479836219071499759e+00,4.894263807194314531e-01,-7.626692629686314673e-01,-1.913224116022165244e+00,9.007285376915714625e-01,-2.081210809835663422e+00,1.166651794939691733e+00,-1.779553847142809841e+00,-4.110324882827758763e+00
2.786356610248371446e+00,5.331072322319550416e+00,2.236923622591787897e+00,-1.714016866306713904e+00,-8.537200744654633855e-01,5.659929005885535602e-01,-2.274628332295242750e+00,-7.024021287739010688e-01,2.125084594716436515e-02,-9.361674276660512106e-01
1.238911293005302561e+00,-2.828443310013021073e+00,-2.026735608666283106e+00,-2.012742563685244068e+00,2.139203802471546290e+00,2.757698037628619758e+00,1.605794693687811137e+00,-2.544470019561389851e+00,2.532745795574302683e+00,-5.970811882369243817e-02
-2.725009638997728079e+00,-2.948669663225486737e+00,3.361323882971856136e+00,-1.978982294536690167e+00,1.523933767351131507e+00,-3.822803841775847200e+00,-2.340115214280624745e+00,-2.301972955543824195e+00,1.879486438593510167e+00,8.022711237631199310e+00
3.207074003837946385e+00,1.457916597951615767e+00,1.121646192529044406e+00,-2.041813643501954267e+00,1.924615690988220162e+00,1.701491387747698258e+00,-2.162313785926885057e+00,-2.662316999552218899e+00,1.899441568638365441e+00,-3.203259501505509310e-01
-7.706761925801735025e-01,-1.423389132773184684e+00,-2.632125916109829156e+00,-1.935864695738620078e+00,1.570980511225134935e+00,6.467954703253842030e-01,2.562710036674102909e+00,-2.151679965465664424e+00,1.738039375805132236e+00,4.164301922608320439e+00
3.382973359116974166e+00,4.497155790446446311e+00,-9.525825043287148297e-01,2.591716178548167937e-01,-1.958993191549660340e+00,3.542331993902223530e+00,-1.325668066058458106e+00,1.737973456274199968e+00,-1.919482840478081931e+00,-4.561562040732397350e+00
-2.797421054345659908e+00,3.088474432995061969e-01,1.648643399526026343e+00,-1.775377382897975309e+00,7.108532071142564801e-01,-3.514349847407997274e+00,-2.229484377902678727e+00,-8.739052985646029725e-01,5.988791657565194493e-01,4.167701533539247549e+00
2.628888982526441431e+00,2.981419153952024281e+00,-2.986992213726222367e+00,-1.901923322034656749e+00,1.787177625338521647e+00,5.255496878529411831e+00,1.876578643635311128e+00,-1.613298394722450846e+00,1.266370384042186936e+00,1.974519421036857736e-02
3.384263356828364877e+00,9.543545136213458235e+00,3.438497253442123203e+00,1.613175748957264233e+00,-1.997113730462572345e+00,4.887202556098404482e-01,-2.343137901884013719e+00,2.468133095931474230e+00,-2.024959340898619065e+00,-4.814382026025398886e+00
-2.120618585035747738e+00,4.298469809953437970e-01,1.899617097899800378e+00,-1.272809964106314640e+00,-1.773216238793244637e+00,-3.368585802631878234e+00,-2.254973913157165999e+00,3.305005711945634417e-01,-1.335502522414243609e+00,1.940391198634055403e+00
-1.359578861256181437e+00,-3.753994861926394755e+00,9.049133569535205979e-01,-1.960311461740808170e+00,2.525714367145951211e+00,-2.417527373140103464e+00,-2.163246553353461721e+00,-2.289031060037833853e+00,2.365744877050690143e+00,4.909111648032908448e+00
-1.109996898892418926e+00,8.595979272563176732e-01,1.170356315697730132e+00,-5.185207014069008746e-01,-1.892396442923250266e+00,-2.351225031145921296e+00,-2.183743073897930209e+00,1.167004632991569757e+00,-1.746996331762044719e+00,-5.353294024631463643e-02
-2.791416955628428731e+00,-4.514102423269320319e+00,2.878981879208369676e+00,-1.933662619016518924e+00,2.317958790868232644e+00,-3.705813390733397217e+00,-2.312844247558071054e+00,-1.752353895055475341e+00,3.376426129991703107e+00,5.095851399188124020e+00
-2.980513499429760405e+00,-4.339964820714904414e-01,-3.389553765218583425e+00,-1.756322221926284177e+00,1.204281714081558263e+00,-1.017446456960872103e-01,2.137876139601166514e+00,-1.065882815651676196e+00,1.121654767451973012e+00,5.060328872917144949e+00
-2.864753261347202873e+00,1.046437625137340399e+00,1.752161959211324671e+00,1.874464946660234110e+00,-1.996581939683029105e+00,-3.559973707439426427e+00,-2.246885445102711820e+00,2.661968787831783700e+00,-2.050488283050307725e+00,3.411149906144033128e-01
2.553932593915604343e-01,3.413727532797417030e+00,-6.051445351107505033e-01,1.119281379105718122e+00,-1.978642074194854272e+00,2.113420128534203801e+00,-1.680927719858163583e+00,2.077846546163655717e+00,-1.949306948903137604e+00,-3.786666433238087492e+00
7.970647071463794475e-01,-2.808861020491065563e+00,-1.984437408455770324e-01,-1.999955798948635399e+00,3.051355137309146315e+00,1.794514189114835290e+00,-1.955960270834237402e+00,-2.603786072493395221e+00,2.081340419462532232e+00,1.006362595099571378e+00
1.901340612115019368e+00,-2.013483423045063503e-01,-2.316765458217919793e+00,-1.953714849273131771e+00,2.752598214219441619e+00,3.588455530129470716e+00,2.427119550267020642e+00,-1.932282898671842108e+00,1.756682380315712333e+00,1.311974887969842296e-01
-4.167642606284944762e-01,-3.872907008439536281e+00,1.979514169878640928e+00,-2.066252762945203436e+00,2.674147747399480579e+00,-1.548026127685207642e+00,-2.263070766394166267e+00,-2.980061377010091217e+00,2.728007150573390049e+00,3.561608753119946957e+00
8.215470696081794699e-02,9.064867802448224321e-01,6.365411663769382500e-02,1.676851607995332616e+00,-2.023230277536368860e+00,1.383366034990065163e+00,-2.021728028923750475e+00,3.210523526320707255e+00,-2.129323770507143720e+00,-3.837419758364140066e+00
-2.079145082275287937e+00,7.635437527216420994e-01,-3.049519730409762541e+00,2.375074819643822277e+00,-2.028753863004459923e+00,8.116255613323897222e-01,1.796454587916583856e+00,3.372999676862775686e+00,-2.145364934472587581e+00,1.145932665085153124e-01
1.290791149706267404e-01,8.914747177452185811e-01,2.462660811612061629e+00,-1.765423617189770367e+00,-9.183860755398216558e-01,9.799061171640521817e-02,-2.294243319559241545e+00,-7.372581012630585739e-01,-1.551111798710977097e-01,3.008875473620362673e-01
-2.476259863387571869e+00,3.235791868568115848e-01,4.161015603148356945e-01,-1.689803648648263490e+00,-1.243603638212834595e+00,-2.884662574972096660e+00,-2.076638576934710212e+00,-5.035449120101898046e-01,-5.581070472888107759e-01,3.733876569253254729e+00
-3.160336946174136408e+00,1.267004725208400462e-01,3.486511994485119281e+00,-1.483840578990835768e+00,-1.563092235949180342e+00,-3.942401147552861307e+00,-2.345636417157638043e+00,-2.110062938285337530e-01,-9.781519765171180492e-01,6.320515320444284768e+00
-2.604946153510086848e+00,-3.869859613192417225e+00,-1.320464646423022526e+00,-2.073355088205394825e+00,2.515700756128909976e+00,-1.202403639369360455e+00,-1.213634117138715940e+00,-3.045944564477004235e+00,2.406942225416394798e+00,7.838476052374881320e+00
-1.849664400577462509e+00,-2.490056646986744227e+00,1.620264761513371177e+00,-1.847143819898719563e+00,2.560186773397902016e+00,-2.954645322343973035e+00,-2.208412128483835613e+00,-1.190776097844029380e+00,1.847272710598456325e+00,4.002961270651027803e+00
7.067563589774632504e-01,-3.232496437895310049e+00,1.735080317736459321e-01,-2.037162244140321210e+00,1.789798269003641584e+00,1.184475442180796367e+00,-2.017305327252910452e+00,-2.791090713069474205e+00,2.346729153095707066e+00,2.421318992590406616e-01
-1.810850974216281051e+00,5.780823623128579225e-01,-1.948203720000912131e+00,-1.302175015043260276e+00,-1.782539408106151857e+00,-7.346074488848042261e-02,1.225436239732444310e+00,4.747972369681749960e-01,-1.415421260024763317e+00,1.386642845772363408e+00
-6.367380317418271929e-01,7.705444344472545115e-01,-3.069450537822217662e+00,1.315241933858070089e+00,-2.006627064924720205e+00,2.095397811870481242e+00,2.923682805788838213e+00,2.602332843883211844e+00,-2.066125557065904950e+00,-1.480045469263018942e+00
-1.005018443623042490e+00,-3.079600267328092222e+00,-1.534651056839162031e+00,-2.088042231920938629e+00,1.605299923974054410e+00,6.778924382010972360e-01,-5.053710534639052065e-01,-3.233087030622162850e+00,2.057966327075137158e+00,4.115983071801312398e+00
8.900678554733554293e-01,-2.468296248883145250e+00,-2.120544577981302581e+00,-2.000020507481285126e+00,2.063050441753120801e+00,3.794123815243089837e+00,1.269874085189235613e+00,-2.249133036959771292e+00,1.954143667937746631e+00,8.613897739950476806e-01
1.177885543634880960e+00,2.787923411052708467e+00,-6.709960796693041907e-01,2.201885924388419902e+00,-2.005430714000859371e+00,3.369503765939510842e+00,-1.634728344368487685e+00,2.682482528279969358e+00,-2.069505554853549700e+00,-4.499685129706897158e+00
-2.708405840218683469e+00,2.259861315230208278e-01,6.448085525987918842e-01,-1.725314566118013371e+00,-1.117685063009070945e-01,-3.113486269307637055e+00,-2.046728742766893649e+00,-9.404877087014442694e-01,4.458400054978911009e-01,4.142283569164168178e+00
1.603427203629927078e+00,4.131562838668511262e+00,-2.647612864663946741e+00,1.291004637691040235e+00,-2.012999621791094373e+00,3.231732234727742181e+00,3.134466015203702938e+00,2.791843312699889168e+00,-2.083202907973209950e+00,-4.624006497104263147e+00
1.611015571753472209e+00,2.702397406403392210e+00,1.372283602530480096e+00,-6.050190462315347961e-01,-1.897788579428350220e+00,1.565525699757374989e+00,-2.160015905702940664e+00,1.126681725025031611e+00,-1.672321305136022618e+00,-4.125319515087960021e+00
-3.276030207106555903e+00,-4.242667369539786293e+00,-1.138639489587696563e+00,-2.037059447042552929e+00,2.246522071570926649e+00,-1.730540831219572473e+00,-1.485132250415876598e+00,-2.721666460713256352e+00,2.730999888663895980e+00,7.005976905851474257e+00
-1.512784959850332234e+00,6.972601289965392191e-01,9.465107138894541805e-01,-2.446929446136120734e-01,-1.963435352561169855e+00,-2.655318562153824224e+00,-2.158503395186869955e+00,1.578797023587629411e+00,-1.896979566307912535e+00,-2.501127212373131792e-03
-5.846644291705151986e-01,-5.956838935384106692e-02,-3.404402538998104966e+00,-1.783608545765188458e+00,4.163829356397026615e-02,1.300213141118717664e+00,2.252157551746943209e+00,-9.848774370605317685e-01,5.552284370686237924e-01,3.336862273381544064e+00
-2.035238943693399527e+00,1.634842796494419215e+00,2.607506931742081591e+00,2.837266902951176006e-01,-1.924884313992746065e+00,-3.417557704227183635e+00,-2.295017417853137065e+00,1.689883595318687703e+00,-1.856809764147480557e+00,2.553888003842368359e-01
2.711820782707689226e+00,6.298876956753682421e+00,2.391903376420136951e+00,3.195472215384118631e-01,-1.954847696908248667e+00,1.433900212225048154e+00,-2.273706937517905757e+00,1.767301090904234151e+00,-1.878740315661976412e+00,-4.595801417536716116e+00
1.032374428507516484e-01,1.269228909882024858e+00,-3.488525663066042171e+00,2.528945524274563539e+00,-2.021293248103156692e+00,6.700737127459579945e+00,3.510625231579101779e+00,3.104525404315712223e+00,-2.121105920557230462e+00,-3.867996589727336954e+00
3.380696872689854082e+00,2.506237380099516798e+00,-1.414409181859921372e+00,-1.992293695105083584e+00,2.551807714581846742e+00,4.356002500850166825e+00,-6.519335694934561554e-01,-2.244426748886657830e+00,1.782434181550978325e+00,1.112065321376662919e+00
-2.214003747577023784e+00,6.734902398011305413e-01,3.456985101474396416e+00,1.944081152889308273e+00,-2.002802974562383653e+00,-3.652226614497333212e+00,-2.344439619975914990e+00,2.473952275623730657e+00,-2.044945709339976325e+00,7.943993892687238878e-01
7.840673558222395201e-01,-3.928448033967219644e+00,-3.302059225326882341e+00,-2.062905771508972030e+00,2.843537292624396251e+00,5.828596491257336254e+00,2.368029634448816534e+00,-2.930219645922429450e+00,3.869825030317489922e+00,9.700643272379342319e-01
5.667493582134284225e-01,1.168417066881135780e+00,-5.104759026361178620e-01,-1.462527530044802848e+00,-1.668181889242096316e+00,1.433150370348992064e+00,-1.850040122373272977e+00,-4.043058763130469302e-02,-1.109190368124253201e+00,-1.850113522069825045e+00
-3.010915911738396566e-01,-8.720041326593241937e-02,-1.220691467342473580e+00,-1.849471409703367542e+00,1.309972044851673401e+00,1.392159814122191808e+00,-1.422704060418246153e+00,-1.462135207239465995e+00,1.160847065869327732e+00,1.668639379551477786e+00
3.253355155400997845e+00,4.611631358448375906e+00,2.864620565324532464e+00,-1.640564217600574137e+00,-1.074027848742823865e+00,5.207156004412677452e-01,-2.315117177043610308e+00,-3.048099384367537468e-01,-4.627534178911180129e-01,-1.738137125767476254e+00
-7.076252345227445062e-01,-2.731946891212522655e+00,-2.595065122829964821e+00,-1.982019850000420469e+00,1.808817907112648449e+00,7.021960983274390111e-01,2.398692357150661536e+00,-2.241278483020881840e+00,1.867250440271392531e+00,3.599252969576411942e+00
-3.348972967205253060e+00,2.455375180691476145e-01,-1.287308227589573750e+00,1.170955629748358096e+00,-1.992994422114805042e+00,-1.435727410140582583e+00,-1.154883640256601618e+00,2.442077212705560108e+00,-2.028311126976868994e+00,6.332245042268001001e-01
2.740207045033971944e+00,4.589909583131596804e+00,1.947663990266359946e+00,-1.604847963258163590e+00,-1.495835963942566238e+00,5.648710605193101308e-01,-2.228231615706702584e+00,-1.625852044456643775e-01,-9.013974656304162281e-01,-2.303647290389394531e+00
-2.013505871615810072e+00,3.144240319929678673e-01,-1.182078392156249880e+00,1.175844982270912276e+00,-1.965144670828093298e+00,-1.263420926914503140e+00,-1.180652790952674724e+00,1.918751489520580833e+00,-1.928072753399764139e+00,1.255831328596265895e+00
-3.002960096164112969e+00,-2.962154289468172941e+00,2.620241171679849046e-02,-2.073300042209920591e+00,1.766930542731465881e+00,-2.756211487401530214e+00,-1.890893755846568380e+00,-3.030252078662641679e+00,2.068965796950113400e+00,5.503228791105726714e+00
-8.357574126983911000e-01,1.110538522013940210e-01,-2.131333545904186888e+00,-1.753335576796060113e+00,2.084752584074596460e-01,2.250746542586151033e+00,1.338882758538030959e+00,-7.703367417762048142e-01,5.360971135587265790e-01,3.105199775959020414e+00
2.088401233640768240e+00,3.734040782497677124e+00,-1.933858847060018205e+00,1.125126781208948046e+00,-1.996128997365746116e+00,3.359266155202022208e+00,7.302199720290726281e-01,2.464655033419806962e+00,-2.040889433839755629e+00,-4.650893282166045140e+00
2.682032493892404723e+00,-3.382967824583913430e-01,-1.505315843837453649e+00,-1.907263996896623182e+00,3.632801901461276017e+00,3.334385920779749934e+00,-8.868931884494305473e-01,-1.890714321544829657e+00,3.238061471750095954e+00,2.140348550031762054e-01
1.716224305284707263e+00,-1.320766592116849658e+00,2.149180141723195270e+00,-1.836586319242021759e+00,1.600099821154503887e+00,1.567357479933169095e+00,-2.274040574877388643e+00,-1.375989612914578775e+00,1.881185531564003366e+00,2.314920640500220950e-01
-2.554710758530736037e-01,9.886176498648244770e-01,3.032569890320784722e+00,1.532740482664462833e+00,-2.015568885969467150e+00,-1.328413076967339901e+00,-2.322856208701115310e+00,3.045831931925512492e+00,-2.100186145092182155e+00,-3.298368253019672736e+00
-2.037660800177092835e+00,-3.621447038073495328e+00,-6.845317209064214481e-01,-2.079783879165675753e+00,2.385834268331513908e+00,-1.780676563044223837e+00,-1.577476179991184946e+00,-3.175697829741030098e+00,2.308255988768958655e+00,6.209735949440657876e+00
1.839362360881662717e+00,-1.210553848014345873e-01,2.727548618220189347e+00,-1.905661746042503601e+00,1.422870592261352929e+00,7.179361437026089421e-01,-2.304769195537982096e+00,-1.603904081681342575e+00,1.691003912400096398e+00,9.225567366228037969e-02
-2.025527333239368843e+00,5.014050325454078028e-01,1.219661578467349905e+00,-1.599414547837744394e+00,-1.493421213095828648e+00,-2.897209657547270112e+00,-2.177333218988830144e+00,-2.066287795502557145e-01,-1.009252944951444686e+00,3.012407159124300460e+00
-1.560919027984640106e+00,-3.069597947041901698e+00,-3.219343992576610969e+00,-2.028873567436620284e+00,2.635062867135630427e+00,4.879563175418676346e-01,2.010261273783338076e+00,-2.505156845473167859e+00,2.004468639425139642e+00,4.446221849106274604e+00
-2.125233557337961265e+00,1.815546581247561297e+00,-8.122297396570550276e-01,2.033061465775119370e+00,-2.029554325286049732e+00,-1.460074103125367895e+00,-1.528804225907190117e+00,3.420761488576639309e+00,-2.147029761563655548e+00,7.055204367073565352e-01
2.557507602463969576e+00,4.185325107795760946e-01,-2.638525678949355857e+00,-2.029750705792888077e+00,1.713718827616353746e+00,5.097091573717159818e+00,1.651350034053368221e+00,-2.646477240901074168e+00,2.035484181003698545e+00,-2.728062569846565477e-01
-2.756270659303824644e+00,4.066300225590915862e-01,-3.380916466587803537e+00,-1.540860598879952192e+00,-1.352925737533723805e+00,5.147524303883996843e-01,2.989199934506489242e+00,-2.355206798101017185e-01,-6.622847285998878508e-01,5.366527657830516773e+00
-3.316250819329115807e+00,-4.257835138612749759e+00,-1.567963753510470681e+00,-1.949504849247462479e+00,3.306290078427558399e+00,-1.382765259532840796e+00,-3.587129244648863402e-01,-2.163777638014760640e+00,2.763057842873942960e+00,4.910125503270254654e+00
-8.261336559976717453e-01,6.842818471337359654e-01,3.094158739771297739e+00,-1.846199479164269963e+00,9.923963216877729199e-01,-2.546883985159068331e+00,-2.328498648839286034e+00,-1.283925080318288448e+00,1.172136727280452151e+00,3.659477057144179923e+00
-1.431725224262971885e-01,1.073753377033748402e+00,-1.406674400694288174e+00,7.109336652603447382e-01,-1.969881814140092002e+00,1.234589638929409761e+00,-1.057325037886561070e+00,2.053577853561227684e+00,-1.975830282875059796e+00,-3.319109483998379240e+00
2.817612683732164669e-01,-3.458456143441333008e+00,2.728811461462404608e+00,-2.050823904238668227e+00,2.371433852744800674e+00,1.499016776848539623e-01,-2.302117268256110183e+00,-2.808513846166063921e+00,2.368501612889018837e+00,8.210391704396733381e-01
1.244043662956127783e+00,1.065091412083526645e+00,7.770370535196855499e-01,-1.777078843436649125e+00,-7.175442024712507250e-01,7.088552687316703738e-01,-2.141427534400877963e+00,-8.136258074446729438e-01,9.746486150309636998e-02,-8.247632716231331207e-01
-7.409313391063516718e-01,2.222208951691327705e+00,1.825845986639309970e+00,4.857051203723860566e-01,-1.942570510373676784e+00,-2.048204743773895498e+00,-2.235614207261180653e+00,1.676252425936475277e+00,-1.921131146210275586e+00,-4.931410470807960911e-01
2.159509920946678818e+00,3.740308706019491058e+00,-2.452152285596287840e+00,-1.342311806055451306e+00,-1.672260777188116165e+00,3.360468213288961614e+00,1.647591447332867221e+00,4.530317843544180434e-01,-1.233176322747414400e+00,-3.298555163430951787e+00
1.043747334535676252e-01,2.300094537041453613e+00,-1.731006814564402863e+00,8.581652900276949270e-01,-1.977320341597038400e+00,2.379952408629931515e+00,4.221783515408916720e-01,2.122476561482577573e+00,-1.963171873608075657e+00,-3.660737086923548045e+00
3.410973545674051977e-01,-3.028993015747563522e+00,3.073978487837602636e+00,-2.029739243157285156e+00,1.713148316976511154e+00,4.134758624273549010e-01,-2.327809878264931243e+00,-2.781574135496322597e+00,2.114744100938262150e+00,2.002719709455679009e+00
2.055740363126648873e+00,3.023645059795504242e+00,-1.777596090535325413e+00,-6.685780553056851483e-01,-1.929371315803805942e+00,4.372897102838935623e+00,-2.933746922082784425e-01,1.267730970055849227e+00,-1.799886012483249420e+00,-4.260819572414428436e+00
8.259719936396194839e-01,9.132513205238466103e-01,-1.526638377689375270e+00,-1.716501319561928973e+00,-6.147622863701157625e-02,2.714060581752359980e+00,-1.026387117040326480e+00,-9.342359644710152011e-01,3.593821475840747737e-01,3.362549396836246318e-01
2.757859910835184891e+00,-1.221347063149331724e-01,1.562477650841331389e+00,-2.026356295491108739e+00,1.891633109107775823e+00,1.669018140619263013e+00,-2.207986254854984676e+00,-2.625048888149495330e+00,2.487012129213745926e+00,6.534946841258715278e-01
-1.369181985638943999e+00,6.255755029985863302e-01,-1.153408927400364270e+00,1.542609472765211986e+00,-2.002879420890872453e+00,-9.093002290229571516e-01,-1.218275758668635023e+00,2.573932990279245381e+00,-2.051896225563874410e+00,-1.666542688836666897e-01
1.631341682400248239e+00,2.450965220080355778e+00,2.668860998983295651e+00,1.620107599416529931e+00,-2.005508337762253124e+00,1.098957769045084909e+00,-2.287874947218637267e+00,2.572393842917094275e+00,-2.058924904478409257e+00,-4.569560077473802551e+00
-2.884666482032441248e+00,7.832247507576102219e-01,2.716417004201317376e+00,-1.693815240519212617e+00,-1.414163396153460095e+00,-3.749049637747895680e+00,-2.307397581806447828e+00,-4.275110295339423772e-01,-6.773610639594540572e-01,4.025626559550294026e+00
5.222953538130337137e-01,8.847061071863522308e-01,2.344361331388260083e+00,-1.726413046158747688e+00,-1.539539834212932945e-02,3.601035203765392545e-01,-2.283932497478627699e+00,-7.925712768316937051e-01,3.853059277706625263e-01,1.585293426894324620e+00
3.395276517640530400e+00,5.601838314081215131e+00,3.378856452034792568e+00,1.436098598893197575e+00,-2.018326962805105040e+00,8.958681481459963569e-01,-2.340629346953081225e+00,3.089951527300963008e+00,-2.109980238345318337e+00,-4.917125220672166286e+00
1.144541743685257629e+00,1.292674273480089564e+00,2.430049828913572796e+00,1.245604446418937084e+00,-1.991466135993545050e+00,1.047957233902194751e+00,-2.274104588299703522e+00,2.526694559816219154e+00,-2.024980381933561002e+00,-4.461434869161544192e+00
3.007577575709439621e+00,4.525966054558006491e+00,-1.700917428393508235e+00,-1.500967704131430880e+00,-1.440033343069935468e+00,3.791249070187260095e+00,-4.930637709382857392e-01,-3.331403184625165714e-01,-8.979067408952084994e-01,-1.760806211526592557e+00
2.989866615021518292e+00,5.390170091652986883e+00,1.808025180509407193e+00,1.729471585766412911e+00,-1.996287020614698093e+00,6.727455623229928738e-01,-2.241383658118605293e+00,2.453652141392757891e+00,-2.036437265367327054e+00,-4.766985845935131749e+00
2.841845479886349501e+00,1.587139935269442637e-01,-1.789776176317299017e+00,-2.081041285348544267e+00,2.646209044063142724e+00,3.278462572867363978e+00,-3.815720209580592548e-01,-3.177881495354369701e+00,2.537506918440299408e+00,-1.725743817953580561e-01
2.657426721394809732e+00,3.878871247934245758e+00,1.827355701850716940e-01,-1.126113564907511799e+00,-1.866167160811896375e+00,3.080780224627353014e+00,-1.953017066182868300e+00,8.371941712162129789e-01,-1.675474351419371954e+00,-4.068074181217944840e+00
9.434881311850373820e-01,1.927586062046460436e+00,-3.409972542715196120e+00,-1.405100228964702325e+00,-1.584749847935143396e+00,3.347777650018274542e+00,2.441156152078019392e+00,1.796212784514876759e-01,-1.162577537666388272e+00,-2.571410360495260949e+00
2.118114068490264401e-01,8.850079289438510521e-01,-5.144975726824396745e-02,-6.985368023160027917e-01,-1.903770166332805713e+00,3.527826832061506934e-01,-1.959048984756698752e+00,1.049896758467392388e+00,-1.726647945540885409e+00,-3.356153665514381323e+00
-2.268518004856837855e+00,6.804919655792704969e-01,1.972761546081538420e+00,-1.153891585246095142e+00,-1.803720980950286101e+00,-3.444837272836842157e+00,-2.233005791215513458e+00,7.982540708961396447e-01,-1.516419287489908729e+00,8.556169706548213405e-01
1.408340459935635280e+00,-3.088874455168524769e+00,-1.383539597017141354e+00,-2.098093623072003755e+00,2.174444484322853643e+00,3.293232694063749300e+00,-1.153009905421915615e+00,-3.339918734852104443e+00,2.902881476159401064e+00,8.904418466416295086e-01
1.824002939029559123e+00,5.553325634008786871e+00,1.360848426669620359e+00,-4.914547935624446473e-01,-1.881589664677678631e+00,1.218662993527417138e+00,-2.212675219834249418e+00,1.149548783813318487e+00,-1.720162452582582269e+00,-4.211511242497940621e+00
-3.203857611281305307e+00,1.086996464928751571e+00,-1.865301742483860714e+00,-1.319296795029881730e+00,-1.527753989078135533e+00,-9.198058134286338783e-01,4.118625263451680674e-01,-1.957229468593002508e-02,-1.006243021821358274e+00,4.333409341279020666e+00
-2.548227784367484094e+00,-2.513880527186929115e-01,2.745859361813014488e-01,-1.782139434821789159e+00,-1.331086780669258895e-01,-2.936768113941675473e+00,-2.034402887089831857e+00,-8.899298517070191039e-01,4.297596590432217201e-01,5.793160038845662996e+00
-1.880544138888359473e+00,1.351213568010317112e-01,-2.338055743647533991e+00,-1.355039634431399742e+00,-1.755437298307932714e+00,-4.288065202984292501e-01,1.444852252723129560e+00,1.892867138382796632e-01,-1.295319349960288413e+00,2.116610473886074928e+00
-3.152689904981397895e+00,-4.527181826932816122e+00,4.240261516734924463e-01,-2.058327679207682781e+00,3.451640918398211966e+00,-3.108402850578519949e+00,-2.049602869122693072e+00,-2.947660177512902990e+00,3.346055256888241125e+00,4.898099071266350357e+00
1.436576235660761647e+00,-2.649830271981914898e+00,-2.582396866576766481e+00,-2.043271603730641761e+00,2.806320315677515165e+00,4.638064432313109720e+00,1.538385900223438796e+00,-2.719691917541432247e+00,2.820810961819431473e+00,1.095023347378515810e+00
2.390109274683583251e+00,4.042950825882421384e+00,-2.213513318328330648e-01,2.121660041837793997e+00,-2.027970013848724218e+00,3.075826659574182997e+00,-1.927358565445699723e+00,3.356304897367594187e+00,-2.143694666234756685e+00,-4.838494624627712071e+00
1.579030784015395206e+00,2.784412163236504423e+00,-1.593227093652107129e+00,-9.636065991420543764e-01,-1.819914923162211151e+00,3.327481648206082276e+00,-5.469411186899275634e-01,7.307204391540151889e-01,-1.451000699002079397e+00,-3.838330389394433606e+00
-3.345258487648383294e+00,2.281913681205469113e-01,-2.854963820832652210e+00,-1.165511923816109130e+00,-1.881859475213444322e+00,-3.843953614231699345e-01,2.305580698145462293e+00,7.491243898973856119e-01,-1.639020932801463104e+00,2.376613913950139434e+00
2.156414044487081405e+00,5.000548626369440974e+00,2.512820578181010234e+00,-1.293355417389735695e+00,-1.791943496826964743e+00,1.219773905058215924e+00,-2.289337251846704113e+00,2.921231086170958946e-01,-1.382128472019751531e+00,-3.481998252731712817e+00
-1.144414269575122489e-01,5.373347991452689376e-01,-3.196509383641544133e+00,1.793815882315533905e+00,-2.010938772409841313e+00,2.205379601342165596e+00,1.882936012079770460e+00,2.721111848739154127e+00,-2.077470863846208271e+00,-3.439341950575759643e+00
3.257196306673599828e-01,1.922862352752843451e+00,1.283798845983952219e+00,-1.382160519613446104e+00,-1.801657502162022251e+00,6.183535567964772994e-01,-2.193172460640178123e+00,3.449028229074526664e-01,-1.396803765740311398e+00,-2.602675913101585969e+00
-2.279828615699517336e+00,1.852737554339758175e+00,-2.998716032884178873e+00,-1.291359216968613222e+00,-1.805810035358220267e+00,-1.729313924577663419e-02,2.278909008530347169e+00,5.526961781383690209e-01,-1.453263417144414982e+00,2.079776241519126767e+00
1.326146536820875355e+00,1.276498447405413517e+00,-5.590911649099932212e-01,-1.522713045965306877e+00,-1.628589338550848531e+00,2.003721767063687764e+00,-1.758282581400450129e+00,-2.363279289162170116e-01,-1.008237861660626900e+00,-1.506823800556841064e+00
2.839473873654019265e+00,3.573138273406670784e+00,-1.254291856350977952e+00,-1.777040078810744994e+00,2.101713411717134883e-01,2.681267158903258618e+00,-1.133223274738586195e+00,-8.989726132519346713e-01,6.267914596003347771e-01,-1.099771344430261033e+00
2.041191580741158695e+00,3.750707487983582666e+00,1.817999960567984630e+00,-5.577126271357109033e-01,-1.902141072308003666e+00,7.140621747415590859e-01,-2.249360275915930796e+00,1.252629075263757663e+00,-1.753202432225083873e+00,-4.190613792374180413e+00
-1.797567060715226539e+00,-3.204827120208362690e+00,1.412784269881525390e+00,-1.989628000425376575e+00,2.215444793912547450e+00,-3.111049176681821571e+00,-2.200040605706767849e+00,-2.179478212819479399e+00,1.977032085748312129e+00,4.453130002209907623e+00
-1.746762834738032399e+00,1.441561229245950093e+00,1.107043782745034122e-01,-1.805135488261637056e+00,1.223147619121313312e+00,-2.510061564555191360e+00,-1.989177855139846685e+00,-1.148994609553993129e+00,8.517310176671414323e-01,5.325151740102512576e+00
1.013523301268702603e+00,1.217615100874851919e+00,-1.609768083491842416e+00,6.057595518397320689e-01,-1.943297132703531549e+00,3.025211474644581955e+00,-3.644857861198899096e-01,1.838037849207699637e+00,-1.881062632698433212e+00,-4.251063835783512879e+00
8.107327351233024615e-01,6.148440681649844919e-01,3.317367888140519305e+00,-1.201072834073307227e+00,-1.782611048027952005e+00,2.448490277109754976e-02,-2.335808135612427616e+00,3.756704635148113702e-01,-1.436585832203449931e+00,-2.931660126459953997e+00
2.279364628704536599e-01,9.927837577288356474e-01,-2.753330210940974077e+00,-8.820334708371260213e-01,-1.916032484960041415e+00,2.796801285943675275e+00,2.789655993125561118e+00,1.057936884212627326e+00,-1.753222507571871924e+00,-3.291577293696759110e+00
8.713540546320226454e-01,-2.471114943574960421e+00,7.532994191211361823e-02,-1.859505418742698701e+00,2.130275119016248997e+00,1.313115829223524544e+00,-1.917326909693163328e+00,-1.269340800408059078e+00,2.006262808137968534e+00,-1.753962458960527937e-01
-1.313917601902260479e+00,-2.291726433720513434e+00,2.293624035994334953e+00,-1.989255468032515406e+00,2.264029179941126735e+00,-2.802176090216990101e+00,-2.271811148787014734e+00,-2.325525835832611854e+00,1.749252672131275554e+00,5.810448660623593220e+00
-2.816763951007399847e+00,-4.209901828965635140e+00,-1.531401837250113251e+00,-2.052344998251020236e+00,2.293429189859296446e+00,-1.191762524936861745e+00,-9.811609212744197839e-01,-2.961384983887709765e+00,2.694760626468398979e+00,6.363829741164361842e+00
2.550982339540395216e+00,5.593896344667653509e+00,1.412704253845442182e+00,9.097283443486665622e-01,-1.978151514793599519e+00,1.604958827224104212e+00,-2.184205816446885606e+00,2.140639702643713171e+00,-1.965338067338701533e+00,-4.642597652717505241e+00
-1.237297090684154721e+00,4.210500367831888635e-01,-1.437281782478640135e+00,-1.582506416793189929e+00,-1.148433985493287235e+00,-2.356594450116928363e-01,-1.168394898632350021e+00,-5.803910493418169558e-01,-3.826788744229661088e-01,4.016225191290494045e+00
9.254742560480595515e-01,2.615104789302038046e+00,-2.414815075688861779e+00,-1.834587582349102242e+00,1.105618236122893894e+00,5.421703733714673845e+00,1.711465182529720241e+00,-1.236629202297914176e+00,1.197482671821716860e+00,1.139868934558338376e+00
-3.353061632216082888e+00,4.831604571884908217e-01,-1.447401344660004696e+00,2.371240951123211538e+00,-1.989955801312534689e+00,-1.071510891993017189e+00,-9.356326997455126637e-01,2.503296366937962425e+00,-2.021581014663329512e+00,1.085531607644543151e+00
-2.209096234023816496e+00,1.617795264749012807e+00,-1.561562476835180124e+00,1.254118727384732068e+00,-1.953839609716521819e+00,-2.545575914252149463e-01,-8.883998616766052292e-01,1.878288885299865818e+00,-1.924597446543325763e+00,1.735376275585961969e-01
3.271247948664790073e+00,4.357391569452370383e+00,1.109538855602675511e+00,-1.500487390926820597e+00,-1.482235130799659517e+00,9.468301803149264950e-01,-2.184695083644522917e+00,-7.737222449568470495e-02,-8.700314585277548751e-01,-2.176569001655533686e+00
-2.855851545575505135e-01,1.153919328366569630e+00,-8.345523026476424633e-01,1.812756869643096902e+00,-2.008009291539762042e+00,5.113845667181748933e-01,-1.659010697473614071e+00,2.800331409332965649e+00,-2.089305809680770398e+00,-2.858489199472945330e+00
-5.971460560949637397e-01,6.301513564388381283e-01,1.543327493968338793e+00,2.417607129237502317e+00,-2.022217924012333690e+00,-1.806787563373774885e+00,-2.215896834049429831e+00,3.120486018569850195e+00,-2.120197898438740403e+00,-1.871114528791809395e+00
-2.180820613576622602e+00,-6.240137866597471605e-01,6.550699733912468403e-01,-1.860350904945762052e+00,9.506335543296871027e-01,-2.844326064430088064e+00,-2.104248746990894148e+00,-1.307980803899198019e+00,1.043030255217692659e+00,5.591712976389757728e+00
2.212777792513430875e+00,3.454709375845871566e+00,-1.816637265870868490e-01,-1.745502723641281673e+00,3.266366549752459658e-01,1.659059546502053895e+00,-1.895231272546747059e+00,-9.233670718734927618e-01,6.483865913226057875e-01,-7.676003734505488785e-01
1.465538304829372862e+00,-2.412938534242032418e+00,-2.062824686137332719e+00,-1.956016866325692938e+00,2.022318057927263713e+00,4.104619527054204298e+00,1.137559011069350090e+00,-1.929404169636088628e+00,2.429868053657433524e+00,1.283075144050793703e+00
-2.569922847650189635e+00,5.464977562288413360e-01,3.254941508907895908e-01,-1.602663151851712930e+00,-1.613938880401842191e+00,-2.864971417980935353e+00,-2.002372331865802657e+00,-2.485913857227108892e-01,-9.886803051015145005e-01,6.003745124988782322e+00
1.395247015752289599e+00,1.967195498434475276e+00,9.056051452025197790e-01,-1.174098377534150028e+00,-1.831691120143780438e+00,1.442370109620394469e+00,-2.113808407869362416e+00,5.529927165652512855e-01,-1.504138285025898636e+00,-3.215626497340970502e+00
2.518612799443163297e+00,2.802127547888656478e-01,-1.300915232446528513e+00,-2.108017871616117311e+00,2.639062409200318982e+00,5.241661051093148060e+00,-9.925639307905185227e-01,-3.478921662082312238e+00,2.352097925655036281e+00,-9.099368692667833547e-02
8.400557220800770608e-01,1.001715292317170825e+00,-8.275092182291627907e-01,1.421980038686384562e+00,-2.003842952135637123e+00,4.129083862883572209e+00,-1.609906407528590933e+00,2.599203822823754173e+00,-2.059348239527665658e+00,-4.261072342354088605e+00
-1.572149025317769677e+00,-1.176294078190684989e-01,-1.832713860703125253e+00,-1.739296920704482163e+00,2.162962781166491433e-01,-4.508377828176375335e-01,-2.027805418585542363e-01,-8.969178905831101112e-01,5.930194414951899251e-01,4.064764216545989406e+00
1.245054456300654699e+00,-2.628716239025556067e+00,-2.354838495893480932e+00,-2.038942242608090982e+00,2.137213839840724550e+00,3.404563632836137277e+00,1.703847375707540301e+00,-2.680294012664774961e+00,2.243794055667487353e+00,3.731356462096220850e-01
2.968502627995752263e+00,3.844993009284201069e+00,-2.469814280067637480e+00,-1.771087721323094666e+00,1.762253039308729619e-01,4.336298806792806104e+00,2.095913382272078351e+00,-8.929786687829164293e-01,5.732726871416031766e-01,-9.178646087608466342e-01
-2.654596483830163223e+00,1.020897743624566090e+00,1.840396109695175753e+00,1.756762815103469100e+00,-1.986435379651182220e+00,-3.480152288098075974e+00,-2.255020528275319958e+00,2.334427370523784795e+00,-1.999465649178776117e+00,9.116926437387109505e-01
-3.201760701046934887e+00,3.702760266509054210e-01,4.453159955678076543e-01,1.487351755037360279e+00,-1.997262426026526594e+00,-2.988883409328325858e+00,-2.066649742361797770e+00,2.496030064792870817e+00,-2.025174911868046213e+00,1.356225609681540156e+00
-1.993383302707267823e-01,-3.591655540069979224e+00,1.641921912931000982e+00,-2.014665049622299975e+00,2.092558079752936173e+00,-8.164047049984265447e-01,-2.196857289126921131e+00,-2.660163112724537537e+00,2.363970696608609590e+00,1.600798293125248684e+00
-7.543747132735392213e-01,1.300777901833460648e+00,2.754496049382074041e+00,-6.971776255681293444e-01,-1.818415055404213554e+00,-2.442123152052599888e+00,-2.307696592653210477e+00,1.004870754966771251e+00,-1.597292017174645418e+00,1.634640804705923545e-01
-1.603553744153369376e+00,1.233278995176916304e-01,1.902641673120927912e+00,-1.005814013469488177e+00,-1.896583032014127257e+00,-3.102160296310771503e+00,-2.254674406412769727e+00,7.841976569444000233e-01,-1.668553863750169342e+00,1.347288603061569390e+00
-3.235868946182616668e+00,2.076761002974829129e+00,2.968093506194753317e+00,-1.302440941005624353e+00,-1.765586738530640520e+00,-3.877749199353619503e+00,-2.316765683037929513e+00,2.971355901966648005e-01,-1.409479015174316174e+00,1.530106745997221962e+00
1.323404328418620324e-01,-3.905532741349432069e+00,1.334715238550625571e-01,-1.965134415079411889e+00,1.924644916870990485e+00,4.887158151397631434e-01,-1.987873428433197809e+00,-2.079717125176430592e+00,2.864558888989651386e+00,1.033567699738313639e+00
-3.316060613636291343e+00,8.872462463140408095e-01,-2.247892338981349880e+00,-8.446792906585931515e-01,-1.838487352910069816e+00,-7.367104307293770304e-01,1.485344700705180987e+00,8.724362447100322271e-01,-1.561652790855531547e+00,1.562271691503662518e+00
2.113800967554852583e+00,3.280778341825215438e+00,2.788331743762995529e+00,-1.813479132907607427e+00,5.038449718231252650e-01,5.955503224403146945e-01,-2.313990093690963867e+00,-1.018631439798798777e+00,6.013341507336371627e-01,-7.140594582776380594e-01
3.465714159575981057e-01,5.560024739358606638e-01,-3.013844355809834230e+00,-1.412457622621392073e+00,-1.757318254067155916e+00,4.488541201729154828e+00,1.761509976587468662e+00,2.469495641035557298e-01,-1.360629527288742091e+00,-2.561167453086271362e+00
-1.955430538033392507e+00,2.381377760954528910e-01,-8.907379676177411554e-01,-1.381284007808957659e+00,-1.766199499161016817e+00,-9.498308713455205776e-01,-1.559620467234810626e+00,2.642235819703366850e-01,-1.383250953513700088e+00,3.004841248614408045e+00
1.452648900818430455e+00,1.898031816033940222e+00,2.451589325697445254e+00,-9.801585493005273708e-01,-1.808134554598089583e+00,9.037376184665830703e-01,-2.285427317128005509e+00,6.595389824347943630e-01,-1.455905996086364729e+00,-3.786446466205581007e+00
-1.794701553580544617e+00,3.293013682114853125e-01,-1.978685378674458484e+00,2.614316419019538262e+00,-2.018890295339856866e+00,-3.084595706360204748e-02,4.962482459357732689e-01,3.040764192156371948e+00,-2.105356014726472047e+00,1.338964407331920681e-01
1.760588841109846925e-01,-1.476658118160440791e+00,1.081737743007693986e+00,-1.989416193212213857e+00,2.190330365713901273e+00,-9.598322049886459650e-02,-2.154668376351528192e+00,-2.266851744118105305e+00,1.714628477084451541e+00,5.606282115341527650e-01
-3.053786988689129345e+00,-7.742225357390640772e-01,-2.741797936488763909e+00,-1.913525940930396185e+00,1.791152671389409257e+00,1.565294552566536268e-01,1.876993635536032379e+00,-1.878844543890507701e+00,1.487612343218383426e+00,4.663003509498954813e+00
1.213754540554535133e+00,1.474230310736494243e+00,3.363261996338287929e+00,3.687196992899703929e-01,-1.940436596779957723e+00,1.246418880430685938e+00,-2.339802980962844003e+00,1.678871585950598266e+00,-1.833409819767130022e+00,-4.190134836389583839e+00
-5.521788108266267869e-01,7.144165646681495119e-01,3.373548877811188618e+00,-1.074963814207860135e+00,-1.783862171385315332e+00,-1.589192821776101994e+00,-2.340016051583591494e+00,5.724275267309897330e-01,-1.345813898374721651e+00,-1.114840979127091458e+00
4.909116395353034790e-01,1.293900887663680610e+00,3.089477117677159157e+00,1.362231577297663865e+00,-2.016828823432518458e+00,-1.368850074860339383e-02,-2.327124830092035968e+00,2.960449185482312728e+00,-2.095703242022842971e+00,-4.147910164773318975e+00
-1.820253229664350325e+00,1.197452207076780351e+00,-5.164367855470164415e-02,4.996139684219280119e-01,-1.947768899282923849e+00,-1.811409193254603034e+00,-1.959178519198860213e+00,1.523334634205108173e+00,-1.880332850150355117e+00,2.495097751954481247e+00
-4.770303897572749641e-01,1.793365785401600965e+00,-2.633239690282931367e+00,7.432275273247309633e-01,-1.982761994460931820e+00,1.445317300723276466e+00,1.838573509859436461e+00,1.956756085804514989e+00,-1.962307249821414246e+00,-2.280374326918493733e+00
1.129859812901580440e+00,2.246567313904304974e+00,1.119466877117865522e+00,-1.603614177788612150e+00,-1.444222606563666300e+00,1.641685422073842604e+00,-2.162684366167153538e+00,-2.968297853352139803e-01,-7.805923408096338001e-01,-1.610325283441584876e+00
2.584912234391884667e+00,1.055686421137121966e-01,-1.358451720077251679e-01,-2.100775856646448947e+00,2.301461427591687592e+00,2.326478865450553712e+00,-1.942590119304853591e+00,-3.396110476524114574e+00,2.835630668183039660e+00,1.237762688586908411e+00
4.743382689300812416e-01,1.599203332050303850e+00,2.461799017919807042e+00,-1.566852842271601487e+00,-1.513848634646678626e+00,-2.164696562417315617e-01,-2.278303160235674252e+00,-2.874292828139468625e-01,-8.082278244980728443e-01,-8.636783644779606472e-01
-3.464704731210852984e+00,8.193681742743597063e-02,7.967551413821611916e-01,-1.583681230758296143e+00,-9.978312317752384697e-01,-3.385127342485736435e+00,-2.121089726345502413e+00,-4.901002220106036589e-01,-2.531107200997118611e-01,4.670437370201641514e+00
3.251177007229557603e-01,1.146240718646173828e+00,-3.251690997038518383e+00,-1.658037266440061552e+00,-1.182803313838095116e+00,3.039597054702624757e+00,3.543363745002405807e+00,-3.348658066655092469e-01,-6.928162498596638352e-01,-9.146528596527792043e-01
-2.259702344130174900e+00,1.415268476258908059e+00,-1.383803460315333744e+00,1.423892341253452098e-02,-1.920215052840580583e+00,-1.020184606687875695e+00,-9.855820596294130320e-01,1.336142057267351468e+00,-1.815564521226424199e+00,9.372252142868677804e-01
-2.298737086528820139e+00,3.946263357651085268e-01,-1.516979217625488374e+00,-1.730637170052260920e+00,-3.852524840546909246e-01,-9.303816976956478246e-01,-8.200623550767005554e-01,-6.094730422803573688e-01,3.547819167032640886e-01,5.012397229293465983e+00
-2.313231720313148720e+00,1.719965290139124692e+00,-1.160510859023496266e+00,-1.177118755587221566e+00,-1.849955770784582842e+00,-7.062673980132015972e-01,-1.417245724872634449e+00,6.816622789821105144e-01,-1.635782732976295950e+00,2.465580325369129078e+00
-5.287730745610552674e-02,1.029779373812736321e+00,-2.880520542817966323e+00,1.572723017831387793e+00,-1.995708835772782797e+00,2.391372061727416565e+00,2.140573531116719330e+00,2.334877567350703842e+00,-2.016125678944870714e+00,-3.472296518847535651e+00
3.533305535470558922e-01,-1.972428535499229030e+00,2.041277440144869892e+00,-1.916031318910437653e+00,1.659619979600419182e+00,-2.131404606635194932e-01,-2.255338398268110112e+00,-1.707995472434763684e+00,1.805852517106635746e+00,1.934055765377071523e-01
-1.310019868347487293e+00,5.544172533971771788e-01,3.137148115755925559e-01,1.417174041200992773e+00,-2.009780758365133480e+00,-2.353868082648128635e+00,-2.055251581921414328e+00,2.808594352732166399e+00,-2.090508558144753781e+00,1.597563442032046144e+00
3.083569600849394021e+00,2.968979686307394950e+00,1.129299713842779163e+00,-1.887849142308770212e+00,1.600843303075602631e+00,1.956099820497075870e+00,-2.176625964512613365e+00,-1.382101320402930433e+00,1.396767777957561130e+00,-5.009327361936134482e-01
-1.813195541542933498e-01,2.722377186102766355e+00,3.043425881994203053e+00,-1.286891691115162439e+00,-1.780933068598247404e+00,-1.249613374339503924e+00,-2.326264598137686157e+00,3.154636572033870934e-01,-1.372518724260023415e+00,-1.998309423731480239e+00
-4.218411920729123743e-01,4.850065009305520869e-01,-2.425299879365782729e+00,1.068858801929397639e+00,-1.981666768164056514e+00,2.095316178107088589e+00,1.772897536382519457e+00,2.339015622737694144e+00,-2.028813929971742702e+00,-2.538157126265747632e+00
-2.437939939856739180e+00,1.046015991109238819e+00,-1.993467438411741011e+00,-1.607557464391899282e+00,-1.481613256366230980e+00,-3.426994717760674103e-01,6.569826695034126640e-01,-1.282728639876196119e-01,-8.925773224383324322e-01,3.924552551876338669e+00
-1.925288663924912491e+00,-3.373237770645439060e+00,1.592082026968066444e+00,-2.102717665065714225e+00,1.654028977719797178e+00,-3.045953688513082902e+00,-2.227803656513921648e+00,-3.406352586881697064e+00,2.043980706719048079e+00,5.056385963822778606e+00
-2.119475356137316524e+00,1.648507140360735868e+00,1.325122656685708833e+00,1.016025059656715968e+00,-1.997207201068870619e+00,-3.080390429858864021e+00,-2.189276515582297300e+00,2.343674013263065348e+00,-2.025177382905388068e+00,6.818433911174915929e-01
7.138449881631760974e-01,1.759097511865899799e+00,-3.103631666479245599e+00,-1.663188742970741707e+00,-1.357439008722971518e+00,4.532856819435490792e+00,3.342197319507223874e+00,-4.706996897436845906e-01,-6.919138774493586164e-01,-8.087557336079596038e-01
-4.324250361479262672e-01,1.203056147625465755e+00,1.843318142318239872e+00,2.445759791591724408e+00,-2.023734786764436855e+00,-1.373614612246673694e+00,-2.234765242398113472e+00,3.248003352173834735e+00,-2.127849421005615138e+00,-2.794094184744768228e+00
1.636213424121340410e+00,1.926821821185172423e+00,-1.394619462883094130e+00,-7.812405662495314207e-01,-1.914004680464797215e+00,3.220090092744472443e+00,-1.146762332131102013e+00,1.205183762692684901e+00,-1.808563917063428006e+00,-4.195767213870598589e+00
-1.241248933349690997e+00,1.659802549474539646e+00,-3.133130167658281451e+00,-5.011938393453682083e-01,-1.918138625083650739e+00,1.096766477992773936e+00,3.552305371402266765e+00,1.264939606374175796e+00,-1.809016530912100240e+00,2.276631611612968675e-01
1.848235211950055579e+00,-1.455062713880862280e+00,8.321744437362639246e-01,-2.021058053875687488e+00,3.210948485039494038e+00,2.096264546818706442e+00,-2.119451675910220434e+00,-2.684789140531470331e+00,2.342242374867768540e+00,1.066553598160370764e-01
-2.364520761476587296e-01,1.420341765699826286e+00,2.499539393287996347e+00,1.088163629871434779e+00,-2.000090264500772541e+00,-1.232430834957094268e+00,-2.296559063610903895e+00,2.362806515897032611e+00,-2.034508677659035314e+00,-3.075734461454747048e+00
7.495299906451329264e-01,1.847070698777351527e+00,2.048677406128765810e+00,-1.464464279736503727e+00,-1.592933936391559335e+00,6.917161982836510514e-01,-2.258294587395073272e+00,-6.053221971651945310e-02,-9.946312289544370078e-01,-1.771380945013117270e+00
-2.283614330316903196e+00,-1.865801886203674709e+00,2.106365570961077793e+00,-1.983393899295670115e+00,1.504563954520276914e+00,-3.442722905470510852e+00,-2.262801295165185245e+00,-2.119095396912595408e+00,1.695144765319925417e+00,5.209002601724908033e+00
-2.832361731575508745e+00,-5.310071860266754040e-01,-2.449210723843353588e+00,-1.736013456999934146e+00,1.651260132495846911e+00,-5.189086915761491614e-01,1.479447650683316295e+00,-1.202357442027394363e+00,8.218264301479643041e-01,5.389663141493552523e+00
-2.385714128357433239e+00,-4.322522727958046040e+00,-1.390813434227959444e+00,-1.994944694895785631e+00,2.391454354161178575e+00,-7.110135084727692290e-01,-8.077628366838656149e-01,-2.200336700500832077e+00,2.946480282964896169e+00,5.869414461681280670e+00
-1.478870073764579907e+00,-1.738055652841453691e-01,3.723443581649097389e-01,-1.835799468186130490e+00,1.802089143949607397e+00,-2.524943446673086456e+00,-2.075162401410235002e+00,-1.078603899062631655e+00,1.142898952629705978e+00,5.925080988400050153e+00
1.875119696232749433e+00,-1.843454425804926355e+00,-1.907287018782111598e+00,-2.079862314442801452e+00,2.241886408376945194e+00,3.576111517394124917e+00,1.741015405044043507e-01,-3.121014248965694460e+00,3.243569113989087427e+00,9.958503249109706967e-01
-3.329881635191525469e+00,6.563382164372971728e-01,-3.523962499314494679e-01,-9.497714759192465994e-01,-1.885863956256213392e+00,-2.144594318943317646e+00,-1.869824028611845934e+00,8.818703285427238470e-01,-1.669231790894480927e+00,2.600061613595886278e+00
-2.713092689676108282e+00,-2.150855751290589590e-02,-6.750235875959123000e-01,-1.711563374163239004e+00,-1.291217604660975349e+00,-2.255663545554426719e+00,-1.659756908387854502e+00,-5.877238315719615080e-01,-4.086846166075100983e-01,3.852499901642906899e+00
2.529522220688857459e+00,5.292734970910222714e+00,-1.544468535318603841e+00,-1.297522796674374312e+00,-1.842576320473541029e+00,3.236427702708937648e+00,-9.529787524394091047e-01,5.282131617253638112e-01,-1.575627350569439811e+00,-3.747181073794089379e+00
-1.612591674553847332e+00,3.113612971636416926e-01,2.402628464080645010e-01,-6.889427533145873195e-01,-1.896895383958571601e+00,-2.435140310383639761e+00,-2.052106386726741949e+00,1.090436223653067138e+00,-1.698683184150044490e+00,3.233313916091468676e-01
-1.036678218605908697e+00,-2.737558314194691089e+00,-2.729731955248275277e+00,-2.009510752670542466e+00,1.614711710995802241e+00,1.111755057113743117e+00,2.120173841271201010e+00,-2.392390236436690465e+00,1.856035436174293451e+00,5.415027771641044652e+00
-1.794603430379936970e+00,-4.268855635430127471e+00,-2.302635624231963440e+00,-2.012279515878630853e+00,1.912974751411791186e+00,4.672774184898924599e-01,1.920446827704958892e+00,-2.509469711274042059e+00,2.954943924385587728e+00,5.899766846657778174e+00
1.175051754444391250e+00,1.823404471089027368e+00,1.544247169911428408e+00,1.382825003810280950e+00,-2.000710086994631265e+00,9.781913866607870878e-01,-2.228086888600119941e+00,2.554996819380416895e+00,-2.049069043806639456e+00,-4.285409265075676544e+00
7.150199875119209736e-01,1.219467875612345376e+00,-4.334374273130712218e-01,-1.503559077347170980e+00,-1.744556422741712520e+00,1.427253876588042480e+00,-1.719383382567481133e+00,7.680945190988719418e-02,-1.245267374347265088e+00,-2.496489478554387187e+00
6.399493923986865340e-01,1.720752212355363131e+00,-3.663929895720552388e-01,8.198875472739468595e-01,-1.978212794506457151e+00,1.471018928589090891e+00,-1.713958720272296343e+00,2.119665531530940505e+00,-1.987364921002121143e+00,-4.127443790345122210e+00
-3.201985306280389576e+00,8.175964850028059061e-01,1.760982109600443657e+00,-1.585775395032259283e+00,-1.568745218386041085e+00,-3.651026194150226445e+00,-2.240204495986517497e+00,-2.811520556369857538e-01,-9.623313908054454968e-01,3.125947167873923682e+00
1.122617167005801164e+00,-1.697027121350558332e+00,-1.978539031147731775e+00,-1.957927168996546508e+00,1.772551693393881855e+00,2.823507531783550295e+00,9.835719530140198952e-01,-2.129764022350263630e+00,1.802447491579755701e+00,1.160104040949459847e+00
6.488835457792330175e-01,5.764043117291210994e-01,8.079269812238205617e-01,-1.757145476548600538e+00,-7.584941016218371690e-03,5.701779535723081604e-01,-2.110564716286328579e+00,-8.910168253894252821e-01,4.796682795985913739e-01,-5.395439708486677866e-01
-3.499790928118486910e-01,-4.003880559329258126e+00,1.765958977787546402e+00,-2.053440895537468780e+00,2.154516941116342288e+00,-6.488565961840656593e-01,-2.248397647773733077e+00,-2.889454080362149568e+00,3.014054520854651642e+00,2.203667160163893524e+00
2.648398658271625017e+00,5.485186269623912203e+00,1.013960598333700780e-01,1.583455039002927167e+00,-2.015988893074801336e+00,2.432173036499841068e+00,-1.923082809149599504e+00,2.976022964485846245e+00,-2.104974604091188972e+00,-4.828508513949564041e+00
2.522647352134026022e+00,3.664768098864693791e+00,-1.797750909891995930e+00,-1.693138832840721975e+00,-2.536360781653830276e-01,3.624618991476078467e+00,-1.224536684883348880e-01,-7.044866890382106561e-01,4.415464741335918264e-01,-4.962085740194154271e-01
-3.040679133285173030e+00,4.542854546925941817e-01,-1.228366715138173859e+00,-1.622074078235978822e+00,-1.340483250063365661e+00,-1.277245979191257597e+00,-1.377036978654538668e+00,-3.014465175111054052e-01,-4.853971739338166502e-01,3.519466651901962617e+00
-3.426811663656546880e+00,3.167616973991905782e-01,1.808687346871542978e+00,1.592675301603241556e+00,-2.022545150391791502e+00,-3.671937433039494270e+00,-2.241161720719773154e+00,3.167901648023849326e+00,-2.124452101942933879e+00,9.315962805846801364e-01
8.412221444274248228e-02,-1.980734011700184816e+00,-2.719156707417174079e+00,-1.932405037788457403e+00,2.316797662470798436e+00,4.547294436775846549e+00,2.055137455150775505e+00,-1.773352952158089302e+00,1.835370952649889142e+00,1.366916327012591692e+00
-1.156667732788586367e+00,-9.399402911243848191e-01,-1.563362849776682495e+00,-2.006144741415770039e+00,1.739583652867597419e+00,1.663184423494318276e-01,-7.787948539331979170e-01,-2.358568781839920803e+00,1.656541284785852275e+00,4.453413825820178751e+00
-2.186775384506614017e-01,-1.830747951541208840e+00,-1.668013114929405738e+00,-1.866978072596950033e+00,2.248492419494013017e+00,1.969738624633809998e+00,-5.085328284816593714e-01,-1.463053021577203960e+00,1.731452867124501083e+00,1.549666455092996387e+00
-3.722379409879081891e-01,1.578172145235557045e+00,-6.421922338568606392e-01,3.392790453658604544e-01,-1.963388781762174240e+00,2.409761087139635216e-01,-1.740381326025558506e+00,1.806395779316019912e+00,-1.903232646489762647e+00,-2.398951568060470496e+00
1.702091847014580495e+00,1.767752461482112514e+00,-2.945481007072599411e+00,2.643432500813537978e+00,-2.024750139123817405e+00,3.752806918808073267e+00,1.944029180438233695e+00,3.170678485217479192e+00,-2.127308402132372933e+00,-4.717839984600733061e+00
-6.807169742145569025e-01,9.370592297726044739e-01,-2.451776572538338250e+00,-1.004978666881649163e+00,-1.894349829116189321e+00,8.312343947501240615e-01,1.418685553894222462e+00,8.486552506549918107e-01,-1.675037700281189368e+00,-3.693930087841301724e-01
-2.047645572672482039e+00,4.338399976514054623e-01,-2.561252806755786260e+00,1.229560732902029052e+00,-1.990123480157888425e+00,-5.976320371370952289e-02,1.926198574180247647e+00,2.364811789361556116e+00,-2.010827978337620170e+00,5.651155915258380125e-01
1.050888148682504131e+00,2.071583971659727297e+00,2.784035263850661579e-01,-1.737992913136537920e+00,-1.132718357755709837e+00,1.558361916536943781e+00,-2.029672730996515018e+00,-6.880786410633303873e-01,-2.158012508991908607e-01,-7.605364545010103727e-01
1.980298890661490674e+00,3.148047824282035556e+00,-2.700020926958984990e+00,8.317746040243603201e-01,-1.961726256440252891e+00,5.246469426162498451e+00,1.824872535615403857e+00,1.832775226519355094e+00,-1.896956729109456674e+00,-4.514475928145291306e+00
1.358207600064711862e+00,2.922412026976468180e+00,-4.112887145718686632e-01,1.706688919047017805e+00,-1.996087973708122520e+00,1.919786390787124430e+00,-1.823274858384699604e+00,2.521495630972661495e+00,-2.052961311005319089e+00,-4.426898374099115685e+00
2.338400459546458698e+00,-5.270271111819305743e-01,-2.018702245824173680e+00,-2.100546306981302624e+00,2.578231927924997890e+00,3.242305665070945420e+00,4.777800865550917431e-01,-3.379976723964006169e+00,2.968327168071307476e+00,-2.014496034337832919e-01
4.781249573014134668e-01,-4.009798531587025927e+00,-2.747011722964427527e+00,-2.093508178615580917e+00,3.208944091751950278e+00,3.966503412186288102e+00,2.062477944243479744e+00,-3.309944002240605698e+00,3.401962328204711561e+00,5.163620860029206616e-01
7.190884646891460008e-01,1.102532523474328841e+00,2.140484179865097758e+00,1.791165791282595565e+00,-2.025981617804559320e+00,4.962424852990706681e-01,-2.262594887107785890e+00,3.272803502723689029e+00,-2.132889934938124732e+00,-4.382586052352298367e+00
-2.492512536153874247e+00,2.397353531874557575e-01,7.538473287844658088e-01,-1.833966833045111544e+00,9.620425242981225367e-01,-3.015183675007297559e+00,-2.094253168626112327e+00,-1.093861779675915358e+00,9.154801227584818957e-01,5.078090122752090707e+00
2.775423020507020055e+00,-9.208912789536216614e-02,7.274235167185860718e-02,-2.105850668875665743e+00,3.258883133623573514e+00,1.363646978685878919e+00,-1.974790017234830719e+00,-3.457288062450807775e+00,3.381291056178482801e+00,1.410930709075276512e-01
3.485461582675652537e+00,4.728595823689729194e+00,7.798171869154302271e-01,-1.731756822754190406e+00,1.962419899539704360e-01,2.656130943430331293e+00,-2.113695386778627228e+00,-7.819819736236888197e-01,6.144899504127517842e-01,-6.591604565068205357e-01
-3.421362471607237055e+00,8.827500485582490120e-01,-1.512476937618877360e+00,-1.675618538792862822e+00,-1.173133405666698437e+00,-1.007299110825426558e+00,-1.042944881132539470e+00,-5.408540403655432982e-01,-4.395922572135991802e-01,5.940438313628162881e+00
2.534148899573823499e+00,5.513038378812018081e+00,-2.112832713845150590e+00,1.439600987940608201e+00,-2.018358206088044504e+00,4.918751041816253888e+00,1.210908483986302908e+00,3.112006719674421440e+00,-2.106608628527850691e+00,-4.826355637225398176e+00
-4.784019146739018069e-01,-3.948166503604564781e+00,1.322021770100949567e+00,-1.850130078856819349e+00,2.312703425628376941e+00,-1.612247255509437815e+00,-2.203924257878923765e+00,-1.409882883188269709e+00,2.703429367667474104e+00,2.073596106129928174e+00
2.717527778162089902e-01,5.796976399185884699e-01,8.905369479065070593e-01,1.386093812103964318e+00,-1.991895850364206577e+00,1.897801591487608963e-01,-2.158773488885788794e+00,2.353738201588842394e+00,-2.017025287011857682e+00,-3.879864595039313802e+00
7.690032125536383489e-01,8.460377134736363214e-01,-4.981855212935570876e-02,-1.650524740687205616e-01,-1.925966518474709455e+00,1.282688344730915198e+00,-1.957792014938241731e+00,1.603726307641772486e+00,-1.874906466849931341e+00,-4.013936019376903808e+00
-9.663084126464767110e-01,-3.335865700424117009e+00,1.837589560298994229e+00,-1.963371153795541169e+00,1.636153314021881355e+00,-2.546899535709174600e+00,-2.243017409463921918e+00,-1.976282820718049615e+00,2.137173557315763972e+00,5.758694585444779079e+00
2.301135488672467311e+00,5.092351967950909497e+00,3.350615691297080367e+00,-1.909989366061576876e-01,-1.943004457815598274e+00,1.825301685965445841e+00,-2.340178528021084059e+00,1.446115666871732763e+00,-1.836572587341863683e+00,-4.427102556198842187e+00
3.661946600109153849e-01,-3.754520379280657849e+00,-2.810355627629613107e+00,-2.006237817362221953e+00,3.392617353497588528e+00,2.710518751438078855e+00,1.787943345030990727e+00,-2.580071552256212986e+00,2.727161040698216521e+00,3.771213172643766987e-01
-1.337767966417973131e+00,3.855350596233513838e-01,2.470335454882796711e+00,2.002138636303744779e+00,-2.005514925180761576e+00,-2.664518499724744416e+00,-2.294495328619536423e+00,2.560778076697984851e+00,-2.058855372991922117e+00,-1.039902073787390968e-01
5.545605424536965700e-01,-3.228049667765595654e+00,-2.858518336091342427e-01,-1.964219614040182638e+00,1.823256096801066484e+00,1.228005797415238076e+00,-1.833752794959819798e+00,-2.066322585104265475e+00,2.252829700788979483e+00,8.926531596946225555e-01
3.267857998072294379e+00,4.156989234992233051e+00,2.287538384639424827e+00,-1.850198022203808357e+00,1.431363952205709555e+00,1.880435599322963780e+00,-2.281370761598197738e+00,-1.211805047828168558e+00,1.523099500137667706e+00,-3.931505481218704467e-01
-7.048059536585444818e-01,1.365652953843776718e+00,1.366735493266904022e+00,-1.080246504200601088e+00,-1.756349358005255157e+00,-2.028414753151965400e+00,-2.213016734898218818e+00,4.499387238580689896e-01,-1.394411515612324681e+00,-5.443551834043909299e-01
9.217914793829482534e-01,9.502393774160837747e-01,-3.579107871215807535e-01,-1.860648867569937526e+00,6.435211805924917483e-01,1.170544352495436424e+00,-1.829987598330642173e+00,-1.246563420914338138e+00,9.467425846999582006e-01,3.450198825198491637e-02
9.557627831534301066e-01,-1.837065654821427030e+00,-2.278260437846562070e+00,-1.981678563765741474e+00,2.675099067742606085e+00,2.904620043252998496e+00,2.328373608480550416e+00,-2.184209863929047479e+00,1.935929220600451695e+00,6.941200779434673063e-01
-5.017704749405744735e-01,4.984294201855515860e-01,5.407806217973289975e-01,1.196368372076884290e+00,-2.003905730446151612e+00,-9.530046088794462689e-01,-2.100835640131975879e+00,2.585704275271577757e+00,-2.048756162617195287e+00,-2.466636521045106445e+00
-1.371763938865667942e+00,1.006475518211465525e+00,-2.633660938607010671e+00,-1.416945008439301823e+00,-1.567534556383964883e+00,6.451606360608727608e-02,2.550758851102848723e+00,3.389547529651926183e-02,-1.055144855080177191e+00,1.692969016749327427e+00
-7.928708703320346274e-01,1.599211690437949196e+00,2.461218930927081772e+00,2.349465686652232321e-01,-1.969278147690922687e+00,-2.219935751812505575e+00,-2.286289682636491349e+00,1.781493885527485332e+00,-1.916937546464082764e+00,3.296362605016176506e-01
-1.979437331293698588e+00,-1.348433567203384531e-03,2.709781035162881935e+00,-1.574353550201132323e+00,-1.061573194927440733e+00,-3.356769983939105639e+00,-2.305432249960583047e+00,-6.124422297253806491e-01,-3.340654087552367146e-01,3.549393090924451322e+00
1.687925082324408521e+00,2.967918335488847870e+00,2.869558380052050772e+00,1.895400160836537840e+00,-2.007071201009084316e+00,4.495104396309252959e-01,-2.314234099118162469e+00,2.826523719578641014e+00,-2.082119589410516003e+00,-4.612136229057724357e+00
2.711269127143548729e+00,4.720697814894264432e+00,2.264873962452006673e+00,-1.775451907771171012e+00,5.953418220390715998e-01,1.054974616305999202e+00,-2.269358803466411167e+00,-9.822265196468844550e-01,7.883397333306154664e-01,-8.455056601093225987e-01
2.733753232351868512e+00,5.806328286802758143e+00,3.051746594111582667e+00,8.036483737895872004e-01,-1.985231645675707535e+00,7.198795407741049868e-01,-2.326842832599289590e+00,2.170375747827177015e+00,-2.003530334415013048e+00,-4.637218149972490266e+00
-7.719301583967874691e-01,9.830819598645752500e-01,-3.459646816266290781e+00,2.011222676445934443e+00,-1.998277620829942869e+00,1.657066090554533133e+00,3.070708828703078375e+00,2.440862357139819139e+00,-2.027752042378522468e+00,-9.805479993768582148e-01
3.325713855418314324e+00,4.502258558030251656e+00,5.346890406571151999e-01,6.774859174368870196e-01,-1.963704100824127607e+00,2.685516292876049871e+00,-2.070957575361311420e+00,2.027852304660259009e+00,-1.908631187053392742e+00,-4.718548654247582519e+00
-3.131729527589107498e+00,7.330345982003606542e-01,-9.478279815721366575e-01,-3.523492085336070168e-01,-1.928417871974573705e+00,-2.014314785069228009e+00,-1.464895668816462937e+00,1.332495448286991291e+00,-1.818661283689984254e+00,2.539399080553033095e+00
1.806856141694511031e+00,-1.669346654377257266e+00,9.654050996779615090e-01,-2.053626070288048222e+00,1.770897686975740903e+00,9.094902699101490295e-01,-2.093980181795259021e+00,-2.889557514619137457e+00,2.213964738712402180e+00,-2.870731224583194519e-01
2.489242756885298391e+00,4.848107176007433239e+00,1.498099262596658043e+00,1.005330760568306836e+00,-1.964144716327767437e+00,1.676045339933277312e+00,-2.226302076487423065e+00,2.163223240919245782e+00,-1.966170658095712342e+00,-4.675066355277237129e+00
2.572284232837080964e+00,6.448337108011328311e-01,3.164966733248650854e+00,-2.086366352734868368e+00,1.837321273168436742e+00,1.017438576494118729e+00,-2.331325149932383933e+00,-3.222141701835418370e+00,2.854117490709899840e+00,2.100811320733284027e-01
-3.227868191452376578e-01,6.345369907601289272e-01,-2.867549102093978064e-01,-2.295040830557470990e-01,-1.915825590382119525e+00,-1.181053190702882616e-01,-1.898220133285720479e+00,1.555869644427152032e+00,-1.850167129194461246e+00,-2.831391187017950006e+00
-1.183505692210539806e+00,-3.767116156529557447e+00,2.846403933106678608e+00,-1.881468382303253417e+00,1.916284135787124754e+00,-2.807835845840101818e+00,-2.316537707515609501e+00,-1.687491353371219915e+00,2.402514558834201175e+00,6.263911425604637984e+00
-1.477300493263906667e-01,2.917142028055370595e+00,-1.557662501068697081e+00,-1.531143708684895577e+00,-1.662371038774437704e+00,1.815357677321900010e+00,-7.044068824434759346e-01,-1.172466144451420611e-01,-1.157925990319322196e+00,-8.571153691864985547e-02
2.637309688065690771e+00,4.395248258362918214e+00,-1.406660228044105843e+00,-1.212930822647469986e+00,-1.840391487141988636e+00,5.311347992942881291e+00,-1.063626017601895679e+00,7.309762058950060037e-01,-1.530360515699409785e+00,-3.856914576384995463e+00
-1.124517888873325600e+00,6.206708435278706082e-01,8.321652233624243777e-01,-1.438797826265905133e+00,-1.583749990928329243e+00,-2.201682686463854566e+00,-2.149794274034460440e+00,-4.099578378776591592e-02,-9.695221200838617381e-01,3.166600422980200058e+00
-2.102760633917827526e+00,-8.437128135807935303e-01,1.693381415866540785e+00,-1.904220432898467541e+00,1.699429019310840783e+00,-3.227302517117476732e+00,-2.235579763287485644e+00,-1.787602352135662986e+00,1.484730297039873470e+00,4.534594631760828776e+00
-9.090473848013491676e-01,-3.107679568072037046e+00,3.559951795367854999e-01,-2.027728333823186624e+00,1.868085888023094832e+00,-1.940717214696802584e+00,-2.035253005871062282e+00,-2.530091941082811324e+00,2.036046247433031198e+00,5.067987678958669306e+00
7.100136371098484389e-01,1.410221075326415274e+00,5.299574293754885090e-01,-1.347315338685472375e+00,-1.801476196284780507e+00,5.496418555622445412e-01,-2.052455964623087326e+00,3.601482404867453191e-01,-1.398743724934972343e+00,-3.039541100795381645e+00
2.205927196635882659e+00,5.938582255142911492e+00,-1.988487409891840585e+00,-1.454223840038815885e+00,-1.639507318547232639e+00,3.417638384248602890e+00,1.226369542461116513e+00,1.818518550625496388e-01,-1.101097542234397375e+00,-3.089827986908890267e+00
-2.137536670032715858e+00,-3.283432034307392833e+00,5.070161695003179148e-01,-2.072734844223798056e+00,2.244095491781161744e+00,-2.674126483278006727e+00,-2.034816556609718941e+00,-3.014335682722507848e+00,2.010055669333692396e+00,7.873661790317163067e+00
1.076070356772130587e+00,1.000473892698755085e+00,-7.532191325246926361e-01,-1.736006102979916310e+00,2.869384880360231205e-01,1.928506954019496122e+00,-1.714488301196153808e+00,-8.028091192679212007e-01,4.031446787890012873e-01,-7.362764388779687863e-01
-8.701663403892712090e-01,-4.055262473437669657e-01,-3.019967186396426584e+00,-1.871336412739074806e+00,2.100472866304146091e+00,1.121309536342993685e+00,2.567831720423461306e+00,-1.395833897313544902e+00,1.390162891460614558e+00,3.459411108423619652e+00
-4.670003533985505051e-01,9.366922778486986845e-01,2.946390622947290261e+00,-7.865400243645216394e-01,-1.829027181549338188e+00,-1.483437419537752655e+00,-2.320505762585542975e+00,8.994082582855735808e-01,-1.599970893540244354e+00,-1.833240974508599574e+00
-3.001127508414555223e+00,8.073246352163107042e-01,-3.077142893140711877e-01,2.357424393559049314e+00,-2.031724572696828268e+00,-2.655457203377713515e+00,-1.916022349395493762e+00,3.479693252617582999e+00,-2.155104811286269850e+00,4.868221471518255905e-01
6.890549682940712017e-01,2.617210073788752922e+00,1.357766211811278545e+00,-1.435998620869657127e+00,-1.680267990848062221e+00,8.998187462173426465e-02,-2.203292877011835404e+00,-6.843281440283588424e-02,-1.140751271041909654e+00,-2.134509880571643592e+00
-2.629691346982055755e+00,2.040332991674352614e-01,2.424873510652088449e+00,-1.334956861367923908e+00,-1.720543821182768385e+00,-3.632586721770405980e+00,-2.289324192315140838e+00,1.390130798347621877e-01,-1.221942174243339840e+00,3.460124639554860160e+00
-2.021218048549904278e+00,9.773246932625681005e-01,-3.167705989184435467e+00,-1.152598099912063745e+00,-1.857736338798094300e+00,9.687153863958046784e-01,2.438415984073123433e+00,8.080655210440887970e-01,-1.609086713173993655e+00,2.348935931507807773e+00
3.267417418963392883e+00,1.984114720042563063e+00,2.338201434528372147e+00,-1.933521624321386634e+00,2.078041335025809122e+00,1.128169957327691098e+00,-2.269715015322839591e+00,-2.049246286346484425e+00,2.131798329968656702e+00,4.911807559237948428e-01
-2.945364831140287354e+00,-1.385767913031573872e+00,-1.964443068483014976e-01,-1.715919396286805565e+00,1.870576864219210655e+00,-2.646978599499666629e+00,-1.854772408445607201e+00,-1.078075191821370904e+00,1.583532397165673178e+00,5.038895329185068661e+00
-2.597186894059149154e-01,-3.659687349218093022e+00,9.165388672317744678e-01,-1.947473071052645111e+00,2.192301117528005605e+00,-7.713133181812433792e-01,-2.117294979900340657e+00,-1.876200166310588280e+00,2.428911481022309804e+00,2.955614377457998376e+00
2.536307447158277384e+00,3.716652999080434672e+00,9.037647311508809622e-01,-5.559243315618215275e-01,-1.928804660609836796e+00,9.200089343366235628e-01,-2.150923935938505061e+00,1.225085068806126110e+00,-1.820255308622857449e+00,-4.276911307503511672e+00
3.422312194925323681e+00,-1.414966922037225183e-01,-5.363277228917571193e-01,-2.036039777404031526e+00,2.507527903365199151e+00,2.655834388609512597e+00,-1.718736110492227853e+00,-2.628450779593438646e+00,3.212912048202166027e+00,-1.373528468740091157e-01
1.750814436694778209e+00,1.922720921011591644e+00,-1.777508576579349686e+00,-1.761569011490529135e+00,1.950700081044666745e-01,4.536158722028522661e+00,-4.128532103176659751e-01,-8.397725662031163552e-01,5.018897873885754812e-01,-2.986331117170055727e-01
2.098402125016079367e+00,3.546211646799803496e+00,2.444058814137917146e+00,-1.291573720422997784e+00,-1.856606931839161811e+00,6.477514148394067917e-01,-2.286711610039652065e+00,5.451770732658207663e-01,-1.577942750244157644e+00,-3.778024260205405049e+00
-9.671524504636099806e-01,-2.160175592025233904e+00,2.720367680591341930e+00,-1.881577978561930209e+00,2.150191935164791790e+00,-2.592416012796692204e+00,-2.303553737694084891e+00,-1.631104226465920348e+00,1.780680916407202385e+00,5.452460976396203307e+00
-9.179270593905566322e-01,1.193139030181103344e+00,-2.549923870751543475e+00,9.567414836393641764e-01,-1.968278898064408589e+00,1.174681678477512259e+00,2.730992996350430690e+00,2.052908407396029311e+00,-1.950901123736951792e+00,-4.841686591270114026e-01
1.481846596271414462e-01,-3.292524861209113585e+00,2.985722135029881485e+00,-2.109307069792499600e+00,1.945747053148884520e+00,-3.119500164266848508e-01,-2.319741865347339616e+00,-3.495527779403343693e+00,2.445509458350817233e+00,1.674895968144225478e+00
2.579196983757270800e+00,7.150664095475544713e+00,6.548551415188121894e-01,1.883013015526505463e+00,-2.014049689299953094e+00,1.395118088728812378e+00,-2.095252832722894976e+00,2.924208754072711969e+00,-2.096803614677146044e+00,-4.820776880158293309e+00
-1.794890656925119732e+00,1.497365338203345386e+00,2.948909779380442409e+00,-1.715577848483526680e+00,-4.964218956790043547e-01,-3.401527690626080513e+00,-2.319308460811641659e+00,-7.286387523353816675e-01,1.627308308871762144e-01,3.666578191840609513e+00
-2.404416729695327604e+00,-3.449586466168524712e+00,-1.349914059432065994e+00,-2.068989938500831016e+00,2.939652762942906783e+00,-1.093167999868159379e+00,-1.210572453679649163e+00,-2.966688540028060483e+00,2.146908284061920025e+00,5.197475686862766509e+00
-5.819911948027258752e-01,-2.483720376101822280e-01,2.377040635969946969e-01,-1.787847401714748097e+00,1.304068235137737064e+00,-9.794047202851621226e-01,-2.005460944533690615e+00,-1.172204968304600747e+00,8.198910380006719789e-01,1.870729932769260584e+00
-6.477693549742253865e-01,1.177546414564090593e+00,1.997682598269256538e+00,-7.136008704545595549e-01,-1.886976677718491757e+00,-2.128117394437427645e+00,-2.256905050317045802e+00,1.103389036212131913e+00,-1.650922129101979108e+00,-3.047368688627458688e-01
-2.415984057696333842e+00,1.296343428481304016e+00,3.164110548514909027e+00,8.290883138341582637e-01,-1.967852945730223180e+00,-3.635147710049733583e+00,-2.331167094563764586e+00,1.983031773570475664e+00,-1.933993902315492175e+00,3.301800529674813189e-01
-5.168019769165055344e-01,-4.147101172205502451e+00,-2.104360519203223312e+00,-2.107491452613589278e+00,3.109296758517549719e+00,2.109661219475776228e+00,9.188788597652176593e-01,-3.471191010746771166e+00,3.257582007107969968e+00,2.258605846732665512e+00
1.491376635563605113e+00,-2.786151710598112619e+00,-1.143121312058112515e+00,-1.976574139556228848e+00,2.476745608441691004e+00,2.895509285961769042e+00,-1.269004894408866768e+00,-2.074408915534719622e+00,3.160711379028312784e+00,6.853876355379354690e-01
3.316716491908839437e+00,4.098297389512328692e+00,-2.320084610673197378e+00,-1.809418183989888629e+00,1.763730875417380162e+00,3.825484331472690513e+00,1.779032759358857074e+00,-1.203717970515190583e+00,8.818159245162694448e-01,3.422617884900445162e-01
3.188088352120320934e+00,6.361957520421732681e+00,1.936515538268815284e+00,-1.178825631786984074e+00,-1.868910767006836782e+00,9.542433603159324873e-01,-2.252384780485248594e+00,7.188463217120899529e-01,-1.626229852388318076e+00,-3.981462052049280942e+00
-1.874712553674540594e+00,1.222849002435222321e-01,-2.783256365607528426e+00,-9.917478266078372240e-01,-1.820593624441074310e+00,1.009689658302339366e+00,3.232919230613889638e+00,5.926829266308271116e-01,-1.530107025733897563e+00,1.313570796307537147e+00
3.425616784090363964e+00,4.571975351529571796e+00,-1.382950988297833028e+00,-1.793128944688407111e+00,9.158074124467027177e-01,2.997499918859336088e+00,-1.079575112864401554e+00,-1.127765626377963848e+00,9.905814408495564605e-01,-7.578229659964195175e-01
-3.174105587758149216e+00,9.055426012325548113e-01,1.593822368263457356e+00,1.740786377748177571e+00,-1.983300285737108704e+00,-3.532576217861042700e+00,-2.216872311362545034e+00,2.117195142818658837e+00,-1.992172858747003561e+00,1.139906194089001845e+00
-2.487776228435342851e+00,1.291571100585800380e+00,2.814845857516562688e+00,6.678744314445768104e-01,-1.963328728460282280e+00,-3.659943659612085121e+00,-2.314227005077681643e+00,1.716117256222077003e+00,-1.904324960634300012e+00,2.345496109944434693e+00
-1.205563595585676495e+00,-4.237256121795815567e+00,3.197622887942348058e+00,-2.086400971267628801e+00,2.303826368899711596e+00,-2.995717860406359012e+00,-2.332445039257582398e+00,-3.196189574934365396e+00,3.049643241299571983e+00,4.593124284117632072e+00
-5.428814300296664896e-01,1.481567331347519945e+00,-3.144832735069502672e+00,-1.181701514952885113e+00,-1.809501810797492727e+00,2.411505899310105061e+00,2.147495858654390855e+00,6.564540485375367496e-01,-1.552702348633139717e+00,-1.012230443988322293e+00
-4.684463886786671694e-02,6.179942712017312267e-01,-2.982053590155640865e+00,3.784224066222441341e-02,-1.954398766356983508e+00,4.781088051856151822e+00,3.224847166630296247e+00,1.632659221188037968e+00,-1.890848876730867989e+00,-3.313241985614179708e+00
-1.237333836300280598e+00,8.082126774082297738e-01,-3.203987689138842576e+00,-5.258761855494031856e-02,-1.941764796730053089e+00,7.843425450896674977e-01,1.953345826209123448e+00,1.503248377076687348e+00,-1.825382180593610126e+00,5.039673574229340813e-01
9.736415201483872295e-01,2.130257539385836729e+00,1.061575614263419176e+00,-5.332097372668413715e-02,-1.958632887265619793e+00,5.044725147709256952e-01,-2.152344901848701308e+00,1.631692866169542455e+00,-1.896038005639421931e+00,-3.954030854156667552e+00
2.657758707863465908e+00,7.018885016640274088e+00,3.428529382616597232e+00,-8.633675995986779261e-01,-1.898146579208134899e+00,3.444074852361752592e-01,-2.343296761495849534e+00,1.029406743353729503e+00,-1.703253540002750865e+00,-4.223921303154372531e+00
9.498050520101930516e-02,1.696618820821314433e+00,2.801476758659058319e-01,7.134928621008382876e-01,-1.960483162857439954e+00,-1.083018206143453177e-01,-2.033621220807048324e+00,1.724786606351016438e+00,-1.902607678721792261e+00,-3.433800419117106539e+00
-4.901727949339078627e-01,-2.912612879067544291e+00,7.854666245044628070e-01,-2.096270365335012542e+00,1.678039791628731514e+00,-1.276747551583204743e+00,-2.131021077966480881e+00,-3.333410263582251787e+00,2.051709142974704303e+00,2.195750535640699219e+00
-1.684648663813213876e+00,1.002266431612365061e+00,-1.503261016157071417e+00,1.440726559556102737e+00,-1.988308240013747952e+00,-4.087605756738146301e-01,-9.840574799462604716e-01,2.379526720534282269e+00,-2.021469814095756323e+00,9.316974203255010134e-02
5.088162045852637760e-01,1.412500686953487961e+00,1.785567657991711243e+00,-1.856712606612384908e+00,1.075694627798915892e+00,1.383960302472643233e-01,-2.240474539981504698e+00,-1.331759335221689877e+00,1.149274705147769859e+00,2.261372478166645550e-02
-2.933618533925881788e+00,7.620469161053035068e-01,2.787928287312964493e+00,-1.460065370439012078e+00,-1.291313030464339207e+00,-3.765002215326683110e+00,-2.313541851971874230e+00,-4.394193771791519154e-01,-4.176631641186746569e-01,3.480581108965226544e+00
-1.406542806801978962e+00,4.513367514299686523e-01,-1.310231947367324068e+00,1.505010223061276298e+00,-2.006477033751166594e+00,-1.497795897490977746e-01,-1.168026704600946264e+00,2.557872476174262388e+00,-2.059467251867320048e+00,1.511810653207674715e-01
-2.148910441912456726e+00,9.024676155875440697e-01,-1.462813616544708761e+00,1.191633161617364545e+00,-1.991341671924016232e+00,-1.012936407468281397e+00,-6.070137633501744290e-01,2.350924648028427377e+00,-2.013983423072611245e+00,7.024799705870350408e-01
2.982883100090899298e+00,1.719798912546821879e-01,1.364218647866016099e+00,-2.048669492117097590e+00,2.790214427098471894e+00,1.607938525568819665e+00,-2.202277267553264917e+00,-2.813789625209520473e+00,2.266600086333909747e+00,2.854020555835509176e-01
1.037339590193448124e+00,-2.363051213283603236e+00,9.893603345644885749e-01,-2.093943839512058869e+00,2.257613975917668103e+00,1.262643626563233479e+00,-2.146092144672719471e+00,-3.315845821346226963e+00,2.383645112769162022e+00,7.991419352368442364e-02
3.876514633194418913e-01,1.235474355824697223e+00,2.993493088693357507e+00,1.379912007052527256e+00,-1.999734715357834425e+00,-3.110267126303658536e-01,-2.320871325945330188e+00,2.421548578758616621e+00,-2.042991471997926300e+00,-4.018966529912045615e+00
-2.776019460252069138e+00,1.069939515629884763e+00,-1.033552044753701438e+00,-6.680737727146380811e-01,-1.910175560992855459e+00,-1.692592853324448310e+00,-1.482992986199112462e+00,1.156856936576667216e+00,-1.744628705168756344e+00,1.056722797239125322e+00
-1.895605256098206848e+00,-1.627192523055416284e+00,6.702599140908933606e-01,-1.885841015653322073e+00,1.814943465707689274e+00,-2.701163983388461531e+00,-2.102820216168715284e+00,-1.740709398806704389e+00,1.598805208902337460e+00,5.254043015398229599e+00
3.257936701009085390e-01,-2.471346944646832799e+00,1.802928706267527659e+00,-2.077839113117344816e+00,1.669703526104055591e+00,-1.858588440502913497e-01,-2.228598882269722914e+00,-3.136209220061399794e+00,1.895033963106453889e+00,1.358837329984272202e+00
-1.403646484028785224e+00,1.016910561571142679e+00,2.495507082596713389e+00,-1.010472871452834376e+00,-1.849964291003981742e+00,-3.028520641339292219e+00,-2.296473355721545762e+00,8.034791677831192303e-01,-1.607233493026076765e+00,1.938509238239779942e+00
-3.286314173768972946e+00,4.015047821544150963e-01,-1.588672770569230286e+00,1.005056626436463540e+00,-1.981901210024148430e+00,-1.126563824857827356e+00,-2.531929563833664742e-01,2.169742020187463538e+00,-1.985175455286132928e+00,1.252309905449200622e+00
-1.420822981811755703e+00,5.091642890741245875e-01,-1.735099713681287792e+00,1.814315680693952437e+00,-1.981275854829443128e+00,3.967601762406262056e-01,-3.555902509110513976e-01,2.018192394040676518e+00,-1.959297450806322560e+00,-1.504640280249130990e-01
-3.311586963850520426e+00,5.057499685801698508e-01,-2.655475279912014042e+00,1.296768479247270456e+00,-1.989671760386933164e+00,-5.894805005618815041e-01,1.793646465361938613e+00,2.426430019310261699e+00,-2.016844255209948589e+00,7.388278460972175221e-01
7.373070383020863261e-01,2.279278589539809996e+00,-3.199880698888700081e+00,1.409834999116101883e+00,-1.997247038318046952e+00,3.250777437078609111e+00,3.228001492418306473e+00,2.524783853183423687e+00,-2.053472388735599452e+00,-4.143544898698789503e+00
-8.885914880631284873e-02,1.198476627169558828e+00,-3.220473852737404385e+00,-7.098777902519850524e-01,-1.903735456413901517e+00,4.496563704619653379e+00,1.962040335909462696e+00,9.222185494039090159e-01,-1.694711527774602544e+00,-2.811001484988605803e+00
-6.912463163164903612e-01,2.077453466380463354e+00,-3.214141713767729058e+00,-1.460046618022374121e+00,-1.654910731104721089e+00,2.824963676915170474e+00,1.918323547093013781e+00,-7.515333412861968654e-02,-1.133882623250806354e+00,1.501420598202112933e+00
-2.118871188989668752e+00,4.523536288425917817e-01,5.815069669705632549e-01,-7.775275195420835450e-01,-1.911205202720547724e+00,-2.711480112136338771e+00,-2.084584912321574723e+00,1.189081768341798906e+00,-1.736988508594216052e+00,5.796303660196119312e-01
2.016916505463042242e+00,8.807310038713551670e-01,-2.287270571555501064e+00,-1.983618724850576553e+00,2.070990926684011413e+00,4.662188147157649176e+00,2.406481307687001081e+00,-2.286581775590585064e+00,1.634863832634233072e+00,3.985936872318296409e-02
-3.553009676968703623e-01,-1.287045616535829051e+00,-2.511003935788622687e+00,-1.966404286919275268e+00,1.358232617598441383e+00,3.672208834377119757e+00,1.800093194849514688e+00,-2.065921724446709185e+00,1.530723426159647849e+00,1.900302173179549747e+00
-2.600738108126079418e-01,-1.441141843409680767e+00,1.556929153152190715e+00,-2.018810359186937298e+00,1.491942658260652532e+00,-4.206248675928496716e-01,-2.230839633610279371e+00,-2.749219607258305498e+00,1.828551293544400158e+00,2.312029480541895943e+00
-2.026141633058835545e-01,1.629730798994536989e-01,3.172392365614189025e+00,-1.812740145577621531e+00,8.918091241515078149e-01,-8.436596320525919790e-01,-2.332258186603834105e+00,-1.061290685565088321e+00,8.995021559938349842e-01,3.905299883000102334e-01
-1.151358361980799661e+00,-1.261781873172956647e+00,-1.758017237509434949e-01,-1.950987491292856868e+00,1.935198974508177461e+00,-1.842843313032376473e+00,-1.959036049041534389e+00,-1.848566065886534604e+00,1.583666118259941191e+00,5.241566126558205418e+00
3.287936262100219942e+00,6.628382792630428400e-01,-1.711984743602859460e+00,-2.099552436892072826e+00,2.343496625726203764e+00,4.736472018390272432e+00,-3.815120959337920947e-01,-3.386746139373681963e+00,2.755105154118626221e+00,-8.247325445874753580e-02
1.206905621567551989e+00,2.372570391888214836e+00,-7.818778186174921707e-01,2.790199040578612788e+00,-2.014921641214691750e+00,2.874020682227015566e+00,-1.649463236054078408e+00,2.829271578407658083e+00,-2.087806163993792818e+00,-4.517722930813779847e+00
-3.274489230082884728e+00,1.140764189274366069e+00,1.799265327684861582e+00,-1.325666048883134440e+00,-1.772338733999750948e+00,-3.674929619489039734e+00,-2.248891233274853185e+00,3.181605759280063950e-01,-1.383944084327399127e+00,2.823614746614824256e+00
-2.486685822366100140e+00,1.399048837280861601e+00,-2.663075153149125907e+00,-1.254296833971300762e+00,-1.759046173564057902e+00,5.167339517636104773e-01,2.456961471624268256e+00,5.621792009117498878e-01,-1.338872320282120665e+00,2.285939287519702212e+00
3.047122366700041773e+00,6.134456506694527356e+00,-2.247788975250422983e+00,-7.639032012563927720e-01,-1.913075359059114744e+00,3.806962244179318944e+00,1.780070275340893904e+00,1.173550462612286793e+00,-1.733750523579584035e+00,-4.402591176746374124e+00
1.340225915789372557e-01,8.666605624531890095e-01,2.227239470667211840e+00,-1.591071977838631968e+00,-7.722086217031511879e-01,1.764045513452106029e-02,-2.277232171401278649e+00,-8.080284463052125332e-01,9.903376129435925712e-04,7.378341287458294318e-01
3.020112719548034619e+00,6.548092386053335545e+00,-6.042813806619595773e-01,1.521680778047611593e+00,-2.016218970203325522e+00,2.726881063573456832e+00,-1.791063879310975437e+00,2.936237947306912233e+00,-2.095729028712111752e+00,-4.869432565777128019e+00
-2.561812151327744758e+00,9.679032981774727817e-01,-4.268044903594807593e-01,-1.326082814264216703e+00,-1.852992934195958119e+00,-2.173478222237705371e+00,-1.840760182824447755e+00,4.982451172233886005e-01,-1.549142017510245273e+00,2.006453322255634664e+00
1.220094209932996776e+00,1.104411547986491104e+00,1.075935812471290554e+00,3.707783430043526396e-01,-1.971550435079881591e+00,3.557222840291325294e-01,-2.094316668747551180e+00,1.859375471741794961e+00,-1.937671494723843146e+00,-4.328325953104070756e+00
2.606096619059306896e+00,-1.473747127291313574e-01,9.644389408225455540e-01,-2.049392171052026423e+00,1.992028042264583299e+00,1.328514304910243027e+00,-2.143718689580820680e+00,-2.740472796523496513e+00,2.324003851835750645e+00,1.362135170598030465e+00
2.186296154135363601e+00,5.257635443312850043e+00,2.613847853797812704e+00,7.189898487749351030e-01,-1.984667156784443165e+00,3.927573377901883989e-01,-2.300704224930500974e+00,2.076539319878474288e+00,-1.993457907626132508e+00,-4.580755493095193920e+00
-1.186570578662077047e+00,9.949157618256867508e-01,-2.149408075687810893e+00,1.615792812789099475e+00,-2.026246242328625602e+00,1.062065571587948343e+00,1.020041958094711765e+00,3.250344479473326054e+00,-2.133906820434762874e+00,-3.064621744167355666e-01
2.266989651125531857e+00,4.284410295313168859e+00,-8.740812170147540527e-01,-1.812186099960922503e+00,1.149450866068412846e+00,2.751140828855278997e+00,-1.598422476108018131e+00,-1.087097399907531958e+00,9.525635268872771899e-01,3.945629900878089291e-01
1.146245746606618710e+00,-2.249378831763853892e+00,3.124358023669403295e+00,-1.842496453229119036e+00,2.741809534981291208e+00,7.060177601920950563e-01,-2.326325773412779796e+00,-1.233349787529663732e+00,2.230403590373393641e+00,5.775045307532054029e-01
6.646494438653283154e-01,1.978577123697633500e+00,2.902543162135518884e+00,-1.771596087707196121e+00,3.881697904757532291e-01,7.223985816868818688e-01,-2.319827754082935733e+00,-9.659141356248301946e-01,6.286932593522687185e-01,4.333557986630340864e-01
-2.653741008283946545e+00,-5.544465026952274389e-01,2.839832265571773817e+00,-1.869557427564888519e+00,1.052722047084582613e+00,-3.723123674722474519e+00,-2.314637132976124612e+00,-1.498701874130432543e+00,1.122032287867309908e+00,8.729589792096849266e+00
-1.218108227528198917e+00,1.147575840130208080e+00,1.350576084340936234e+00,2.175073047288401895e+00,-2.023033403211750514e+00,-2.717022678581519912e+00,-2.179668815237171486e+00,3.215270839353776999e+00,-2.128719662702403870e+00,7.552197702062057871e-03
2.792436630227816075e+00,6.059385538823708117e+00,-2.343484091362294741e+00,-1.257754459695378246e-01,-1.896765522523131242e+00,4.045558955322499095e+00,1.445488682246014012e+00,1.364467180566432347e+00,-1.776111456289544144e+00,-4.288536166837245034e+00
1.687621777985075511e+00,-1.390783665766054833e+00,-9.672607973322060460e-01,-1.817811011337227667e+00,3.137443175036731535e+00,2.389310020621103536e+00,-1.616375944679918186e+00,-1.285265726257469154e+00,2.031931272725993054e+00,-4.867864437171186553e-01
2.771301329986704864e+00,-2.083675603347434624e-03,-4.368267597315003137e-01,-2.055194585967134557e+00,2.401630301116071120e+00,1.899798290703817560e+00,-1.720721076273332040e+00,-2.961063174120118102e+00,3.174823224664211629e+00,-1.669787960412449923e-02
2.990919851615371883e+00,5.321326292715274242e+00,-1.391664956278021226e+00,-1.321493411296785325e+00,-1.784002741471649056e+00,4.004635294468751106e+00,-1.061752223653424476e+00,5.301526920886807659e-01,-1.438366760406392553e+00,-3.752807344085743235e+00
2.774730494001568459e+00,5.880119160145847346e+00,8.172099334649987057e-01,1.157911057350636597e+00,-1.976704731822064076e+00,1.331148763170968641e+00,-2.094353111846488869e+00,2.206412150256283233e+00,-1.995849421732757145e+00,-4.711534335633196235e+00
2.973610274796842035e+00,5.828880766099341137e+00,6.858786075795766379e-01,-1.390652855784476838e+00,-1.739539480182515030e+00,1.652182588642037597e+00,-2.133097745813151924e+00,2.783539435294879461e-01,-1.317050775934412776e+00,-2.944467807461255582e+00
1.714338987386561541e+00,2.156153078559867264e+00,-3.290464343462131236e+00,2.324438220338740646e-01,-1.957638596510839601e+00,3.630136535415784849e+00,1.963732417179425038e+00,1.800114494376847674e+00,-1.873981349946998165e+00,-4.430142120906492842e+00
2.061712865714972587e+00,-7.461868623105046838e-01,-3.304973492783282119e+00,-2.000239486274857814e+00,2.974296308531575228e+00,6.022826575798724491e+00,2.623598007504147844e+00,-2.261035966422806798e+00,2.592279685785076282e+00,1.976091598663276550e-01
2.995552930627774835e+00,1.382797050280781814e+00,-7.894220125666646659e-01,-1.973408655661736288e+00,1.449846684482540615e+00,2.689123659783443809e+00,-1.728845740061824454e+00,-2.041671679835818765e+00,1.777265056684897537e+00,-3.844328441570499244e-01
2.019334147265619883e+00,2.652023378131406761e-01,1.042231785003086664e+00,-1.951691719453078289e+00,2.417481168035447769e+00,1.402474246133886382e+00,-2.123310033581505607e+00,-1.951345160165699699e+00,1.777820745611211395e+00,-1.478424112597377382e-01
2.050262874678766778e+00,3.131570741523195256e+00,-2.859851483698465646e+00,-9.829289586674764267e-01,-1.888256579421606185e+00,4.702758710286382815e+00,2.205252546110485490e+00,9.712002800497430144e-01,-1.682637972863828324e+00,-4.115727466842746374e+00
-9.362477205058032936e-01,-2.541295790396304710e+00,6.039194093407012076e-01,-1.983434139146158515e+00,2.114387348037043868e+00,-2.102735211593200315e+00,-2.050744171179824438e+00,-2.113325916186453490e+00,1.934224373760907056e+00,3.654546640665431223e+00
1.449762259660643871e+00,1.947047634276294126e+00,1.621317459756419943e+00,-1.057685940112674805e+00,-1.839673262016309652e+00,4.288926613331273119e-01,-2.223348402092228504e+00,7.991004663449281509e-01,-1.555659521529417111e+00,-3.900020407886377161e+00
-2.421590893113982457e+00,-1.486084848050968632e-01,3.013471141155820376e+00,-1.801310961394354315e+00,4.711528571219244510e-01,-3.614445056472837869e+00,-2.324915280107948234e+00,-9.722801329357144695e-01,7.266325913333036013e-01,5.205320703596840737e+00
-2.010630467497376728e+00,-4.018987862487174212e+00,-4.138435500800778932e-01,-2.013445260060847009e+00,2.653833248697043068e+00,-2.193801929315656540e+00,-1.722046543805971330e+00,-2.569783683372647953e+00,2.573966672052958149e+00,4.532848668784013491e+00
2.091059606709069207e+00,4.191318141459605684e+00,1.364588208048447271e+00,2.267095607840736715e+00,-2.026099366130702517e+00,1.469907034334827722e+00,-2.202342656839706869e+00,3.275656952538214206e+00,-2.134378917844573564e+00,-4.801520678823529842e+00
-6.632385235027156156e-01,1.865040570646874674e+00,-1.230338431325612270e+00,-1.518399614649912577e+00,-1.652915518622490421e+00,7.747741025408518833e-01,-1.339488035076266792e+00,9.824229095893155517e-02,-1.129720835917738198e+00,4.987828257808203380e-01
-3.314150097768457925e-01,1.729344482981796993e+00,1.470476546417106789e+00,1.366445538723248809e+00,-1.989444337244676841e+00,-7.435836004779988739e-01,-2.206569830585802805e+00,2.209726110280465505e+00,-2.012046483166557209e+00,-2.707621535203298180e+00
8.095448535022526926e-01,8.524531805209375479e-01,3.183552796681096808e+00,1.654754525082189787e+00,-1.994902103847552066e+00,1.503102507674947130e-02,-2.332392712181776240e+00,2.257799369149662283e+00,-2.009595796745235141e+00,-4.188192584282746544e+00
1.177887474039890137e+00,2.390092096767991059e+00,-8.987063042633147703e-01,-9.985208269777496870e-01,-1.854184183201050162e+00,2.219007607087425615e+00,-1.580426362933806672e+00,9.724410526961628776e-01,-1.727784142828344471e+00,-3.860340979013836105e+00
-3.206348511617432173e+00,3.999177073103838964e-01,-1.875268289115430864e+00,-1.649376661614261996e+00,-1.131019466077153535e+00,-7.979633522051690075e-01,3.287766598425550524e-01,-6.418238568076817252e-01,-3.382019310406738088e-01,4.329171852694360112e+00
-2.775135600215798082e+00,1.628567478902867571e-01,1.562395322569889444e+00,2.037103822811805021e+00,-2.004983924010709462e+00,-3.377036075850864627e+00,-2.227175637695866239e+00,2.813689713431632988e+00,-2.062046841016877963e+00,1.070378514485457178e+00
1.841412895020789087e+00,-5.427293681597418207e-01,3.431565327497172468e+00,-2.035831645861952754e+00,2.138965517954701134e+00,5.445092812986029873e-01,-2.342570361876267437e+00,-2.683773163262197947e+00,1.794754936095586118e+00,1.681601928968608495e-01
-1.855381546601532872e+00,1.953092350520473086e-01,2.343944131146538545e+00,-1.529861109749681036e+00,-1.561899577713562914e+00,-3.201044981885966312e+00,-2.277956104679118798e+00,-1.876020496378596469e-01,-9.362758026220506791e-01,2.700727429065602703e+00
2.065157346409895567e+00,3.945893547273962909e+00,-1.541776080274277039e+00,-1.847037489576870417e-01,-1.922514154368882622e+00,4.245156992787246786e+00,-5.726028556469069386e-01,1.217341759162180459e+00,-1.785408471469029923e+00,-4.123153983856037819e+00
8.888400619164134042e-01,9.622632085749928121e-01,2.284375005035325756e+00,4.257834530114159577e-01,-1.975664709299434607e+00,2.049813417119487613e-01,-2.275163742648870890e+00,1.870976703661076712e+00,-1.946326297613364176e+00,-4.161565684717782432e+00
7.144448203504083494e-01,7.256044535371305448e-01,-2.536257064779298354e+00,1.718537845753727922e+00,-2.003626766735649767e+00,3.876533625177424724e+00,1.868321888879866721e+00,2.668395620419809156e+00,-2.065207464672991655e+00,-4.257952313297094449e+00
-1.671101330630095916e+00,-1.576944996893875350e-01,-3.045670291108493188e-02,-1.822799190056107355e+00,9.353887134585927576e-01,-2.185591466736279909e+00,-1.957116033415216449e+00,-1.202696669068780810e+00,1.028573718849289387e+00,4.564376005360889721e+00
-1.097775403850137721e+00,1.267555778917375253e+00,1.111116736023468832e+00,-1.709524799857451427e+00,6.720899866093255071e-01,-2.516284611645574376e+00,-2.161216196764075725e+00,-1.137062126737906631e+00,8.110035563358376498e-01,3.658901717637891071e+00
8.304921775916360716e-01,2.275596175205683913e+00,-1.237640932225233747e+00,2.469125552416597813e+00,-2.017717104610111889e+00,2.652374225422050813e+00,-1.253700779101202256e+00,3.013752923460463862e+00,-2.108730806394259361e+00,-4.437874087379189092e+00
-1.605341013558756247e+00,3.327071992666570388e-01,9.196880834390697146e-02,-1.774731860303728759e+00,1.256483552061117059e+00,-2.222515466713394616e+00,-2.016033938431682326e+00,-1.214464493422475311e+00,1.338007476959465203e+00,4.708714844095620577e+00
-3.233030630290353091e+00,1.853921257466846773e-01,9.904765134141824134e-01,-1.465457105436595242e+00,-1.643023492541379804e+00,-3.400495783578106224e+00,-2.130631213419873937e+00,1.583904510004332522e-01,-1.141641171398107613e+00,3.025201187495339283e+00
-8.206303896218827276e-01,-2.767594712552959191e+00,-8.498459585565045771e-01,-1.962473946024732907e+00,1.646824149699342987e+00,-6.564641635649834939e-01,-1.687193040396831156e+00,-2.280287456627114295e+00,1.901492984130206398e+00,3.873015305353110893e+00
1.308977761184869415e+00,-2.656155800793476907e+00,-3.429156790408118383e+00,-2.059074027058019674e+00,2.055367066357467465e+00,4.016731076862196659e+00,2.491118819743379120e+00,-2.985716712600016809e+00,2.241097149414113421e+00,3.238637134241888482e-01
7.303759902612387833e-01,7.622527192117480865e-01,1.547266199957908483e+00,3.585710143434081010e-01,-1.962436426232218478e+00,6.890302239983406296e-02,-2.195726147656963168e+00,1.763525981637241280e+00,-1.926943661458768275e+00,-3.912890364907705809e+00
9.231962092966821132e-01,1.037638407251065376e+00,-3.434442738504592363e+00,3.113627940868362032e+00,-2.023268975465438491e+00,4.650095540446534947e+00,2.190866813544614100e+00,3.177990057196297791e+00,-2.125909880227842663e+00,-4.507717523091670841e+00
2.015204588122936791e+00,3.804758745445549373e+00,7.504530642601974222e-01,7.499751958274512020e-01,-1.969255860036742467e+00,9.841064107764954105e-01,-2.140824143252265888e+00,1.806365965650106098e+00,-1.926821296007648288e+00,-4.473091677133313127e+00
2.986442836127891631e+00,5.097343544569682194e+00,-3.634938095161324156e-01,-1.482720915402401474e+00,-1.708645469887748236e+00,2.411024339743861322e+00,-1.875710706103077996e+00,1.430350004762641625e-01,-1.237771741373084433e+00,-3.248361457159676835e+00
3.413216137261393612e+00,3.732521525410472218e+00,-3.463227775468312064e+00,-1.812029233180879606e+00,1.008283973919944065e+00,4.495947584726172508e+00,2.078656950648455126e+00,-1.109862247259333135e+00,1.030066813781055579e+00,-9.372848824621511366e-01
-1.980298523290274115e+00,9.562621851376336135e-01,2.141762497072454252e+00,-2.868580517787333584e-01,-1.927177245836667385e+00,-3.136219800498903698e+00,-2.266697557339517832e+00,1.386015418426697288e+00,-1.797911716805480342e+00,4.018482221238585117e-01
2.369085895342406545e+00,3.041272439881849365e+00,-1.690537180708953091e+00,-1.835392142253824632e+00,8.299680492266050535e-01,4.697428777066736671e+00,1.006435618860012093e-01,-1.285158021765355318e+00,9.548758628889068012e-01,1.841985975486666316e-01
2.859097595904418476e+00,1.877777380036569799e+00,1.642708649012048383e+00,-2.058351716719535318e+00,1.584212048124725714e+00,1.528395913870125078e+00,-2.233290444760588134e+00,-2.932231787602065598e+00,1.931281360666502023e+00,-2.080424098637524144e-01
-2.485394952720526796e+00,2.953480697616809314e-01,-1.077876699829390716e+00,1.148248934569131130e+00,-1.962301956025877203e+00,-7.939239316588984074e-01,-1.369669053938370462e+00,2.086346775518916452e+00,-1.955752470695031109e+00,8.070911887650972227e-01
2.402243967246501022e+00,4.474999870563614479e+00,1.887175075425849613e+00,2.393116353053688528e+00,-2.031984948609562469e+00,2.364893310000961257e+00,-2.254082551312419636e+00,3.491200017618647955e+00,-2.156129991682491642e+00,-4.871420069887857807e+00
-2.309967320966532789e+00,1.269697677933009361e-01,1.556548353028091469e+00,1.304454112658354203e-01,-1.960635070614955122e+00,-3.281011787455979878e+00,-2.168917680872197273e+00,1.531762666541935047e+00,-1.887378625608451266e+00,1.528653422851490529e+00
-2.117649236485033892e+00,-4.069775522656776445e+00,-1.770588943851062247e+00,-1.983595494120453218e+00,1.983904431523742184e+00,2.547362084001191240e-01,-4.170083434187276672e-01,-2.215445104989218983e+00,2.587589856736904892e+00,4.936557430154428161e+00
2.032356012788548050e+00,3.997599922141342965e+00,1.437162048884426113e+00,-1.421813514643086140e+00,-1.695345734159771300e+00,1.422799529682327258e+00,-2.186197090960322775e+00,2.337112025991139319e-01,-1.387287314782940539e+00,-3.294518013137660795e+00
-1.526493226238105905e+00,1.775694844037323694e+00,-4.040043515572091515e-01,1.968025204701578490e+00,-2.025368575715909447e+00,-1.934970864020075121e+00,-1.721766268929424193e+00,3.239818026328489253e+00,-2.130802068861342047e+00,-1.722577964064922196e-01
-1.345516640923681173e+00,1.428317338053723073e+00,3.254448535845053669e+00,-1.051918443673007353e+00,-1.801916099125132398e+00,-3.087256680440663370e+00,-2.333004581426498358e+00,4.916915090503786168e-01,-1.400887176447162430e+00,1.015056607041022296e+00
1.765431632495754855e+00,-1.782998561537465942e+00,-3.369516685088878027e-01,-1.910730098105392072e+00,1.896578438432968250e+00,3.036227249647418081e+00,-1.875169461381644531e+00,-1.863489964657806031e+00,2.403513875826708723e+00,1.366985950985238230e+00
1.682635915385882086e+00,2.681642841164596280e+00,-9.752559699552811878e-01,-1.022703106811489571e+00,-1.901558584830619569e+00,2.219069363488943569e+00,-1.597084775831768111e+00,9.516963578797810186e-01,-1.715134160808740038e+00,-3.891307138736220139e+00
-1.771948749900061681e+00,-3.159528832828220946e+00,-1.667398124679596583e+00,-2.106138696605218907e+00,1.963724240674541655e+00,-7.970957705866990040e-01,-4.317609505958325822e-01,-3.450696182011984803e+00,1.956728942427073958e+00,8.213979366349992262e+00
2.660429057752443427e+00,6.473901811545538010e+00,-1.457317125505704691e+00,-9.796504395310894342e-01,-1.864471300154592948e+00,2.764018542755514396e+00,-1.042821377037152830e+00,8.368306266969938179e-01,-1.633902883503811854e+00,-4.039141775267542478e+00
-3.087707782817670665e+00,8.828572170884984027e-01,-2.039572096308575055e-01,-6.241091144213586350e-01,-1.916804864287225518e+00,-2.771209221623049501e+00,-1.751695804018832625e+00,1.174241401364559678e+00,-1.802866589574278811e+00,1.043671211378694341e+00
-1.185018141697101068e+00,-3.918949605468100561e+00,-2.296366901626917922e+00,-2.068859668213180125e+00,3.114952932147202702e+00,3.606297942766057418e-01,1.440428168434606970e+00,-3.085179137888559353e+00,2.484192172382772679e+00,7.637254641953274970e+00
2.340286940773594893e-03,4.626362829437145607e-01,9.910328741181082535e-01,-1.062312537201865803e+00,-1.859686158560615254e+00,-5.946322182548545721e-01,-2.132210611008394707e+00,9.447313806275179360e-01,-1.706591974498385067e+00,-3.004815932830521064e+00
3.461010609091029977e+00,9.764998340906649865e-02,5.622365248371252733e-02,-1.960609818249488656e+00,2.714459735982652333e+00,1.472067610074831112e+00,-2.003355623138705077e+00,-2.035151700482572323e+00,3.407589600462498147e+00,1.309591591150684575e+00
2.529841600708079952e+00,-5.104974701604065856e-01,-5.504705462740768773e-01,-1.939898075852899639e+00,2.005050225526350260e+00,2.993635189314155731e+00,-1.676910681346706955e+00,-1.825752032932190350e+00,2.728526260868374020e+00,6.313732215811989068e-01
-3.400024026950950518e+00,4.706329386019667549e-01,9.331240823084332447e-01,5.281284162241814961e-01,-1.952218393217985515e+00,-3.372705257672266033e+00,-2.156638511026472305e+00,1.709895839836484299e+00,-1.874001095102748593e+00,1.114727039990890400e+00
-2.762265432683058464e+00,4.180000383232899686e-01,2.631968506462421864e+00,-1.152147827289220938e+00,-1.820187608254603129e+00,-3.702862096626899913e+00,-2.306272653539300777e+00,4.901656478569380582e-01,-1.479851181975894381e+00,1.957916009848002625e+00
-7.400082798579221688e-02,1.212073065852996345e+00,-3.361228969528179178e+00,8.895842853017085217e-01,-1.985115943688132045e+00,3.995558361969213657e+00,2.398871770311076013e+00,2.033597157998479510e+00,-1.983691653515046394e+00,-3.091363689241068968e+00
-3.056749492891621678e-01,3.156451472311552764e-01,-3.014823502362053098e+00,-1.591916409703042490e+00,-1.410184489914170447e+00,1.683815001870736960e+00,3.137550190567258923e+00,-5.048949116620304878e-01,-6.624178249233660942e-01,7.515851945120564093e-01
-1.444238716376839538e+00,-8.398882119843126270e-02,-1.824848490294688208e+00,-1.694669260643199449e+00,-1.957808765794317729e-01,5.193169942871435074e-01,-1.057137883613207263e-01,-8.107587600593113564e-01,4.072706405104907779e-01,4.316569100975642392e+00
-3.206761138029582181e+00,-1.123038725772183222e+00,-2.640959516471819146e+00,-1.925327097073983973e+00,1.317486562542015571e+00,-5.935296517985989562e-01,1.626301753589548982e+00,-1.830065894912043412e+00,1.507069415084513420e+00,9.502771774146109962e+00
5.806344616649425916e-01,2.622537866396344342e+00,-1.314234406401826760e+00,1.423759032936314783e+00,-1.999209263709440076e+00,3.494241992382942197e+00,-1.303731501809023197e+00,2.475149178601295574e+00,-2.046679831888515544e+00,-4.238805614745637662e+00
-9.600296802763410575e-01,5.759236375106074890e-01,2.295633313871570991e+00,4.988215324566592224e-01,-1.966580460292863597e+00,-2.638515227796848439e+00,-2.273516987104448717e+00,1.828864361804025229e+00,-1.940876457808904387e+00,5.446596252686350947e-01
-3.207265096065289534e+00,9.186451290373913725e-01,-2.487455621443505738e+00,-1.264154819585441292e+00,-1.789228875355751258e+00,-2.919898427489149295e-01,1.451902675143354360e+00,3.329976102171756658e-01,-1.392830009906544264e+00,3.318463031803789320e+00
-2.197840424346535038e+00,5.027628086506265026e-01,3.493871835820673510e+00,2.209819027905093325e+00,-2.024556630501282317e+00,-3.625258328605018843e+00,-2.345925349326124287e+00,3.244127790437009828e+00,-2.131592963068606572e+00,1.932319738142480037e-01
-1.040894973836714144e+00,-5.077232630552613868e-01,2.583241536838857932e+00,-1.777837762450886094e+00,1.825084867343600425e+00,-2.692235535092454946e+00,-2.303041422160158280e+00,-1.047032082917584095e+00,1.385577855842543338e+00,3.154409014552752577e+00
-1.912847944192370697e+00,1.672758909457993104e+00,-2.749068272639292765e+00,-1.448296357765998188e+00,-1.692813302987342894e+00,4.843299225089582327e-01,1.616173123544384804e+00,1.282290896957256621e-01,-1.142927190588962860e+00,1.668234835234199132e+00
1.217340154707437172e+00,1.493486761382688099e+00,-2.444242961429008876e+00,-2.947825741057571447e-01,-1.911309493366459833e+00,3.838937941808398868e+00,3.119161420722246447e+00,1.416442621003604962e+00,-1.828098302361331307e+00,-4.099795931927669557e+00
-1.581974134899418072e+00,4.132072531672437155e-01,2.027345609203893950e+00,1.556117168870056799e+00,-2.025168961945172263e+00,-3.097056305988002745e+00,-2.256623155399722691e+00,3.289041633305282097e+00,-2.134002060185738792e+00,-4.983681188517663507e-02
-2.023611020315172926e+00,5.760643210706596351e-01,2.118668882677006593e+00,1.603746211577077752e+00,-2.023701963834620976e+00,-3.376015918001125993e+00,-2.273220448362047730e+00,3.234623577000895089e+00,-2.132005557346355662e+00,-3.169395155784322793e-02
3.205311497887995742e+00,4.696071267994962106e+00,-1.785225612750147128e+00,-3.798959794682684743e-01,-1.950152878527247946e+00,4.259365391279135160e+00,-1.375242663448049685e-01,1.450876445103472356e+00,-1.858212554768709390e+00,-4.483647175849553967e+00
-1.970384836585960642e+00,5.929389462426578605e-01,-8.820824352105671728e-01,-7.404036162702486434e-01,-1.909074218245454979e+00,-1.663705965716845814e+00,-1.641502818627713634e+00,1.113611809140019560e+00,-1.772651544488147879e+00,2.234037599381738737e+00
9.333904211282222363e-01,1.343027244449121582e+00,-2.663992476909653462e+00,6.521233574009142053e-01,-1.978668206750416658e+00,3.341019644288873103e+00,2.036968341252614056e+00,2.025232493242894449e+00,-1.953353822660768957e+00,-4.302705656142008728e+00
3.082910426038898422e-01,-9.349951086932903888e-01,-2.008352029643667436e+00,-1.932861911258075605e+00,2.047342167705624938e+00,4.706698087196130587e+00,1.099167667595401854e+00,-1.755662311305365542e+00,1.573736894446769119e+00,1.631866109358119377e-01
1.388539721440660735e+00,1.776429910594792716e+00,1.843504661465419581e+00,1.403666907936614638e+00,-1.997171014057838923e+00,3.762152732406706113e-01,-2.246902242249882775e+00,2.545132630430233966e+00,-2.057260767987824757e+00,-4.522772699130159779e+00
3.304212678560769945e+00,5.384606401651343077e+00,2.532152556563511681e-01,-1.743601845237715775e+00,-2.958642974946836257e-01,2.907180675248540958e+00,-2.012006739815718426e+00,-7.295728741651519300e-01,1.361020325966751654e-01,-9.311022458999931306e-01
-1.188676720049546276e+00,1.742514924311220792e+00,1.342830828640977359e-01,-3.695585030302995788e-01,-1.920240780970792427e+00,-1.528238929512959032e+00,-1.996109282344445957e+00,1.386290357373665572e+00,-1.758572186126754922e+00,-2.190976462083145393e-01
-1.726836917836384933e+00,6.616150579866701964e-01,6.274300624149153904e-01,-1.740405411357652810e+00,-3.546729643407935950e-01,-2.447883640627603885e+00,-2.116241416143766152e+00,-6.760648893899192657e-01,2.958167608714798447e-01,5.313163674388635904e+00
-2.622190668003071323e+00,1.662132036481611008e+00,-4.940523415084046022e-01,-1.162887077912735601e+00,-1.759755284550611698e+00,-2.286163097763178609e+00,-1.816152602990211751e+00,4.721063941984562362e-01,-1.481460395831211585e+00,1.949864195559521729e+00
-6.303341239284989683e-01,9.992331942456074145e-01,-7.451210820870457496e-02,1.510127589047627561e+00,-2.004901013425661738e+00,-9.585480838227059541e-01,-1.913936104721045917e+00,2.715521620749973053e+00,-2.076670245624545608e+00,-5.761099629416845946e-01
5.413072909290024270e-01,1.232468698593549572e+00,1.210996800841838805e+00,1.398649867063519903e+00,-1.993494486132972199e+00,3.110956702868392099e-01,-2.184674308374988438e+00,2.359265047035701279e+00,-2.012145917401485296e+00,-4.162025064501921001e+00
-1.982508642365525375e+00,6.154066402368419952e-01,-1.616134604782980100e+00,-1.679138623823726695e+00,-1.307686581994504493e+00,-8.173606855790702674e-01,-7.781108664101612504e-01,-4.398535112470032260e-01,-6.634638620339361470e-01,3.606292058925555821e+00
1.132257407122609472e+00,9.020617465859428474e-01,3.104215821234239669e+00,-1.830057784170607160e+00,1.611187902244005432e+00,1.482857459552465063e+00,-2.327719614760576317e+00,-1.266968271246694755e+00,1.413483265042926540e+00,1.533972543792379017e-01
-3.483272382119368515e+00,-1.303661829188857091e+00,2.252759013113933229e+00,-1.920027425587994774e+00,1.260579871094557269e+00,-3.813965336354994129e+00,-2.281902209946371496e+00,-1.720718756305576136e+00,1.538696059905816593e+00,6.212275278667757306e+00
2.471861259473774552e+00,4.936657044724471533e+00,3.491348593456797822e+00,-1.554468764728272667e+00,-1.609850101484420870e+00,6.264901061186017861e-01,-2.345868031897128336e+00,-7.915195557997156683e-02,-1.109408586316749101e+00,-2.425250002808140959e+00
9.702716382104332737e-01,-3.720057517115439083e+00,-4.389854462368636412e-01,-2.104070222893805298e+00,3.410671224707828131e+00,1.544217422703860088e+00,-1.849648346439312085e+00,-3.437917696133871548e+00,3.313737503629819336e+00,2.118104992654692709e-01
-2.037500257208182397e-01,7.263343244086105654e-01,-3.459242731952315353e+00,-1.524390771313029580e+00,-1.683875029006716595e+00,2.193980007616473049e+00,4.105045711469458070e+00,3.343384018967743287e-02,-1.249972213200252869e+00,-1.368468454042140792e+00
2.454196556004541563e+00,4.550989632531640794e+00,-2.069081174960326841e+00,-8.925397463137675347e-01,-1.899461503782705396e+00,3.166901216749358650e+00,1.769342153293047781e+00,9.029914553348756812e-01,-1.716193572560758440e+00,-4.104079220697167685e+00
-2.393395458667150866e+00,8.692416299279650538e-01,-1.319231688096137223e+00,-1.758099380435368619e+00,9.251514112895149466e-01,-1.340625321220782595e+00,-1.089536219511565207e+00,-1.026701686027817750e+00,7.373635947854254580e-01,4.108149923617689048e+00
1.832701989199696513e+00,2.967466708173507328e+00,-2.907346273571642215e+00,2.219283923662381142e+00,-2.015851626533489149e+00,6.147464543743925702e+00,2.206798569073582073e+00,2.941829038710170430e+00,-2.102061065562248476e+00,-4.724393098544653391e+00
1.698121598948596045e+00,1.514179995142323154e+00,2.218236199845281753e+00,-1.722203264619118768e+00,-1.129337148946242264e+00,8.772535139125143822e-01,-2.271287010629148284e+00,-6.039353202785693320e-01,-3.727511909680282232e-01,-1.142632809735744548e+00
2.169077386856469225e+00,6.134067556893874951e+00,3.211001028894705733e+00,1.397954804647627558e+00,-1.999943126459789111e+00,2.519772752739272703e-01,-2.332580595149400970e+00,2.398820849241153574e+00,-2.039802392888193427e+00,-4.631001606066137199e+00
2.317991346418769361e+00,-2.026062458079774808e-01,-2.672933391765539568e+00,-2.077667004944939499e+00,2.573382567690470690e+00,4.332886760828613681e+00,2.610844654960693845e+00,-3.126002780130530567e+00,2.472674225844058604e+00,7.101390977986664632e-01
-1.971088287174390885e+00,-3.544019757772787216e+00,-1.264545436165524173e+00,-2.060367998687826496e+00,3.581641697625748133e+00,-7.798173288377617807e-01,-1.370494475095987319e+00,-2.986100196711203747e+00,2.183566678738464883e+00,5.905085837843177643e+00
3.480285106571569642e+00,4.624154454118666990e+00,6.459052999169543341e-01,8.783478913145199574e-01,-1.951298005562711824e+00,1.748968053546395840e+00,-2.048179537398167493e+00,1.962807033885861863e+00,-1.914483848304885827e+00,-4.717034860552196562e+00
2.377127752049460696e+00,2.799272704762415742e+00,-1.045205051291424603e-01,-2.039145327415278874e+00,2.137668908932608858e+00,2.350203310406438817e+00,-1.854203962680925244e+00,-2.665006469867702954e+00,1.828583565487456930e+00,-1.549206207014845460e-01
1.563251005516045566e+00,1.850096150109902471e+00,-4.108271775388416813e-01,1.125615502856094130e+00,-1.995464916932009558e+00,1.376389932264527882e+00,-1.803336026676825243e+00,2.506870056356113707e+00,-2.045095743078751749e+00,-4.564116445694053503e+00
-1.126975246788743945e-01,1.069602618671020799e+00,-8.495010840074179725e-02,4.201948375315348594e-01,-1.941597169799150313e+00,3.612371286650518654e-01,-1.968627629367827758e+00,1.693824289940869754e+00,-1.867622689414826676e+00,-2.932071215923048868e+00
3.452324413876211473e+00,1.562074164783628927e+00,-2.542027629273129197e+00,-2.009562832976999225e+00,2.103974173833739414e+00,5.309397204739573439e+00,1.445228340211703655e+00,-2.366353239832847066e+00,1.872926506370754973e+00,-3.559270747847137484e-01
1.236495585684393994e+00,4.059728086752442344e+00,-1.862218429158577493e-01,1.212135562532478783e+00,-1.965974618372627436e+00,1.266969041914720595e+00,-1.948090650300609683e+00,1.947393939529508344e+00,-1.916230500153583316e+00,-4.319798730143614485e+00
-5.458608232866080101e-02,9.333696209222146489e-01,-1.419732255005585309e+00,5.764894524515136176e-01,-1.962068554768258366e+00,1.559386582181297110e+00,-8.533696537014698880e-01,1.852664391277484057e+00,-1.899964785802080280e+00,-3.417636839719344177e+00
-1.020106491433006024e+00,6.252768276304891959e-01,-1.302055219867365388e+00,3.024489103441433180e+00,-2.031371776179750288e+00,-1.727516087368549114e-01,-1.289503454235631397e+00,3.466646724223935827e+00,-2.153941138550887313e+00,-1.480977801719629561e-02
3.203234862736383803e-01,1.429767895292492597e+00,2.355728808147183884e+00,-1.328757618311085853e+00,-1.791724857584371389e+00,1.773146905604128243e-01,-2.287325692273330269e+00,4.824903896340786424e-01,-1.440351297507817208e+00,-2.950787623001885684e+00
2.837257196064927101e+00,3.799028172477438847e+00,5.043948693449316067e-01,-1.731236595573056425e+00,8.206316999036593340e-02,1.136983691395057949e+00,-2.091109247745154498e+00,-1.028217379641195084e+00,5.471492065861784937e-01,-1.612659663577150626e-01
1.171760008535502884e-01,-4.161248321413211215e-01,-2.173872228404375218e+00,-1.812589619996478385e+00,1.856358878939138091e+00,3.053826403229483066e+00,1.313761375270576570e+00,-1.131139331893482147e+00,1.471544266432433412e+00,1.396990267016648968e+00
-2.336498782988776668e+00,9.861635960116043043e-01,1.036138849397316264e+00,3.117365296771518746e-01,-1.962049137077216399e+00,-3.171994672175332930e+00,-2.141391629929591200e+00,1.812792385115209015e+00,-1.925751521130538935e+00,7.597190028780834714e-01
2.437107138996816857e+00,2.981479737167897159e+00,1.301455326625376330e+00,-1.937684926673544084e+00,1.774879661775408346e+00,1.915960093802618225e+00,-2.195335227681215695e+00,-1.747088872442660090e+00,1.742420133540003579e+00,9.015195983373907040e-01
-1.374938511386709195e+00,3.614911411540111530e-01,1.771312497974895983e+00,-1.438487646166076050e+00,-1.723847526145485753e+00,-2.789074287934361962e+00,-2.238539168357918552e+00,1.112886652586424496e-01,-1.206972404383945374e+00,2.792450703481271557e+00
3.292305518749609305e+00,6.637523881380110069e+00,-3.154657593684762062e-02,-1.450422299086329136e+00,-1.628591069727641782e+00,2.035431572523423327e+00,-1.906368020165870369e+00,-2.405456466546951333e-02,-1.131546729792771266e+00,-2.861881324816109462e+00
1.460209306777002780e+00,5.310254413264665629e-01,2.692469219396674163e+00,-1.845555993222674607e+00,1.094834073541762764e+00,1.290952279346814890e+00,-2.297806827257441675e+00,-1.193862908397601785e+00,1.190739942952110164e+00,-2.749568610826729209e-01
3.276837813228270946e+00,4.043831533623782448e+00,8.435406766375965759e-01,-1.847324584307870055e+00,1.742410485534261477e+00,1.675901168993735757e+00,-2.133539474076861620e+00,-1.468283896806877653e+00,1.166178535307478725e+00,-3.359378360455189672e-02
3.909613864098737679e-01,2.728589334173165071e+00,-8.553043653301783955e-01,-1.473920455299242205e+00,-1.692408595501243562e+00,1.505426107785657219e+00,-1.610399843567510203e+00,8.595249849901698269e-02,-1.267708086711041515e+00,-2.085200638598071254e+00
1.284985069911346756e+00,-2.676127460779515466e-01,2.252428436815068657e+00,-1.866604040113163832e+00,1.556146308016029156e+00,1.571586980131508327e+00,-2.275519663110652679e+00,-1.433205140604713268e+00,1.560547951304931402e+00,-4.132426713726718437e-01
2.283861934802251525e+00,6.436222266679471282e+00,-2.807963571819851900e+00,-7.550555622647157072e-01,-1.885204494166009548e+00,4.308202901092548665e+00,3.870402615484786146e+00,1.218628339256493831e+00,-1.726122263090285269e+00,-4.275095541265571342e+00
2.576655131180031866e+00,2.939455213045995663e+00,-1.431470708646907841e+00,-1.877964877856477477e+00,1.713906209468246011e+00,2.908804167038637090e+00,-1.061577377356323959e+00,-1.481409360332746505e+00,1.503856949956300149e+00,-3.266045362267669949e-01
-9.669420787599509737e-01,5.295952674197350607e-01,4.952705213955663766e-01,1.640089728718994166e+00,-1.993590186300886469e+00,-1.659659855487043645e+00,-2.081698031248760739e+00,2.496936391731723326e+00,-2.035376613113338173e+00,-5.512909813074244880e-01
-1.092779684095376069e+00,1.487151878070787359e-01,-3.971538738631066323e-01,-1.586366102253469412e+00,-1.459130630918713756e+00,-1.170041178439045648e+00,-1.765465914664868574e+00,-2.257521976288132670e-01,-8.799140719175401193e-01,2.493457789356416043e+00
1.170214813943834642e+00,1.402238425722447168e+00,2.946438660146192490e+00,-1.089749223547544776e+00,-1.822928827806020058e+00,1.849948146861014053e-01,-2.317873529342178607e+00,7.241344458695948560e-01,-1.498740557598313261e+00,-3.571094201367991161e+00
-1.892001717072771871e+00,1.464499373765071610e-01,-1.836862303079775938e+00,-1.384434274041089985e+00,-1.727036086651962732e+00,9.599345831347172453e-02,1.686614596906433339e-01,2.575953212908350665e-01,-1.409051199751703232e+00,1.227703599324635464e+00
-2.845492682570587295e+00,-2.836138820767502011e+00,-7.416806692409094737e-01,-2.014742397829099918e+00,2.430853948048638191e+00,-1.658811846918459842e+00,-1.680700909278782351e+00,-2.405317141101938727e+00,1.923890985805625675e+00,4.951436877501004474e+00
-2.956107446676414341e+00,-3.411226670502077951e+00,-3.192652750207372492e+00,-1.950057947991810092e+00,1.955750861537927543e+00,7.993600099416995342e-01,2.749881806286734065e+00,-1.931884735066282888e+00,2.065198785911658952e+00,6.481627991074901729e+00
-7.487059874189139208e-01,1.397368406127622142e+00,-2.982031062860686976e+00,1.843362185685481602e+00,-2.014120735747984448e+00,8.495143669536711073e-01,2.473623979871676148e+00,2.860524276946694755e+00,-2.083482054964922003e+00,-5.911955883895696484e-01
-1.429628950556702804e-01,8.112669227074240652e-01,6.316799162824437985e-01,-1.679918655622228418e-01,-1.925749734664660373e+00,-5.580379522517802116e-01,-2.107801808934498755e+00,1.470065154206411151e+00,-1.798539289736765356e+00,-2.901151000443634942e+00
-2.505091855686319313e+00,4.329054395532551114e-01,-8.375103664699867778e-02,-1.291366344582581593e+00,-1.704898008702583123e+00,-2.609404358927195133e+00,-1.952978912453262383e+00,3.276152485242356249e-01,-1.238975370798326425e+00,5.162994562649195984e+00
-5.261567896215924023e-01,1.099916098922169461e+00,2.774220614549274266e-01,1.811220433985559763e+00,-2.015210841821458487e+00,-1.195739592312053290e+00,-1.990590394978692501e+00,3.062378773170107316e+00,-2.097608054103278885e+00,-2.222210330379172927e+00
1.385077105894894522e+00,-2.811239218394957273e+00,-1.198099533558480978e-01,-2.109340872706952030e+00,2.845239040884719017e+00,1.459189937934549430e+00,-1.821291868114238044e+00,-3.495965548643689136e+00,2.468281505147925436e+00,8.759015797531594094e-01
1.775107111101185353e+00,5.224952727780756589e+00,4.448666648284360647e-02,-7.489928162605501427e-01,-1.853440358671881505e+00,1.038831602495453144e+00,-1.995588951513165066e+00,9.051110949890723845e-01,-1.556145489107968016e+00,-3.921611965394126376e+00
-2.867486274182877715e+00,-3.908194130643649622e+00,4.246131981853134008e-01,-1.989533993361507713e+00,2.843560329244131601e+00,-3.115267668693003866e+00,-2.037969869213360319e+00,-2.196511219059092301e+00,2.375464639577369308e+00,8.002322041713393119e+00
-3.056331061808039706e-01,1.027601391776525208e+00,-2.335873180640753777e+00,-1.016198225633069940e+00,-1.895364997481855829e+00,1.434161413727351508e+00,1.272910906572632284e+00,9.461536463820934273e-01,-1.681128254682030976e+00,-2.086083410848501796e+00
3.000605478132862380e+00,5.403681596675617094e+00,2.693127973122735774e+00,-1.427153191862861048e+00,-1.693181335596129822e+00,1.642466166180518217e+00,-2.305072189745866140e+00,4.127429766090884300e-02,-1.272487197364935207e+00,-2.410717430969197217e+00
-3.190465989839928351e+00,7.351951578182730485e-01,1.325704503410543467e+00,1.869110749534857341e+00,-2.010296118971546697e+00,-3.545570515356379016e+00,-2.198576991443993656e+00,2.827254555171063721e+00,-2.076962611198420738e+00,1.539537898508156921e+00
6.610406437290725634e-01,1.327437666540649097e+00,2.131713944604458177e+00,-9.381769586734772792e-02,-1.902424162650716566e+00,-8.002572794883158758e-02,-2.261332021059875075e+00,1.505182345531629551e+00,-1.855625514781241048e+00,-3.820023857523804800e+00
-7.298248607991721926e-01,6.778637086296064318e-01,2.847043129588232802e+00,-1.015887371404476491e+00,-1.840377761246891453e+00,-2.227175885146626122e+00,-2.308756189214927090e+00,8.331777317111814796e-01,-1.630058679579040382e+00,9.561652839166047135e-01
2.354199637000357725e+00,2.887401796505121965e+00,-1.050868153692077200e-01,-1.860530291231913491e+00,9.873708704312565976e-01,1.298525109122815602e+00,-1.910367286753057892e+00,-1.377841275108708796e+00,1.138369842677190658e+00,-6.700160972298301321e-01
6.193709255838637517e-01,1.805124936894705767e+00,2.046325767587538813e+00,-1.866440791315643555e+00,1.209480087707165863e+00,1.661630220569266791e-01,-2.263620405016428805e+00,-1.286451314798405132e+00,1.041091816144901872e+00,-2.876149956497632831e-01
7.263313255111665256e-01,1.595951346827447326e+00,-1.805852288250314963e+00,2.110355738558784111e+00,-2.012483108977335178e+00,3.337146352795959281e+00,-2.538368691547795430e-01,2.727205729336029449e+00,-2.078777088993148503e+00,-4.313714548960271955e+00
1.954547147039154886e+00,3.686839771226765095e+00,-2.955092962300495785e+00,-1.568746699817878287e+00,-1.533265918530440031e+00,6.282613062626383638e+00,2.305235801181297450e+00,-2.220873104036580337e-01,-8.379073178873304162e-01,-1.509612520852209983e+00
2.470335017677993683e-01,-1.388887900036520184e+00,1.440228850339721589e+00,-1.839474760930174480e+00,1.405883229646879951e+00,-1.079107864950925588e-01,-2.205268778356090920e+00,-1.571191677010796539e+00,1.672296079848260453e+00,9.931803360431651351e-02
3.145419623703671341e+00,2.132382367466405526e-01,1.098119125319474421e-02,-2.006245151802705795e+00,2.168259912474876927e+00,2.228075099289085426e+00,-1.982733397481825532e+00,-2.316123717545947702e+00,3.805339085536736388e+00,-1.059374872629925690e-02
-3.243102822755346892e+00,-3.462572050729307183e+00,-7.805646949794717848e-01,-2.010270801948763175e+00,2.938090617470164645e+00,-1.680488321098641435e+00,-1.733643480373429968e+00,-2.706869328828408250e+00,2.174504819706641445e+00,7.917773260946694869e+00
-2.302752489943578951e+00,-3.715249438834193896e+00,2.551599159497564884e+00,-2.043264740817168246e+00,2.590381893764309496e+00,-3.496189848380030440e+00,-2.299352927958577819e+00,-2.778064983660780030e+00,2.407170359884367006e+00,6.573031503701651346e+00
2.237297435458061479e+00,3.706036716170856504e+00,-6.823066616065807111e-01,-2.627754584138659033e-01,-1.906926758709238001e+00,1.761319047164243035e+00,-1.751239692333794951e+00,1.278168255507639017e+00,-1.750059688405552594e+00,-4.091089920309300076e+00
1.037106075978325492e+00,2.871547386422501624e+00,-2.339672109272933120e+00,1.291447456806635863e+00,-1.995880692694915526e+00,2.951250962491205332e+00,2.543991051642751522e+00,2.523059513650142804e+00,-2.027415625297944946e+00,-4.367910659837461296e+00
1.917242483504515427e+00,2.859471269825706763e+00,9.947313998603792840e-01,-1.506892666823760996e+00,-1.634778750568678385e+00,1.174930188381482665e+00,-2.140584172227185000e+00,5.674671025008715119e-02,-1.106841649106761416e+00,-2.640318440179015180e+00
1.304566526205828580e+00,1.336862945990122453e+00,-3.097321356890637034e+00,2.002317767456865294e+00,-1.991455340980273325e+00,3.356472624795717064e+00,3.668085063438846660e+00,2.413556875335531871e+00,-2.028231203767541846e+00,-4.389165816673131104e+00
-3.481475287094837334e+00,5.665258774196318958e-01,-2.483182075626559460e+00,-4.652884411207510174e-01,-1.934347662656715316e+00,-6.711445424007157490e-01,1.996343701110139701e+00,1.423723713033226090e+00,-1.823496819331521746e+00,7.671885258787694006e-01
2.069978157959431186e+00,3.854376910775271448e+00,3.227067995717757931e+00,-8.786932591379121860e-01,-1.894280248686234902e+00,2.117410301436326137e+00,-2.331907742581540877e+00,1.106222084443424514e+00,-1.725630086874517133e+00,-4.240719242367254616e+00
3.392728948543093814e+00,4.997166249400213367e+00,-2.836259927352355437e+00,-1.718242368028033207e+00,-8.006071876874137905e-01,5.140235776477538820e+00,2.936001953687749300e+00,-5.622032657114672816e-01,-6.479825651444781620e-02,-1.267043709090910353e+00
2.279182061109130686e-02,3.873267551654172025e-01,-2.280255857367987637e+00,-1.757913662027819734e+00,-5.978935958624196356e-01,2.103180545769303578e+00,1.923033559866397457e+00,-8.154514827626275775e-01,9.643669825391273931e-02,1.898268591266351280e+00
-2.723219931198337385e+00,1.310326256950644641e+00,-1.511114941913521026e+00,2.734085838515818434e+00,-2.024152637752312245e+00,-1.053907117907071367e+00,-9.955189486415430000e-01,3.214217320672577927e+00,-2.127462673629875844e+00,6.399882272360098989e-01
5.926649493249014355e-01,-3.191122533167937370e+00,-1.741436388794110446e+00,-2.070721039234972860e+00,2.387975828930812394e+00,3.852282915662975427e+00,-3.787924273531497188e-01,-3.006970095495988815e+00,2.279499309845510524e+00,6.947773266941201786e-01
3.914719252553893192e-01,-3.408687653974120657e+00,6.577518841074425637e-02,-2.058933172870462069e+00,1.677740278038078570e+00,2.293519612209713898e+00,-2.012904121461512208e+00,-2.898130384105778834e+00,2.347457732195600943e+00,5.906901923151257616e-01
-2.072915875698766008e+00,4.533623330677520880e-01,6.565162423110537659e-01,2.342521833893096428e+00,-2.024133321916547157e+00,-2.722123179791619663e+00,-2.096987835597614591e+00,3.203620452440485877e+00,-2.127483811124285751e+00,1.428209969013779279e+00
-3.897113721434131151e-01,2.100782374529075902e+00,-2.398230101715104645e+00,-3.331119577586427738e-01,-1.914133321398722165e+00,1.403809187517000234e+00,1.551039285707665805e+00,1.257091331954571345e+00,-1.751438429816574827e+00,-2.346296451338551581e+00
7.647963858442317076e-01,1.489789677629004938e+00,1.864944149123363815e+00,1.633272862975360562e+00,-2.027420826004039167e+00,3.961179448102178369e-02,-2.243068082668449481e+00,3.356567324580533196e+00,-2.142598316334642039e+00,-4.442461231614661443e+00
-1.720501754358056967e+00,2.015133757056621455e+00,-3.116555068529891059e+00,-1.252150467602285877e+00,-1.803391117944824540e+00,4.211742361113715027e-01,2.798376814641957644e+00,5.602368389769534218e-01,-1.527418878913053835e+00,2.990330025629605259e+00
-1.543921964205604791e+00,-3.487810070102974169e+00,2.688795731000723777e+00,-1.891028332905991149e+00,2.291680437782556368e+00,-3.113891989534347537e+00,-2.298970503499733642e+00,-1.717832696189198316e+00,2.126106890878594058e+00,7.011979546858913892e+00
1.713442003525059931e+00,1.799292350173837374e+00,3.446967816488294645e+00,2.973668045737691390e+00,-2.031934190698982068e+00,4.878791819017216369e-01,-2.343715638639525256e+00,3.489383117322511829e+00,-2.155942118667247609e+00,-4.718959031017423200e+00
1.356632090203146568e+00,1.268728428637987626e+00,-3.378116604217507923e+00,1.938754484613000262e+00,-2.029385986030242339e+00,3.945873915812637023e+00,2.272056332808584322e+00,3.398662397747321151e+00,-2.147989095778711999e+00,-4.667794002557343447e+00
-6.793179848710795277e-01,-3.154457751433954016e+00,-2.026734397275061550e+00,-2.020612367695214129e+00,3.553246190159946583e+00,1.245752146602025157e+00,8.734922482301024083e-01,-2.503233657067383877e+00,2.154238555096891439e+00,4.464099988099434313e+00
-1.083225857601672004e+00,3.806280870931196270e-01,-1.059304698675920697e+00,1.880090784478412935e+00,-2.029191852894937753e+00,-6.668433993549325312e-01,-1.261621367367682822e+00,3.377991809267443024e+00,-2.145795295107883138e+00,-8.231249399205005091e-01
-2.400071008891061730e+00,-3.258311637201112276e+00,-3.410792580503773319e+00,-1.988071569981255449e+00,2.164777292640809314e+00,1.459318237309419342e-01,2.059397875633404151e+00,-2.165244992608483798e+00,1.989882093145781017e+00,4.855290442523209293e+00
-9.688860713808020719e-01,1.277208472715353427e+00,-1.551489765076255356e+00,2.778119515270010886e+00,-2.025403614034320121e+00,5.447465788248561092e-01,-7.533015541218462952e-01,3.285293265264267681e+00,-2.135666816832471948e+00,-9.201252597323814619e-01
-8.085254356096438499e-01,-3.854325151657878035e+00,-1.119244429724334466e+00,-1.957836914745417323e+00,2.341403659699796247e+00,2.302178159074662611e-01,-1.425645082241751460e+00,-2.174959269957701835e+00,2.657580489830686954e+00,4.581931875389130049e+00
8.947894469954720265e-02,-3.483546818371750842e+00,-1.018226299756277875e+00,-2.070309923673793850e+00,2.765316148679135999e+00,2.477889308593208550e+00,-1.548729716781270138e+00,-3.134907576884752078e+00,2.378174904037220649e+00,9.719188179861060206e-01
-1.313147918532537872e-01,7.501817628350910816e-01,1.793555020951698609e+00,-1.346468785522872080e+00,-1.589791540295157235e+00,-6.183391552425969717e-01,-2.220622351952692863e+00,1.021048293179500632e-01,-1.023477783909284788e+00,-8.737869308628547493e-01
2.982544090830021588e+00,3.663520452499811064e+00,-2.998363790261385553e+00,-1.769927091063181468e+00,4.067975599961780597e-01,6.908886676100456370e+00,2.643841057297628971e+00,-9.092115231270212483e-01,6.871046379195143716e-01,-7.506002875537032271e-01
-1.091807863662132227e+00,-1.607169025559096243e+00,-2.260101629970683756e+00,-1.827560314066838165e+00,1.766734904298206121e+00,2.429916944961900971e-01,2.034143816867702181e+00,-1.408066364407634996e+00,1.596210627831010420e+00,5.602025654615844452e+00
2.871695406596461275e+00,4.961308741487444607e+00,2.351603567255434513e+00,-1.846389204338383383e-01,-1.920138424058140947e+00,2.253080078652355489e+00,-2.288823470232891566e+00,1.465158726981734105e+00,-1.847149952597655131e+00,-4.512438694302352005e+00
-3.314515435493069262e+00,8.837915812362880930e-01,3.287798885216841605e+00,-1.285277634285872495e+00,-1.812799605560053262e+00,-3.946201412034690215e+00,-2.335272984362029014e+00,4.732522924834352551e-01,-1.418012627818734162e+00,2.692825141470192918e+00
-9.671111265008516256e-01,-3.025174206857093484e+00,-2.333907644483603328e+00,-1.942725393195770645e+00,2.761746133743350651e+00,1.209548150868643646e+00,3.222000074912727552e+00,-1.885661431832116097e+00,1.997372039811036615e+00,5.210364284381710398e+00
2.331378461831349114e+00,4.366869305303205273e+00,-1.252462627287592056e+00,7.205531938361245392e-02,-1.931602849113424059e+00,3.261123783078609950e+00,-1.159224010027973373e+00,1.631470819156772833e+00,-1.820635508015232995e+00,-4.281065740402074660e+00
-2.865231083934690837e+00,3.406851840860899427e-01,-1.576926607283211768e+00,-1.646819115513204368e+00,-1.306763143649242398e+00,-1.260672232178775776e+00,-7.621296097576689688e-01,-4.982619150145528586e-01,-5.434182915107117484e-01,5.158458882854803029e+00
-1.143954304244411802e+00,-3.239614795735295871e+00,1.366739165017223812e+00,-1.915767933183293970e+00,1.766127762025063275e+00,-2.286982720413540449e+00,-2.199411737060675165e+00,-1.557635593111243555e+00,2.203360366428508854e+00,3.548870748762364080e+00
1.561448244288333065e+00,2.590490271529957589e+00,2.037088199769758745e+00,1.947308569227653496e+00,-2.003527221585513107e+00,5.856570636370892480e-01,-2.251984688619265373e+00,2.542958666898130993e+00,-2.055155045700668648e+00,-4.540795430293896651e+00
-3.202089583549472707e+00,2.140434757204539018e-01,-6.835977694909605162e-01,2.115326141766040280e+00,-2.026114426113572620e+00,-2.235886958960310977e+00,-1.769215138354066630e+00,3.299374963114688697e+00,-2.136855298988155738e+00,9.386467654328460863e-01
-2.167488594140209557e+00,4.657957740554060644e-01,-3.389342727710247694e+00,8.754147890684971234e-02,-1.928734434770227102e+00,1.231018991575191679e+00,3.481180564083059537e+00,1.380659637579550569e+00,-1.798027768908206037e+00,1.332886752247044448e+00
1.245784412489511439e+00,1.040804682916659285e+00,-2.035534187083556823e+00,-1.640640111434667148e+00,-1.332504592521918774e+00,4.791771258276474654e+00,1.484648550461294736e+00,-5.063924332268956441e-01,-6.110675230456997786e-01,-4.986752778955622079e-01
1.455786175279743411e+00,2.311628171481992844e+00,-3.351370645869590881e+00,-1.314713169293316497e+00,-1.769910589774210896e+00,5.476223955133132648e+00,2.332963881304882747e+00,2.295753815956462773e-01,-1.360636751764889629e+00,-2.922086531369681328e+00
-1.168521471815752832e+00,1.095005141550288386e+00,1.880760933339691299e+00,1.582272833507150978e+00,-2.026905609609626069e+00,-2.592494760173468915e+00,-2.248324684688295605e+00,3.302536896842958924e+00,-2.139678280825382917e+00,-1.672987631648579221e-01
3.349883335356523162e+00,5.155886334767080470e+00,2.260558132592504599e+00,-1.667279612823970414e+00,-1.245352634780184209e+00,5.737713767594005976e-01,-2.265972476971356286e+00,-4.906080174919411618e-01,-5.160667894641786102e-01,-1.500547577293416035e+00
-1.969687989062689271e+00,1.018418358904846777e+00,1.512530239262207310e+00,-1.720970148807183797e-01,-1.899188993460717345e+00,-3.159360708971742593e+00,-2.211373958932377537e+00,1.319696732055771093e+00,-1.797476359513729305e+00,9.178951249363923592e-01
3.138344558786878125e+00,4.495294788006713560e+00,-1.619340418456228115e+00,-1.655073743695381072e+00,-6.445074448759232633e-01,5.062890894010405596e+00,-6.798981235359429220e-01,-5.126544115608169250e-01,-3.562571923542035002e-02,-8.788910571619372725e-01
3.311133588524479698e+00,6.167733018936441880e+00,5.820067585178634317e-01,-1.608030181258378821e+00,-1.565932304568079747e+00,1.344581833801191895e+00,-2.094935014310126409e+00,-2.360389808278036128e-01,-9.052445659239870546e-01,-2.044282657319059560e+00
2.368049918635828810e+00,-5.415833177041178281e-01,1.340513768874844303e+00,-1.990693063008973862e+00,2.047862382665261993e+00,6.586357198276187042e-01,-2.188250762301477081e+00,-2.173488027163278158e+00,2.557473303102309803e+00,-2.243236125710954820e-01
2.485180376828730608e+00,4.048401711890907251e+00,-3.034769161122353065e+00,1.346037217639604489e+00,-2.004640946632444187e+00,4.670392147007527583e+00,2.159055856022658038e+00,2.519814936520532456e+00,-2.054151452119959753e+00,-4.748027025828030823e+00
-2.248779614989985465e+00,2.338462203172478659e+00,2.361796300558345330e-01,-1.514229449514302051e+00,-1.494523067805142880e+00,-2.675564022708874390e+00,-1.923418726233584009e+00,-3.807743946070196728e-03,-1.129557356293670267e+00,2.516406547979744168e+00
3.285380321349959942e+00,4.921742972444116404e+00,-3.222259449829778521e+00,1.622863512407644038e+00,-2.008548628276824122e+00,6.392045890627689353e+00,2.706058119249275418e+00,2.724060271611966400e+00,-2.064717812929262486e+00,-4.848543530292123371e+00
-1.064077653286463310e+00,2.689136227652064282e+00,2.368905036344001402e+00,5.725281986920988109e-02,-1.945519248798066148e+00,-2.720395033611436197e+00,-2.280256705177639454e+00,1.617699377123880566e+00,-1.882545700580726677e+00,-2.720651066976292332e-01
3.226691601164554335e+00,5.369872559580680438e+00,-2.955134325236309145e+00,-1.621088425392746224e+00,-1.307425677398195596e+00,5.147135124114387672e+00,3.410200963931651508e+00,-3.595378062344369852e-01,-6.949200221855802440e-01,-1.141010697609909030e+00
2.341619438689304999e+00,-3.810905262643606850e-01,-4.232338304345693025e-01,-2.052373791647394974e+00,3.273225301305517476e+00,1.980576873880723454e+00,-1.877398311319429469e+00,-2.881047058588205978e+00,3.122734191264937120e+00,6.849899805355122995e-01
1.774937070363780123e+00,3.153415126685681802e+00,-9.652329889206612279e-03,-1.409032448714229835e+00,-1.756929812861212969e+00,4.108574432295389656e+00,-1.991568269234236910e+00,3.178008693996670075e-01,-1.390754052324550516e+00,-3.171436437692020327e+00
-1.085690036331730557e+00,6.239121651400432178e-01,4.659432106841245869e-01,8.022515830317988872e-01,-1.968281659916147230e+00,-2.241208342929907893e+00,-2.071930310373410133e+00,1.758489036511392101e+00,-1.924230366640374390e+00,3.279360058663693955e-02
-1.503751040912895576e+00,1.788944913933094849e+00,2.992957356860257434e-01,4.308501424004353431e-01,-1.945759532465841213e+00,-2.236327471220674656e+00,-1.956837257841823163e+00,1.691560740957543274e+00,-1.903056908417856352e+00,1.701443328401521349e+00
1.419386238013949253e+00,3.220533030264389751e+00,-3.246032706849748539e+00,-9.171801962505957695e-01,-1.867868565089229937e+00,7.290742764449370306e+00,1.855331263921266238e+00,9.057004504930876720e-01,-1.600493263396070232e+00,-3.922158591774881575e+00
-3.282397536883992384e+00,2.233746827755802133e+00,-1.014200555664532821e-01,1.206374115780941558e+00,-1.971280685495977236e+00,-2.800604005377326011e+00,-1.953732655601031265e+00,1.977451837201669171e+00,-1.946902806806236175e+00,7.105709341327572925e-01
3.314981637294384775e+00,4.623176911140166823e+00,-2.709111446554469005e+00,-9.835688139706252331e-01,-1.906390654230568638e+00,4.394034470844105478e+00,2.086013139560833007e+00,9.140683595672545181e-01,-1.720469333377623089e+00,-4.187323124391902240e+00
-2.317062712443252792e+00,-8.101073115048185169e-01,-5.739289300786554193e-01,-1.777763204844669653e+00,2.212111565303167549e+00,-2.166321546561384093e+00,-1.671791440543200391e+00,-1.233967958291408706e+00,1.387588265812038646e+00,5.186121431763978329e+00
1.843433202958770778e+00,2.285233250111607273e+00,1.295729242079479704e+00,-3.757287237679155512e-01,-1.937091623712735355e+00,1.415073164774686809e+00,-2.203827435697269355e+00,1.364126260855551109e+00,-1.831591347370993939e+00,-3.945681740421323802e+00
1.948926795795153488e+00,-2.037059461630887025e+00,-1.514670766716176953e+00,-1.955082918459294827e+00,2.515566229915925156e+00,3.834446405032447380e+00,-9.317211049984288618e-01,-1.952096870226742720e+00,2.915909800638901039e+00,8.056192788002090044e-01
3.423555075930068803e+00,5.967611775561010745e+00,-5.894517034133262001e-01,1.915990302609469342e+00,-2.030858907137914837e+00,2.137820360283679832e+00,-1.746727615383980359e+00,3.451877939418859675e+00,-2.152709884537298279e+00,-4.976330170945554521e+00
7.977750725864076742e-01,1.570504593116760494e+00,-1.239833317519264178e+00,3.169624603422167120e+00,-2.031168817408623539e+00,2.761088261096138030e+00,-1.371917605538674811e+00,3.464642132372285133e+00,-2.153790969507396458e+00,-4.463290979392766644e+00
2.766910851160626628e+00,-3.523173175410884150e-01,-1.160981172415041840e+00,-2.087292833675525205e+00,2.192732477960643411e+00,3.361769656402415318e+00,-1.138479599943734932e+00,-3.253644662142321398e+00,3.037265496327088421e+00,4.577743592868427358e-01
3.221800098920102329e-01,-1.578719530715653629e+00,-2.386345831211715840e+00,-1.836402746473082770e+00,2.124179619380035522e+00,3.241679771057442316e+00,1.297304729451703498e+00,-1.531552652695504335e+00,1.726526842300694753e+00,9.178925083877559343e-01
-2.538725603834159905e+00,4.799380480498968149e-01,-1.465066825651614391e+00,-1.468622962304321211e+00,-1.710444680087547686e+00,1.050667167511987188e-01,-9.551195450756309047e-01,5.670642653586011050e-02,-1.265272281519216335e+00,2.338902831822592177e+00
-3.089187424807262161e+00,9.628371904896133593e-01,9.129790275642397646e-01,-1.754504573216817187e+00,-9.711965101325564786e-01,-3.338639974429295165e+00,-2.150847844246928986e+00,-6.655289697313113706e-01,-7.235439787294450920e-02,4.468112158693811509e+00
2.929325390355564274e+00,5.521240463946302413e+00,3.128900729467311237e+00,-1.673722170369117856e+00,-9.547717297306512751e-01,9.139845975189042626e-01,-2.327358847738437930e+00,-5.136248340847444638e-01,-2.994995999517686136e-01,-1.526852328424582961e+00
-2.101890701127770988e+00,6.189282520651485653e-01,2.549766679253461454e+00,8.339652577923104548e-01,-1.968601381318456189e+00,-3.273189293654941157e+00,-2.278529881514121058e+00,2.169747064967419981e+00,-1.987665191249250451e+00,4.813328613454037619e-01
1.979167771954053912e+00,5.361826061723331094e+00,-1.134209442594184658e+00,4.795867057548569568e-01,-1.963670099801805957e+00,4.046724192969835876e+00,-1.436703999612201521e+00,1.658012908976669308e+00,-1.910530769371336035e+00,-4.444552847266612261e+00
-3.139201448205272804e+00,1.421560398672771175e+00,3.494676709314097351e+00,1.052686460974669114e+00,-1.980285654846696719e+00,-3.935595854219990919e+00,-2.346000511929947407e+00,2.118200399577338189e+00,-1.985815860419845036e+00,6.538993788943956442e-01
-2.843031176434226648e+00,1.179075938575333993e+00,-3.443885370946207836e+00,1.276782908530070593e+00,-2.009710555313811042e+00,-4.966744504445974595e-02,2.747165509394781324e+00,2.848095730046189544e+00,-2.082006086265610456e+00,1.974061656607251303e+00
1.193834159070167544e+00,3.587453965619229024e+00,-3.388378003364098223e+00,-5.240306179707674428e-01,-1.886732239723453386e+00,6.561398196799903992e+00,2.117796349362086605e+00,1.184325920214830852e+00,-1.714436982238509488e+00,-4.093643643625285655e+00
-4.915731409972647903e-01,1.403905022655274948e+00,-1.168475494535974324e+00,1.319837560797731291e+00,-1.999796026044575514e+00,5.158567626711620946e-01,-1.427128046829792440e+00,2.434742123105977818e+00,-2.037356124693439519e+00,-2.457007539408004870e+00
-7.153935183034860756e-01,9.505593714094086044e-01,1.026605155653807167e+00,1.722429160758069289e+00,-2.028091826599253800e+00,-1.787074774739325189e+00,-2.159579102263254224e+00,3.364817262599248515e+00,-2.141828271487565161e+00,-1.241033102337382399e+00
2.643773323355921079e+00,4.190686588403939261e+00,-3.389779307042406042e+00,-1.813511397305116679e+00,1.442073988608508328e+00,5.189632381477224499e+00,3.393395834527441757e+00,-1.159709004482623929e+00,1.442579183738286197e+00,-5.838072931279731925e-01
2.502331759320220783e+00,7.514462996963271912e+00,-9.806415696293564466e-01,2.827310151066031452e+00,-2.022256271164485142e+00,2.231613415115398791e+00,-1.583261915753904070e+00,3.104812289114813773e+00,-2.119298612309597374e+00,-4.825307235093736935e+00
-3.439173740676127800e+00,8.378549024955501690e-01,-3.581056382829821416e-01,3.072188621696442024e+00,-2.014008318925761376e+00,-2.502588409791722590e+00,-1.827782178568518656e+00,3.029022780842448803e+00,-2.088669610008900168e+00,6.676777232869852696e-01
-1.209230936382517552e+00,3.718620934258699551e-01,-3.282173341332299543e+00,-9.418215831234565405e-01,-1.858583220309707018e+00,1.816563055072061506e+00,1.944979369730671204e+00,8.010042086455566590e-01,-1.601495618086036021e+00,5.816472970438266721e-01
8.403691481945543273e-01,1.727887190040241716e+00,3.254699796092943131e+00,2.422056226586306871e-01,-1.936184044900275625e+00,1.257470885412499406e+00,-2.335904144698494722e+00,1.612051052960433495e+00,-1.876769372244014189e+00,-3.865843465971690485e+00
1.331584845658478677e+00,9.323082589026547851e-01,2.946205480578862002e+00,-1.758166269220284406e+00,2.162461120183503949e-01,2.761083294505961572e-01,-2.317349500331087775e+00,-9.198981300319837295e-01,7.151492890868520469e-01,-6.548710066789642514e-01
-9.060176866171727461e-01,-4.182025859759515463e+00,1.167724486533520789e+00,-2.033151399434172557e+00,2.694399970032219649e+00,-2.285905756928407140e+00,-2.142272390022100126e+00,-2.689349144621018706e+00,3.006605502921468442e+00,6.198545797040853955e+00
-3.580422523150472713e-01,-3.419941334071744610e+00,-3.129341947382017874e+00,-1.955974374734190890e+00,2.035165189270629504e+00,2.127513803267959691e+00,2.009912948267903232e+00,-2.025976236598661551e+00,2.260514490309942559e+00,1.688681553362874732e+00
2.838660284070535056e+00,3.913834421419763565e+00,1.020311698667915046e+00,-2.052327256878245798e+00,1.807433756890617582e+00,2.145195393955971142e+00,-2.176895201585413719e+00,-2.798416336838967844e+00,2.119466738555005225e+00,-1.939496501372993675e-01
-5.564196483086294442e-01,1.041081702664027997e+00,3.097697038065042818e+00,1.267915050757429718e+00,-1.998883309931142493e+00,-1.530332155590519383e+00,-2.327616762047984178e+00,2.506467584897664302e+00,-2.043133053263793020e+00,-1.983731706850812460e+00
1.155914792631000054e+00,1.634397748638032999e+00,-1.418623172250967457e+00,1.344954544213280867e+00,-2.003216627429094121e+00,2.266028601126972575e+00,-1.127677967074590004e+00,2.704864218134118481e+00,-2.045315026332696462e+00,-4.513617806743124738e+00
2.083724840256233612e-01,8.011834329538706223e-01,-4.394527467650055641e-02,-2.858079453968476180e-02,-1.954614690336479610e+00,1.063327541555607381e+00,-1.931595846526159121e+00,1.595006781445105659e+00,-1.866549161540196344e+00,-3.685095086237071271e+00
-4.809171581628466363e-01,1.022648725719485618e+00,1.319798079459952866e+00,-1.581658175986407677e+00,-1.344365658073369163e+00,-1.149107385859794217e+00,-2.203081668946512028e+00,-3.506200383520274855e-01,-5.191511887693807115e-01,1.749380323714442964e+00
-3.189437145879498559e+00,3.940846997292308806e-01,3.054037089315677633e-01,1.161629785795839753e+00,-2.005566492614488272e+00,-3.097543193233210257e+00,-2.032413660557514934e+00,2.502519020152834450e+00,-2.053025828998808588e+00,1.605482117368458139e+00
2.210253437224289463e+00,3.132874444528410240e+00,-3.247774983729827092e+00,-1.458245168440976292e+00,-1.733141277216588616e+00,5.951756796469219069e+00,2.615959851142501513e+00,1.190016595274610012e-01,-1.265127759066625668e+00,-2.920331541319132640e+00
-1.329964824172930715e+00,-3.992856925170771287e+00,-2.264941898532371489e+00,-1.974113112169711304e+00,1.988394290061478165e+00,-8.148887084662118085e-02,1.906742590234013157e+00,-2.015422083194772895e+00,2.598018681972829036e+00,6.742835269370411666e+00
2.046368975008929780e+00,2.854071764959757562e+00,3.127096163243014537e+00,3.304663762040070951e-01,-1.965007236266375967e+00,9.630845555666434077e-01,-2.325001194656508119e+00,1.844107424227697578e+00,-1.945985590150616673e+00,-4.489579113809432087e+00
4.426319799550735290e-01,2.639338848878537203e+00,1.143410379647763264e+00,-1.554895347317227783e+00,-1.474256193471313647e+00,3.658469697163455603e-01,-2.166514912815156180e+00,-4.408546814862277508e-01,-7.665724716566379993e-01,-8.223053799990258650e-01
