2.552972706831808658e+00,-4.009341718838594915e-01,5.857416096809950901e-01,2.102818493149585244e-01,8.871020079820000070e-01,2.264086237555353875e+00
-3.674115745028809776e-01,4.187628640433345595e+00,5.256561622654820631e-01,9.344809968327210115e-01,-3.636447966575895308e+00,-2.579362438105670563e+00
3.376093444506591545e-01,1.550232576718654443e+00,6.696693310663903720e-02,2.870807329673197295e-01,-1.176560207999862051e+00,3.602312618454930337e-01
-9.997960361900735116e-01,4.035728298756377619e+00,7.752188982365961767e-01,8.263941711000200030e-01,-3.216446793738375387e+00,-8.532239845485101171e-01
-2.713815822251031573e+00,4.251688410699941301e+00,1.789968621796101389e-01,2.576150682131572722e+00,-4.011562912702264505e+00,-1.012674006113825520e+00
-2.506719916061920017e+00,1.857975776022940284e+00,-4.190241327954456807e+00,3.117501044580954783e+00,-6.983928176002140997e-01,3.483374293022917456e+00
-3.852864630147054825e-01,4.140166029187621888e+00,1.107816636438265334e+00,2.519934517739163660e+00,-4.456206897393332866e+00,-3.360790167132556849e+00
1.623861576308383015e+00,6.100072639534190877e-01,1.664136696380177582e+00,3.227166473474251340e+00,-1.372569718587751453e+00,1.536090440989911876e+00
-2.792914026260993055e-01,-1.003772714157513901e+00,-3.523511708365770989e+00,-2.096495185496209945e+00,5.837369724741703791e+00,2.610179305852995846e+00
6.492108628276067606e-01,2.891318111432981119e-01,5.905131921323533151e-01,1.623962763794430941e-01,-2.197766575116837817e+00,-6.937635535286492683e-01
-1.143002997996431347e+00,4.255164861173649449e+00,1.552488005307898877e+00,1.262894008169231697e+00,-3.871039589601260822e+00,-2.083768292645731268e+00
-3.190052542019712334e-01,3.897326481126949460e+00,6.597494237056660271e-01,2.824459708724989859e+00,-4.466962909778128044e+00,-2.871496937125847637e+00
-2.190105590186326889e+00,9.262369728615946207e-02,-3.242246038977361966e+00,-7.143767509828844453e-01,3.239712222173334766e+00,1.993761884706997556e+00
-6.381535070630262041e-01,-3.533123227615711515e-01,-2.528481534388056229e+00,8.466745851653172394e-01,-8.483038917723400019e-01,1.771919390202208788e+00
-2.575285720378587495e+00,1.152283486132174684e+00,-2.763841748100833051e+00,3.473495415148892818e-01,2.766113203414288790e-01,1.802862665697465339e+00
-3.240227795106129349e+00,4.493193704008643152e+00,1.569216507021677032e+00,1.727959760884753670e+00,-4.107609567722864341e+00,-2.464408784502332583e+00
-2.926085184742222900e+00,6.897724399092632908e-01,-4.130872980508176084e+00,-2.241272912916921989e+00,4.710730963538646954e+00,3.191439056126950113e+00
-2.005920342437610859e+00,4.182659064968632379e+00,2.283623227954929558e-01,-2.482131178460962762e+00,1.108404247148153443e+00,-1.764735514912421976e+00
3.166048460032335754e-01,2.672602482680811242e+00,5.692852629405138476e-01,-2.258520822607036127e+00,2.172437509950336132e+00,-7.561218118581147785e-01
1.085464438614307525e+00,-3.672479795728269103e+00,-2.762005669058436919e+00,-2.867476934711266967e+00,5.733686216324720419e+00,3.429040526030942893e+00
6.215154106849167803e-01,5.511354226762662512e-01,6.177412597965961094e-01,2.445745859558202007e+00,-3.885454462910259199e+00,-9.883963326052480625e-01
5.248851100570641748e-01,-3.350416934146511316e+00,-3.212999160998266657e+00,-2.727253225201692111e+00,5.034587923164232315e+00,2.946421020462442364e+00
-1.157202776200139560e+00,-4.663687286343654592e-01,-3.945218245022357184e+00,-6.066915829856527331e-01,4.963871905402934104e+00,3.231866797719504802e+00
-8.359929291214118763e-01,5.217214347959902909e+00,7.880554618728689009e-01,-6.927264994388271369e-01,2.290166393066318307e+00,-2.856026064306942835e+00
-6.885151565090072978e-01,-3.841203173548366490e-01,-2.717824679155001810e+00,-1.646596270537097340e+00,3.261709760902786304e+00,1.934421411710838257e+00
1.255273824971893326e+00,-2.586932997149201885e+00,-1.306192453312502222e+00,-3.311741284828121579e+00,5.060367468940067504e+00,2.212219359869274982e+00
-2.476765055915121749e+00,5.051222829060757036e+00,1.413180910316053085e-01,2.545871930037631792e+00,-3.207354077643179924e+00,3.089328183050912280e-01
2.021489528086950038e+00,1.182604653395163963e+00,5.240886806543606724e+00,1.519577724950964992e+00,-3.674737285522636565e+00,-1.309783915191271575e+00
-3.238010610629588726e+00,4.625722652834665993e+00,-9.169408690851699184e-02,-2.558988308818030522e+00,1.331699774579131912e+00,-4.593773243259056116e-01
7.954127124049170661e-01,6.870208121377037180e-01,1.200584975537819066e+00,-2.934582350424613573e+00,9.092217639514958982e-01,-3.282672777115349660e+00
-2.435525221918342531e+00,4.157999659825930117e+00,1.169299471612670338e-01,1.224809678528941959e+00,-3.756734496163828929e+00,-1.528415840644266721e+00
1.903139351040266547e+00,9.408712117971174127e-01,5.102657331349599090e+00,-6.080903614931276735e-02,-9.043008119930366906e-01,1.151413993346248610e-01
-1.658166720537290972e+00,6.871823832678931154e+00,8.513626300182683959e-01,1.968768817294690443e+00,-4.226248526033266728e+00,-2.416363036287173749e+00
1.903784608587042015e+00,9.570707699763685294e-01,3.543751597975025369e+00,1.253761789574920016e+00,-1.660327242180866358e+00,1.209912690857083639e+00
-1.487833560961079549e+00,5.742365159204290137e+00,2.437548202454905777e+00,1.507584814072259860e+00,-4.094190742893369261e+00,-2.796190875479796389e+00
1.061755618017504510e+00,2.435758595009474448e+00,3.753549397290380174e+00,2.443575799344831267e+00,-4.325841326738157910e+00,-2.503757088173110823e+00
3.154121870221628043e+00,1.427047434334808962e+00,5.984579098149733767e+00,1.713127725507169075e+00,-4.146812822389079223e+00,-3.414532539986879112e+00
2.929320397264097764e+00,5.146809404335422888e-01,3.686295814261147719e+00,-1.878133434244764199e+00,4.079890565883145470e+00,1.429709662091836364e+00
-2.346516338394667223e+00,5.103258812026932212e+00,3.334802507756723933e-01,-1.797024738021626211e+00,1.922178673542044081e+00,-2.279927584136816066e+00
-1.135444026177799159e+00,1.067998814434448995e+00,-1.979101547727162957e+00,3.456055851247580080e+00,-1.239170607622545717e+00,1.559802854635079505e+00
-2.869531238865293599e+00,2.986103280743638844e-01,-4.077462087748928710e+00,1.680597147574956374e+00,7.170548222368644531e-02,3.075802301339802369e+00
1.349868324874264225e+00,1.270107062619928895e+00,2.203343460376451457e+00,-8.584112161922341500e-02,-1.274237270493791208e+00,-1.664237119864100833e+00
1.259402843565523789e+00,1.498031193691714336e+00,1.521349798833884215e+00,9.789247101173703669e-01,-1.248790327024134283e+00,1.328064960999141064e+00
2.864159688287239547e+00,3.801337649335557178e-01,4.187652659875261918e+00,1.278039249736785621e+00,-3.547434369131364118e+00,-7.318554537953265715e-01
-1.357468233536805791e+00,3.950409074325729630e+00,4.094974557972893558e-01,-2.999412288554160089e+00,1.318921094411274586e+00,-2.355599111254084832e+00
-2.225247459231806779e+00,3.190005257243645698e+00,-8.563526583912453027e-01,-7.532928171627002456e-01,1.874860949675655863e+00,1.120195381807506330e+00
-3.256555334476820995e+00,3.983455947780288664e+00,2.945586703364677650e-02,-4.786115997984472514e-01,3.035709148716280170e-01,-3.428997029158011856e-01
-9.086066451373131514e-01,4.879295387863618494e+00,7.854644149395991759e-01,4.546603956024188875e-01,-2.934510948834994970e+00,-2.689928033675834662e+00
3.239931662905217280e+00,5.935081946640251571e-01,4.222589042764401945e+00,-2.838710457414444388e+00,1.833378589040745021e+00,-1.111964668317868110e+00
5.547173810523764459e-01,-3.230064030960859700e+00,-2.762643814093598049e+00,2.761270506717179885e+00,-5.894549376137316887e-01,2.213420078890175446e+00
2.726922447158155904e+00,9.619293205614501963e-01,4.530388632282305927e+00,1.005222990005133710e+00,-3.471980979241442444e+00,-9.284972099481936247e-01
1.238987983730006626e-01,1.641661034104239247e+00,1.212450061649043231e+00,1.201647836808017011e+00,-3.991969057412602773e+00,-2.935395678847406487e+00
1.596706449747098411e+00,2.115684555651132115e+00,5.831643911457843110e+00,1.736992591600468039e-01,-2.703231861371070632e+00,-3.358193633165129199e+00
-8.204779770801740035e-01,4.109767348955780442e+00,1.973169955393279662e-01,2.995315339907076435e-01,-2.617814120852212767e+00,-2.447700747886546235e+00
3.442287453275650222e+00,6.444744079822282146e-01,4.407089074299266329e+00,2.925492807557431796e+00,-2.442885747270753694e+00,9.990463910193270181e-01
-7.515498773970668012e-01,4.595204154224981075e+00,1.072522488542681618e+00,-4.445896050003836919e-01,4.659826285821956349e-01,-1.140413293311091536e+00
-2.501341883660967103e+00,3.747474028403402713e+00,2.351990730234987947e-01,-3.432294437987915003e-02,-9.319848001404552607e-01,-9.181107885316857065e-01
2.849142944132822208e+00,8.973918781234392350e-01,4.228534390963607947e+00,-4.360470749621159214e-01,1.484449985267477734e+00,-9.139512587955329614e-01
-3.074577562593813873e+00,5.423305879310214017e-01,-3.913297766143168932e+00,1.471622030507277579e+00,-1.002684233961048443e+00,2.639337902821340620e+00
-2.858499390779014160e+00,5.118216569363444046e-01,-3.460992468979051662e+00,2.241581726280621467e+00,-7.904336505556875947e-01,2.170203653443839364e+00
-2.326030928209035231e-01,3.581534437869163590e+00,5.107872865445934885e-01,2.551046753347612217e+00,-3.541576365572417284e+00,-9.806203206233510272e-02
-3.494418871601503884e+00,5.572912341731251828e+00,2.656283745291107001e-01,-2.285049808477048749e-01,-3.728491173531233160e-01,-1.956687378534722521e+00
1.325854822297892532e+00,-2.127850826305019538e+00,-9.823111032496933959e-01,-1.120760744626215555e+00,7.065569754042688722e+00,1.996665777389854846e+00
-8.346374451637164071e-01,-4.964298842179887816e-01,-3.582226910987437396e+00,-2.721009048558986620e-01,2.801286525373960945e+00,2.706219550764594750e+00
1.487745307014272989e+00,-5.914806347548843268e-01,-3.007021869853926388e-01,-2.691366209935890375e+00,5.485774505569809278e+00,2.634242495137789852e+00
7.473366135207193395e-01,1.888147529972163063e+00,2.109044364082703904e+00,-3.054588470805181810e+00,2.300590861532035625e+00,-1.561689261121184558e+00
2.984989867771064453e+00,2.230847864725026941e+00,6.146341218302351805e+00,9.666465060133422327e-01,-3.753339261621402301e+00,-2.836987882412982387e+00
-2.940680473275468998e+00,4.785216170626874543e+00,-1.186792890457077920e-02,3.955178438028741361e-01,-2.403934292957131902e+00,-8.677535136531524529e-01
8.155401462724318762e-01,2.202442799102676041e+00,1.937698456992803742e+00,-1.696675757967889719e+00,7.270850740029043413e-01,-3.183475847993056718e+00
6.955212840263387264e-01,8.812725940148352644e-01,7.325998160674329629e-01,1.972915921272808681e+00,-2.965711723890229745e+00,2.365027071523786439e-01
-1.029424801236328513e+00,4.461489945494280240e-01,-3.502220260287750797e+00,-1.721986502242933703e-01,4.769464528771380607e+00,2.329739843194141180e+00
-1.136091518067632755e+00,-5.377685844546966631e-01,-3.746813815246077706e+00,1.486782794672887320e+00,-3.744828025492232815e-01,2.825029795579548697e+00
-3.391277719140115554e+00,3.818389880140155679e+00,-1.203849729711325978e-03,-3.451699154193811125e+00,1.664914637610186210e+00,-5.882778943807132066e-02
2.316862664240526115e+00,-4.359321937171831141e-01,1.966967349042580415e-01,-2.097542477805713457e+00,6.394037627878546459e+00,2.681311367093452525e+00
1.710572625120370560e+00,1.847538411166587125e+00,4.636593716149810085e+00,-2.364597735934888867e+00,1.774360813784795265e+00,-7.320677200220111480e-01
-1.048806734753374936e+00,3.436448736088428824e+00,3.602090476902244376e-01,8.330477801570523866e-01,-3.250747260963641416e+00,-1.817541303730413338e+00
-1.072399530078711472e-01,1.538001763767762764e+00,-6.769640248785642189e-01,-5.788841886551665539e-01,4.346001703679835515e+00,1.337232588173225878e+00
5.175245517647759641e-01,-1.631652461604035320e+00,-1.102839602455571333e+00,3.034351001689040039e+00,-1.876184450060509157e+00,1.803226965357819012e+00
-1.551443209216958330e+00,1.733550868178836968e-01,-2.424862136958404690e+00,8.858536528192608728e-01,-5.208228672412459348e-01,1.686389617211299985e+00
-1.541484693192609168e+00,4.375864013445954548e+00,-5.732368940267967838e-02,7.272886473542321539e-01,-2.670764627062070851e+00,1.937507441487738014e-01
3.389135540628545940e+00,8.463193387937955059e-01,4.427944045702032483e+00,-3.376652873397790522e+00,2.426983547947330067e+00,1.503892822094297088e-01
-3.732508100033351539e-01,-1.102981981631427688e+00,-3.722607812449662656e+00,-1.323830414816366208e+00,5.762393909316034346e+00,3.021904471650345592e+00
-3.033332829703752509e+00,2.720175578605522837e+00,-9.600781136965124141e-01,3.240695274868238940e+00,-2.401325609902832614e+00,1.247429614336652115e+00
-9.723328433071536381e-01,3.614058388291090829e+00,3.131785805898379405e-01,2.390220545470083557e+00,-4.095373994786156047e+00,-1.524379051374638472e+00
-3.221080148291288303e+00,2.206909031217223482e-01,-4.097977267537482149e+00,-9.316499199687746646e-01,3.771564590115045412e+00,3.062246219721853180e+00
-3.330058358887633574e+00,4.184636957438925720e+00,1.013144476727486198e+00,1.193800955100165595e+00,-3.812018266218081486e+00,-2.687976281303961379e+00
2.093660118604665499e+00,-6.668026446975628962e-01,-5.186383660932497586e-02,3.413191883696627293e+00,-5.705123457265548481e-02,2.813762172597802369e+00
2.145500741566578995e+00,1.176815035422539957e+00,4.045064885586431735e+00,-6.717789541753429461e-01,1.168052917648242151e+00,-5.619874921760978914e-01
-1.618792758137423071e+00,5.263508153862333394e+00,7.931712709142292317e-01,-2.749269588508371331e+00,2.646738706893750681e+00,-1.279975518007659296e+00
-1.809318202254385000e+00,5.028306730326031371e+00,9.293676816267233409e-01,1.646390719105468747e+00,-3.493707198435682670e+00,-4.878589645928421703e-01
-1.691244870200623307e+00,2.589982334562721533e-01,-3.972582867292942410e+00,2.332639479019114503e+00,-1.152160466477341716e+00,3.083667359050618728e+00
3.417375159404496543e+00,3.196652988040667998e-01,4.298349012419476090e+00,8.739160462303736665e-01,-3.665800280315690607e+00,-3.166460535764060946e+00
1.502290070194471916e+00,-1.160030323867071278e+00,-4.705232993834004840e-01,-1.767928056647220636e+00,5.309881228694043998e+00,2.555357057135658749e+00
7.512360565838447357e-01,4.859930184196201708e-01,5.320034045727012328e-01,2.311845188471605361e+00,-2.435780129768754243e+00,1.012091377597295505e+00
3.010214467311679520e+00,8.487896934555971828e-02,3.369788206308043099e-01,2.473056045465396480e+00,-4.435744488593292845e-01,3.479475417072150023e+00
-7.463790442887594523e-01,-1.216494867536838109e-01,-3.922363514793140382e+00,2.398680591985724142e+00,-1.403979080980083394e-01,3.333559616068407117e+00
-2.136626950519787904e+00,2.814192122619599612e+00,-1.060983111148180225e+00,-2.733780955226450260e-01,1.876999958310578531e+00,1.135598842621430293e+00
1.743219167269236536e+00,-5.686839106813523781e-01,-1.211121448613549090e-01,-3.258327119964574248e+00,5.403352977532177803e+00,3.295297880207522567e+00
-3.407255298645179842e-01,2.805468734814750675e+00,4.823971581222011307e-01,4.236400288129038572e-02,-7.207421423206961109e-01,-1.050618730715828786e+00
-2.696429004604312674e+00,5.350081782977217593e+00,5.710978277776367351e-01,-6.472903719856253346e-01,2.205835423102934456e+00,-2.886980275336841650e+00
-3.298628721344321058e+00,4.430031483650909152e+00,2.500046770529637530e-01,1.755865545795991522e+00,-4.082088081322558182e+00,-2.062245176593475282e+00
-1.546848171616285850e+00,5.751331106122210102e+00,1.114438722562310913e+00,-1.442615067930522965e+00,6.909135159330032083e-01,-3.150144441436657505e+00
2.269166990146097795e+00,7.225913880081289431e-01,4.979176842792353952e+00,6.843674383775528725e-01,-3.498715436127761258e+00,-3.247192919072829476e+00
-1.716551242508363329e+00,1.062524088091456820e+00,-3.392609137456183976e+00,6.925980982473625147e-01,-5.074051879509418050e-01,2.388174760020550735e+00
-4.403373449603740220e-01,2.582196658736371830e+00,-8.461370172424705904e-01,1.296517233292945548e+00,-1.800976334368437293e+00,1.101029644771092109e+00
-1.817628607686603281e+00,2.556234907183419836e+00,-7.658234324977879481e-01,-1.351847025842359606e+00,2.706059117817040338e+00,1.274546589252433471e+00
-5.990989137142257448e-01,-3.647680695825334940e-01,-3.644201112030893697e+00,1.318690283497243598e+00,-8.753133273342351695e-01,2.766794968465061899e+00
2.918251037211897270e+00,7.938895037705495650e-02,4.875851108683209589e-01,1.677625112177415723e+00,-6.809783105062010566e-01,3.384559287389850901e+00
-1.544795828456174025e+00,4.313684209631224675e+00,2.496581818434151501e-05,3.285218241372085402e+00,-3.554090933335055436e+00,2.993279770487609071e-01
-3.111554019707356566e+00,8.444644748952025992e+00,1.019081598263433808e+00,4.735317529788547475e-01,-2.919045057089745487e+00,-1.886059419351551192e+00
-2.202629409475985067e+00,4.818749756917991789e+00,5.819199785272124448e-01,-2.684416711117614263e-01,3.590572207103395197e-01,-3.028622676310311235e+00
-2.615105304156159605e+00,4.211843013882447195e+00,2.434904811180295114e-01,-5.216418420996697947e-01,1.416989390781727920e+00,-9.741704838455613746e-01
-2.408853001618768808e+00,3.850838967467715257e+00,-8.872134635251229806e-01,-8.426350617512463614e-01,2.755140143608497905e+00,1.283381810211641216e+00
3.045434261533093157e+00,9.261844151646636547e-01,5.120898026682905169e+00,1.660110734183293246e-01,-6.917894808897111503e-01,3.788988368167038878e-01
4.171296699293014498e-01,-2.899745982055179638e+00,-2.349927280602279733e+00,-2.102062688295497583e+00,5.055942767929409776e+00,1.914089542348658135e+00
3.461379561860675302e+00,3.329954269966220459e-01,5.508885970735158288e+00,-9.628069008134305662e-01,5.187121648002629426e-01,-3.104493488387312539e+00
1.568762284919476002e+00,5.467381042455152773e-01,1.984435101980064786e+00,1.212722637668546710e+00,-1.377903868080451621e+00,1.559398728569365566e+00
-1.115332489525783899e+00,4.112283202553748573e+00,3.575549304943338447e-01,-5.638285803782796535e-01,1.827123896459958985e+00,6.710944206404745316e-01
3.021238428387155395e+00,5.121138062953909387e-01,4.256014877428137666e+00,7.096399682140734910e-01,-2.835401451979679521e+00,-6.308671608460669766e-01
2.795977877591276695e+00,1.894997830731536714e+00,5.620885173468174401e+00,-1.601589740471475842e+00,1.783467444007729164e+00,1.761521721170256072e-01
3.291625224047051823e+00,1.144044241877940182e+00,4.353927863959246025e+00,-2.113474533617801576e+00,1.758096430931173293e+00,-2.861306761094358109e+00
4.158241911711191285e-01,-2.914405182274063755e+00,-2.558730150781763690e+00,1.019830150036164618e+00,-6.943092155493285622e-01,2.140407643720401154e+00
-9.834904451607955345e-01,3.680599798425109093e+00,-8.115098141535610765e-02,2.283543708411133188e+00,-3.749104908888292620e+00,-5.542529225816572591e-01
-5.446897949877400613e-01,2.427039581262243839e+00,-5.791046353723663387e-01,3.626033377368540478e-01,-1.330992403477028185e+00,1.019287909273589143e+00
-2.745694718174541471e+00,4.616695500197448565e-01,-3.990969479695171351e+00,1.294672157197171103e+00,-6.864716812476677754e-01,2.852321291221931787e+00
2.343525090698332924e+00,-7.503843873708572199e-01,6.464201342349662482e-02,1.636336773543598078e+00,-3.495185838902937769e-01,3.436719971897760573e+00
2.892332111395116812e+00,1.633083520329832394e+00,4.684940408910433618e+00,1.715839433797552438e+00,-3.996098065303773428e+00,-2.255837766279732204e+00
-1.255844918481577199e+00,1.263562103018828209e-01,-3.258158514426187757e+00,6.328229330417158849e-01,-8.284540764906944688e-02,2.139656391027637383e+00
-6.444163091275445510e-01,3.772442596450250374e+00,1.389759238176838663e+00,-2.320279477725364803e+00,2.683927257892524842e+00,-1.241949700119766575e+00
-1.199893855779055496e+00,4.547880348001023698e+00,1.218580043274042624e-01,-2.821437202916861953e+00,1.521199049684905713e+00,-3.442844658163205729e+00
2.145026951444798158e+00,-2.877535055971277567e-01,5.929886657647391868e-01,1.568549207453132865e+00,-5.892047247201580573e-01,2.097152870101849587e+00
-1.053670164664544995e+00,8.784768253804577931e-01,-3.721449204810465261e+00,2.398370684895762217e+00,-7.522896381850582292e-01,2.628004961139468243e+00
-2.252871733058339210e-01,2.398500372528916458e+00,3.703677331164632047e-01,2.916502637617223392e+00,-3.463244359825295327e+00,-1.480059792410206576e-01
1.011457765988224899e+00,1.394326360806871001e+00,1.878402275785280739e+00,-2.009865091690945516e+00,2.362720220736956200e+00,-2.762354792155631511e+00
1.018186813318098238e+00,1.245417792219685182e+00,1.409255989042280444e+00,6.170070988035725179e-02,-1.710806617564986309e+00,-5.972432187215690469e-01
2.485427837594407663e+00,3.832004563705393441e-01,1.190800816461796474e+00,1.159676906305532995e+00,-1.167964301701418739e+00,1.894941417665570782e+00
1.610215015457278298e+00,1.502325007801845524e+00,3.123463722464097536e+00,-3.403235478049360552e+00,1.979715996960070168e+00,-7.583810641169566047e-01
-1.511502027496221867e+00,4.038335724223710343e+00,-2.598696336238112137e-01,1.775967098009306966e+00,-3.087015102610059181e+00,2.231705384027864447e-01
8.297921609628016171e-01,2.527773010893089811e+00,2.246671768930226243e+00,-8.517853437383555715e-01,1.433346611027569661e+00,-3.304099163248551019e+00
3.021388124168914224e+00,7.367272796992041517e-01,5.910380790282134811e+00,3.023038903539284838e+00,-4.413874356200095939e+00,-2.535498395378998016e+00
-1.146126107421193918e+00,4.169710192522483538e+00,-6.507600966125892672e-02,4.728271157415990800e-01,-1.365599066576024923e+00,1.060226767718259744e+00
-3.242989913463067086e+00,5.297364880179872060e+00,5.996696677919434171e-01,2.287693912292153797e+00,-4.350243535567076769e+00,-2.737580706013525322e+00
9.863948263896933355e-01,-3.314477726086571430e+00,-2.384705533253070886e+00,2.231960029446939053e+00,-6.426078613087145008e-01,2.508254692862463386e+00
1.281218992737994888e+00,1.196238650957684335e+00,3.602115805144316951e+00,1.740384763625294262e+00,-4.023989384948435166e+00,-1.930879788448879086e+00
2.754800311912255495e-01,1.438252243627835103e+00,1.569972107857772192e+00,3.351743678415484595e+00,-3.392196844208266615e+00,5.417477494843083718e-01
1.445466955513201590e+00,-7.805679993126769523e-01,-3.877053322837943350e-01,1.538780414894036497e-02,7.030892780698593247e-01,2.000462459590827358e+00
-8.115070562552233469e-01,4.181695492817116833e-01,-3.653987663949811449e+00,1.029257739676989303e+00,7.784193034570996428e-01,2.900553503435231661e+00
1.309007909480665255e+00,1.856350073739392537e+00,3.928816973032623228e+00,-3.034153216232982064e+00,9.241645458150072878e-01,-2.313496319599808615e+00
7.489315221328425309e-01,-3.260804036163803765e+00,-2.612849779457526278e+00,-2.171225770733806293e+00,5.028221979847213419e+00,2.780674074591932055e+00
3.547639173163386062e-01,-3.052342180297299201e+00,-3.294859891029981114e+00,-3.058948944983312934e+00,6.558851132545532536e+00,2.843834297152612045e+00
-8.925558157348425503e-01,5.452935955917580735e+00,1.373191337199308304e+00,2.754474373779982166e+00,-4.206183273646995957e+00,-1.656789387936028479e+00
3.243426528412466148e+00,1.181371967887383745e+00,2.196895002497765148e+00,6.517212769744959999e-01,3.942934856500875940e-01,2.897061315793250991e+00
1.020746724189839583e+00,1.442120071126185010e+00,7.031040797590414337e-01,-3.154758374522586450e+00,2.951594469729940773e+00,4.789925360938669385e-01
2.857218601683496395e+00,9.790222997556053963e-01,4.448423328199876181e+00,-1.377419405503961691e+00,2.139789730004540758e+00,1.511326255434370935e-01
3.184766372725312600e+00,6.258403182239874463e-01,3.757479708947011776e+00,1.193030354933723558e+00,-1.891474615535654769e+00,1.081575697584652218e+00
-1.837061942653282820e+00,1.165690016567229037e-01,-3.719659148607873611e+00,3.323025447885587624e+00,-1.229227019145215927e+00,2.567477914734459077e+00
-1.907996390421497601e+00,3.165131799646605515e+00,-4.693690738288964770e-01,2.560698234266498119e+00,-3.220402784736800861e+00,4.485702857855149439e-01
-9.587094088480139220e-01,4.165651910957065773e+00,-3.020967322144542111e-01,2.855347094944658437e+00,-2.906883825633474139e+00,4.764792977597798185e-01
-8.195924111466519335e-01,-4.701960618230365263e-01,-3.615919603878353872e+00,1.922748553333207155e+00,-1.039174915264715615e+00,2.505973577640729033e+00
9.307534951921665467e-01,-3.536618790410377411e+00,-2.705838742270991304e+00,-9.599316932082047060e-03,2.421852216284921866e+00,3.299136065243651217e+00
3.313362526407034103e+00,6.787814502651593473e-01,2.894497289978122723e+00,-3.280674635813016771e+00,3.691363872813150593e+00,1.586149778354280393e+00
-1.954018033445725777e-01,2.757246871921566367e+00,4.979210279107929571e-01,-2.344537226968516741e+00,9.026779892975519415e-01,-1.889955807292147627e+00
-5.991013576539008234e-01,-4.271934767749712702e-01,-3.635712506010646994e+00,-4.860467812910309604e-01,4.284264519163500040e+00,2.800548053786207525e+00
-3.161078682196813538e+00,7.489354017630879490e+00,7.386888032871568033e-01,3.014193611257669048e+00,-4.368034450512612743e+00,-2.218521320833098720e+00
3.305727998357042452e+00,1.066755414105408750e+00,5.777931471985287004e+00,-2.584564463928267219e+00,2.352849531915394365e+00,-6.819791557601222465e-01
3.351940491935126332e+00,9.205593057690576453e-01,5.017209904040638158e+00,3.465205217842887819e+00,-4.448214887534117423e+00,-2.209061981050406853e+00
1.084181383584368774e+00,1.836827863681292916e+00,3.031048361739104635e+00,2.430267033321979575e+00,-4.459186670761480009e+00,-3.380322054208466209e+00
-2.485655646079755865e+00,3.982791482787356063e+00,1.012350355496349774e-02,2.823964769464981650e+00,-3.674821274301578011e+00,-1.374603659922648546e-01
2.767611869732663266e+00,1.406878997127252173e+00,3.314977875995390288e+00,-2.485572043130194864e+00,4.654574736578667604e+00,1.080953544703907809e+00
-7.361735517597889356e-02,4.460946103435032839e+00,1.134236676654456932e+00,5.031930990584925212e-01,-2.621570452456760236e+00,-5.528281248533959413e-01
8.501504330804632303e-01,5.704035376427247783e-01,8.655971440106136061e-01,2.376908513792454158e+00,-3.584269687012652028e+00,-2.995956110432822506e-01
-2.785811907516738462e+00,6.742870341308963011e-01,-4.182019230036888580e+00,-2.328195304208247940e+00,6.410079754600138457e+00,3.379293716817429960e+00
1.597687771833916415e+00,1.745451459711598874e+00,2.333921753085461681e+00,2.008207968649091235e+00,-2.124306513879124836e+00,1.083399786001653098e+00
-2.621478253323413998e+00,3.537806687003665740e+00,-3.417824562590441317e-01,-1.032728801458659973e-01,6.740135654154094658e-01,1.086521153514853566e+00
-5.992109785970729519e-01,2.208084648736622135e+00,-5.519727742604740861e-01,2.479804618436234342e+00,-2.436528229766817599e+00,9.819471394798098274e-01
1.318860206650359856e+00,9.837606610746465474e-01,4.574579802035913190e+00,-3.015669631613267399e+00,2.210526992029799853e+00,-2.427597637439793843e+00
2.223024161404949517e+00,6.952670130810814086e-01,7.071509220593737766e+00,9.071639366875325905e-01,-3.282609753280156362e+00,-1.058644437477826550e+00
-1.874871379607520261e+00,4.434329105140633942e+00,4.303482265067342105e-01,4.403770850851707053e-02,-1.936022145544158635e+00,-1.796588440547442378e+00
-1.145119976921137983e+00,3.881467538615931634e+00,1.044106666376328207e-01,-1.864115032622410073e+00,1.780927536075301187e+00,-1.498302551707038521e+00
-7.978120801624926095e-01,5.165493991204529678e+00,2.025243222872530890e-01,2.444331339851632201e+00,-4.359857206868515966e+00,-2.556459954307100713e+00
-2.116414640072594722e-02,1.829591959172186977e+00,2.262498719574969341e-01,1.616920443450919009e+00,-3.494267496400428996e+00,-7.249557630524816609e-01
3.349316845851864954e+00,1.537165893756657242e+00,3.948562187518637856e+00,3.391578062919324843e+00,-3.382785945651031412e+00,2.878656689697942639e-01
-3.891925460145753135e-01,6.319347965275978751e+00,1.821068817550139052e+00,-1.457421884098831555e+00,1.266240979092803753e+00,-3.452575205757142385e-01
2.610758392716795662e+00,2.109128029763634338e+00,5.423829110824775590e+00,-1.867368746030217963e-02,-1.298753360401743384e+00,-6.793184302292578636e-01
2.061874666781915444e+00,2.157836427111489153e-01,1.903173788271645295e+00,2.258054581315018794e+00,-7.466666564381437832e-01,1.950468253375026606e+00
-2.944751514726632102e+00,3.740310382854525884e+00,-1.883225884391145355e-01,-2.861859604447847261e-02,-3.668653903800379590e-01,7.993144841062216344e-01
3.277652709489587757e+00,3.839916611946187497e-01,4.188386296071192838e+00,3.072394635934444729e+00,-4.348783564180298100e+00,-1.917185338874840994e+00
3.005563327680636831e+00,-8.409377208302798445e-02,1.068221754562126424e+00,3.135343223740903795e+00,-1.160215915138470333e+00,2.691657476819357520e+00
-2.885125186846509315e+00,5.017146762989394659e+00,6.382103473853998343e-01,-7.510463292370754829e-01,1.784422732878283568e+00,-8.218098034848790867e-01
1.834629544456096717e-01,1.554543834704438021e+00,8.092197920920470855e-01,-3.461856228820599846e+00,3.795220786052380113e+00,-1.255790057523250791e+00
-3.484010703045671065e+00,4.309688976452958897e+00,4.214688645886000007e-02,2.963772176394225966e-01,-1.984776906195972135e+00,2.021515513457852187e-01
-2.370600849763260243e-02,2.143979214000069078e+00,1.197962363904393257e+00,3.142823848057074265e+00,-4.490946018989083299e+00,-2.769750757114149309e+00
3.031685548281916276e+00,3.267540473210978069e-02,7.274966668106174206e-01,2.387142808195404697e+00,-9.090678155153921747e-01,2.828461685020340788e+00
1.057643703466258245e+00,8.253096861795616856e-01,1.305118647474652338e+00,-1.878333060359294038e+00,1.974455425819690024e+00,7.704022447456306821e-01
-2.717984405555561089e+00,2.497031740862223348e-01,-3.908033744664955123e+00,-6.143863692600084470e-01,4.530790957085966575e+00,2.702946645922434499e+00
2.532735105111534324e-01,-2.047031571348118639e+00,-1.578717873419429596e+00,2.301635206836549763e+00,-1.518705888418538485e+00,1.585787197650786240e+00
-1.443544996431604943e+00,4.402889007951969802e+00,1.321199307090909381e+00,-2.698604153534087668e+00,7.495640183435076098e-01,-3.481612428046461982e+00
-1.638174230384903396e-02,2.671829214321639778e+00,1.182422981579903443e+00,-9.302099664312124538e-01,6.442233455082065907e-01,-3.011337013162456167e+00
9.516909852739985354e-01,-3.447676091809368515e+00,-2.468644900280301258e+00,-1.403852943808495457e+00,4.314679249877493739e+00,2.562326838666018958e+00
3.243918627084142692e+00,1.086334322962140053e+00,4.916655738563172839e+00,-3.478073882016604390e+00,1.068895757384566547e+00,-2.885375625951340783e+00
1.698107666874822286e+00,1.160848947427298938e+00,3.806987910431793853e+00,-3.174791366306136897e+00,1.153200743343296475e+00,-3.292525941822372904e+00
-8.550318002660768357e-01,5.062770073561797091e+00,9.456628317241007331e-02,5.735842525056744634e-01,-3.158191724258816890e+00,-1.494590469168982416e+00
2.068714949250506585e+00,1.332238477609628990e+00,7.233751833397794151e+00,-1.114520126528883548e+00,9.245107272515062924e-01,-7.433113593753613024e-01
-1.127050671526770298e+00,5.687145554449902107e+00,7.416337853618315545e-02,-7.850166169539103400e-01,5.492654621550758787e-01,-1.653630126634420883e+00
1.258874011374182089e+00,1.001676427206461995e+00,1.514390617728527788e+00,1.059038096036792886e+00,-2.704899350231317445e+00,-2.456566798726944612e-02
-1.223176147515145917e+00,4.148891009727624368e-01,-2.721839712361405983e+00,1.334578321549602542e+00,-8.690697879343949328e-01,1.833891232462196541e+00
-9.455252838276528848e-03,-2.127104015246043645e+00,-3.734458856517495651e+00,-1.953054593104634362e+00,6.658836886359157603e+00,3.449779912441046648e+00
-2.739761205601709548e-03,2.236743518584004775e+00,1.248457644380147169e+00,-3.375193021382444591e+00,2.728054682944462073e+00,-2.220490268931232247e+00
-4.002614649053457541e-01,1.860843434736916047e+00,-5.333298824088029688e-01,-7.064853536631368058e-01,2.588372478934009013e+00,1.024028558816056034e+00
-9.597032449002860233e-01,8.427505674868782659e-01,-3.953166510546276324e+00,7.362893527183569375e-01,-1.378966906079259758e-02,3.284605987514945369e+00
-2.761928557727059363e+00,4.814104600024085912e+00,4.959982120690207275e-01,8.703071247331424232e-01,-3.622851863228451652e+00,-1.954100285518203250e+00
-1.212404014440384703e+00,1.021032849220493866e+00,-1.492090805194477454e+00,1.076033419306833494e+00,-1.386742037219421242e+00,1.424248974586160621e+00
2.985444448084522584e+00,7.576808741409190029e-01,5.662558620008866228e+00,-2.234846415474085468e+00,2.464172908855655653e+00,4.938601706045098183e-01
9.261618724679721026e-02,3.568762857713009495e+00,3.538767409208297132e-01,-1.438878308247741877e+00,2.398080858670471827e+00,-2.437890785287923912e-01
1.713654616054752999e+00,1.733880753599468472e+00,3.209184770623893179e+00,-2.638572501437521645e+00,2.620956921155355168e+00,-5.652215834960734320e-01
-7.942172281522452693e-02,4.527483928849834527e+00,3.975176726217237722e-01,-4.203820251515022477e-02,-1.348049979128713716e+00,-2.060331043100489534e+00
-2.872366564588203275e+00,4.304180382880232081e+00,7.407174123053639203e-02,-2.633595493052294678e+00,2.874278208645759225e+00,-1.022356419558319018e-01
-3.415538502727128112e+00,4.832759893645058646e+00,1.492453271788940494e-02,7.810549164011337808e-01,-3.442112309222886690e+00,-2.014358236895936738e+00
2.806025548754250920e+00,4.866439818059673517e-01,4.282719616878814861e+00,-3.678871590023486959e-01,-1.189332698294076618e-03,-7.985476738966275079e-01
-8.115174114288685736e-01,6.149726031971422202e+00,1.803898263273158720e-01,-2.445992206402697100e+00,3.285632026811862172e+00,-2.356339272052597078e+00
2.024445834689240442e+00,5.027499891133356824e-01,3.982139948208570424e+00,1.225368278226387275e+00,-3.384598385843632595e+00,-4.800591269116702975e-01
2.942103692369087753e+00,7.032656967947823468e-01,4.396788855438207300e+00,2.506114733922445659e+00,-4.403277078378144971e+00,-3.034033936235606355e+00
2.690608143829236631e+00,4.617387139281290409e-01,3.822162635931240171e+00,2.663997121169828119e+00,-2.767558121233800073e+00,8.984019874891124857e-01
-2.743882575800791201e+00,4.670678494398075919e+00,9.534684308598793123e-01,-6.185657769421482044e-03,-1.309137760542019802e+00,-1.440968788823937086e+00
-6.063320197771524533e-01,-1.707097153882228824e-01,-3.217146234601511168e+00,-2.332028992255062327e+00,4.895076167727030025e+00,2.314345981765193905e+00
-3.242000854360727935e+00,4.595366293210843445e+00,-4.502690371839188077e-01,-1.425019124786931712e+00,4.245094610740480334e+00,5.767035603203538585e-01
-2.960768897970219804e+00,2.754669469321409991e+00,-8.333365550361373497e-01,1.498123205590887075e+00,-1.351090380232152999e+00,1.177424684016799894e+00
2.892410631987671010e+00,1.256450291333789160e+00,5.477178008319580016e+00,2.943903391444610662e+00,-3.033467564284168638e+00,7.914297478228622396e-01
2.430178857266386494e+00,5.606120930813358605e-01,5.463473727217340148e+00,-1.359676221607995394e+00,1.154897964279138600e+00,-2.369733569160398012e+00
-8.794372125615153024e-01,3.329446237373014927e+00,-3.193042473003948611e-02,3.681647455930399104e-01,-1.593852344101016172e+00,6.174228056730903802e-01
-2.390634891331846035e+00,5.402794438795139875e+00,5.419791173861627787e-01,-2.588560402094245205e+00,1.944682604894004907e+00,-1.255649193375167894e+00
-1.069426539680804034e+00,1.927893212098502063e-01,-2.691517024282387816e+00,2.357760545816853792e+00,-1.322311894417822487e+00,1.811525616211250522e+00
3.427002105192937798e+00,1.537986944605676642e+00,4.233001923276137113e+00,2.234853988182393003e+00,-4.348474255271804090e+00,-3.048078826912720807e+00
-1.740873634727830410e+00,3.685860864267413106e+00,-3.894574088198595740e-01,-1.164931014293300038e-01,9.788714977366382852e-01,1.219907974432175024e+00
-2.938799127660400856e-01,3.083004026563060052e+00,1.596951269292081754e-01,1.050456801438965471e+00,-3.457089787702540828e+00,-1.193036680106047243e+00
-1.064440336209204307e+00,-2.399756607135855035e-01,-3.848299366212591277e+00,1.524104900043309563e+00,-4.397880456827842899e-01,2.906624345279412047e+00
-2.120144280364678835e+00,3.413106971400884149e+00,1.454970876506200550e-01,-2.984541968279879498e+00,2.786404250579799236e+00,-2.082525559287136119e+00
2.628132519124027233e+00,1.058738944693802697e+00,5.361773656574579050e+00,-2.154992508631312642e+00,3.269872740380670884e+00,-8.621048225060068404e-02
-6.169664682109092801e-01,3.042088421427695089e+00,2.863906194608174527e-01,1.134893961318441669e-01,-1.780722651795158207e+00,-7.203011912021732854e-01
-4.177142205155526256e-02,-1.575439247582912428e+00,-3.530665637039806182e+00,9.847778072399693272e-01,6.102237198450228828e-01,2.809203199566861819e+00
3.153453164768409422e+00,1.834120304410142843e+00,6.013005706173275122e+00,2.463370612185254771e+00,-3.822484907992098169e+00,-5.449737496230628864e-01
-3.469677672055058171e+00,5.350146541558572721e+00,7.443882365418171831e-01,-2.692333805424530269e+00,1.703702776442770794e+00,-2.414813427353752928e+00
2.008160958400559082e+00,5.168147649617791384e-01,4.965167603360701065e+00,2.885734626313452011e-01,-2.683734141821750629e+00,-2.738354129853785679e+00
-1.004917393537901660e+00,4.077382594381235847e+00,2.980247148527737089e-01,-1.866223144290873215e+00,1.698434117384979514e+00,-5.536156864959984603e-01
2.811935976333702847e+00,9.925024395846703262e-01,3.918137544402471750e+00,1.435277006372283282e+00,-3.226252809934849530e+00,1.537452923556195117e-01
-1.744162562060968646e+00,2.229727615999766321e+00,-1.055084948871535033e+00,2.100904617845067435e+00,-1.873250524942960515e+00,1.464445568530330810e+00
2.487035179140631769e+00,1.158077807951228833e+00,3.810600010974798835e+00,3.203182285182779587e-01,-2.534504072435745936e+00,-9.523776883490544520e-01
6.737638223805939575e-01,7.944668348584575934e-01,7.772150041510712537e-01,-9.969213099780507292e-01,3.097666620927086001e+00,-2.518213317331947643e-01
1.718836972060522328e-01,-2.646646576071753021e+00,-3.542723253797896099e+00,1.710688130891289127e-01,1.145292154639447002e+00,3.060923118840809920e+00
1.722250053511436008e+00,6.799501603902579072e-01,4.719009210079250671e+00,-6.169531816177848960e-01,7.270538991535948625e-01,-3.484147995367208317e-01
-2.166069055331034221e+00,4.134116046133986089e+00,1.146025070248383404e+00,3.341226168659031437e+00,-4.383409875159874680e+00,-2.156667032990803090e+00
1.183435303200434774e+00,6.106130215107264947e-01,2.617131826659824689e+00,2.612176896682449012e+00,-3.692861372414013577e+00,-5.011004119927262579e-01
8.713682080068476665e-01,6.714228473408430098e-01,1.490103147677959150e+00,1.639315065696701268e+00,-4.085568027130290325e+00,-2.332763005344097529e+00
2.785448890250560083e+00,6.517643576044274134e-01,5.101272038762015626e+00,1.199442247689317398e+00,-3.831505996104668910e+00,-2.570785015156939579e+00
-1.491854159373611655e+00,-9.562112414380929959e-02,-3.908258868823725418e+00,-1.861617407827711679e+00,4.324675397712406166e+00,3.048359577411172694e+00
-3.310902336095100651e-03,4.798627918684899463e+00,1.827283525362055849e+00,6.979373511073534431e-01,-3.250234452924068762e+00,-1.113944592214009877e+00
-1.267609987020745344e+00,5.636018569376232135e-01,-3.419524717729289343e+00,2.445569575114261873e+00,-1.108323781514477968e+00,2.228489311101003345e+00
-3.072207152466148727e+00,4.444245588725102003e+00,1.565917817005675339e-01,2.532098615575297806e+00,-4.022272846204817398e+00,-1.295427484239435323e+00
4.334615898413440860e-02,2.308675966267537127e+00,6.694269426358795405e-01,2.990877512449809927e-01,-2.116583744214595608e+00,-5.383400590432927402e-01
2.757233379120638261e-02,-1.708913518422938704e+00,-3.535349732234633890e+00,-1.875391482821519906e+00,5.145251727596120261e+00,2.869055982201588861e+00
-3.211078495393843824e+00,6.663008916725543074e+00,5.524939307646394848e-01,3.048599267810658375e+00,-3.936487439744034145e+00,-6.096038308434152952e-01
-8.495641083862119913e-01,5.371548183405615795e+00,3.540716603800391216e-01,-4.571958042361834451e-01,8.671885304901880698e-01,-2.910558451019689574e+00
-1.598817777674923946e+00,3.701325821143774064e+00,5.202569779962804564e-01,1.330577598216579283e+00,-3.504140378519093435e+00,-7.661239086905924367e-01
3.278487345686285970e+00,6.418110565599173256e-01,6.254817781478342553e+00,-1.647915812341075981e+00,1.635910557385731545e+00,-3.360602490407561760e+00
3.272366660171632802e-02,1.877936454171382552e+00,3.708089134771114237e-01,1.420999009857148110e+00,-3.613444603403493272e+00,-1.464827978355283999e+00
-3.269888658083285105e+00,2.972284403719383850e+00,-7.984957506109411352e-01,2.840629076665308617e+00,-2.768031166767712214e+00,9.541897686388605138e-01
8.657245435407396883e-01,-3.477149381106301895e+00,-2.711858575656577841e+00,-3.070163163674033413e-01,3.948859136197072850e+00,2.796107495216403116e+00
-2.144186677150661247e-01,3.509871175196592752e+00,8.613573069279717442e-01,-1.509431421185022604e+00,2.121466727123300089e+00,-2.426142725114326826e+00
-3.054354043461110724e+00,4.109167977962774998e+00,1.311733658576998696e-01,-2.148350543410416869e+00,1.184470854637344583e+00,-3.378972186316471671e+00
-2.186525406284944850e+00,3.999764094567559436e+00,1.688831218614573193e-01,-3.249140667482867784e+00,2.963853789007713679e+00,-1.047597645885029571e+00
-9.958702613522052438e-01,1.108135333531053979e-01,-3.950908526418940525e+00,-2.639922133880006072e+00,4.463298552917671635e+00,3.222986896935831957e+00
3.524392660910686814e-01,2.615326255781790898e+00,2.386664994599307477e+00,3.381146838171531499e+00,-4.579119037363594380e+00,-3.166393395657952858e+00
1.885244033734672087e+00,-8.337413380117459916e-01,-1.883750068696083968e-01,-7.376087877730967968e-01,3.104250110244710203e+00,2.503052725396144318e+00
3.609197133746100405e-02,2.770136809813819490e+00,1.302009349394423809e+00,-1.559298201731729172e-01,-6.990505548991018392e-01,-1.231766309644977575e+00
-2.046610370758016106e+00,3.896002437464665125e+00,-1.425011989629290099e-01,2.691688630777980151e+00,-2.756886754410246887e+00,9.799626444004561066e-01
-8.075628445883404893e-01,-5.322208961985979148e-01,-3.897590207636620452e+00,-2.800160058144116171e+00,5.497988851483474271e+00,3.261114771446629312e+00
6.091219438555421917e-01,-3.439935975095876675e+00,-3.322872614693725524e+00,-2.892803743660838478e+00,4.048272223692929828e+00,3.178333146726271430e+00
-3.243151410420485270e+00,3.545218528758335985e+00,7.194176766218396413e-02,-3.281782364688653253e+00,1.997440781950133193e+00,-2.730063467154114853e+00
-2.875550160926757304e+00,1.741572743857526251e-01,-4.133336727148178902e+00,-1.322696126199248923e+00,5.114705441046169199e+00,3.192318661553797732e+00
2.096669861132079760e+00,1.294490035406338890e+00,5.406763481808051885e+00,2.360779370324397775e+00,-4.017095162124273422e+00,-1.433244212360150094e+00
1.421935030369217756e+00,1.079787925662227810e+00,2.862245185069445697e+00,4.792391558945605645e-01,-2.055560073924475262e+00,4.718093578076958394e-01
3.028828698132624453e+00,1.734064942081602556e+00,4.752582481826538086e+00,1.875483760241964504e+00,-4.290446164164818832e+00,-3.106201886031573434e+00
-3.795644607480515020e-01,2.985376040180921731e+00,-6.480382185906385928e-02,-3.441141627030268602e+00,2.585064992060816635e+00,6.086325650240498319e-01
-3.262275107868172874e+00,6.633076752107511354e+00,6.828813721230452272e-01,1.128919441250245903e+00,-3.950223193722680382e+00,-3.356348855606077208e+00
-1.523777160938605935e+00,5.117000580911252428e+00,1.171995620513182734e+00,1.570537819077315156e+00,-3.940266534247369279e+00,-1.676920330556883165e+00
-4.122920868167727626e-01,5.133034926246842211e+00,1.043867155613551034e+00,4.013040518572728033e-01,-2.889362466795355910e+00,-2.717297032000663304e+00
-1.227218798876831052e+00,2.333037672294221654e+00,-1.127590022730712072e+00,-1.558724739262293824e+00,2.871910239566400680e+00,1.234372678440520232e+00
3.302695801021426902e-01,1.902468417929823685e+00,5.140171469332309728e-01,-2.796560920441854670e+00,4.250265386916488808e+00,3.186741696987405170e-01
1.040167292796438936e+00,3.680513513578794749e-01,1.103995725572677111e+00,5.929826613149655756e-01,-2.694550017245391338e+00,4.422587878272832285e-02
1.397207053843976254e-01,-1.672819351403700416e+00,-1.832149121852808094e+00,-2.046494670310197606e+00,4.905238948988168701e+00,1.673359321685972567e+00
-4.259150091107577474e-01,-6.994413268831356500e-01,-3.083530911718692646e+00,3.283972889981623844e+00,-9.200126893573802311e-01,2.119221115025513136e+00
-1.847181834779318077e+00,-1.664643226297468359e-01,-3.967060463945474513e+00,3.491224695739827411e+00,-7.057783362493035284e-01,3.177912500533150109e+00
-2.792431764552035123e+00,4.015860836116392996e+00,-8.073915940340222752e-01,-2.304797822105486560e-01,1.026657926583634861e+00,7.449375417016517176e-01
1.864177217356568050e+00,9.498148751425232739e-01,4.134692407170974526e+00,-1.502829845858939972e+00,1.998170916797586072e+00,2.646510842608043035e-01
-1.820210007146481956e+00,2.980804724237632319e-01,-4.110357440918008365e+00,-2.723100695054786247e+00,6.669311575146736004e+00,3.416182278220644797e+00
3.338114696236976542e+00,1.078130110250689722e+00,3.624569240905596068e+00,-1.520259977776370786e+00,2.880169235836859798e+00,1.451767892017307382e+00
-3.442318597294579341e+00,6.453741123299165494e+00,2.875092962977358613e-01,-1.703360881900239931e+00,1.192787279525870936e+00,-2.371731870589289581e+00
-8.606527564674379960e-01,2.029359100096069568e+00,-8.719769314747702893e-01,2.444861283504807581e+00,-2.276751477863291573e+00,1.289168560091598970e+00
3.218098156193184067e+00,6.618514178406571524e-01,5.802203312064786012e+00,4.788086187576547914e-01,-2.994480897608052139e+00,-1.476366875151000180e+00
-9.952260603746916345e-01,1.482769781119197550e-01,-3.312492270344543854e+00,5.440899100801415145e-01,1.449661188750022145e-01,2.224030286778726939e+00
-2.653258069434727418e-03,3.423193776441117997e+00,1.082111893495961041e+00,-2.800347897296289190e-01,4.946772884056187536e-01,-1.053529699793434027e+00
-2.261117124626815578e+00,5.195101928661813417e+00,8.810895601402951582e-02,8.607456081889983679e-01,-3.157547197139622064e+00,-8.704245686598381937e-01
1.170229542721940241e+00,1.268255682624450209e+00,2.259995925648791371e+00,1.291795483652821375e+00,-3.899262673273980795e+00,-1.904560376452090864e+00
-2.925503260832395647e+00,6.512314475610380349e+00,2.733034833726194490e-01,8.080576742141918345e-01,-3.620549355938513347e+00,-2.243337845287729060e+00
2.970604219295764459e+00,1.192190692181451794e+00,6.574411582137214438e+00,-2.592448488085267844e+00,1.496589199329800834e+00,-6.076034727876442609e-01
3.205729106413137686e+00,1.445358028893221070e+00,5.236069498238975051e+00,3.214476066793271691e+00,-2.300035718760583325e+00,1.292718656240402275e+00
-1.956219469854761250e+00,5.349885338616757302e+00,1.451606081806083637e+00,-2.120942586275194053e+00,1.843913148763459020e+00,-1.512543722028562687e+00
-7.835670911119709814e-01,5.121833460683678396e+00,1.810196005015901610e-02,3.304571470787922571e-01,-2.337860421006810352e+00,-4.997884035421540361e-01
2.578000970529336300e+00,-1.840222612939561575e-01,4.176336841840069813e-01,2.630620249276113043e+00,4.853692470530890368e-01,3.176041453530101144e+00
1.992338263415168065e+00,2.107263516945218740e+00,2.458503353484865706e+00,-2.146397692368650301e+00,3.014508098353805732e+00,1.270382430426523435e+00
4.736167215093791683e-01,-3.119871751366451562e+00,-2.718260740517871366e+00,-1.061831899050922345e-01,1.966010889430644282e+00,2.174375422916813072e+00
-5.951715317707586550e-01,1.486955783113474316e+00,-8.623450033785954316e-01,3.407171379999685001e-02,8.774994865771063024e-02,1.152242135932476153e+00
2.158374123745763207e+00,1.679336454130914147e-02,6.112716654084493495e-01,-1.030807454644784293e-01,1.958110052367627363e+00,3.323357695966960179e+00
7.324570308845110844e-01,-5.254063845995435855e-01,-4.410010809820574806e-01,-1.908117999813730536e+00,5.447409350215577817e+00,1.547726992347405961e+00
6.321389625791651312e-02,-2.268849548275134520e+00,-2.983278163733774857e+00,2.522373306496942469e+00,-9.965774903515604022e-01,2.398069632838279119e+00
8.195248966873514007e-04,-1.966365905064732633e+00,-3.369669535581916175e+00,1.137384378606949298e-01,2.185407026275992148e+00,2.543583254143481298e+00
-8.882019739422819526e-03,2.312243386044249505e+00,6.436337719878832964e-01,3.023110218282800687e-01,-2.914912823635565253e+00,-2.733320952445565055e+00
-1.351856862160003114e+00,-1.942458197217931254e-02,-2.594979460706285934e+00,2.882466886595608457e+00,-1.074020258137176942e+00,1.774992568801392778e+00
1.998732850982075426e+00,-8.344756568541674691e-01,-2.856339544129983810e-01,-1.747969874333263451e+00,7.159882789062397279e+00,2.908061928909178029e+00
1.075545363561809964e+00,1.842970125656973046e+00,2.501804109333949366e+00,1.831177252171785952e+00,-3.990337326279067565e+00,-2.196569483709200910e+00
7.448579868259601611e-01,9.949901161512626491e-01,2.266853070154416283e+00,1.530501204826185457e+00,-3.913265576618156771e+00,-2.330636401896648557e+00
-3.415717242171261603e+00,4.952848560792151744e+00,-6.827861854371419792e-02,2.088333566909743588e-01,-1.203777132229858271e+00,3.945144090709131746e-01
1.517927777397655831e+00,2.504756806043964001e+00,3.671701228089521596e+00,-3.485099878868144874e+00,3.260130479167324680e+00,1.244818271600680148e+00
4.627066469358300793e-01,-3.305873296340883449e+00,-3.399585177213482190e+00,-3.242348134407972093e+00,5.122460934930120224e+00,3.327434488751468855e+00
-8.667865130690324271e-01,4.055061895117572313e+00,1.885994480058466705e+00,1.595859486827078122e+00,-3.667529084961518304e+00,-8.460952070606224673e-01
-1.968900907218933405e-01,2.707173495637182015e+00,1.454415204884852986e-01,-2.593411336096149711e-01,1.585380071441550576e-01,5.381351284589097617e-02
2.550635656495506609e+00,1.031895488910223424e+00,5.600356748884079749e+00,3.094491944483084289e+00,-3.796300995694757763e+00,-4.882278650771070261e-01
2.461301052259273092e+00,5.623963866922307986e-01,3.955977480965599646e+00,-3.661560834046273527e-02,-5.647657427686583187e-01,4.516254609406527010e-01
2.726056333440225465e-01,1.194459537639512181e+00,2.874486165891576572e-01,-3.339814334291988374e-01,7.096556681108416864e-01,7.104536976189921305e-01
1.007248215603979702e-01,-2.177858368013876778e+00,-3.532704710607849741e+00,2.132102770249332480e+00,-4.097972173393801265e-01,3.059057729885004129e+00
3.831898967591871319e-01,8.104338688648878852e-01,7.945297570109299823e-01,-2.459353825160955687e+00,1.550262923429320594e+00,-2.736453923783038977e+00
-1.527499977880291793e+00,4.462783356986205208e-02,-3.793719570858887558e+00,-1.870923093269327708e-01,2.628470322070906917e+00,2.710221310069648837e+00
1.414956136082416549e+00,9.557196155420428774e-01,4.355348283159793610e+00,-1.078776101021972522e+00,1.265191862216570762e+00,-1.190809449392725483e+00
1.971503808255389956e+00,1.129031180179580263e+00,1.617856752359976724e+00,1.959186418939989238e+00,-8.064721458533159471e-01,2.929496300456032820e+00
-1.866798781712188493e+00,5.470523190911463551e+00,5.806070550406624564e-01,-2.136314236536889233e-01,-4.966152033180776248e-01,-1.503159601996155281e+00
1.026822084190702533e+00,-3.506828192976372716e+00,-2.462885623807912427e+00,-2.988309493454774923e-01,2.259016689028638059e+00,2.487412540445281373e+00
2.221216670543204152e+00,-5.739504400726578304e-01,1.920259333414209846e-01,-7.635910884805978682e-01,3.842126604094637354e+00,2.872287342186710113e+00
8.680610711739653595e-01,3.497691515892902281e-01,7.498314720925097765e-01,1.757152347209429699e-01,-1.154140554763325444e+00,8.180200733892926124e-01
2.964159128034152602e+00,2.738752362191332335e-01,2.157192232325854775e+00,-1.035103042332377932e+00,4.313976289746241477e+00,2.840360644670922419e+00
1.550291694611564353e+00,-2.495945662774393892e+00,-1.111600539207884264e+00,-2.437627310534207226e-03,2.334006406262964628e+00,3.402451553245079197e+00
-2.270702640039561349e+00,6.705405641428398011e-01,-3.710820917288678356e+00,-6.426614165060007267e-02,1.791458866171563802e+00,2.491582185977700981e+00
2.380718847177039521e+00,6.529889417999725776e-01,1.086585910604285665e+00,3.278438985125967875e+00,-1.388320199304843072e+00,2.211390051692720959e+00
-6.614073284814141473e-01,3.749154217611508688e+00,1.005196270822546367e+00,-1.625445403211815965e+00,1.774831388293296230e+00,-1.743019258462304100e+00
-2.430551163367404399e+00,4.682715135181469535e+00,1.296223567293408374e+00,-2.319167833585202843e-01,-7.475792006262256262e-01,-1.978387778553891696e+00
1.249982028855428418e+00,5.048075743420311623e-01,2.315089928635196692e+00,1.329450924487068697e+00,-4.065307260472401651e+00,-3.361499964770890525e+00
-2.217429277370771779e+00,3.900876738380091080e+00,-1.801780603723135421e-02,1.411451473378233956e+00,-3.324638493015694696e+00,-3.217161970939539373e-01
2.455586280106881958e+00,9.750345597850130774e-01,4.032652096473616332e+00,8.690367369178231272e-02,3.880586630637512524e-01,6.799594194949074577e-01
-1.569849356865808065e+00,4.225875015581231686e+00,1.340493590376100386e+00,1.914974074412296723e+00,-4.182138593881528976e+00,-2.197586885131438628e+00
3.256096955336108323e+00,1.984482745067904341e+00,2.631537927217834749e+00,1.414944969187724055e+00,-1.120637501774774503e+00,1.609336038101440991e+00
2.784369740164556184e+00,4.709502983904040319e-01,1.614050341114952714e+00,-1.124975155837647733e+00,3.605067540577597818e+00,2.702812932227871556e+00
-1.451168328255967310e+00,4.528930380480256090e+00,3.721746446725222035e-01,-3.331357794042233422e-02,-1.373685756310246253e+00,-1.470238731618604966e+00
-3.085578379565884877e+00,5.072902928352239771e-01,-2.551086986149704749e+00,-1.881570296455635338e+00,3.294677046124562469e+00,1.778030541941772569e+00
-1.519358673061733445e+00,4.522110863728240338e-01,-2.223142740885463819e+00,2.109880074511869097e+00,-1.359761108562437038e+00,1.680876841720666093e+00
-1.542236594457387033e+00,6.797565700403611189e+00,8.618869339857464507e-01,2.481319010729997387e+00,-4.426896473763677342e+00,-3.113812079249036469e+00
1.660725898992825300e+00,-8.456246027324059167e-01,-4.007654972720693931e-01,-2.997921191331367474e+00,7.320362571074261027e+00,2.848453771649113619e+00
1.772964047096252216e+00,4.826648648321193447e-01,3.640204283050087142e+00,-3.320008028164753711e+00,2.025679140827347791e+00,-3.174849191714443908e+00
6.054379827578202367e-01,1.567514774753602680e+00,1.356469073076253196e+00,1.491695365694907238e+00,-3.762532358377097097e+00,-1.422766976504710179e+00
3.417217072743767403e+00,-4.338382616361681210e-01,4.066231875428953924e-01,1.099811638010539383e+00,-5.340639573827499209e-01,3.222269131867072645e+00
1.147428460478667311e+00,-6.825777207649736944e-01,-6.058165649749620574e-01,9.331098035358618148e-01,-8.721984014770516325e-01,1.584089687683949421e+00
7.418918037301303059e-02,2.318339929461646243e+00,3.210635529256870568e-01,1.784830491529516117e+00,-3.339785887394032482e+00,1.699574353597288479e-01
3.307796277963894305e+00,1.368412082673302388e+00,2.700800228180911144e+00,8.315794103236315848e-01,-1.030735876963226882e+00,1.488679269050198428e+00
-9.275578327457112415e-01,9.764417836815925122e-02,-2.232693151486807803e+00,3.037991635029461790e+00,-8.367856138841469615e-01,1.765217088685205660e+00
1.112267536954587577e+00,2.315398448909103735e+00,2.837763917825745441e+00,2.669941547351156075e+00,-4.180691347397307744e+00,-1.506102500870488026e+00
2.545028130414925371e+00,7.111082799879406835e-01,1.894223750677733520e+00,8.872755671454521931e-01,-1.671427641469964698e-01,2.593103388028356271e+00
-9.968945076961364116e-01,3.983500197170060986e+00,-5.028435694992908767e-01,2.132815507502083818e+00,-2.095876701002482800e+00,1.132088615475250748e+00
9.752698091562814753e-01,1.717772824658263309e+00,1.060134017048910415e+00,3.273143447040729015e+00,-3.972534946471553141e+00,-6.402934280546310752e-01
2.041601974672162534e+00,5.419588814687170686e-01,2.239732889109351532e+00,-1.338820730953158566e+00,4.542720899707950899e+00,1.524209457595419259e+00
2.781743886305293678e+00,6.796114543481994730e-01,5.043308160263653583e+00,-4.283513903820761470e-01,1.914232138582137477e+00,1.014774232149701305e+00
8.698488774927710665e-01,8.881035246002865202e-01,1.547608457930424120e+00,1.561848428279515311e+00,-3.483098146185009458e+00,-7.577579064954478305e-01
2.160645020047309295e+00,1.517512582917347697e+00,5.712574689459396282e+00,8.848450899581283835e-01,-2.901074922917532550e+00,-1.111889030935604428e+00
-2.462036717081489190e+00,1.868393762206767672e+00,-1.520149324256950152e+00,-4.758125220385833742e-01,2.233739373465392308e+00,1.431829578702110695e+00
1.327216757464317887e+00,4.389628615427092484e-01,2.521414337899707370e+00,3.407651494517827118e-01,-3.009932036922073006e+00,-2.904410668070887880e+00
-2.719156810240705102e+00,4.753735307051765169e+00,1.326789804099412162e+00,6.802732467178556064e-01,-3.522926721240132064e+00,-2.762421323817506380e+00
-1.382931134398592832e-01,2.507780352831697979e+00,1.085052778887040326e+00,2.706215247818972713e+00,-4.246867418645090986e+00,-2.337617364292865929e+00
-7.352205264524416251e-01,3.976944828395660547e+00,-2.342770369388518792e-01,6.134146520318131124e-01,-1.673937173726340877e+00,6.124824322732580484e-01
-2.905473472485161857e+00,1.015010438348445287e+00,-2.549823151621976258e+00,-2.832175748408003457e-01,3.147777818484075674e+00,1.637488835664567155e+00
5.965555527271257930e-01,1.083474172616833542e+00,5.982918991494818872e-01,1.498288807230172104e+00,-3.256417593149741663e+00,-1.279613322070209946e-01
-2.408656010756432320e+00,6.761409181417587178e+00,6.181862440854686280e-01,5.938985884532153037e-01,-3.439747017507175375e+00,-2.808803905623800556e+00
1.869433002171009939e+00,1.388872745623380922e+00,4.875960028459395801e+00,2.446484697717593804e+00,-4.305565898384930534e+00,-2.427531369760640434e+00
-1.359617067003915380e+00,1.183579432071858228e+00,-1.481331513703138425e+00,-1.099595919189412463e+00,3.695011336744617569e+00,1.406058507015444548e+00
-8.948415455565648102e-01,-5.788451030517670626e-01,-3.777017854694586063e+00,-7.834069442315687581e-01,4.481627527539748357e+00,3.002330036241337652e+00
-2.430215239262126570e+00,3.967000310513026040e+00,5.874122785424865656e-01,1.144972612095892295e+00,-3.500310916684481022e+00,-1.309108652393711658e+00
2.874309597189041554e+00,8.335174776062892477e-01,4.163422574224469486e+00,-1.974706379206070395e+00,1.343032999095423063e+00,-1.611570202883824576e+00
-1.919914329626680738e+00,-1.915316731553024232e-01,-3.736980915987688334e+00,-3.137991225612210222e+00,5.416139085877336612e+00,2.494602734169060199e+00
2.869804667407809262e+00,1.145638450996544488e-02,4.366289878430642535e-01,-3.868898812803993614e-01,2.638781935944906287e+00,2.638540834323277018e+00
-3.158974020683772643e+00,8.142256729926710790e+00,2.597201827945165298e-01,-1.178870438297816570e-01,-1.208277364998973091e+00,-1.514220709692193356e+00
-2.136346564641296464e+00,2.105919823811269964e+00,-1.166796239138716995e+00,3.294680985882776802e+00,-1.718071270305344900e+00,1.436033538670325349e+00
-7.062406189407286483e-01,4.316447268815277738e+00,1.695264484435528463e+00,-2.123812233544160044e+00,2.524960896837406654e+00,4.512534090054667324e-01
-3.388540187134108095e+00,5.097224382862657777e+00,-1.975970687853143559e-01,1.163622005612210408e+00,-3.293505979074166756e+00,-8.348449681968452829e-01
-8.197102648163427929e-01,4.991085875546569461e+00,1.176032385410393233e-01,-7.056657826361365515e-01,8.624199806886041486e-01,-2.617191553181625885e-01
3.434152643943814809e+00,1.933482413413921908e+00,6.117087215310825776e+00,3.375943808175133398e+00,-4.597325205534021464e+00,-3.309315488603162159e+00
-4.834146477343290726e-01,4.345908490787872225e+00,8.772277913566373098e-01,2.286310688937021496e+00,-4.390593719183049970e+00,-3.014128304839736927e+00
-3.268211623019943168e+00,2.711051586072773301e+00,-7.993652847508986303e-01,-9.163395894490986571e-01,3.802444621462996999e+00,1.213416704076357711e+00
-1.877273519913000177e+00,4.562638687304990448e+00,-2.577487908636588720e-02,2.972350034712002653e+00,-3.422874807997505542e+00,4.206044204826668853e-01
-7.213373999016985394e-01,3.566797216164744988e+00,2.398040200961221169e-02,-1.563098011267271437e+00,1.246914147859905952e+00,-3.610907269072654024e-01
1.877099991346906194e+00,8.556528762255822818e-01,5.697760952528541978e+00,-1.716972736553562751e+00,9.882869138115862873e-01,-9.230990074015945623e-01
9.449907749460706441e-01,1.692610179193489772e+00,2.297518118232804163e+00,-4.401534837449170290e-01,3.447675137288488401e-01,-2.332767426683658663e+00
-2.084527020075318759e+00,4.517274176472476199e+00,2.720270134326424616e-01,8.417860856394652203e-01,-3.687473437841513935e+00,-2.399472838087611581e+00
1.020715515750051594e+00,2.240866171895521841e+00,1.496403563844213469e+00,1.226206697079130770e-01,-1.990900666460327484e+00,-2.352531106219587276e+00
2.705361776648345540e+00,8.806044611640906350e-01,7.875908746617281686e-01,-3.419502800218332084e+00,3.797003268703560863e+00,2.204742424483397301e+00
-4.897519816486362032e-02,4.532468438243808961e+00,9.832259590546739147e-01,3.223062613765272921e+00,-3.828579495273652267e+00,-1.926379457168181375e-01
3.030817558798117872e-01,-3.062478437293244760e+00,-3.474844030980924980e+00,3.132598331087003807e+00,-6.686223088591979336e-01,2.958027180116872046e+00
-2.782987461270195251e+00,7.857792163744410363e-01,-4.053464268274649562e+00,-1.587589691591933860e+00,6.726438856572903191e+00,2.991655330440350369e+00
-1.613609046419885784e+00,4.380091032748757662e+00,8.312012079421877697e-01,-2.403583094467296011e+00,2.739819077770436984e+00,2.759618996404489266e-02
-1.596446064720216107e+00,6.723067047857900214e+00,-1.993778585125876440e-02,-8.486948727222136668e-01,1.609718060117585336e-01,-2.906936396031058134e+00
1.843721788378879900e+00,1.174150018240907700e+00,1.667220198027298483e+00,3.134299569645000894e+00,-1.031901415962992008e+00,2.531131627935241823e+00
6.547609457196763572e-01,1.262687368338609950e+00,1.221553260370806804e+00,3.150576213093683187e+00,-3.370337913040204914e+00,1.403792930495884050e-02
2.201684581213826597e+00,1.366415778397134795e-01,6.393128027901572308e-01,-2.275343239285026797e+00,5.367688989720122095e+00,3.371112109978036564e+00
2.148779282668909829e+00,9.300924694869954212e-01,4.154884420922820176e+00,3.039481768262470851e+00,-3.439287453455063925e+00,1.486697054203736101e-01
-1.641224436243308826e+00,5.175067636939728821e+00,6.094183581412265793e-01,-9.844259954398939527e-01,1.505565441357765710e+00,-2.245001136677098330e+00
-3.288874969539586246e+00,1.994410414683439048e-01,-3.431223095575401949e+00,-1.891670903714554042e+00,5.510301894015135815e+00,2.088512606603045718e+00
8.212860744941270497e-01,1.282464386651928745e+00,1.019091834332950031e+00,2.423237760215743997e+00,-4.201002857381724631e+00,-1.721278588673686771e+00
2.116042877958851598e+00,1.654473879049157103e+00,4.329997551577753789e+00,1.848309689912072784e+00,-4.004103553919015290e+00,-1.812825407412736123e+00
-1.521627782167542797e+00,6.809458096297614560e+00,4.405023842330112460e-01,2.155484013612906757e+00,-4.348994116365367368e+00,-3.067123236231583228e+00
3.322394448543820822e+00,1.208934133942523026e-01,1.960288215491438502e+00,9.536004494267213971e-01,-3.309130058029452481e-02,2.219808932067844687e+00
-2.105516726550642037e+00,4.050223092455829565e+00,4.678134418968803165e-02,-2.210786039958547722e+00,1.067568572332660892e+00,-2.006031989049040565e+00
-4.478210221268765778e-01,4.015928448480742929e+00,1.332181834222018191e+00,3.296343781577800058e+00,-4.592221106710868916e+00,-3.350055625098753431e+00
2.594009786653515448e+00,3.038590447910041736e-01,1.144089206503114964e+00,3.364274340627940951e+00,-1.117926678467780821e+00,3.269664054997895697e+00
-1.468783773329219500e+00,4.314724217913348703e+00,3.211134155477358143e-01,6.736260517771066603e-01,-2.627218801134227011e+00,-7.025655936723271822e-01
-1.058119324743770129e+00,-2.313532276130532694e-01,-3.868517044207242073e+00,-2.350422730293244555e-01,2.536169958258941648e+00,3.162874017794145232e+00
-3.109467400233421053e+00,4.926922105862362677e+00,2.529394708082555732e-01,-7.677997279437005496e-01,3.953697455753785728e-01,-1.428216991738645802e+00
1.721090214919334116e+00,5.298817984722206109e-01,3.520956889195705042e+00,-3.182519592948480636e-01,4.122587025374784275e-01,-6.914131010836896962e-01
-3.420394207886430227e+00,4.674399255963630928e+00,1.239256757172000567e+00,-3.301289668776024921e+00,1.831667577936778812e+00,-3.900454080381998700e-01
3.077593166791240620e+00,4.693401014554756667e-01,3.904747617508967039e+00,-3.184248673763001580e+00,3.746863169683979145e+00,1.401795870081575579e+00
2.823457320583652397e+00,1.518463575795943710e+00,4.957195023360122299e+00,-1.585361885768488577e+00,1.406158580130135505e+00,-1.383027382480123357e+00
2.425078296869328298e+00,-1.914519838019902165e-01,8.503786212638951847e-01,-2.315091160381023805e+00,3.884241393939536380e+00,2.656390673967064409e+00
3.327260206743508419e+00,1.226762098568858761e+00,6.307936977980540760e+00,-1.075181568425472189e+00,3.458754787288428112e+00,6.020186391887403232e-01
-1.515889645546545594e+00,5.657386019036167113e+00,3.883872381169330423e-01,-4.027951098605964120e-02,-1.487880930826068093e+00,-3.091389421849928709e+00
7.952116347182380807e-01,-3.471834811249967956e+00,-2.754714379674547242e+00,2.166531262974716654e+00,6.501410780819305568e-01,2.859233704009840338e+00
-9.919612012757381692e-01,5.756776209911977915e-01,-2.886926030478389471e+00,1.276709495520186977e+00,-1.063664487761075472e+00,1.951892943696830862e+00
-3.482859783991176794e+00,4.358922592997164891e+00,1.126584609015542249e+00,-2.516280946666780594e+00,3.175982649579827566e+00,-7.285748521066564010e-01
-2.321226435519677889e+00,5.498945483655113264e-01,-3.234113927066359917e+00,1.751634223995536921e+00,-9.746330234752385024e-01,2.073976774938876666e+00
-2.387465773472730479e+00,1.574371591284821625e-01,-3.041696174547587006e+00,-1.916989509178260942e+00,3.758438186494749367e+00,2.020374547637147522e+00
2.776692812194574422e-01,-2.994106133283809257e+00,-3.630207343123955432e+00,-2.164525192781462604e+00,6.676320127264770754e+00,3.393678907851509052e+00
8.712194491830498322e-01,-3.373661286035774864e+00,-2.434531222628718794e+00,1.593354530915467748e+00,-7.436603453229745364e-01,2.222609976079558791e+00
2.868733435777688356e+00,-1.776719964192198797e-01,1.019529922347837569e+00,-2.379329170608853516e+00,5.358873988506848818e+00,2.799528890249192159e+00
-6.530260196135082573e-01,6.015268250677516804e+00,1.818344969160544222e+00,2.544402973475820673e+00,-3.869938642436270282e+00,-1.073329903071400526e+00
-1.868690338819439134e+00,7.900723443976953586e-01,-3.754998604222044012e+00,2.732788917217695790e+00,-9.930296391654558352e-01,2.515949728009712061e+00
2.544060040130357692e+00,-2.330008261516813561e-01,9.512937642946301953e-01,1.761272392012096510e+00,-1.222014355101902927e+00,1.967759611113709894e+00
-2.409248162534806781e+00,5.520622445945444490e+00,3.648126656066011941e-01,2.842846206780384577e+00,-4.431705001871058869e+00,-2.599587269067905382e+00
1.113183244340696376e+00,-3.211441818580855756e+00,-1.874460940839248080e+00,-1.863676328226802736e+00,5.420073619205084015e+00,2.125320001368933731e+00
1.100183449840121064e+00,-2.950857137845184219e+00,-1.594143514517429416e+00,1.106139295738132411e+00,-1.236271979365306972e+00,1.881039069330771696e+00
-2.552009899690257377e+00,3.871740229634984765e+00,-9.785772076338461467e-03,1.270254101444225014e+00,-2.396759586280810872e+00,4.881846311651627524e-01
2.616857436424849581e+00,1.995733021755079717e+00,4.283214015304888100e+00,-1.835451510517656981e+00,1.221712229714221110e+00,-1.437724878428741082e+00
6.249915956228129232e-01,-8.947065920181853649e-01,-7.588622165923435414e-01,-3.499221368377844144e+00,4.784718495600327692e+00,1.472237330793537247e+00
-8.856022062563999597e-01,1.109428746187698378e-01,-3.976449779002091844e+00,-1.467144233455249580e+00,3.981944690384536578e+00,3.416730942107093938e+00
1.490736586830295529e+00,-1.752339380834174065e+00,-7.564947748773158676e-01,-1.510144336792219377e+00,4.228732692205445787e+00,2.675717229356689764e+00
2.624390013180160075e+00,2.407279717020825327e+00,4.550815948477024975e+00,-1.119234469723964231e+00,1.697670211566892684e+00,-1.358560065459145871e+00
5.585687898735196555e-01,1.913624269233991537e+00,1.433418302078906414e+00,3.353928839356323799e-01,-2.978639569854118818e+00,-2.278946057740564690e+00
7.310235732576400025e-01,9.990118743325193673e-01,2.517901004122104602e+00,2.842186569627596526e+00,-3.774188550686313093e+00,-2.960869224871403027e-01
-2.861956675517733473e+00,7.365116166620635507e-01,-3.180456985352233090e+00,-3.431911732004204296e+00,5.382141504577679925e+00,1.947424396279000547e+00
6.937246639389353930e-01,6.454470823935718471e-01,9.217389351734854852e-01,-8.555714998821057904e-01,4.693833186162778004e-01,-1.939116217771875927e+00
-3.822412376002994883e-01,2.949807649926472930e+00,4.839442718510998387e-01,-3.069174368536394581e+00,1.726940779819596372e+00,-2.058799152931193976e+00
-1.345754614250771475e+00,4.699282997155347807e+00,8.715957205944486752e-01,-2.893858435168204402e+00,1.324835834668129708e+00,-9.701713918021237504e-01
1.271246053757387529e+00,2.543235167510434991e+00,1.968221650628261044e+00,3.158769521602051711e+00,-4.038102342787659893e+00,-8.611155942628219151e-01
-1.475200431112240196e-01,3.393537155000253769e+00,8.973631158408407194e-01,3.184183623194158486e+00,-4.480252433048290683e+00,-2.617882651193423449e+00
-7.818424195300033297e-01,6.303019992505384472e+00,2.132284115385323087e-01,-3.368729663575724231e+00,1.182824862030661839e+00,-1.442013060530908497e+00
-9.124669688818989322e-01,4.356769048842837222e+00,6.478257294743724470e-01,-1.086073962041380625e-01,-7.676419270052585730e-01,-1.900041369489651188e-01
-1.613096246106657139e+00,5.532334369763494131e+00,6.720182787159602045e-01,5.112017021332437849e-02,-1.830235086985631865e+00,-2.788351748771133565e+00
-3.204782941661280748e+00,4.881184163599874282e+00,1.074537884960080181e+00,4.389505648021998496e-01,-2.615828586246329301e+00,-2.839092907002465083e-01
-1.858816453543994829e+00,4.603668882695841624e+00,8.752910934640296681e-01,1.719710178539260781e+00,-3.749350135649831550e+00,-1.382921898564104080e+00
1.887917811262695977e-02,2.736216850562037450e+00,4.211408573891730067e-01,2.272002399686758878e+00,-3.811903292429454471e+00,-6.736890752324864451e-01
-4.454848844561745125e-01,4.711593663955708777e+00,7.357566566789737195e-01,1.287136135644727730e+00,-2.811590063286078855e+00,-8.306259827965778442e-02
-2.331324758660453966e+00,1.248543930638154720e+00,-1.261589581635794044e+00,-2.824024026927109521e+00,4.065519477833822393e+00,1.248151912928050500e+00
8.637193379930261372e-01,-3.633332365095923944e+00,-3.084111815796896749e+00,-2.146880937735050399e+00,6.139709125790902888e+00,3.296096942367807259e+00
-2.806665960799342940e+00,6.756829543768670954e-01,-3.145540468360788378e+00,3.014276847257830738e+00,-1.437457028096788214e+00,2.101642750874439969e+00
-1.420050486857983074e+00,4.040902957279406849e+00,9.444085927244380563e-02,2.310446584308030182e+00,-3.831318195310513097e+00,-9.969203243647903889e-01
-2.510476815915763105e-01,3.284862493977777742e+00,1.164814931035449863e+00,-3.091202107766733320e+00,8.423535706360442132e-01,-2.795692773337301595e+00
1.850101509443264014e+00,9.236535201017871399e-01,3.929091595839935280e+00,-2.737574535913728901e+00,2.722550120867491596e+00,-1.180134935465148693e+00
1.296225818576037803e+00,-2.375630333389459725e+00,-1.185669919306593600e+00,-4.611396448497715461e-01,3.552470621021572406e+00,2.131210640463216066e+00
1.244541583307070098e+00,-3.075920108239944106e+00,-1.771126068167097500e+00,1.713831455805701509e+00,-1.008229640534142879e+00,2.829539559786439007e+00
2.550448143153297487e+00,1.234189458546933515e+00,5.663823697275225832e+00,1.574277151645282480e-01,-1.359890163958335840e+00,-7.020774361085591053e-01
2.450530763572372095e+00,6.578714868713213537e-01,5.037159796945720913e+00,2.750214268300610776e+00,-4.045244167488315945e+00,-1.105115381042691247e+00
-2.691398732557102935e+00,5.474471241376681618e+00,1.691373678629377153e+00,2.283440423988063017e+00,-3.959104527694581321e+00,-1.032760590182278726e+00
1.836341139924565269e+00,-1.210493491932505883e+00,-4.664896054150887150e-01,8.333675015446617707e-01,-3.541825096308989229e-01,2.903339737470291837e+00
-3.048137242220191112e+00,9.862577447676930120e-01,-3.952373309331661755e+00,-2.377982477872331302e-01,3.196302977181687766e+00,2.768697836734833828e+00
2.554100333586405647e+00,8.548043243151909332e-02,1.043059141271895696e+00,-8.232537626955185317e-01,4.317774386641957562e+00,3.100336139152410020e+00
-1.045186634879071264e+00,-9.608764140239156593e-02,-3.115391144837069248e+00,-3.539048327351745904e-01,3.517098611700675725e+00,2.009568276870279391e+00
-5.250714342503712828e-01,1.749903512908478787e+00,-5.843123549165747388e-01,-2.370196392903495042e+00,3.553790153897794291e+00,9.293817349736883671e-01
-3.284316692447858621e+00,4.708155910896708818e+00,1.543085450700929506e-01,7.816251583167765915e-02,-8.073635120797691966e-01,3.564095521784071963e-01
-1.249565653472247462e+00,4.688593295913720205e+00,3.136553059455843839e-01,-2.698384381312409097e+00,1.487319782639977106e+00,-2.133919537713181214e+00
-4.321387713084057225e-02,3.394001504490854693e+00,5.724275729791638012e-01,-1.051113879474614876e+00,7.408733677782646243e-01,-1.661868042008341817e+00
-1.238866449191951435e+00,2.988345763394465449e-01,-3.946183410116449686e+00,-7.850760131416407717e-01,5.823596067724750469e+00,3.106527685835854591e+00
-2.499024255453726528e+00,7.003518513011377511e-01,-3.841298678170139258e+00,-2.776505630284056281e+00,5.048485393741434457e+00,2.686350453772463176e+00
7.461893874621203793e-01,2.398322477696907651e+00,2.556089052039268950e+00,3.064016652254565543e+00,-4.563466608757638099e+00,-3.384277037988564274e+00
4.328200448601204897e-01,1.467291137226384823e+00,4.350543511401063768e-01,1.342796439888296334e-01,-3.960302627376348639e-01,3.553797475071087675e-01
3.491935459512366613e+00,3.619500164236313378e-01,4.684327412941668989e+00,2.545932877018448615e-01,-2.257698868854842722e+00,-1.488126298932507030e+00
2.249540926791279816e+00,-2.655768905010314485e-01,2.852716077367742353e-01,-2.031297043660836632e+00,5.644726672210122587e+00,3.107986626401727293e+00
2.104662707417386258e+00,9.065088563598608928e-01,3.588112603275440016e+00,9.253050476438033911e-01,-1.313863914715725612e+00,1.314700067218032231e+00
3.224250543982254413e+00,1.126456852717470536e+00,4.310666797308098985e+00,-3.066372971403792835e+00,1.516231012966482439e+00,-2.930502008588521168e+00
-2.832324903152870554e+00,3.176243261254294570e+00,-1.150582988705169285e+00,1.935720581945240326e+00,-2.056606935207583753e+00,1.237900793601967919e+00
1.510670434605470902e+00,-5.455473805660249198e-03,9.843655512359705817e-02,2.982197504451208125e+00,-7.784111727748243004e-01,2.825999861058621221e+00
-3.098809135568391326e+00,8.350064574271293116e-01,-3.853674761281706385e+00,-1.827062538726322849e-01,2.531451523793061931e+00,2.689983297967768472e+00
2.663167411871001811e+00,3.037744432412495255e-01,4.097868293634769010e+00,1.687683755569733712e+00,-3.827119043963252754e+00,-1.193501462541842084e+00
5.216148267468216915e-01,1.405631386073253664e+00,1.217686410328021385e+00,-1.398014047610982580e-01,2.836682548070101895e-02,-2.732125974068746910e+00
-3.220876174783795065e+00,4.532421096767903279e+00,-2.059937076109674137e-01,2.548873733348192339e+00,-3.618738457374260697e+00,-4.076937956141497565e-01
1.566541794113900821e+00,1.042734162067443293e+00,3.846136712893573062e+00,7.115263840802033002e-01,-3.544477032781673032e+00,-2.360423147416523371e+00
-2.671147371374228641e+00,3.808650668475263679e+00,-1.647267967544652489e-01,-3.596209173897295663e-01,-1.873813479614361288e-02,-1.898812827764041700e+00
-1.052467357608541487e+00,3.750938740529608850e+00,4.651437664410895678e-01,2.370788022748050672e+00,-3.677935220485863521e+00,-8.161114990150681869e-01
2.984066406764403823e+00,7.818556772222927664e-01,2.278859745734077791e+00,7.946379050705143499e-02,5.778875262541338653e-01,2.197060305346002274e+00
1.605810184555068076e+00,2.138242338807804455e+00,3.181062119849002112e+00,-3.021397711083617210e+00,1.802033601791112938e+00,-2.069796680105804754e+00
-2.527362075654856266e+00,-9.315048930410740891e-02,-4.036525203934308692e+00,2.857221961241747543e+00,1.969254035251029045e-01,3.015163012698727663e+00
3.214400925883483140e+00,9.333503450517198763e-01,2.404688338705152084e+00,1.408377067983712649e+00,-1.516622917429562900e+00,1.575471708942179028e+00
1.617563850743697351e+00,-7.576093056407828819e-05,6.510146129115689240e-01,-3.040666422923012036e+00,4.324015731674814234e+00,2.437324799018172783e+00
-7.280415991760595951e-01,5.305682907033187901e-01,-1.865582346649448331e+00,9.987865133359212777e-01,-1.229100841879877226e+00,1.523183944474576279e+00
-2.580033301581068361e+00,4.587419067545233986e+00,2.659079938297047030e-01,-1.568536346018234440e-02,-1.426555966321925606e+00,-2.125681267699651045e+00
1.048963941891153162e+00,5.369419399728125875e-01,1.387278436943302440e+00,-1.188504022174694530e+00,1.205036400617817360e+00,-2.898817403431555917e+00
-9.465498889600700849e-01,3.444793392490036243e+00,2.081993996082831533e-01,-2.594016946186126660e+00,1.080274822687110614e+00,-2.309017129460388507e+00
-1.527601028554736562e+00,3.739753551738013826e+00,2.240456007949325756e-01,1.032550651853241241e+00,-3.808740445942507602e+00,-2.922327652144903531e+00
-4.074790952235836095e-01,3.448729541101377638e+00,1.420536711006934905e+00,2.095869289869368046e+00,-4.028292270907599004e+00,-1.411427724788219429e+00
2.508392708858616871e+00,6.385625705828866794e-01,1.308037391759562018e+00,-1.935455716327910691e+00,4.624839727091326402e+00,3.492941020931246143e+00
-1.142234549659490561e+00,3.017157927428677944e+00,-3.686689472847583249e-02,3.369123077734753835e+00,-4.280037763510100568e+00,-1.533238933160354645e+00
-3.027320982734360122e+00,4.122731882921327973e+00,3.961810075465249659e-02,1.180100395501242794e+00,-3.199374198122441282e+00,-4.938857883196039467e-01
-1.706680091176409508e+00,6.152935390092654444e+00,2.872948052951576070e-01,2.904502329137254257e+00,-3.960110837448048482e+00,-7.428355720324160139e-01
1.028800500967150811e-01,6.936354583661135109e-01,-4.247242698224850677e-01,-2.014077712478552940e+00,3.781731461775944325e+00,1.086379254373785130e+00
-3.810400009987704451e-01,3.015996400973537384e+00,2.304481940832334985e-01,2.269598182936112707e+00,-4.154643205644084958e+00,-1.726225523322254762e+00
-9.278582037653801962e-01,5.409207211884174527e+00,1.055445196499312122e+00,1.993320969334759774e-01,-2.307115044224765210e+00,-1.596012943486272651e+00
1.629245094928933213e+00,9.118584269984337798e-01,4.236802127776307714e+00,-3.230358997602093218e+00,1.331016085732673382e+00,-1.374711158982187875e+00
1.369937757927392141e+00,2.044771285963671026e-01,1.358098437214100507e+00,1.595729745866661275e+00,-1.988763528637604860e+00,1.134265131117535574e+00
-2.257853176852910870e+00,5.330658839137194960e+00,8.030741500776452657e-01,-3.157097294220814199e+00,2.778671797254047338e+00,-9.437697360317569562e-01
-2.733196921349232866e+00,3.538602341939691254e+00,-8.096467118159589305e-03,2.039969933621803122e+00,-3.183244470573181495e+00,3.278989131674681090e-01
-2.221894867373048754e+00,5.464564329112656438e+00,9.057939663009413334e-01,1.799540295048978500e+00,-3.667987543225800007e+00,-5.560925604072983752e-01
1.854960905925116421e+00,1.589353135717683330e+00,6.316179198403524708e+00,1.900780901618532859e+00,-3.724465188318076159e+00,-8.445894961298110459e-01
2.032672301496132761e+00,7.539865105384317978e-01,4.165505912058191207e+00,-3.351677953243457075e+00,2.042679358965386882e+00,-6.995037747746843948e-01
1.396765696573233129e+00,1.101444210784245037e+00,2.829046113026086662e+00,1.103782874616942244e+00,-3.799409655857143520e+00,-2.782001271826635591e+00
3.095404262043483179e+00,3.476189445082930041e-01,5.484805964060265993e+00,2.062683203412072785e+00,-3.119772044259715216e+00,3.298605018713400838e-01
-2.702618571126607971e+00,4.342461611704829139e+00,-7.322701472787777055e-01,-3.056797818046856463e+00,3.341108806281853916e+00,9.564053758292301310e-01
-1.937313591103462906e+00,3.605497451295735178e+00,8.621972397844221425e-02,-2.509099642929655261e+00,1.583849999433847522e+00,-1.535751186111994349e+00
-2.690008402922761999e+00,3.562648912806359647e+00,-3.849475275969004018e-02,2.083144796149175804e+00,-4.049100328047797070e+00,-1.791200138279504417e+00
-3.936602954609784710e-01,3.806973322126278703e+00,5.032731758287950496e-01,-2.543501718584027405e+00,8.967466529750860449e-01,-3.043824232262989593e+00
2.242632271522984055e+00,2.048593479944800677e+00,5.009345569995568681e+00,-3.362110729476001758e+00,2.036139007526933220e+00,4.253345813178626145e-01
-2.896979925092394659e+00,6.445619813552902144e+00,6.555469683330670261e-01,-3.217458899951584517e+00,2.185191257364492490e+00,-1.074629739959078734e-01
-1.182564016652131400e+00,-4.666577175091359830e-01,-3.895289546864941332e+00,1.576328172170183173e+00,2.132872644230001669e-01,3.104935881862474822e+00
4.253222742122004796e-01,-3.202604734090068739e+00,-3.172092743668539772e+00,-3.687679605632254720e-02,3.919463563636264247e+00,2.860313000325415800e+00
2.509946656740813964e+00,-3.249848653892266626e-01,3.827708442320450488e-01,-3.002153833195400967e+00,5.187710857769352479e+00,2.641540929649497826e+00
-6.567456161730800268e-01,2.933093782334595945e-01,-3.165315686385103522e+00,8.076888038331810904e-01,-2.974289399695480007e-01,2.152111896885412712e+00
8.400485606470455835e-01,-3.512556990589193351e+00,-2.874983042856278814e+00,2.942001011192833637e+00,-6.322514760142342594e-01,2.879027914082957551e+00
-1.983451323634402463e+00,-1.465998666236866255e-01,-3.904947991536578566e+00,-2.587743878195507108e+00,5.687563060445156360e+00,2.830924269871191612e+00
-2.866908640299091537e+00,6.148753288413407958e+00,2.136423041330448580e-01,-4.416555962012442826e-01,4.423818689491476608e-01,-2.374487105168175738e+00
1.416045563669974250e+00,-2.802848493484256798e-01,-1.601298556975689902e-01,3.278507496465183024e+00,-1.214056206948999295e+00,2.451929810474219984e+00
2.947946756465332108e+00,1.826918178956765670e-01,8.761659233341521080e-01,-1.460608233626227381e+00,3.628389719735219732e+00,2.301979005208871776e+00
5.471752989303571013e-01,1.726559648659626189e+00,1.188405995256038405e+00,3.210816067075837665e+00,-4.049196788727419616e+00,-8.703948021842080607e-01
-1.602815234486985041e-01,-1.391576163113677600e+00,-3.468614732933221312e+00,2.051390052083574389e+00,-1.068618030046206036e+00,2.727394685121557139e+00
2.677203380939567445e+00,1.095223280409175270e+00,4.516536683288194354e+00,-1.695988987446117591e-01,1.347480242348812474e-01,2.357053474747230482e-01
3.104375780100290250e-01,1.141860759247686596e+00,1.156231247719754274e+00,-2.626584870424255591e+00,2.017889972241324603e+00,5.883491202665496189e-01
2.611869666190564487e+00,9.909867019354365869e-01,2.234800550872607872e+00,3.482511486160139391e+00,-1.575131982254248442e+00,2.500294616698651495e+00
-2.768906203225985685e+00,1.506658435819382635e+00,-1.824097974540824785e+00,-1.694587646562362160e-01,1.612338536730021143e+00,1.455537485906486239e+00
6.783144440997741498e-01,1.681894239585410844e+00,1.575729848550308398e+00,-2.416259534493292893e+00,1.120646550220690596e+00,-7.841393041138515763e-01
-2.726512513027444129e+00,7.140017746063593851e-01,-3.735178642267181104e+00,3.595136806291909792e-01,3.207790634795237295e-01,2.499897730057866418e+00
1.145409422276888023e+00,-3.480665449258665056e+00,-2.312236933055494159e+00,-1.601404586107100236e-01,2.345688272277221209e+00,2.811827234451039104e+00
2.344882291066615387e+00,5.787615156184409138e-01,4.363473514185293389e+00,5.178045527637209489e-01,-3.068495732197960457e+00,-1.733355020684729908e+00
-1.281457110427581370e+00,6.972564545952010029e+00,7.724301611974015991e-03,2.977612371750417708e+00,-3.947924847371703017e+00,-5.719548655022923533e-01
-8.977758662916803800e-01,4.322322146490791717e+00,8.601259813497050821e-01,-2.774797396455701559e-01,-5.286553717720066103e-01,-3.454940196153641008e+00
-3.436512231838403153e+00,4.946102273266562044e+00,7.482813693522228915e-01,-1.787439032286885610e+00,9.345263180896208333e-01,-3.485603046076062306e+00
-1.083726669266691367e+00,3.448861629130299367e+00,-1.238505129576731451e-01,2.923479594789871960e+00,-3.802773368517334607e+00,-6.219169577035712493e-01
3.443440387603909691e+00,1.709173251632676749e+00,5.764727322814003685e+00,2.903713216700838373e-01,-1.176338165424857474e+00,8.898414886861809592e-01
-1.055410839132378875e+00,4.690652756434949389e+00,9.604128532609793045e-02,3.350628026608723609e+00,-4.347763402293605139e+00,-1.733364348691319279e+00
-9.109654657294337099e-01,-1.688417601985877370e-01,-2.244149386477607422e+00,-3.123327527982245222e+00,4.739001048713272546e+00,1.783480569223154788e+00
-2.991715565286112710e+00,2.821222033027434017e-01,-4.056485979751474069e+00,-2.571103770485160922e+00,4.115085063048289804e+00,2.955678955471952918e+00
2.785374542451579671e+00,7.631333909686760508e-02,8.498881257755382945e-01,-5.345306889468828260e-01,4.625279598016565075e+00,2.568510307345819754e+00
1.001482450305800853e+00,1.493450305762834773e+00,2.575654205482781567e+00,1.590806755413949780e+00,-4.204638569416485616e+00,-3.232564954553458936e+00
-3.175163834260494866e+00,4.287542902045046844e+00,3.115074806231963866e-01,-1.787924003902975567e+00,7.721193960126503386e-01,-2.281504197558905656e+00
1.398694737681478450e-01,2.232463978142757099e+00,1.975895536190290791e+00,-1.144691178960399291e+00,1.633481977454099399e+00,-2.312209068860878070e+00
-2.000200121525085972e+00,6.045102961137970965e+00,1.218061326666227906e+00,1.652159932729302838e+00,-3.712196984719098314e+00,-8.960390698450693137e-01
-9.440598273241920246e-01,4.076165606946410946e+00,1.584574077465608744e+00,-3.341209525231910060e+00,1.950498188568744018e+00,-6.954335164068679020e-01
3.255057479447023283e+00,1.221476162750306127e+00,5.053419593805558385e+00,1.880518953394144432e+00,-4.257108780467444120e+00,-3.080704767853088111e+00
2.843040654446785886e+00,1.076542737515501003e+00,4.650982471146824615e+00,3.290488789329698349e+00,-3.135039980165784446e+00,7.546297202866361076e-01
1.570830273562683566e+00,1.538583932828200496e+00,4.029404172429851272e+00,2.375981193172409967e+00,-3.878457672133742484e+00,-7.798539101011066066e-01
9.008317365911109320e-01,-1.965625385399030645e+00,-9.799207067608259880e-01,-1.259416334562176054e+00,4.057423295065846425e+00,1.641978472372437992e+00
8.824118629538215686e-01,1.054136049056743518e+00,2.168492917898627415e+00,2.756508514885392280e+00,-3.473172460878858114e+00,1.969019368009203852e-01
1.448190445897216350e+00,1.383209870657555740e+00,4.231215382267358827e+00,1.836753734592340592e+00,-1.891049729721195671e+00,1.027706601897389049e+00
-7.078609102947095444e-01,3.961720943256937133e+00,2.826616624601341887e-01,1.099578629710032729e+00,-3.802877890876745326e+00,-2.237278417772356587e+00
-2.783661304619037491e+00,4.294690802007299801e+00,2.233666153931073706e-01,5.907739202077326723e-01,-3.360357094635326725e+00,-2.449959745563197622e+00
3.399596217434003087e+00,8.350238643744077871e-01,4.285334386873568491e+00,-1.691553884391272966e+00,3.711451336123178457e+00,8.342115388380264562e-01
9.373133121785022226e-01,-3.654182572706752730e+00,-2.977925090645658024e+00,-9.581486826682783509e-01,6.535533261837361607e+00,3.248795658852375645e+00
1.752166869073216837e+00,9.149907833467924023e-02,5.062872235466087112e-01,1.773935707977897458e+00,-1.156152970442777095e+00,2.221660970241237543e+00
2.254071186246728864e+00,1.087455468021437222e+00,5.106264752411497909e+00,-1.818814607715521170e+00,1.368526530532447438e+00,-2.153685722553151383e+00
1.467198592554892933e+00,8.699926548563285955e-01,2.761892012327236579e+00,-2.188392331629298582e-01,2.007387031430307167e-01,1.378838009979013179e-01
-2.881340849293012596e+00,9.679209214587825016e-01,-4.152897741158235512e+00,2.111564909746917351e+00,-7.342632405960130004e-01,3.261083868263978225e+00
3.047681140973848457e+00,1.237166928190140291e+00,4.982114674737146309e+00,-1.057584638350426598e+00,6.210188611118728774e-01,-9.159216590924139645e-01
-3.362277111356772430e+00,3.309764468278417304e+00,-6.742382664186065133e-01,-6.692290469745940662e-01,1.147981071620779892e+00,6.092985162785744535e-01
-2.776250017074525900e+00,1.369927292780216410e+00,-1.707670581211156113e+00,-3.056110892463312467e+00,3.586940220722968142e+00,1.513723490921677239e+00
-3.313807084325715024e+00,5.772569808725195317e-01,-3.907760310636529510e+00,1.466464315753439607e-01,8.319030947996457481e-01,2.646503589077966900e+00
1.285098050176198825e+00,1.068006206636175737e+00,2.883540973068547508e+00,2.979037276446882210e+00,-4.549893615171390238e+00,-3.404291496187485500e+00
3.403366940840284016e+00,3.296274717101714269e-01,4.140096123903685310e+00,-1.391807539920575820e+00,3.516523242665339222e+00,1.419389461106746353e+00
-2.720904804788233822e+00,3.184385401864801679e+00,-2.149700244892700507e-01,-2.298240668249133645e+00,1.762007923659555830e+00,-5.299455089989741907e-01
-1.019456976008319860e+00,4.787256550070281058e+00,7.380037468843770876e-01,2.059457187511511300e+00,-4.219273096964059278e+00,-2.252989338353065474e+00
3.249215015462670664e+00,1.054892313627212364e+00,6.993396393537144817e+00,1.177476947737306823e+00,-3.272922115632586060e+00,-5.574394035107745893e-01
7.149114667070382012e-01,1.614911309633870307e+00,1.394509360641160933e+00,2.351982395172749207e-01,-2.659720865872716722e+00,-3.217181512783228392e+00
8.088221639244430605e-02,2.549032351483626613e+00,1.657799224233720503e+00,7.534599840896110123e-01,-3.590210459401535381e+00,-2.615149061627023652e+00
-3.144428116373193749e+00,4.676202179322320518e+00,1.032603695731645344e+00,2.745560563709126711e+00,-3.934532399957627824e+00,-9.819124059450032860e-01
-2.860947129592981586e+00,1.229934451088994907e+00,-3.834009187144962194e+00,2.694868489555037883e+00,-9.615230126451012049e-01,2.625178515199404039e+00
2.006681860278238361e+00,4.486670210760890232e-02,6.994170032080726518e-02,-4.049713512547530314e-01,4.797747564697503186e+00,3.009224416560746462e+00
-2.315221446454053478e+00,6.178576755672578358e+00,7.174009599590666086e-01,2.995396748671928400e+00,-4.429777226130852341e+00,-2.417491640629726657e+00
1.639265984772945828e+00,3.311034365567087634e-01,1.055743402909418371e+00,-2.945031572907275574e+00,4.181755222385845627e+00,1.731004798020569169e+00
-1.817477621166615043e+00,4.568509230031041923e+00,2.159856549639481926e+00,-1.255735471390994729e+00,1.176825978086975422e+00,-2.913370922748962144e+00
-8.309412930743866887e-01,4.052074129726916496e+00,4.432105825598590676e-01,9.206205112496474996e-01,-3.543290712475893223e+00,-3.305056043435824709e+00
7.252498583197102278e-01,-3.240452154915914651e+00,-2.312026892068284489e+00,2.455855966442826777e+00,-1.451530557619825634e+00,1.954290879554642757e+00
-4.883415998523767954e-01,3.786933500282016585e+00,-3.890286932663336028e-01,1.466184567283056239e+00,-2.098498753868941691e+00,8.007413108326986162e-01
1.154049588700831741e+00,7.135099834332034874e-01,2.073772173471613023e+00,2.686405941398173347e+00,-3.855477994627864113e+00,-7.191992620230114319e-01
2.042342999932815317e+00,1.975222552276284516e+00,3.969825497360511601e+00,-8.952202640583566406e-01,1.591633909278489023e+00,-3.072777866744134556e+00
2.093336752080952046e+00,9.099247785307449377e-01,4.113785740945008484e+00,-1.781030805460481758e-01,9.131820226642282101e-01,-2.367996009905647181e+00
8.806335687393875844e-01,1.085062612089823020e+00,1.796430110668126634e+00,1.193239345226570158e+00,-3.651035117187455548e+00,-2.117448652841415146e+00
-1.940955051545148358e+00,8.207973666127789114e-01,-1.604080935676758690e+00,2.093472785708046402e+00,-1.956257060157611027e+00,1.378895489708559019e+00
-2.795462445873499124e+00,3.567110849042627319e+00,-3.876158273935506049e-01,-2.887197948517099100e+00,3.973255878397484064e+00,1.366789997601786766e+00
-4.202639783891743974e-01,3.745337175005468033e+00,4.158476427347860271e-01,1.985284862552211926e+00,-4.270772062656594592e+00,-3.107386238459754590e+00
8.053119268839861178e-01,9.540394581034457033e-01,1.125619430617149641e+00,-9.207205683898296300e-01,3.103911257771356791e-01,-2.028092716506929793e+00
2.874389350304758395e+00,8.342637679629779646e-01,5.695570404638886863e+00,1.640990814326800162e+00,-3.669934689764628999e+00,-5.364742938293689534e-01
-1.884490742728248902e+00,-1.993912072628277465e-01,-3.752708687669937149e+00,1.841412431956704232e+00,-1.001538954018410532e+00,2.596707977639328924e+00
1.089429926011730387e+00,-1.675923726517975165e+00,-9.239884158267919201e-01,1.316552415444157909e+00,-1.024041400045868855e+00,1.605473491361999905e+00
-2.542369333906957962e+00,6.180989638926600804e+00,1.383293660459073093e+00,1.378752441126590789e+00,-3.839251879178595228e+00,-1.452776320846246971e+00
-2.643682649919349981e+00,4.009170355777300188e+00,6.749842779339341181e-01,-3.138545650714636981e+00,1.400561906612864504e+00,-2.855095081867869311e+00
-3.317047598130619335e+00,5.241108494951048691e+00,2.117617803219824513e-01,1.499326827952708996e+00,-3.469692491636161336e+00,-6.072640058485898606e-01
-3.423827693235097946e+00,5.604181314456920582e+00,3.994408279185555077e-01,2.828314709571072783e+00,-3.242718498117669768e+00,3.721549704866982111e-01
1.386312113536014579e-02,1.361155196360324338e+00,1.496960781983676658e-01,-8.811380571558133923e-01,2.463628957394351726e+00,3.877208314958684454e-01
-1.682219637968192627e+00,5.725209505607726790e+00,5.010128932703877824e-01,3.020274867574403999e+00,-4.110996722480024346e+00,-1.150902918785610574e+00
-1.754853284515383471e+00,3.224627529799253128e-02,-2.789693368704473375e+00,2.218652034170991882e+00,-1.044474205328778105e+00,1.858799472619072191e+00
-1.046918059493243902e+00,5.094278963370252100e+00,8.018853297203659691e-01,-3.252362727731259451e+00,1.387377792412211486e+00,-4.664484473968855127e-01
2.944263232381910456e+00,1.035651445709897089e+00,4.855335006998770631e+00,1.128058538057907789e-01,-2.351755305136499441e+00,-2.082972559449216110e+00
-2.450207562132540762e+00,4.124055939584396313e+00,7.665298412046367416e-01,3.243433669907750172e+00,-4.434949201641600780e+00,-2.284136785714285356e+00
-2.002521259715777990e+00,5.164393208413884828e+00,1.912704479476469988e-01,-9.665701036089933140e-01,1.519190885757322862e+00,-2.306605619056626200e+00
3.259077069830951245e-01,1.699206416477338166e+00,7.935575789108468836e-01,-3.352622124739821352e-01,2.247396645578644048e+00,9.317956953585229130e-01
8.929988009619913569e-01,7.281764263125590775e-01,1.771847378432867659e+00,1.318173568683997487e+00,-3.513075708659167518e+00,-4.528110335152484289e-01
2.249290027130522063e+00,4.558639742227960090e-01,4.424948766509819720e+00,-3.043373654746027501e+00,3.826466553844647400e+00,1.214750485297821925e+00
-4.408351267442789378e-01,-1.408488596936463555e-02,-2.743709059678978157e+00,7.756571384081354381e-01,1.030167573428151240e-01,1.986667938371428299e+00
-2.165054326081643055e+00,4.104574933622766153e+00,1.749081904239457863e-01,-2.465387042112171301e+00,8.232276471600050716e-01,-3.396921982874875567e+00
-2.816181869081980427e+00,3.931920205000327240e+00,6.179206525417324514e-01,1.474903521650025695e+00,-3.995819738381571007e+00,-2.730052580711987975e+00
2.497076906257379214e+00,1.863873141451872995e+00,3.550036558872978532e+00,-9.900655182532305254e-01,3.062602338382207634e+00,1.819329001276281055e+00
-6.212694962163873846e-01,3.799897663095999967e+00,8.637720988762199736e-01,-2.800835432878225451e+00,1.296100817891797652e+00,-1.945852372421293275e+00
-3.415048730126161836e+00,3.626770176112981137e+00,-1.283500210017967658e-01,2.336445869800444441e+00,-3.354402486255833704e+00,1.493107976561249828e-01
-2.917568338005716910e+00,4.372686877139815742e+00,5.441282951538121138e-01,2.621685870524211204e+00,-3.673117390381022140e+00,-5.420719892261782746e-02
-3.154996708430230612e+00,3.966416924677382827e-01,-3.151978395788249454e+00,1.619733439806675612e+00,-1.230095959475201894e+00,1.965074230800179400e+00
-1.798830258926027881e+00,1.580372596349063907e-01,-3.799616951886874983e+00,7.779600763764378257e-01,8.085833846377410428e-01,2.674620196922128379e+00
-1.640885242946796385e+00,4.325317029832163485e+00,6.146593663382400319e-01,2.613936423139087140e+00,-4.485331536524451046e+00,-3.435078599383472930e+00
-3.155555907401965676e-01,-1.104571330427733145e+00,-3.571521125926071516e+00,-7.435079515913276538e-01,4.470549168524166284e+00,2.754198733049755710e+00
2.654541533087737548e+00,1.127848392215441198e+00,6.477236029355254665e+00,-3.348466170350994808e+00,4.717372071996047467e+00,7.546477538519091866e-01
8.236266574889974379e-01,-3.553756406537696755e+00,-2.984478669021361164e+00,3.492341292551151000e+00,-5.568416288618336374e-01,3.072072098656307482e+00
5.611334679553898752e-01,1.081408296036584060e+00,1.874221045659840046e+00,2.040361648780769421e+00,-4.004331695932885182e+00,-1.455172623765849771e+00
-4.641811824717994028e-01,4.502186070909964144e+00,6.763346141887572882e-01,6.080164727821060211e-01,-2.806637610811373307e+00,-5.317610441404814203e-01
1.871886055562038464e+00,9.533881925636542576e-01,3.861021925048482295e+00,-2.484091369572928532e+00,1.731013585558444312e+00,-2.681524253561669457e+00
6.315998950059036332e-01,9.149422246220254573e-01,7.762581297851531836e-01,1.604704671468397237e+00,-3.607542003167977018e+00,-9.864978144937008864e-01
-4.883291531429816423e-01,4.496726653191824852e+00,3.579912589726216288e-01,-7.646846387907952902e-01,2.262223820636833693e+00,4.573505714256338450e-01
-2.128398306933480200e+00,3.394315500949573128e+00,-7.090348942045521241e-02,-1.345954282856183681e+00,2.936187521496289143e+00,9.922643919901386056e-03
2.934574278638885758e+00,1.125409047485121938e+00,4.106413639207705302e+00,-3.556973519317661037e-01,5.266793043676796238e-01,-1.967513250633313060e+00
-2.721069360545298466e-01,2.967145693274626073e+00,-3.350587823907670293e-01,-2.615540338496424866e+00,5.354328358413496858e+00,1.085084212938457249e+00
-2.985038223761876885e+00,4.055572406384539086e+00,8.410133634800187608e-01,7.029816512889448532e-01,-3.408216305102331312e+00,-1.756128418409607761e+00
3.241326832007598746e+00,1.605200087923662533e+00,5.135963382751111084e+00,2.954659408602926973e+00,-3.864455509952938961e+00,-4.683149495888301317e-01
-2.956445638898451023e+00,3.875013440002284426e+00,-2.814626732197368919e-01,-1.561670364529955890e+00,1.667995142043635637e+00,-1.332982866821478041e+00
1.234747300809551973e+00,6.638471477685411459e-01,2.332487611436277142e+00,-3.384798874640994715e+00,2.399427032857325059e+00,2.989014359618460404e-01
-5.329156245675319425e-01,3.387569258972801034e+00,-3.308635871033928644e-01,9.745581741475719539e-01,-2.060181270203807813e+00,6.813109663818517348e-01
-1.789243067738641724e+00,-2.893526697705200990e-02,-4.099653192987066319e+00,-1.453114381791867249e+00,6.847378399546824035e+00,3.431329906570190325e+00
-1.265114313793436196e-01,3.953194151765250908e+00,7.874702335599934599e-01,8.320450060147139837e-01,-2.368052082168962347e+00,4.262950777501663957e-01
-2.514896161208075576e+00,3.466478555619934454e+00,-3.384891533564685639e-01,2.632895796127512789e+00,-3.184511633827642019e+00,5.743798587791646426e-01
3.370067277551029861e-01,2.236365232242546242e+00,1.084934935305315040e+00,2.080200483898678954e+00,-4.261067998312880967e+00,-2.762055682396474587e+00
-2.112474431563887034e+00,7.314441888879796849e+00,7.962062216127676617e-01,-3.290156939626081911e+00,1.795542256780963353e+00,-8.366634508677224247e-01
2.852652682763111791e+00,7.752357113271163280e-01,4.858292754767871813e+00,-5.134855877046464734e-01,3.044810914072357821e-01,-2.903284890885239555e+00
2.318627736289819552e+00,1.386491643849453226e+00,5.287166526075083084e+00,-3.375073232933212264e+00,2.430430046401474087e+00,-2.067875507772371613e+00
-2.756440386326334036e+00,4.539692383579131629e+00,2.196612436843524696e-01,3.352998934624832117e+00,-4.372241182558199490e+00,-1.888582055581653485e+00
1.048833684860087878e+00,-3.031925207377263121e+00,-1.638154896954576056e+00,-1.895996711285787839e-01,2.402525245619285599e+00,2.512896090080499079e+00
1.068718917273550062e-01,3.339495617386214033e+00,1.157384190040076533e+00,-3.322002376039092653e+00,1.639169874947034033e+00,-1.086167051294542496e+00
3.325259004817513464e+00,5.180449683776986447e-01,4.084975590625201214e+00,1.329935153672428427e+00,-2.717099257441908389e+00,3.937876107487729982e-01
-1.958097173483107634e+00,4.390052811347961104e+00,-4.627425057612770676e-01,-1.525280410704754397e+00,1.844690183747000445e+00,7.361732311780775362e-01
1.875243009136661421e+00,1.074691138188537565e+00,6.198037763514224530e+00,2.539715430030264010e+00,-4.438480444664265612e+00,-3.032510716586381605e+00
-2.873276827054625393e+00,1.915827316828475846e+00,-3.687912940932038364e+00,3.334386951593012682e+00,-1.063333418908687822e+00,2.492488457904253885e+00
1.418815734756933900e+00,1.250377005232352401e+00,3.601599110011045823e+00,7.205717690345139204e-01,-3.389311948595994828e+00,-2.086659861985590503e+00
-9.544999423058073695e-01,2.990617756146229933e+00,-2.230828173134452586e-01,-7.909279672054134736e-01,1.889950911097385111e+00,9.616820208960001892e-01
-1.577296130762338988e+00,7.996190651728827703e+00,1.601770851046758759e+00,-1.962909193539136510e+00,1.512958051360030254e+00,-6.742780145013740345e-01
2.029217392478909865e+00,1.648541728812333185e+00,5.994146492270743920e+00,-8.784632889395247446e-01,9.848054096860155981e-01,-6.313633566816099218e-01
2.919506376791885849e+00,6.365863315487476637e-01,2.859839073346072347e+00,-1.736934206229124866e+00,3.096343040083270992e+00,1.373348106625579490e+00
1.334601579132863591e+00,1.887432994794171703e+00,2.673679900127582609e+00,7.254591991867904710e-01,-3.591811423747541809e+00,-2.989997587932647694e+00
2.411787166606631061e+00,9.281981311620496333e-01,4.876850763565644620e+00,3.278301274726938885e+00,-4.496208545884082142e+00,-2.865424622642580132e+00
-2.429936479825275608e+00,4.763274867580312710e-01,-4.052026742793405134e+00,-7.710981987963680950e-01,4.456285447232255947e+00,3.120156141417658624e+00
-3.406178354553232257e+00,4.062560119777898215e+00,4.914694080937875853e-02,-2.196122534386634850e+00,1.535302000918919552e+00,-7.335282421846849310e-01
-1.465417272382997016e+00,1.336272468450081297e+00,-4.045244488829986551e+00,-1.544728789681289349e+00,5.965936840528673457e+00,3.408764294337244927e+00
-2.654205683284165396e-01,2.857993425325366044e+00,4.794616560658309101e-01,6.476523882196962845e-01,-2.238868037830688884e+00,2.559237209625937481e-01
1.296081830257989509e+00,6.462176703650461818e-01,1.820283785886695149e+00,-1.234406842004564631e+00,1.614300310371915126e+00,3.874676182217928755e-01
-3.248999581073575449e+00,2.946272365871234644e+00,-4.990046924643856130e-01,1.747039976214058044e+00,-3.037353918940243425e+00,5.793977118946820326e-01
2.019176404463221886e+00,2.040409198068739105e+00,4.059745242195086590e+00,7.024306312682480069e-01,-3.490182314200767077e+00,-2.352907840394875105e+00
3.096622469099621355e+00,9.936713133497792061e-01,5.682300791781151439e+00,2.773649709741491165e+00,-4.187531722373617704e+00,-1.721431743024302907e+00
-1.566579846555558708e+00,7.179102047925894681e+00,2.805634317696799052e-01,-2.056929006778283053e-01,-1.339030476453353380e-01,-2.854539802792331216e+00
1.158034317041985339e+00,-3.358923909153402221e+00,-2.042774126966792725e+00,1.879271727323803987e+00,5.947983721005958291e-01,3.298937594619804514e+00
2.663714348386798214e+00,7.263499137900060187e-01,2.150693991879299993e+00,6.459159678796533299e-01,-1.407942627170649108e-01,2.391245847908579414e+00
2.108479170438810613e+00,1.082102633067147934e+00,5.721451229452100051e+00,2.468594155080534591e+00,-2.984874130940832870e+00,5.880540648122307701e-01
2.044489893675912384e+00,3.016728058761002362e-01,7.692541318383891991e-01,-1.504892183361181246e+00,3.518345935490043708e+00,1.839721290840598655e+00
3.157965684121757377e-01,-3.092808939650832478e+00,-3.596514013775077512e+00,-1.758515326139167056e+00,6.811065991097176919e+00,3.324441919678466917e+00
1.062274159004527263e+00,-3.498536303725906738e+00,-2.376674691491510671e+00,-6.110986891106193752e-01,3.236164164757639128e+00,2.414239845243914218e+00
1.101952411085318495e-01,1.516842826588283399e+00,6.844082950767532703e-01,3.119669926092596413e-01,-1.893194028864974232e+00,-2.319971119914403523e-01
-2.945455584527784776e+00,5.006295246033594992e+00,6.203931524136578890e-01,-1.720449065256469900e+00,7.323005472169261676e-01,-3.234705715189094999e+00
-2.662108695905019751e+00,3.872426026965589685e+00,4.747953985487179951e-01,3.301772725048755852e+00,-4.305703563062697192e+00,-1.630880190860401591e+00
1.549255132104221389e+00,9.645276212859642539e-01,3.022795998476410340e+00,-5.588651277381320170e-01,1.135835663400799334e-01,-1.209874906308844977e+00
1.778746791667810356e+00,6.523223896589864790e-01,4.317066916678042432e+00,-2.891432099764128072e+00,1.237877272141171048e+00,-3.204067174737310619e+00
2.077531005703256106e+00,2.337391031748714099e+00,5.985596327112044257e+00,-1.977053665552767292e+00,1.963924591244591067e+00,9.223567630115958593e-02
1.988046711841796821e+00,6.907268794012885182e-01,4.486654276838045519e+00,2.155331604273717616e+00,-2.065410121588208359e+00,1.250458185164409208e+00
-2.723836873698655126e-01,3.429768481288174797e+00,8.444801341586287702e-01,-3.172380000961108060e+00,2.465396893137028478e+00,-9.076341031483949884e-01
2.651970378942090534e+00,3.798078926306224234e-01,3.740990368276820632e+00,-1.193700425090993722e+00,1.293112892969676686e+00,1.890744481708770408e-01
-1.816124832983778248e+00,4.852657123208223844e+00,1.412640479303825192e+00,4.639275068670292157e-01,-2.326733793326376087e+00,-5.417244412762616257e-01
-2.079370205280424155e+00,3.774054158178513418e+00,1.975507995578194842e-01,-2.352684150674852592e+00,5.534112909359498733e-01,-3.388070071219738022e+00
1.402699419235972300e+00,-2.143655436848265872e+00,-9.227529429655578763e-01,2.877376421342916935e+00,-1.406296270820922567e+00,2.362134184184126795e+00
-2.892764814848661103e+00,5.553016689401474082e+00,1.407368049018304923e-01,-4.218840784542265965e-04,-1.412953921822538650e+00,-5.650512084445336036e-01
1.172671049610260141e+00,3.473901826657828984e+00,2.326334949346861247e+00,1.995834499073135149e+00,-3.941137609076812431e+00,-1.301215166636756404e+00
-2.243598030855594505e+00,5.424750131242358719e+00,1.522814689925422460e-01,-2.075371976922629536e+00,2.362560085698423684e+00,-1.721211829841457153e+00
2.390788410708534428e+00,8.796879248027613674e-01,3.011776664537980874e+00,-2.584446073567733482e+00,2.495565071000066748e+00,1.029036383195610860e+00
-3.121220283578495902e+00,5.935198389853011847e+00,4.271700497409183228e-01,1.249856731060950743e+00,-2.466403210615453645e+00,8.706102550993195521e-01
2.063299368056922489e+00,7.491519612452841592e-01,3.837444517568090685e+00,3.267734573893825711e+00,-4.268023917817562740e+00,-1.484257234228675060e+00
7.211543325981395469e-01,8.554210685702923200e-01,1.574646294637706889e+00,-6.721091556296157066e-01,3.325937880573177630e+00,6.873625541710222109e-01
2.233948455566175717e+00,1.123803245934398287e+00,4.121209227029359212e+00,-2.201008389861023762e+00,2.253182835503834802e+00,-2.049163837031704904e+00
-1.809746663647605835e+00,4.004264849304975726e+00,4.912885198680159160e-01,1.970342369814104266e-01,-2.591031524407099162e+00,-2.950725291937001060e+00
1.956549554761407350e+00,-4.361717830316497180e-02,5.325236295544822918e-01,8.299378614984753710e-03,1.556109304020134365e+00,2.638848402106551916e+00
-2.850889856602110584e+00,2.934630166595156298e-01,-3.779935852001128804e+00,5.374488112862305655e-01,-1.416214875043930732e-02,2.495451534401810889e+00
2.622604672420282945e+00,3.563807187488813977e+00,5.621394195751394207e+00,1.652401249116110193e+00,-3.855320350349624281e+00,-1.745794837872832073e+00
-2.940513094288461637e-01,3.752561301638751345e+00,3.454684463445750753e-01,-5.422668882453658412e-01,5.326568912057922933e-01,-1.711266847807114022e+00
-1.824589536080477359e+00,4.148706373172804440e+00,1.020018571646751360e+00,-1.280058282098822886e+00,1.391225026415238375e+00,-5.706327630004381923e-01
2.347302084063173311e+00,9.189760048506200318e-01,5.350980337746718440e+00,1.766110824565371828e+00,-3.728510398921107694e+00,-8.245967460216174771e-01
2.664609798888246672e-01,7.894101986508579305e-01,1.065073441900527967e-01,-3.059420719366598540e+00,2.230875899302820375e+00,1.354411491184883687e-01
-1.502237075011228162e+00,3.875584328293386616e+00,2.125168352631414126e-01,7.570203847342824588e-01,-3.392582309303528554e+00,-1.714938418715878932e+00
2.117096505359105763e+00,1.346375310812995885e+00,5.124031287196643802e+00,2.081319777095853141e+00,-4.115435025774186073e+00,-2.207260015533813569e+00
-1.912140940992244520e+00,5.581541645010141828e-01,-2.004271521428074188e+00,-3.321583660613270705e+00,4.015905932277498813e+00,1.646066420835510691e+00
-2.922311014456537404e+00,6.215601243814019128e+00,6.599866389403359346e-01,-2.799748399436106983e+00,2.086227450001355344e+00,-2.660318651076849950e+00
3.111184014381187524e+00,7.657626447243061074e-01,4.121454800413912878e+00,1.409127226126837940e+00,-2.278554067660998772e+00,1.039619819997492201e+00
-2.800739307796140665e-02,2.807042263094923662e+00,4.003869408892746229e-01,-1.228724971584283843e+00,1.194972404950519262e+00,-1.838128266875350914e+00
-2.651344871110866475e+00,4.377832629987007174e+00,-2.494966300359878764e-01,-2.300450859371340862e+00,4.056981393878331232e+00,-1.451846469786435279e-01
-1.334379302078912310e+00,3.698943485044347002e-01,-2.170597546300995884e+00,2.172216921946379387e-01,1.248423188530141115e+00,1.626805497423906566e+00
-1.938872488689038720e+00,3.839713925919183701e-01,-3.675772924567203503e+00,-2.634631578960577425e+00,3.868709497268882913e+00,2.496412418284860379e+00
2.367181089167391228e+00,1.433332050921873435e+00,6.901937323975076310e+00,9.724575647733306738e-01,-3.663282668665728714e+00,-2.052687134890381682e+00
9.971877508543958157e-01,5.178165426545451311e-01,1.498270485457110279e+00,5.663034407631375444e-01,-2.858518616385357092e+00,-9.352041816212484093e-01
-6.985629279066123409e-01,-3.256469861983053993e-01,-3.859021846105233688e+00,-2.158232630276094799e+00,4.639642308865196796e+00,3.139016431341761226e+00
-1.287324756406729165e-01,2.525690421387635887e+00,1.572439442199275728e-01,2.775966067566974615e+00,-3.694582047460876595e+00,-5.719660209422272601e-02
-2.798171023861104167e+00,6.434620464455726108e+00,2.044443343132250845e+00,-9.247373768159476981e-01,4.364307750228472171e-01,-2.696440398146855433e+00
2.023258748824741993e+00,1.116716116817369375e+00,3.843480742656121496e+00,2.277791610445897064e+00,-4.002630405866482555e+00,-1.167415318134137348e+00
-3.693180018645998430e-01,3.673512416216770049e+00,7.880688539527246350e-01,1.712403940853183926e+00,-3.816252600799526107e+00,-1.695520248504895244e+00
1.050366378195794148e+00,5.784627012901669696e-01,3.421890040096860486e-01,-7.765251701498319115e-01,2.549972179123086935e+00,1.223302139240781905e+00
-8.150759333653105898e-01,-1.859331216806908715e-01,-3.415947164489593568e+00,-2.858354231885301022e+00,4.425839873170215100e+00,2.333447495911173952e+00
-1.367900507170002111e+00,8.788190404167064429e-01,-3.129950720272952847e+00,-3.414556701048088616e+00,4.717511793352080929e+00,2.160598159381120986e+00
2.091147061675880714e+00,1.554114695653480815e+00,4.679662126779914999e+00,-1.769204765762997233e-01,2.641867173766243582e-03,-1.675613591270697977e+00
-9.234052625010140680e-01,4.265343656228457014e+00,1.501399529582849279e+00,2.830072090280305375e+00,-4.511943673776745989e+00,-3.202317258488155183e+00
-2.510513198241595134e+00,5.204313578055053569e+00,1.762259555989651449e+00,-1.318777917397052413e+00,2.692917780751882262e+00,-3.008206328153132603e+00
-1.847112069655391098e+00,-2.809307643558176526e-01,-4.076345423265255619e+00,-2.406128532558877708e-01,5.243041499996181187e+00,3.312116922227031246e+00
-3.055516196051502043e+00,5.843868972339317125e+00,3.433054421031780379e-01,9.289650291780917613e-01,-2.735175860120090618e+00,1.043051490261470704e-02
-3.189334636826977043e+00,4.257338932017721511e+00,3.748159621831018695e-01,-2.487224998474651727e+00,2.733490937466370063e+00,-1.723842828703747720e-01
9.007327561430660268e-01,-3.400924604619561364e+00,-2.495139549711952842e+00,3.499958355382884356e+00,-9.821031462319850247e-01,2.804767715692185526e+00
3.388875873075190448e+00,2.237611990935473472e+00,7.090774590364141261e+00,-3.397899371196595464e+00,1.368000706927652077e+00,-6.808494395202808747e-01
2.009801825207524928e+00,1.370029489340135243e+00,6.649145760925941673e+00,-3.347337274583189970e+00,1.699028196143255398e+00,-5.471992237402094617e-01
2.307959652762033187e+00,1.566442362691750079e+00,4.751841874428132328e+00,8.086318561889944689e-01,-3.660407830883931624e+00,-3.042143413074726244e+00
1.895781994732660181e+00,1.146573543197896727e+00,1.428240587926611127e+00,-2.137581666306461070e+00,3.690611175712399827e+00,2.191740737536540529e+00
1.442989936889318869e+00,1.827815769426648362e+00,4.980954145861914206e+00,1.586015596161407970e+00,-3.823437188825590916e+00,-1.113482973286723521e+00
-1.306644205042666762e+00,5.917699581812184917e+00,5.148778148615630323e-01,3.261862353164454831e+00,-4.541580037402852987e+00,-3.025061328912607372e+00
-2.802458521611166375e-01,3.205387495206387882e+00,7.215962761410373849e-01,-2.588577970514535309e+00,5.667788900086703663e+00,3.594622294551133024e-01
1.542941906602680824e+00,1.930576943450173166e+00,4.562474930850953569e+00,1.807157053925286583e+00,-4.073087122935703519e+00,-2.164523904159919354e+00
-1.494132891457810697e+00,4.549533120407152964e+00,9.179845927860091903e-01,2.115766318621031594e+00,-4.120957373166318938e+00,-1.925778340531260069e+00
1.760060898451900613e-01,2.290749270825537476e+00,1.174885818260811288e+00,-5.256724886581651823e-01,-9.724835829449643421e-02,-2.112202807147700589e+00
-2.002091804294511945e+00,1.608469682778493892e-01,-3.943712409957777165e+00,1.536583842151995505e+00,-7.394116735466085277e-01,2.948177231126421383e+00
4.373785589296743659e-01,-3.066414008243503631e+00,-2.717186486171975002e+00,3.222695645328952807e+00,-8.944913520975332766e-01,2.147485436404321213e+00
1.135043933484747747e+00,-2.542924017106902301e+00,-1.220797702185621114e+00,1.865219986389732298e-01,6.962392311181178628e-02,2.043348045710802197e+00
5.876446878464003376e-01,-2.967954635108651651e+00,-2.281441008050427044e+00,-2.570153549344381005e+00,4.819099851647252741e+00,1.885107383816473359e+00
-1.445151941362711412e+00,4.739938700361831181e+00,-4.697829355248939187e-02,-2.313718193805087697e+00,2.180893995700748267e+00,-1.985586836408064215e-01
3.065898100560826123e+00,8.096380376270675416e-01,1.131123167491865811e+00,-2.242875873798686470e+00,5.645486138957467759e+00,2.184099052717624723e+00
-7.105084710825910754e-01,4.428134755518772891e+00,4.641266122502218927e-01,1.578863236351608634e-01,-1.999332810421616369e+00,-9.720610574209080923e-01
-1.093111416785591761e+00,4.034860565012405864e+00,2.524514883539943355e-01,-1.932433771357802144e+00,3.085998070677671734e+00,8.066261453114131896e-01
3.496348097373962460e+00,1.080903097196525220e+00,5.024411184965126509e+00,-2.534115537136553353e+00,1.147237992947391039e+00,-2.456045348949942309e+00
-1.865660567599906727e+00,5.466261641075032429e+00,-2.098153268809330174e-02,2.367824360423419705e+00,-4.113419847917488603e+00,-1.652069306110509617e+00
1.214112707525644375e+00,1.364910840463260167e+00,1.630879848745093286e+00,-2.832169288019490416e+00,1.770086406003790191e+00,-8.166396099321442392e-01
-9.895197726994138243e-01,2.649344609380670512e+00,-6.197492061261099527e-01,-2.400936589748105199e+00,3.572965005960109686e+00,7.770021122495558430e-01
3.475533760357527591e+00,2.017839109047401713e+00,4.600946991836165623e+00,9.450327428494587068e-01,1.335362856930235598e-01,1.589604687002318606e+00
-1.828638635432512149e+00,-3.304097918933668332e-02,-3.528677890218355984e+00,-2.097373175139609192e+00,3.968603690209197232e+00,2.226275189558215573e+00
-1.699286031372451600e+00,1.678134591753289939e+00,-1.104073189560232038e+00,1.061702040933075963e+00,-1.776312870348252027e+00,1.147328565796467359e+00
1.997076290095673556e+00,-8.445044130953657247e-01,-8.935403764106936153e-02,-1.602908507031058694e+00,3.910874562371634333e+00,3.370927423236424580e+00
-2.734569539614004618e-01,4.457789005629899215e+00,3.505637124357913192e-01,5.417655618449011001e-01,-3.230417156882331220e+00,-2.469912736966415778e+00
5.046643359931906048e-01,1.636933418732833267e+00,1.497283311544975959e+00,-3.213203999405878086e-01,1.006093692964169506e+00,1.614929768594852710e-01
-1.616828685056400650e+00,3.656649353000366531e+00,4.413583763786489422e-01,2.239314633890300499e+00,-3.804236090208900301e+00,-5.754822098231016092e-01
1.338096739649583533e-01,1.605663962783966614e+00,4.496734087517628708e-02,-2.100662275919855659e-01,6.644009648553896863e-01,7.572435056496091832e-01
-2.392516336486876227e+00,1.229067335417308726e+00,-1.434845012298850309e+00,2.843350047460139862e+00,-2.174013312284622579e+00,1.431967348886707292e+00
3.352043132681608029e+00,6.416159795409068778e-01,5.959747899569050489e+00,2.052305233829046394e+00,-2.680941691513719860e+00,8.729706007680579916e-01
1.902931386716076645e+00,1.262968237455383225e+00,3.906252095331859131e+00,-2.857325006097859887e+00,3.099807018883794285e+00,1.367120465546383556e+00
-2.614094583215379242e+00,2.248151181534181919e+00,-1.157895425808027401e+00,-3.006958986936852707e+00,3.381231340994597545e+00,1.275152001861410866e+00
-2.684855602919502537e-01,2.543419037596284848e+00,3.836530954731223741e-01,-1.247458638024856459e+00,1.518694566575994109e+00,-8.360184792363427597e-01
2.806881288816747144e+00,6.157827983901967839e-01,5.703030569439723863e+00,-1.444973878160483505e+00,1.031305185492171095e+00,-3.469752954765215502e+00
-2.070025925500077246e+00,3.456350320992577885e+00,-5.757305189369679721e-02,-1.790408856784316605e+00,1.178289675788406043e+00,-2.991132119885833163e+00
-2.288571634044047176e+00,8.359070740273997213e-01,-4.028962799397453942e+00,-1.842262134729621970e-01,2.533695944813743495e+00,3.079637369678517977e+00
2.847991563992538389e+00,6.463951125880968984e-01,6.802369013112318896e+00,3.165979066949710763e+00,-4.536854956729828636e+00,-3.055647983753837948e+00
-3.321334050457027232e+00,3.495727674122560913e+00,-9.655786922183506871e-01,7.700135850187850295e-02,-1.526372329048946153e-01,1.158665271254781359e+00
7.900600566569879746e-01,-3.343511707735603355e+00,-2.458403081352040331e+00,-2.386272013167084705e+00,4.090272382510335980e+00,2.094581399002509059e+00
8.347062703272367656e-01,2.522924744739520886e-01,7.080173409803471873e-01,2.374197749209215225e+00,-2.075634831785960976e+00,1.227500511318445398e+00
8.358277430215625969e-01,1.324437736478033534e-01,6.597127378605782688e-02,-3.026543307964408402e+00,3.971872657597597556e+00,1.438798239803131374e+00
2.300958480274544193e+00,7.727249826841067204e-01,3.924843717114687713e+00,-3.236526776932763028e+00,3.541483685736482201e+00,8.578199416173646341e-01
2.011961933929858226e+00,1.282521538137854522e+00,6.219758752800425228e+00,2.050445431526948248e+00,-4.046517849109462439e+00,-1.528506816599982443e+00
-3.044513266781886607e+00,2.532405170970483788e+00,-9.850803224158366511e-01,-1.809009170517862142e+00,3.271644185276781691e+00,1.248048749704024907e+00
3.628396695212421363e-02,2.142888568393631399e+00,3.623786455393484401e-02,2.476295145052171520e+00,-3.416341647679704607e+00,-6.887499429774912585e-02
1.194629349628173465e-01,-7.782075345479244621e-01,-1.320911408558913758e+00,-3.163113644454029760e-01,2.191341237561147626e+00,1.432998332905516037e+00
3.031359716834422180e+00,1.722382634855526895e+00,6.509884481211955176e+00,-2.360200128265621089e+00,1.528480653212508367e+00,-6.371947481595157114e-01
3.492762929985661735e+00,7.309662456155159305e-01,4.447163037476713932e+00,-3.472630282217957109e+00,5.018240749182714566e+00,1.281640075566931714e+00
-4.692293095846906681e-01,3.959681285510811666e+00,2.689178447184605858e-01,1.561221209004001409e+00,-4.222653848354764428e+00,-3.487155079545193104e+00
3.232369822909667789e+00,2.371034983500765470e-01,1.888278486870032413e+00,3.225158526832910155e+00,-1.615252092505002901e+00,1.646616777469541049e+00
-7.805405750538318976e-01,6.172545701885322700e+00,1.084285994771463812e+00,3.300519562110449279e+00,-4.356575068959003261e+00,-1.946710739051597416e+00
-1.953913684758707525e+00,7.598915645784272144e-01,-3.130895324524316958e+00,-3.061474613382796583e+00,4.028344507746299819e+00,2.058285128877501258e+00
-2.128592358659382455e-01,5.212701019559597526e+00,8.156505682346864017e-01,2.916635817521020968e+00,-3.334936263804138434e+00,4.833538551737586175e-01
-3.188977294118141348e+00,1.274951990101176102e+00,-4.160785597161174465e+00,2.609060556757063054e+00,-9.270356577170646428e-01,3.220942306757467399e+00
3.051726377381549504e-01,-2.780111053579850999e+00,-3.156814335656688453e+00,-2.558155517360032327e+00,3.976793830694064003e+00,2.607558696701086198e+00
2.703773513799134776e+00,1.432479669341767847e+00,3.903837024095324626e+00,1.914626726731516015e+00,-4.129686564841104968e+00,-2.108349737488548925e+00
-2.773528756449122223e+00,1.928804223411517971e-01,-3.487486301414561396e+00,-3.345266279982217483e+00,4.931058862845766555e+00,2.260194470321353677e+00
-1.382009905625561252e+00,4.737930115381866258e+00,8.224139199312681114e-01,1.164351131507633141e+00,-3.900913462708042179e+00,-3.438267568497143323e+00
2.254930754078155353e+00,1.055325854236649263e+00,4.716367933272151092e+00,-3.488733872094922805e+00,1.155647960117151207e+00,-1.781995927714356664e+00
-9.791549652259767811e-01,3.582677920360968216e+00,8.353504981530692763e-01,2.591524782309905461e+00,-3.997177784639280862e+00,-1.332492383820635062e+00
2.833838460445493368e+00,6.787074547800373558e-01,3.842149147413113308e+00,5.205912347225272185e-02,-7.966811991068449839e-01,1.417054704993025993e-02
3.098865671566432667e+00,1.288599348540091061e+00,4.535446037855662027e+00,-7.383931000754175855e-01,9.252924837915895706e-01,-8.428896106997836313e-01
-3.371240141007935787e+00,3.068731270129034794e+00,-3.866127046293291736e-01,-1.997828109271266417e+00,3.172557961390513270e+00,3.518046138033561476e-01
-2.601835415603601653e+00,4.394080759596160846e+00,5.034557618639580179e-01,4.022012267801362562e-01,-3.193781912958084668e+00,-2.736469000726165390e+00
1.710927753955389541e+00,8.180825185056621596e-01,3.976898797953112741e+00,-2.091813654600403360e+00,2.462708281262327326e+00,-2.008681633043593706e+00
-7.924762396485078852e-01,3.610761306727036768e+00,-2.725506362312255515e-01,3.255255818841550131e+00,-1.665820456059385446e+00,1.167832263780963054e+00
2.992674425708470309e+00,1.097810341506872511e+00,5.300451868982552384e+00,-1.009790891530747192e+00,1.055399188423511658e+00,-1.404003495672410118e+00
-2.515792359268409939e+00,6.275670139510505230e+00,5.773087698220135122e-01,-3.203308687336283267e+00,1.544053044342838632e+00,-1.234441917395995958e+00
3.429054696385901657e+00,2.422274189996490579e-01,8.273531003829496244e-01,1.279944417821790914e+00,-6.210729738802236444e-01,2.903532355579884872e+00
1.880628259484472764e+00,8.141346760518684000e-01,4.383971625907087777e+00,-5.462740349117201077e-03,-4.521235078693892628e-01,3.844522616594998610e-01
2.600094777655843181e+00,-2.211907695091219761e-01,7.780836705970284317e-01,3.023327940375624578e+00,-1.067567892188112655e+00,3.151793367410975044e+00
1.888972751507047576e-01,1.927506668189457484e+00,2.433500024172581266e-01,-2.821456084859371050e+00,4.353461683048307052e+00,5.892915815340176167e-01
-9.712477621791926197e-02,2.140338131580227010e+00,4.396414298471776894e-01,6.947582756578674079e-02,-2.038003119770173566e+00,-1.495203712105554583e+00
1.423463452402007334e+00,6.141107028984305050e-01,3.808688113628996064e+00,-2.739259131251956969e+00,1.129410049099157654e+00,-2.095968383681454661e+00
-3.152179590442643065e+00,1.493730193380212179e-01,-2.968499121296285459e+00,2.470843737856755595e+00,-1.743198749076283027e+00,1.800381971377955637e+00
3.280796934528138920e+00,1.142731411230574867e+00,6.573892307261759882e+00,3.354498084947023173e+00,-4.108557582968684230e+00,-9.603970586556154210e-01
9.672688100995117111e-01,-3.410460996443951842e+00,-2.320793022502285474e+00,-1.681305208759910297e+00,4.441789959519981679e+00,2.441902460298668309e+00
1.837256729377239495e+00,1.578744765743197886e+00,3.924705662779408577e+00,1.536118425050335468e+00,-3.186584368533325495e+00,5.053728561499015726e-02
2.662585192817868318e+00,-1.588288066595451020e-01,8.770791395097091714e-01,-1.403243021136484359e+00,4.555509997083163398e+00,2.902788585129671972e+00
-3.019540450979512958e+00,4.033639272992187053e+00,7.293012981612866374e-01,2.362726301766714165e+00,-4.372063177200021578e+00,-2.899389475057577936e+00
6.124802158938695840e-01,1.357884531409067286e+00,1.219185164662401344e-01,-9.974880682575260060e-01,3.498764699670356748e+00,7.634098362866303944e-01
-2.507622045282121181e+00,6.016432086658779710e+00,8.981543502662485690e-01,-2.524860504911338843e+00,2.391463976365884925e+00,-2.955492181980642119e+00
-2.489864249918793959e-01,3.667748235880244234e+00,3.661055781010118526e-01,-3.314892183364971601e+00,1.173511964052042833e+00,-3.303296433480813477e+00
-1.577104594378234914e+00,2.648490304299089715e+00,-8.473480373618126338e-01,-2.570417912899066071e+00,2.880584484588000205e+00,1.002717526790135594e+00
-3.309859564721451264e-01,2.797534684060732690e+00,2.171818849982544153e-01,1.334421531392627536e+00,-3.181113415593939564e+00,-3.733602341336705877e-01
1.996474452085353235e+00,9.582747898063274095e-01,3.827732826363532848e+00,1.838875465120195507e+00,-3.499674358577197886e+00,-4.403192637244019991e-01
-2.052025947588735022e+00,3.816460585700815589e+00,1.116182967122993919e-01,2.420456419699239525e+00,-4.104232174374204511e+00,-1.285638849277541240e+00
-1.408622481269641291e+00,4.917113227164145783e+00,3.320804620848454847e-01,-3.339093972076989214e+00,1.154097109332695936e+00,-2.190731875086648017e+00
-1.106176565768378861e+00,5.675540859594299548e+00,5.240952782596095538e-01,2.554253525866993613e+00,-4.098445725206959267e+00,-1.169456706068556340e+00
-5.650332626626788368e-01,6.688750882655769558e-01,-2.919803446354643839e+00,2.193715624910619333e+00,-9.397690970625720563e-01,2.006032058500312409e+00
1.918442113996303711e-01,-2.572174170311168240e+00,-3.639508228258936384e+00,-1.091134909136272313e+00,4.989959689616949134e+00,3.416195636171881489e+00
-2.728987739366495635e+00,5.734696187880284235e+00,6.165846415158373617e-01,2.603613525155741293e+00,-4.045132037042525219e+00,-1.222096677235769757e+00
-2.846511449734661969e+00,1.613323536715110862e+00,-1.507617714547184073e+00,2.616955741148226267e+00,-2.228394369450509060e+00,1.295244833483437219e+00
2.045558087203841247e+00,1.953345931246126765e+00,6.270356918113493272e+00,2.639783827539138983e+00,-3.879078669199734097e+00,-5.922627167223124545e-01
2.954222762686813830e+00,8.237835160886713970e-01,5.348218381189592918e+00,-2.531035163040578073e+00,1.464217364566775315e+00,-1.200749754516484913e+00
2.757984014933130723e+00,4.836030210801605667e-01,2.297698250658702257e+00,2.853890423255546871e+00,-1.295442804730674080e+00,2.047827293761083745e+00
-4.947502188135750600e-01,3.666952014409472049e+00,1.089472252421104237e+00,-2.906654700564349270e+00,2.631939867745718864e+00,-1.971832479414934447e+00
-4.774395221956515556e-01,-5.119578120575830615e-01,-3.101510504909261723e+00,-1.158371578402563884e-01,2.566319129228218365e+00,2.216214589019270598e+00
-4.291114694147646347e-01,3.610885530565764334e+00,4.874939358997483763e-01,-1.742541322127388437e+00,9.291482062174790668e-01,-9.256191125448722801e-01
7.704551418106735383e-01,1.433815429901148741e+00,1.303872672998621640e+00,3.066000069576547027e+00,-4.088812497257777068e+00,-8.699607409568361760e-01
-1.599474017326920183e+00,6.318816442565563518e-01,-2.998784663928630856e+00,-1.726457364118141768e+00,5.639234090159096269e+00,2.075729390304251964e+00
2.972074320739916509e+00,7.641530495562649516e-01,5.225411101267106062e+00,1.779441706044130989e+00,-4.037794515079558444e+00,-2.247202477170795909e+00
-1.705909575466347583e+00,4.567308444191660044e+00,2.057775567111538861e-01,-2.542253699065577521e-01,-1.170233801268545371e-01,-9.584357708659032582e-01
-1.385727213470468122e+00,6.044610004440110984e+00,5.479113402126979393e-01,1.441155598142538352e+00,-3.165005948031416771e+00,-3.754063192384506920e-01
-1.632766061002441038e+00,1.904499348586150997e+00,-1.079601910987572522e+00,-1.636670132107910902e+00,3.254714186663763886e+00,1.154035553060886343e+00
-1.452868252863819265e-01,-1.314870428027404170e+00,-3.441748899808725781e+00,-2.949199454186264280e+00,5.256650132333806624e+00,2.584483229235081225e+00
2.641899693715423325e+00,1.366025820170993832e+00,5.233223016896173085e+00,-1.620480074968586148e+00,2.193913644411433772e+00,-1.878781934164867717e+00
-5.977367334454486425e-02,2.435976248536340982e+00,1.044772941518087306e+00,-4.630709721014665270e-01,4.039210633802559069e-01,-1.634654662328380414e+00
2.044064674208856403e+00,6.680843281755459717e-01,5.188897697885730409e+00,-6.998919892122406061e-01,1.523284867337648951e-01,-1.782997512726013145e+00
-2.302179531553930403e+00,4.281559477013013648e+00,-2.073330970641402704e-01,-2.399678446187566205e+00,2.633789897473749253e+00,1.188430212297426181e+00
-1.172418113663864947e+00,5.416567723343376883e+00,8.728806938552188255e-01,-1.085449383133298973e+00,1.289976706358576086e+00,-3.300735098801443446e+00
-3.956248652504785746e-01,4.092721969313797281e+00,1.560723550924611347e+00,-2.979818159271646394e+00,1.322942227666770609e+00,-1.339611470577359853e+00
-1.347320132837835693e+00,3.790802734070153335e+00,-4.488334497706960025e-01,1.803810307198409291e+00,-2.867194187962680996e+00,6.596169156555644619e-01
-2.060152960260094090e+00,3.567991678244988307e+00,-8.880559296286497095e-02,-1.194792663837229707e+00,1.080356668395003883e+00,-3.278488023006471686e-01
1.726573404112426324e+00,1.149531649768953168e+00,3.566059703996758312e+00,1.491719185735902897e+00,-3.643826934846758903e+00,-8.860278849838501003e-01
-3.002250916710307305e+00,1.862474478631834574e+00,-2.822082492825826350e+00,7.852367312783137265e-01,-8.372080852916086169e-01,1.748088414113163402e+00
-3.495983477583048504e+00,6.443444428251694944e+00,5.887215521456474754e-01,-2.078598283922021395e+00,2.944371322935204205e+00,-1.470392082174670101e+00
-1.910627959896880057e+00,4.427555392200075879e+00,2.593763956463963183e+00,1.068091674089574283e+00,-3.663717446299991742e+00,-1.966477281175235126e+00
8.223366389004764798e-01,8.557529639906619190e-02,-9.232300350083488816e-02,2.317265770738901942e+00,-2.000168466453101423e+00,1.253356193001428309e+00
8.297267295235704054e-01,-3.490475651044409933e+00,-2.815814162861633108e+00,2.074122257514757095e+00,-2.483695757726106512e-01,2.653336439968944305e+00
2.056036180332259988e+00,1.113329780310805095e+00,5.646533746009516186e+00,-9.508255905877449621e-02,-7.959888630297869971e-01,-2.003316261239760365e-01
6.410715797361046242e-01,1.660204139463622441e+00,1.290485844072291499e+00,-5.483112726124348413e-01,8.806416867732216325e-01,3.195572462778439871e-02
-4.513619065644016715e-01,4.166136605214096456e+00,2.861537678229740811e-01,-9.708954686355655284e-01,2.422877132573192149e+00,-8.196463431575016223e-01
8.079277678332363877e-02,1.839402952593578888e+00,5.332962088716930449e-01,1.523111726871350768e+00,-2.252357406099750659e+00,1.040855298644832061e+00
2.416988411246941304e+00,1.201113613241558742e+00,4.599720182469893892e+00,5.257505165855489437e-01,-2.400294297010577615e+00,-2.093783483259898937e-01
-3.963698054606510368e-01,3.481695620146109782e+00,4.513401312946064281e-01,2.409665758649188305e+00,-3.645876597031730171e+00,-6.600772487787733844e-01
8.983489847209060741e-01,-3.555288565864480610e+00,-2.864807953953368180e+00,2.188530932854013678e+00,-8.709428727943069326e-01,3.495983836845108605e+00
-2.722082691259394505e+00,8.964400437204310679e-01,-2.584023388802191512e+00,-1.204257409080060626e+00,3.434590182656386492e+00,1.683244636498270275e+00
2.284724529910216795e+00,4.438666525848337097e-01,4.329774666010592021e+00,3.049396473410329378e+00,-3.954026449666517617e+00,-8.671900800123601982e-01
2.521659855122679872e-01,2.527217221023156934e+00,4.510807441728042488e-01,-1.620385562663461565e+00,1.955365253116748470e+00,-2.244168655889288821e+00
-1.738289002160567698e+00,3.802114639969941035e+00,6.386218038259346141e-03,1.599631793700539539e+00,-4.036026168970362704e+00,-2.172406779179522296e+00
8.459248523956048871e-01,-3.537058004114671750e+00,-2.910428739666959697e+00,3.171897498464263165e+00,-3.746712642832188411e-01,3.371405414054713390e+00
-1.150866341172482876e-01,-1.262069635005439672e+00,-2.478044080635466440e+00,-1.239704210960032693e+00,6.928103863959451658e+00,1.757262043943208063e+00
-2.764655579597236734e+00,4.558881869827490441e+00,8.513579161565002495e-01,-3.138637272481775931e+00,1.132032758919010007e+00,-2.456471733770962729e+00
-1.167854107356179227e+00,3.506017793609657929e+00,-1.691683333578139492e-01,2.472096782087868760e+00,-3.303050737143011339e+00,1.717532671387806964e-01
-5.482640190084384635e-01,2.035631054272078355e+00,-1.013565744603405649e+00,1.108665490234782780e+00,-1.468022854162885693e+00,1.275105753718372981e+00
-5.426478858722560972e-01,4.286452748001359225e+00,1.819103200866365899e+00,2.184595692363717312e+00,-4.048220150503319736e+00,-1.249450819784724942e+00
-3.437717476872935940e+00,5.345100429140884124e+00,4.110874181226190638e-01,2.359108761668272436e+00,-3.538149924803916768e+00,-5.035305073519795727e-01
1.568220806220997687e+00,-1.167098233814153563e+00,-5.234646151752082588e-01,2.011843808466178274e+00,-2.418676858408392860e-01,2.879724965442666651e+00
-2.115828993417169457e+00,3.922017519526794338e+00,5.927146448154319014e-02,-1.047487494936484964e+00,1.974951947092891569e+00,5.189621219313034217e-01
3.847141120714439033e-01,-3.093988455449736996e+00,-3.257878405825239465e+00,3.089246464762614330e+00,-4.954646818019113885e-01,2.646710034321975158e+00
-1.987820791430639611e+00,4.306034712891263494e-01,-3.870797939003831623e+00,3.162025470686328887e+00,-2.949942071742646110e-01,2.762754257916247624e+00
-1.305703813168029193e+00,-2.776534251347724247e-01,-4.040044600745292591e+00,-1.262285071615942833e-01,3.617962365450233531e+00,3.380961769196972888e+00
-1.708685862751382345e-01,2.574188494158930585e+00,3.692226401673153746e-01,1.166921979676842192e+00,-3.732378321147634015e+00,-2.175580243187270391e+00
-2.472239566577529857e-01,2.488228769907758764e+00,-3.143218366760019977e-02,-1.622403901949227567e-01,4.381373695652660549e-01,5.797754293945622805e-01
2.625217299747822253e+00,1.342038739804986225e+00,4.649405398716385918e+00,-3.463830835612745851e+00,1.911669738304825783e+00,-3.367252614166764690e+00
-6.150533129565158852e-01,3.718630573055963229e+00,1.098235295946131007e+00,6.464508384730427437e-02,-1.158207398935797050e+00,-7.546622529982296435e-01
-1.003849821510502949e+00,5.203140407805555867e+00,4.970503148858341214e-01,-3.317180074624722863e+00,1.053518440948644441e+00,-1.938532580575988318e+00
-3.659470720505373365e-01,1.282848625727854852e+00,-1.502446139391696134e+00,-1.364453183414360726e+00,3.432665598650564309e+00,1.511817229840752397e+00
1.667170183187439036e+00,1.007375231463247367e+00,3.711345169992600113e+00,-2.736516534838949521e+00,1.109821756618564192e+00,-2.681795529663592248e+00
2.259091510767571087e+00,1.845397037332883627e+00,4.967610037138516788e+00,-1.393897642297636352e+00,3.227251227270324097e-01,-3.144695517029794107e+00
-1.059468511157511728e+00,1.607574352551255359e-01,-3.708921269631628270e+00,2.456329739768064790e+00,-8.976883415075083139e-01,2.618027672748271861e+00
8.539572264420725034e-01,1.160338948470447940e-01,3.455399146407674149e-02,3.157103039897532604e+00,-2.051830768796722104e+00,1.051351801515736817e+00
2.739795766636344609e+00,5.416966555699336272e-01,2.341659796537615357e+00,3.077046843098708351e+00,-1.234928810140006439e+00,1.496526031334965978e+00
-2.758519490744739233e+00,3.727816790414693937e+00,1.460899953037168575e-01,-2.707447203958147419e+00,1.151822057940759425e+00,-3.345044608486120286e+00
-2.354135124287035197e+00,7.019558607096541891e+00,7.202518251085561207e-01,-4.635561002409818165e-01,-1.931513157280999038e-01,-3.043921755089815662e+00
2.775055785498900640e+00,2.398975327186959383e+00,5.235999957789242210e+00,-1.158368528573719303e+00,1.188550538526732536e+00,-5.348643877953738190e-01
1.567847838656879489e+00,-8.218446877724910893e-01,-5.894578449312806168e-01,3.695680829451251093e-01,8.824984319024804513e-01,2.712621770292548362e+00
1.062589120125343456e+00,-2.633521032926355421e+00,-1.326171513737390395e+00,-1.199968343861819164e-01,1.750738821286488278e+00,1.986947465803316604e+00
-2.480876975466390189e+00,4.899496903881159326e+00,3.732856020674393260e-01,-3.427838891562076995e+00,1.529093010410338849e+00,-3.150086708882840814e+00
1.045066039778150824e+00,7.368491919173670857e-01,2.060379970766745839e+00,-4.638305545070489089e-01,5.622932208614812577e-01,-1.736960330794522500e+00
-2.421682032808265106e+00,5.426512612125234947e-01,-3.633676881187409613e+00,2.591425830001103492e+00,-1.273398008291420469e+00,2.351048862197165690e+00
1.056152220683411969e+00,1.210281665674947327e+00,1.508047967423278291e+00,-2.352940558897666179e+00,2.616871632110597368e+00,-2.357043566390033540e-01
3.034187516544206709e+00,1.686810054983362672e+00,7.507859162734705549e+00,1.374035633949217683e-01,-2.494166078929282993e+00,-2.758413363463867896e+00
-7.422272897002901715e-01,2.918727736796779659e+00,7.045984836406621321e-02,-2.644012936044852768e+00,1.709822145951630512e+00,-1.315190354438492193e+00
3.376353198466765626e+00,4.024814966986642872e-01,1.165138507773758603e+00,-1.901125340625736015e+00,4.277258375489980224e+00,3.463178472045244760e+00
3.253475673047999450e+00,7.390369945347254887e-01,4.728570270616700100e+00,1.747031123932008434e+00,-3.736937228430574631e+00,-1.024213854687038072e+00
3.314939464238138456e+00,4.123222889073476227e-01,4.979681505230449723e+00,2.692195486509531221e+00,-4.207787646057965958e+00,-1.486516321089721870e+00
1.625168036248965997e+00,9.501189167245600586e-01,3.867663175111105467e+00,1.382063221151550891e+00,-3.456888531406689502e+00,-7.368134243045276754e-01
1.670034744770910962e+00,9.578260529314617244e-01,3.235475727113162669e+00,2.901168244136172802e+00,-3.671983526045071944e+00,-4.065927230018417937e-01
-1.645600799830696515e+00,6.853593645320319450e-01,-3.749295018672029745e+00,-1.130102387748291637e+00,4.576064175214529683e+00,2.548283933396292333e+00
2.192812060227232962e+00,8.218724533455061820e-01,4.066923820940450796e+00,1.114224079404789514e+00,-1.950711229661508117e+00,1.049983209022835595e+00
-1.847963499312873292e+00,4.372782084770377331e+00,1.077524422371251012e+00,3.376487678912821089e+00,-4.389346737488005523e+00,-2.014530915021556012e+00
-3.733057885297879075e-01,3.498154525969963125e+00,-1.318660566309760029e-01,-1.563959382845098167e+00,2.252788681716538566e+00,6.606359985309699923e-01
5.707141628983238846e-01,-3.349777747409302009e+00,-3.083850147677428932e+00,-2.668557086846960136e+00,4.394863111554179191e+00,2.643668276572824105e+00
2.874834193424855577e-01,2.614740376049551340e+00,8.906519816019120572e-01,1.371500148717554879e-01,-1.501511465965374104e+00,2.079533067603973606e-01
1.912961705966405468e+00,-7.734113217138122165e-02,4.914227680032997592e-01,-2.434295730811466996e+00,3.911485821790572359e+00,2.301000897517426758e+00
-1.760591737737415841e+00,5.410139240576462782e+00,-2.120406887296896192e-01,-3.393657404732309590e+00,2.727361109260042937e+00,1.158040742982278104e-01
-1.204618088381780971e+00,3.789336986531488094e+00,-2.296444212910524196e-01,1.594825213235989025e+00,-3.435620972445199595e+00,-2.170022093794559126e-01
-1.774082345433783292e+00,3.105971456719561985e+00,-2.568979408827198330e-01,-3.071167021801719965e+00,2.139220959144219503e+00,-1.127984478046450967e-01
1.652784182816796843e+00,2.567557719018108031e+00,3.825873580816164132e+00,-3.289696707838423162e+00,1.874272883283232494e+00,-1.443033713454985101e+00
-2.642834569214785212e+00,4.818004583950104003e-01,-3.331720806554744563e+00,8.416011956559596996e-01,-6.494439233463680239e-01,2.204496650418547254e+00
-8.156307606319312953e-02,-1.582678129071592776e+00,-3.194437137075724742e+00,2.314975172881574395e+00,-9.889973660332718186e-01,2.461291667339157385e+00
1.154490072703159065e+00,9.783775366990150602e-01,4.052174003499737331e+00,8.044489666921048610e-01,-3.634672659615492130e+00,-2.888401384435962171e+00
3.109001832332790372e+00,9.042069473947440539e-01,5.501870410652079713e+00,4.619414629028097963e-01,-2.711031986734295796e+00,-7.942869840495263567e-01
-6.039742313268106066e-01,4.188212025278486017e+00,7.348159467860015948e-01,-6.058959527321587935e-01,1.127818833082030459e+00,3.730898751412308201e-01
-2.197471725045650359e+00,1.340651809994719557e+00,-2.194219779034038975e+00,-1.453641239221743486e+00,6.874916067625355787e+00,1.610303266229919039e+00
1.114723197406312316e+00,5.154952094569842380e-01,1.955717540031273405e+00,-4.851445190706389354e-01,5.690439047346862456e-01,6.218885042824506826e-02
-2.955126568616517346e-03,2.568147279197252608e+00,1.643123683080656705e-01,-3.071739903057437715e-01,2.425789355076525933e+00,5.076474715942209670e-01
9.718506149942474082e-02,-2.277381235111175073e+00,-2.777807318706143391e+00,-2.112312184786416580e+00,3.921310183594271415e+00,1.981972270414268600e+00
-2.686170171843756282e+00,1.499350199812531148e+00,-1.057670449998100226e+00,-1.629688740791574553e+00,4.768621983448911195e+00,1.303199385134293564e+00
9.069401885380079520e-01,1.293166427694832921e+00,2.433022656471966805e+00,3.297194051654296132e+00,-3.848041767602271790e+00,-2.499226968342727062e-01
-7.322929351465701231e-01,-1.440593468890727369e-01,-2.634416747322936292e+00,1.839006999884048810e+00,-1.384507404770178196e+00,1.790757020237314201e+00
-1.483219876771169510e+00,9.232921607728815372e-02,-2.624235807663910514e+00,2.868053714372182483e+00,-1.600075746004737898e+00,1.721851614536659802e+00
2.676251083839671807e+00,1.345036557996037940e+00,3.569194037083267546e+00,-3.441540709320967117e+00,2.763048663460199617e+00,6.311224291867647551e-01
-1.957462488692180091e+00,4.278082580741310537e+00,3.245219005576163163e-01,2.055884214705918644e+00,-3.506448940434528705e+00,-1.956830136346248139e-01
-5.433107586245657927e-01,4.608277565602932668e+00,1.402831779028930193e-01,2.755899813704809631e-01,-2.101443645997018717e+00,-1.259346736395455135e+00
-3.411261256998927571e-01,3.773794585803210477e+00,8.794717598395939140e-01,-1.461991883149468929e+00,1.940277620273738179e+00,-6.744517388904682775e-01
-1.012306307939264016e+00,3.332028734882987120e+00,3.991130089393343794e-01,-2.198044069780425325e+00,8.267486450851530000e-01,-3.056879538313275635e+00
2.546508664467306282e+00,1.314816363201777527e+00,6.588966436117922321e+00,-3.105836054346751141e+00,1.260267489876705227e+00,-1.503524476340042382e+00
-1.825478298340443395e+00,5.149166593168832406e+00,2.551701107480581765e-01,-3.464885117441191653e+00,1.814279232745200865e+00,-3.348078005907026533e+00
3.061074337557676550e+00,1.055969337604946379e+00,4.942446904418831721e+00,-2.639555107643660747e-01,1.568626257755461273e+00,8.590860380892397785e-01
3.478488354797509174e+00,6.420433349665808365e-01,6.750061527290656116e+00,1.464522487440664378e+00,-4.016390357657692256e+00,-2.694855758536073953e+00
3.014953711256597835e+00,7.881260473443949532e-01,5.999010755479758039e+00,-3.346084217817428375e+00,2.600621240714647175e+00,-1.255035287355000140e+00
2.223069742221519540e+00,3.018930086877032348e+00,6.290344440576808083e+00,-2.571592907646293558e+00,1.396318115297149332e+00,-1.202591205700432653e+00
-9.542573828716673923e-01,2.954930832391923223e-01,-3.546156372925811873e+00,1.368904581720742364e+00,-2.548507908756336704e-02,2.427946505163570912e+00
1.461489595127435592e+00,-1.994572144725867080e+00,-8.466294058817699364e-01,-3.131554945691950476e+00,4.401857964150011959e+00,2.640030235101977318e+00
-1.020118022433568861e+00,5.809287134092630644e+00,2.028848244998706085e-01,1.022332980625658472e+00,-3.412572343916251416e+00,-7.950240996190514053e-01
-2.730072965697468934e+00,3.364296663954241318e+00,-3.558001578204346149e-01,-1.974055092451231452e+00,2.677476768622805814e+00,5.508837001193613858e-01
-1.532261508943925321e+00,4.878215949626790504e+00,-3.462096522533841814e-01,1.475874709875846236e-02,-1.084144305114443485e+00,1.126039944830248274e-01
-1.777060951789768417e-01,2.724266051903919461e+00,3.467372634058466518e-01,-8.663391919839460442e-01,5.464431770953391831e-01,-1.583367862005830240e+00
-6.985322838565055648e-01,2.947225267788402547e+00,-3.636091275513022025e-01,-1.552190614356016685e+00,1.569270175414591018e+00,3.878190366611127260e-01
-1.481915237264415097e+00,6.970040143379741870e+00,3.355476949034373879e-01,-3.204075669069709420e+00,2.082997372853076623e+00,-6.686294187863817129e-01
2.210387631256367946e+00,1.808967379587297364e+00,7.302196043158383887e+00,-1.083667397016894629e+00,9.596434179581371238e-01,-1.158443398366317822e+00
2.987902977226643664e+00,6.893283828245758693e-01,4.955066574938296498e+00,1.306764932129201640e+00,-3.993253080301848890e+00,-2.824315495413811661e+00
-1.563383072229564075e+00,2.972583168781418816e+00,-5.992788573331320201e-01,-1.178307855358677880e+00,2.575630473408823562e+00,1.206093151674807018e+00
-2.841067391741714410e+00,7.482031318477722515e+00,7.678741933405291986e-01,-3.417060071075669114e+00,1.718622382914571922e+00,-2.822766317537572345e+00
5.746292483156354436e-01,1.536112059469143531e+00,1.098650449128333317e+00,1.628694010019715144e+00,-4.136729714320090068e+00,-2.802913311059893609e+00
-1.453511615791257316e+00,4.088465382579700602e+00,5.438433808439868677e-02,-2.631315994399324509e+00,2.333447047189267654e+00,-4.022807649942095054e-02
-8.919026764500053162e-01,-2.595152484951890326e-02,-3.623707888972004465e+00,-2.492061611514196695e+00,5.654130841941876540e+00,2.657155424826135537e+00
-9.632936234861078084e-01,2.613118042840927302e+00,-9.200424910029135761e-01,1.212716830430435877e+00,-1.759055212953262615e+00,1.216641461574730521e+00
-1.583824949251792402e+00,4.230472816651309031e+00,1.178427019250361196e+00,1.225600933639029222e+00,-3.387202265711560134e+00,-3.362529718417679447e-01
-1.469804792640492241e+00,4.145184773513479470e+00,3.423047975263045495e-01,-1.770675034369650902e-02,-8.013910860083963694e-01,-1.781753218930535176e+00
2.261259007755120010e+00,1.118892758682444644e+00,4.309274743078786329e+00,2.723996769168413046e-01,-2.648594350216730842e+00,-1.459523006930722122e+00
1.379087383449260962e+00,6.911730869864819438e-01,3.757394543210088589e+00,2.123111945900260089e+00,-4.268389930887073191e+00,-2.654023488213225868e+00
2.810761793292487987e+00,9.445397394733745511e-01,5.908729229355110135e+00,7.684822033973865985e-01,-3.476585111295612318e+00,-2.051866693266648944e+00
-1.839418279073518292e+00,3.396814656939167731e-01,-2.861121124704099294e+00,1.686923779729057493e+00,-1.038666245943533628e+00,1.896101979323863596e+00
-3.050901575850287983e+00,5.245057513539674865e-01,-3.577171748219083458e+00,-5.579074709099529628e-02,1.736277493495901769e+00,2.262281130598624124e+00
-1.747481520941996269e+00,3.557297839528603234e+00,-3.371581772208722683e-01,2.468281035514791277e+00,-3.323147962525612620e+00,8.536942674612024717e-02
1.299535305790416650e+00,1.693619422539987651e+00,2.510220398784364093e+00,-3.227042899177378299e+00,2.513421981452101051e+00,-2.950450923884599508e+00
3.057766796955760924e+00,1.295595893051599168e+00,3.019766656367366409e+00,3.383054515141909135e+00,-2.251687395642756329e+00,1.411740325203203028e+00
-2.090768768449241755e+00,-1.935589643324254761e-01,-4.007168661307233926e+00,1.090637780639859500e+00,-1.803909867848384474e-01,3.022540972754738320e+00
2.107506240108394380e-01,2.185493079806954952e+00,7.431500642788217981e-01,-1.625832578987546295e+00,4.968765038951161728e+00,7.396638560339257040e-01
3.227886637092268529e+00,9.211196301613400195e-01,9.005186811346675313e+00,9.562492479865403183e-01,-2.991036486380844739e+00,-2.224982357139779765e-01
-2.773312154095323834e+00,5.795830913294107489e+00,-6.836390471283412817e-03,2.630448318800501895e+00,-4.397911253811770393e+00,-2.776403818060953377e+00
2.244793503834935144e+00,7.415047269818252351e-01,4.371936576914427164e+00,-7.004170647990459742e-01,2.551683573015909534e+00,-1.227743785299169055e+00
-9.371366703883055038e-01,3.484613188584531507e+00,2.642579768931201389e-01,-2.392391523042704637e+00,1.561291337007076230e+00,-2.578647449629000832e+00
1.535791177392666462e+00,6.075485406308966940e-01,3.262314204211139934e+00,-4.376839411139767932e-01,1.227458773667516323e-01,-1.757825644894880357e+00
-2.300812888055752126e+00,4.774767301655782781e+00,2.845164711892786968e-01,1.909486701220917126e+00,-4.155421215046136041e+00,-2.493874541966384584e+00
2.975407521432900992e+00,4.065374610029799940e-01,1.626200582536725836e+00,-3.104043867100964249e+00,5.599338467209666881e+00,2.192660873723561998e+00
4.956043106443832613e-01,-2.777894316360736582e+00,-1.938917608021385686e+00,-6.193633344309423805e-01,5.547394603381732736e+00,1.838143689692311789e+00
-1.031692839869245315e+00,5.550590713049055935e+00,2.662748757712776193e-01,1.319760963096381801e+00,-3.674008500520494991e+00,-1.259223988956151619e+00
-2.676257734561270141e+00,4.565414539575977926e-02,-3.685795473434345215e+00,5.489340070816934869e-01,-4.309790718493948791e-01,2.352050608324860903e+00
2.703010082391082314e+00,5.057890421107469336e-02,1.077441007763284109e+00,-2.151739720643185194e+00,4.401567906324731716e+00,2.351684363343533590e+00
6.575982479218387411e-01,1.145256874266466163e+00,1.348354680938848915e+00,-3.137856951583226639e-01,-2.660713824277594064e-02,-2.173954303895069273e+00
-1.173821252560056649e+00,4.179749237379076554e+00,4.474423258261226444e-01,-1.054908940981636345e+00,2.053994006290153607e+00,-5.191230480346011866e-01
-2.219602936847520080e+00,5.992985757536187563e+00,4.249279002148054207e-01,2.388045391678352836e+00,-3.124015571454700879e+00,5.166829479546395376e-01
1.133077720332806848e+00,9.964839022556606363e-01,1.542103551274811135e+00,2.758818202936270225e+00,-4.078733861170305453e+00,-9.956739653243040777e-01
-3.133309292846251370e+00,3.481543753886185311e+00,-1.377559607218352689e-01,-9.637984817951816829e-01,2.921198676644390257e+00,4.048046463546421947e-01
5.159363891910011546e-01,1.164748106416387152e+00,1.178972938763930278e+00,9.748396214462307086e-01,-3.723781828737267929e+00,-2.377483267239929088e+00
-1.727704185246006219e-01,1.802901356727065085e+00,-1.727523494960565564e-01,9.698638435831075100e-01,-2.029965663958066102e+00,5.290202530015530868e-01
1.222282761566169995e+00,7.849415446636430760e-01,1.921463161068470926e+00,1.435891508228464453e+00,-3.985574694959371556e+00,-2.464815726058710244e+00
-1.756903256454293238e+00,3.409407318195920134e+00,3.381235497042304194e-01,-8.140931987313178020e-01,3.192300875999484200e-01,-1.439331693238433019e+00
-8.178172588886720717e-01,3.177152493204123296e+00,2.995179790750119864e-01,-1.816637398529959091e+00,1.537852867848483296e+00,-3.472080389873537953e+00
-2.614757628485518737e+00,5.239579784982915989e+00,7.913787498709839996e-02,3.146553108153621103e+00,-4.393331490686374963e+00,-2.171818956907690890e+00
1.313118701299421431e+00,7.620388653864387241e-01,3.258309511609977172e+00,2.030433217549235891e+00,-4.200575864738214982e+00,-2.740077361179730886e+00
2.209453464582438187e+00,7.585292654832122006e-01,1.162558275035330935e+00,-3.243717426891583600e-01,2.737982862404531481e+00,2.501354902074604425e+00
6.341706698365712214e-01,-3.112597158920740625e+00,-2.351713703277484413e+00,1.976422090545515431e-02,1.921154543448018170e+00,2.107939324228225608e+00
