3.016521050865743625e-01,3.321496928223554690e+00,-1.955867106427529034e+00,2.980247349474333785e+00,-4.298952438193059500e+00,6.166844707750231969e+00
3.378628366293021656e-01,-1.717372600933356086e+00,-2.998719387513467449e+00,5.141926550216473046e+00,-4.398590530436368162e+00,6.573524261021481685e+00
-1.919479003003455420e+00,7.757415074206699401e-01,-1.309510957873063042e+00,3.277946815132423808e+00,9.353906805311764661e-01,2.969931717527094506e+00
-2.875275823331134184e+00,1.290059172779742802e+00,1.837761750899554514e+00,-3.955978653327189565e-01,8.023433141267478419e+00,-3.967061281973387032e+00
-3.369126233398036518e-01,7.927447233358622114e-01,8.265301891233161058e-01,-3.880846573523133447e-02,-1.684404117703949044e+00,9.585859061167238959e-01
1.913691574881435820e+00,-2.141968847287276656e+00,-1.123874231908553067e+00,-1.809700862628849105e+00,-4.501568174455976568e+00,6.165301319042160166e-01
1.274802548637720356e+00,1.976248675527892296e+00,-3.314933974015607632e+00,2.857531063349354028e+00,-4.692967900830202765e+00,5.487827373183037594e+00
2.534989279038109444e+00,2.935372765000949791e-01,-1.406829207102588519e+00,-1.263884522131315080e+00,-4.478531376162139921e+00,7.416883874864160786e-01
-3.230850255212818212e-01,3.214992452053537342e+00,-3.344487227127169504e+00,4.335744171182431828e+00,-3.923011129492734117e+00,7.121582846820052382e+00
4.860797306912183480e-01,-4.749270764735036288e-01,4.420954657597344628e-01,-6.308606770285161147e-01,-2.670660304244527161e+00,1.691081982595150857e+00
-3.463095000740468166e+00,-2.633881085303083402e+00,-4.161611363209889447e-01,1.107556095756196290e+00,1.348950294291841878e+00,-1.753244815886206176e+00
2.621669530234821188e+00,2.037512120861782350e+00,-7.704425547704873978e-02,-3.588185608065252108e+00,-4.175987517423463302e+00,1.209295646358183429e+00
5.451554208173980953e-01,-1.754802629484641052e+00,-3.039111947865706931e-01,-2.133485706427260542e-01,-3.696359352884960536e+00,1.410038276709633109e+00
3.116603572816585732e+00,1.315734911380984862e+00,-3.044833828908953155e+00,4.904123513185878469e-01,-4.901059612386045927e+00,1.967501502568049787e+00
2.742508140550055984e+00,1.258920424214509559e+00,-1.228441783155750588e+00,-1.516483667971400884e+00,-4.562316524389530059e+00,1.863193745257453626e+00
1.273157268176916546e+00,5.202582049590018798e-01,-3.367061447225664139e+00,4.932499404090888717e+00,-4.679606275723348752e+00,8.051666994605156447e+00
2.732456409542339593e+00,-4.146219223143390309e-01,-1.315705936387502106e+00,-1.911136320924176069e+00,-4.561270951223168169e+00,1.157754665427385143e+00
-2.145769106525715841e+00,-1.208367836381091909e+00,-2.076220159460069326e-01,6.009406607314178306e-01,8.223349771662504804e-01,-2.547260023924542427e+00
2.117916358059608761e+00,1.426164606577838612e+00,3.185471846772549576e-01,-3.397754424038303078e+00,-3.763787500165129973e+00,4.775132385586727812e-01
-3.336126802133482450e+00,-2.276100090346701688e+00,1.664415641454176864e+00,-2.408082001251906357e-01,4.485501517378173375e+00,-4.100282429791471728e+00
2.943080452039918526e+00,2.416303667052142501e+00,3.672502056460915654e-01,-4.108017169980688443e+00,-3.397938094009449017e+00,1.566841938370074017e+00
1.183730577915325100e+00,-1.923634459842552769e+00,-2.328133155106653973e+00,3.242785108783794001e+00,-4.548054000610362024e+00,7.152376788658407314e+00
1.695041621981457247e+00,-2.541501726365863689e+00,-1.741409623909282667e+00,8.266793794540400198e-01,-4.557085395399290917e+00,3.978849064252661272e+00
3.261212406785300111e+00,-1.407703141579875528e+00,-3.099308631004022541e+00,9.418817253160339797e-01,-4.920086445081063964e+00,3.401386905077067979e+00
-7.012110257944415004e-01,-1.564095206718271847e+00,2.728505212648976830e+00,-6.773193601887532722e-01,9.099415252855490577e-01,7.336424963414198697e-01
-1.297493240398943648e+00,1.743860775831505450e+00,3.752346367525096760e-01,4.726025594439507982e-01,-1.410846270693204119e+00,2.314392552466975617e-01
-6.232161401534952461e-02,1.285956287215918259e+00,2.449375411199939734e+00,9.668060107890030785e-02,9.170095800588908830e-01,1.770244010834280513e+00
-1.430555590727810689e+00,1.014262617649737130e+00,-2.987754086580892920e+00,7.336482147986441049e+00,-1.496433936721081936e+00,3.597133561753524944e+00
2.900583314460343232e-01,-2.343283432562937030e+00,-1.186050790376418362e-01,-7.644479500290007890e-01,-3.706351664992710848e+00,1.058444301537797116e+00
-1.448351778019198122e+00,2.606506937089615228e+00,2.860227220135781678e+00,-8.830562814782993986e-02,2.599561638594308999e+00,6.558627147571999272e-01
-1.848964590078531867e+00,2.044363881784527770e+00,-2.675297697960311805e+00,4.164135726945802141e+00,-7.579699002009249176e-01,1.625357979662942709e+00
1.397168529774744705e+00,-1.537490263839636606e+00,-2.514636727439320207e+00,3.946386452961544666e+00,-4.620155597326726316e+00,5.435393139241519123e+00
-1.071849465521346190e+00,-2.523312793791868902e+00,1.285330650369020056e+00,-1.160382000422101045e-01,1.554198537937013791e-01,8.080815724664285327e-01
-2.879521411093759475e-01,-2.122492449961216998e+00,8.463782079677182324e-01,5.168083529479807758e-01,-6.850345276691724994e-01,9.859068201339362680e-01
7.168623006644025963e-01,1.289728173437778125e+00,-8.300818851840974233e-02,-9.764461016089850398e-01,-3.536690687848110581e+00,8.691625955250141811e-01
-2.728360780767435934e+00,-3.528626104132892571e-01,2.210619947820235076e+00,2.982804842722113214e-01,7.533984196090658614e+00,-3.337531824614091036e+00
-6.883627771371427784e-01,2.087856409949469416e+00,-3.545197957900425578e-02,-3.593631593689056158e-01,-2.641825316836545756e+00,5.165586640268302610e-01
-1.666929331400959891e+00,1.499953577082289158e-01,-2.191226021783276856e+00,4.514462121359294144e+00,-6.447648997202641841e-01,3.305430278411543021e+00
6.903221349185972855e-01,1.002764571288318862e+00,2.533367309635173648e+00,-1.762114376128412374e+00,7.738441128770257027e-02,4.203544502454948373e-01
2.871058037369548011e+00,-1.842073189225187591e+00,3.117499960999052355e+00,-4.502919039676441137e+00,8.895910992687661167e-02,4.851900575247852787e-01
-2.232441053353608762e+00,1.361735655617271945e+00,-1.121322052422625948e+00,1.288285451926758585e+00,1.043347273796668917e+00,4.106653400953160782e-01
3.405169448650737785e+00,2.265566574404251909e-01,2.087822965833683320e-01,-4.121204100796232339e+00,-3.915674057273658804e+00,9.332765356251675470e-01
1.310850662979149206e+00,-2.688536024331674490e+00,-2.864121597758597648e+00,2.185600594123421558e+00,-4.647317651013133322e+00,4.560573388283517104e+00
4.067830690656775161e-01,3.081369870797310284e-01,5.833988170027115672e-01,-2.133364807046164158e-01,-3.052208934379747607e+00,2.091687546969566824e+00
3.092780703616528903e+00,-9.321111622547526565e-01,1.571505735500183576e+00,-4.442117828964979864e+00,-2.320021262575955312e-01,1.523253499682580170e+00
1.196130496861174564e+00,-1.728978957022055285e+00,-5.464727924005163828e-02,-2.141700739306447332e+00,-3.485445833138803184e+00,9.484769385206107684e-01
7.327762655234835165e-01,2.088201305311901734e+00,2.226205706868911172e+00,-1.317188009635874124e+00,1.004969003796593263e+00,1.163711206777569895e+00
-6.636094880092624493e-01,-1.381214269481856327e-01,3.110849452189899722e+00,4.783517247178654674e-01,4.105642674822327365e-01,1.286777066908944445e+00
2.652814375163652372e-01,2.279046773342579435e+00,2.267581034493322711e+00,-1.145826157196509376e+00,5.667843228984521531e-01,4.895699807075786225e-01
3.274403732850545978e+00,-2.659260845306365972e+00,6.884554961243303239e-01,-4.292273573439777223e+00,-3.133019008793805682e+00,1.123082045055056266e+00
-3.116887078962242263e+00,3.299472681288565745e+00,7.803859291878723070e-01,5.521271759835131299e-01,3.984520853655418637e+00,-3.263683606397951298e+00
2.887072764827864013e+00,1.783650681034278485e+00,-9.561324774345347777e-02,-3.757432948020163366e+00,-4.096106575121520876e+00,9.957674841456197745e-01
2.429578141886961973e+00,-2.972154667875811729e+00,-1.477536216293700022e+00,-6.706955349558221258e-01,-4.624448677157046994e+00,1.359692734721217100e+00
3.171005688770755171e+00,-2.150131968738210553e+00,8.755396189993236433e-01,-4.243771114053500604e+00,-2.740667999740694860e+00,4.418099831581800974e-01
-3.481941186315677950e+00,-1.070839268260200594e+00,-3.308482195412665305e+00,4.607555397106252393e+00,3.309046732320054307e+00,3.810561195767137588e-01
2.924713743026197577e+00,5.679944130916281253e-01,2.909101319943706798e+00,-4.509944307144936992e+00,2.216140755443537502e-01,1.225389485694479585e+00
2.266208080697023952e+00,-1.320846826772720917e+00,1.578048944551982302e+00,-3.874890507828913311e+00,-4.166457998406236651e-01,7.739961872673934984e-01
3.607506932093973440e-01,-2.358073411329568714e+00,-5.932750404467110883e-01,2.054422479293538384e+00,-4.018291723512065872e+00,4.721949649920304637e+00
1.658501834582310153e+00,1.740064140904196144e-01,1.530428088809655307e+00,-3.472931454038836740e+00,-8.752882313939189807e-01,9.603273310969311360e-01
3.054031574937005722e+00,3.326097914836475766e+00,2.683464998456668305e-01,-4.108802668579282447e+00,-3.875230530500489490e+00,6.252569626944128878e-01
-1.749815613093059774e+00,-2.810724780021468305e+00,-2.914194056899644725e+00,7.023327065195156038e+00,1.143724719003057055e+00,3.508722950886388858e+00
3.369489629860844104e+00,-1.187607665873082752e-01,-3.192396975721363717e+00,8.935356110168826138e-01,-4.935399294393469916e+00,2.600341179930548474e+00
4.055947011884164510e-01,1.261855191734095882e-01,3.162266617522697665e-01,-8.158278708632438203e-01,-3.117904506850861068e+00,1.750844565416028065e+00
-8.955939348053121307e-02,2.535156621349325512e+00,-3.308081210124589333e+00,4.670531750368459356e+00,-4.234842324703441463e+00,6.526279674780592011e+00
7.035602607163182753e-01,5.137590847923094728e-01,-2.213056110413534672e+00,5.312331893851321318e+00,-4.300505165776078442e+00,6.236774947284966508e+00
7.187322011191632498e-01,1.849358944470195887e+00,-2.647256731312071398e+00,3.094239520624114448e+00,-4.436159524499879936e+00,4.765114156094267805e+00
7.479845678788574759e-01,-5.736863772865348210e-01,-5.387374115932703766e-01,-2.338847635769500943e-01,-4.103132340983884241e+00,2.979379196390489870e+00
3.285068563383136464e+00,3.188085026171308733e+00,2.024893546353814244e-01,-4.130646010163588677e+00,-4.015418368976235719e+00,6.701398473227967445e-01
8.393703012422291110e-01,-4.108845648840331322e-02,8.154307393857873620e-01,-1.090293282040712075e+00,-2.212400988513563149e+00,7.167100023647977602e-01
-1.097733461771209562e+00,5.413977208605302849e-01,2.387598332822308933e+00,-6.528725352720972097e-01,1.001749579954809288e+00,1.344397770205605580e+00
-2.200605693272619234e+00,1.542087786570787600e+00,-2.039949780194931339e+00,5.589497046606573427e+00,1.097783828476026624e+00,1.556353045349086139e+00
2.638335429114754049e+00,2.874529742558999956e+00,5.975751475809447655e-01,-4.048783050370427183e+00,-3.349049014321977324e+00,2.925681015077153391e-01
2.099204337537619480e+00,1.284696803269156362e+00,-2.757349342440221118e+00,2.079908164702840345e+00,-4.773776227591992161e+00,5.687836772555407094e+00
-2.374360126821147610e+00,2.238368270166827934e+00,-2.486159252828750610e+00,5.031445410553802233e+00,4.335276775508581926e-01,1.811020203197070799e+00
1.681048855313469481e+00,-4.214167450455330588e-01,1.145371200966401659e+00,-3.071517785506182818e+00,-6.411899693306963854e-01,1.377251531621766167e+00
1.666852358137648871e+00,-2.170149241896325076e+00,-1.612319370129005058e+00,2.604166778639079860e-01,-4.506760775950001907e+00,2.634992040127964952e+00
-2.774602462845438655e+00,1.867600640831843073e+00,2.745142906558680984e+00,4.952864621712571580e-02,5.534179129795806951e+00,-3.625572556296714044e+00
-2.422547921112934155e+00,-5.679312293661977762e-01,-3.464498904248743294e+00,4.725046357681756959e+00,9.598009626491671442e-02,1.479718186303127903e+00
-3.365590652185119769e+00,1.387409228287030061e+00,-1.649636960146201314e+00,3.368071187210423645e+00,9.725234079959715894e-01,9.505937718109425116e-01
-1.202969159713709324e-01,4.953868742460971752e-01,-2.369917867468123163e-01,-2.103889437524253947e-01,-3.611459986407915324e+00,1.559676400255828987e+00
7.606969851936034033e-01,2.312452717201983532e+00,2.730157106823302371e+00,-1.814276846318061187e+00,-1.313903388486833412e-01,8.254865137524435292e-01
1.321502740318820202e+00,-1.990180629856829864e+00,1.729444924649386373e+00,-2.792250084872390570e+00,9.386862624108545106e-01,3.338764083326646315e-01
-2.835264122801812725e+00,2.047799039536847943e+00,-2.944941926607553384e+00,5.249345490779765200e+00,7.883029797558354090e-01,1.261638582435200995e+00
2.924331538570974942e+00,-1.431669884222953826e+00,-6.989742716394067301e-01,-3.158429390420562477e+00,-4.455297454539749680e+00,1.613259939352549965e+00
-3.356720382496474198e+00,6.764062395300465269e-01,-1.099998074754742650e+00,1.412138696462948761e+00,7.544445972404678624e-01,-8.655056415384996260e-01
3.554234220117544751e-01,3.122552562949721278e+00,7.480097633981390715e-01,-1.042798672774891022e+00,-1.908909237905153766e+00,6.416895621654796766e-01
-1.293453898466919494e+00,2.386116469244788263e+00,-2.289269067666412916e+00,7.558186118003555443e+00,-1.981433446193760384e+00,5.203710611400020447e+00
-3.742365521915038684e-01,-2.204144138502250883e-02,2.160127828381985360e+00,-9.279871618704754743e-01,3.398015439039120400e-01,6.499992368859343062e-01
3.612915177777780151e-01,-2.184534763918465572e+00,-2.649796020215199110e+00,5.952482652932030938e+00,-4.339132651140760188e+00,6.635196753724329710e+00
3.207504259872337116e+00,-2.548343170264674384e+00,-2.148627243340725190e+00,3.453896068690563703e-02,-4.810215350997594008e+00,4.357803627151840331e+00
-3.062242277321013617e+00,-2.999962190790087746e+00,1.886646190723073602e+00,5.348963227880395577e-01,6.309793113330314007e+00,-3.170569670900939663e+00
-2.622051429607728412e+00,1.235368084021035706e+00,3.280656630304001453e+00,-2.591914410404697611e-01,5.041239218475232597e+00,-3.753336502490432380e+00
-5.118386082276411564e-01,2.546147844272375949e+00,-2.393886856976511712e+00,4.424193597679611401e+00,-3.549769542877152517e+00,4.809488231205567565e+00
-2.602796963765654503e+00,6.971902257475122155e-01,-1.835918872888449016e-01,6.183296796023924902e-01,1.830814035355656566e+00,-2.960532530433309439e+00
-1.829610828931740096e+00,8.338675343711354770e-01,1.510218157509718218e+00,1.782336174013263719e-01,3.562192211733627989e+00,-2.067884791378501230e+00
-6.586990728508159698e-01,-1.315482742293644591e+00,1.509305905729463326e-01,4.107427925897646492e-01,-2.799216897240761615e+00,3.033561522272986366e+00
-1.862589904391950490e+00,-7.743833864181670634e-02,-1.343749915164213604e+00,2.968540683099826882e+00,-5.320086878040839462e-01,1.449556222453355137e+00
-7.214184400653933515e-01,-3.184999965715237913e+00,1.728152434799268278e+00,-7.919097552847546018e-01,5.800338858736889813e-01,1.421355388320653390e-01
1.778844202740030411e+00,1.476079245982991672e+00,-2.054408625951333889e+00,1.575576045818289916e+00,-4.649870476327469859e+00,5.716430599537833501e+00
1.341329013491376898e+00,-2.703296621190506954e+00,5.118657965832626999e-01,-2.725454462704603120e+00,-3.346804960387736561e+00,2.022660580239954431e+00
-6.360336717995016542e-01,2.659527991622518073e+00,-1.131398763587574852e+00,2.662674895845457801e+00,-3.391685926432300935e+00,6.129367014429726090e+00
-1.316628170175428103e+00,-9.117724769710306987e-01,-2.098078275863368702e+00,4.986439504011655366e+00,-1.863166864665071198e+00,4.579522801709436486e+00
2.976421628447462275e+00,-3.173415394131481548e+00,2.691531877054713640e+00,-4.509902656816006328e+00,1.629646701212436044e-01,5.625466966479025777e-01
1.173851106992024107e+00,-2.170011554990225910e+00,1.255477513432991188e+00,-2.168658612814187148e+00,-1.524723206662764952e+00,2.662444121952092679e+00
1.607360143088421012e-02,-1.645381472716891835e+00,-2.761562377656042067e+00,4.187414798442483210e+00,-4.279938182492431409e+00,6.924988119949599508e+00
-1.189923956278085004e+00,-9.938859387682552615e-01,2.492079765543972592e+00,4.002575252762463620e-02,1.240545578077282496e+00,-1.455311115774234887e-01
-8.695980790303803332e-01,6.193534411341206081e-01,1.452946487054847857e+00,2.426061670062428233e-01,2.151059951160137484e-01,1.128818778542071799e+00
-2.458315300653723501e+00,3.813746738531449409e-01,-3.004057959968028602e+00,6.101295000179444372e+00,-5.086638688996666935e-02,8.503357786458413115e-01
2.292944079997550233e+00,-1.389981598107490335e+00,1.273954844954744203e+00,-3.994041650085607298e+00,-1.747006701680694940e+00,1.321777268715240483e+00
4.348586815387567306e-01,-2.475428879731955689e-02,-4.698497740555040991e-01,-1.222794115965113448e-01,-4.010304105849415990e+00,1.549560780474517729e+00
1.489411027415728839e+00,-2.536677761876297676e+00,3.432932823303463721e+00,-3.441189206735518979e+00,-1.827325251281632368e-01,1.424277838449332867e+00
1.218716415561053701e+00,-1.270273480107452890e+00,1.537208327862911617e+00,-2.161843317243109297e+00,-4.827474335381511938e-01,6.042824011123151262e-01
-2.894487239555090241e+00,8.637648801042523417e-01,1.241523030869170263e+00,4.614302353062457174e-01,4.107674577449759390e+00,-3.387563820809406323e+00
1.078036003313234126e+00,1.275494151340546445e+00,2.434049698990635946e+00,-2.005310739023383082e+00,1.077652491877684193e-01,7.849867862197803525e-01
2.077666025965122287e+00,-1.410866510496474824e+00,2.813467270182986368e+00,-4.051121704533040990e+00,-3.681897111154861513e-01,1.587169141877019740e+00
3.356264858730207301e+00,1.451344800048417483e+00,3.365385867968506695e+00,-4.706277736378911669e+00,-2.332262211831280241e-01,1.001725486253321584e+00
3.358153463338624967e+00,-3.171684711177744642e+00,2.311555886394933701e+00,-4.609814236152701916e+00,-9.624840743238225471e-01,1.510058408903100835e+00
1.043288478472164549e+00,-3.473984580407823319e+00,7.173766651769160063e-01,-1.985683516113578184e+00,-2.930359219420571648e+00,7.488297580960001643e-01
-1.041954048290429036e+00,1.439899932516071068e+00,-2.800313517092420934e+00,4.739721965446532792e+00,-2.932125848636428334e+00,4.793533149840417451e+00
8.744792615831862292e-01,-2.867433253576094021e+00,-2.916318307878126070e+00,4.980674872606755343e+00,-4.556071402102920942e+00,5.860256737521511106e+00
2.615413323910632748e+00,-3.383337945098980448e+00,-2.033663978791069304e-01,-3.614603277691059269e+00,-3.951120931630847100e+00,6.699961718668445698e-01
7.205316406399608908e-02,2.041271895456347352e+00,3.189593568865192630e+00,-1.120966700426814677e+00,9.601706661674802579e-01,5.416201611503647095e-01
2.572443250667171277e+00,1.072353320944948507e+00,-2.235357466133986559e+00,3.193426140876128860e-01,-4.766168955829015452e+00,1.744796946530256410e+00
-1.924465333135199963e+00,3.436049517612556947e+00,-1.927053067525998920e+00,4.270004693945212537e+00,-1.779311716355979067e-01,1.718747654120863277e+00
-2.590073829778344550e+00,4.347693766192182174e-01,-1.246300034608355034e+00,3.078501662697100016e+00,1.679710197070540367e+00,5.748819360794574784e-01
-2.898757248054707247e+00,2.864202272821049888e+00,2.011673462383710032e+00,9.082925630994065358e-02,4.054088470883823625e+00,-3.604829155317882172e+00
9.964467916003574288e-01,1.541737419304636703e+00,-2.876259729047086378e+00,4.035804238554819179e+00,-4.569091854544349296e+00,6.182650370192589229e+00
3.006249297847674917e+00,1.001071279562905758e+00,1.202651801204757120e-02,-3.981593083834661595e+00,-4.149972918090389484e+00,8.403088364602028237e-01
-1.406388925886015162e+00,1.237579801615544817e+00,2.863553750832784850e+00,-9.193878067167260415e-02,3.721707622834040219e+00,-5.064510690388230874e-01
-2.843243584778889055e+00,-2.822068564818790204e+00,-1.874853512882688200e-01,1.217847829717711550e+00,2.672974499098286660e+00,-1.412965837777452549e+00
1.121981374460180092e+00,2.170518603569717264e+00,-2.465808354504061661e+00,5.299206164161081922e+00,-4.544196168781935441e+00,5.652171041676984586e+00
-1.673427629074612177e+00,-1.028700051206454802e-01,-1.112418852039376738e+00,1.558410541685218975e+00,-1.623014597818839277e-02,1.074503094593763475e+00
-1.290330397615148783e+00,1.516195775730762030e+00,8.382914189301935437e-01,-4.853433123556127882e-01,1.373550375292236669e+00,1.432573877944924856e-01
2.633728453300093086e+00,-2.087585556232545159e+00,-2.832719524673286582e+00,6.585561718624430849e-01,-4.835233259766895664e+00,1.806180043742515950e+00
-3.115547388408909768e+00,1.602209261244301075e+00,3.494868923191227772e-01,1.274312095972394365e+00,2.506717540301091951e+00,-1.433897777558047926e+00
-1.473546977200526964e+00,2.018355527078906420e+00,1.684961631168769181e+00,6.559476796734762249e-01,4.211979717245995403e+00,1.179696210514570298e-01
2.845127237711070123e+00,-2.705846377349366172e+00,1.081546070324755249e+00,-4.255663287188489186e+00,-1.226431298002456094e+00,4.219674467039914445e-01
3.473935974909743152e-01,2.347446859562349886e+00,-3.714845837215032809e-01,-3.426995218313558245e-01,-3.866986230641310751e+00,1.397785548570992908e+00
-1.400777872768536270e+00,-1.554918344431622135e+00,-7.289826698599775057e-01,1.354248033869412060e+00,-8.205036544917510000e-01,2.595919438055077855e+00
2.495838022215461471e+00,2.137815307221405448e+00,-2.635767139725585295e+00,1.521833420006058590e+00,-4.797350010609937598e+00,4.206233334295080617e+00
-1.471488850293715789e+00,-3.386928583303218332e+00,1.039441932265504853e+00,6.286826077365488263e-01,1.407092090183442279e+00,-1.104849119175915773e-02
1.834689006680162215e+00,-3.488198595524492962e+00,1.323000345471409211e+00,-3.284204959081447051e+00,-8.572951590161481672e-01,5.893181292201941091e-01
7.987859119186122570e-01,3.447464240968400873e+00,3.546318080112720317e-01,-1.303189591744858822e+00,-3.266656388660465371e+00,6.980990333044370111e-01
1.036015306972752903e+00,3.400425018727004201e+00,1.646181628666339769e+00,-1.883150025085864154e+00,-4.511272752529206231e-01,4.623874806206993426e-01
2.478244378447333141e+00,3.280677138793169689e+00,3.201936191754100491e+00,-4.273296184398230224e+00,-2.151782199541886209e-01,4.857807935225447737e-01
-2.347154750678833501e+00,1.008150671669760357e+00,-3.129278021907640372e+00,7.587425262868022990e+00,-2.826041465470059411e-01,1.510494286622051874e+00
-1.365376057527437403e+00,-3.003988485719267576e+00,3.302373401405582776e-01,1.180717736402269402e+00,3.448940771911843672e-01,1.515566958344560788e+00
-2.966967176778728010e+00,2.383768788039201780e+00,1.449275743135055805e+00,-2.087537041067481502e-01,4.956078634154072127e+00,-3.860924943314198554e+00
-1.359325485427969049e-01,-2.858618101334896355e+00,1.392488052497165896e+00,1.006047355176835634e-01,5.487518046739043864e-01,1.434623637357387960e+00
-2.904079445279564631e+00,-2.196037605929559433e-01,-1.010803464668667218e+00,1.480920076257131512e+00,2.216830231756759417e+00,-1.122846542008799853e+00
6.393147253152555720e-01,-2.059569476421998502e+00,1.181440958939272257e+00,-1.473279905318076732e+00,1.750875434470025027e-01,3.706001494456513945e-01
-2.454813045206722055e+00,-2.975632995000166758e+00,9.833727701515364572e-01,1.106541242675805670e+00,3.756613345788666347e+00,-1.617323198411721563e+00
-2.970043640622638925e+00,6.916884756655221622e-01,2.305752380950067959e+00,-1.779388272998685405e-01,4.845685445095083921e+00,-3.781850811055780248e+00
1.247764959879913427e+00,-1.078635776211781749e+00,2.685206525393912358e+00,-2.781325107795541651e+00,-6.363185633165919786e-01,4.735479950252657888e-01
-6.862476687190799396e-01,1.513117954444942015e+00,1.763259982096882617e+00,-7.436838632903669533e-01,4.304119568669817486e-01,1.570157408638633845e-01
-3.313948951661149334e+00,3.712792512817322255e-01,2.786156987991625478e+00,-4.399225151352373908e-01,5.385387802120361833e+00,-4.183838162593144894e+00
-7.272901169489851547e-01,-2.909684383353388082e+00,-1.120428665730854867e-01,7.248716534657235755e-01,-2.978400717663262753e+00,1.275706575512564500e+00
-1.054168350740037230e+00,-2.593791963327446659e+00,-3.195259625351048349e+00,4.327080296739509002e+00,-2.979467100802897228e+00,6.364039706307117683e+00
-1.338959212708239033e+00,-2.757446131073616691e+00,1.159369330047767654e+00,1.512268605016094947e-01,1.439923548746458337e+00,-2.104339221827269402e-01
-2.604042467507396097e+00,1.840459720580244429e+00,3.479059490564148760e+00,-3.274073537450039595e-02,5.786079326056646543e+00,-3.477381973903449719e+00
4.041962950954181011e-01,-1.964512016299060804e+00,-3.263342792521397584e+00,4.542542903353429473e+00,-4.445409565361645221e+00,5.478550612139660991e+00
-2.029706750107062696e+00,2.370843777350319037e+00,-3.435335208898974813e+00,6.328959878308604736e+00,8.864845236128457984e-01,1.726261169848538612e+00
-3.249176854257060043e+00,-2.571590580025998385e+00,-3.044222856173624425e+00,5.935726763578276888e+00,1.348971383140735947e+00,1.850637976233545368e-01
3.981327477255285352e-01,-2.512597982464285451e+00,-2.723861008716847998e-01,-7.542152273217851421e-01,-3.721373118960286774e+00,5.244254356600139833e-01
-3.416664775859814096e+00,1.702632891976616492e+00,2.313276575082982234e+00,7.174659430283405470e-01,4.136721915542980632e+00,-2.859139739436850736e+00
1.357355861579164547e+00,-2.408741161998530611e+00,1.026041474174309798e+00,-2.583953887705315644e+00,-1.908563010155193584e+00,1.366034075613024923e+00
8.236889067240342754e-01,7.543566594874437925e-01,3.767178146774403658e-01,-9.015918478145500403e-01,-3.228139258529450384e+00,1.398818096127712129e+00
-7.133063153905685461e-01,1.994553388443826236e+00,2.520719617053409856e+00,-3.985931551119140659e-01,6.960118728887296768e-01,2.371189788498888895e-01
2.617167129338656473e+00,-1.296393292022874011e+00,8.246025639986553912e-01,-4.056098535114705861e+00,-2.777590588123299842e+00,7.825096734826457734e-01
1.511374323147363974e+00,2.258091106634948275e+00,1.647438217329311172e-02,-2.476701029079491079e+00,-4.001014378900531909e+00,1.401668399921663921e+00
8.664537372488538836e-01,2.139495390029765076e+00,1.977247533931806522e+00,-1.660779043747458550e+00,-7.080935308225114744e-01,2.525196378336894032e+00
1.182328070870486414e+00,-1.291640468559513533e+00,3.256481587344866924e+00,-2.487837383921647216e+00,2.931979393274491974e-01,7.416160045683053426e-01
-2.538360728850292958e-01,1.781013995125293015e+00,2.184849016911844188e+00,-1.049491626104241959e+00,4.483818333195348504e-01,3.376234802572729565e-01
1.327040963479322322e+00,3.199616632767172675e-01,-3.489659956199864688e+00,3.948923926034832554e+00,-4.691475962740565109e+00,4.871153471589889428e+00
-2.183943594046236392e+00,7.627088243121962208e-01,-1.209102797886242975e+00,3.406627648595778712e+00,3.328040662747100420e-01,6.595943833736600537e-01
-1.099866005424837034e+00,2.957219809748360184e+00,-2.157318259721156206e+00,4.749961812017291507e+00,-3.016688970798202529e+00,4.670669991727155690e+00
1.302918496030184059e+00,-3.016850322273044505e+00,2.271599363703377783e+00,-2.971822948477384596e+00,-5.880492150430640663e-01,1.590645849993131966e+00
-2.566387596986273500e+00,-3.051342753911947536e+00,-5.908459666811598510e-01,1.281214560568991745e+00,2.907425421135019783e-01,-1.331799282083528491e+00
3.506043745174975967e-01,-1.384321804850969784e-01,-8.760313816204128301e-01,2.857453620135723127e-01,-4.109153410624085900e+00,1.113822657979058661e+00
3.155738716775640995e+00,1.835642469191522075e+00,-2.796521069151899574e+00,1.226586995429285398e+00,-4.887411728785975740e+00,4.817308758189295048e+00
-2.501616957787726747e+00,-2.309610058604720351e+00,2.160732385947590650e+00,5.360872405514318650e-01,7.369785128484202197e+00,-2.975396264068556285e+00
-9.953844338992161589e-01,3.467764165036061996e+00,-2.259068740421118715e+00,5.428246217350379155e+00,-3.090717557593484877e+00,4.107519742871824420e+00
-1.755576886560277661e+00,5.574058701312640807e-01,3.449597866075149177e-01,1.048803635709991910e+00,-2.018842605437075333e-02,1.221443765366267975e-01
-3.319006255478418765e+00,-1.301088696099321762e+00,-9.039757349180899126e-02,1.107995060508502494e+00,1.125798669068249991e+00,-1.994087979924710208e+00
8.097307451089150732e-01,2.208811510650532384e-02,2.343743464462832549e+00,-1.459401860853407840e+00,6.953862815288955890e-01,1.113702336227457401e+00
9.843295091485151360e-01,-3.009887501517038544e+00,-1.933661156151842420e+00,1.967361238629345088e+00,-4.494050782202953620e+00,6.654849778727695231e+00
7.321827926113151364e-01,-1.264449771879716966e+00,-4.192457522867032438e-01,-5.504425607234398887e-01,-3.962915006227903714e+00,7.377263684575831038e-01
-9.948795787901421050e-01,-6.946364476257995690e-01,-1.765934698633530031e+00,4.991836689664991944e+00,-2.926049813995689419e+00,5.131418872861812197e+00
3.330814230000160414e+00,9.550599611667154321e-02,-1.010397530504868691e+00,-2.919595979883389703e+00,-4.623527546201617433e+00,1.625342984013285808e+00
-2.355938086097604689e+00,1.932948422710409453e+00,-4.113166678922137720e-01,1.873519167249535489e+00,3.219200384210989974e+00,7.031488546436542864e-01
2.569806212193829431e+00,1.046114358263165123e+00,-2.966927896599407255e-01,-3.626469204861654472e+00,-4.282679304365395012e+00,9.648343078767950276e-01
-2.468214949785471291e+00,-4.244492234898475935e-01,-1.241444477279368463e+00,2.118618278030582225e+00,1.473913905665667767e-01,7.480970114066060050e-01
-2.146416211610795877e+00,-3.194575476728857666e+00,-2.707032757567025438e+00,6.807462754279812067e+00,1.758092722118131945e-01,1.289610302578091616e+00
1.269106041352450198e-01,9.084832462604035541e-01,-3.449786120584676485e+00,5.508984021929663299e+00,-4.322998394797338939e+00,7.124551470122833408e+00
1.005799682741097989e+00,-1.388162036586540804e+00,1.245449528067893219e+00,-2.091714010000312207e+00,-6.552064934590577927e-01,6.200086710678520685e-01
-1.600692398327933752e+00,2.161213068007876714e+00,2.303650431348883920e+00,-1.385031942959369378e-01,3.111516202835625577e+00,-6.028929812249481657e-01
1.122625226370773888e+00,3.941867440961477342e-02,-3.408865146372395127e+00,4.258933628478839495e+00,-4.625716622362663344e+00,7.256942580161831025e+00
1.079101827759902932e+00,-1.254651514083752861e+00,1.718149588645586867e+00,-9.419119092648500224e-01,-1.051308023619770937e+00,1.887740327422765096e+00
1.365260005173420943e-01,-2.529407080496154592e+00,-1.521069268556546561e+00,3.427637520333222554e+00,-3.974286613593799533e+00,4.412252937523820862e+00
-2.891334495722911235e+00,-1.418414029576618329e+00,-2.769734350103595144e+00,4.967394693029855368e+00,5.748636685623169651e-01,4.604455488255276285e-01
-2.637703753591432942e+00,-3.439174555143620360e-01,1.622245376347514423e+00,1.220484362265316980e+00,4.402122423272680329e+00,-1.174448616494206288e+00
1.182409230282914336e+00,1.728675320255717018e+00,2.528711048129527406e+00,-2.343620328541825337e+00,2.551211376933048003e-01,1.451573201319688700e+00
2.649991872915009594e-01,-2.815759325082171749e+00,1.623103936130522840e+00,-5.764972922848050629e-01,-1.260655936066562566e-01,9.597032404564319608e-01
-5.132481118998875047e-01,2.231320478498965088e+00,1.021083900553598767e+00,3.361272307250389169e-01,-1.280216333949318663e+00,1.006918255515345306e+00
1.734289868567858939e+00,-1.804406869427461757e-01,-3.198920716827308830e+00,1.858200770184861295e+00,-4.741995501255651391e+00,4.690933855092379368e+00
-1.830122489259498941e+00,1.809891630233309456e+00,-1.551078103335004066e-01,1.616730575084244670e+00,1.193975872812651051e+00,1.993641952594144229e+00
-7.004747304131462293e-01,5.609812837524730256e-02,-1.269829407610624017e+00,1.450944663296133585e+00,-3.427686605377060047e+00,5.315548652477707137e+00
-8.843392250011850031e-01,-2.601590882932078408e+00,-2.185757958501703513e+00,3.585241899196234705e+00,-3.413503526380695874e+00,5.580581406131909894e+00
1.162024665439358451e+00,1.326056076239282788e+00,9.824680379820573961e-01,-1.913770793225312961e+00,-9.684972162826106512e-01,1.329634180063506532e+00
-2.511320058369708175e+00,2.981315980363837603e+00,3.241858016965606382e+00,-5.565123561107836458e-01,4.842217168817325224e+00,-3.633352854855844694e+00
3.313950525447586060e+00,3.246286563543224091e+00,1.410808079978935758e+00,-4.448729897313629777e+00,-9.193556653068519768e-01,2.317311700969615806e+00
-2.865017964337685630e+00,-5.133295969990419039e-01,6.272801473118914117e-01,4.157048488272038211e-01,2.818563918421803205e+00,-3.323490091527583790e+00
1.379080492685093695e+00,-2.503247349197742277e+00,-9.724887905956713929e-01,-1.084842247198703813e+00,-4.330980869348828755e+00,1.015520293383590289e+00
2.384796526221346191e+00,3.345185514278828265e+00,-1.405251277446795122e+00,-1.129412981029475072e+00,-4.596572249526704290e+00,1.478208616549795407e+00
-1.618719734892721362e+00,9.817433509623727517e-01,-3.248915798338745109e+00,4.501399435520915482e+00,-4.911269110115513703e-01,5.307982009013445079e+00
1.769384623006671653e+00,-9.569569331591143424e-02,2.549826322739256135e+00,-3.727954480846294771e+00,4.261265071389395143e-01,3.986686469008037248e-01
-1.343895417801990178e-01,7.317796533819862503e-01,-2.501261605158578316e+00,3.659523159529362246e+00,-4.072390032770817569e+00,5.754097501990253605e+00
3.309610001607811824e+00,1.470076197125181672e+00,-1.251530673249139802e+00,-2.176265198828159608e+00,-4.638966064040400461e+00,1.830278103067902062e+00
2.611853413580984551e+00,-5.440316727633200955e-01,3.362545026539658366e+00,-4.426597812329149839e+00,-3.789627269621920203e-02,9.738417018073134424e-01
3.222920837347249545e-01,2.492514821878969222e+00,-3.487262514519493983e+00,8.271036539398627596e+00,-4.442451977972218025e+00,5.894735349690559900e+00
-3.692672522913529320e-01,4.919951096887649200e-01,-3.465679080758455655e+00,5.541670959163889520e+00,-4.076138280117302060e+00,7.868460379232862678e+00
2.238396373135517869e+00,7.828746622732012383e-01,1.486314620506100859e+00,-4.012737157423940104e+00,-8.001238160474452021e-01,7.521865846140820544e-01
-2.043045836030393581e+00,-1.881854217338458923e+00,2.815645407472837647e+00,-4.147299692540830085e-01,6.569180538179807627e+00,-3.035551572314113322e+00
3.498204959598480990e-01,1.742028318674388565e+00,-3.478016810183111041e-01,4.836498856264070945e-01,-3.234456160481176568e+00,1.156388173886277349e+00
3.113358726497533091e+00,-3.296238260725925073e+00,1.876175900020795595e+00,-4.494599939511267905e+00,-1.113221009017135055e+00,4.435546272509531818e-01
-2.451830936713754738e+00,-4.083782405386280345e-01,1.542372021325807196e+00,6.443407951495161434e-01,4.040188948711654682e+00,-2.702866163363898622e+00
2.230493446165420224e+00,3.739994330790579191e-01,1.560329047387130075e+00,-4.031402968007277821e+00,-1.243448225928444062e+00,7.243892127227870015e-01
2.108397952369990946e+00,-8.598808899014134255e-01,-2.050583557096139486e-01,-3.258200165700430695e+00,-4.154038276672780583e+00,5.870008544083885615e-01
1.463984497087119863e+00,-3.312618353881434885e+00,1.550827513068674612e+00,-3.163434568016272319e+00,-7.622780460792366597e-01,8.767842231920740526e-01
-1.694782773008204568e+00,2.959285255078096810e+00,-8.885094838981881793e-01,1.493127397044994087e+00,-7.038479996340267775e-01,2.535300565598777922e+00
-2.559816152973087178e+00,2.021131003963858142e+00,6.997406411574385032e-01,-8.956045642732157752e-02,3.245921346524386575e+00,-3.535662661474427981e+00
2.375003007435103619e+00,-2.792379944839842310e-01,2.367886399841018452e+00,-4.112485049970000972e+00,-9.147497321936689518e-01,1.479265754100706154e+00
3.494046152460613008e+00,-2.654859688891308966e+00,-1.538175001614247916e+00,-9.904704779339030818e-01,-4.686380569428687970e+00,2.032735879736862206e+00
-1.793120470102221420e+00,-1.531988587072907748e+00,-2.193594486930830811e+00,4.840657341255612423e+00,2.254272814006028636e-01,2.013353998972459369e+00
-9.194988193397977128e-01,2.471108465095039897e+00,-3.225878820914615641e+00,4.491489169424921712e+00,-3.487954706524743820e+00,4.309698485684561930e+00
-2.216446202311128211e+00,1.788789366054173158e-01,1.525603526745677563e+00,-3.756920326060209647e-01,3.701743486755734835e+00,-3.245044578654141976e+00
1.196522879539184459e+00,2.333950327349470832e+00,-2.726064872690853846e+00,2.857148279624519560e+00,-4.615367108472432811e+00,4.724170685342832243e+00
2.242877649653414629e+00,-1.596982485636330384e+00,3.315858165368097410e+00,-4.180568763060535709e+00,-3.580214894623412469e-02,2.949682709404894410e-01
1.335567430302468495e+00,-2.021245358751819321e+00,1.877406690770468956e-01,-2.418836155288725198e+00,-3.727337616355136607e+00,1.769275507962969618e+00
-3.402417610811286242e+00,1.976806771355671621e+00,-2.207084717965814402e+00,5.985331086073787610e+00,4.619067239796246227e-01,6.172063462564313374e-01
1.166698007142277227e-01,-2.572915435213473767e+00,-3.396547779828642533e-01,-1.771300734990470804e-01,-3.657262049548892335e+00,1.865657533707584692e+00
2.864287349280159489e+00,2.865731006844717932e+00,-1.086188711535516660e+00,-2.551824269733995010e+00,-4.565716341565475567e+00,4.740584000117213925e-01
-8.178744476667487717e-01,2.907521090009785425e+00,1.230622737306102721e+00,-6.628835736126313938e-01,-2.600881589536077620e-01,3.700852911387612632e-01
-1.515339510875469919e+00,1.333263510662356488e+00,-1.555894319179633722e+00,2.812068892543588827e+00,-1.186698831305543766e+00,3.027472193650090126e+00
-3.497329788901153869e+00,1.268818134937969688e+00,-3.011842659387781396e+00,6.906168978760085508e+00,1.724064604107450327e+00,1.379315093695292482e+00
1.774498581055053315e+00,-8.675141081102708540e-01,2.347938211539895903e+00,-3.652223639087667895e+00,3.899994824001531413e-01,5.508885859600683998e-01
1.252728056123271649e+00,2.003899703299511614e+00,-1.885647653496778098e-01,-1.838625122974222093e+00,-3.924224901803134991e+00,7.005960277418743498e-01
7.522738751607445096e-01,-6.100520298277727349e-01,2.208529584092000952e+00,-6.489878645331790263e-01,1.965944500006512330e-01,2.676889718868739720e+00
6.060740472432959436e-01,1.067906797187031742e+00,-1.796996206937011564e-01,-7.947751568499616948e-01,-3.700497131607586976e+00,1.685112623674563270e+00
-4.846346434652692992e-01,-1.338170980830007739e+00,-2.379466533934633254e+00,4.266283808793440713e+00,-3.913711052413246794e+00,5.461170417327791959e+00
-1.894015099941414704e+00,2.746760751322435468e+00,1.414622724672309317e+00,-6.000956383086569756e-02,5.340294365322406200e+00,-2.625221257646018547e+00
-2.558523874068304060e+00,-1.128643324253777447e+00,5.667739871263410834e-02,7.229567749491381257e-01,1.008011810576980416e+00,-2.569854349554661077e+00
2.219076033125414682e+00,-3.134934589873524580e+00,-2.415312148496482791e+00,2.102167839910378699e+00,-4.715161078110482684e+00,5.885386834594734218e+00
-1.045555085059834965e-02,2.677193336082560826e+00,-2.129498160202410340e+00,3.777187623556733875e+00,-4.039013906783577745e+00,5.646045406313550785e+00
1.776216942395246967e+00,8.643818003567078634e-01,-2.754609727997730850e+00,1.387832579785372333e+00,-4.684173504304413704e+00,4.853822982468594560e+00
-3.406740676201512663e+00,9.448088765897519892e-01,-1.970288979803048068e+00,3.883414904130747303e+00,9.045782840201421759e-01,5.348005516084534117e-01
1.630428210334167183e+00,2.092603992487664044e+00,-3.847315586910462493e-01,-2.660742295137806135e+00,-4.131596537992250795e+00,3.791822339055371804e-01
-2.364116282095972466e+00,1.190321399911392852e+00,2.470502456979473571e+00,4.681210127218904393e-01,4.302255808188515829e+00,-2.914200379447171585e+00
2.326578512313301594e+00,-3.754861958161845870e-01,5.850093652409666944e-01,-3.787986647741141244e+00,-3.483944960190246576e+00,3.837085254675400292e-01
3.237468378877840891e+00,-3.235389254836751327e-01,-3.257139737364219467e+00,8.284014238460339907e-01,-4.930162559564110758e+00,2.795131098652762436e+00
-4.813290701063817068e-01,1.171031498805904292e+00,1.614816059125127268e+00,6.032905755144428728e-01,7.701444832038510935e-01,1.669466016041265766e+00
1.728794124038155466e+00,2.083806039664234611e+00,1.372484308172007061e+00,-3.597631313741687986e+00,-6.536467514458762507e-01,4.360029074637483126e-01
2.940845803278429926e+00,4.020106418125117820e-01,-9.749292045111359606e-01,-2.820185311490783331e+00,-4.563236909112936779e+00,1.147990670412013525e+00
-2.174702813700905235e+00,2.287725585977106846e+00,-5.305777234035340406e-01,1.789034886513940714e+00,1.737516999906434823e+00,8.370410848719318508e-01
-1.095005127393178235e-01,1.805584580079268697e+00,2.517960185912471616e+00,3.474624117941749191e-01,1.190891181661813403e-01,1.522227124751452276e+00
-2.515661928113380075e+00,2.034885413252668585e+00,-8.196865581679535495e-02,1.252034358216644327e-01,5.416707415044405005e-01,-3.327291543063668477e+00
1.659284439300275693e+00,2.725680998129311305e+00,-2.911098486496707771e+00,3.687110748137938376e+00,-4.736019724855051294e+00,5.320462539058973483e+00
-2.584179729306041118e+00,5.093621158318084596e-01,-2.765197851290627007e+00,4.784579461152593360e+00,9.026439169422517672e-01,1.939879957519154985e+00
5.758855475085535858e-01,-1.636961058607155906e-01,1.569886408909537678e-01,-7.715813772116326685e-01,-3.368207235085143747e+00,8.583720116545532353e-01
2.429779039600199475e-01,3.120749050420922543e+00,2.018589141915290597e+00,-1.097259644681164215e+00,-3.106706613986448540e-01,1.609689150334843610e+00
1.984139802471243996e+00,-7.881559207121657806e-02,-1.167115713271291710e+00,-1.872160080728383358e+00,-4.413499988237071570e+00,2.744832696914542236e+00
-8.809976916440258599e-01,-1.570982196717981116e+00,-3.471713347316446097e+00,7.459173489136507129e+00,-3.025920929550949268e+00,5.523491885371922372e+00
-6.506899753487522808e-01,-2.524141770542929208e-01,1.407652345764670798e+00,-4.859238342058099236e-01,7.695267536109429152e-02,1.312565587963625990e+00
1.148314636769114827e+00,-7.673909025524006111e-02,-2.240028040166200718e+00,3.129698540219439273e+00,-4.569666577169503974e+00,4.941223167267567717e+00
-2.346956907900243472e+00,-1.211790387274513048e+00,3.179421596892710866e+00,2.713609997437133048e-01,3.896110076505993725e+00,-3.040126726129748214e+00
1.655532425955789755e+00,-3.322183670576892123e+00,2.196192069950942738e+00,-3.584640629399954204e+00,3.444931642007140749e-01,1.547799588888150835e+00
2.824229190375127985e+00,1.094267400386456757e+00,-2.722277364815076428e+00,9.037339227188143642e-01,-4.846430106904154655e+00,3.786356701398784441e+00
-1.700225791888773763e+00,-1.506660526073182904e+00,-3.453433249730766263e-01,3.099670254204784925e-01,-1.091641007489972948e-01,-1.495723538899497163e+00
1.457016546368040899e+00,-1.761743135949318528e-01,1.925081801418029315e+00,-3.069629432253475176e+00,1.093872689092743045e-01,7.453617377312726777e-01
2.015176368776625537e-01,-8.786642231851713447e-01,-2.589202298846671635e+00,6.129055691648936488e+00,-4.282555422512708709e+00,6.912836042804539005e+00
-2.768905923966616278e+00,-6.379271446165000192e-01,-1.999299944015477948e+00,4.088834247486286877e+00,1.242243433375764594e+00,1.885828517689030814e+00
1.620975801047429776e+00,-1.733554593710918690e+00,2.864777416953449674e+00,-3.394536498086014209e+00,-1.783461443173986471e-01,4.805228600772607495e-01
3.404314081341235365e+00,8.517301146064939488e-01,1.953882196193856835e+00,-4.563484654449774247e+00,-5.310979414605808691e-01,1.032110626759249694e+00
-1.893380638830518770e+00,-2.159045302018226309e+00,2.386281596080657152e+00,-2.762752989784634794e-01,4.759137814068402861e+00,-2.695256172546039330e+00
-1.999214110128946231e+00,1.597118117316686181e+00,-1.630991096682130825e+00,4.958825851598519741e+00,-5.311133377495763641e-02,2.815312800510115565e+00
1.309433600528927322e+00,2.089659180667350569e+00,2.534040085759830419e+00,-2.686708473231292249e+00,7.519043651340155954e-01,1.498950712200798119e+00
-1.483763794210544162e+00,-1.876948755434620253e+00,2.207928128332228290e-01,1.933517261728234238e-01,2.133790066564300592e-01,-2.575291193440151227e-01
-1.422708109644288399e-01,-2.075616950960960772e+00,-9.784354746928416446e-01,1.764754798317609286e+00,-3.569544511000005027e+00,5.971374200070206584e+00
2.718667849569937012e+00,-3.399883311245556428e+00,3.006505006015270709e+00,-4.346504587546650811e+00,-5.746321138540921858e-01,7.498083532075217050e-01
1.728054315500925142e+00,-6.009067974602788631e-01,6.436713935440963041e-02,-2.923099320004552748e+00,-3.882256392098533571e+00,7.166058790186442540e-01
2.686547543086279966e+00,-1.260531641205162146e+00,-2.731432401790948372e+00,5.820816873036878114e-01,-4.834140097427386706e+00,1.662810164358913267e+00
-3.118394114327772915e+00,2.583157473351100464e+00,1.972711314153334783e+00,-2.603192794022535783e-01,6.399511459125533541e+00,-4.006708634116727730e+00
-2.129667657941241021e+00,2.080834958945774638e+00,2.913456619748234999e+00,-9.503976054753393576e-03,5.359767346935221610e+00,-2.914600978304030310e+00
2.480090534020302329e+00,-2.043081398323738362e+00,3.145252265099623301e+00,-4.236850490560216009e+00,-3.788337240832401753e-01,7.427766304658560692e-01
3.204116472426142614e+00,-2.695169795174054972e+00,2.468910998673269575e+00,-4.564374406595162803e+00,1.962361305843152159e-01,7.225828638020250771e-01
1.798861532777292105e+00,-3.087928815491912893e+00,4.743762855700279779e-01,-3.194537522668364549e+00,-3.250686855819838073e+00,7.791004787971611556e-01
2.184637810020495508e-01,1.434382790516810502e-01,1.409407267184886514e+00,-8.011520041089026378e-02,-9.255625001570614296e-01,1.338366901768635708e+00
-8.397754060443238799e-01,3.099346163552204381e+00,2.921739908309534783e+00,-8.174805638299165178e-02,8.843162079650164209e-01,6.621787755901629158e-01
2.503102289638583500e-01,-8.331675856357758647e-01,3.202126112485000675e+00,-3.978862342786140260e-01,1.726158840508772441e+00,1.483822587074212773e+00
-2.072279142603960622e+00,-1.713502615109783189e+00,1.451856345547203553e+00,8.369508003180603506e-02,5.045447125555815759e+00,-2.755530258034486479e+00
-2.799446610452401618e+00,8.984407548050459269e-01,-2.287249411992974046e+00,6.268675651222951117e+00,8.656698333147886393e-01,2.002017130972856052e+00
3.362654538931373338e+00,-8.784332930430283071e-02,5.633710349076377355e-01,-4.240205079730031024e+00,-3.158822025118031451e+00,8.118598438562978359e-01
-2.687071612636591667e+00,2.278605857202754770e+00,-2.950413036005409495e+00,5.067927421537961052e+00,1.615045326136329007e-01,1.006984637425589746e+00
1.556108429417215611e+00,3.282022078745431060e+00,5.951544768136898256e-01,-3.017990483971707771e+00,-2.845579885116531038e+00,6.071513877503523782e-01
1.938647382623441828e+00,-2.094595225520845538e-01,-2.527883041704505285e+00,1.440549538480606184e+00,-4.697354794430363967e+00,6.197357576541392632e+00
3.432363097832112686e+00,-9.508842310429623801e-01,1.407961184693131251e+00,-4.518564016590157273e+00,-1.193709777902406621e+00,8.902828193739118490e-01
-2.312947429741679439e+00,-5.469044489818886134e-02,3.229958318923218386e-01,1.687785907208546043e-01,1.246323110965181780e+00,-3.183306194027579306e+00
-1.166544191818446041e+00,2.655664327272722502e+00,1.455812734813921594e-02,2.587279696933680873e-01,-2.091258823139476419e+00,1.040825939886201645e+00
1.418119973770307851e+00,3.266066575842112130e+00,2.012075007793338699e+00,-2.971777479842685477e+00,-6.668085468980002872e-01,1.816937940739247415e+00
3.303400776138888162e+00,-2.579660154284473705e+00,-3.222659016815352384e+00,1.534012244468236252e+00,-4.929228452397106608e+00,4.222017983605169889e+00
-8.218464844138164693e-01,-1.176540635609903518e+00,8.474561883686337893e-02,5.166753320130288429e-01,-2.771133702002118060e+00,1.489341520846093392e+00
1.335930552865682408e+00,8.410766012926149671e-01,-1.453601757563289798e+00,2.855397680780520642e-02,-4.390641713013472724e+00,1.249406544610530023e+00
-5.369930164260452443e-01,3.083308548022444029e+00,-1.239020120840151229e+00,2.232129313251865810e+00,-3.540840613699674400e+00,5.057672850414816956e+00
-1.678913498877796506e+00,3.028149606611897582e+00,-2.547397384383400798e+00,7.290360036694645274e+00,-9.404982214811634655e-01,2.844111147513389337e+00
-2.575138601714885400e+00,-2.709541718845356773e+00,1.126805248537174009e+00,-4.118046244225787023e-02,3.115083136270694997e+00,-3.534572020037956008e+00
-2.800274746012139548e+00,2.911919355405787613e+00,-1.838565176938362633e+00,3.543023694102692467e+00,1.497327949761800836e-01,4.571560723854301567e-01
2.202414737798223499e+00,1.825447750276108394e+00,-3.481094969892124524e-01,-2.963257058397052113e+00,-4.247971485483382104e+00,1.316234486754492838e+00
1.329832449676806583e+00,-6.044426181228708117e-01,-8.985167976534214063e-02,-2.316843062228415739e+00,-3.960035914567792137e+00,1.115742274747751672e+00
2.837500940980410391e+00,-1.794816903534059316e+00,3.138766032403886186e+00,-4.507602558195578091e+00,-3.565457722612415670e-01,1.450136781915671857e+00
-1.751113699038204574e+00,-4.652302844454383468e-01,-1.591700871622440783e+00,3.657600465308713744e+00,-4.813256890646704922e-01,1.945124031381919583e+00
2.611709608633940860e+00,-1.114467953364246533e+00,-2.284944195116874965e+00,2.854608216924269470e+00,-4.787828275921863330e+00,6.338643503352054509e+00
7.018695020989378364e-01,-1.087281860922675314e+00,1.697858825231600477e+00,-1.320991010371259433e+00,-6.916802978486805698e-01,2.101492739144503297e+00
-2.345716710340361999e-02,-2.281243857167841504e+00,-2.464668745672274230e+00,5.938291038644134545e+00,-3.925123679015735334e+00,6.483674189675564747e+00
-5.111525182403533485e-01,1.560332471541677535e+00,1.308947499082530719e+00,-5.825292877359571353e-01,-6.303644671984848236e-01,1.215100002467109919e+00
2.024054393292359144e+00,-1.313067684122328771e+00,-3.462577703289875686e+00,2.590155880757761597e+00,-4.827198639642976019e+00,5.744801141855013782e+00
-1.538959488319448177e+00,-2.626164946390479038e-01,1.784613306856894788e+00,7.181178671370522792e-01,2.664001219467329928e+00,-3.807183614527876458e-01
-1.045991162656805251e-01,7.402979941546590226e-01,3.019537254023427764e-01,-1.020996746078870476e-01,-2.991615964679809725e+00,1.031188922930877272e+00
2.101334575750923861e+00,3.762960138095516882e-01,-2.337840731628784141e+00,1.043876185543228807e+00,-4.727399987631484279e+00,4.080345068802678554e+00
-2.700011503897235876e+00,2.939374818115252808e+00,-6.152717364570494674e-01,4.332781386718707606e-01,4.738623233261327616e-01,-3.155268832436505910e+00
-3.134432144979604207e+00,-1.702217762148468427e+00,-2.020893329577471587e+00,6.530201344620552462e+00,4.858448480793268187e-01,1.703998443067641144e+00
-5.271413470944708024e-02,-3.425388191085691147e+00,-2.589644095815763603e+00,7.406500876116703935e+00,-3.998708188909583683e+00,9.288371818942042779e+00
-1.107770597147781366e+00,2.511539541926114616e+00,1.653558528856742704e+00,3.090657884183500848e-02,5.730623225714890356e-01,-1.627043296920040183e-02
-1.615486888886752848e+00,-2.133077174954169930e+00,-2.824271604276476832e+00,8.312775614604257512e+00,-1.167175338425615383e+00,3.639815891609099463e+00
-1.711330949991665351e+00,2.695432946480515568e+00,-2.402971754971193086e+00,5.025977239792025486e+00,-1.125035016576906743e+00,2.723894209570313585e+00
2.230133885064740085e+00,1.330463117484945279e+00,-2.186116352797480289e-01,-3.494908969495474249e+00,-4.091023833359410666e+00,7.858851179727504022e-01
-3.143698166839721253e-01,-1.919801202835390574e+00,2.590140960790614066e+00,-6.470114069536614387e-01,4.235410182831372827e-01,1.549931903972545211e+00
6.983683097740831514e-01,2.336222384498796600e+00,1.762083474729276844e+00,-1.030563279066051496e+00,3.660647756183965651e-01,1.032976358604312583e+00
-1.871969085779455311e+00,8.403949827645851300e-02,-2.974458950444284877e+00,6.397688983206349711e+00,-2.576251327929177659e-01,1.507176783730593161e+00
3.557294129568564500e-01,-2.245216179561858816e+00,-1.207544383555365641e-01,-4.520647669487243281e-02,-3.501565142423040289e+00,7.862007752328127319e-01
-3.131125411067778863e+00,-2.637435433717683964e+00,-1.267969796195016041e+00,1.993640433534113576e+00,6.994606306977018129e-01,6.929859258012704970e-03
-2.650008432643861767e+00,9.193715898180290225e-01,-2.627762737702605822e+00,4.902384336759803674e+00,1.027789224049436623e+00,5.305816852538480788e-01
2.516650277521378598e+00,-8.737664038590708948e-01,3.389615067789872427e+00,-4.382272025991699849e+00,-5.511530640017580085e-01,7.698403253897319054e-01
1.042787937022585432e+00,-1.271695811621543548e+00,-2.363421430432013803e+00,2.729765354577572634e+00,-4.562993756752187657e+00,5.506179245101005648e+00
7.736780245887677765e-01,2.592346742535319493e+00,-2.883304466211750849e+00,5.818427605027561178e+00,-4.443233914684928010e+00,5.357794465998352074e+00
8.055689148517828357e-01,-3.170048772468892384e+00,-2.577900529889138870e+00,4.378583722391029553e+00,-4.385428489745151204e+00,4.978183710358164760e+00
-2.429329227743930009e+00,1.386033508001492720e+00,-8.232313188909490265e-02,2.294397994663637808e-01,1.571265054267459993e+00,-3.189357050057989085e+00
1.989908517389038067e+00,-2.803571588389901947e+00,-7.501225739314838492e-01,-2.274478160316879105e+00,-4.336169873294106303e+00,1.372909399861601987e+00
-2.745404639138981473e+00,-1.475530590668846287e+00,2.697285602485131051e+00,-3.013072755513191980e-01,5.983257669523169398e+00,-3.756850324548391296e+00
-3.143219798536716070e+00,-1.765617623393969993e+00,-1.130519370518894728e+00,2.159848411364498233e+00,1.847238985186667071e+00,5.235497390369490134e-01
-3.530668981807041362e-01,-3.348012782671556220e+00,1.033005718607435952e-01,1.652562561866443014e-01,-2.857834742549502316e+00,6.818411131741446418e-01
1.078590351994026086e+00,-1.426801609606039190e+00,1.715155830481922550e-01,-1.693110372552958154e+00,-3.433498343184063106e+00,1.471473943746094859e+00
5.871906776129467431e-01,-2.172502640099176485e+00,-7.490151969036027424e-01,-2.509579082909373926e-01,-4.023459037177386399e+00,1.661986905442058626e+00
-2.155024357396148726e+00,-7.028304521204886690e-01,-1.306474819301935764e+00,2.030681079114118770e+00,3.539011562762441443e+00,1.005072772239195888e+00
4.673917673696754704e-01,3.378401248225594067e+00,3.040611150339492141e+00,-1.441308583828954326e+00,1.821096794488352710e-02,1.079908986646075819e+00
2.531163680273140315e+00,2.353282346490914279e+00,6.392330520533837657e-01,-4.019192376517426446e+00,-3.323841309309359726e+00,6.706071970049833908e-01
-2.306020416220724734e+00,1.781634176268527270e+00,1.715433847352725749e+00,-3.046305177981351031e-01,3.630684351084698669e+00,-3.452494274692747833e+00
6.117385291211769882e-01,2.693852704289756872e+00,-2.924059180668099778e+00,5.526856451077081900e+00,-4.497865312432944407e+00,7.617722807038298072e+00
-1.022576983880989054e+00,-2.310805841671156990e+00,-3.852708255046355390e-02,2.082613964223297920e+00,-2.070874142394802497e+00,4.817813659248344038e+00
-3.489391880140159330e+00,4.458385240959072959e-02,-2.127306420993994251e+00,6.708482282065425295e+00,8.285185129154823969e-01,2.324606932239119850e+00
-1.371459995053907477e+00,-3.091780051822442310e+00,3.394204954439708821e+00,7.213709516313493442e-02,3.397797014303875596e+00,-6.128980096362284247e-01
2.079009762859544530e+00,-1.676088032296692010e+00,-3.426064934395404382e+00,1.254402989430995596e+00,-4.834013439118627353e+00,3.548307893245433053e+00
-1.216710779346879878e+00,2.453691216867071034e+00,1.971251931127563140e+00,-4.945579439128909294e-01,2.857453033606871085e+00,-7.168528250137362612e-02
-1.086038974190235429e-01,-3.492768418141140252e+00,-5.178015576884540394e-01,1.918412597382467277e-01,-3.677538099444203734e+00,1.503945097467853653e+00
2.491756817047100725e+00,-9.867260340711294653e-01,6.212474704812187554e-01,-3.943369139349186092e+00,-3.313344713237470707e+00,1.989799010897482123e+00
2.685480814007062733e+00,-1.371840865177655910e+00,3.068636758346936944e+00,-4.413697126365240031e+00,1.417587201422845666e+00,7.192051180266636479e-01
-1.036632257830295778e+00,2.574368609659491547e+00,1.619086424367624844e+00,1.395729655862495422e-01,2.281447478946210250e-01,8.781933238053334367e-01
3.100868275901097704e+00,9.152045453158947907e-01,5.437394888988027475e-01,-4.221357951724645119e+00,-3.514118966378948272e+00,8.081202862303924483e-01
2.738808805509593824e-01,2.663634872674008669e+00,2.998329988071745333e+00,-1.062097783460910883e+00,-1.337834424745198980e-02,1.811811660298480620e+00
2.424738971229521312e+00,2.401790303781683455e+00,-1.103932473674585246e+00,-2.108912463686168692e+00,-4.528017388624554940e+00,6.944839417162748108e-01
-2.161234358106423503e+00,1.547734764318773770e+00,-8.167594988363497954e-01,1.345159354110448069e+00,1.052306511954135937e+00,-2.999443460081080981e-01
8.551077595797211828e-01,2.647418490020592152e-01,1.400994110171367879e+00,-1.708164796282581666e+00,-3.398477226897462788e-01,1.175684953540509392e+00
2.650193879972878364e+00,1.658723861977674296e+00,1.921792738089119545e+00,-4.310389818481761282e+00,-4.198271897291881993e-01,5.034742990067284651e-01
-5.918058761320557082e-01,-1.121844114228468747e+00,-1.824098696244520479e+00,3.543269515353816956e+00,-3.629701422165954039e+00,4.885181457363397151e+00
-1.049397482301990259e+00,1.189828988063517556e+00,-3.440538080753584804e+00,5.602963867229018291e+00,-3.226235298331844970e+00,4.440500505642686058e+00
4.460974811431732689e-01,-1.198176918297481741e+00,2.094859013473567622e+00,-1.052700751820033531e+00,-2.600302732135973960e-01,2.207533837861041626e+00
2.181175690577611626e+00,-3.018210436330499569e+00,1.609724477944550536e+00,-4.026838267457738318e+00,-1.081894132118816909e+00,3.073908480802725607e-01
1.964997140254285846e+00,-1.266910681906526115e+00,-2.368355109680662096e-01,-3.093545671495715688e+00,-4.156506181917527520e+00,2.302951861627461572e+00
2.238882630855189682e+00,2.196467419798347365e+00,-2.420560078425267214e+00,1.736386916726673002e+00,-4.758558370024113415e+00,6.537541374898534485e+00
-2.045023967823231814e-01,2.128598433033017656e+00,-7.210963373486105610e-01,2.992708130888583340e-01,-3.580433936087069391e+00,1.036120155030683332e+00
-4.214626904179628042e-01,-1.957357231958936739e+00,2.745525236451229034e+00,-1.345555357654774076e-01,7.282082033312479163e-01,1.101646495742497400e+00
2.144861578541630287e-01,-1.301997637328367929e+00,5.620688691209103638e-01,-2.966089285820266985e-01,-3.025035852417032434e+00,9.240377507867201246e-01
-2.950713997045366632e-01,6.730706010792388838e-01,-2.235243294545954384e-01,5.285773332366759947e-01,-3.435191013213900302e+00,2.169465917815450950e+00
3.403945552762008830e+00,2.627332104222176667e+00,-1.288635878635973064e-01,-3.934421708620150060e+00,-4.223666018495792152e+00,5.838149351602155424e-01
3.097832773888346658e+00,-2.206147390187178647e+00,3.310051837581358569e+00,-4.605534790142649548e+00,-9.170736766004383700e-02,6.579908835758753183e-01
3.456015674413367655e+00,2.223809527895905802e-01,4.541298883136786202e-01,-4.250417932026870460e+00,-3.763745720334689349e+00,1.351591041363685353e+00
2.244428426332392590e+00,2.739938384231809465e+00,3.005019635476866569e+00,-4.202455911859184212e+00,-5.612516905672831902e-01,8.160721213709195565e-01
1.663046711356113150e+00,2.811288166461494598e+00,9.307875884998262350e-01,-3.281527697746916772e+00,-1.737906476870681338e+00,3.497401814652697505e-01
-3.420038226454498176e+00,-3.297257655531256937e+00,-4.780437434899917903e-01,6.238231322219583985e-01,2.214188460990398788e+00,-3.365686388542441065e+00
2.133672514625119199e+00,3.327610227665250164e+00,4.236013211146349988e-01,-3.698367179339223210e+00,-3.648628988780976634e+00,1.006896373590849603e+00
2.731948957611517237e+00,-2.714310916830753762e+00,7.132041681003817857e-01,-4.039179729430822263e+00,-2.925694356967049270e+00,6.323340372623944550e-01
-2.142067944557421555e+00,2.876456165172219137e+00,6.745768753745213786e-01,2.056755743747069598e-01,2.990219344105313315e+00,-2.966214887249569276e+00
9.836148449364978674e-02,5.505419345518038909e-01,-1.175251369215038810e+00,1.269460644780706193e+00,-3.864159071801532619e+00,3.118044626594784763e+00
1.633306127978523037e+00,2.526273442470838404e+00,1.238984799098485468e+00,-2.891410607763488017e+00,-1.138922408561794608e+00,8.522162731176546879e-01
-1.489682381101509190e+00,2.231499290841501448e+00,3.152665933460601977e+00,-6.925441531920970561e-01,2.606614188653122888e+00,-2.106538097186594349e-02
-3.491089662388985548e+00,-1.169735585988999738e+00,1.952445668928087130e+00,5.507979336105092161e-01,5.020552825317340151e+00,-3.477999568711532596e+00
1.465351822084535627e+00,-3.403169983086955952e+00,3.816293772443661858e-01,-2.656640100695891515e+00,-3.404810993219095749e+00,1.310292117573582882e+00
-2.893531683558970613e+00,-5.036984998790039469e-02,2.500384005436536938e+00,3.725562476061162753e-01,5.055194544630521314e+00,-3.340674247632607230e+00
1.739811919873742951e+00,4.032837456212456928e-02,-2.703183062018366112e+00,3.032779162969775122e+00,-4.726538040198494883e+00,6.857558561274105458e+00
-9.715138047825586654e-01,1.547575992297791636e+00,3.411417177489980190e+00,-4.382533131294908957e-01,4.085205460142177891e+00,2.061340395344783416e-01
7.721401041685629352e-01,7.289487715253146760e-01,1.903501251833663588e-01,-1.343569410888037829e+00,-3.688438806305049944e+00,9.828479568001737832e-01
2.560972919542402693e+00,1.236949664501967305e+00,9.568665474586870445e-01,-4.017480301020473377e+00,-2.169764654305213369e+00,1.962233602694318124e+00
1.303731585440059071e+00,-1.210294283054383691e+00,-4.935193127012311720e-01,-1.902551264599827263e+00,-4.219512145884736221e+00,1.678320170319826499e+00
-2.654236893432876165e+00,-1.306767004336951477e+00,1.615104947435130001e+00,2.928337109120705550e-01,4.228518196296930043e+00,-3.215821851671591958e+00
1.271043712412704529e+00,-2.387139259430671068e+00,3.246669493987193178e-01,-2.105620114219751482e+00,-3.515219108313891727e+00,1.119646642961162009e+00
3.186115518854286677e-01,-1.748871215354857345e+00,2.073471265782474759e+00,-1.417206283292073765e+00,3.874139130898777150e-01,1.156498839353196306e+00
1.319119710150225444e+00,3.379082247039887577e+00,2.551266344410864306e+00,-2.896892097041831260e+00,-3.401156609646981965e-01,1.482861294593485812e+00
1.435941707068598028e+00,2.517481352610802858e+00,1.915182230506204952e+00,-2.744759632290215468e+00,-5.979139744094337239e-01,2.427834132530341194e+00
-1.869939597079648408e-01,-5.642187323856795444e-02,1.724286388569717943e-01,-5.278360958119012736e-01,-2.967381267548784951e+00,2.153626941886078061e+00
-2.301156949796050455e+00,-1.239824509113857331e+00,-2.797117409988642667e+00,4.932073388810890080e+00,3.331696222448254918e-02,2.458891284113115638e+00
-1.092033849807067636e+00,-2.616112044662652014e+00,-1.467404251882785005e+00,2.604761815686096771e+00,-2.180246909448683823e+00,4.497589746122982568e+00
1.539703801094981728e+00,2.245425364027481940e+00,-9.802087918948041434e-01,-1.940917289428947923e+00,-4.382420223251052072e+00,4.894592284401155791e-01
-1.629557386049993228e+00,7.511517365205442331e-01,4.471352293975794367e-02,1.268295985495482503e+00,2.766383307669924019e-01,1.935537106285492914e+00
-4.654874388702743282e-01,-2.754602933427452882e+00,-2.228181411755295382e+00,5.736211978651172494e+00,-3.887986504243523544e+00,5.898519403801752325e+00
3.066012233284407529e+00,-6.634843333346802652e-01,-1.053712783599979552e+00,-2.693113992773945142e+00,-4.597267029864940291e+00,1.831187374082502428e+00
-2.625556743682086136e+00,-1.882051247449883613e+00,2.424571529314721197e+00,-1.332900465307833016e-01,7.244983489695014711e+00,-3.678387447052768433e+00
2.871172333380510366e+00,2.764161783880759060e+00,1.979050347813871014e-03,-3.894431570115970853e+00,-4.064221123735864083e+00,1.715847581248973075e+00
5.508830744264274770e-01,1.017987055477688862e+00,2.018355251587012233e+00,-7.775826434544733656e-01,-1.595209012888478828e-01,8.427896990878023242e-01
-1.441977318006967046e+00,3.194608200906307260e+00,2.431992792734737563e+00,-3.927983859150671608e-01,3.160409686653717465e+00,-4.331137667825619708e-01
2.677749803835158815e+00,2.771522483916205815e+00,3.383133378737222863e+00,-4.453191035614889159e+00,3.530355579730417581e-01,1.254992563565742625e+00
3.071006660928912169e+00,2.598491170481150192e+00,3.158616144179945628e+00,-4.580357338585629101e+00,-5.204314409136500119e-01,7.040557539212577431e-01
-2.528071465187343936e+00,1.878696925335711754e+00,3.454863533444976653e+00,-1.497374501905419097e-01,4.725570292840309605e+00,-3.583770007830660465e+00
8.905506083830383446e-02,-2.468997656762601522e+00,-1.226069923803971840e-01,-4.125450826768952139e-01,-3.287149164641025134e+00,8.517845790965292707e-01
-2.848324182620853406e+00,2.934710578031755723e+00,-3.485167444315266483e+00,7.043804604889557730e+00,-2.821317151449573984e-02,1.115785142369213112e+00
2.216085968745296952e+00,-2.429243007862179837e+00,2.523627217365719488e+00,-4.101220148924759279e+00,-7.450818410741667508e-01,3.470326753832712607e-01
5.927077262189985873e-01,-3.273040337472933992e+00,2.548577429005187689e+00,-1.498674574129827297e+00,1.223641411375554044e+00,1.137731200795911946e+00
1.921750922086221003e+00,4.765013279385730272e-01,7.501553699754346383e-01,-3.317818356212026920e+00,-2.820920876115004639e+00,6.373738726491440243e-01
7.952190440716311315e-02,-4.298601088256619462e-01,-2.316024343303457744e+00,6.317036658039587138e+00,-4.183554208336373925e+00,4.967902715448808237e+00
-3.003200244139026864e+00,-2.238015074269430471e+00,-1.800571526327370275e+00,3.941037347706786598e+00,1.249285010684970887e+00,-2.434138264048563496e-02
1.580510511005984498e+00,-2.503944082971484519e+00,1.321174297210433224e+00,-3.197185950210718719e+00,-1.211854420442403546e+00,8.868370712496518316e-01
-2.802687334907415728e+00,1.839211275098007192e+00,2.486433182855649626e+00,-3.437947697637958600e-01,5.076951100830225272e+00,-3.892558327429834986e+00
-9.716588016094105384e-01,2.468237380146920401e+00,2.891251907340357974e+00,-3.699116650244061999e-01,1.488486271415641049e+00,1.361568752147433337e+00
4.359662361983502876e-01,2.439573247577023984e+00,1.732277182436948060e+00,-1.122846659708462980e+00,-5.089185300283176616e-01,7.720240038720976861e-01
-2.983055200344474134e+00,2.483898802311208520e+00,-1.503380833541886563e+00,3.185777844179754403e+00,7.926237768552886198e-01,3.463816322648534674e-01
-2.867326247215590929e+00,1.714814353916814582e+00,2.675669909092937004e-02,9.551252541811503516e-01,1.748470317582304423e+00,-2.531362499877567451e+00
2.834176504948104913e+00,-1.813555336764611337e+00,-2.562516949934706467e+00,2.147962917658378323e+00,-4.837099130876413966e+00,5.783124195475409124e+00
3.373504722043790593e+00,-7.499764216771369618e-01,-3.329015570177024319e+00,1.001014216979193128e+00,-4.947929175112035338e+00,2.872341093157131819e+00
-2.451196454300723637e+00,-1.741094746615474254e+00,-2.692457615520876146e+00,6.006702197152039346e+00,3.182523988974672591e-03,1.152075491732931667e+00
2.670544958607495190e+00,-1.661745155099254800e+00,-2.137958597144411055e+00,1.129649005264272255e+00,-4.762227314612659690e+00,3.381058460562182511e+00
-1.305200777380773669e+00,3.675380201575384476e-01,-1.538808580877634391e+00,3.202886076328389287e+00,-2.148643138306510103e+00,3.758551708667096314e+00
2.866890179289577567e+00,-9.424713642779223299e-01,3.300343721593357316e+00,-4.512274849170250235e+00,-1.748068173926290436e-01,1.177456771891703724e+00
-4.909090215989659889e-01,2.422383530319697442e+00,6.005419105406843983e-01,-6.416089788506521563e-01,-1.993091853915731848e+00,1.207367236454547132e+00
-2.878624650321731870e+00,-1.992369444766103337e+00,-2.856417564979512491e+00,4.472720496552590852e+00,4.842454997994052324e-01,5.615530924198430807e-01
-1.058697901420249110e-01,-3.206080627541248784e+00,-2.383876687009722772e+00,4.952230418304310433e+00,-4.137848610880424438e+00,6.611662004221191324e+00
-2.532696615132179474e-01,3.052265500837497925e+00,-2.590062024438479327e+00,3.815170072514197042e+00,-3.849039472940207318e+00,7.394593537402814221e+00
9.984193178852986961e-01,-2.127011537293836518e+00,-2.976119131144871588e+00,3.300880105469101267e+00,-4.534934809358074581e+00,6.888085450921529684e+00
2.145967333592061266e+00,3.191872409316533599e+00,-2.865446345885392709e+00,1.923451670642436495e+00,-4.743987011014290545e+00,6.531738322394899932e+00
3.440926999828714195e+00,-2.980490390974016357e+00,2.084946420006245305e+00,-4.614653724208307217e+00,7.074079432690205671e-02,6.001003810297663721e-01
-1.012627947877733803e+00,-2.705540721473429500e+00,3.402696990359374674e+00,-4.979106259515112543e-01,1.094589900322184395e+00,4.205719694403922126e-01
-2.880240099220447103e+00,9.942356787164357002e-01,2.610845418752526292e+00,-3.536645728335574557e-01,6.118210309498898880e+00,-3.925387889217742732e+00
8.370969811081794276e-01,-2.347214536018305875e+00,-2.359186108205558519e+00,4.347051409577964876e+00,-4.468030935636917889e+00,5.441030445264858351e+00
3.442780364262912229e+00,2.950857733833595731e+00,2.734000146017226740e+00,-4.671781390843121606e+00,-2.978093220188029466e-01,1.485595948872275418e+00
2.230873678233843194e+00,3.477744270447180597e-01,-1.594671427414676934e+00,-1.969047234048353912e-01,-4.622195065234505407e+00,1.767375438555248923e+00
1.896616398823471883e+00,-3.253031258200854037e+00,-2.454745682513211236e+00,1.769268081086420530e+00,-4.720507664978745410e+00,4.756249592973343709e+00
3.056110480678255747e+00,-4.073941296828462733e-01,2.139729806104094578e+00,-4.503113227946383468e+00,5.855330998716179458e-02,7.794966620360634924e-01
-2.639005919773623088e+00,-2.934538752707380738e-01,-1.847334502480667329e+00,5.285739513528960209e+00,2.464632644462954603e-01,3.961509653468505143e-01
-2.158394685922151446e+00,-2.634848155234110756e-01,-1.289983554064888960e+00,3.038460937687560204e+00,6.029472623327803982e-01,1.185320508017643881e+00
-1.167982990675504595e+00,7.062840455928132144e-02,3.159487323875191045e+00,-5.124248305226074551e-01,1.467986403892000080e+00,5.035604043125783136e-01
7.507127384246068402e-01,1.460986641933533114e+00,2.651129592674702273e+00,-1.697252450438839988e+00,-4.059682461437890688e-01,1.311864475474236347e+00
-6.670342878537001141e-01,-1.949450773148841964e+00,-1.214684574751738744e+00,2.515535940263548653e+00,-3.516043668462538463e+00,3.882109764607226232e+00
2.927101036749179208e+00,2.589507749117014868e+00,3.287860293811653456e+00,-4.538166603944576494e+00,-9.571343741740168110e-02,4.385618500204765402e-01
-1.137088375450144628e+00,3.451700752860968890e-01,-3.118999652341366335e+00,5.369516089626121591e+00,-2.997031896611308088e+00,4.604648799427661032e+00
4.139866416961428541e-01,2.094328514810033681e+00,2.002895222334144520e+00,-8.831959785674792229e-01,4.806976822924124981e-01,1.499207420276591707e+00
-1.241187291246070856e+00,3.489313853426898149e+00,1.463759582983521490e-01,-5.199761826452034552e-02,-1.633990555232718522e+00,1.932514632498267826e-01
-1.235461371266171060e+00,-1.265389724010870687e+00,-1.341733007332360117e+00,1.958759757945430557e+00,-1.989811658685129547e+00,3.827046147210565685e+00
1.878743615197185690e+00,2.623310912708159748e+00,-7.543145413006899780e-01,-2.307671055191494069e+00,-4.162757536407267089e+00,1.375875080350099200e+00
1.043764264909575523e+00,2.821322297055375294e-01,-1.181061237319116941e+00,2.535706266214287630e-01,-4.323903410921221990e+00,1.609209104280477476e+00
-3.396920033741423595e+00,-1.501271332105993395e-01,-4.063884847818388657e-01,6.584596890784810697e-01,1.088629568617891064e+00,-3.388640498348263641e+00
1.510549939002665099e+00,2.399081279941797540e+00,-1.166176342748941774e+00,-8.696989582703115174e-01,-4.264501418204906358e+00,1.228466247979004500e+00
-9.191658478369673091e-01,8.161932232065431947e-01,2.211788982619740551e+00,-7.258371437143287253e-01,2.063282348547372358e+00,1.305583726839526060e+00
-2.749365362551057679e+00,-2.596671033961238884e+00,-1.944064502588494836e+00,3.880098979932617098e+00,6.687538420248934079e-01,1.563075159766835753e-01
-1.915477756436810175e+00,-3.139221937046273059e+00,-2.211596101720863849e+00,4.580022375380975674e+00,-2.147688924615532846e-01,1.765650616939116624e+00
2.668496485973744115e+00,2.716450599210864070e+00,3.250819216874372586e+00,-4.445926247987753044e+00,-1.936246070296209765e-01,2.149082885175936930e+00
-2.067349815053140194e+00,-1.811160480920626092e-01,2.113948923868409935e+00,-2.522268767107987419e-01,5.077278716700178052e+00,-2.617455666181782714e+00
-2.407590683771524631e+00,-8.806923331896663321e-01,-1.591558105119510014e+00,3.157094562622598577e+00,9.387640890235493529e-02,8.308599540883714329e-01
-1.188563175889261636e+00,1.886679365548034504e+00,-2.510337093645715889e-01,1.682612222571691074e-01,-1.209064177252478611e+00,1.176537425848551699e-01
-2.616984453300799984e+00,1.854548393619397828e+00,1.715144285446307926e+00,3.247918176722025541e-01,4.239304984678261334e+00,-3.368951269373769541e+00
1.610673592083977645e+00,-6.539350112115220881e-01,3.003127220143694487e+00,-3.422476703673264620e+00,-1.583313578181449466e-01,6.161638800504879443e-01
2.351284552734149713e+00,3.209126471627690158e+00,1.970874811191217546e+00,-4.134903857462891352e+00,-8.172635907797595189e-01,1.286277797645927645e+00
3.461799316802303572e+00,1.155037877130663304e+00,2.659075965602621494e+00,-4.672434276002918274e+00,1.793102649003919247e-02,2.259408103638964604e+00
-1.669440905765765093e+00,-3.211699665409672999e+00,1.566022076135318741e+00,-1.390354454998340983e-01,3.111230559098082438e+00,-1.073083092533515526e+00
-8.041218673046657273e-01,1.115373418312611165e+00,-2.559909800168939320e+00,4.776139242905351523e+00,-3.346833944522970228e+00,5.934287435754240114e+00
2.755231404277778573e+00,-2.957902995163535831e+00,1.696247632380787351e-02,-3.767247076600500844e+00,-4.051480802077906951e+00,6.217817145076238727e-01
1.301691892258355132e+00,-3.073197943300180590e+00,-1.671519574192611213e+00,9.873716308082682858e-01,-4.409562902799489592e+00,2.396657301881093272e+00
-4.915374327697055179e-01,2.025840612559572484e+00,8.590305930385619959e-01,-6.835480191991583077e-02,-1.031700799416582548e+00,1.580026271893810286e+00
6.525126716139846295e-01,1.176578999252781088e+00,2.748578927543635864e+00,-1.648849486803800835e+00,-5.780599705471622940e-03,9.166927955885285639e-01
1.786467118603343174e+00,3.966176548094635379e-01,-1.399226786460383121e+00,-1.507822165529922875e-01,-4.531130703555531269e+00,9.695452462653069148e-01
-3.236852625778761094e+00,3.174472057584560858e-01,-1.695533481396838127e-02,6.835824098929108583e-01,2.358790747010584443e+00,-3.219259400338295940e+00
-3.135288771058162283e+00,-5.926156203828218949e-01,2.267899190796724973e+00,3.563658042932108527e-01,6.562805915755636654e+00,-3.549892756845573594e+00
2.752780815977217799e+00,-3.429098541505863906e+00,9.167040196746514269e-01,-4.153420665184746063e+00,-2.553954206980901365e+00,8.970995776034745850e-01
2.691858983951183504e+00,-1.518666301007176145e+00,-2.230958874263753167e-01,-3.632400675924819744e+00,-4.077369184964487303e+00,1.220682428159605815e+00
-7.336550608283434194e-01,-1.865710150559402258e+00,3.471037126598783829e-01,-3.535207212941466337e-01,-1.634662063421867373e+00,2.278829222295367884e+00
6.382188693041106475e-01,5.882356575365932372e-02,-2.988853548668578775e+00,5.018896550662408806e+00,-4.518736656580798261e+00,8.136144054444830687e+00
-1.747660942716219079e+00,2.454520058231859814e+00,-3.761100019808161221e-01,4.506194081255237571e-01,-4.513648489491733917e-01,-1.743237055387649281e+00
-2.068595857312956365e+00,2.805878774606439308e+00,2.081398276434446970e+00,7.616620739579205157e-01,4.092569081479447313e+00,-1.787996369717089529e+00
-2.919422483301612026e+00,2.137076006568154440e+00,1.407794190153312641e+00,-1.192846373521464498e-01,7.835493264943885094e+00,-3.872696809065997225e+00
-1.987937978298274011e+00,2.020402191661318625e+00,-2.759916939063990604e+00,7.053870228841379486e+00,1.894325417836920655e-01,1.675141331232204100e+00
1.631669129987052713e+00,-1.662807849472446531e+00,-2.564827595092404433e+00,1.227284121503805503e+00,-4.686002141052196812e+00,5.296146648628264231e+00
-3.346449330724446281e+00,1.986889709175334140e+00,-3.101904803837715718e+00,7.547519160911543956e+00,9.082857433011994885e-01,1.198020904608966930e+00
2.978873580638288665e+00,-1.093019128081960556e+00,2.504001443713775643e+00,-4.511322718196071335e+00,1.423370139429709358e-01,1.050114682035665270e+00
-1.045571507252379462e+00,1.161961238607043256e+00,7.840301650257845978e-01,-6.869078660601757313e-02,-1.041367779954367467e+00,6.656750691465518344e-01
-2.592819686691709258e+00,2.239549216072817650e+00,-2.574795731995069392e+00,4.519375013612310532e+00,8.385024339031584839e-01,4.805777050856398502e-01
-3.277605013708070558e+00,2.259080321913905287e+00,2.009890125462482580e+00,1.332085110195811772e+00,4.488076201120144937e+00,-1.371503838169492395e+00
1.378668464138601557e+00,3.290975798900728222e+00,-1.774833701193065494e+00,2.911922950158761569e+00,-4.549651965923747987e+00,5.263093990528326493e+00
-2.265739256886370345e+00,-2.873949172149917963e+00,2.865156687956629256e-01,-3.020221493072175467e-02,3.296045301584832110e+00,-3.173326596142399314e+00
-2.340547296782904407e+00,-7.886915938630618683e-01,1.357760636662510123e+00,-1.679322888926100821e-01,4.143821615453047613e+00,-3.291752210335753936e+00
1.220197770742888821e+00,-2.867102827786873753e+00,-1.355050353320849332e+00,2.566960165244254743e-01,-4.308211579097923405e+00,1.681575670482008622e+00
2.868447794087859215e+00,3.954642014982234777e-01,1.899972495109758519e+00,-4.399324234741999184e+00,-1.210316461402381139e+00,4.358975382228925666e-01
2.457366977086586246e+00,8.263067583290801821e-01,3.487875085263212327e+00,-4.342240367480231455e+00,-1.085877763568430243e-01,1.073785006469115455e+00
-2.909436384492928962e+00,3.558776765452051905e-01,3.051683651790806806e+00,-5.260780282610433289e-01,4.364696235473625840e+00,-4.018747306561522237e+00
1.868279647002285770e+00,-2.304578594833062155e-02,-2.556014642281724036e+00,2.233685771049781721e+00,-4.736199140889763903e+00,6.581512910075129952e+00
-1.090342563090977546e+00,-2.260344416475512652e+00,1.270579135180119223e+00,-3.375229686311580490e-01,2.064036433758003941e+00,-6.169646680439005992e-02
1.997390189378007719e+00,-1.074466331623565196e+00,-2.727018052711763563e+00,3.457535356031447016e+00,-4.757087080939289336e+00,5.053630544358134635e+00
-3.241288726413756649e+00,5.293648273506601498e-01,-1.976634907738936686e+00,5.592671463863339909e+00,5.071289996799103195e-01,6.850281927129122650e-01
-1.969633309047025715e+00,1.202394620635489630e+00,3.474872970699894204e+00,-8.190547319913843438e-02,4.798202836073741651e+00,-2.649610744913393656e+00
5.633012229238314461e-01,2.839428148254929951e-01,1.949695694682631597e+00,-1.314618530111880901e+00,-8.179640694350749364e-01,6.188678306631630877e-01
2.137627811753752383e+00,3.499265871902927927e-01,-1.650416365235243266e+00,1.189080548312275720e-01,-4.638658100974308418e+00,1.943141417636195856e+00
3.426243249462815221e+00,9.191181128690324442e-01,-3.015276705543127100e+00,1.606369868438586090e+00,-4.922672745251770898e+00,4.988828659831516354e+00
9.856569691925116672e-01,2.017296353529256514e-01,-3.164347390310245256e+00,5.432286944546253160e+00,-4.615803086362721963e+00,4.997898435942934370e+00
2.002484835112841921e+00,2.336455553669726903e+00,-1.183607139821453380e+00,-1.865293220143596997e+00,-4.411637390122886693e+00,1.035729611744291123e+00
3.497157647969433292e-01,2.421555898916019522e+00,2.006450011772129116e+00,-1.034976126777776617e+00,-2.531960249334261892e-01,1.712379891785786201e+00
1.651083994065358773e+00,2.402861727479773002e+00,-4.737558956789822417e-01,-2.544098294086392098e+00,-4.183199007077628373e+00,1.106363050556938399e+00
-1.200328889835583723e+00,-8.225739695176805810e-01,3.403058836543499943e+00,-7.054708007606580455e-01,2.756335858338542888e+00,2.369563771503298000e-01
2.331312117641081372e+00,-9.755238678832252042e-01,4.338003828091783198e-01,-3.795957819228306551e+00,-3.658397996128601282e+00,6.263827144899767330e-01
-3.493905056072934556e+00,8.083229625851693356e-01,1.325890104422811078e+00,1.027701504637509311e-01,3.883791145970961090e+00,-3.905066111798075390e+00
-3.460985880093159217e+00,-5.071905393253652861e-01,-9.285611720874538122e-01,1.854256642878264305e+00,3.193048875207546988e+00,-3.438570891173230448e-01
-2.404782127523147128e+00,-6.962976039089596725e-01,1.926249680859147162e+00,2.637685672959678707e-01,6.527666510821476642e+00,-3.239816210307268740e+00
-6.153923757989150367e-01,-1.697649002275201990e+00,-6.872907791699800484e-01,9.161827531748993891e-01,-3.212036198391063913e+00,2.687798356003514577e+00
1.115756328392319752e+00,-1.938033024143946514e+00,2.336076114158806227e+00,-2.195621280282890275e+00,-6.341089822235259632e-01,1.430765793470025304e+00
-1.720416786906793227e+00,3.256919379249395341e+00,9.183062746168015877e-01,1.066276274031238147e-01,2.080081052640421202e+00,-1.022173198478718348e+00
-2.250663084878407716e+00,2.816886257008889949e+00,1.042835386756767235e+00,8.745781809732366963e-01,3.559047274489365975e+00,-1.469701151142559947e+00
2.493426109372526511e+00,1.562359462728520221e+00,-1.610212944685489589e-01,-3.532378601119946282e+00,-4.148892171679058549e+00,8.063810672873490404e-01
-1.783975131389365254e+00,1.662780138823034548e-01,-1.766800987074715668e+00,5.532871792138941203e+00,-4.756341229098008383e-01,2.723456082248260302e+00
-1.839468146416472605e+00,1.427401314369989294e-01,2.652051099700660330e+00,2.820982672933785018e-01,4.639282132596442842e+00,-1.712626164634295289e+00
3.272163791267002075e+00,2.743239489105166129e+00,1.076678003982086906e+00,-4.364542345950287228e+00,-1.786961794176471940e+00,8.207227390053030147e-01
-2.389055996352862365e-03,-3.013963921224996678e+00,3.105288360574330220e+00,7.770783763158219948e-01,1.016862202645626212e+00,2.140001358928926845e+00
-3.099801180719858884e+00,-1.148443006781260767e+00,3.047088965875675015e-01,2.961583603650156937e-01,1.087555591242546527e+00,-3.612166262981143294e+00
2.683696585731774498e+00,1.605798391771951827e+00,2.936412309862790337e+00,-4.440312460234142833e+00,-3.376074824858953383e-01,1.242412204097079975e+00
2.176152400063314118e+00,-1.421797962974157947e+00,2.338306923272478244e+00,-4.060703429006925269e+00,-2.684453662983765643e-01,4.318235439772140083e-01
-7.524194058894995152e-01,1.022194339524160611e-01,-7.861654338171621959e-01,9.164380802582871022e-01,-3.305975428349465339e+00,2.424666506605140270e+00
1.757328246508710556e+00,-2.569194355061181767e-01,-1.743677408630304182e+00,2.535072173904522330e-01,-4.589883467137228834e+00,1.806178719349667672e+00
3.303808233412302897e+00,-9.509014102386892375e-02,-5.446173917640493300e-01,-3.577546952232585120e+00,-4.424418879071220445e+00,1.041271836633785863e+00
-1.289921573205920158e+00,-1.639235175381136056e+00,5.925087353481970354e-01,1.794308584806942886e+00,-7.184938762995056738e-01,3.283341171155387705e+00
1.048217225966237898e+00,2.665490094500538198e+00,-1.878348889111006947e+00,3.346280036989266016e+00,-4.492625825746183743e+00,7.246081843025396374e+00
2.415838099037700637e+00,3.376587678205227760e+00,7.300453631045700220e-01,-3.954454128196609908e+00,-3.063423462875373371e+00,4.104666606899803338e-01
2.957422599386268836e+00,3.286450152824915705e-02,1.659508449454604850e+00,-4.349150353410107250e+00,-1.273124675796147409e+00,6.411959985673656437e-01
3.068857525216891702e+00,-6.679110579241913648e-01,1.887770022902219402e+00,-4.480559563704189507e+00,-1.040812024762485244e+00,1.406539327047039212e+00
3.047585414943741355e+00,-5.762649459111841566e-01,3.155162938917683846e+00,-4.599772051372034376e+00,-5.216620801536707708e-01,1.438990105820637577e+00
-1.397452840521732575e+00,-3.146098802009085205e-01,-9.479809887316008599e-01,1.267707149205106187e+00,-1.286508151906430752e+00,3.677966826145764756e+00
1.251575977798355943e+00,2.084543421872337987e+00,-2.977282198762768672e+00,2.273884191651054820e+00,-4.656866012878201566e+00,5.871972495341503340e+00
1.398244991151654126e+00,4.148611419378891441e-01,2.070232051756682345e+00,-2.553424444056403786e+00,-9.601560021584704119e-01,8.173553570546698843e-01
1.471321940751593615e+00,-7.087692681153461294e-01,1.958439229915105884e+00,-3.047310203615051893e+00,1.164944327064056928e-01,9.302803095743112927e-01
3.350433331257682390e+00,-2.190000559477350173e+00,3.331508818922142012e+00,-4.702083048084599426e+00,4.230774278381799203e-02,1.209407394026963178e+00
-2.869162051512061495e+00,-9.227103817222466198e-01,2.780533613024886996e-01,3.758686117812247707e-01,2.263861627751526662e+00,-3.358379642399773157e+00
3.249042370854073880e-01,-1.291944714153406171e+00,-2.499125078317903981e+00,4.453021881333851795e+00,-4.371572255122334383e+00,6.198307120140699844e+00
-3.397820135464374669e+00,2.675069593550533753e+00,-1.886696010991677497e-01,6.558897547732800426e-01,2.136363185967489642e+00,-3.158137764001871073e+00
1.766794216190281652e-01,-1.407844579134064134e+00,2.912180395862678850e+00,-8.913470992653689251e-01,3.952046352707733190e-01,7.087623301136671827e-01
-2.530581910656747979e+00,-3.419578895943655716e-01,8.731379278773720998e-01,7.665195268571924903e-01,2.493351955521743601e+00,-2.301501049417424838e+00
-1.291896921104752405e+00,-1.546779177555548834e+00,1.906096178731023549e+00,-1.318235217845014073e-01,3.092620461722049630e+00,2.513155980477229656e-01
-3.201378490956423128e+00,-2.587443880094505211e+00,-1.587534461052566570e-01,1.120356695878615694e-01,9.805471474793536757e-01,-3.837901634209331725e+00
-1.879913901729070691e+00,-1.632085305890044413e+00,3.056614878372508670e+00,-6.722474347199456357e-01,7.214412846154601766e+00,-2.491068685714296294e+00
-2.293668695356179121e-01,1.467159048040052483e+00,-2.447182441822319809e+00,4.078944981453492602e+00,-3.909541401673656935e+00,5.859349371705776299e+00
-2.796404839548682908e+00,2.202368114448461256e+00,-2.516779551100065682e-01,1.339058672887926571e+00,2.979405783853834144e+00,-1.354029820989701483e+00
2.003374461445071475e+00,1.992729817218386046e+00,-1.930814903655548864e+00,1.817347864438687788e+00,-4.664234612880965081e+00,5.239334936886788086e+00
2.369833164955426064e-01,-2.329915607723939353e+00,1.510142574771221824e+00,-3.814752355250472515e-01,-5.326243102671821550e-01,1.724201442096626291e+00
2.007451837621974988e+00,2.574729472446950496e+00,-2.392277233747797105e+00,6.697096201006120797e-01,-4.723348968680236126e+00,2.780829360979939047e+00
1.168653959180883106e-01,-2.984190011560016398e+00,3.236763455043814020e+00,-8.492917401700232904e-01,3.321865888404863520e-01,1.723551640498041548e+00
-3.370375231401077532e+00,2.257901481346803685e+00,-1.531538317096266422e+00,3.496510666628225295e+00,1.537450720329555098e+00,6.102223331014082763e-01
2.162729568661619695e+00,1.135649712168784298e+00,1.295119172778250949e+00,-3.924426677630478366e+00,-1.415846112221754494e+00,1.994663887244250366e+00
1.251730173031639026e+00,2.247362781079925931e+00,2.196540186406275019e+00,-2.844229998115956004e+00,3.484033878510650606e-01,1.302661446997138039e+00
-3.178892938346283170e+00,1.398377282901460461e+00,2.468268810276077474e+00,1.146878269381451876e+00,4.590077650316521485e+00,-1.962006873307811095e+00
-1.718237542074741997e+00,1.966731821409688052e+00,3.593439406280980464e-01,9.443963487623323605e-01,9.807947028680639168e-01,-3.126680383977042954e-01
-2.788411505919478284e+00,-5.292507385867515346e-01,-1.033997107411090965e+00,3.951802421293912460e+00,8.730880025341463124e-01,8.974873248920701707e-01
2.766907061633690823e+00,-3.219084461702343081e+00,-1.389747452387369187e+00,-1.550868822978509476e+00,-4.610559806347520606e+00,6.718001950385986687e-01
1.175622778006779612e-02,8.320971880555863009e-01,2.806655665013812140e+00,-4.436646942172098873e-01,1.310034278700247912e+00,2.413276321336295549e+00
2.889804866656042748e-01,1.507002739516472900e+00,1.893946837984428200e+00,-1.292598631860015335e+00,1.606918588718697638e-02,1.459490729084905292e+00
-8.394619825641718158e-01,-2.164584593625162867e-02,1.411267148128446891e+00,6.289099181471256017e-01,6.195789721566702379e-01,2.141196927994542865e+00
5.625370005707868160e-01,-1.726926258878515918e+00,2.062800928934108491e+00,-1.476865195582775181e+00,-1.624206536785254285e-01,1.443798927258191478e+00
1.396474040021965735e+00,-1.427183974565687130e+00,-1.749395078389639924e+00,9.557514050694894125e-01,-4.540324478405702635e+00,3.305466743254621420e+00
-3.488634984789420912e+00,-6.924432554747022017e-01,1.709273286841478168e+00,1.982518558661299224e-01,3.842945277725009934e+00,-3.805898307797312530e+00
2.947334957783751541e+00,-2.911601853057177891e+00,-1.386516995649762496e+00,-1.225486660673391848e+00,-4.641295840938195916e+00,1.282313546285523742e+00
1.941899337848376206e-01,3.420727694669756680e+00,-2.384773807599112949e+00,5.369023912876343729e+00,-4.224762960216680518e+00,5.693508784624130570e+00
-2.390879343432704918e+00,3.026368390800218577e+00,5.313197019549740219e-01,2.191192109079174166e-01,2.163140271435153306e+00,-3.249688744465275114e+00
-3.333698221907939185e+00,2.787439258929060415e+00,-5.572810327366073402e-01,9.236509335403179088e-01,2.918779698988686278e+00,-2.547278270366906128e+00
9.280958771947815933e-01,9.382265647585166235e-01,2.217144010320849290e+00,-1.881218648709470198e+00,-3.670266709682065143e-01,1.080933634598235216e+00
1.963502023193147039e+00,6.025134878526721138e-01,1.333081280001184865e+00,-3.652559215120306568e+00,-1.348320621872396652e+00,4.424903190079251258e-01
1.888235323692846634e+00,-1.738256073774633315e-01,7.026023589390373303e-01,-3.302007585707194881e+00,-2.338135708203293639e+00,7.537951527253684558e-01
-3.363095659397115966e+00,1.976925420687416057e+00,1.192574153674327064e+00,6.425568448392178222e-01,4.731380849760553176e+00,-3.335305186748887429e+00
-2.842634776404961539e+00,-2.730960645504358464e+00,-1.127934184860761579e+00,2.770346047988218707e+00,1.259375724611202285e+00,1.719356675578973537e-01
1.756171750139269072e+00,-3.177886298871923643e-02,-3.288351265276449720e+00,3.050229582956064611e+00,-4.700886750634150069e+00,6.062098901312607424e+00
1.205380624268232559e+00,5.162863035177895910e-01,2.689713758810253985e+00,-2.469449206867798452e+00,1.832119895048864855e-01,1.360507777638739091e+00
1.006591051967355988e+00,-2.618845717534710182e+00,1.250422779362625469e+00,-2.022522414987052652e+00,-1.063403351680588083e+00,1.399836074328453472e+00
3.101042887195012199e+00,3.990303932048240299e-01,3.141707371235138879e+00,-4.608785495016779699e+00,-6.573213728630811215e-02,4.192698496944585740e-01
2.502157900090105080e+00,-5.488988464569661829e-01,-1.692186102206736820e+00,7.095994967004326526e-02,-4.686634128256233822e+00,2.169654245404850634e+00
1.710349645983748168e+00,8.539256059625817130e-01,3.489287126503507253e+00,-3.732290648591545690e+00,8.534636822541441514e-01,1.398786354387839825e+00
2.534277708869786316e+00,-9.671647172447617180e-01,4.777750027013745182e-01,-3.864022259653147273e+00,-3.273132296837844013e+00,5.574493831485074491e-01
1.805782452915881464e+00,-7.687911011920918192e-01,2.270759381629265050e+00,-3.570577991407403839e+00,-1.294185297157647296e-01,1.457416700675837395e+00
9.287355529945902077e-01,5.863609077589817531e-01,4.928366721772592385e-01,-1.672448334343313636e+00,-3.299962240741080688e+00,2.118566762006953930e+00
2.550559059760281855e+00,2.523094576836626857e+00,-3.104400724889608387e+00,1.081097840042722025e+00,-4.858662858425565112e+00,4.727310023501511083e+00
4.482473155519151042e-01,-1.745948018520508738e+00,4.058875411698643632e-01,-1.111978053913932785e+00,-3.164794690371734998e+00,9.737831585569721726e-01
-2.779379216289608046e+00,3.492900993676784083e-02,-3.129824917801299122e+00,4.763652274593327185e+00,1.809798559371682325e+00,9.807030513856819232e-01
-2.278166613203240320e+00,2.020222930228249503e+00,-1.540355986289232870e+00,3.371339632684840382e+00,1.330720506683686910e+00,1.076034143965401313e+00
-7.013629441096957962e-02,-2.414610422313526072e+00,-1.857968229615683420e+00,6.708346298871997959e+00,-3.850896150349203850e+00,4.862670778271928285e+00
8.978960738590089363e-01,3.333610063177339100e-02,-1.181616815807323029e+00,4.548784991428288516e-01,-4.322515577370703355e+00,1.624957364031707430e+00
-3.376907183686563396e+00,2.584393316394892004e+00,-2.621588460564792555e+00,5.773708104412674125e+00,1.827503830582250188e+00,6.600189699968957990e-01
2.468408486740715446e+00,-2.353838258556794294e+00,3.247620932536410265e+00,-4.331279052412072339e+00,3.166713850969561372e-01,5.341702866129949268e-01
-3.199127070321119426e+00,-7.696719705763435115e-01,-2.522335419519182942e+00,6.175572083397079304e+00,1.331224319472298134e+00,7.462723006932702186e-01
-1.533772519352040398e+00,-2.940460321488966411e+00,1.375997807870845691e+00,5.760776232436419786e-01,1.778734994501845135e+00,-2.482833667583597137e-01
2.258232078141556798e+00,3.385425204700078794e+00,-1.667769433602029228e+00,1.119888939990968391e-01,-4.671524912536768603e+00,1.208735514819887724e+00
2.288421427150763243e+00,1.607700339919234445e+00,-2.333103915383223814e+00,1.349875040129510984e+00,-4.762210641226368502e+00,6.151097410267199805e+00
-2.775460611239481956e-01,3.309342722932568037e+00,1.104560230841556745e+00,-6.873886506610571434e-01,-5.123205508560962906e-01,6.353210514563983891e-01
2.172484419168991820e+00,2.638903054427190753e+00,-3.183744010234168087e+00,1.267919992272905416e+00,-4.804333476949270043e+00,3.787180023506086624e+00
-1.286100028387148875e+00,-1.415410022426826675e+00,-2.480881108836166860e+00,4.857064390761808070e+00,-2.379744505496355522e+00,6.104733333090460512e+00
2.905624244527325040e+00,2.349374695093235488e+00,1.870909524612977215e+00,-4.416236602363211361e+00,2.694297340167139954e-01,1.103202081873034368e+00
-2.719549525310930971e+00,-3.580617157829233399e-01,-3.483576642127143241e+00,6.861146139078037720e+00,-5.284247401515483611e-02,1.351017471458751951e+00
-1.281080282874282439e+00,-1.165797895638007731e-01,3.223123379894450302e-01,-3.040351697544971810e-01,-1.370433089906764046e-01,1.054936282966195682e-01
2.006624204768899133e+00,-2.844868778890193184e+00,3.052170688308002866e+00,-3.883515647593342557e+00,2.585396931184676950e-01,3.042178692425976383e-01
-5.166322444100539535e-01,-2.589823045834732440e+00,-3.441187916692955540e+00,7.023250572455869367e+00,-3.758260167037296373e+00,5.849968041915216688e+00
1.451278706386736062e+00,-2.243513994085566399e+00,-4.629224985914861534e-01,-2.122214654041351789e+00,-3.858781366371732080e+00,1.251419502252805849e+00
4.394427782674674710e-01,7.945219658421098785e-01,-6.030209832241562040e-02,-9.373773331894996730e-01,-3.718646038353720318e+00,7.731747290806791906e-01
-3.107355617663205116e+00,-2.630319253251123701e+00,-2.942380572140198325e+00,5.626911918293115988e+00,2.216023933405331936e-01,9.015467412573537898e-01
3.396462739894117178e+00,-2.753203678492985418e+00,7.367828441618993196e-01,-4.299207816607078847e+00,-2.806407347375656780e+00,8.211664423989413208e-01
1.261917852397642648e+00,-1.211037817779283987e+00,3.064930923254326700e+00,-2.963351811454687290e+00,6.311685708338288237e-03,7.242384684443583520e-01
2.306827002148839512e+00,2.014885715955525569e-01,-7.619261035521498471e-01,-2.996139621848302070e+00,-4.381381957208132505e+00,7.777620480123403901e-01
-3.117647482914833290e+00,9.318811223206147076e-02,-1.617889380387018683e+00,3.446521151628974877e+00,4.421199745449419516e-01,3.690169087144665183e-02
-1.112505905005448881e+00,-2.161790893055351770e+00,1.054788618174474557e+00,1.176066648720525354e+00,3.051480008592202808e-01,2.529083807150945162e+00
-2.224654727026447620e+00,3.400047240977756680e+00,-1.876955464061254020e-01,1.684873527819655159e+00,1.034132733886607980e+00,-1.760185050293568143e-01
1.536813381738046935e+00,-3.507003186115453808e-01,-8.783904698826789925e-01,-1.491156455004448045e+00,-4.397223524425283969e+00,2.065698110512687258e+00
-1.385360878541742391e+00,1.760790667061130854e+00,-3.481057897939410228e+00,6.611605560147413740e+00,-1.639361093854250662e+00,4.632098482022007246e+00
-5.385513741385232755e-01,1.647089964957107355e+00,-4.521959076725319271e-01,1.325915849729941254e+00,-3.357114317031836048e+00,3.878009583914704628e+00
3.149302205060237725e+00,-2.951395306516846340e+00,2.026764858079465270e+00,-4.469307091170199975e+00,-3.965464556336946167e-01,1.438935837593492639e+00
1.474674654252351225e+00,-5.753183125957725963e-01,9.103436488244120994e-01,-3.133907010589083164e+00,-2.005941623171372701e+00,5.980710807657565464e-01
1.748419934959651201e+00,2.089030607873225698e+00,1.005632677906315386e+00,-3.041014291435899963e+00,-1.599902643165710403e+00,1.392008254615509699e+00
2.960686259512899987e+00,-3.102394117313688859e+00,-2.720030111016241925e+00,1.293953402277184805e+00,-4.867367411592673498e+00,6.220973960763929611e+00
1.226757441494235046e+00,-2.683778684816460647e+00,3.059697913504853872e+00,-2.678905443106043727e+00,1.477559386582901757e-01,1.499900196653706441e+00
1.858014785084690423e+00,-3.452426816165106160e-01,-1.473078949259311266e+00,-9.561070687738926210e-03,-4.510026369906964483e+00,1.884079286525494501e+00
7.675886217530241140e-01,-3.112809841741102534e+00,8.740368157107392122e-02,-4.579019770211042450e-01,-3.623955376229722969e+00,2.133529772045694273e+00
3.049233348013067335e+00,-2.676592797855158690e+00,1.446768482559050994e+00,-4.321796836979543421e+00,-6.103324662069906648e-01,4.679659413797430667e-01
3.304671736121602699e-01,2.952516955630128948e+00,1.407456334887724481e+00,-1.170012783526360733e+00,-7.624859581201544056e-01,1.351715274751634777e+00
-1.875724204858912891e-01,-2.436300545838142817e+00,-3.283572233667792606e+00,4.699131841120505193e+00,-4.112481007699452462e+00,6.792331096754687714e+00
3.339415733099181161e+00,-3.065937465741175316e-01,6.319475255874333897e-01,-4.266853309745550327e+00,-3.344786333172617976e+00,1.996649916676525915e+00
1.855645764923501417e+00,3.692830593644709225e-01,8.047440622241071040e-01,-3.591587177759429039e+00,-2.689090859413648005e+00,3.374816516128263943e-01
-8.501476832525733940e-01,-3.241766033342672326e+00,1.810673520037342499e+00,1.342412811010597062e-01,8.236330111105797380e-01,9.139451203633931486e-01
-7.874096300057766840e-01,5.379808475692282599e-01,3.058940625410734526e+00,-3.493523024895581752e-01,5.556295031029380160e-01,1.098450259982159727e+00
9.934994413331432739e-01,-2.811757787122064478e+00,-1.056444459499616073e+00,-5.544282393997773672e-01,-4.259052486854562503e+00,1.515206864682528520e+00
5.175700602917041593e-01,1.177892338953094864e+00,-3.481106956359897975e+00,4.387975076302780941e+00,-4.444103419747014172e+00,6.228035268691067827e+00
-1.482394774281185601e+00,1.453031004885170674e+00,-3.248566181655851093e+00,6.587073488538087496e+00,-1.472605713129573557e+00,5.777154299169255047e+00
1.163329229666503650e+00,-1.052215021771670145e+00,-3.743803096287341425e-01,-1.302479621471627880e+00,-3.913563362849718619e+00,1.455840297254161975e+00
-4.870628561457825967e-01,-2.950474107151098035e+00,-2.197612913851432204e+00,5.908421377097824667e+00,-3.840059647817227528e+00,4.508137763207717086e+00
1.103498295133187312e+00,-1.043397102251797826e+00,-1.870954586992272795e-01,-1.397131195252725444e+00,-3.977440200815678395e+00,2.543406549674458450e+00
3.789916830926087776e-01,-2.865203861111539574e+00,-2.445904813974639769e+00,5.114204706970143732e+00,-4.340502084752904999e+00,6.175760056744040938e+00
-1.565247238758142867e+00,-1.535170834566230491e+00,1.864803370257995141e+00,-4.011173036075778020e-01,3.417269197557700977e+00,-1.333029073987047175e+00
1.890615213137927242e+00,-3.479044177948093619e+00,6.517317235104798101e-01,-3.494659438540272500e+00,-2.676803949390582194e+00,1.419805225346150168e+00
1.721876290799762899e+00,-2.001419601950625626e+00,-5.792305775867490070e-01,-2.676064482669870959e+00,-4.283095411249051132e+00,2.550960587752391540e+00
3.493279488134197308e+00,-3.753453582334249639e-01,-1.726079462035168266e+00,-2.004421142944231571e-01,-4.755382632823756062e+00,2.305706257000421200e+00
-1.496720976638322487e+00,-1.406664483170739999e+00,5.756597858299929982e-01,2.573707611475988255e-01,-6.475873659733039078e-02,-5.918821173705232086e-01
2.137396147290503201e+00,3.123323679223055649e+00,-3.224706275687154289e+00,2.554925042092652365e+00,-4.815986654053004301e+00,6.467334630768081460e+00
-2.769976587392266598e+00,-1.513178251263582963e+00,-5.433758641295169944e-01,8.763723759364641097e-01,4.673043859806910172e-01,-2.463846674310846918e+00
-2.915092451281478425e+00,8.599611640786974931e-01,-2.493046838282551025e+00,4.350020681340753370e+00,1.489516681627499839e+00,4.749416636198656172e-01
1.490501336079677941e+00,1.329476382539924728e+00,1.670383495262734996e+00,-3.015664679974360940e+00,-6.048709444651277911e-01,9.857774508858352380e-01
1.442190205430010863e+00,4.445956045315133665e-01,-1.291972467839237471e+00,-2.679562585671791952e-01,-4.327202522325621636e+00,1.230459577040255104e+00
4.494202489155081359e-01,2.457574384178595750e-01,-1.323584183304749029e+00,1.408477306588006739e+00,-4.209784223065106801e+00,4.194209108944708220e+00
2.094833382628361385e+00,-1.731843670200508889e+00,2.848903809603749337e+00,-4.030323934818533793e+00,-2.607997918679613725e-01,1.046165727735986373e+00
4.816785802083178858e-01,-9.230982472874944555e-01,2.168652487789382022e+00,-1.443457820258689184e+00,5.122648142244270453e-01,6.096992497302090586e-01
2.711390384106596052e+00,5.954340464377647635e-01,-3.737864130541939112e-01,-3.329656130071374953e+00,-4.355249873988325859e+00,8.681601906022995419e-01
1.189714364759727694e+00,-2.757384963412563117e+00,1.429783042049395547e+00,-1.673464781500167753e+00,-1.145451157193506653e+00,1.274870269324847261e+00
-1.882028521901587759e+00,4.459272733025350099e-01,-2.098851506266841582e+00,4.140868534396941136e+00,1.921885867156073457e-01,1.704917849794327589e+00
8.579048357652485635e-01,2.971398370989484228e+00,2.090961297993495727e+00,-1.511224991229213499e+00,1.884105620729866759e-01,8.121663178550033724e-01
1.572870943590300996e-01,2.016396388074460866e+00,-3.722997763507747138e-01,-1.919286731470082330e-02,-3.554320873654334356e+00,1.109730568767482550e+00
-1.168139500653515128e+00,3.063173465625078862e+00,1.183935798143837204e+00,-2.844822909230000363e-01,1.584129847094644106e+00,-2.980459653940753517e-01
-2.892389948306007597e+00,-1.574074201650265348e+00,5.197238404670541101e-01,9.890792364654965585e-01,2.709651301515128896e+00,-2.350024033521698197e+00
2.944781670380869798e+00,-4.960947177237127192e-01,-9.974093870400140283e-01,-2.703509276082128210e+00,-4.560752664732699024e+00,2.349297328828655385e+00
-9.776843621935649153e-01,-1.991877323392987620e-02,-8.469004548174905445e-01,1.317900568643929127e+00,-2.627238817349808464e+00,3.082568662370063439e+00
-1.661917049558840898e+00,2.883023877922781253e+00,7.528883942684787556e-01,6.872184716683720218e-01,7.526794587120004820e-01,-9.674363985477968386e-01
-3.681264164253219562e-01,-1.918980635999257833e+00,-5.712378580794368332e-01,5.053652872638244586e-01,-3.239335728657840363e+00,1.161088354421861313e+00
-9.255160688293835314e-01,2.203898368998279622e+00,7.867703992128092239e-01,-3.939430806299157872e-01,-1.510494349295183891e+00,1.327071876978628495e+00
3.438145446219046164e+00,2.556761040094368553e+00,-1.887380658530335431e-01,-3.928744477944861480e+00,-4.323494795046066486e+00,1.309226152999138026e+00
-1.796262621527428882e+00,-3.355423265585210757e+00,3.225827498170025898e+00,1.061212530552366751e-01,3.410162397124036016e+00,-1.876363014681258656e+00
-1.211623072047664174e+00,-2.088572294726645406e+00,1.169871736101637971e+00,-3.739287928478950418e-01,6.955173247072607978e-01,-3.260137285587744183e-02
-3.234525095709697151e+00,2.125923990924315277e+00,3.043051421144077118e+00,5.814422238098009288e-01,6.661551069597301478e+00,-3.344171798266351470e+00
-1.898792417843893077e+00,2.874588643319179404e+00,-2.060723417766809007e+00,4.774470353085519037e+00,-3.396273850328100363e-01,2.590892512322230168e+00
1.269525266405271857e+00,-3.121426663841666560e+00,2.270162844735020613e+00,-2.818760042670924726e+00,7.486638092966557689e-01,3.794279562039336029e-01
-1.321621694204101694e+00,6.098636920652076299e-01,3.005116677554277693e+00,-6.813579873088171368e-01,3.043309184707141846e+00,-8.056947160244823936e-01
-8.600661853701856430e-01,-1.928745677712350393e+00,-2.013234401004485363e+00,6.308254339092762564e+00,-3.322483848068775725e+00,5.095947685899789192e+00
1.100244035752210969e+00,-3.270823494784508068e+00,3.777471699233818647e-01,-2.107194446743337668e+00,-3.182812563747860590e+00,1.002362593440750516e+00
-3.004497156697592875e+00,2.758234495338858672e+00,1.851371038966764360e+00,9.518205952107468004e-01,5.290532988130423497e+00,-2.625972852915922306e+00
-1.112376558533575199e+00,-3.236880008429555922e+00,3.290399684660583191e-01,3.492783062477905487e-01,-2.048058026187309366e+00,6.948566197675523082e-01
3.023208553086798034e+00,1.708380133324743255e+00,-1.323403985361419011e+00,-1.200939842240053901e+00,-4.670174488808754631e+00,1.408609275620594126e+00
1.369124871500511098e-01,-3.196942862850117528e+00,1.036374553916315833e+00,-1.024231895159458006e+00,-1.132818838990338417e+00,1.084217528432254385e+00
-8.521079648704343867e-01,2.478024007237615400e+00,-2.708510927368420251e+00,4.364862407153628610e+00,-3.357135412637973104e+00,6.501182176770949894e+00
3.395645086898960052e+00,1.888465790186695692e+00,-1.900703155555486301e+00,1.965938265027076248e-01,-4.772847100361170547e+00,1.904690692692275311e+00
-3.327642953433591622e+00,-1.340942257272342619e+00,-8.272886067168991886e-01,2.712536946695677464e+00,1.126280903288429114e+00,-4.576690985097259246e-02
1.610430519008120953e+00,-2.825911857714643816e+00,1.460762235560316036e+00,-3.359501601221495992e+00,-1.294694675969982445e+00,6.889334424759899766e-01
-2.455512175776748407e-01,2.914994115131045227e+00,-2.891086649766938521e-02,4.436258301531892378e-02,-3.395599488786633646e+00,2.567203246001664496e+00
-2.886254086987839251e+00,2.291546862972474230e+00,2.678963209538521184e+00,1.467967238213213621e-01,4.806984295427863429e+00,-3.619125146857548714e+00
3.254313084487688634e+00,1.555068947371124999e+00,-2.598961668274249348e+00,8.100066794387379421e-01,-4.858394223871629336e+00,3.770587304566517250e+00
-9.107660164998598873e-02,-3.323989484375093895e-01,-1.281640222522858252e+00,2.363793608135858371e+00,-3.933308541266732572e+00,5.710711469923186456e+00
-2.723548385934584815e+00,-3.179919035456568288e+00,3.024594543605314101e+00,4.738695064635050080e-01,5.457395218369985201e+00,-3.033414853088741925e+00
-3.905323524175305927e-01,-3.312646412724141953e+00,-4.439376764144378207e-01,-6.591148320271725258e-02,-3.301187490234260835e+00,1.044911810028573473e+00
-1.340465206353937955e+00,-2.144955069726971253e+00,2.532448603297125622e+00,-5.907160328040759190e-01,2.407749165546302805e+00,-2.371218067204999835e-01
1.592134160271423404e+00,1.657785955757708152e+00,-1.625673855909787857e+00,3.592172534197802802e-01,-4.482090387677986953e+00,1.372775800518733380e+00
-1.539534207766148910e-01,8.341135978511937665e-02,-1.558088423835808367e+00,3.221691170527172687e+00,-3.948027714418831380e+00,4.653030010669024108e+00
-2.163087601377853719e+00,-5.201448188597970201e-01,-9.728747864307587534e-01,2.865221980921365486e+00,3.589916624167689418e-01,1.395090556283052674e+00
1.062917701122787051e+00,-7.436182774865152112e-02,-1.727503800958557045e+00,2.834581591880451334e+00,-4.483011685455264406e+00,5.471279219044459907e+00
1.369211696823581015e+00,5.436918312028939937e-01,1.637484315929433443e+00,-3.038829237147795403e+00,-1.219736465831955385e-02,1.203738683165317624e+00
-5.911892828657450139e-02,1.849495123131966956e+00,-9.250245566256340979e-01,1.251914995042119561e+00,-3.895607102748176676e+00,4.054909964657745114e+00
3.186947441899857125e+00,-3.254739184804193108e+00,7.262026024032310900e-01,-4.276888373612290017e+00,-2.695404169966868047e+00,1.789347431112917164e+00
2.766003657714609432e+00,8.972182652479521181e-01,5.194624864110997109e-02,-3.906002689687574581e+00,-4.103167718708276013e+00,2.139096600479692967e+00
2.686377015289109771e+00,-1.830605951956658650e-01,-1.312095229863317503e+00,-1.326499751442987929e+00,-4.570914855682270073e+00,9.962737821133956784e-01
1.395325630194938604e+00,-6.299735865781568300e-01,-2.278994036070194795e+00,2.499918705647250938e+00,-4.591179447233012745e+00,5.763074484467052727e+00
-1.028816365292235524e+00,1.281368818654289754e+00,-1.437055857131355197e-01,5.990996423501844248e-01,-2.480384911773304779e+00,1.659554023264661282e+00
3.220864510541038506e+00,7.564245951139190183e-01,-2.407697250878325868e+00,8.011310687059179925e-01,-4.832237196594012296e+00,2.450250615533913656e+00
2.326747801982599562e+00,-5.596962223193235886e-02,2.264306890523755555e+00,-4.195147016607009505e+00,5.261326053649495460e-02,9.326511254705074361e-01
-3.217013224581967812e+00,-1.259581771264482786e+00,-3.401555370289780278e+00,6.085637494493520983e+00,5.181059859402642465e-01,1.220378507828153269e+00
-5.889595877209532482e-01,-1.768373264018103130e+00,2.508991371670692416e+00,-3.564357617884248430e-01,4.766338731337580459e-01,1.537059311281070428e+00
1.789521955005183074e+00,-2.655128523141565999e+00,3.217240833133557132e+00,-3.804384825273524395e+00,-2.010085384293808786e-01,9.983062418371944080e-01
1.509967961876656162e+00,2.563695190365754328e+00,3.452293721266250337e+00,-3.226372787891913063e+00,-2.772917882263684630e-01,1.349610996630463244e+00
1.487969143901429980e+00,-4.358430020800945215e-01,3.014537071069144147e+00,-3.342685646829871793e+00,7.945712729232965454e-01,9.969135073426306226e-01
2.433895236132289419e+00,1.961315638613909229e+00,1.747509825976467646e+00,-4.073022589499389667e+00,-7.812761795962248623e-01,1.238687797587490147e+00
-2.239051713253572995e+00,1.911065536351036265e+00,-3.263600547184840828e+00,7.379678304819900170e+00,-3.364618832573736951e-01,2.100364495678402221e+00
-2.707242104949305173e+00,2.009327667694776665e+00,1.744361154719283213e+00,3.275986466847307099e-01,4.803592142922260777e+00,-3.179162826283306487e+00
8.121554276481282031e-01,-1.332816148315782989e+00,3.071578909982044081e+00,-1.637370130834321369e+00,-1.864370125108796017e-01,5.756871418152447184e-01
3.497667079079304742e+00,-2.215263977204001922e+00,2.135319555791745927e+00,-4.623332015401259376e+00,-8.871089244995612466e-01,9.709221774308711694e-01
3.168414311982365561e+00,1.838086572878546932e+00,-1.088107554142523359e+00,-2.845665781282729512e+00,-4.635040083629818675e+00,5.285061732796270118e-01
1.759875724622963489e-01,-3.475799798569120469e+00,-5.699750787834947374e-01,3.461191694401772878e-01,-3.827946548182367348e+00,1.973967358044792952e+00
-3.555663446359469404e-01,-9.945645891853382992e-01,2.124710529944813686e+00,8.403320751088294571e-03,2.900518160224271336e-01,1.284303939216883794e+00
5.728272107492937693e-02,2.515952956175949495e+00,-3.039812650972302688e+00,4.158636422511170494e+00,-4.125171050319701216e+00,4.999327460616308727e+00
-2.318142661735854038e+00,-1.097402720432699041e+00,-2.568924451518562080e+00,6.360000852433073781e+00,-2.216499523310999087e-01,1.473446707911070241e+00
3.254458119168687880e+00,-2.304303801952179320e+00,1.813550325945120889e+00,-4.527793719871693767e+00,-5.229193333592483395e-01,1.579460601244115470e+00
3.110345835528345759e+00,2.675018397076594390e+00,-9.663831118600061387e-01,-2.949463373282986467e+00,-4.580605441154729007e+00,1.194303464165994422e+00
5.055237184983143450e-01,-2.549139740170147661e-02,-2.994965777794592388e+00,4.217585432423544667e+00,-4.349187199310279972e+00,5.964942058360281685e+00
-3.304647803178069498e+00,5.103538050364475609e-01,-2.064238493375923245e+00,7.075119691443859438e+00,2.483294365381271684e-01,7.266391387799134849e-01
1.117324888975597119e-01,1.353608264371242598e+00,-2.787849221303579039e+00,6.457600897399425222e+00,-4.275242870829253583e+00,5.301110338246271425e+00
2.630000996414134207e+00,-1.403817977755193791e+00,-1.299095191847021269e+00,-1.827256034792428263e+00,-4.618475308927098233e+00,1.170093342828072425e+00
2.749592268292903263e+00,2.585029919694829204e+00,4.426021298191487041e-01,-3.987290847859652487e+00,-3.742581803508802096e+00,9.375313454586282624e-01
2.868601548390835809e+00,1.714915362482202887e+00,2.137945010956104674e+00,-4.424055575586785416e+00,-8.205034192299855977e-01,5.199550366816703129e-01
-2.661212609355486869e+00,2.174996012845363147e+00,9.660480362277663602e-01,-1.214997465435725399e-01,2.697586545689304671e+00,-3.709288870851473519e+00
-2.904248609574928697e+00,-1.123756218589157196e+00,2.439270152107858358e+00,5.144739308208217121e-01,4.542121020274091592e+00,-3.200661443660198113e+00
2.949001812819130208e+00,-2.945691351491661170e+00,-5.051207544062608079e-01,-3.546256224529533707e+00,-4.367276499541574708e+00,1.600121288238804063e+00
1.837045299822524846e+00,-2.151374528257972596e+00,-1.849326864581672059e+00,6.594429527942050617e-01,-4.639041520807580810e+00,2.344482815141547327e+00
5.086022434033168338e-01,4.251307635295713538e-01,1.093377819385684013e+00,-6.908024932380457672e-01,-1.634594859728530913e+00,9.628438049662902953e-01
-3.348238112913313191e+00,1.030283446619597143e+00,8.156988338226627278e-01,1.304783833726306241e+00,4.478638310926650767e+00,-1.318264519270888835e+00
3.171657081674676526e+00,-1.842674280345927951e+00,-7.825973886890911224e-01,-3.354480395545978322e+00,-4.549637640349939893e+00,2.281711267038322610e+00
-2.003901363673133318e+00,-1.882133935696874705e+00,5.440746623301535578e-01,4.158930425977213075e-01,1.781171341297500321e+00,-2.280969006892974438e+00
-1.138554138361926427e+00,-3.246757825458319591e+00,2.172160550473611451e+00,-5.275712200010895803e-01,1.183393412101552578e+00,-2.051841278049940931e-01
-1.660143419452978719e+00,1.164943658591564457e+00,1.508868284615664024e+00,-2.884020249702675120e-01,2.501913828861275224e+00,-1.719458431385408881e+00
-6.562798144334625050e-02,-3.080415565754353047e+00,2.860617012202877341e+00,-7.940926569665720525e-01,-1.169694554983684576e-01,8.847630245534836568e-01
3.163295372644041592e-01,2.032121098973710183e+00,1.639067281932914177e+00,-8.202528528629464688e-01,3.797670596493034623e-01,1.127975109784580265e+00
3.334561187884006905e+00,8.750041148307836636e-01,1.350054842800570754e+00,-4.475496419849433138e+00,-1.455880429060105508e+00,9.622019598943444274e-01
-9.706523130593867066e-01,-8.248411248374249993e-01,1.002561391483896891e+00,-5.182594350603096922e-01,3.265142529849840436e-02,2.312818343686978695e-01
2.269332258181356643e+00,8.869709633298183959e-02,-2.593166429459055067e+00,2.523095734680488533e+00,-4.734071429591908853e+00,8.023095435100060513e+00
8.766799761461907536e-01,8.734266451065888504e-01,3.011726638612347351e+00,-1.241348436919002873e+00,3.126683727435454196e-01,1.576308126871547977e+00
2.474487342427440950e+00,-2.637642992995917979e+00,-3.337883713002905761e+00,1.291421845304038252e+00,-4.860767674194348409e+00,4.721658167629356306e+00
-1.042388759370680873e+00,7.272379522732812518e-01,2.522052135086834568e+00,-6.951374577713153036e-01,1.855690924178428070e+00,2.187686211001243386e+00
-5.428083087680324326e-01,2.501198209981819964e+00,-1.749146338222180574e-01,9.442985299038626490e-01,-3.264498076927848214e+00,3.729438166665484111e+00
3.405441545472099207e+00,-2.261284879398083092e+00,2.032281754838814791e+00,-4.595657935403624883e+00,-7.253609989256277757e-01,1.012239624726205101e+00
-1.187360472709598103e+00,3.341406003584678430e+00,-1.964502303232916525e+00,5.299927058180408324e+00,-2.497029772833392336e+00,5.518849157230624414e+00
-1.112333718203218691e+00,-5.772293638992653797e-02,-3.286655395267581881e+00,4.973627078157527137e+00,-2.832813417645308363e+00,5.269253659313321236e+00
1.375456350996250521e+00,1.536735905547856440e+00,-1.329767192675217480e+00,-7.062829356921292989e-01,-4.444243230480385165e+00,8.676557424867308299e-01
2.991257803020919148e+00,2.357239184586344294e+00,-3.037757793218726299e+00,7.258910795742055111e-01,-4.881289121013677956e+00,3.858095912980076925e+00
1.696307386970551612e+00,2.917006241886419993e+00,1.334042705502843873e+00,-3.499279865602959561e+00,-1.407561645051087273e+00,1.501130968853936931e+00
-2.202872614703528242e+00,7.800596425438985904e-01,3.336967203367520618e+00,-3.130624919926444649e-01,4.805834006252888813e+00,-3.287665983430206662e+00
-2.238569642359719225e+00,5.137647716886872828e-01,6.400806961785496796e-01,1.652824340904024414e-02,2.718956847023583201e+00,-3.128628333208074430e+00
2.320114586803706302e+00,-2.916562939254672138e+00,-1.786700815160288336e+00,1.204102425409847132e+00,-4.685629924934866963e+00,4.264024678074957109e+00
-2.267196176253033713e+00,2.176666693436530409e+00,-1.628871704234765794e+00,4.985188735171881547e+00,2.936081790541013037e-01,7.463962890230355640e-01
1.683611101726517845e+00,-3.245766466353197988e+00,1.079082304658669500e+00,-3.318316850948553220e+00,-1.605612105370854747e+00,8.235751506220326812e-01
-2.134363137482683026e+00,-2.080831875852538371e+00,-1.292268314982781607e+00,2.877803864222721053e+00,1.249903524923469122e+00,8.321429256323547019e-01
1.129430066686415657e+00,6.898343538685862697e-01,-7.301720802201066007e-01,-1.273597930067126960e+00,-4.242203366357692573e+00,6.206724279825160950e-01
1.109920872278738813e+00,1.735148122227165857e+00,2.611558974845040737e-01,-1.731719947788515013e+00,-3.317607730998256343e+00,2.061282565757618368e+00
-1.971375305210685713e+00,1.145350214592955496e+00,3.409557803642898399e+00,-7.373488227980091736e-01,3.657783840909963224e+00,-2.985223381555166533e+00
-2.547248227450012781e+00,1.230648079224751612e+00,3.765772912106952752e-01,7.770897469608893937e-01,1.017217629591863570e+00,-2.290862387980650006e+00
1.582363956459214904e+00,2.814002873508640867e+00,9.898811171284087607e-01,-2.875659532506562144e+00,-2.210538862153224482e+00,8.450941010818382448e-01
3.478098125603675150e+00,1.265566038572362828e+00,-1.688581596446995903e+00,4.434809654879237062e-01,-4.755888161987465779e+00,1.976707847426843134e+00
-7.494761648681480537e-01,9.175640319640825382e-01,-1.522693508144514762e+00,5.165230607272106589e+00,-3.450419242477255288e+00,5.672377331806697676e+00
7.485150156936626331e-01,1.718976903153498270e+00,-2.909088293424431093e+00,3.742895035273765991e+00,-4.307604892605407798e+00,5.467432451025642237e+00
-2.379281710276690553e+00,-3.390860842733981251e+00,-1.461841808180688318e+00,3.453657672878872376e+00,3.053150669057375088e-01,1.800693978309940935e+00
7.023622104010218692e-01,1.893738626383136392e+00,-3.091597398626467097e+00,4.997175357153526676e+00,-4.455212660977617034e+00,1.000545495620179004e+01
-2.570334282851633123e+00,3.186177629618973661e-01,-3.057165604068425857e-01,3.814104919159380547e+00,1.894091768720813418e+00,5.903234720603109942e-01
-9.731850112013482601e-01,9.449844493777481702e-01,1.315215513114174506e+00,-4.891699221497711747e-01,5.655065796483226270e-01,2.611433575755658376e-01
6.643237486697435301e-01,2.465350588035288837e-01,-7.968646757465864816e-01,-5.293996986060951482e-01,-3.999417070454225787e+00,7.643057818000646986e-01
-2.921269771904825507e+00,-2.262600657290532613e+00,1.046826178368824856e+00,1.251764206348005670e+00,3.190196470982428423e+00,-1.618555688030720363e+00
3.283851162591924222e-01,2.767736465707382187e+00,2.675051546353408582e+00,-9.678599868137900408e-01,-1.195035567080041106e-01,1.466158914845604011e+00
2.541935963042529778e-01,-2.192897687724709055e+00,-2.608950075234802934e+00,4.848177969302870594e+00,-4.172032122133577658e+00,5.800703708519296065e+00
-2.148736052184978096e+00,9.260647101360302003e-01,-2.365326068254751668e+00,6.530508219132038050e+00,1.155287341926863887e-01,2.117229490187397367e+00
-2.791662148107255437e+00,2.549376320769106030e+00,6.446801838730831236e-01,1.080439254672473703e+00,3.299463870741598193e+00,-2.013967434748143770e+00
-2.899596615038120717e+00,1.130580618046211683e+00,1.132335635599504009e+00,-2.663398497509773533e-01,3.306245709429609381e+00,-3.894174964752968648e+00
-3.323803805725992877e+00,-2.469261808552491999e-02,-3.135908909193906524e+00,6.480340876058895638e+00,1.282241879761288006e+00,7.653181330272836869e-01
3.335836298336822381e+00,6.320077720873582550e-01,-1.818657054369307025e+00,3.646316116635051063e-01,-4.734918496872100313e+00,1.918089954857020274e+00
3.178458083971228199e+00,-2.161259433452818790e+00,9.276616144939264785e-01,-4.321654933802403065e+00,-2.536988910058923352e+00,6.485285559770650465e-01
2.061204371010863845e+00,-2.427483981268052649e+00,3.412185339071941215e+00,-4.028392810366585586e+00,-2.551862507002514713e-01,1.349720261026788437e+00
1.590752662043303012e+00,3.431553949234764644e-01,-2.913176880692506909e+00,2.221245459367394481e+00,-4.712242952527824436e+00,4.470249861690579252e+00
-8.331849080306144018e-01,-1.231027638615081354e+00,-1.620705335564132099e+00,2.972278392367600386e+00,-2.894540689455731730e+00,4.758843460985428209e+00
2.399294293290997970e+00,-1.431848726843141684e+00,3.239503360397044673e+00,-4.235456780888639194e+00,-3.171035572504897759e-01,1.256605508808914751e+00
7.517144936617103923e-02,-1.606787876003175741e+00,1.234749126265707986e+00,-9.005173577910375871e-01,-1.273129613946521133e+00,1.381086793740217145e+00
1.970434802128011142e+00,-1.157979889718165900e-01,6.422424002285529454e-01,-3.452342063880649459e+00,-2.907591824248052514e+00,5.690260904877301185e-01
-1.768964536486639316e+00,6.035693350156225989e-01,3.604109967920292590e-01,-2.441343099948581064e-01,1.636319800145673797e+00,-2.226425487383113744e+00
3.751417008073349990e-01,3.032822569649226807e+00,-1.958332112880105225e+00,2.959368416040820016e+00,-4.215984777705255482e+00,8.246174197319273702e+00
-3.487154235591536811e+00,-2.890387228592540048e+00,9.736995640448036227e-01,7.273824285423791114e-01,3.595353762407732745e+00,-3.291395394164000177e+00
-3.105941090614866340e+00,-2.083989817531302080e+00,-3.384326329842547665e+00,6.068828338312131088e+00,1.855993606357085657e+00,1.144947286921049967e+00
1.349865718242097223e+00,-2.704406597806413348e+00,-1.074355616218874765e+00,-1.174545588002041008e+00,-4.393724565184459863e+00,1.572756228298817227e+00
-7.195205125241219690e-01,2.851276740607491256e+00,-2.678403922779207580e+00,4.518661178922773303e+00,-3.560900609470722067e+00,4.663594350460647853e+00
2.791642723373915835e+00,-3.398106300403848312e+00,-5.625959487482079524e-01,-3.378998199678602710e+00,-4.250404861458040529e+00,1.441990049537368312e+00
-2.873288337409671822e+00,6.698482103381691033e-01,-2.060408662718048234e+00,4.891629041922833210e+00,1.657301039667901099e-01,6.175973080703653917e-01
-1.936751207518300877e+00,-6.168887246639398469e-02,-3.347701369456452358e+00,7.377048162289759681e+00,-4.736836694206551512e-01,2.285075106994348015e+00
-7.470609943858512736e-01,1.521644059031414642e+00,3.615099836092774410e-01,6.506245802953645185e-01,-2.512632909052527896e+00,1.561764920310654725e+00
-2.614880794265575403e+00,1.622383123710672947e+00,1.727372689677282303e+00,1.415347382948842547e+00,4.179595322029483917e+00,-8.601637943062834246e-01
1.049621734603358725e-01,-1.971755286490503689e+00,-1.082245448587560332e+00,2.289900597408863092e+00,-3.799866231368085323e+00,5.596703660043130135e+00
-3.432812635518560640e-01,9.949891475201146918e-01,-1.619423637924233272e+00,4.085626665399295199e+00,-3.685734311312252487e+00,6.256494482735391216e+00
2.013757963081602931e+00,3.002703734678246583e+00,3.232769227746040031e+00,-4.019848945834610277e+00,2.845856631981186213e-01,1.011283476716267060e+00
-2.192568596765343436e+00,-5.667425838336468402e-01,1.299537783087245657e+00,5.392703934313625158e-03,2.915480866946797534e+00,-3.172715056332926942e+00
-1.837234884932738233e+00,-2.532847248824761976e+00,-2.486337392716114536e+00,6.130921672304538994e+00,-3.358133956457115543e-01,1.679653996192421284e+00
5.086025192483836221e-01,1.196649160507727849e+00,-3.691340050412286189e-01,-6.051572295693674608e-01,-3.878881784141464895e+00,7.462496986715865255e-01
4.351778287259624456e-01,1.253294547849309382e+00,-9.708280829563449288e-01,1.548734694091453923e+00,-3.921196535542112560e+00,5.427190821808554055e+00
2.524112436717003582e+00,-3.482995742253545135e+00,2.981580642683365312e+00,-4.303736920165146529e+00,8.833798391130882610e-01,1.136105990605571936e+00
4.548326039919174946e-01,-3.367091239660249258e-01,3.161343236080575991e-01,-1.025209205078660757e+00,-3.205607110357830525e+00,8.356348025100257537e-01
-1.718157569425184938e+00,9.906776948174043085e-01,-1.016881993654705774e+00,1.484832722776006753e+00,2.956921623940882426e-01,8.029762657010199867e-01
-1.684594992061235974e+00,7.708705117295355791e-01,7.496329780954180677e-01,1.392236667868642641e+00,1.613339933566215301e+00,9.250534806004562238e-01
2.260404028454422232e+00,-5.673147941043423792e-01,1.000240475940690210e+00,-3.743361220654747523e+00,-1.947601779077439588e+00,1.242586447038724007e+00
1.987338624935892639e+00,-2.475499653255279764e+00,-3.142853351295318287e+00,2.075588824893498607e+00,-4.765485896348330641e+00,5.290012089946461771e+00
3.892970763012715274e-01,3.396541569831224905e+00,-1.537928314600126356e+00,2.535744128710846201e+00,-4.252378056983801891e+00,5.319186466625352772e+00
-6.856143055284471544e-01,3.260734646843621576e+00,-2.737454989820538032e-01,3.307726886049846549e-01,-3.139098478183130148e+00,1.117763268721938985e+00
-1.327307806856298011e+00,4.339490685364140177e-01,1.266173107501371575e+00,-2.145621394308694363e-01,1.968814221502638961e+00,-1.244075225219343217e-02
3.255718310635979940e+00,1.592532744327310290e+00,-8.773500693937590356e-01,-3.294196808148374789e+00,-4.497303728622861207e+00,4.484050949140988007e-01
3.321542421063466755e+00,-2.059691877762208634e+00,-1.230310256782956024e+00,-2.233667506998066266e+00,-4.672653302218004789e+00,1.281536746017666539e+00
4.463701939499520321e-01,-4.195818190487798915e-01,-6.950460887182141612e-01,3.171023062986616514e-02,-4.081686716918145663e+00,1.967238040116114028e+00
-2.673493120323286121e+00,2.097987716427340388e+00,2.208903462979552756e+00,1.269475705229279328e-01,5.171503032555960999e+00,-3.380230880967417306e+00
-1.375025804195226353e+00,-2.324997298425490300e+00,-1.145946988793004273e+00,1.339603400578555759e+00,-5.085838745229249724e-01,3.098896016139733867e+00
-1.117912257347154714e+00,-2.228946345326396461e+00,-1.143380009356842475e+00,1.392300266819429089e+00,-1.965841120173111189e+00,3.051648999227968062e+00
-4.189883019146356524e-01,1.233782811560868886e+00,-7.880754311079769536e-01,2.094278705533293983e-01,-3.374385122493568367e+00,2.005010555959708896e+00
-8.194967243503277210e-01,-1.216568440479877111e-01,4.197142084619898128e-01,1.337311437679900461e+00,-2.161524439825189603e+00,2.962176217527501265e+00
-1.334148853291429404e+00,2.588660436428911638e+00,8.198512621100482178e-01,3.159262111627144654e-01,1.230105605977457328e-01,5.503083361599588885e-01
2.215076962518701897e+00,1.450352148112511230e+00,1.729441101467761754e+00,-4.046238288244122572e+00,-9.528533112256796223e-01,5.470035833667703518e-01
-8.967528929061168164e-01,1.602306001497330712e+00,-9.387532902032535986e-03,-4.458680379768847901e-02,-2.331547243293316640e+00,1.370811338004938706e+00
2.211606381313677261e+00,3.193002353147089245e+00,1.679480745179921186e+00,-3.818537553827915154e+00,2.603650919324298485e-01,1.866983217665060479e+00
1.146413022783440816e+00,1.450878500987208497e+00,-4.683632703208453485e-01,-1.576221253130628996e+00,-4.107536146397453791e+00,7.617475898679083590e-01
2.823064536237662736e+00,-2.166009635835807856e+00,8.091577645625225301e-01,-4.096557906934575222e+00,-2.321864345220651771e+00,6.029473357054293547e-01
-8.798975326354154802e-01,-3.427940333451913180e+00,1.610579693874003127e+00,-3.109658280319303469e-01,8.140385582841958012e-01,8.299015349707041800e-01
3.225465823346566729e+00,-1.579882996333035194e-01,-9.114852325047895221e-01,-3.172426944848802055e+00,-4.525977122382419893e+00,9.862453620918585351e-01
-1.918804996705059995e+00,5.905514809811034382e-01,2.935849989012226935e-01,-1.257333078360737544e-01,3.724418390037815274e-01,-2.563395416786980796e+00
-2.876093238823686171e+00,-2.210622891160770820e+00,-6.291104376950031885e-01,8.308276975349643267e-01,4.112671774204543773e-01,-2.814313055622838622e+00
7.927773071060446597e-01,-2.259791395283357929e+00,2.431456128133243411e+00,-1.782884686704547139e+00,1.178180027481694925e+00,3.919770472360948332e-01
4.336035947532081991e-01,-2.923942845865410867e+00,1.104088191705212552e+00,-9.555229179728146338e-01,-6.647212428455657740e-01,1.403706789925224019e+00
1.246750343066461042e+00,-4.852252202947751059e-01,1.245913404995904195e+00,-2.691267685272997312e+00,-1.484867535293389329e+00,4.616875856933150835e-01
-2.516864260360987871e+00,1.166275979289159714e+00,1.395145762651412547e+00,6.033123929951800246e-02,4.408018208511849778e+00,-3.246590161327691959e+00
3.115652427842867667e-01,1.236732599855619341e+00,-3.213870711553128423e+00,6.190436239048408673e+00,-4.376313917142006460e+00,7.020027488020200934e+00
-6.220139856061099870e-01,2.620369481990572069e+00,-3.337087314294255869e+00,4.827242971288288942e+00,-3.304576402606296259e+00,7.564974865735328180e+00
3.310804950472874708e+00,-1.770896781690248556e+00,-4.960818731177480956e-01,-3.743070413204542479e+00,-4.435760247766332931e+00,1.154752695278026486e+00
-3.271279169276547272e+00,1.833644568437312827e+00,3.391757192422296008e+00,-4.942956966448059930e-01,4.754105155038978126e+00,-4.190667806407432749e+00
-1.169921109627399591e+00,-4.395554716998062439e-01,7.004161733571940829e-01,-1.208160392174946196e-01,-1.157015322016262004e+00,-1.648135742836491779e-01
-1.474021486687541849e+00,-2.321173652785848418e-01,-8.255784029506725297e-01,1.532724881966825992e+00,-9.864561028360231409e-01,3.381418856213161295e+00
-2.527357861637523406e+00,-1.166966820983684094e+00,-3.425238556938955181e+00,4.859768714044994553e+00,3.607199221171868420e-01,1.524422501162323362e+00
-3.489410595931418335e+00,2.703161237200397693e-01,-7.573962249604262453e-01,1.451606091657195563e+00,1.936848624133555186e+00,-1.386980044198418804e+00
-7.755397554950418382e-01,2.974393569317994590e+00,-3.461412238483191572e+00,6.661494373989603091e+00,-3.637394760570946683e+00,4.331271497085477762e+00
2.665308279619627463e+00,-3.500759187547171081e-01,1.693395938197110873e-01,-3.800702526334405640e+00,-3.824544592125288300e+00,2.433022713667699843e+00
2.753285502870789436e+00,1.905209436039559279e+00,2.261224185721916413e+00,-4.385700925650684034e+00,-8.032561378292899512e-01,7.748120753478153766e-01
2.083358090255480022e+00,2.713086923313716703e+00,-2.988587341466137914e-01,-3.226031028114959121e+00,-4.176751048913625475e+00,1.009623862636801039e+00
-2.260562481180905081e+00,1.682878887747554231e-01,-1.694460789163429126e+00,4.785160266771868010e+00,9.681775522899016551e-01,1.240674502732230122e+00
2.705714408823237882e+00,3.356689457902507279e+00,-2.512984326932287349e+00,1.686217582328015219e+00,-4.816432992700271143e+00,5.966596129677192550e+00
-2.455160680107173476e-01,3.093879141964466228e+00,-2.684250414500045423e+00,4.079642482072091347e+00,-3.993608531415011154e+00,9.537598190410092158e+00
-2.371431859316516899e+00,1.784142954757087729e+00,-2.595280420022014312e+00,6.556468271345396559e+00,7.370633182989483334e-01,1.692895887138467170e+00
-3.147978711280584818e+00,1.786345663211625023e+00,9.784000411982463064e-02,6.342591093671020586e-01,1.383131872579671295e+00,-3.132606554796027787e+00
1.174912324642871653e+00,1.673755183713051764e+00,3.038390514733447567e+00,-2.560547948247228423e+00,4.496529138749908450e-01,6.846244701387462772e-01
-3.254651552170140238e+00,-1.456292687061532476e+00,3.092844029776031789e-01,8.708011185801248777e-01,1.666650349963762157e+00,-2.894132444398338944e+00
2.969472176096211058e+00,5.941487412918737832e-01,-2.277934118273172714e-01,-3.737655077762777278e+00,-4.253049357878014192e+00,5.951967779724032237e-01
-3.191910665819885917e+00,-1.268754811587414544e+00,1.411544786314413713e+00,-2.550913177484934735e-01,6.649657141979520958e+00,-4.029505199966489926e+00
1.947695750881270449e+00,2.233854557709270772e+00,1.092323595809838288e+00,-3.549124927428726650e+00,-1.468544925649793331e+00,6.305933938139467454e-01
-2.328597718564182184e+00,-4.533128604946692342e-01,-1.980119223489059443e+00,6.233979209587571901e+00,9.265352171529643854e-01,7.158147915609672784e-01
-1.606758982201128338e+00,2.869265430448146859e+00,-8.217997053083148096e-01,1.601685287272567537e+00,-9.111589455365515233e-01,1.694163539629891968e+00
-1.990618641157768876e+00,2.148549623699814504e+00,-1.300529377027618949e+00,4.796160198739427116e+00,4.501357989060483789e-01,1.179330775909608331e+00
7.505771062988024767e-01,-2.472032345729409997e+00,-9.874820771335688363e-01,9.700100419069979107e-02,-4.174329076462403698e+00,9.236488140197932628e-01
1.650925958672111449e-03,4.488003257964701120e-02,-2.516436612214697277e+00,4.514752452362178481e+00,-4.231816219168703874e+00,7.136428932443365625e+00
1.380295346165135051e+00,6.432008133993196708e-01,1.129673609654422428e+00,-2.943835497684253788e+00,-1.271263508165328737e+00,1.988472691853854002e+00
2.752526027059259306e+00,-2.595103218458893579e+00,-8.855425374534333649e-01,-2.978932285791731527e+00,-4.442565158405129999e+00,1.017098272159121297e+00
-3.139293423592063981e+00,-4.577742702158715815e-04,-2.801498994656268060e+00,4.566960166324502524e+00,6.025621665252590686e-01,1.647800800868852944e+00
1.547895004034571365e+00,2.769682210213364471e+00,8.340957322902688986e-01,-2.990550269815186901e+00,-2.315217691224624286e+00,6.770341846599048363e-01
-1.790172200308828288e-01,5.349794564667851304e-01,7.590068443232622641e-01,-6.878634636559435300e-01,-1.968625681401438676e+00,6.663523053442133026e-01
-2.173396708022715451e+00,-1.074949352872072161e+00,-1.577442222833194574e+00,4.145832381839026581e+00,8.495086676022783889e-02,7.548894058572613863e-01
-2.917036640897361366e+00,6.898076372869157424e-01,-2.682312937516613260e+00,5.201265004192925367e+00,1.447348545651710339e+00,1.862473037248150165e-01
6.690219089588289592e-01,-2.377339356880179722e+00,-1.792878169919741360e+00,3.485549898838503857e+00,-4.261792647257737876e+00,8.951613575611730766e+00
-1.992029375228762111e+00,-1.882620648908270855e+00,-1.042758860670352838e+00,1.488462707569307764e+00,2.402382193102968744e-01,1.208179328602319913e+00
2.144192350452814644e+00,1.439278070562784784e+00,8.386974576454653274e-02,-3.260192365467062370e+00,-3.875508802884906956e+00,6.931440592367599240e-01
-7.749304013624382925e-01,2.028461250459202780e+00,5.387566742691216604e-01,-2.072404579957518589e-01,-2.124953884487192912e+00,1.569862859622009443e+00
2.875891199067453385e+00,1.157029702306937580e+00,-2.309954595448173720e-01,-3.683247933769784321e+00,-4.129361433608806031e+00,2.225147631586251507e+00
1.283595733452397525e+00,-1.484176998385801305e+00,3.369555261321745654e+00,-2.916589584847844918e+00,7.742987439888748824e-01,9.292215771974743355e-01
-1.136090127683422768e+00,2.739015851545986813e+00,2.837331148772607392e+00,1.372368353783637307e-01,1.292619590798309570e+00,7.518902822941805342e-01
3.256784400653862654e+00,-8.495947781684618505e-01,3.318492915040764935e+00,-4.674308860853473746e+00,1.339907704190779203e-02,1.948125822420873066e+00
-2.869055591336622690e+00,-7.795176824059080189e-01,1.594862972407916857e+00,-4.440515149197854505e-02,4.445226735369539384e+00,-3.764150314208085657e+00
9.358940806047932881e-04,-6.016880011766554404e-01,1.075019631057463343e+00,-9.320639208551617649e-01,-1.253012369560941863e+00,6.017931619549947708e-01
8.074720252308109636e-02,-2.911768121091427464e+00,1.515403552932770737e+00,-2.546308784137271131e-01,7.831648398072299511e-01,1.904303258386027986e+00
1.122195487969721128e+00,5.783147199435516583e-01,1.218120472617404637e+00,-1.740607901335645025e+00,-9.790238374479756089e-01,6.767887369960265964e-01
2.418149033057810371e-01,2.516231460273544940e+00,-2.409858484284479019e+00,4.120249172147749661e+00,-4.221609821819225949e+00,5.898954995627570419e+00
1.945880817383804917e-01,-3.148295905201822009e+00,-2.248781616726978960e+00,3.707724369495782657e+00,-4.226463270121947780e+00,5.354937898147696274e+00
1.951128571636317588e+00,2.253076497317317184e+00,1.761443056513726013e+00,-3.772647605433291140e+00,-4.365437543615580118e-02,1.696179716682395089e+00
3.106389239652712853e+00,1.872370547969778087e+00,1.136042252160059718e+00,-4.314313852257234849e+00,-1.776994501061401444e+00,6.441151297154499300e-01
-3.074209315944999688e+00,4.692814083872951514e-01,5.236094704100313635e-01,6.064598222071352351e-01,1.974916443093667429e+00,-3.176160203342349941e+00
6.542726643581637802e-01,-2.238807456809134955e+00,8.543286491885000444e-01,-1.115860599302774370e+00,-1.950990760289003756e+00,1.519743503528282691e+00
1.452042299013768023e+00,8.319755906295256409e-01,-3.572550323536662908e-01,-2.313820051501148889e+00,-4.125966664886937529e+00,1.985517725612465645e+00
-5.990906685622059413e-01,-1.048355460536781969e+00,-3.387399732456739088e+00,6.411441256158572521e+00,-3.693425692866698196e+00,8.372358341526188852e+00
2.375380691471383088e+00,3.342768422624871505e+00,1.721315246928851295e+00,-4.142878651723765238e+00,5.816982241668473552e-01,1.356567891433837714e+00
1.108329684023003914e+00,-1.934094531053959010e+00,2.869646556630441658e+00,-2.045548496947767969e+00,-4.236488338586608116e-02,8.647522094536002069e-01
-2.874228875798684690e+00,-2.241228818239040521e-01,-2.047425030303037463e+00,5.115076718201464701e+00,6.363996828354697710e-01,7.307582596412650622e-01
-2.826903113622736274e+00,1.004891829782417645e+00,2.475746932158018332e+00,2.586830304705151073e-01,6.572447821492055198e+00,-3.571025822658370874e+00
-4.207492621496289331e-02,-2.599970027920256221e+00,-1.833868687222484972e+00,6.348322849734770124e+00,-4.056074721292826091e+00,5.074902934531271725e+00
1.751588616503204854e+00,2.608820591023032875e+00,2.493256638466474939e+00,-3.659521975483333911e+00,-5.354589943963905530e-01,5.615984430946023842e-01
2.968261118917760122e+00,2.313624043013523313e+00,5.610422358904365581e-01,-4.180369222824405817e+00,-3.433641362262398466e+00,1.388430403484193887e+00
2.649706730073601690e+00,-1.444544547385505862e+00,-2.891581585606575633e+00,1.130560781430838269e+00,-4.846016194812975186e+00,6.115813163972998900e+00
-3.316773114020161728e+00,-3.146107584479135078e+00,-2.753921530963956421e+00,7.305395992823727980e+00,2.715762564788444244e-01,7.638208089907428944e-01
-2.505039788727750238e+00,-1.971927636106747705e+00,-1.066861267016375514e+00,1.386135162451005431e+00,1.298270509388435912e+00,-8.929803740095173525e-01
1.939013149760844712e+00,2.434912039851059973e+00,1.561758216822264345e+00,-3.753452351252550390e+00,-1.259767965907172105e+00,3.753174998266020079e-01
-2.128238375716076103e+00,-2.015295505325685799e+00,-2.491894913450546589e+00,6.562172371888721045e+00,6.550510898002523952e-01,1.712148104990714348e+00
3.110865018555021067e+00,-3.082174449772122404e+00,1.386216058370259852e+00,-4.374363058030606766e+00,-1.366316456160520332e+00,1.495729649964760322e+00
-2.367398429806911508e+00,-2.432307037049735055e+00,-2.585736475754010222e+00,6.804445237283038850e+00,1.458261169004658742e-01,1.072798731464787547e+00
2.838342219163363822e+00,-9.206676893934995221e-02,7.681002255121063271e-01,-4.142406668618023424e+00,-2.620637276623918765e+00,1.575853481276522805e+00
2.077167681615112116e+00,2.698706707077612954e+00,-3.309516023085416148e+00,2.316457337456532262e+00,-4.805197665936801421e+00,5.986643017310775861e+00
2.330305649807845825e+00,2.328159550503205111e+00,-1.932700312130070985e+00,8.321124013748606441e-01,-4.673100222227450473e+00,2.153254172730910021e+00
-3.393928429941649672e+00,-2.331550510098741036e+00,3.580872400652399534e-01,1.392767858550288396e-01,3.117201020184313442e+00,-3.864645483721977470e+00
5.374402006881853211e-01,1.312125492929462567e+00,3.453342221507300636e+00,-1.647577006565540847e+00,8.710122629322656351e-01,1.873370676647107436e+00
1.692370272935891151e+00,-1.846435915536889905e+00,1.702877799558455862e+00,-3.509603232053599253e+00,-4.328152808727895318e-01,1.471378922327465366e+00
-3.384313445097646422e-01,1.670165803941086047e+00,-2.527415823843492504e+00,5.708723489090962389e+00,-3.991199280691780871e+00,4.543074637184520981e+00
1.707154633765048501e+00,-1.101291219209688421e+00,-1.160546969313524635e+00,-6.432794296221147068e-01,-4.402486286778579228e+00,2.099446358998668938e+00
3.212965661969718667e+00,-2.786284930036498686e+00,1.449129239403951885e+00,-4.433418382588196316e+00,-1.289122562402566619e+00,1.154529069102216532e+00
2.690932833426460391e-01,-1.566949434000624697e+00,-4.479325157794225021e-01,3.987761795849709134e-01,-3.698719223109221410e+00,2.959292586652472856e+00
-2.986400212852640124e+00,2.451409064125720683e+00,1.277242173565461769e+00,-9.871950298885015518e-02,4.554565733157664553e+00,-3.759242180242205578e+00
-1.027884000826304600e-01,-3.209460621382872247e+00,-2.455055404718804901e+00,3.998327780032073342e+00,-4.046936792346875755e+00,4.508182190787666244e+00
-8.622944681484154827e-01,8.687609133080247403e-01,-1.872489563741067675e+00,5.590095757184823100e+00,-2.876495963504656750e+00,4.439069718443619195e+00
-8.967489702467292823e-01,2.680115643808189674e+00,-2.743161348562673574e+00,4.296196398069194622e+00,-3.059587878268310135e+00,5.842755694870173322e+00
1.544221119659496821e-01,1.153727113944603921e+00,5.196194168691645743e-01,1.530960041438484964e-01,-2.615277562878671969e+00,1.357137497347262967e+00
2.977258600682793244e+00,-2.088636350230803629e-01,-3.196177051535280533e-01,-3.563765282203937623e+00,-4.263282555628486570e+00,6.872072280128239674e-01
-2.372108746736388163e+00,2.933822570964876419e+00,1.020702600302985097e+00,-4.372050051587289543e-02,2.379497351681805650e+00,-3.140135608619574192e+00
-1.663394522272372278e-01,3.224373639620612408e+00,-9.618530705019630034e-01,1.270808370304291390e+00,-3.697598602167437853e+00,4.222959366954531113e+00
2.797223767082994250e+00,-2.173187273667725350e+00,-4.433331513016276482e-01,-3.395816929442069032e+00,-4.389769443779464098e+00,2.895266489819652733e+00
-3.102710782455361027e+00,5.435545176257550182e-02,2.923837010180049489e+00,-5.534651760275838273e-02,4.308185711196071743e+00,-3.913924218409190026e+00
3.667472686672059723e-01,1.241120368949108155e+00,-1.527820601669853673e-01,-7.849359582494523924e-01,-3.676568369780018664e+00,1.604833838692030668e+00
1.200734571142726637e+00,-2.886401753705420958e-01,2.720356307115582517e+00,-2.531165892619934965e+00,5.030492369581083256e-01,1.346208131419452725e+00
-3.415854794691270957e+00,2.248984056442210111e+00,1.096688326743732844e+00,1.135701581898705737e+00,3.897766256352505287e+00,-1.974026243307982043e+00
-2.586324869664563764e+00,9.864378317069801838e-01,4.660721189330754299e-01,8.212104680484937358e-01,2.767838121279735830e+00,-2.432665771244510111e+00
1.269327868786775504e+00,2.917088781219243643e-01,-1.678460431840141043e+00,1.949299521420381875e+00,-4.417014772859920058e+00,4.489004269884090625e+00
2.636961732462855146e+00,1.228687593346336371e+00,1.234501645377961587e+00,-4.182922470231373424e+00,-1.560661445360325361e+00,3.252099325757096815e-01
-2.423965416984529053e+00,-1.634250583829653047e+00,2.580007001398234578e+00,-3.025228338988452115e-01,6.574413826157573304e+00,-3.596949858834707303e+00
-1.423650839332225804e+00,-2.021233332326876297e+00,6.493940730764080627e-02,-4.914762608602424310e-02,-9.520421389013922209e-01,-2.823948255643224936e-01
2.009738048384219766e+00,-1.859804293347659510e+00,3.221033746283660903e+00,-3.994710261485962199e+00,1.396069745601337120e-01,1.403401655409053150e+00
1.859327841541833948e+00,-2.855128061596814870e+00,2.273086811384449568e+00,-3.823163478107487911e+00,5.058180092768878033e-01,3.049983241799865130e-01
-3.172151692704858306e+00,-2.992732930202174568e+00,-9.414535335825124918e-02,1.406902521980844867e+00,2.316188229049966019e+00,-9.901139602833423092e-01
-9.617002714882127989e-01,-2.093348207480651979e-01,-2.037734511168164619e+00,6.070486082607320810e+00,-3.097388975458022387e+00,4.895321986272400672e+00
-1.061118859303958217e+00,-4.740524867028916844e-03,-1.532772945842870715e+00,3.336935676870195877e+00,-3.009986924770580163e+00,5.106786706722065361e+00
-1.440890292164999753e+00,2.726288409675321489e+00,2.880925402950984981e+00,1.665446893819718666e-01,2.904381753156485502e+00,-8.044540975734504329e-02
-1.699031618593576098e-01,2.898621310322092803e+00,-1.731468443549720515e+00,3.583660767592171226e+00,-4.041822170277074910e+00,5.996604761951306983e+00
-1.927670582430699220e+00,-3.896973520908209032e-01,2.624550922271247089e+00,1.107813124670311566e-01,4.624925726306914342e+00,-2.563167434499478592e+00
-1.780845434490643697e+00,1.028388625859308014e+00,-3.292192265084089797e+00,4.611266792400512848e+00,-9.359672872619179129e-01,2.157123461234272899e+00
3.218231233531682278e+00,-3.143773231866073381e+00,1.918544000070508737e+00,-4.521572781175803080e+00,-5.770917326698602468e-01,7.365602680371646782e-01
-3.458228064645860744e+00,-1.929528991872778487e+00,9.335703232701426657e-01,5.891869372882002631e-02,4.983832433920984073e+00,-3.928049022691025183e+00
-2.212463521409334000e+00,1.652671166449587226e+00,1.043735925225330874e-03,3.507743493803722190e-01,1.832119426685312469e-01,-2.916465613660238265e+00
-1.431820255617561877e+00,1.922487574325407955e+00,2.609253795649220109e-01,1.863336463461000014e-01,-7.907427804851007158e-01,3.775694116257474198e-01
-1.813303578787453407e+00,2.839939956303155988e+00,-1.365172880809818690e+00,2.310246170008829925e+00,-1.077121364321148578e-01,2.221518822221578038e+00
-2.306362696811401491e-01,-3.259275205526700248e+00,3.239360216983918406e+00,-5.289595190587633722e-01,1.335644502045303106e-01,4.713748324886572472e-01
1.027052671655193095e+00,2.596528459407207556e+00,2.896749309278583873e+00,-2.163718676629687643e+00,-2.800608014149330582e-01,8.890325774699013861e-01
-3.113017281859439045e+00,-1.714825750731814091e+00,2.591496055143789334e+00,-4.331043790767041823e-03,5.084138909823032293e+00,-3.893412751175787445e+00
3.628186732217417720e-01,-1.726090920503569492e+00,3.375461571864820876e+00,-1.108966822611523240e+00,1.955293459589348970e+00,7.919245532132452858e-01
-2.152336480402146979e+00,3.493653387794743104e+00,-3.276141178480970861e+00,4.645681320940881598e+00,-3.835819638488251471e-01,1.183769350430827760e+00
-2.903901438335048102e+00,-1.637965145544037160e+00,-3.200967341407863653e+00,7.957045308535458439e+00,8.981487215674883728e-01,3.322201246960930776e-01
1.717700210409050854e+00,1.638541499495094200e-02,-1.593824151274989998e+00,-1.159364701481063742e-03,-4.564909340128248338e+00,1.177129665512532730e+00
5.766829400427386787e-02,2.741761050840301195e-01,1.691817944218899861e+00,-1.040797829826873855e+00,-4.317184229202483126e-01,8.798889250476780166e-01
1.969324729565726351e+00,2.421036236007735098e+00,4.468779236147191192e-01,-3.519196404969139103e+00,-3.456219574514450166e+00,3.498224746738343716e-01
-2.115826489968154256e+00,-1.567780141092089963e-01,-2.194127307612913746e+00,4.791780018060521229e+00,2.689569891382743716e-01,1.842352122578379214e+00
-1.388578650274612691e+00,3.320124118295551874e+00,1.390820755977451029e-02,2.605194562236356481e-01,-6.350620695969607654e-01,-2.210337039401549797e-02
-2.260864070183407293e+00,-3.056359789508125591e+00,1.612451961811396828e+00,-1.587041342694402446e-01,4.672204976746084704e+00,-3.321012135629934026e+00
-3.085259699882635598e+00,2.787601984118448506e+00,-1.896557416215057579e+00,5.685972164919406602e+00,1.729286594618464568e+00,2.344069375175621139e-01
1.798137780654758267e-01,-2.546458787579137351e+00,3.374271988080395523e+00,-2.940540740659278729e-01,6.118669698072848329e-01,1.956934110955113049e+00
2.528932156009473076e+00,3.355625119176540494e+00,-2.448304775832268021e+00,4.693748175049855531e-01,-4.797032509532810352e+00,2.354417643625817291e+00
4.137568728259077844e-02,1.716747277301540642e+00,6.454559614566495185e-01,1.769126659094300003e-01,-2.165456015683683511e+00,1.729538976659370064e+00
-1.700102193237503778e+00,-1.831849881260803059e+00,-2.710353577195107722e+00,4.681445212654730348e+00,-1.097331929492802560e+00,3.464388896578647348e+00
-2.010386349828316099e+00,5.087595432491172076e-01,-2.645170478597151487e+00,4.508242799661351441e+00,3.538140343450668635e-02,1.559539298263770135e+00
8.969680212723956103e-01,2.367871560853293644e+00,2.035894356727815158e+00,-1.921617558059957487e+00,-3.291208753268452525e-01,1.755604106817318266e+00
2.723178548175535951e+00,6.359141650003712343e-01,-2.403659629917679563e+00,6.107858712003654267e-01,-4.799216832642341224e+00,2.733232945104531186e+00
-2.322833472531078858e+00,8.330218817294348099e-01,-2.958482839260314634e-01,3.469492582123814839e-01,2.304031709875997702e-01,-2.997790037363859295e+00
7.004295534147848556e-01,1.331307979965936639e+00,3.034295273163669648e+00,-9.506070874553423922e-01,-1.374958925550579525e-01,1.094291633117993490e+00
1.182593402946908512e+00,-3.200559064569989509e+00,2.593368893667595820e+00,-2.655787223565495569e+00,-5.283679882932892369e-01,2.218756227351819099e+00
2.875476620335266631e+00,-1.574307425163065322e+00,1.803963449232564464e+00,-4.352929153269105456e+00,-6.617599504823845624e-01,1.358465518740282096e+00
-1.340936094543903501e+00,-2.942394672163232805e+00,3.436079373315974017e+00,-1.180808535843946849e-02,2.101569596097598858e+00,4.231194820073126417e-01
-1.261811774785188689e-01,-7.488863374794454408e-01,-8.040135914689736651e-01,5.770294733736545112e-01,-3.681470084552044497e+00,1.802204138215253160e+00
-3.364953453032581532e+00,5.896500398993058667e-01,-3.921612378423677825e-02,2.115649572855229366e-01,1.184253663733201956e+00,-3.846032639234738593e+00
3.402123759280246240e+00,-1.098001578514339549e+00,-1.479233644741015929e+00,-1.079972063779226499e+00,-4.718885667512922488e+00,3.109059623182972132e+00
1.854983653137317390e+00,3.323688550588600243e+00,5.500135162860075866e-01,-3.380807044283404839e+00,-3.303860545380053804e+00,1.500611026814517412e+00
-1.868135695644460803e+00,-2.704666158503581386e+00,-1.808783182264142475e+00,5.464939487951996355e+00,-4.302246666488539484e-01,2.167567118835539208e+00
-3.282679427295228880e+00,-1.851023669159608698e+00,3.418376492319596949e-02,7.099670812424011546e-01,2.038934230005711612e+00,-2.966676541097677866e+00
3.062370485465002012e+00,5.585479775440749250e-01,-1.731298812012496580e+00,-6.692303477874143036e-01,-4.745328087678010398e+00,8.442985638042626029e-01
-1.860155585205980344e-01,-3.021541577120528288e+00,-3.472852977811153430e+00,4.860789969458995330e+00,-4.148020786090489409e+00,4.801321382618840339e+00
-3.209459342116993241e+00,2.633305655681406066e-01,-9.478066515478706933e-01,2.243077916178137343e+00,5.150356323193742147e-01,-3.092304999624544970e-01
2.633850690888550616e-01,1.438288476874963528e+00,3.345201842753332322e+00,-2.479855483174242536e-02,1.926958321810074981e-01,8.922824166705600746e-01
-2.206358861339639432e+00,9.439410171484370338e-01,4.605262860545131787e-01,1.054026404788437787e+00,1.771185530101121453e+00,-1.453123615511121791e+00
-5.367916874069704747e-01,1.208784386566842173e+00,3.421426036111827607e-01,1.670306922517788006e-01,-2.188640985636828962e+00,1.379872151442147699e+00
-4.385326619313225649e-01,1.421417236231123482e+00,-2.116326888220626312e+00,4.025593833474922612e+00,-3.740642423437191777e+00,4.911790923570590550e+00
-2.939147497869339265e+00,-3.008223882706919206e+00,2.478189374856990312e+00,-4.061954266374611655e-01,4.633253750815473637e+00,-3.954014311115162439e+00
-2.356204973436204497e+00,-3.143787918397339176e+00,-1.663623531045570925e+00,5.172303127838764780e+00,4.260221545432718582e-01,1.387888452074906187e+00
7.568111750569448404e-01,-3.248628412635656382e+00,-3.065372923663129967e+00,4.051731448056727025e+00,-4.493142855820105197e+00,4.851107808075089345e+00
2.401475545936337497e+00,-2.330592169900723043e+00,3.326441912051054217e+00,-4.268093867868381963e+00,-5.534078658851243615e-01,1.912133686147674094e+00
-3.252152954711871047e-01,1.245765263072370566e+00,2.214719941472180764e+00,-7.553621617945791566e-01,-1.105458351008544587e-01,1.196493983108691594e+00
2.602206459186622745e+00,1.544847491358261493e+00,-1.803345506910826401e+00,4.891576270614104160e-01,-4.693021390370772927e+00,1.711763125018095133e+00
4.562460220153954360e-01,-3.234225547680050994e+00,2.845387913206405273e-01,-9.712744122005529945e-01,-3.105619361380070220e+00,2.367298952255294076e+00
8.061962941494478230e-01,-7.522413161976055918e-01,-1.016206126376459906e+00,1.973016877035022709e+00,-3.976997996839069405e+00,5.990250931609590879e+00
-3.431794541879451543e-01,2.110761566741818918e+00,5.490745506143568377e-01,1.081167011501523501e+00,-2.139268761682608933e+00,2.570540678484268149e+00
