3.431047586438294994e-01,8.310534801767168744e-01,3.029806683739876938e+00,3.258935325107350955e+00,1.870485169670221159e+00,-2.360209715170919154e+00
-5.777480778550300178e-01,-1.577603104055970595e+00,-5.949111991838155866e+00,2.882559549148772327e+00,-6.262523408563606120e-01,2.512554506738569060e+00
6.222857402215551392e-01,4.197529796036705285e-01,5.228667997858788219e+00,-1.700389623470599965e+00,1.811751081532713803e+00,-3.196093173832339929e+00
-3.256905508885968858e-01,-3.357844274007505181e+00,-2.551981396799289925e+00,-8.765544394873256984e-01,-1.615682276946274198e+00,-4.333256497470872048e-02
-4.420538628165922579e-01,1.151852793749875481e+00,5.889881200154635010e+00,-3.149207622937448381e+00,1.773920030613642229e+00,1.650246826571111214e-01
-4.877679632916214758e-01,-6.844020388946168154e-01,4.568266638052462802e+00,-2.945349409383858141e+00,7.985193531639203091e-01,-1.191440961318082081e+00
-5.544507924545810651e-01,2.808715326628148823e+00,3.366666665669868941e+00,-8.637776811830528700e-01,1.978356365901832170e+00,-3.056956080238197426e+00
3.360594333103411602e-01,1.671881360792043303e+00,2.167085701676510379e+00,-1.463552140770895793e+00,2.393695566857221735e+00,1.893641617745231542e+00
-5.946218856603410208e-01,-1.576547230015353129e+00,1.354206303925766575e+00,-1.150954024969274236e+00,-6.769393754920011164e-01,-1.144540175688156580e+00
1.723382425555196884e-01,-1.079058428697008409e-01,-3.006367525068395885e+00,2.393372086108900731e+00,1.578492431335326573e+00,2.472587270868385367e+00
1.586707407105943490e+00,2.452627032840180021e-01,1.774813196105058388e+00,5.051256948015376835e-01,2.631266545653080602e+00,-1.790330748301201425e+00
-5.382019779927609271e-01,3.191373677955069432e+00,-1.615679133984295746e-01,-2.092883255306867696e-01,2.093363018448836321e+00,2.587994247483293542e+00
1.494972403248610027e+00,-3.151820905547078056e-01,4.159327494477512488e+00,-1.928938731064015366e+00,1.849040113832944643e+00,1.200114439238893382e+00
-5.264670324301365945e-01,-1.067615738942562675e+00,-2.919491329016026260e+00,1.822691591163430047e-01,1.728085182491860272e-01,3.622748564741553601e-01
-9.632245828929880682e-02,4.370383129878963047e-01,3.193321511407130053e+00,1.973847695571365968e+00,1.644569953034192178e+00,-3.304558782036565834e+00
5.949516973351400839e-01,8.611380131298318474e-02,2.492776151965819587e+00,2.949190451383636002e+00,1.693121054501454115e+00,-2.949309287475291086e+00
-5.429508803135474349e-01,-1.075255857460253761e+00,-1.235105596922005944e+00,7.491760514483498667e-01,4.815286982069287847e-01,-9.744654881156318282e-01
-3.732472152288121015e-01,-1.086100881882235303e+00,-2.791443539063770407e-01,-9.172443683523834324e-01,5.715641364336477848e-01,-6.472089961456868323e-01
4.233251997515466991e-01,3.123647925235188971e+00,7.902862413767865135e+00,-2.080489868248247998e+00,3.141198374123030934e+00,-7.451406493602141801e-01
1.608684158662340435e-01,2.942008707639413245e+00,5.148824050936811059e-01,-2.323373199712035486e-01,2.725979485742950015e+00,7.941017579215996491e-01
3.128424614862826414e-02,3.174010949600736708e+00,8.794190342696797558e+00,-1.962871306090423706e+00,2.510603590961782317e+00,-1.216708125184108980e+00
6.350520504645738029e-01,3.044023235095908220e+00,4.458922193471371642e+00,-2.798839981470243821e+00,3.110807401473489886e+00,1.210354528110259231e+00
-3.567017367747341572e-01,-2.737403613312371142e+00,-3.284427584479448381e+00,3.317961043057150228e+00,-1.368143639374982401e+00,-5.060657474513887699e-01
-5.639518773336248403e-01,-2.182178157191462020e+00,-7.377626636566312346e-01,2.001362540265760437e+00,-1.164588076106841008e+00,-3.202421326323038109e+00
-4.343704490768729998e-01,-9.683475426618679549e-01,-5.278841748718583471e-01,-3.355621979406917088e+00,3.709667282764380625e-01,2.981395314613666692e+00
4.641952903468010150e-01,3.063079407384738495e+00,3.097621589494882755e-01,-1.393776510139722813e+00,2.800857883571471252e+00,1.330169521578826064e+00
-4.216929306358406793e-01,-3.006802392716807937e+00,-5.443248161606256019e+00,-7.141094522056632421e-01,-1.487636685548166415e+00,1.971797451158726844e+00
-8.807588940324739823e-01,2.400557435880465995e-01,4.808106726837920064e+00,3.025917066871026684e+00,1.324458744374097385e+00,-2.301360321700502531e+00
-5.927938980147793302e-01,-7.911952588536199649e-01,7.249273215009501836e-01,-6.464833401938863133e-02,4.636517828910933781e-01,-2.099222697923937453e+00
-6.502076903913981409e-01,-1.148036768005211705e+00,-4.077880168995676513e+00,-1.110126833648923395e+00,2.729116611901094558e-02,2.890091632942854538e+00
-3.775319761514370764e-01,-1.839471451704955296e+00,-3.191490623444465768e+00,3.802354797813265463e-01,-6.204778154129619860e-01,-2.599948665953770721e-01
4.207822360310209397e-01,1.728404061636350519e-01,3.850750966049237167e+00,-9.053876342759887841e-01,1.714148233873558302e+00,-2.748748383080274582e+00
-7.102814287031762319e-01,-1.272613698128396198e+00,-2.529721639056114135e+00,-1.474244997027612136e+00,-2.863110534101823701e-01,1.782695245015800900e+00
8.999567108795840376e-02,1.853552239914427524e+00,2.555651828114762658e+00,5.569548570815250343e-01,2.234275915572866644e+00,-2.492543207327341026e+00
-6.809615637444522696e-01,-1.659289784720116456e+00,2.118076791260513403e+00,-3.192516378540286581e-01,-7.507473461872631315e-01,-2.989810330232057112e+00
-7.683815045107329489e-01,1.290390751209775644e+00,-2.306511880234837442e+00,3.055384757655584593e+00,1.669788278867631703e+00,1.568923006647752416e+00
1.767844122937609341e-01,-2.118534377380512090e-01,-1.863670756847458865e+00,-4.336928574935905445e-01,1.510156940953219173e+00,2.363856720030611314e+00
-4.782868261372054119e-01,5.949004731936815560e-01,2.803947934871935388e+00,1.050941946168880925e+00,1.589880048785261568e+00,-3.103182296422056119e+00
-5.650274378123569807e-01,7.901519580925571162e-01,2.539616543441058916e+00,5.767711125417518403e-01,1.657358626242490196e+00,-1.150437648588061634e+00
-3.371882664007657682e-01,2.261788844055034886e+00,3.036077588949976480e+00,-2.003162034996607943e+00,2.050173759592200273e+00,2.740136256348907118e+00
-5.787846573091536273e-01,-2.352808578630834369e+00,-1.256166123240880728e+00,3.481629269013284400e+00,-1.258707216782340987e+00,-8.814535647668719776e-01
-3.028346323608751417e-02,9.581967366349299908e-01,-2.250224601424623661e+00,3.442164561021899161e+00,1.884888412609440511e+00,3.064830965240256333e+00
-5.969032489123976548e-01,2.446540627007562030e+00,4.185303102387434748e+00,-1.235746017798410090e+00,1.965296628762782438e+00,-8.620138187578398892e-01
-6.224230616832271412e-01,-1.472137331857064080e+00,-4.227482512434348472e-01,-2.957522545117933888e+00,-4.994370966322754235e-01,3.340542262050066213e+00
-4.225075680758821894e-01,-3.145105832820223490e+00,-6.075282457231955036e+00,2.417271336309827490e-01,-1.554489148139513555e+00,1.764838873548163711e+00
-4.058091386025746705e-01,3.497397819335290592e+00,2.585947466834935149e+00,3.192719813552058916e+00,2.238372932337882482e+00,-2.233200898497399223e+00
-3.963441336995615627e-01,-9.866831459371732116e-01,1.669329861809385473e+00,-1.537244195889759801e-01,6.259965880650876224e-01,-3.214301741801357970e+00
-4.423775167488120941e-01,-6.270404396450057760e-02,1.364833265240042337e+00,2.215159312112593426e+00,1.236141266134779704e+00,-9.368697590546286591e-01
2.201372439175516837e-02,-4.448098837285994200e-01,-2.817317477862014474e+00,-6.418716283517458265e-01,1.330674919381254595e+00,2.598496382270042204e+00
1.353900932159005921e-01,1.909959947617797305e+00,-1.815052289187381263e+00,2.563452431821864330e+00,2.370510375132812264e+00,2.790652867812548621e+00
-5.080893675358909567e-01,9.064800659286778028e-01,-1.248907771014571955e+00,-6.007167774206436661e-01,1.712355225943138715e+00,1.548066486456413315e+00
-8.793267036921033342e-02,-1.877076740910323949e-01,-2.872765062409489367e+00,7.668636011849461198e-01,1.477381531079787536e+00,3.000107997582188268e+00
-1.029205272152528439e+00,3.191084772683550064e-01,-2.457206431803164115e+00,1.924343870665769174e+00,1.330324290758157835e+00,2.014664295102337910e+00
-6.087436153736195399e-01,-4.797004673099252159e-01,3.277231599062871314e+00,-2.142179163939609055e+00,7.611757144491404503e-01,-2.949250036118522544e-01
1.458534530782542360e+00,-2.577085062960096096e-01,3.795461151778754871e+00,5.753843401002232127e-01,1.759265503621840532e+00,-1.230225654630156207e+00
8.776915604041809482e-01,1.468246483952340142e+00,5.167001393018074040e+00,-1.519706391141024238e+00,2.404071679698982500e+00,-3.177590103942474542e+00
-3.229594338797417419e-01,-3.236248868184757654e+00,2.937348630599179167e-02,-2.511326626341443102e+00,-1.578876012166798182e+00,4.302954359412698437e-01
-2.255417335382947641e-01,1.316827164680081097e-01,2.845669861601981765e+00,2.415867396100637166e-01,1.541741359198978367e+00,-1.213827771545502809e+00
-4.279945655477117583e-01,-2.775954335230260028e+00,-2.266305065214399672e+00,2.618601184913423197e+00,-1.383643286877074718e+00,-1.922166660504269542e+00
-8.819331772458860463e-01,7.537023858215707861e-01,4.595454583724793096e+00,-4.481713232506638889e-01,1.578337977430456673e+00,-2.493200080175722810e+00
-1.764630622276829042e-01,4.424564404654507399e-01,5.144629977491670836e+00,-1.514198736296541448e+00,1.629619024059005605e+00,-2.927822630325845665e+00
-2.999727908722021330e-01,-4.221527979746291237e-01,2.615263827134501895e+00,1.155739157232096304e+00,1.271422602098738031e+00,-3.243562748408109542e+00
-6.155409083975571516e-01,-1.531753689573196908e+00,-7.864847584189333940e-01,2.278585607301870652e+00,-4.740712124156910567e-01,-9.350612410926850693e-01
-6.424813720494880753e-01,-1.065484695093280809e+00,2.404688991414916543e+00,-2.769928810076549563e+00,-9.556620249986230720e-02,1.711624644929995220e+00
-2.148828946857916367e-01,3.438149342097855943e+00,1.074207750032925190e+01,-3.007501191871309043e+00,2.400656382969815983e+00,-2.369359456875981262e+00
-7.181847157183272046e-01,1.724656894768953563e+00,-2.062496363388047094e+00,3.058007204802494883e+00,1.801879524785400699e+00,2.628408777023023113e+00
-2.344342044303928674e-01,2.625868451721391494e+00,5.249421468113398603e+00,1.221822133004478061e+00,2.065371651286989518e+00,-3.345936063591048892e+00
-1.689434055774787780e-01,3.020861288941217637e+00,-2.168542856533077323e+00,2.841276744001094201e+00,2.367989849230865307e+00,2.917331857598457034e+00
5.565517068599967754e-01,3.849007381358648949e-01,-7.281104153544243340e-01,-1.359144702677021588e+00,1.829469505599652823e+00,2.028057420427607838e+00
2.806298602562976030e-01,2.725304739596328574e+00,6.705276772526453044e+00,-2.520053284736886834e+00,2.512845696446477817e+00,6.441970238691334671e-01
-4.760026089807467553e-01,-2.220208015347191477e+00,2.537463180889546255e+00,-3.403704302085611033e+00,-1.158375263625636142e+00,-1.345000196723483477e+00
-6.392754834019896970e-01,-1.294475556977874309e+00,-1.679396845923385673e+00,1.462148212502151878e+00,-1.573937646047975925e-01,-8.253485391914194835e-01
-1.724042914196118326e-01,-2.981511760207397277e+00,-2.145641251996204257e+00,2.045508489826999288e-01,-1.508111630410702064e+00,-1.185018322456712792e+00
-7.837009076468743896e-01,-1.225529546922427659e+00,6.244057756655667646e-01,1.020090032086816478e+00,-2.825628777883582021e-01,-2.381240679736448929e+00
7.775177615038070256e-02,3.044725860706224196e+00,9.925553295794054876e+00,-3.317231425402212164e+00,2.348286722561610862e+00,-2.648641579133310664e+00
-5.884778546072808592e-01,3.103885635716970626e+00,-2.356752752969216935e+00,2.589841671236176701e+00,2.022855611881661186e+00,2.954108903086363647e+00
-3.909586726121828670e-01,-2.915184839378381021e+00,-5.942231970759663362e+00,-6.433192197312260774e-01,-1.446457188946537853e+00,3.027209988208992009e+00
-5.972025095805085781e-01,-2.134933364232543429e+00,-5.945395237263879196e+00,-3.135804331571394599e-01,-1.112342506555496602e+00,2.507391243830921823e+00
-6.932787791264503063e-01,-1.529839124836335440e+00,-5.845426712880521514e+00,2.895355652244995248e-01,-6.336534609593843514e-01,2.951336164491719316e+00
-3.801441546500294866e-01,-2.219595407023137401e+00,-6.057556739286261482e+00,9.747191630003015916e-01,-1.134762940116263774e+00,2.064893364873645609e+00
-4.142353234352769142e-01,2.753592942808403166e+00,2.690218189253099634e+00,6.902306131790254540e-01,2.042872030672335359e+00,-3.188381645015907928e+00
-5.247461570940994413e-01,1.189819413391602687e+00,3.776326374840190958e-01,2.151921250829077259e+00,1.758807810278846695e+00,-6.207884461610202464e-02
-2.666465556764517908e-01,-2.289936920228087480e+00,-3.467635180347761192e+00,8.859220974735002585e-01,-1.097047496658746679e+00,-8.730363551406661315e-03
3.213279123485047739e-01,2.397063814751656530e+00,5.953133385163121183e+00,-2.300807451900650946e+00,2.416466993640514538e+00,-1.347225863878910523e+00
1.470059071329021805e+00,5.638288137231759478e-01,-6.105554148448767426e-01,6.738704849850201128e-01,2.128059598286117460e+00,1.995338602510967618e-01
-4.590239208740053978e-01,-2.398850276401603754e+00,1.992207567751493436e+00,-1.453954466674399981e+00,-1.278467041144876193e+00,-8.919726649020471854e-01
-4.364717737245486506e-01,-2.551790626610512369e+00,-8.760405552795689221e-01,-1.601303468566704469e+00,-1.342866042145961947e+00,3.185107968256639666e-02
4.225466378178364124e-01,5.933723965974042613e-01,-5.066630562477931754e-01,2.040178036031409903e+00,1.862415353434722309e+00,5.975870550646202872e-01
-5.740067833556432575e-01,-2.370624205262521933e+00,-6.419688001003634348e+00,5.997140961825655481e-01,-1.204792831725105984e+00,3.479859532213469997e+00
-6.027377990421498577e-01,-9.304848550125219830e-01,-3.981937722355508136e+00,2.873889843231991037e+00,2.755123538461051735e-01,2.173850265192982967e+00
-2.310027158914981782e-02,3.254661399636630925e+00,2.988309369047324360e+00,3.347988284290543959e+00,2.415462462801097665e+00,-2.096231855683923229e+00
1.560685460028363170e-01,1.607735506839001793e+00,7.952316212024855169e+00,-2.477624249479709384e+00,2.039552510129372553e+00,-2.916989361933566727e+00
1.917681856182926470e-01,1.596309053779678244e+00,4.565696049391850586e+00,1.219435591352103998e+00,2.111512910233003470e+00,-2.398363074393781158e+00
1.184068250317505067e+00,5.186833681233071758e-02,2.084576019335156793e+00,-1.056067775275590925e+00,1.889718464409093857e+00,7.042005635527512908e-01
-3.984671577891935046e-01,-2.613764266417978988e+00,2.875828101606592302e+00,-2.313786415607161029e+00,-1.337920821697001772e+00,-2.756806641761218035e+00
-4.775543317760631012e-01,-2.910517896642153879e+00,3.815018973757403842e+00,-2.572016659183951504e+00,-1.436538263670638083e+00,-9.475362281450556701e-01
-5.569012684805230151e-01,-6.959115154692723237e-01,1.040988615482473811e+01,-3.351242203465194969e+00,6.777476294687854175e-01,-2.039555985158929552e+00
-8.696645011414226856e-01,3.400473535565678773e+00,6.318332269058908324e+00,-1.683040969841071544e+00,1.930200219923837945e+00,-4.662364189632910438e-01
-6.585242441012343351e-01,-1.232686108004197756e+00,-5.528202326395201816e+00,2.800756743254185110e+00,-1.767960428634974546e-01,2.366238811374098638e+00
-7.071227206991319569e-01,-7.758038435740757244e-01,-3.575923076992944427e+00,2.467375968145799625e+00,4.859927491702100144e-01,1.893960956656821182e+00
-1.782806800787919976e-03,-7.850028291544650649e-01,4.036412409540546697e+00,-1.210679814820735167e+00,1.227934091071837264e+00,-1.786347878118721866e+00
-5.875888623599492266e-01,-1.969704574637424876e+00,-1.826181384893293513e+00,7.978161595490096403e-01,-9.729453252166289090e-01,-1.340687738680403029e+00
-3.843277769058308646e-01,-2.637054059454533750e+00,1.713857320405636209e-01,-2.947657005941517472e+00,-1.368400955222744519e+00,7.969071368773468222e-01
-6.527001061989093911e-01,-1.012950191305480807e+00,2.294869426507757382e+00,-9.781667648154361849e-01,1.803474433523408471e-01,-2.374473300954765609e+00
-3.765319503728080663e-01,8.243409137279655852e-01,1.849728174155161886e+00,1.853373221658460857e-01,1.721904590006979818e+00,4.935949518683235837e-02
-7.024592940890136417e-01,-1.267441686263854450e+00,8.405687406420225827e-01,1.722499984795491379e-01,-1.544832708649010733e-01,-1.576712377728862968e+00
1.019376531300887789e+00,9.469705281636322525e-01,-1.014237872781931005e+00,3.243186522071516364e+00,2.772052862494749359e+00,2.502675466345474220e-01
-7.845936572546080567e-01,-1.195369667262529134e+00,-2.126104202395825649e+00,9.494707573057281635e-01,-2.607387499683418985e-01,1.585743893825886097e-01
-5.758649519578697973e-01,4.613068422858921380e-01,7.496496203780844247e+00,-2.055477715863696542e+00,1.589592590997240373e+00,-2.095998834067573480e+00
-4.230756900537499532e-01,3.044762770883895797e+00,4.021543303765372279e+00,-3.146564486694380491e+00,2.110880186334800346e+00,7.913477929416146139e-01
1.066097651199668372e-01,2.227304076524271537e+00,3.294915558954817136e+00,5.171175051885832374e-01,2.242629221781349713e+00,-1.667334565397217139e+00
-3.963468369818057280e-01,9.250557648046964232e-01,-9.339838223123561045e-01,1.535045869937334828e-01,1.741837698296323733e+00,4.250092511333325440e-01
-6.707074009673228421e-01,1.786876764577920440e+00,1.590980994635726731e-03,-8.934916923948046374e-01,1.792329216048921259e+00,2.279116465863964436e+00
2.893960871822852665e-01,2.202249249513394957e-01,-1.276040353748712164e+00,2.715003336820682733e+00,1.732522825283339785e+00,7.004446711976601847e-01
-8.104479635639957880e-02,1.575381910040210443e+00,3.411303737643412326e+00,-2.514344845159512509e+00,2.009847906130159956e+00,3.065029972883703380e+00
-4.161577032482913219e-01,-1.493284413404468935e+00,-6.350813491255768994e-01,2.304848852598029296e-01,-3.972865043419744335e-01,-1.189672575396708787e+00
4.345036862856540560e-01,1.385461278130093454e+00,-9.736838827897718041e-01,1.714020587890271230e+00,2.235536036380632474e+00,7.967099008098612600e-01
4.655099260544494633e-01,2.787084387230252425e+00,9.131282135413648859e+00,-3.373377955252960358e+00,2.833893315051620121e+00,-2.461544264603069188e+00
2.857492268991860263e-01,3.401506401979479399e+00,5.341154633490530657e+00,-2.063099533019431941e+00,2.766862747239809295e+00,-9.835811636613911446e-02
-5.148712593589787057e-01,3.480539513107374638e+00,4.459557345879122892e+00,-1.890984287305368827e+00,2.142754983922183332e+00,6.183153757993267163e-01
1.021336186314847794e+00,5.920427542578226010e-01,-1.383902676773149043e+00,1.561545548792508953e+00,2.300449197497836273e+00,1.467425999156851013e+00
-4.631966802558040719e-02,2.830717797269326041e+00,9.214146009748453992e+00,-2.346239274919630358e+00,2.204035811047697635e+00,-2.551020235970768990e+00
-4.448379020642634352e-02,-3.364248921078785148e+00,4.621211512710671210e-01,-1.635544295156978301e+00,-1.618997080365844443e+00,-1.576450840568953016e+00
-9.879630358804500911e-01,1.360132847674262457e-01,3.234444654979575784e+00,1.888049044170095669e+00,1.205791834876940971e+00,-1.592286173305411889e+00
-7.087987477437351913e-01,-1.663088348122981674e+00,-7.282008977630157753e-01,-2.324840402684180241e+00,-6.891158817322005081e-01,4.840798973896207613e-01
1.442366838244027782e+00,1.106173923238706003e+00,1.358019893386712251e+00,9.481449599710112253e-01,2.543038546513643805e+00,2.295950356533227321e-01
4.264443384577711882e-01,1.061862023424144930e+00,-9.536095941455793312e-01,1.993069369788494249e+00,2.199921395166305249e+00,1.031013602839427890e+00
-7.320559258014642801e-01,1.161549006591768851e-01,5.685248604545328099e+00,8.821416934558987677e-01,1.293585029171339329e+00,-2.929431604464171279e+00
-6.205891371327910688e-01,-1.141177469202531825e+00,8.775252838048046566e-01,-3.208608648947014252e+00,-2.067313134288320531e-02,2.615957541327934344e+00
2.416829168090453839e-01,8.031340423397459460e-01,7.387806825535577993e+00,-2.744233039519636819e+00,1.906537231715636160e+00,-1.494412583266821137e+00
-1.571019512118556893e-01,2.319651818521382580e+00,5.956281743575899235e+00,-1.882960521455625091e+00,2.261834183075183802e+00,-1.725115103791210025e+00
-4.758355924549725890e-01,-2.381610873191557509e+00,-5.065034926187104602e+00,-1.115660708525424649e+00,-1.249609074012599352e+00,2.486152072381965006e+00
-6.820703440942142981e-01,-1.523181313068487697e+00,-4.915735330406356240e+00,-9.243986689937138124e-01,-4.519069070238851404e-01,2.425984197979328627e+00
-4.432732284922084598e-01,-2.229823164614139319e+00,-2.928324501822142434e+00,-6.586913243274707952e-01,-1.100156793546975154e+00,-1.170527148769511250e-01
7.853243051046955303e-01,1.652686873920873545e+00,-1.152045930680376529e+00,-9.888710011482184647e-01,2.768803682862381876e+00,2.733419383601905395e+00
4.693639124500345039e-01,1.903411339123300294e+00,-1.235165143876375327e+00,8.138444752797262538e-01,2.184271282600627195e+00,9.031151686498146702e-01
4.351608279374711286e-01,1.363365776447005295e+00,7.992098485184503609e+00,-2.675851630244354684e+00,2.382550091542271709e+00,-2.418269217990129505e+00
-7.517999259655839817e-01,-1.033337350873134941e+00,5.062788043658775550e+00,-2.540692049487378590e+00,1.060873216651016249e-01,-3.361308373389829907e+00
-9.547351876224327016e-01,2.102836426280340731e+00,6.393640314311047845e+00,-2.666214409455795575e+00,1.772115449453083302e+00,-1.501687662392821920e+00
-4.316122512111530973e-01,-1.333023241891822419e+00,-1.937321851090053615e+00,-1.936572332790536866e+00,-4.037647629384308878e-01,2.622940125902156083e+00
-4.373213402464420363e-01,-3.023400746955796858e+00,-2.688246349069112640e+00,1.920830212004331017e+00,-1.522834987757579972e+00,-6.764774026578210808e-01
1.001352174770865355e+00,8.696490165457300137e-01,1.351207524493490908e+00,1.217902620751276643e+00,2.219709034690540594e+00,-1.788036195116786686e-01
-4.113847904837595326e-01,-2.415706640162337937e+00,-1.251214191084502936e+00,-5.604359853080449483e-01,-1.223975133550970540e+00,-2.261274684063678375e+00
-5.799957579621279891e-01,-1.097729415634456807e+00,-5.127712896490812078e+00,3.566403670307582985e-03,2.813110441350816782e-01,3.188765289057024610e+00
1.369198766088287833e+00,7.193904766367547055e-01,-1.589521202047809556e+00,-6.572012998226091085e-01,2.496045447433511200e+00,1.776572669954282091e+00
-7.737193665819980248e-02,2.574671041514735137e+00,3.607135999773057655e+00,-3.704709525466016729e-01,2.159100611829052330e+00,-3.151653818256080708e+00
-7.803267891927123667e-01,2.992194891882714813e+00,9.062049661455947813e+00,-3.262340251528147661e+00,1.872123355469491157e+00,-9.144662051751386578e-01
5.152769626932940383e-01,1.456033464017347789e+00,-2.545253895144222955e+00,1.659511173718499322e+00,2.601614272384190407e+00,2.922375643348575913e+00
7.443674888510735110e-01,2.957195573854864534e+00,-1.171198746317756223e+00,3.904348530969539155e-01,3.313221360782505620e+00,1.254239852828406221e+00
-6.328018107368644785e-01,3.177824766547431956e+00,5.329838972509154393e-01,6.928415733903134921e-01,1.943664321163092179e+00,-1.007495917184613177e-01
4.057504706317824894e-01,2.507375882384512700e+00,4.070790610605709681e+00,7.741594131786229127e-01,2.401083201286509095e+00,-9.760188099526860839e-01
-3.430404717649590540e-03,3.232779942957964003e+00,8.076704335323714901e+00,-2.640297073957212248e+00,2.542756868046325280e+00,-3.430180211365354559e+00
8.177153665784422376e-01,1.546878903180740394e+00,-1.489288739108955761e+00,-9.751574800408011612e-01,2.378045915130142518e+00,2.279983850933642309e+00
-4.557137722761269716e-01,-1.965236534764951859e+00,-6.520671985077846955e+00,2.455315728387622798e+00,-9.976354524916136723e-01,3.064263819488270535e+00
-4.407697408192957078e-01,-2.948241941871974081e+00,-3.144662109687523799e+00,3.086158638548533339e+00,-1.495702011616673932e+00,-6.902667809558002965e-01
-6.762878729990264848e-01,-6.591534637200382463e-01,2.186378542989906748e+00,3.348539102464870076e+00,6.582344988699874166e-01,-2.716325143151312016e+00
5.203601259382237831e-01,2.003463867696812173e+00,2.205893466422161886e+00,3.318308913387060244e-01,2.752472390228169363e+00,-1.737290911877629629e+00
5.822660908921561962e-01,7.943275925609780685e-01,-8.214805188558707005e-01,-1.231909841571998676e-01,1.879582977913836217e+00,4.912284144537890640e-01
1.014925777505109927e+00,1.550921229354888631e+00,2.496071316232147730e+00,-2.831860901738691094e+00,3.512519499388397470e+00,1.849759231653551161e+00
-3.944307033574267485e-01,-2.587422819294824539e+00,-2.009370823504518899e+00,-6.031741956038674246e-01,-1.262967200860483752e+00,-6.103210908140370705e-01
1.999541834151410402e-01,3.409791771392621129e+00,3.904944138077899751e+00,2.467807008379496736e+00,2.720888809537492570e+00,-3.466339290369529369e+00
-4.390648381803112787e-01,-1.423452506996961020e+00,-4.398057886048396092e+00,2.957269328688338916e-02,-3.720919654527274911e-01,9.453274377628311242e-01
-6.171617750168230110e-01,-1.869468627410510564e+00,-1.757411549554287022e+00,-1.375872715272663527e-01,-8.181481021701841883e-01,-1.019229957514971474e+00
-4.218127632771407898e-01,-2.374410375106396742e+00,-5.627675915050923905e+00,-8.558680886290659373e-01,-1.218690725702634925e+00,3.340036492675528379e+00
-5.894126065662852465e-01,1.293716801414404927e+00,7.150715270653895672e+00,-1.768689671214401571e+00,1.733209147063116129e+00,-4.460788812761156130e-01
4.037263849755163836e-01,3.452649997080032840e+00,-1.461635840684020859e+00,9.886955652238205161e-01,3.088813924563384994e+00,1.154186259236895218e+00
-3.914136374257009554e-01,-3.100810467704196327e+00,-1.035364395955240102e+00,-1.216502340789416436e+00,-1.533613887786731134e+00,-1.557511793249188425e+00
-3.224132628867728556e-01,1.920989074872014868e-02,2.201894374781215191e+00,-2.089408750263382242e+00,1.471607837621944137e+00,1.868111702609764890e+00
-5.801304889841946144e-01,-1.275085704334133041e+00,-1.264174280082716262e+00,-1.659707696489327589e+00,1.639640117898278904e-01,8.559313022903038970e-01
-9.395211456685714779e-01,1.902774890440923627e+00,6.359205105623897403e+00,-2.153005647022129043e+00,1.733721578234594274e+00,-1.780268945592584195e+00
-3.183585880085817443e-01,-2.477314942029433364e+00,1.623923937885176416e+00,-1.685199282561929746e+00,-1.154984469307809736e+00,-2.313734761663478690e+00
4.052163580884401983e-01,1.938094900339104143e+00,2.138110112843980115e+00,1.013598323212386632e+00,2.407798431144311024e+00,-4.646559258441103069e-01
-4.949695716472191087e-01,-9.974498478886362207e-01,3.703228778108440089e+00,-2.727907185337911322e+00,5.210563413664459631e-01,-3.228240030908380298e-01
-2.076664857697689270e-01,-3.285195099169656352e+00,-6.582174447177234988e+00,5.457275328894581889e-01,-1.591982650824813161e+00,2.662172883891913422e+00
1.288682340004137505e-01,2.588657947909736023e+00,-9.645733108317170457e-01,-1.225519903476017802e-01,2.335504274323671581e+00,1.122050736781355695e+00
2.307170482912234144e-01,1.972919556704692212e+00,8.976215537958367463e+00,-2.934362226523993922e+00,2.061749390700563289e+00,-3.354786192433320657e+00
-3.032164625222473209e-01,-2.323637428833887242e+00,-6.306940320668220856e+00,2.289836527766728302e+00,-1.222837501722167319e+00,2.041950260459600486e+00
-5.568804108113523110e-01,3.143055141327971924e+00,-7.515426658840625995e-01,1.864886641953249047e+00,1.990261210165119810e+00,7.322362046854813400e-01
4.825588324091434345e-01,3.169139611369072185e+00,3.504298217383618574e+00,6.805148077035143572e-01,3.021025974500049394e+00,-3.999928367449756550e-01
-4.206506280350916782e-01,-3.098249090391335336e+00,-6.746987306415467067e+00,1.979904128288096921e+00,-1.534085766367485393e+00,2.605428953117208124e+00
-7.241869217964527206e-01,-1.421246182521783474e+00,4.089738978077728682e+00,-3.308545456020679509e+00,-5.607297997294017344e-01,-2.822475464109076793e+00
8.623323718323669951e-01,1.065404286968004044e+00,-2.136668706306623644e+00,1.231287929054443175e-01,2.204890667917610791e+00,3.387797268422966468e+00
6.875099152467046837e-01,2.943197483167805828e+00,-4.710739705931617505e-01,1.809379315777034591e+00,3.619688272123775086e+00,2.815053630468620227e-01
-8.899320206897787244e-02,-3.282706710053463706e+00,-5.938592857703378414e+00,9.503037020449145444e-02,-1.587089332682696474e+00,1.504745946692444214e+00
-1.046541163267632024e+00,8.549560000436100538e-01,5.489394632023335774e+00,-1.812659049489331098e+00,1.538276138055582720e+00,-9.076079873315650026e-01
-3.129863176093925503e-01,-3.092861768598861971e+00,-5.314136532455644435e+00,-1.689995002443684946e-01,-1.517387869677633505e+00,9.141676833048997253e-01
-3.999595900239231172e-01,1.843445035290783629e+00,8.858150614528131683e+00,-2.049263474505733651e+00,1.901304332663343866e+00,-1.487141846725860805e+00
-6.764899061087906729e-01,-1.492201746135775497e+00,-5.522203358804385509e+00,3.283328943655100751e+00,-5.454742570307596905e-01,1.443643131084400899e+00
-3.494103656262807500e-01,-2.908288932156604112e-01,-2.538251834246726624e+00,2.847055195186232623e+00,1.278064608802106816e+00,1.425842345272307021e+00
5.798982613381247209e-01,2.906332169836312929e+00,2.115426599388149143e+00,3.082437639245828365e+00,3.281463502978876789e+00,-2.483426311053899216e+00
-3.671457524836074793e-01,-3.408685080146346635e+00,-6.418645327208376550e+00,1.636119652441458072e+00,-1.628136108082193889e+00,1.784203662020634518e+00
-2.540728177809351562e-01,2.520920781810920275e-02,-1.047640770605148264e+00,1.222210755389607328e+00,1.439009429189491707e+00,1.341978204497046079e+00
-4.231970299084563680e-01,-2.972356013918214135e+00,-5.962150335134380974e+00,2.391096673091452018e+00,-1.486858452979716638e+00,1.131989501830171108e+00
-5.767711423917875058e-01,-1.206428757637835858e+00,-4.140498236200429005e+00,1.144683352966008982e+00,3.127665579386209593e-01,9.621516109419916418e-01
-2.418949205454392071e-01,-3.261217882915022237e+00,-2.540477338239221616e+00,3.242057616862295433e+00,-1.582272149547498952e+00,-1.391784294938606781e+00
-3.276098808008591767e-01,-2.847561626676944790e+00,-4.553294912435415398e+00,2.477414441004349932e+00,-1.447907383840943973e+00,2.617581587400614751e-01
7.733509459431262556e-01,1.205124134004186054e+00,-1.975413647528257322e+00,2.201381205412903164e+00,2.240641949812780531e+00,3.418465787462237060e+00
3.285871770335165865e-01,3.465674144222573361e+00,7.552870832224771735e-01,1.974886390591334973e-01,3.046448570059045124e+00,1.445149745283052845e+00
2.560217517085288663e-01,2.045068815189496014e+00,8.001150403634090580e+00,-2.185529362880563209e+00,2.479391955008861892e+00,-1.766985058000295261e+00
-4.999253976940154498e-02,-2.880655216385684447e+00,-5.821639954885054813e+00,-3.854039002035913875e-01,-1.416865061064606968e+00,2.019307230239827611e+00
9.847550193106540117e-01,1.097496039459451289e-01,-2.497474863436116799e+00,1.097696559092099733e+00,1.930203537486003373e+00,1.912455454830515933e+00
-4.353656160008190779e-01,2.791738376581183623e+00,6.195060033095173502e+00,-2.084369287976266971e+00,2.028685205278771608e+00,-3.354801750044975606e+00
-6.686046808945619313e-01,-1.376543275032833691e+00,-1.031990624915129828e+00,2.022060264308330524e+00,-1.452256360310597016e-01,-1.768686428478918549e+00
-8.377693283752010167e-01,2.153846509842217039e+00,-9.080889120316195662e-01,1.780867096918094639e+00,1.809694807465092703e+00,2.669125768353302064e+00
-7.607100106562010300e-01,-8.066745580440022323e-01,7.953437885728837031e+00,-3.153212337730000758e+00,3.965309032603250294e-01,-2.907114581169167877e+00
-6.125656766888942784e-01,-1.268356225512011548e+00,-6.172532841589559727e-01,1.473475229850979673e+00,5.140394981475482350e-02,-1.022050474375727269e+00
-6.297427527878654008e-01,-8.911895158074552015e-01,1.632762841397448206e-01,-2.240675383495096540e+00,3.496510387850172430e-01,2.181819117391504470e+00
-2.789018412791031132e-01,7.331091475966324822e-01,-1.917519967391189795e+00,1.390768048478189023e+00,1.698037116285262327e+00,1.963793615521149505e+00
-6.446173911494632591e-01,-1.337522238936352803e+00,3.319794575285820670e+00,-2.846115409287613307e+00,-2.980330841881982940e-01,-7.302500728791856410e-01
-7.901879312011017564e-01,3.158138719473245537e+00,-1.109942564343928462e+00,2.775507040031967243e+00,1.947826793536975742e+00,1.478435356230958675e+00
-4.700221937071464851e-01,-8.619545061274545006e-01,-2.177496928202331539e+00,-6.298945656236285551e-01,5.658784791998605623e-01,3.653499786749732081e-01
4.683791224951856513e-01,-4.193034976388041457e-01,-3.582713793296782856e-01,3.201527361017636686e+00,1.412749250305177728e+00,-4.905877675010428263e-01
-6.052996177181146908e-01,-1.454088424220034703e+00,-5.689655429807007003e+00,1.704042248197084497e+00,-3.315444347482363607e-01,2.414861281108738211e+00
-6.045063968816484223e-01,5.536114651147192589e-01,2.543981901037353666e+00,-2.274291108574659326e+00,1.593965278561196852e+00,3.229390926925583827e+00
-6.930316467239748812e-01,-1.665700359507003014e+00,-3.218027721927740892e+00,-3.397204028391702657e-01,-7.215158328993863668e-01,1.453560237046631620e-01
-9.375078992747213347e-01,1.329648959474314829e+00,5.799008239667413633e+00,-2.945586388016672164e+00,1.662598531265472745e+00,-8.390431842786094663e-01
-4.495717742168734987e-01,1.040864147102143811e+00,1.217754401037074441e-01,2.874030243070843760e+00,1.708760275573659282e+00,2.055902388555344018e-01
-4.457065662622893831e-01,2.627898643639186460e+00,1.023409446748021523e+01,-2.447047933647852336e+00,2.060501079909188960e+00,-2.899470853696395345e+00
5.593382726214335410e-01,6.892427027755410052e-01,2.244766259475038161e+00,-2.984907454759471612e+00,2.014625193961122385e+00,2.306859032140003762e+00
1.195643799929251155e-01,2.601852542475751484e+00,2.208205334055606706e+00,-1.335414024508325248e+00,2.512677953735371172e+00,4.321183040684068999e-01
-1.767152670026894690e-02,3.012550206633862082e+00,-1.791036026735216780e+00,3.534282897818243896e-01,2.270477346417432152e+00,2.897485614169700519e+00
-2.954307933424047961e-01,-2.243172702826901066e+00,-4.335065563464929994e+00,-1.260032741287723912e+00,-1.098125042164822540e+00,1.621860980897550597e+00
-5.025219186521946435e-01,-9.373159700562494479e-01,-4.538905463424440789e+00,1.926784795784327819e+00,4.510791937938582463e-01,1.791575622750504415e+00
-6.924384638392188096e-01,-1.765636052924496990e+00,-2.848018899922772906e-01,1.088212295861484158e+00,-8.620560986148625426e-01,-1.831265822712207170e+00
-6.465268879791641332e-01,-1.370020685124643034e+00,-5.146618933598405832e+00,2.928475089538875586e-01,-2.218388991611401906e-01,1.613320724126976025e+00
-4.534656172403529473e-01,-2.233247886549501793e+00,-6.371042111311668421e+00,3.181176364634670684e+00,-1.126414217575403054e+00,2.262089916400404022e+00
-4.849098025238670617e-01,2.492858082679427767e+00,-2.090297747527444905e+00,2.030153838957256873e+00,2.040179055311146517e+00,1.664313659788355437e+00
-1.428738906403292375e-01,-3.491185412230872309e+00,-6.038802279301833664e+00,1.856281944892799629e+00,-1.652044312234280277e+00,1.008694048309810576e+00
-6.473997345880916354e-01,3.338106546106942574e+00,6.125624543524642363e+00,1.300712119519228160e+00,2.056312727189094414e+00,-3.170249039957252712e+00
3.411646662246377026e-01,3.995938144265793746e-01,6.492253530307251275e+00,-2.902888804706267756e+00,1.772643237246135151e+00,-2.986514185394849807e+00
-7.011947396306865699e-01,-1.521300027758877960e+00,-1.111280271106128259e+00,3.243833766536572405e+00,-6.631568929915069299e-01,-2.008166774901852580e+00
-5.364448853590404465e-01,-1.835141822739993600e+00,-1.813968226981872434e+00,3.358367339167125820e+00,-8.582531582080977772e-01,-9.361623071163149845e-01
-3.878031589854314953e-01,7.068628021240463966e-02,2.885497683275932257e+00,-4.187820259005028412e-01,1.412422369932324617e+00,-3.022793260298756390e+00
2.923543655844840217e-01,7.000680591686032628e-01,2.674100082676718504e+00,-9.108084992369751554e-01,1.927957795898931126e+00,-2.776533153466115067e+00
-4.066606159745486671e-01,-2.334431085714437248e+00,-1.770177155962555426e+00,-3.315392280928571189e+00,-1.163609006865120143e+00,2.831401993665277672e+00
-5.658310922828089229e-01,-5.900483442977413340e-01,-2.189209296366652069e-01,2.423908237361117379e+00,9.049039047421914006e-01,-7.149038603210389198e-02
-5.678137951130383110e-01,-2.137328260401473834e+00,-7.746312645614898962e-01,-1.615888600750978732e+00,-1.128263759675652400e+00,6.662118365364744221e-02
1.258597158044096442e+00,9.592324769598228329e-01,7.767068092455854611e+00,-2.740233954169640107e+00,2.328362866518756125e+00,-1.928848293517441359e+00
-1.769995777449831775e-01,-3.469619266158576742e-01,6.209744264098151501e-01,2.244900424777512171e+00,1.379932393412630631e+00,-8.501920838077081655e-01
-6.413356926187464557e-01,-1.152223535854648429e+00,-4.640437934203132109e-01,6.756115950673668991e-01,-1.219575060666015648e-01,-6.478005434540294871e-01
-6.317163082288035358e-01,-1.498479501483497955e+00,-2.079323307284453470e+00,-1.945015722078008880e+00,-3.773033306209864768e-01,2.363567765174527047e+00
-3.515651644342829285e-01,-2.845562146916406299e+00,-4.092577507840873263e-01,1.780579646803166938e+00,-1.429376499735542039e+00,-3.175783065104076375e+00
-2.923658244005608586e-01,-2.656302040143541987e+00,-7.790212780065197684e-01,-3.356385940552658820e+00,-1.391261394326446910e+00,1.563496576924460868e+00
-6.647832487600724427e-01,-1.404876241993976649e+00,-8.084843128760121900e-02,1.770070987218989700e+00,-1.677725266626549638e-01,-1.688773385232749114e+00
-5.488097250378272118e-01,-2.247476260716912755e+00,-1.098073643667340171e+00,2.484223142040101528e+00,-1.147628957076666678e+00,-2.919217562846448288e+00
-4.746626187620228698e-01,-8.621084833857941554e-01,8.270059924857390499e+00,-3.476687469606384084e+00,3.899722278620394444e-01,-2.922603091055808733e+00
-2.176350663781203565e-01,1.369601607847576119e+00,-1.111956298994425829e+00,2.329732075911583600e-01,1.910820781756211284e+00,1.271587754553289429e+00
-5.031937078861798973e-01,-7.568325104931385994e-01,-2.879234904788767757e-01,2.958157355237741371e+00,8.743037894583638447e-01,1.485527601382674590e-02
-3.457295584890634488e-01,-5.897724645689539358e-01,2.004345636864481861e+00,1.192623843945126438e-01,1.073803869544844414e+00,-1.387039502645842415e+00
8.304983761286123256e-01,1.070100059255931768e+00,7.889090037523596166e-01,5.620958552875583436e-01,2.385068223214477090e+00,-2.720055841601980440e-01
-1.003808926332833834e-01,3.177649510837730951e+00,4.208487243838001213e+00,-1.823526798812893590e+00,2.527123475359165816e+00,2.516212985375927857e+00
-1.325508279319037586e-02,3.317274071055873463e+00,3.838721403702160195e+00,-2.740928407772045716e+00,2.419199607130666063e+00,1.100475491198289468e+00
-2.943670036082521313e-01,-5.057454351954664418e-01,1.393526720296772936e+00,7.127409269279878501e-01,1.141115323420954786e+00,-8.042414489380194098e-01
-4.450142267719166544e-01,-2.708408657844934897e+00,2.229481498288608421e+00,-2.762704071111757198e+00,-1.398671469654031663e+00,-2.191204758918939177e+00
-4.649226186755303636e-01,3.031174214889056806e+00,-1.737654928750248962e+00,2.428947421388159000e+00,2.055113870184144709e+00,2.873736300898111828e+00
-5.719789864743834995e-01,-2.058749769082673708e+00,-3.426960199542321561e-01,-7.898738201384043478e-01,-1.086977569972658486e+00,-2.334982372784807581e+00
-6.203778096699509303e-01,-1.160837282101955470e+00,-4.101623546684779242e+00,-7.412819799596324088e-01,-2.038326427460643298e-02,2.508377778159967875e+00
-4.135642458407866595e-01,3.291768208538195850e+00,-2.235207196232237070e+00,2.067693790479286697e+00,2.109402410960683927e+00,2.819913422986096485e+00
2.236631914883430994e-01,-2.430058135375254835e-01,1.435718535325261946e+00,1.078458727485788415e+00,1.530120843105244433e+00,-1.595007579823968680e+00
-5.630541027519526676e-01,-1.037937272678334466e+00,-8.842957977824629223e-01,1.304391425478771183e+00,1.894883039777360834e-01,-1.245702402382384388e+00
-1.296907154648968274e-01,2.960313686413622136e+00,4.274673414273606475e+00,-7.923075044693459468e-01,2.351150106794743788e+00,-1.797641530456971282e+00
-5.844476856659692743e-01,-2.128025426654462926e+00,-5.494285294980154610e+00,2.580543208556240309e+00,-1.058480397723502220e+00,7.830837969368715790e-01
-7.879415559221736309e-01,-3.341250645913018680e-01,4.169883851408464182e+00,-2.331457575854009256e+00,9.019616630808285906e-01,3.149360102631093561e-01
-2.194658685043303081e-01,-3.185964010445260008e+00,1.659491290372918648e+00,-2.565578244482035419e+00,-1.560381421510599997e+00,-7.142969454643197658e-01
1.169588532007225901e+00,9.634336498019244743e-01,-2.224806850646547485e+00,2.327245969754851984e+00,2.355833341524817381e+00,2.877875958867702089e+00
-1.436050929209521654e-02,2.467448308806289958e+00,4.447662339545834342e+00,-2.983592724258435247e+00,2.337857069749846417e+00,3.894600488283370687e-01
-5.251122397005438813e-01,2.255361111946298180e+00,2.994368496336583974e+00,7.678385439449737504e-01,1.963799340810566063e+00,-1.368278173553568955e+00
-7.926059212079231697e-01,-4.431610931321654512e-01,3.461004495057761865e+00,1.378070866533924743e+00,7.999152077703822750e-01,-2.485902363945287075e+00
8.418692060410950528e-01,1.499071883693407159e+00,2.713286846120542606e+00,1.789058803728413416e+00,2.503189908828131305e+00,-6.709699099235963971e-01
-3.375071006720531397e-01,-2.589229698691204451e+00,-5.119438189965018537e+00,-4.373023783196452463e-01,-1.331801054521524863e+00,9.873597654306180971e-01
-7.469150087923924763e-01,1.059455425768090819e+00,4.186634113957044434e+00,-2.543253621070361348e+00,1.680443105826692873e+00,2.957321349184027781e+00
4.940825930688810819e-01,3.031919472815951089e+00,4.479586000433164017e+00,-1.417923282244839989e+00,3.047481803355644114e+00,-9.060255620824060330e-01
-3.747867165306939530e-02,-4.400408540978517635e-02,1.881620329875102193e+00,-2.858796476448068002e+00,1.507262590918212686e+00,2.193420734901282643e+00
-2.723068303523374922e-01,2.208704237519455660e+00,4.741919832530875567e+00,-3.403207518585897873e+00,2.014765036677331089e+00,1.695587088011081711e+00
-2.686366412739277787e-01,-3.148387297631245918e+00,-5.156536704208613209e+00,-1.157312011491901771e+00,-1.551574558840707496e+00,2.809842221268518792e+00
-2.010240525542382750e-01,-3.138783485217089719e+00,-2.052363714163978337e+00,1.750790165282172239e+00,-1.550774125847876883e+00,-2.123419438834414308e+00
-5.059487865791352235e-01,-2.832549664072955942e+00,-1.664923771248845386e+00,-1.935039925981443254e-01,-1.455441169425082393e+00,-6.776726216659412216e-01
-2.379073219372488945e-01,-3.014898515664315770e+00,-6.524736635615523639e+00,1.489276616408106158e+00,-1.489239528139202351e+00,2.122417944791475719e+00
-5.873193890477672596e-01,8.124039357358991964e-02,4.599507081452713031e+00,-2.395944836450089710e+00,1.333260589955681308e+00,-6.961520450439531160e-01
-4.027397303827621733e-01,-2.998085976780205275e+00,-5.092295381247239128e+00,-1.266559654728709017e+00,-1.483380129461337127e+00,2.688553400137697835e+00
-4.907363565869725663e-01,-7.251047843198903387e-01,-2.746037533930344665e+00,1.141028820808370092e+00,7.640709491501032069e-01,2.026066357505382776e+00
-4.119518972456725492e-01,-3.176138751197375765e+00,-4.287548509667202801e+00,1.579716489879942287e+00,-1.554392294770541971e+00,-6.348936521935844013e-02
-5.781829636376141224e-01,-2.156875140382746636e+00,-6.342625550440531335e+00,2.151261190715712424e+00,-1.101412570278317071e+00,2.289581269325204893e+00
6.133724109375644495e-01,1.360003752612310102e+00,-1.789151155292421747e+00,1.720990628396315003e+00,2.400069419540021620e+00,1.530787459560763786e+00
-6.817234732546753051e-01,9.171053781761360213e-01,2.558732062577971700e+00,-2.697210696982627276e+00,1.657098513822372610e+00,2.310134731039012124e+00
-5.053154817919525144e-01,2.401224624877689173e+00,-1.948268297434258001e+00,1.801041544833783092e+00,1.994715222244315411e+00,3.311003818804278964e+00
-4.438839588914271772e-01,-2.751790589136784870e+00,-5.385938925781036168e+00,1.203229911458929102e+00,-1.392271099450181682e+00,7.896295425105126498e-01
-1.975169588175407220e-02,2.825896256518209526e+00,2.523165802453445572e+00,2.820777415694014856e+00,2.375360936714646432e+00,-2.723986628704987645e+00
-6.942109087033651038e-01,-1.184413053023386730e+00,3.871541525568466202e+00,-2.841444524832521079e+00,-5.552751311558892788e-02,-1.380302858804100641e+00
-3.203760198701902095e-01,2.989635983066790459e+00,6.065903043177941711e+00,-2.255607804894771640e+00,2.096010220447318773e+00,4.818583044358057954e-01
1.131298149647891327e+00,1.350403117016087506e+00,5.506525178135046161e+00,-2.521003087606903836e+00,2.745147004777119371e+00,2.177194271527923775e+00
-4.673801555743986036e-01,-2.583501939474316167e+00,-5.482021181759436423e+00,-4.422907654226380103e-01,-1.313366176372267491e+00,1.470472109718349962e+00
6.512189804992660758e-01,-3.013761885372279181e-02,-1.690549920164967190e+00,1.051979313429317386e+00,1.660560294040690943e+00,1.650808821756675648e+00
-4.994120221856993558e-01,-2.835560082760050449e+00,-2.264081216783694561e+00,1.821207494638310997e+00,-1.454646458874518489e+00,-1.101913264473500575e+00
-7.800950389308384247e-01,1.858879702820620317e+00,5.951972673867592434e+00,-3.362255279098144811e+00,1.785441392292595575e+00,-8.974608494053715191e-01
-5.581482644462386622e-01,-2.284222562076716034e+00,2.444767188514276324e+00,-1.357194521311109181e+00,-1.149217195436730732e+00,-2.930866368912028896e+00
-5.385030411791766891e-01,-1.972074189060741611e+00,-1.636874176760071631e+00,2.371867525299208523e+00,-1.045777384642332164e+00,-2.938528796893014494e+00
-4.152004973745002658e-01,-1.234761015114171911e-02,2.516787407989739656e+00,3.102805763715192455e+00,1.385877667414963321e+00,-2.675207408010725985e+00
-3.659760742364670527e-01,-3.156088807016669051e+00,-9.980253484977270606e-01,2.898730507089566366e-01,-1.550083804796999365e+00,-1.058578795345719303e+00
8.580228606050637197e-01,6.687655296198160570e-01,-1.150836361275026087e+00,1.303397430387480682e-01,2.086160974905594490e+00,5.209702016684127912e-01
1.764840032399358771e-01,2.291037887143522411e+00,4.422050258260905586e+00,-1.402221759279348667e+00,2.325559108781460438e+00,-1.274916401491879014e+00
1.347249313190461706e+00,6.491951574181333839e-01,2.884574565157362436e+00,8.132850209756394833e-01,2.647811195184711863e+00,-2.295622068332281884e+00
-5.977012942258892458e-01,3.442280662016235837e+00,2.847742402561007857e+00,3.499640559849703791e+00,2.087435384791143989e+00,-2.298300068118154904e+00
4.106002286181894001e-01,1.303700687251613921e+00,-2.375916411544016338e+00,1.682831323872468587e+00,2.280306263594658045e+00,3.324928210896768377e+00
-3.394765724144104824e-01,-2.017027186928023852e+00,-5.694026727383025843e+00,2.231814746816411343e+00,-1.025364851023861101e+00,1.284490126462005222e+00
-6.123363441123143014e-01,-1.639345554774605418e+00,-3.399195240276285723e+00,1.536165125300470891e+00,-4.806129785927971687e-01,-2.186991399688036353e-01
-3.555808101822470202e-01,-3.262851684248957440e+00,-1.895063522382284260e+00,1.171646756657934496e+00,-1.583427483174939976e+00,-1.264171636991081371e+00
-3.322904979362886202e-01,-2.865754626404271921e+00,1.762402581434394433e+00,-2.770159493771684023e+00,-1.441721161175103072e+00,-7.229539733789138722e-01
-2.823680001327832922e-02,3.006526655697786765e+00,6.753543813606000867e+00,-1.620602837544600661e+00,2.293262838332455367e+00,-5.268309341927737144e-01
2.865402755817567093e-02,1.053514703194295521e+00,7.731410097317457542e+00,-3.471658179081705597e+00,1.855833102490033193e+00,-2.252193003506176794e+00
-5.275680336030736939e-01,-1.388628670573023527e+00,-4.309022070304745711e+00,1.476015989662611716e+00,-2.859775811656352640e-01,3.534667594984104433e-01
-2.021194895521153390e-01,-2.929328926476463035e+00,-4.499918086702126452e+00,2.903772244636064315e+00,-1.442098019920881713e+00,3.297857825541816723e-02
-4.377943486233475956e-01,-2.866765432421500837e+00,-6.254891987642696272e+00,3.340045250045316827e+00,-1.455315867109099104e+00,1.269699019530556861e+00
9.360760770088288885e-01,2.259949169605449448e+00,2.979037457706079195e+00,-3.503415422628819442e-01,2.928733827536762924e+00,-2.200122418719399064e-01
4.098984761567868729e-01,-4.267010732958640418e-01,5.803601619885707663e+00,-8.668006322975547739e-01,1.511714479395959376e+00,-3.246365394767113166e+00
-7.605922653589235471e-01,-1.321469955266536989e+00,4.791908578121202744e+00,-3.424955644662883270e+00,-3.911502138378760707e-01,-1.204265934641486346e+00
1.500925720244629114e-01,3.437624017677887167e+00,7.168565433382738661e+00,-2.149635089672829569e+00,2.503600520031288745e+00,-2.476265445092614481e+00
-5.619236018885387374e-01,-8.784627738085197812e-01,3.132897897960256195e-01,-1.422366120035935211e+00,3.543874404384493859e-01,4.523238370724236290e-01
7.429143986084716378e-01,-2.015058800368541014e-02,2.350023977983380252e+00,-1.275877150702627194e+00,1.716025147237010717e+00,1.026111846963011054e+00
-3.901678375319009850e-01,-2.712649076803205439e+00,-1.694123727680433733e+00,7.158486638250121104e-01,-1.361843051361335766e+00,-1.877663425826328947e+00
-6.278415461760145089e-02,-3.267037154489059958e+00,-2.315464693860263434e+00,-3.263957437361599379e+00,-1.590596181613312510e+00,3.162248750431289501e+00
4.588558699235056881e-01,8.888885812768343442e-01,2.282548758654354248e+00,-2.606069469601290933e-03,1.985122625070556701e+00,1.255408275932889950e-02
-6.833526848201159076e-01,-1.118487522731555828e+00,-2.308974934834575610e-01,2.905373295988892046e+00,1.087745922252622843e-01,-1.493803639485532742e+00
-6.127668217647048721e-01,-1.616079628123651135e+00,-1.022851473143873591e+00,9.112639361026841911e-01,-6.751062096085470587e-01,-1.120741865257000924e+00
-5.334457724720782501e-01,-2.139067513304914847e+00,3.950460735081002817e+00,-2.786527043031811424e+00,-1.131803049239312742e+00,-1.823372980222305095e+00
-3.729343769027029243e-01,-3.839923419908242153e-03,1.934854770231935861e+00,9.907782661883501873e-02,1.327927773660935395e+00,-2.052869868552599897e+00
5.325663423952861075e-01,3.442365595669025780e+00,3.220823070084382067e+00,-6.698281839110085123e-01,2.899447913343462524e+00,-4.001829336899493939e-01
1.317558793905033721e+00,1.136406948826015118e+00,2.367876569383556173e+00,-1.855630052651884299e+00,3.026438643447098897e+00,2.252967685668802567e+00
-2.993641233862535111e-01,2.804704342235061709e+00,6.987111739508113040e+00,-3.303846080734530677e+00,2.112551254558719283e+00,-8.114888311616859085e-01
-5.897253601643850374e-01,3.310952489951555222e+00,2.476161817830647038e+00,2.335947947414892312e+00,2.094027668918399421e+00,-2.399455289090910881e+00
-5.729613285152879154e-01,-2.140669234630408369e+00,-6.564255653376001032e-01,-7.563122733374836315e-01,-9.676895630945298032e-01,-4.511584812098261565e-01
-1.939748775707305084e-01,-3.392457679748677624e+00,2.889167090374072711e+00,-1.638003553808055734e+00,-1.619753341634470267e+00,-2.772369699554174005e+00
-7.922531870462486969e-01,-3.404297115601080392e-01,7.083261089035378433e+00,-3.147423097049105500e+00,8.984141844390176601e-01,-7.775255919138039928e-01
9.168116006081883373e-02,2.893514457715534505e+00,2.540135305625375040e+00,-2.691021324563184436e+00,2.574882536157516277e+00,1.510719137805489609e+00
-9.213080002878172303e-01,2.532850745740591769e+00,4.041823966088111675e+00,-1.813419295896832484e+00,1.815377771550275243e+00,2.851508817948595897e+00
-5.165343954806730364e-01,3.023876896399135816e+00,2.037459323300003344e+00,2.962182356261861216e+00,2.054148795978257169e+00,-7.323550901324180629e-01
-4.273337479751223023e-01,-3.267824342892437617e+00,-1.900384652645604522e+00,6.489412615438210352e-01,-1.590127441856129753e+00,-7.242943585364303161e-01
-2.008440943999044714e-01,2.913802317357637506e+00,-2.683180635224411414e-01,-3.252888430152212074e-01,2.228487437174092811e+00,1.855581616629936370e+00
-3.073209486660045120e-01,-2.754212431212492262e+00,-1.317215863888964167e+00,7.588952345446280390e-01,-1.421737564511613261e+00,-8.333270363594320607e-01
-3.008552375247987576e-01,-2.313254629668124007e+00,-1.302534932475607032e+00,1.841484581423387112e-01,-1.219795605567442154e+00,-2.363947701746178520e+00
2.099526772533876762e-01,3.156594838411042048e+00,7.126936913752142111e+00,-3.354768198691755909e+00,2.599601399125518242e+00,-2.061445706460984795e+00
2.796360983440848713e-02,2.296654617074142202e+00,3.885950696775494428e+00,1.030096602890083091e+00,2.225293447800088309e+00,-2.557953377157035746e+00
-1.279804237605114414e-01,2.580371421472555937e+00,5.253549732914351011e+00,-1.328643610247042695e+00,2.242939652084618984e+00,-2.231850023705428399e+00
2.604048345181917412e-01,2.920270479062135216e+00,6.778721832343380882e+00,-1.927879362907452210e+00,2.796951138187806940e+00,-1.355007475595627398e+00
-5.148615590329944647e-01,-2.016156665538404447e-01,-2.405599914583052445e+00,1.710978252435182867e+00,1.157809520735772146e+00,1.632078518789913169e+00
9.827415679659913250e-01,-1.160113602749159867e-01,-1.909042206051246415e+00,3.774517599208477847e-01,1.762561746919821370e+00,7.091160116376968858e-01
-8.510139891582996219e-02,-3.333357230523259496e+00,-6.789853777061346740e+00,2.222738106647194734e+00,-1.605992277937335677e+00,2.463462341209543105e+00
3.394231083546681571e-01,1.712339971437679687e+00,2.171728871163269847e+00,-2.125020234863111313e+00,2.383591649962765846e+00,1.121229370143397297e+00
3.568846314970825495e-01,-4.153162300286274977e-01,4.997596023916062613e+00,-1.650574565245164438e+00,1.473186640684030824e+00,-1.768235899628746388e+00
-1.158701770237146267e+00,8.414967286996990481e-01,4.271310217393009534e-01,-1.306365514828850216e+00,1.517543332504012410e+00,1.492034877853496866e+00
1.194683027553516075e+00,-3.805247996118565901e-01,4.222242101515171875e+00,2.820278857972635222e+00,1.716153768955210435e+00,-2.817138156901414447e+00
-4.339061739906024950e-01,1.404425333322171454e+00,3.375527176694063769e+00,-2.714848950613227618e+00,1.828108259113508050e+00,2.534997722147603660e+00
6.480874558603660907e-02,3.491264434907510150e+00,2.510027258236510850e+00,-1.798606586976013944e+00,2.464186335796953564e+00,6.170946521596638590e-01
5.558558741465235986e-01,2.237610873621509455e+00,5.612514472568449264e+00,1.254940420619269581e+00,3.032407913652697573e+00,-3.478161612579480089e+00
5.656262491009600435e-01,1.225313921210707591e+00,4.154370620067963316e+00,1.704173914483304131e+00,2.337377736686596652e+00,-3.345208816312545519e+00
-5.614409110788043389e-01,-1.128710866479479602e+00,-4.241126459098082613e+00,1.608225660067523322e+00,1.961565739207428161e-01,1.098406924282926411e+00
1.272671635102446075e+00,1.269522116415294555e+00,1.047446199080103391e+00,-6.568485855470429513e-01,3.317202289292741746e+00,-1.204977839216523350e-01
2.686653504463626385e-01,-1.981441338891687387e-01,-2.011308522210827565e+00,-5.888400634973485204e-01,1.531360459153523923e+00,2.126117664504402427e+00
-4.145134981162375554e-01,-2.934907838919117218e+00,-6.263988396509619250e+00,2.591605490853186922e+00,-1.477389389766774697e+00,1.414067313632204836e+00
7.116470515202566460e-01,1.749673019703148924e+00,6.070334702194630339e+00,-1.911048408010465494e+00,2.437629885556614973e+00,-6.447160679653842763e-01
4.687549547524990645e-01,1.187879698267037654e+00,-2.035067511019802211e+00,-1.377840862936805522e-01,2.177495106384367496e+00,3.330905186259831119e+00
-2.349750164771963190e-02,-3.340635471845021076e+00,-5.585479784723177410e+00,1.783206758806551662e+00,-1.612778373796752929e+00,6.165523783663422464e-01
-3.715495625574282146e-01,-3.049480661141696025e+00,2.431936632571028323e+00,-1.908672878612813761e+00,-1.505850995290824557e+00,-2.098749012073318099e+00
2.979989244563157058e-01,2.139590093664297754e+00,-1.490653388851441719e-01,-1.881312517324573719e-02,2.296569920353015437e+00,1.498228978367210473e+00
1.410530407046239443e+00,8.110159183056389054e-01,6.021296794908881367e+00,-2.073983663493674356e+00,2.641005079763128371e+00,-4.416814748240094346e-01
1.360366063145390658e-02,1.453810224120433148e-02,-1.033338507843830634e+00,1.393030300257282583e+00,1.460317737982028019e+00,5.806794614800239174e-01
4.804113373375417106e-01,-5.232597852434084373e-02,-2.362062053868595690e+00,3.312455369663291016e+00,1.640502329474402776e+00,2.776698137482483730e+00
-6.270524137928121799e-01,-1.850105400389091770e+00,-3.841295946280576246e-02,-2.285733918942173482e+00,-7.781155812586580955e-01,3.090327874299883426e+00
-1.108642643012940077e-01,1.404223997060090490e+00,-1.993213623184051153e+00,-1.140331745944447306e-01,1.939196939752702242e+00,2.646224198757622048e+00
5.281015610625590107e-01,2.576827518587016641e+00,2.028691198023881093e+00,1.571287274624778796e+00,3.123310023395071688e+00,-9.508138755950357179e-01
9.236020802023633403e-01,1.129322844683333216e+00,3.549526146700299645e+00,1.714281751975835100e+00,2.987714695849219115e+00,-3.137518404463307320e+00
-1.068850575026897509e+00,6.358165584453043806e-01,4.794297674160096889e+00,-2.550683614331765270e+00,1.479278119013535342e+00,2.800109028326131622e+00
-3.655102627927802050e-01,-2.592764969447657109e+00,-7.989047921494778493e-01,-3.303240468713413147e+00,-1.299179224913199260e+00,1.554447464921560496e+00
1.510077548059769736e-01,1.748363049181000051e+00,3.453113199220930074e+00,2.922293785768160568e+00,2.355778351047181918e+00,-1.271597003994866082e+00
1.000686538390897828e+00,9.105176200341977832e-01,2.932223982697296893e+00,-1.636435927388562028e-01,2.533509750316814912e+00,-3.158392259592497808e+00
1.904670392840702720e-01,2.077681051567615178e+00,4.403883208017493445e+00,2.302041007909755521e+00,2.142491610336532126e+00,-2.969975664656416825e+00
-7.138682397455086148e-01,-9.844511208981874262e-01,-4.348881774326597061e+00,-6.627111626433479508e-01,1.004036759979756444e-01,3.103670054400678779e+00
-6.454160162219373387e-01,-1.889368670924747473e+00,-1.786890180053367416e+00,1.840980386606926089e+00,-9.882267342498828322e-01,-8.052095515326858077e-01
4.281834937091790749e-01,1.302897502117410511e-01,2.994558974425750364e+00,-1.195355287666572508e+00,1.633866163377061032e+00,-1.012689264759325081e+00
-2.254967803605914256e-01,-3.354139766149968338e+00,3.328692893543879983e+00,-1.772205929743484676e+00,-1.605809646929901913e+00,-3.489197682260575029e+00
1.038386304285793538e-01,3.073310171832167370e+00,1.005460183314668043e+01,-2.724024309772830943e+00,2.630094939676774768e+00,-2.718434610296007747e+00
-4.622923269376519317e-01,-1.764020978334080336e+00,-3.832569623627116950e+00,1.290241970086946743e+00,-8.935280665326668093e-01,5.186272120307817701e-01
-3.915837085760343061e-01,-2.660953484961383619e+00,-5.093138564765378185e-01,-8.161222752147754278e-01,-1.370740243013129245e+00,-1.454270400304752631e+00
-5.296989377616382333e-01,-1.375749613842602415e+00,9.116721335381196667e+00,-2.178384046240370964e+00,-2.419683604487337103e-01,-2.126629023774755378e+00
-2.357451898566877702e-01,-3.038150163523805070e+00,-6.959106760581590834e+00,2.807532509359970341e+00,-1.525122637515716528e+00,3.189180172704374705e+00
-4.366584757752126622e-01,-2.541012402529839509e+00,1.208739846256834394e+00,-1.432373568781859952e+00,-1.315148505435475679e+00,-3.126615430931043882e+00
-2.363343197436204857e-01,2.718086538818226039e+00,3.274786989492302069e+00,-3.175006118945081557e+00,2.109889355989925885e+00,3.262685783128970840e+00
-3.865906405017250913e-01,-2.689386594859652480e+00,-6.871562318460797236e+00,2.632332133486110060e+00,-1.398578827065247054e+00,3.271987787536957626e+00
5.943154751259824842e-01,2.556032125234462882e+00,4.254835525671021301e+00,1.419717759477299168e+00,2.988339291188523816e+00,-1.151622597413134663e+00
-4.918774597685373617e-01,-2.596320349253445681e+00,-4.007884617793763482e+00,-1.289240972544765995e+00,-1.357920471660631456e+00,1.081253042456316926e+00
-2.345359726494906094e-01,2.878815077876875073e+00,9.361839629212235891e+00,-2.625476969718849141e+00,2.304390565006462221e+00,-1.226565051414640894e+00
-6.504938324318039200e-01,-9.359038958636043404e-01,-3.691736842799547169e+00,2.568198867082522874e+00,3.705088910007638958e-01,1.493726857232587690e+00
-5.282675237669909318e-01,7.782710039797446910e-02,5.245625684197996463e+00,1.856462758214709297e+00,1.382742552897261668e+00,-2.938181778601291150e+00
3.559066401315190142e-01,1.588219554668172329e+00,7.307168313269309934e+00,-1.624514995765887981e+00,2.274411638961375992e+00,-6.584005173182290171e-01
-1.842198517581846717e-01,-3.174902196014936173e+00,-5.017126445135154711e+00,-1.153185204513412110e+00,-1.566519412402311850e+00,1.982089962061203359e+00
-7.796097819172297383e-01,1.593636611624300592e-01,-1.120802824970318134e+00,2.489719540161607902e-01,1.320161181801626338e+00,6.236473371176201042e-01
4.108904367479325193e-01,1.667265807041686365e+00,-1.783461122865248383e+00,2.009045136201575765e+00,2.479127437329276429e+00,1.664394940832875314e+00
2.891457502741571761e-01,-1.865789605239775995e-02,8.036424483091755278e-01,1.746090907963555594e+00,1.536362807009649556e+00,1.378715249373962948e-01
-6.863728461698535011e-01,8.740263958372285202e-01,2.222537280648567037e+00,-2.227974217806972135e+00,1.648867735994326456e+00,1.691518231267013839e+00
-6.142198272680161608e-01,-1.522917158933210668e+00,1.081819783171224181e+00,-1.236949484873861138e+00,-6.465954787030937512e-01,-3.234976375779663460e+00
-6.227332381536068717e-03,2.465664348516011017e+00,3.003153077832667606e+00,3.181002885661960988e-01,2.404262303058225747e+00,-7.617271027191518940e-01
-5.768036190071749170e-01,5.072683636452870459e-01,-8.769933952437636293e-02,-1.397013031890803170e+00,1.588828703954327626e+00,2.895825335178523474e+00
1.042344552524693491e+00,6.676500016066349019e-01,2.216730477947169486e+00,-1.992553041139519587e+00,2.350267178414542357e+00,5.437824708370486704e-01
-7.541376862021400562e-01,1.749932675980451435e+00,3.865597365295291077e+00,-1.314671388323266132e+00,1.793157636128832166e+00,-1.783397860507398347e+00
-6.586682143691595659e-01,-1.892862586289473459e+00,1.269655679125359038e+00,-1.867809347722081625e+00,-9.214479707278426801e-01,-1.327306452467045705e+00
-4.636056768552585527e-01,-2.948465161113793975e+00,2.039684369647401851e+00,-2.953548413898073655e+00,-1.476376493000631784e+00,-4.679215085699253152e-01
-1.010292545911847251e-01,-2.760472931979904843e-01,7.954447457012133071e+00,-2.119281363888171565e+00,1.331959385848834776e+00,-2.928057251987807419e+00
-6.706689639024614458e-01,-1.669933909390273641e+00,-1.415659044948467615e+00,-2.871079414938292107e+00,-6.299261036696564009e-01,2.133833977483987177e+00
-2.640116867769357056e-01,1.510825064096690262e+00,6.435685312924533719e+00,2.244229541400700079e+00,1.930140217149705961e+00,-3.444938041924185512e+00
-6.266677948430593448e-01,-1.334272671736167037e+00,-4.639583639156061423e+00,8.144073135324054746e-01,-7.666650676306141499e-02,1.568764368899279837e+00
-4.590248516089753261e-01,2.937451002836879432e+00,7.744548064458276926e+00,-3.163604473315710930e+00,2.126666219361297294e+00,-1.038848533299614019e+00
-6.088084261245654272e-01,1.561147541777399006e-01,2.536333195640175120e+00,2.897130426045314344e+00,1.368731350207915032e+00,-1.801401686226897780e+00
-6.742650473176224901e-01,-1.593099386152880825e-01,1.505673789192969458e+00,-1.624866882001148038e+00,1.047787018638878687e+00,2.247200155471416494e+00
1.892149390348480675e-01,1.182835400652030522e+00,4.435529059712969513e+00,-5.272495692988758975e-01,2.012016452006289313e+00,-3.211316707340543086e+00
-3.840870671871555175e-01,2.893811776630935029e+00,4.467209872007320115e+00,3.268178099872832476e+00,2.053110958672584196e+00,-3.095372843450000744e+00
5.460968934686548648e-01,1.305992078475588514e-01,-2.355107061594104767e+00,-7.583876024779443448e-01,1.706166189277250389e+00,3.474235945899354583e+00
1.222249285901125596e-02,2.314291026081774838e+00,9.720232278119334879e+00,-2.763340686702826066e+00,2.398609426852237103e+00,-2.621461706212442344e+00
-2.947998774453298720e-01,-2.579434848653766821e+00,-6.040114662981492799e+00,-6.455478991569112424e-01,-1.337814792972356948e+00,3.137524136811578046e+00
-2.462535655853493322e-01,-3.478077308115645305e+00,1.228763857079628208e+00,-1.897712731173881728e+00,-1.648604748660388308e+00,-6.629657734144522863e-01
6.713879136852648477e-01,-1.654597533618447081e-01,-3.102580427572212862e+00,1.415559323912794376e+00,1.671099279277725724e+00,3.039794736836519462e+00
3.179289444720884150e-01,1.779464486492000397e+00,5.690019557363563685e-01,2.588879708569883142e+00,2.332942719578428026e+00,-1.851003472379515458e-01
-2.753141941891992794e-01,3.269196610310998174e-01,-8.246184326378438456e-01,1.433827526585941925e+00,1.610460713042572989e+00,6.911561257905267652e-01
-1.497345431872990074e-01,7.430302927761953669e-01,1.942605047164333243e+00,1.351222854269935603e+00,1.760025448204241671e+00,-2.007090683543476306e+00
6.066390350769251816e-02,3.112632068291113718e+00,1.883924416325957196e+00,4.081738446551397281e-01,2.376250969787546463e+00,-4.753271087580097642e-01
-1.787326951972753319e-01,2.558545587994683679e+00,3.922513945169345373e+00,-9.570171064539163552e-01,2.095497153754198205e+00,-1.717167754815775549e+00
-4.584881047310452873e-01,-2.626718875612523263e+00,-5.801024785446877274e+00,2.922732931403070111e+00,-1.297760731848498938e+00,9.031084929222794599e-01
-1.480650520207042187e-01,2.703083993375109628e+00,3.758673703779856989e+00,2.455162691605837111e+00,2.192122871261994899e+00,-1.235059939723469391e+00
3.990097089944628084e-01,1.560649065051935125e+00,-1.435609449449828379e-01,-1.663073854564864895e-01,2.475995606592527043e+00,1.087064776535418886e+00
5.596174461181172566e-01,2.077236096313445302e+00,4.147642425668260913e+00,-7.858671516191373385e-02,2.890747467567178042e+00,-1.711867393860718067e+00
-2.690521438496228934e-01,-3.215060439060410502e+00,-6.652778735270858945e+00,2.765490442129220128e+00,-1.571646047265755186e+00,2.032443734482590969e+00
-4.701236689336402153e-01,-1.687910734764626497e+00,-9.958977614663824252e-01,-2.340045867229799459e+00,-4.193617767514553618e-01,1.061556952083852146e+00
-1.341901686690862572e-01,2.752722719782665806e+00,-1.681220565034217351e+00,1.337699101186055728e+00,2.181451854831612636e+00,2.886357303438175315e+00
-4.304671527312370904e-01,3.073421197652335124e+00,-1.931929609097248868e+00,4.169954219130866946e-01,2.180902274797034135e+00,2.932798131427962751e+00
1.135677125029107115e+00,4.757434430964040395e-01,7.480660004094941584e+00,-3.456032785337566082e+00,2.333980713319187217e+00,-1.932069536581739522e+00
-1.550281971564955175e-01,1.657008266078562109e+00,4.188304758377256576e+00,5.858107295701078243e-01,1.967227092948006240e+00,-2.583755073266323699e+00
3.314766356338635922e-01,2.413831753306936889e+00,2.591911071335177397e+00,3.033919934751550862e+00,2.312025916951934601e+00,-2.146927190697986987e+00
-2.533625783331632242e-01,2.027208447286215964e+00,6.714348190340850842e-01,3.056509218087633428e+00,2.003096254140822374e+00,1.255880605016749918e+00
1.728871964406386019e-01,2.325023916350785314e+00,5.214033829504908013e+00,-9.856705077150640371e-01,2.198081036191255055e+00,-1.707163305518281327e+00
-1.358397929412696881e-02,8.376110784276491472e-02,7.823247221922484229e+00,-1.697078671059016886e+00,1.523192776321306230e+00,-2.584709838867904175e+00
-5.127213058299868731e-01,-5.101966180907759885e-01,1.931649024739430232e+00,2.940738992334248181e+00,9.379902955555080579e-01,-2.776797478980085998e+00
-3.851147083126015280e-01,-3.122349530896832093e+00,-6.871241304207135414e+00,2.117423294564504843e+00,-1.526793759624635705e+00,2.962592412270504738e+00
-3.744441726622140809e-01,-2.350317465141790851e+00,2.683922151013362623e-02,2.809663200256500737e+00,-1.216120971247377502e+00,-3.415180898101580542e+00
-5.426992523493405773e-01,-5.476321471432195054e-01,-2.200749877162667900e+00,2.553225713343116432e+00,8.386761830987953248e-01,3.826152098998991669e-01
1.066429213858253844e+00,8.697125605347659771e-01,-2.177408649943570751e+00,3.214599204955803202e+00,2.673888151827366499e+00,2.309133664218230741e+00
-5.474750400691823504e-01,-2.343262109273691163e+00,-1.887023194449357621e-01,-3.240003847562387129e-01,-1.251787378949188678e+00,-2.574120426903033998e+00
2.089845339828682313e-01,3.309600736718898872e+00,5.330989742908444740e+00,2.885981952070133971e+00,2.801055199710293486e+00,-1.313360508705608165e+00
-4.986266593716659479e-01,-2.323060356357351086e+00,1.116047060735223972e+00,-1.081565468229862770e+00,-1.228726126987825795e+00,-2.034331025713362884e+00
-5.265157901646954075e-01,-3.353782910585438870e-01,5.396591983816189320e+00,-2.080424411297358223e+00,1.024422218396428219e+00,1.577570477176459818e-02
-5.325606520539756250e-01,-1.340339421545282406e-01,-2.043471619080901913e+00,8.369394266485929990e-02,1.177378363892429114e+00,1.729470757569783856e+00
-4.602928960905420253e-01,-2.951642761435527618e+00,-2.281009846920585726e+00,1.160820803227481157e+00,-1.442914132171569941e+00,-1.457644163802251924e+00
5.287942865880587151e-01,-3.175361198447976818e-01,-2.576030901309940724e+00,3.453017648982943832e+00,1.574263342390082032e+00,8.600473332766753742e-01
-3.536989968085259561e-01,-3.369659022587224051e+00,-5.112721371202237464e+00,-1.479778144080889923e-01,-1.618549956445003657e+00,7.078755581019651189e-01
3.691429084955148432e-01,1.775992751541313197e+00,-1.271058233770279156e-01,1.955764137340067599e+00,2.306780871561604052e+00,1.189577617279923949e+00
5.229168394978200851e-01,2.015351708920574580e+00,8.363022575630475686e+00,-2.624921594556246074e+00,2.765969848905503348e+00,-3.436944905848928311e+00
-2.558439513986572877e-01,-3.115604906750808478e+00,-3.552951213657693508e-01,2.721425064790162551e+00,-1.551430846969770405e+00,-1.877316698945611595e+00
-5.264340994961594911e-01,-2.015208806821414012e+00,-1.339178288895713997e+00,3.481872795275833710e+00,-1.036383691091467663e+00,-1.448013743572762912e+00
-6.174506919783367964e-01,1.469123063242605554e-01,4.719438866299730861e+00,-3.281282176971829223e+00,1.415129099404504043e+00,2.326724691629640240e-01
-4.695439287353728730e-01,-2.337470708116105023e+00,-6.918530550208890073e-01,1.817211567437752251e+00,-1.190213579721132620e+00,-2.107490714619914662e+00
-3.925171695991461762e-01,2.643567757486658287e+00,-8.960480915543953540e-01,2.139502156804295119e+00,2.067263431117071892e+00,2.265655463463874142e+00
-5.053520385836426376e-01,-2.033756943687510699e+00,1.039153198799298572e-01,-4.489318467988612227e-01,-1.056926816379893941e+00,-1.984663947649815574e+00
-6.215534567223079954e-01,-1.221272612263769819e+00,-9.032650912586818182e-01,3.012481123756841406e+00,-9.007656883787096280e-02,-2.715722989342249427e+00
4.801590531921660632e-01,9.373898452933806524e-01,4.485098956674040238e+00,-4.930662853364271569e-01,1.942102303151801213e+00,-3.200564358094896811e+00
-8.009529509562592908e-01,7.988665997329889024e-01,4.705331008576921548e+00,1.207442040486988333e+00,1.606405373697519456e+00,-3.111637833445050738e+00
4.854131263846062083e-02,2.877401810764663281e+00,-2.107554567928161759e+00,2.809204956087989480e+00,2.623717935133459189e+00,2.593763047582314130e+00
1.652159166076110908e-01,3.330140518983267128e+00,4.868954441781557563e+00,-1.322399873760005118e+00,2.680411752334803221e+00,-1.019220291465903205e+00
-5.153942206785742108e-01,-1.462655491338329838e+00,-5.598220526922699669e+00,6.412108771241564753e-01,-2.048235824335839506e-01,2.206333826092287786e+00
1.014600316778117295e-01,3.070106410498853577e+00,4.615309016725566593e+00,3.331364780726616459e+00,2.492067172638415151e+00,-3.378760136489209476e+00
-2.735163667834425993e-01,1.878531718881259138e+00,1.318845733084405003e+00,3.465499622637580046e+00,1.952566864613792363e+00,-9.120522761787963617e-01
-4.554709332525685994e-01,1.421033667940275080e+00,-1.932348364151867059e+00,4.271694232608274078e-01,1.795015760478435807e+00,1.784934271304157605e+00
-1.783424258338635049e-01,-2.522004163017869338e+00,-1.961548725421188966e+00,-3.470802696477500948e+00,-1.253141028678916857e+00,2.685085238354192327e+00
-1.659848197105353862e-01,1.871087824250293963e+00,-1.316043446662642058e+00,4.805161513038669341e-03,2.110877273861309078e+00,3.203009251674835411e+00
-5.254706342525233831e-01,-2.244135577335132137e+00,-1.389695763173326437e+00,2.916965119257334038e+00,-1.070883574230210966e+00,-2.180927795026023741e+00
-6.806242314645420954e-01,-4.277248949144532020e-01,3.384964316390653760e+00,-5.736227759354752820e-01,8.474231701020917829e-01,-3.005267805073749798e+00
4.054773393598276598e-01,1.158223001888178061e+00,3.247717404542538766e+00,-4.812967999024686527e-01,2.149203605468350098e+00,-1.986202287707779846e+00
-2.335041691058229729e-01,3.383018979191601439e+00,-2.207568238363447399e+00,2.070304368943576279e+00,2.414344484197616936e+00,3.045630550965007899e+00
-5.781762067648882342e-01,-1.274473049800703528e+00,-4.267348436725003857e+00,-7.161292275916553152e-01,-1.369003383457093603e-01,2.401793127549132656e+00
-6.708029102534126542e-01,3.469470905102776115e+00,2.965515634872319062e+00,-2.335180208299068028e-01,2.048510840985418469e+00,-9.810483455149370258e-01
-4.798191680629007028e-01,-2.437434651438055599e+00,-2.195563740365102934e-01,-9.363275035229925436e-01,-1.225415169793960146e+00,-7.483563927032381713e-01
-5.019297097544888064e-01,-2.354455159173909351e+00,-1.562834117930373967e+00,1.281843603005432541e+00,-1.047359318772497883e+00,-2.735945598035185444e+00
2.071129406862584899e-01,2.725030440812856725e+00,8.399326935883028256e+00,-2.126936299907316918e+00,2.527875605599890108e+00,-1.627429560185245094e-02
-7.457760714733757679e-01,-3.342043494162982853e-02,1.997583924350590845e+00,7.451517674222385423e-01,1.227623756764390173e+00,-2.732429265625836656e+00
2.213034858642490832e-01,2.139239916112016360e+00,4.093066142062006918e+00,-2.728895514003386591e+00,2.400665663830225505e+00,7.402182729523030247e-01
1.824832049712910576e-01,8.599395766192827750e-01,4.216638260746901068e+00,-3.187613118947774993e+00,1.876686603367201389e+00,6.587194551033332957e-01
-4.979915114140545662e-01,1.863298968018543889e+00,-9.174660257728985968e-01,-6.982501175169395502e-01,1.917319077679889183e+00,3.470655567166864408e+00
4.120080243902308204e-01,2.506647299919840144e+00,2.527002612340962795e+00,9.023518742179650332e-01,3.164638676245332238e+00,-3.140693583000805589e+00
6.418321919390592711e-01,2.188851835715929894e+00,1.893512353572622153e+00,-4.532559741347070847e-01,3.014943034718497117e+00,-3.642826982843816452e-02
-1.130686133683333761e-01,1.001805958984631317e+00,4.905963688926408217e+00,-1.219069526884789312e+00,1.818992213521053003e+00,-2.178659136160006948e+00
1.025558110636429543e+00,7.995849163093096124e-01,5.778589456718601802e+00,-2.079072622627962996e+00,2.087388864533005428e+00,-1.275729360153453396e+00
-5.696748498078478828e-01,-1.114830917425461365e+00,-4.644617319288532720e+00,2.807979567924565600e+00,3.657855562409529915e-01,1.018278595396393094e+00
-1.064454136424866082e+00,4.595786785160393961e-01,1.708786387872123225e+00,3.301248753709813855e+00,1.382236874838679519e+00,-1.977269560464689491e-01
-5.626582921780260982e-01,-1.814536505176676862e+00,-3.163992282533139022e+00,1.055366639025173470e+00,-6.274830390217513987e-01,-9.860120342259692805e-02
4.260541705992001438e-01,1.611090845973264685e+00,-2.246267063959510146e+00,3.362730345873817583e+00,2.628537489984890563e+00,1.724620816937415313e+00
-5.618370432017807392e-01,-6.732703910650075230e-01,1.543893190077548550e+00,-6.332461753201119592e-01,8.050118541301873876e-01,-1.123828431807122552e+00
2.616650435999739455e-01,1.216111723437358627e-01,-1.677407339084886706e+00,2.030482868757641945e+00,1.644109155706689140e+00,2.147985096195838217e+00
-1.308929144081623752e+00,1.020663402386720264e+00,5.564802475627878664e+00,6.436248670112298953e-02,1.520450124244103307e+00,-1.301937615750242916e+00
-8.311639786415210285e-01,4.881317352898819628e-01,2.082642576181665817e+00,6.287931287848893547e-01,1.497848815165023328e+00,-1.041945846189834768e+00
-2.653261174574028658e-01,2.190673851001272432e+00,2.091265844599766943e+00,-1.241436823792696487e+00,2.058115815021746009e+00,1.619579590538180902e+00
3.247645142208558933e-01,-6.113666233034891206e-01,1.868024795104381353e+00,-9.358471865969768544e-01,1.380270938212707188e+00,-1.916525996995203318e+00
5.752891437974452238e-01,1.810098507831646053e+00,5.417267969641406111e-01,-9.369568007984772073e-01,2.375546361426124520e+00,5.088826375188784112e-01
-5.027748016124413688e-01,-2.258309480677742176e+00,2.385679787450542655e+00,-3.177573229922599829e+00,-1.161867382585435093e+00,-1.182529822518083584e+00
-2.817989219277280966e-01,-3.117170813924514672e+00,-1.275928371352341939e+00,-3.259754948307005407e+00,-1.525083557713361904e+00,2.496730120690674681e+00
8.812376986323262607e-01,2.028059098738994592e-01,-4.017293740313269135e-01,3.373382801848468837e+00,1.819340487163078057e+00,-2.027736963942476933e-01
-2.627925989328630529e-01,-3.073685274264579714e+00,-5.550115688414136272e+00,1.211258412773603688e-01,-1.526118711950427143e+00,1.314878546626486511e+00
-7.517445739219350553e-01,2.563208762000277474e+00,1.238889581144225538e+00,-1.787285616760840412e+00,1.894844711224249023e+00,2.228218912804560858e+00
-5.063564231286542539e-01,-9.045326931190240671e-01,1.398502244601629085e+00,3.110437799730913611e+00,4.629955422413108979e-01,-3.435608953032630808e+00
-5.012253317346279102e-01,-2.421942597648148787e+00,-2.706721591976983810e+00,1.902076569297860509e+00,-1.271967535289511231e+00,-6.609279019906750818e-01
-7.689117988246427782e-01,-2.630134010064066885e-02,4.032136392286668425e+00,3.392675189895792975e-01,1.189407050127125665e+00,-1.190124003574529965e+00
-4.021704669937845589e-01,-2.370512609684112260e+00,5.423620305549761156e-01,1.908411717314119294e+00,-1.134524394666708957e+00,-2.027065007835570754e+00
-4.311874007448451840e-01,-3.077710342584254022e+00,-5.488887728620601258e+00,-4.287688289457403101e-01,-1.527809356383190043e+00,1.107228130440930158e+00
-7.228542499534487131e-01,-1.046764937106285043e+00,-6.731950540539588523e-02,1.755574139071143236e+00,-5.137917487489419149e-03,-1.152379471710341718e+00
-8.847667346516245868e-01,4.692101489200988240e-01,5.722195811406786348e+00,5.795683458851534908e-01,1.462348006214923446e+00,-2.737589345980273592e+00
1.520634053279844577e-01,-2.211024121741629322e-01,-6.286783361737509068e-01,-4.984411405117428195e-01,1.522399327069491548e+00,1.132428000858197947e+00
-6.545795547572152984e-01,-1.737163486290074665e+00,2.844526409409000589e+00,-2.862013180885315755e+00,-7.381962165964590650e-01,-1.541473229606596274e+00
-2.955234340630564782e-01,-4.762714689029627912e-01,1.689953226453224211e+00,-2.727453053856334630e+00,1.128688338514033607e+00,7.510797523767216433e-01
-4.273528760674543125e-01,-1.953089079978992615e+00,-6.152919973997310166e+00,3.490607451167154984e+00,-9.619823950663135559e-01,1.796385492592043498e+00
-4.330880023923444622e-01,-2.983685914619649271e+00,-1.867902274740541380e+00,2.703803155299522309e-01,-1.499436462629166966e+00,-1.615783080809931160e+00
-7.899041157945986269e-01,6.555492895589463132e-01,1.987282499434588123e+00,-3.355000282922467658e+00,1.552191510082946202e+00,3.011501410687782432e+00
1.934989746516405651e-01,-4.566167783116177326e-01,-1.507488612724894539e+00,-2.321494308440019694e-02,1.330988906393264504e+00,4.261449821764782264e-01
-4.485242088597086174e-01,-1.192670774321677563e+00,-4.839717681072776223e+00,4.002412815345621766e-01,-1.325049330287943750e-01,1.584807710430235161e+00
-4.421165840295265825e-01,-2.100774772123945144e+00,-1.569753599766112062e+00,-3.328494959642691597e-02,-9.658118051811969140e-01,-1.419684674324164231e+00
-3.719531388519473625e-01,-2.568285249514464574e+00,-5.504340375907799121e+00,1.375685462300507034e+00,-1.277882865793701805e+00,7.079269305133575330e-01
3.571469257725952140e-01,2.451216331644112678e+00,4.767704637594284200e+00,-2.427604316944339757e+00,2.642714664323709162e+00,-3.776798966142340674e-01
-4.400675630783953407e-01,-2.438019526882225563e+00,-1.525297735537055388e+00,-7.837019691959730139e-01,-1.221071969312335526e+00,-1.232499049245811218e+00
4.208025575018994324e-01,2.820467645040347193e+00,3.680577989713553766e+00,1.677000538899031667e+00,2.191070119039544295e+00,-2.719918125854758006e+00
-1.231595306356064512e+00,5.271309661514607114e-01,8.476360345634093463e+00,-3.331631773736160707e+00,1.369566666212307604e+00,-7.145630409267558214e-01
-6.580652245089514407e-01,-1.442152757312459066e+00,-4.101720608836302517e+00,1.657288907434998571e+00,-3.813489163427957185e-01,5.155480939120540285e-01
2.414431773089459610e-01,1.745737251045809124e+00,2.643758832055355779e+00,-3.226375753025373161e+00,2.348527426929381434e+00,2.969183365881690406e+00
8.082749534365568644e-01,1.063736253352087324e+00,-2.828142985217529937e-01,-3.236146575860123775e-01,2.611510843354929889e+00,2.883394104115056145e+00
5.850419640893101958e-01,1.283453737886935286e+00,-1.646413919061084030e+00,1.239595700089690666e-01,2.159819556299243715e+00,2.823840757349962871e+00
6.471158169710539143e-02,2.927019797336413376e+00,2.269098352836376620e+00,-1.154210471336382327e+00,2.296200768646933454e+00,5.214022417580732593e-03
-4.054257426543215193e-01,-2.607755374829777484e+00,-5.866051240279290369e+00,2.180610972206875608e+00,-1.301195317691660192e+00,1.008099246305146579e+00
3.889797500925586404e-01,2.825804228792840433e+00,5.528982827360494845e+00,-1.419414405649488842e+00,3.098397307190134953e+00,-1.665392734027999033e+00
-6.116581355456910396e-01,-1.696582604493603430e+00,-3.970411495645782107e+00,-1.354520874154092613e+00,-7.364354173782416968e-01,2.744022670053374746e+00
-6.711796722450819042e-01,-1.046335406096347675e+00,-4.042351831438764975e+00,-5.335730887194491956e-01,1.318560066014123622e-01,1.723342275981064375e+00
-6.321217945911492553e-01,-1.508646052643672686e+00,2.351895817029121538e-01,2.272675527683634122e-01,-5.115020891825791116e-01,-2.509968268510012201e+00
-6.125839026721582314e-01,-1.738386780597318548e+00,-5.639071673965037945e+00,-5.384651837803025032e-01,-6.179534249425637782e-01,3.274876839519905936e+00
-3.458323429746601452e-01,-1.927742618536038899e+00,7.255149472721198478e-01,-6.908680516192839960e-01,-9.292588075856056395e-01,-1.848214769651304934e+00
1.392191450153683396e+00,-5.793053347490584315e-03,-3.288111520784252839e+00,2.401248029813038087e+00,1.856303781597717473e+00,3.393942218816651035e+00
9.109835904757190850e-01,2.324851911437457730e-01,2.984961515925040221e+00,-1.755679572526286591e+00,1.954871255229941651e+00,1.810386678940440142e+00
-3.833042968929442074e-01,-2.114880419951624457e+00,-6.535796112847647166e+00,1.504274243901672747e+00,-1.003391637411415127e+00,3.471932421672601521e+00
-2.165265003835822322e-01,2.553828460852473725e+00,-1.135337627292701823e+00,-1.996589510179713756e-01,2.000946611323096036e+00,1.055709626219638153e+00
-4.652426799854222361e-01,2.811965527201005344e+00,2.832781989620693608e+00,1.317702150281274243e+00,1.978525093511486643e+00,-3.149921525845358339e+00
-6.889655620466211827e-01,-9.164799746268785796e-01,-2.342118960852333842e+00,1.817017010755090922e-01,4.091780878080830686e-01,7.065383983651871702e-01
-5.600825247158955911e-01,-2.202682918326473338e+00,-4.998367370591733305e+00,-5.228930028836740185e-01,-1.079817522546828057e+00,2.333469661354572011e+00
-6.468700991906380926e-01,-1.576589355246388102e+00,-4.893616119357437455e+00,2.097217663438047275e+00,-5.809711791751732690e-01,1.187741063715232137e+00
8.947171365881200211e-01,3.150345332038972934e-01,6.745021264456472210e+00,-1.754104938987629758e+00,1.923698737804195869e+00,3.162930729685591302e-01
-3.815252853850654158e-01,-3.072531587201426717e+00,-6.766010776187330933e+00,3.470172034141336681e+00,-1.521728519191044571e+00,2.273563448510382834e+00
5.518576385300392184e-01,9.034384465783134033e-01,-2.283663415155380516e+00,2.919245425280950101e+00,2.117138291044241338e+00,1.855418585575739243e+00
-4.279733405413277958e-01,-3.200844934874430336e+00,-2.540240866864990288e+00,-1.502375219207799262e+00,-1.572154423847099025e+00,1.781287121518134065e+00
1.354532563571408499e+00,1.113265340652283442e+00,-2.024609171094307047e+00,1.062000352374896650e+00,2.620668943359016900e+00,1.417979498973916286e+00
-5.789262665003086505e-01,-1.730011093310153125e+00,-8.732394007063492003e-01,-3.209513424110558955e+00,-7.887240593363844532e-01,1.184153138014981010e+00
-4.244532695154512592e-01,-3.201971762831036905e+00,-4.626291540412181824e+00,-1.368002191850483218e+00,-1.553769537149251700e+00,3.141994891414902291e+00
3.248511452967471902e-01,2.156582137918324094e+00,6.576720658810575770e+00,-3.304745304940086115e+00,2.405965803210162512e+00,-2.287646827307888042e+00
1.435097359153551189e+00,6.545333163938042986e-01,5.763785298870708118e+00,-1.819725055927350121e+00,2.412150447343865967e+00,-4.851041407039491382e-01
2.669351812314481043e-01,2.070044435277370809e+00,2.696112837988492217e+00,-2.009413862085676517e+00,2.415069577667244172e+00,2.644062731068221872e+00
1.586765878429283516e+00,2.282448225598328051e-01,3.092342073960791193e+00,-9.995484067305699938e-01,2.571385233882953258e+00,-1.293030843587699152e+00
-6.034762997113547467e-01,-2.658492142034383221e-01,-2.505315598955327516e+00,1.040422733133858912e+00,1.113472110485467237e+00,2.018721768945476391e+00
-6.436346964130086334e-01,-1.677063979045232855e+00,-4.979653414307154691e-01,-7.751926966483533299e-01,-5.041977475350036819e-01,-3.056413742386868915e+00
1.265050031825615262e-03,1.591492821701971927e+00,4.519692465664163272e+00,-1.165212195923905902e+00,2.081774416194464461e+00,-3.197947035801091520e+00
-4.550016180818481359e-01,-2.308087396717584561e+00,-5.210806248546394848e+00,3.350920831730602067e+00,-1.229124295705620318e+00,4.067395121173222883e-01
-5.204397462614903658e-01,-2.408340937577873042e+00,-2.830830760739324603e+00,3.398339615914089507e+00,-1.281297768353705235e+00,-3.677478945499155216e-01
-4.398904540212126291e-01,-3.099074971113387811e+00,-5.099275160551069774e+00,2.291978881801013834e+00,-1.524085316113761301e+00,3.859953232077448781e-01
-4.255856807330625768e-01,-2.880208336844163775e+00,2.824512503710162825e+00,-3.396494027170859020e+00,-1.450405868392433906e+00,-1.995568499438751253e+00
9.061399802369838330e-01,1.563892874382926124e+00,-1.815028966820884104e+00,8.272704778258033187e-01,2.443493831497919100e+00,2.888363204263963979e+00
-7.501212898878698576e-01,-1.150355026809705805e+00,-5.496983987035353181e-02,1.841726186694663703e+00,-3.628776343748571498e-02,-1.205075048076878819e+00
-1.496331730354819034e-01,-3.036677783954468079e+00,-2.929054590187716745e+00,-1.715252880903072263e+00,-1.453599167804769721e+00,1.833052902486512536e+00
-5.273665148165412875e-01,-1.567605673386085030e+00,-2.798280903949172504e+00,1.689495114663568387e+00,-6.400754070661319739e-01,-2.847202882491712828e-01
-4.935871654997390223e-01,-7.077867533847141956e-01,1.240184094790473424e+00,-2.943707774391315812e+00,6.821413349663354442e-01,2.000186932082125502e+00
-3.818387415185931499e-01,-3.345369069294186204e-01,-1.799059646650190913e+00,-1.037008581346532843e+00,1.184650252799188674e+00,2.025921029573947152e+00
-4.402471151510846392e-02,1.529515459608082217e+00,4.737268581308365256e+00,-1.355429302832440897e+00,2.099870234833714377e+00,-3.037799982933294896e+00
8.638515088409676190e-02,1.323413574682998473e+00,2.550860580224393992e+00,2.962066703470802587e+00,2.016328930913702688e+00,-1.290046898081469884e+00
-3.402694060354705119e-01,3.316586264542025653e+00,5.295998428210509701e+00,2.248195841211417800e+00,2.215377461207938659e+00,-2.202516177502625627e+00
-4.619202002337752244e-01,-3.121298295604905348e+00,2.010639638590354217e+00,-1.450010798768007980e+00,-1.553669495099733844e+00,-2.361033666151895805e+00
6.670749751981861486e-01,3.253278570271267434e+00,-9.475722985784968966e-01,3.301840807056559690e+00,3.509411526126695158e+00,1.284406256095617316e+00
-5.202974028650433347e-01,-2.246053507384739856e+00,-6.716409466034806819e+00,3.295698988764456772e+00,-1.147487299528977323e+00,3.190077352423170254e+00
2.576213365062407501e-01,1.868423344942443443e+00,5.340074999092188079e+00,-7.862340626470105676e-01,2.306216815977872869e+00,-2.193356654745141299e+00
-6.974128149671915411e-01,-1.703217996277871960e+00,2.681939266901143260e+00,-2.068400544515793804e+00,-7.249421228034509390e-01,-2.976731606385395690e+00
-9.283224707581321233e-01,3.286465558637221562e-01,-2.711560274345391264e+00,3.176547324181864695e+00,1.322899832077999438e+00,3.298138238157195090e+00
8.393771092747779328e-01,7.633622158119495182e-01,3.229940070303166877e+00,1.366521333228945423e+00,1.965847634562805091e+00,-8.850591002021976905e-01
-4.979827034481472126e-01,-2.060538759012633836e+00,-4.603750138496909283e-01,3.177860383480997974e+00,-9.220378559902658866e-01,-1.819537083706725067e+00
6.499936577136176119e-01,1.920071736844320753e+00,4.908228321531152183e+00,-7.639745512459579224e-01,3.077732785982774111e+00,-2.529773227273389935e+00
1.006070954203491796e+00,5.910536820225633647e-01,7.942857449626517408e+00,-3.448317477504398987e+00,2.313861791164542048e+00,9.937016896396189125e-02
-4.392642037312287084e-01,-3.243345925487971737e+00,-1.870499679299100215e-01,-4.355132926556954942e-01,-1.578123791619193916e+00,-3.353375973717578340e+00
-5.680751054033794656e-01,-1.792851054113217657e+00,-4.773779848543807880e+00,1.674659192760508120e-01,-7.590071784739396143e-01,1.009000075414540731e+00
1.738636904469378130e+00,4.229282052942338055e-01,-2.279435070231981442e+00,4.758895193337582263e-01,2.554820049929060310e+00,2.286574603216885215e+00
1.986227408407090222e-01,3.234315690296464041e+00,1.000671947763926539e+00,2.418280967256241532e+00,2.884335423636012141e+00,-1.145351107822421000e-01
-7.641243633862844498e-02,-6.208812737349216349e-01,-7.396215445283038648e-01,1.924079541094069867e+00,1.275949059528110219e+00,3.847059355290705085e-01
-5.325238393090746536e-01,-2.381500354652140494e+00,3.270148782712232638e+00,-3.363917219398719460e+00,-1.266373468842259653e+00,-1.662041149215720104e+00
-6.463478320642832564e-01,-1.682620766784419075e+00,-2.666522042240886847e+00,1.147484536007195466e+00,-6.788675056512412098e-01,-1.772697224186505771e-01
9.001010904714223937e-03,2.756679096147379049e+00,3.144900806836978813e+00,3.297860811041527285e+00,2.514544545820962984e+00,-8.127552918034117724e-01
-5.984659736884648806e-01,-9.135988926065383708e-01,-1.214595057546955514e+00,-9.845683694369244954e-01,4.403543123308785168e-01,-2.798191738108535276e-02
-3.597025205650614121e-01,-2.166876280859471926e+00,4.698990551259042192e+00,-2.196653554144185616e+00,-1.144730102747531841e+00,-2.207896192715610884e+00
-4.076738981425537256e-01,-2.823116877307592532e+00,3.436573364724158530e+00,-2.362752497697943266e+00,-1.432428096113443239e+00,-1.940077759346726660e+00
-3.108203282128780831e-01,-4.220820925800188306e-01,5.656625303247192704e+00,-2.057059390686971856e+00,1.180961644924479303e+00,-2.695762397772664798e+00
6.534895888208502868e-01,1.018060896397786408e+00,3.542854641655142078e+00,2.855373669460846919e+00,2.020867094586306312e+00,-2.186671949261003167e+00
-3.798832778848540981e-01,-3.769647643013684934e-01,2.409075700466979164e+00,2.103672944879006579e+00,1.249052539837535836e+00,-3.361420705003817400e+00
-4.210921989121836351e-01,9.205787139586396606e-01,-6.430616175391803413e-01,8.536881562132094814e-01,1.708471409026528720e+00,2.585999272918577674e-01
-5.815225667310176538e-01,-9.718722925466343199e-01,4.253752809423355430e+00,-2.107711314363214683e+00,3.210232345637600293e-01,-5.475203058388968813e-01
2.588861769311290306e-01,3.254053491237519857e+00,4.061121289881688412e+00,1.099894338551998807e-01,2.719113955176903907e+00,-1.913781148465799831e+00
8.831978707931531503e-01,2.955884178882368651e+00,2.429390093118812377e+00,7.819650292312925188e-01,2.814489660030591089e+00,-5.496996089144312592e-01
-8.478322819716235248e-01,6.164073058057244481e-01,7.633443269594633040e-01,-1.034300155826850975e+00,1.550928123938240422e+00,7.152024908278313831e-01
6.410589501821335467e-01,2.480204148025264566e+00,-1.632132402599149712e+00,2.385742963231534119e-01,3.542510929925670737e+00,1.661826124658428050e+00
1.326499372855624859e-01,2.903778948524633918e+00,3.743528570551940327e+00,3.491072445569590954e+00,2.625065226729053958e+00,-2.110171517234121108e+00
4.082672546306332917e-01,2.096381541046570263e+00,2.898254607435202246e+00,1.409261262537248705e+00,2.838862209292585703e+00,-2.052446696374417900e+00
8.924565686368445272e-01,4.572992586182462738e-01,6.057451239866816550e+00,-2.041675408277150883e+00,2.160212317582280050e+00,-2.637571474842361319e+00
-5.220023483375327844e-01,-2.160607516194176014e+00,-6.196964691110522949e+00,1.909617650887826201e+00,-1.050630842287483047e+00,2.170381384675603265e+00
-8.237430280612284550e-01,7.502140119665412499e-01,3.022952540673203181e+00,-3.167309635465011208e+00,1.600452868127155703e+00,1.124715294017169853e+00
-3.820186454927704256e-01,-3.269113067471084655e+00,1.354266944579175291e+00,-1.951660922248932950e+00,-1.587917300479549043e+00,-7.378572173399255973e-01
-7.188738606143912913e-01,6.031430579698140448e-01,-1.550987947184037541e+00,1.559604846615922469e+00,1.584756214040686562e+00,2.629970949222967924e+00
1.126065796092269172e-01,2.366618963937098030e+00,-1.976561576620894822e+00,1.597394398102591317e+00,2.448412080879495800e+00,3.117829494888323616e+00
-4.138182537685290430e-01,-3.272907297364936685e+00,-1.603946843892462226e+00,9.815693422490534559e-01,-1.594072342043350909e+00,-2.932332941347991273e+00
4.360554563788139881e-01,2.403919130676290372e+00,-1.392824422898721881e+00,1.969473546254786100e+00,3.052319215833710686e+00,1.058723628856166776e+00
-8.536453653614859416e-01,-1.656576512232694753e-01,9.328397828885501397e+00,-2.593563397679403693e+00,1.013596539713210731e+00,-2.080539514569182291e+00
-3.646891343711519129e-01,-3.179320471261054770e+00,-1.997387334954524807e+00,1.408504239360846455e+00,-1.564520174313301926e+00,-1.933619491317174699e+00
-7.288095165651524709e-01,7.335617993362042455e-01,-5.897192004667402010e-01,2.662871154537215901e+00,1.614117037922585318e+00,1.825276407241243959e+00
-6.086791070435263462e-01,-2.757729905002848092e-01,9.791803317912342042e-01,-1.925623657013132428e+00,1.085964395211374889e+00,9.650487660841813309e-01
3.859893935565851253e-01,4.629743825570904470e-01,3.476961635627706215e+00,2.535483423790465984e+00,1.824838403098607564e+00,-3.414587695374242671e+00
9.771576733571227802e-01,4.818250710067051301e-01,5.942906370348320921e-01,3.252847452600816425e+00,2.172989747459382226e+00,-6.025713005593695826e-01
-2.001802277466049607e-01,6.606127188072044021e-01,2.316128316615328586e+00,-3.232554843176946413e+00,1.689095669099870634e+00,3.404586124836051830e+00
-7.172876605503029079e-01,7.331562064197694184e-02,7.650886080197898398e-01,1.685463573655823666e+00,1.215277774498393804e+00,-7.884777176576913682e-01
-2.165387646481449768e-01,-3.124273303966789594e+00,2.273240603391000647e+00,-2.538404455281239258e+00,-1.534965242996672252e+00,-1.491472914835375363e+00
-6.347684701003787344e-01,1.789358522935359019e+00,6.687709970849478047e+00,-1.840010757734143798e+00,1.804367873926719490e+00,-1.075545912702313256e+00
8.490183858442965636e-01,1.611611998703867954e+00,4.728378837735752960e+00,-1.108470507456402743e+00,3.026051827669820060e+00,-2.361546295315874122e+00
-2.865682827694100987e-01,-3.264975658698712202e-01,-1.503834704659531063e+00,-9.727364653273138373e-01,1.269800647080566725e+00,3.181333292400005952e+00
-1.289441684391292309e-01,1.273473760928646392e+00,3.128034966906836800e+00,1.500643038529752005e-01,1.936672855475531474e+00,-2.205899634539634668e+00
-6.170221896814717111e-01,-1.237254691238086401e+00,-5.000911258499820988e+00,5.499357335569090566e-01,-2.694754958249236387e-01,1.612468915411502834e+00
3.456927207385250833e-01,2.442668931205371763e-03,8.102081663130530131e+00,-2.717435714372247624e+00,1.654455692945099754e+00,-3.219333306824304408e+00
-5.111367148771267521e-01,-2.107411434092873570e+00,-9.565582594234668390e-01,2.577253597881771441e+00,-1.017319747466258750e+00,-3.291426206287116685e+00
-6.166235721309730744e-01,-1.907085747454955627e+00,-5.448329201768277841e+00,-7.186938332040853084e-01,-8.093848305239006446e-01,2.543326225349638925e+00
-5.787909596202789331e-01,-2.008149027324207303e+00,-1.235403544333350423e+00,2.848291944540973120e+00,-9.632046248313553827e-01,-1.443631048642415315e+00
-5.958704931716757303e-01,-1.220825360491625489e+00,6.496234241404540199e+00,-2.732786983337061493e+00,-4.389080055487831755e-02,-2.451435753978921994e+00
-5.162001813705838771e-01,-2.391321588739200532e+00,-1.542419459920258085e+00,-2.921503530029583295e+00,-1.230531770305589356e+00,2.160050873812853212e+00
-3.624674265738506707e-01,-2.655114303925966368e+00,-5.483172570912131505e+00,3.425493208811172252e+00,-1.368449015921550771e+00,7.602399002341959644e-01
1.095882746271400254e+00,5.273529453383183352e-01,1.647435825011089205e+00,2.017727659024902032e+00,1.991995938050996395e+00,-1.831385160774159360e-01
2.659602198639232640e-01,1.051586867554665794e+00,4.550864867757732135e+00,1.549700122933365343e+00,2.026162465759250075e+00,-1.208082693052418666e+00
-7.707592929808527726e-01,-1.055413618122590158e+00,6.020607327100798933e+00,-3.003271449774929547e+00,-3.988153170436437023e-02,-3.163972004662265025e+00
-3.179746631692029757e-01,-2.698045839822230452e+00,-6.786978565287147269e+00,1.854369610976063676e+00,-1.296538284450544198e+00,3.173509617041196940e+00
3.156335408786258290e-01,2.939930889222245547e+00,2.838430766188803744e+00,-1.105408598745337478e+00,2.865550931963710468e+00,-1.425686751906880545e-01
-4.158895677875225627e-01,-2.464501633320982599e+00,-1.736675802649221279e+00,3.426007402571563887e+00,-1.309161614728882705e+00,-1.164257731648158156e+00
2.734645674625224565e-02,1.900366599972934445e+00,-1.480330131371205837e-01,9.065064497868657867e-02,1.986034587790928008e+00,9.303035100662988555e-01
-6.076341552764830123e-01,-1.376846773522199197e+00,-1.356417298308032482e+00,3.410759049386974162e+00,-4.336103504816299359e-01,-1.826122944955741234e+00
-6.070185737781782498e-01,-1.828211926461615011e+00,-9.960684118134660592e-01,1.008104828528049168e+00,-8.077802746476585583e-01,-1.962142294450487601e+00
-6.262346688219384561e-01,9.258770458036993389e-01,2.423352970925478189e+00,2.116579441446533316e+00,1.670621920540907412e+00,-9.227075786621252718e-01
-8.403754669616159134e-02,-2.598183721719736106e+00,3.232164986710132748e+00,-2.055791587692194167e+00,-1.357326849872380947e+00,-2.187755325918352423e+00
9.947128392996370527e-01,2.748964211157622906e-01,2.152491222631373269e+00,6.638467352182750858e-01,1.720204221461264948e+00,-2.603136135340658353e+00
-3.857492365011153113e-01,-3.719664025644169314e-01,-1.308621924174161455e+00,4.579370569373080180e-01,1.026854683033483928e+00,1.977093044991558024e+00
-5.588042030535902427e-01,2.129730651628298332e+00,7.145461024855917387e+00,-2.735420843416904280e+00,1.875556725275895786e+00,-1.795695113349871086e-01
-3.494615828862199791e-01,2.368046943950383287e+00,1.321392293300919896e+00,-1.069573927785441469e+00,2.048230424802246930e+00,1.166889333245526572e+00
-7.676080676849653672e-01,-8.251132655903790081e-01,7.690144557376731527e+00,-1.748709342855760518e+00,3.510805541363883897e-01,-2.927624919988456753e+00
-5.162810153501656840e-01,-1.392248058818488232e-01,-2.353856818275875007e+00,1.562280495027920324e+00,1.273686449676707078e+00,2.906505754194252944e+00
1.268587786746997681e+00,1.193672229061205847e+00,2.806275275023573990e+00,-6.127082254499502945e-01,2.838461857278929301e+00,-4.309231964405224602e-01
1.043092560941363711e+00,1.999937948077205263e+00,-8.437914178844314605e-01,6.063567764567601159e-01,3.007544756930264462e+00,1.691446270071585545e+00
-4.790355645657980999e-01,-8.004441488505928959e-01,8.554142455886351581e-02,2.090020137164064984e+00,6.386159515999443315e-01,-1.520231101618540137e+00
-2.633995422471645531e-01,3.121631234685366962e+00,3.270727130568162000e+00,-5.458375976506912863e-02,2.326667772831836345e+00,-3.479370984688864965e+00
-7.599517307340500905e-01,5.680750810668158124e-01,4.617544982076646320e+00,2.260625567908807199e-01,1.569871854296464031e+00,-3.009623329124579527e+00
-8.465634208312239339e-02,2.173399002248421752e-02,-2.268091328900103676e+00,2.216818774047667695e+00,1.500121387854517652e+00,2.111129707187393123e+00
5.099125047202018868e-02,2.164194577973640676e+00,2.355502293884979892e+00,-1.106941784748177948e+00,2.272929910497615502e+00,1.898649727273173937e-01
2.400735111427012014e-01,2.624085712806234483e+00,-7.195489988833800865e-01,2.834343099792036469e+00,2.743547262502684880e+00,3.312864306633229283e+00
1.680434694307246790e+00,1.387224434252685157e+00,6.203494969967979777e-01,2.891646155686031783e+00,3.429653134068024745e+00,-4.922755968058520892e-01
5.011125219499701355e-01,2.409786087012971478e+00,5.586950616462667440e+00,-1.364462775401883210e+00,2.767698911606585099e+00,-2.569045093771853416e-01
3.123427273707505836e-01,8.266031125177066841e-01,4.039874384684421393e+00,-1.939198882509233890e+00,2.008159147319649396e+00,9.881521466170362089e-01
7.982126338860051629e-01,2.791309820515577300e-01,-1.997529949420429274e+00,6.892796290794311886e-01,1.928402382709049068e+00,1.815888012125999040e+00
-7.572550108115383427e-01,-1.118724179759177595e+00,-3.978962682535437168e+00,3.487501578235159272e-01,3.446801624036921474e-02,2.160005274024768163e+00
-2.641864138944796103e-01,-5.746247115113334303e-01,4.640765357918137823e+00,-3.444295936338468422e+00,1.122349888954918384e+00,-4.881418146545750680e-01
-6.619445773497002472e-01,-1.180533443273802163e+00,-1.242796093191724793e+00,-2.496519403824257743e-01,3.815571826671615430e-02,-8.060648363828284424e-01
-6.708611422887948983e-01,-1.910578415268807007e+00,4.408128958660793018e+00,-3.000036340747735952e+00,-9.684308557609991874e-01,-4.409961770742731879e-01
8.620536158803175919e-01,2.379713123034870925e+00,2.203988433278215364e+00,2.113925948434150826e+00,3.348414628747803601e+00,-2.255397388860334473e+00
-2.533916986569285656e-01,-3.285512270543853752e+00,1.797014536465292744e+00,-3.195613360577879369e+00,-1.591913045701210949e+00,-1.432481591072619853e+00
-6.225263502250384384e-01,-1.202876517743385776e+00,-2.541064981217382890e+00,-1.469225838568007703e+00,9.449804495112140712e-02,2.363088069288261650e+00
3.475129712721528596e-01,2.915218128424505117e+00,-6.780187996887638846e-01,1.443316810543677775e+00,2.777656584124605477e+00,1.629308494198349777e+00
-3.778082001417288893e-01,-2.999732248364044729e+00,-2.634300717114641088e+00,-2.349566596704594446e+00,-1.478804878492165908e+00,2.244259785721414602e+00
-9.752983515575108786e-01,2.925556095145571689e-01,2.268333573727300490e+00,-1.881626127931751435e+00,1.348972417022502812e+00,6.974272977045199440e-01
-5.553246619296828834e-01,-1.842261278772509669e+00,5.872317496896100053e+00,-2.977565110034135376e+00,-7.705021521902521986e-01,-2.719568511251372556e+00
8.345312017511439251e-01,2.859971705755874893e-01,-1.645986267251823953e+00,2.708293072032894599e-01,1.863444345011155079e+00,9.920596806299144532e-01
-3.470525011211840760e-01,-2.202776357950761543e+00,1.052404449850203871e-01,-9.450618324543054172e-01,-1.162552434184466188e+00,-2.846903232895655833e+00
-7.539027330178067476e-01,1.508436270322156325e+00,8.966720982035521814e+00,-1.722184378246063741e+00,1.734214143779723827e+00,-2.614124079549908330e+00
-1.588389691660339054e-01,1.215028405743959539e+00,-1.305476842013774341e+00,-1.111346208879209208e+00,1.886084273841786230e+00,2.889013483904112611e+00
3.985339869636370103e-01,1.844528268912216440e+00,-1.160319092774667160e+00,6.425274332640285024e-02,2.721650451280917871e+00,1.308709510765529771e+00
-1.373792815085156382e-02,-3.326666661580489404e+00,-3.572707852888289182e+00,-1.151495267625635144e+00,-1.605247536202644598e+00,5.908663638856275213e-01
-5.072510367830179723e-01,-1.527006760704194388e+00,-4.454555279621302155e+00,1.597900200893384692e+00,-6.227299005601191206e-01,3.491255932712413745e-01
-3.745549394071542304e-01,-4.592891177292059979e-01,2.106372647547374299e+00,2.187465209388430587e+00,1.162538459707120886e+00,-2.443218269619925831e+00
4.370818964182751065e-01,-5.354818185765659599e-01,4.144888635053325388e+00,-1.106710104443425102e+00,1.490007129820154264e+00,-3.312455525015780111e+00
-6.093526240634332680e-01,-8.118917741531874732e-01,-2.394728324352444204e+00,-1.115391175117371958e+00,6.532278714658716900e-01,2.064266431698388971e+00
9.108936011751438411e-01,4.108174020408577043e-01,-2.466073502625748315e+00,2.926784491124460708e+00,1.981293067371743044e+00,3.460661328566580153e+00
6.073327933875388718e-01,5.489458291956461622e-02,-2.337099053770305801e+00,1.103723139327137837e+00,1.717098230158299543e+00,1.707924018173756053e+00
-5.984413589662909150e-01,-1.780979978172856804e+00,-1.442912085315835924e+00,-2.664104284043118387e+00,-6.696342342057237662e-01,2.185422311397037021e+00
-4.752532264502828951e-01,7.288548857588130758e-01,2.247275125787441041e+00,-2.628933337137826509e+00,1.642825627938550914e+00,1.565941439200996932e+00
-1.302208476481843402e-01,-8.092172096018357408e-01,3.016176389460747398e-01,-3.601480722965022530e-01,1.108450659615027645e+00,-3.689350169441141247e-01
6.406572842095331621e-01,1.496232278160398721e+00,4.125562260255883018e+00,1.647473191854932573e+00,2.168454452533935317e+00,-9.354433757228184376e-01
-5.253924573962759359e-01,-2.210297259859212549e+00,-6.414163432829091072e+00,6.594511188972935756e-01,-1.181104088594984614e+00,3.121597406179648537e+00
-5.675533498129301524e-01,-1.372994709391858414e+00,-5.083185898315110585e+00,3.172185008209913448e+00,-4.178961266927771478e-01,1.085968636229947215e+00
4.194591641470791776e-01,2.433605332810953925e+00,1.092504366132275750e+00,-1.695549588697263133e+00,2.784558210416453239e+00,3.137978788118039652e+00
-7.117454816637855952e-01,1.643088908813242099e+00,3.074418854578897076e+00,2.155891935368797085e+00,1.782812634253756245e+00,-2.544049151538035680e+00
2.677714342846818085e-01,1.892061200601584225e+00,-1.435019199065510787e+00,4.621550815964408088e-01,2.536534171073038024e+00,1.209775189687140262e+00
5.195947047051553414e-01,2.193344687715823582e-01,4.725579849609698790e+00,1.592897202328723338e+00,1.718640634154902536e+00,-3.176393828343822001e+00
6.952220278173683043e-01,9.149529088636789709e-01,8.149632340263789132e+00,-2.558575455268168763e+00,2.000717390695512243e+00,-3.172645749808951976e+00
4.985468427827172144e-01,1.033238234334307393e+00,3.741479892573169153e+00,-2.101621501514042478e+00,2.044273240514643764e+00,6.755582322270790030e-01
-7.144483723005922160e-01,-9.048360661336216637e-01,1.329215720172716164e+00,1.264024435147630854e+00,2.386106924914280780e-01,-2.925233021738366190e+00
-9.440144878907863468e-01,2.384813856721486047e-01,2.213602143984384263e+00,6.949178750628828283e-01,1.312444109716879970e+00,-7.195872632005051450e-01
4.309914084347771790e-01,3.668489901532057118e-02,3.376520639841453786e+00,-9.743569982339135294e-01,1.620397320392227281e+00,-7.276325722842322818e-01
-5.275959462668595723e-01,-1.221795800037096313e+00,-3.105284787375755862e+00,-1.195072638410903387e+00,-1.141843629817856920e-02,1.372617858077026298e+00
3.082567521275143552e-01,3.054496995904536050e+00,4.993788808700516668e+00,-1.182556067390529542e+00,2.719113121625407192e+00,-2.893988238711604488e+00
-3.144115034996233793e-01,1.572642386955743987e+00,-1.557369766212109097e+00,4.911146172932792098e-01,1.893191953731377719e+00,1.142410961567127181e+00
-2.587658933008394335e-01,2.553123024574123434e+00,3.349275773836274617e+00,8.980206758937807621e-01,2.060340062400591865e+00,-2.525586461394592863e+00
-1.263570978213972573e+00,5.414511164845619007e-01,1.639410086402115274e+00,-8.033585550313624424e-01,1.358525280104129207e+00,1.493900178213536378e-01
-4.333799485416357511e-01,-1.925648835462182129e+00,-1.532765426497741945e+00,9.231134608025959309e-01,-9.468675123947631889e-01,-1.315247432482616219e+00
1.425718825326496575e-01,2.759838400645968193e+00,3.326552599998544579e-01,-2.060606480830315945e-01,2.721085140721069884e+00,8.450821403015273958e-01
-5.062728627888701816e-01,2.909819160627733936e+00,-1.279952635378609926e+00,8.718937469898833115e-01,2.084236757554752906e+00,2.142062172526144614e+00
-4.560096438635145022e-01,-2.448726796731073740e+00,-2.317554402089574861e+00,-1.364635734706876047e+00,-1.219556489345358763e+00,5.552211408554015293e-01
-4.807395485280605563e-01,-3.151250389568978072e-01,1.930932276927421309e+00,1.978275993471889649e-01,1.051475228127194406e+00,-1.474081258402751615e+00
-4.567196384469291992e-01,-2.521622319625687503e+00,3.476383296705537473e-01,-1.227356174838560854e+00,-1.296262949380779350e+00,-1.923773838662010460e+00
-4.832641661719533355e-01,4.660554555961398115e-01,-2.134813103874684259e+00,2.752602287621824573e+00,1.582979779155732070e+00,1.921948258688686906e+00
-4.882374337353440619e-01,-2.937422849140638448e-01,2.498883559560938661e+00,2.239955312447873048e+00,1.191882195709168091e+00,-1.166304303184147795e+00
1.016716024448056643e-01,-3.415936361542780908e+00,-1.695749901191013542e+00,1.993684912072605009e+00,-1.630020016876378319e+00,-1.637176373038641719e+00
3.786726125012410682e-01,-2.172205094373440559e-01,7.191501897351255668e-01,-2.015769289183467983e+00,1.501132950288825985e+00,2.122876893658892428e+00
-2.340268825284455567e-01,-3.342118002637217256e+00,-2.587024393318808624e+00,-1.883399581604325856e+00,-1.595072494359538684e+00,1.639290758599575959e+00
-9.286306984986033575e-01,1.495177740391209653e+00,4.263550667491424750e-01,1.519244274040976173e-01,1.688113225249713301e+00,-1.050835546832726841e-01
-4.249952062247892570e-01,-2.859172663086424038e+00,-5.933601004773307430e+00,1.640547144339014274e+00,-1.440746084096091728e+00,1.108954060012663057e+00
-2.438339386839551148e-01,-2.939509004712594464e+00,-1.538169409339324334e+00,3.120616812545766727e-01,-1.465554986425076756e+00,-3.144561137977008425e+00
-3.845655919442968890e-02,2.081855574452635693e+00,-1.513886518377631774e-01,4.663930882539846223e-01,2.250803144009104084e+00,3.322749010958219174e+00
-5.060317011987748304e-01,-2.573330960041033677e+00,2.010015558708084349e+00,-2.210902105617965852e+00,-1.355391021272811969e+00,-7.026463954577537585e-01
2.609658218998237578e-01,8.180404527204583331e-01,3.718089906732289673e+00,-1.429839674144564476e+00,1.816390407584516531e+00,-1.090606101646391490e+00
-5.422285067226900734e-01,-2.521998455536677675e+00,-1.644891753731960504e+00,-3.494710919514838920e+00,-1.307444110360909795e+00,1.577218013336300295e+00
4.592107676625162838e-01,1.812059259301367575e+00,3.802652794349891785e+00,-2.227538353484432854e-01,2.216040409202665096e+00,-3.397554070842584650e+00
-2.864216593898047392e-01,1.805420024193228556e+00,-1.047056703949031276e+00,3.059477074905269767e+00,1.998893270633800068e+00,1.552457286800642322e+00
-4.102840090090238978e-01,-3.282209010310277897e+00,3.648283168532740817e+00,-1.792031799419424365e+00,-1.591225129488728296e+00,-2.571377752224072388e+00
-5.202727087885019586e-01,1.707167947073251923e+00,1.363690416798428950e+00,6.101886179242637098e-01,1.803212743893176873e+00,-9.151846036414035268e-02
5.176077326997181594e-01,2.913503551442468975e-01,7.975705609230372417e+00,-2.981465040439188030e+00,1.710549281646211339e+00,-2.699616915720580046e+00
-5.000278266843377617e-01,1.942351485747989770e+00,1.941667554825613040e+00,-4.732485517528846053e-01,1.922261537596041014e+00,-1.739992159979308894e-02
9.792286172424198298e-01,7.392436050547024351e-01,5.598379719147032141e+00,2.624355594617400200e-02,2.144536567369009994e+00,-2.900046579829340665e+00
1.260307539961221357e+00,1.846406438403770167e+00,3.393306841041007882e+00,1.657159723932124074e+00,3.326075965290785419e+00,-2.244038687908666674e+00
-3.123898118131080981e-01,-3.429215933628415591e+00,-1.554736876224525055e+00,1.455578334317394251e+00,-1.633776904859789880e+00,-3.180154498037127020e+00
1.083897056015181048e+00,-1.359260822261463275e-01,1.728618427089991250e-01,1.972076001808775736e+00,1.665935341213344856e+00,-3.366065517948957364e-01
2.640772146713718516e-02,2.330770198399796378e+00,4.536517027021545800e+00,2.233918001356064664e+00,2.413150173389217557e+00,-2.750982756418039799e+00
-3.089585990911498103e-01,2.820119789881299077e+00,-1.846157767981122078e+00,3.268869675178756928e+00,2.030325101221098549e+00,1.121485150614073056e+00
1.232239622924030942e-01,2.301752275103828183e+00,2.113666045051004527e+00,7.634541991021563945e-01,2.395364969026429591e+00,-8.329229068502761457e-01
1.431382995126968982e+00,7.447608709146873451e-01,3.036225664527726131e+00,3.331560496759082390e+00,2.512698514366749514e+00,-1.606510216255338186e+00
-6.085818667455121789e-01,1.503792160998447258e-01,1.263118041162015315e+00,1.840196814443827655e+00,1.398911517399009430e+00,-5.138366778523497658e-01
3.992537272929270742e-01,-4.693394554336727253e-01,-2.850657241063704994e+00,1.328460519535004991e+00,1.352858865759937856e+00,2.129919733165682061e+00
-6.457909642425194718e-01,1.497688774546118040e+00,-4.592389346882956858e-01,-6.887673003610452760e-01,1.770461095691730380e+00,1.684940331491264764e+00
-7.065868922875471192e-01,-1.414656671406157251e+00,-5.653392608388114304e+00,2.171632159003982210e+00,-4.184039521876992684e-01,1.902266543439929514e+00
-8.089408596491519665e-01,-3.422020448281903882e-01,8.011159047026971791e+00,-1.920911831506188827e+00,8.720546678791194495e-01,-3.084159227765289835e+00
-4.872323160819056476e-01,-2.014053307516345370e+00,-6.031866571256045084e+00,-1.781337349437084328e-01,-1.050028933998155667e+00,3.482788298174892105e+00
2.119493034195356063e-01,2.503595034807782227e+00,3.847535247524860313e-01,1.166098458048812958e+00,2.579091240715946309e+00,-1.788633887996824434e-01
1.902156111556279616e-01,2.473087925348606220e+00,7.449578581828729895e+00,-3.094003157731364251e+00,2.475259692925759758e+00,-1.759701431584104414e+00
-5.713001939654362982e-01,-1.835979593389017506e+00,-3.489324892489971575e+00,-1.331727267593227459e+00,-8.529601905798455119e-01,9.879328446759476634e-01
-5.249504185255273736e-01,-5.165475521043654261e-01,2.971920992284065921e+00,-1.779091463403220885e+00,8.044975923025939890e-01,1.081313264592204781e+00
4.615744397678563926e-01,3.385456917596529891e-02,5.448112181649576335e+00,-3.079492185382066261e+00,1.686287260587102876e+00,-1.300468833307219629e+00
-4.083182604676754424e-01,-2.931117310986591118e+00,-5.861638920685294352e+00,-7.651225600436148966e-01,-1.452613869774162181e+00,2.472713690218380833e+00
1.667302573672331256e+00,8.297546399521538163e-01,1.836144617077260843e+00,6.253108526197177497e-01,2.710101716472873790e+00,-8.914720747902871167e-01
-7.576392305626736823e-01,-1.148127075067313374e+00,-5.388366958035250676e+00,2.503448149179907212e+00,-1.661125930102826942e-01,2.368477254964258982e+00
1.455754585647363597e-01,9.816288453130566083e-01,1.822568706783846970e-01,-4.091597317207456008e-01,1.964101559314180179e+00,3.315659976069285086e+00
5.879211907560218942e-01,2.163790934725777326e+00,-6.956041442396554420e-01,8.289004027459085933e-01,2.555560072118432835e+00,1.073218796426600008e+00
-2.868874594097017283e-01,-3.359012048263604555e+00,-4.026705379741561508e+00,2.192210375460079241e+00,-1.616625174396020936e+00,-1.883809418010571335e-01
-4.072172756352533396e-01,6.341140820572732650e-02,5.495239688514383047e+00,2.969267608939123448e+00,1.405219073180903333e+00,-3.297804880962477370e+00
-4.568173654779246196e-01,-1.392520827446151355e+00,-3.552947119237120255e+00,2.613406040853982759e+00,-2.025416352845976764e-02,3.990738160170659299e-01
1.833917171129954005e-01,1.938866381538390193e+00,4.188442607520586058e+00,-1.010203022942856244e+00,2.453799631921820712e+00,-2.493517685119059024e+00
-3.721101479622511699e-01,-3.201449034758593992e+00,-6.794955743769016898e+00,3.365542508154572232e+00,-1.569984023038971443e+00,2.280618992674654955e+00
2.754624404601729859e-01,2.360201201234583657e+00,-1.715349234107536924e+00,9.950466745223494058e-01,2.570214148382324648e+00,1.843270710658706513e+00
1.486250875510952252e+00,6.123179190161796015e-01,3.672356349839607237e+00,-7.038677863911835253e-01,2.352809322448447205e+00,-2.997302573623218169e+00
-1.794620939788458824e-01,3.539988504082973719e-01,6.695261738853395705e+00,-2.815008764597100921e+00,1.637789167146187719e+00,-5.354434243148125105e-01
-6.665463964090115323e-02,2.607800255316971239e+00,4.947148228429504968e+00,-1.888819735212913908e+00,2.288490042506191813e+00,-3.127085341901318927e-01
2.639866286913564175e-01,3.274915750744452403e+00,2.810764842556187304e+00,2.772694478347256464e+00,2.940890445622478921e+00,-1.704032839788081066e+00
-1.497213506309373332e-01,-5.615673243811869497e-02,3.155407899396179161e+00,-2.998020646276772894e+00,1.488098461792038307e+00,2.496852428759738451e+00
3.563122699623165746e-01,2.843521032341941535e+00,-3.415088444216933805e-01,1.681023006568710620e+00,2.774364996289531149e+00,2.714555784251664328e-01
-4.908178791864577506e-01,-2.607148634299172318e+00,-4.809899395912864861e+00,-4.242360002189249357e-02,-1.328781052567583831e+00,7.756681170273260761e-01
-2.562627708991724873e-01,-3.927352517280455757e-01,-2.638516049418819343e+00,2.145832134975552030e+00,1.266761679227353277e+00,1.062747229883159505e+00
1.597615173885540141e-01,3.292941081518662827e+00,2.533200016524171261e+00,-1.909343884719334916e+00,2.673678367766834540e+00,1.601046447241881943e+00
-5.192656068758766397e-01,-2.458461893899557271e+00,-6.685674152674208059e+00,2.680073672155426578e+00,-1.292371633963790512e+00,2.809026823809231743e+00
-4.826116853980939037e-01,-2.675589553113200125e+00,-6.693710327892295808e+00,2.056488942673767362e+00,-1.364605505918617068e+00,2.949141121890757056e+00
-5.976485171356357151e-01,-2.241951167356911689e+00,-2.517921195359129172e+00,-1.628804838378825615e+00,-1.110714037314749492e+00,3.330814967225751211e+00
-5.268059551349039138e-01,-1.378606765366133136e+00,-5.339107418182504894e+00,2.978920277279832440e+00,-4.418152894438571732e-01,2.331358747384588703e+00
3.150164055601439861e-01,2.182515040052806832e+00,-1.812949332890195997e+00,2.944667675714021549e+00,2.255459246046542354e+00,1.408151012471882346e+00
-3.536576789502782203e-02,-3.479770453013417253e+00,-1.928240545061797651e+00,-1.835262678137348669e+00,-1.649323554033690353e+00,7.241342343461090181e-01
1.428109212924717208e-01,2.626786008340718404e+00,2.282543437391855168e+00,2.701919427958440423e+00,2.628081092338514058e+00,-2.223896112037746953e+00
-3.828871078786163507e-01,-2.968423263066545026e+00,-1.797674914015337855e+00,8.801778506547464076e-01,-1.495565723564132865e+00,-9.889262794999673645e-01
-2.123770019924276498e-01,-3.480860014060780383e+00,-3.050896263417945953e+00,1.492908993357644043e+00,-1.648896706725065275e+00,-3.553000918009865394e-01
-3.687944078418673999e-01,-3.053541226637030093e+00,-5.882524995486194896e+00,1.261598788895330614e+00,-1.511543152395580458e+00,1.084300410958298322e+00
-7.035376851241863516e-01,-1.415617536517586039e+00,1.572127212746330605e+00,-1.234634888399452457e+00,-2.907125031142659410e-01,-1.205287063340498843e+00
-5.160696916417056856e-01,2.317500575338293345e+00,7.320505408588869223e+00,-1.632218928918441003e+00,1.975282868015946880e+00,-2.429478366643703868e+00
-3.761206227070758024e-01,-2.721751099051345602e+00,-3.941462369146188305e+00,6.773896773033021290e-01,-1.414266097526471810e+00,-1.254724575358903138e-01
-5.048730849868227066e-01,-2.581344475315757059e+00,-5.739491645000581954e+00,1.229176213709152421e+00,-1.314581960631791446e+00,1.112068265401547684e+00
-8.892659705941052817e-02,2.268704591987845909e+00,3.988815385606998554e+00,8.320077876764440106e-01,2.185032806189755039e+00,-3.152286239928666411e+00
-6.341046625125161817e-01,-1.496802016294504156e+00,-5.338317602262207195e+00,2.932133313148471920e+00,-4.357495127243135036e-01,1.194984011227465892e+00
-2.333364127823326362e-01,2.276644734589376995e-01,2.886901690568286938e+00,-3.083315987702746064e+00,1.515967563960772369e+00,1.429948644710233197e+00
-5.819428514592602797e-01,-1.824089608866736878e+00,-1.891273353929967982e+00,1.227691257598943153e+00,-8.362720932277616370e-01,-5.672452202336297766e-01
1.175354450680515805e-02,2.943127113104054615e+00,3.065952341426212868e+00,-3.030522472959180647e-01,2.224874731397694649e+00,-1.959310048220634926e+00
-6.145113140907751959e-01,-1.278758824255110227e+00,-5.042070936967861350e+00,3.426582090617822374e+00,-2.588464842726379000e-01,9.389387545882312835e-01
-6.137111034263911247e-01,-1.467407077782904246e+00,-5.789329572559343440e+00,1.619369105776042872e+00,-5.563417011794676847e-01,2.753759885701876797e+00
-4.985338065373576821e-01,2.838340249457906417e+00,3.469017736243795280e+00,-9.585126734829327866e-01,2.020725135484659596e+00,-2.328637448692416179e+00
6.986654002946753872e-01,3.271865289161395296e-01,6.492204063433081984e+00,-5.610531969753909109e-01,1.875211092566722026e+00,-1.454722785101651095e+00
-4.050466934420662302e-01,2.425335118522725431e+00,4.261504731164046156e+00,-2.298641454891420022e+00,2.076479002080159120e+00,5.583044778277779230e-01
-6.429167138668042680e-01,-1.559655972865968021e+00,4.204260652191321057e+00,-2.148090868624342509e+00,-7.014817808171974756e-01,-3.001929062003429127e+00
-6.850844360626481278e-01,-2.429842720931780775e-01,-3.006166591541317157e+00,2.130485230364204341e+00,1.017525630080686749e+00,3.037470301547944729e+00
-4.978679312981965088e-01,-2.464748734449333956e+00,-5.517071569277930188e+00,1.385688223435776578e+00,-1.260690191542529703e+00,9.034589008653339803e-01
-8.200526666059287928e-01,7.129086661424910432e-01,5.107405776458051605e-02,-7.853224070700979276e-01,1.581969872028157198e+00,8.386762076148253087e-01
3.810555010851627289e-01,9.653449020555875393e-01,2.546599927388687679e+00,-1.699205282413168039e+00,2.091113191898587242e+00,2.657952215674774799e+00
-3.003889109642889355e-01,-4.794351649376551450e-01,-2.592210638052731664e+00,2.495977851983295359e+00,1.107091941594257944e+00,1.418855655639570834e+00
-5.706438409924986521e-01,-1.888434052209402303e+00,-2.333179212010953130e+00,-1.789836233797986065e+00,-7.457974427551635754e-01,1.688341230984669927e+00
-1.698954512860151589e-01,-3.497940256480583265e+00,-4.609439693374661751e+00,1.477252393075668913e+00,-1.653924793486464484e+00,1.946633564696118590e-01
2.135332590434334266e-02,3.335003831542183939e+00,-3.372057860758342906e-01,-5.841441617009048848e-01,2.610480376823851145e+00,8.230839371231972734e-01
-2.470932438804893105e-02,1.858807140659761714e+00,2.359012640009280126e+00,2.329933973814286574e+00,2.091578482485662693e+00,-3.130182858738835172e+00
-5.988800986212927668e-01,-1.006929135478542570e+00,-4.048802260176049828e+00,-7.527272630348167404e-01,1.605707997433174217e-01,2.374258584042603815e+00
5.954220017285949407e-01,1.693490037085394029e+00,8.162583070123721640e+00,-2.347410825659397737e+00,2.820867879504820763e+00,-5.471000955044873493e-01
3.655938621407606726e-01,1.798255769574703677e+00,1.256272550463615190e+00,8.834422207345893341e-01,2.382317567917372259e+00,4.712688145950094665e-01
1.119854016986751161e-01,1.669950534872723935e+00,3.596874057346508113e+00,2.272802819823688480e+00,2.243870702274002760e+00,-2.499213716145034514e+00
2.210532187612876065e+00,1.576880898077996918e-01,1.943177251916710313e+00,-2.648516740135869796e+00,2.520286528913084467e+00,3.198280566091497690e+00
2.528225069329787633e+00,-5.113949299472650978e-01,6.130055203513551376e+00,-3.146748066403814548e+00,1.952584735859268061e+00,-3.241951852002056267e+00
2.782019022367135386e-02,3.022974856304490032e+00,4.187944257603712472e+00,-7.124147902697828272e-01,2.485183181316153345e+00,-9.190839077662817935e-01
-4.194521692827279380e-01,-2.165159378440781435e+00,-1.128789553281567937e+00,1.312729319900387992e+00,-1.121189349943058744e+00,-4.466816131434603321e-01
-5.794162452526135931e-01,-9.330572922649418288e-01,3.436803514198210063e-01,1.500595990679832958e+00,1.853790167266999855e-01,-7.082056334464135183e-01
-5.276580924128753125e-01,-2.444154724108715371e+00,-3.852474676988455471e+00,2.757475273387153258e+00,-1.285383112149169893e+00,-1.655879261024124638e-01
-1.639861025145566420e-01,2.594467411755628561e+00,-2.825812345361173872e-01,1.375788017359903748e+00,2.317934158047995297e+00,6.579599739487091981e-01
-5.434514076618164324e-01,-2.010557385972054245e+00,-1.135617176189238187e+00,4.957004107448064190e-01,-9.969382855547913591e-01,-2.450408902608230743e+00
4.630054801780967288e-01,5.706475411842166778e-01,3.396940628910602999e+00,-2.620516711164969426e+00,1.788520792689310523e+00,1.879929555674539010e+00
-4.744853303098989783e-01,-6.279234851871557943e-01,5.156901908965096482e+00,-2.635880771652510557e+00,7.885932585130381867e-01,-1.774164811298484912e+00
1.019708387435925845e-01,1.672082740188743699e+00,-1.865676610666101798e+00,2.540481557894675113e+00,2.206776751393285885e+00,1.509861331053424571e+00
-3.104115012521580508e-01,-6.790478560413237830e-01,1.253375540148198297e+00,-2.347775857064208438e+00,8.589803904835817683e-01,2.362230127875417196e+00
1.213849908963939850e+00,8.859394533089233192e-01,2.090312658658078693e+00,1.969673930139709483e+00,2.873606394670201070e+00,-1.490165039788170720e+00
-7.244780978182164821e-01,-8.470603949107231578e-01,3.235838449079554202e+00,-1.757517731045577181e+00,4.213397152138060875e-01,-1.102952745542554069e+00
-3.165568853705171826e-01,-2.860578314184008875e+00,-2.416775236319391507e+00,1.057481947604240524e+00,-1.421363564430789150e+00,-1.256721012262252302e+00
3.986668238956691535e-01,7.531558277873875440e-01,2.429121486837105603e+00,1.994842740175394091e+00,1.977738870260713933e+00,-3.214956019210879479e+00
4.135924876132801575e-02,1.835401393805368819e+00,3.321250601117567425e-01,1.381158237179558768e+00,2.059335414804516429e+00,-1.667514595919517006e-02
2.055625583230032749e+00,-1.992038642097724299e-01,3.554532464303553851e+00,-1.411330676054778355e+00,1.901107012444376965e+00,-2.552149298870715732e+00
-3.883598623901874936e-01,-4.464896930455091173e-01,-1.894195271294349725e+00,-8.450143826212332954e-01,1.086076485687811566e+00,2.548635956710480599e+00
-1.612300421116281968e-01,2.379987848878254653e+00,3.311694579080047607e+00,7.817886221078653719e-01,2.108906480671624450e+00,-2.242353016399734944e+00
8.372734291221575198e-01,1.615731030837472382e+00,-1.728345017269009354e+00,4.333457683430590457e-01,2.621257001829603084e+00,1.705564861399230026e+00
3.344816318022330592e-01,-3.838354165140152041e-01,5.735084540798164987e+00,-2.042194910495568116e+00,1.426822857897800390e+00,-2.591382406747684275e+00
-4.634150629366929341e-01,2.246403629333730834e+00,5.201688580490442249e+00,-8.810393761105297372e-01,1.939996403100579414e+00,-1.747910688249418198e+00
-3.956333906791564270e-01,-5.789237875009800582e-01,-2.133571277537126498e+00,-1.243434574762439571e+00,1.022390234423558475e+00,2.333108153556436193e+00
-6.796675047615143850e-01,-1.509571681623787187e+00,-5.566795730701451284e+00,4.850159351881431213e-01,-3.667650680386671525e-01,2.481549836581810276e+00
6.316097512159832839e-01,2.006921889152883054e+00,1.304786672168132267e-01,-1.221376142331596526e+00,2.422899953580191834e+00,3.278382349656496331e+00
5.913584973942340728e-01,2.101478227306223800e+00,2.543280394086723462e+00,-2.867160388494081946e+00,2.478429555165705622e+00,2.461873072987252442e+00
-4.264268706056928426e-02,1.772212376792837496e+00,-2.439312402324092410e+00,3.240917489557782361e+00,2.100749657586773900e+00,3.142964916158759614e+00
-4.119475683008577693e-01,-8.219474066955410052e-01,-1.808530105992396830e+00,-1.108538049083568122e+00,8.593797777880480826e-01,6.045415507572622360e-01
-9.342232470155825697e-01,1.890998371372395681e+00,2.588759784994831836e+00,1.805846424558944285e+00,1.742176938317910651e+00,-3.424318317442586856e+00
-1.058686957148815333e+00,7.886373654799951893e-01,-1.450109933382254468e+00,-6.960942007132295828e-01,1.542558839344787103e+00,2.585352185578228656e+00
-6.560037070037547657e-01,3.380844466448087005e+00,1.135591811586226996e+01,-2.406159239428744989e+00,1.984522173005546453e+00,-3.020281386265802670e+00
-8.077952142629031274e-01,8.075330155252098407e-01,-2.382832799849632366e+00,2.468618485251514727e+00,1.594170801957739192e+00,3.209920910795646343e+00
-4.141980274542260143e-01,4.982938977550954718e-02,1.362271894094414515e+00,-1.916933720085909343e+00,1.411565385855203969e+00,1.025916962636046037e+00
-3.698761771884704341e-01,-8.207566906371481785e-01,1.186891915998478764e+00,-3.181302515916766716e+00,7.276545859425374019e-01,3.415708762477127181e+00
-5.285913299988154179e-01,-1.592068422326445187e+00,-4.407242890336156016e-01,2.195864775380392153e+00,-6.229311511830001313e-01,-2.704762147215226342e+00
-2.509912113299899161e-01,-2.917828942828455396e+00,-1.989621864528892781e+00,2.765844597497471469e+00,-1.489372385218299399e+00,-1.771518359062637771e+00
-6.616213926434031389e-01,-1.580002693183381490e+00,-5.264376280507821804e+00,-1.504801777834057219e-01,-5.815954988511202739e-01,3.189912779486240524e+00
-2.523212716852414328e-01,2.284330660472864594e+00,-3.957901785671706918e-01,3.357139428578719276e-01,2.095266136132057699e+00,1.334758598313744216e+00
-4.549257722883490729e-01,-2.231051031282445862e+00,-4.822257418676700880e+00,2.877566933326187737e-01,-1.195026155080677333e+00,9.383876669342896548e-01
-2.706633484672429230e-02,2.882986861798020328e+00,1.035258854446132082e+00,-1.106284948457287420e+00,2.491218194288614907e+00,2.315986911305046192e+00
-4.209672043882932702e-01,-5.957498898277755472e-01,7.189431668734980185e-02,-6.785144385249308741e-01,9.962338616794271795e-01,-7.463702316685871807e-02
1.419698251012967982e-01,3.091431639046295921e+00,2.998715856115078626e+00,-2.933282799303640775e+00,2.633197313500816428e+00,7.798890642050322342e-01
1.100697283600798881e-01,6.543411959782519105e-01,-1.990367740050567491e+00,2.207522175554718302e+00,1.800451307293710945e+00,1.602848858387664777e+00
-4.173091652887301883e-01,-3.080256632538915795e+00,3.567764946942579840e+00,-3.113291437483854285e+00,-1.521097736963454183e+00,-2.852961968241572777e+00
-1.211998588681620914e-01,-6.285475474520003658e-01,2.705928596849585421e+00,-7.437076169303402651e-01,1.083590712645527088e+00,-2.393864996872550499e+00
-3.563325112317886068e-01,-2.248208573680026134e-01,3.754901121483941395e+00,-1.461382315980544355e+00,1.343710338579153118e+00,-7.247004460994244113e-02
-7.327192124948184171e-01,-7.295859727174995868e-01,1.762591433666181651e+00,5.705922087875894277e-01,5.730353430925111402e-01,-2.776293086686221656e+00
-6.250382734999229140e-01,-1.112187586663943240e+00,-7.089631381512597752e-01,-4.160893526699100953e-01,-8.144681613607396287e-02,-8.995937095994293031e-01
-4.560661220675746863e-01,-9.567168177476768065e-01,-3.202383471205247467e+00,-1.208848380314638149e+00,5.362638112774954502e-01,3.180708443823212939e+00
-1.340660086282470465e+00,1.189132834663712224e+00,-2.201736877011108096e+00,2.615831566844209810e+00,1.548362976797192925e+00,2.958650834767770910e+00
1.096891506348433243e+00,-1.713516698833670304e-01,3.761341590011777924e+00,-3.343007717515225519e+00,1.732869558396258336e+00,1.870224788363449520e+00
-4.009971770657589918e-01,-2.796280135840799375e+00,-5.326486563534404084e+00,6.191290036653223083e-01,-1.403268512784473732e+00,7.248187318071881435e-01
-2.276763238229331798e-01,-3.186567962924764519e+00,-6.912111574206961429e+00,2.540416412298954540e+00,-1.550908128779574291e+00,2.960758988394231572e+00
1.655502049269788500e+00,-1.010473388430384034e-01,-1.710461243930575748e+00,-8.759806513600176814e-02,1.965510056797848959e+00,1.511969965897912438e+00
-2.014801569532732595e-01,-3.308564963332292219e+00,-2.891217763803335838e+00,3.299322936313868304e+00,-1.593602293182331042e+00,-6.439556179959504689e-01
-7.943172883991019839e-01,4.428887088033683916e-01,-3.857666531298173940e-01,1.167738705397902699e+00,1.495618882953468454e+00,5.539309566033701060e-01
2.299822581165529289e-01,2.145104070838573129e+00,7.962124944110713365e+00,-2.725530826584948052e+00,2.632125490892340824e+00,-2.046626808554215859e+00
2.814759575546162407e-01,9.561137756511115526e-01,-2.226274372887688535e-01,8.184922055240981820e-01,1.993394836069949605e+00,1.664419349817780613e-02
-2.488609818749230040e-01,-7.695392520570907280e-01,3.253275319158767331e+00,-3.030019151349101936e+00,1.063163728001882857e+00,-7.093981933441995125e-02
-3.299853925518797526e-01,-3.147551801519170578e+00,-5.584152210623537727e+00,5.410242488233674152e-02,-1.540724020625519941e+00,1.172123760291879258e+00
-6.684587412613220980e-01,1.181705325385959071e+00,1.843720622232096762e-01,1.589149306503795600e+00,1.710251077521557583e+00,8.765480334380590932e-01
-5.137158282367352280e-01,-2.422650187475265504e+00,-1.372338381265435725e+00,2.937017284438958598e-03,-1.254592209078368104e+00,-1.363935419438981445e+00
-7.783188583156668283e-01,5.000315665233969753e-01,8.177977905020763494e-01,-1.194049516391255228e+00,1.520942336624578894e+00,4.300557571428336168e-01
-5.153278531723450850e-01,-2.121559551949538935e+00,-2.213571584226923239e+00,2.942757975452215291e+00,-1.043413265611016882e+00,-8.901087525184232518e-01
-6.734641534809994168e-01,2.864223956443133545e+00,5.139734448571709358e+00,-2.308851793148795295e+00,1.938425894013212636e+00,-2.381718563447718928e-01
8.535678464256661879e-01,1.536270858312138721e+00,3.515666871669882454e+00,2.368505964773012451e+00,2.446440912612498408e+00,-3.062617161729511928e+00
-6.545085969581158070e-01,-7.025773772274783724e-01,1.397336112193041657e+00,-2.502467508247550043e-01,7.108221315638771909e-01,-1.700423887362084052e+00
-2.730495216878536802e-01,-3.176665242712112036e+00,-5.068158683410666221e+00,-1.163133180116853183e+00,-1.555323386743854508e+00,1.649560386395135581e+00
-4.338516062445416654e-01,-2.222505187734610033e+00,-4.443946163911061120e+00,9.309465970512569299e-01,-9.783447611667708266e-01,2.565673203223659549e-01
-2.635718041561611047e-01,2.462261762974508272e+00,3.880968757293275839e+00,3.429343276224141590e+00,2.191481368692997922e+00,-3.189151867114622174e+00
-4.929415718556336423e-01,1.547929551912703872e+00,-1.618354695641631480e+00,7.209844515415975152e-02,1.864088927448062094e+00,3.344591687079538467e+00
5.065474615649013801e-01,1.970583486566704678e+00,3.526680165590622806e+00,-3.246109784428442335e+00,2.737557328140575841e+00,3.160208964677297061e+00
-1.102195121484442347e-01,2.146680156881369150e+00,2.510592436482738332e+00,-3.131389928530006195e+00,2.175719424790322876e+00,1.614325542421809700e+00
-6.862158370315252220e-01,-1.466104944268743715e+00,3.170678149975858506e+00,-3.295039748047570605e+00,-5.668812593760651497e-01,-2.251448881026649751e+00
1.982262081907068874e+00,1.298834998739861746e+00,-8.883792545013108333e-01,-5.819946586868161020e-01,3.276914276904210332e+00,1.330352015962906975e+00
1.692942285154968252e+00,1.064381909301125084e+00,-1.932920466942357862e+00,3.006984391269831747e+00,2.775106782283237372e+00,2.253002151880418857e+00
-8.317130927179466893e-01,-1.858632123972565608e-01,2.167412247982143825e+00,-3.018580322695624485e+00,9.997636504348127451e-01,1.091978923465044993e+00
-2.165403786200380543e-01,-2.747115681197611625e+00,5.987451585024184952e-01,-2.104187338435243859e+00,-1.379372564799542067e+00,-2.287521525568170233e-02
-6.362750288320108139e-01,-9.100043847786869478e-01,4.000049471798091005e+00,-1.959880738658965837e+00,4.274859810558720996e-01,-1.409019559599877791e+00
-5.283491609200915429e-01,-1.058272276684338209e+00,-4.562470919952354542e+00,1.831329555897380779e+00,4.989701585054376887e-01,1.223054173632348807e+00
-6.103834355643291687e-01,3.473603277306502868e+00,2.353429342979318939e+00,-3.213995492167601942e+00,2.037426319529660912e+00,3.140881586896052902e+00
4.296212962051332296e-01,2.931671784934112956e+00,-2.135609273260595131e+00,4.618342679775739867e-01,3.023580319779274106e+00,2.636894956740862384e+00
5.247080350627045808e-01,1.023853357804718200e-01,-2.554512023111506824e+00,1.953463004208268572e+00,1.668329560578050597e+00,1.864230487735377473e+00
-2.642255436136169422e-01,-2.829721961206624226e+00,-1.194511387062568097e+00,2.961296698474249034e+00,-1.441698693185696101e+00,-3.000427552104378837e+00
-5.761324944435928241e-01,2.765763458875867720e+00,-9.257961457379217940e-01,7.775606102719718749e-01,2.003496785193260354e+00,2.113945429869718673e+00
-8.862579335687075233e-01,1.168838637166285999e+00,-1.032668523124806281e+00,1.559715543048625364e+00,1.665933721375033816e+00,9.670511017297043210e-01
-3.896480160286128758e-01,-6.077503774724646313e-01,-2.808488787800982767e+00,6.584022068986605802e-02,9.960326412543687447e-01,1.902070532092084321e+00
-3.002007053476485332e-02,3.269077089253169532e+00,-3.783703597066034874e-01,2.401605256877013872e+00,2.334987701211771682e+00,1.114085405658286732e+00
7.425791742090714909e-01,1.159726256375352094e+00,4.317291221211069008e+00,-1.397898076213009322e+00,2.269307843472884834e+00,-4.893679138320550237e-02
-5.919878012516824883e-01,-1.551157437449870224e+00,-1.039365257686558630e-01,-1.623368670450435758e+00,-5.013643889878334203e-01,-1.672060072240419970e-01
-6.202541666300528389e-01,-2.832025753600508899e-01,-6.179494908154717914e-01,-1.295249736705915033e+00,1.104290242405862488e+00,7.926816433259222805e-01
-4.242792071064216408e-01,-3.646362686643374040e-01,4.675745071097054506e+00,-1.524315730861013574e+00,1.069125795681422630e+00,-3.853145814761793631e-01
-4.702066180660457451e-01,-2.522963951073430522e+00,-2.336065568497773359e+00,-2.074017701112139900e+00,-1.274232237329659068e+00,3.034407496649811797e+00
6.350950480367237860e-01,1.619172348048410370e+00,4.020508311690635495e+00,-6.266723590009344314e-01,2.207220464456311149e+00,-6.360640218261681689e-01
-4.518045854750007972e-01,-1.798426205383519605e+00,-2.292566576311616533e-01,1.976304112024480197e+00,-7.859587878215856804e-01,-2.906641930876784130e+00
5.027308790438835828e-01,2.266449039651057262e+00,7.127550197060941173e+00,-3.101654048504054018e+00,2.794674826642097543e+00,-4.008342903968071802e-01
1.443402248676878830e-01,1.584702578817875462e+00,3.130848185304430320e+00,-3.080555256993005919e+00,2.211111349234619716e+00,2.081612126112948324e+00
-5.236588646514980239e-01,-2.678144630645738822e+00,-6.564454746784674555e+00,1.677062211915098189e+00,-1.400459967913261661e+00,2.664354346825714259e+00
1.671580385083674125e+00,1.542119647967035156e-01,3.579622582153244803e+00,1.388374871617489070e+00,2.081952088715224747e+00,-1.916614670335609283e+00
-6.575738803268629251e-01,-1.049764403316394645e+00,-9.998977251729790350e-01,-4.163473998280537991e-01,1.612443293755269069e-01,-7.712833099184952523e-01
8.334430240300464421e-01,2.927463170553073368e+00,2.500883450344580261e+00,2.853235166485823981e+00,2.788333962491690077e+00,-1.493734561901647773e+00
-4.009372050906716001e-01,3.466273269744385210e+00,9.733611862790916280e-01,1.443738679801027658e+00,2.259461803253178136e+00,1.201550955974047596e+00
-7.363349348052524723e-01,-6.889522280363813422e-02,2.066636960545393809e+00,2.280359590434303030e+00,1.119005410069854323e+00,-1.853835995358080302e+00
-3.110381001408977220e-01,-2.765887059306826767e+00,2.820412054553927739e+00,-2.270844540980107240e+00,-1.431343416534433644e+00,-1.790266247640696751e+00
-8.225613563779782256e-01,1.446974818161363530e+00,6.904170432684982650e+00,-2.476530625636077509e+00,1.698383821203154342e+00,-1.463190878157092811e+00
-5.469532444241465008e-01,-1.376237106771556196e+00,3.791603534759375727e+00,-1.672727731650694993e+00,-8.987272822526071181e-02,-3.453350943912280702e+00
3.282294944156621819e-02,-4.234324544515004618e-01,9.502171864856096661e+00,-2.872308789109118798e+00,1.306899121820995768e+00,-2.957840355268848143e+00
-3.267728722684337672e-01,-3.188616788040258498e+00,-1.115772213833515103e+00,-6.030356962268514920e-01,-1.574424674247857148e+00,-1.475592810389802167e+00
-4.532918950585961004e-02,1.745418659432843356e+00,7.511135585132688419e+00,6.233778461610750554e-01,2.096555840115399860e+00,-1.398454441184797226e+00
7.318212715520844291e-02,2.774783673658325789e+00,3.938786190009928134e+00,2.806660221178022496e+00,2.126131146876570011e+00,-2.935656792138663818e+00
-7.983579047951726571e-01,2.712455676362820256e+00,4.181796124108183577e+00,7.715264382045212699e-01,1.894831724350835467e+00,-1.389945284073117460e+00
-4.787737207256937411e-01,-2.583196261669242766e+00,-4.563669176739797884e+00,-9.532504229872889034e-01,-1.302778931146143515e+00,9.481544281511018468e-01
-4.782090506489682924e-01,3.241962936260037509e+00,4.959947060380325290e+00,-2.294633721135184157e+00,2.153418440595919581e+00,-8.512125932591096955e-02
6.444599829096209209e-01,1.440251226338813417e+00,1.574672112281617631e-01,2.045025430587529947e+00,2.358128572671656098e+00,4.810541063677664653e-02
3.473046470990524548e-01,6.243509149763726285e-01,-2.104929092625013265e+00,-3.876278878569587860e-01,1.889313156861013532e+00,3.061703607981240083e+00
6.544260786079086900e-02,1.601224795577700810e+00,-1.774820721879304619e+00,1.814344970182268924e-02,1.947841583872937932e+00,2.028879941650417962e+00
-9.189192449964492804e-01,1.069447054032299782e-01,-1.398115653565791261e+00,3.128325911354870037e-01,1.198693095252543417e+00,2.263832246819989180e+00
-1.275288328225690160e+00,4.771725382961156114e-01,-8.558410612895527292e-01,9.676255813064527089e-01,1.312991940740215302e+00,5.078008883751987668e-01
-9.635581866829293074e-02,8.215194963918470705e-01,-1.741723463529004423e+00,1.572256152973790400e+00,1.800768718736134311e+00,1.526636148181626851e+00
-7.571258296171561319e-01,-1.123131111436524332e+00,-1.495492831115992294e+00,-2.161665991148000732e+00,-3.864771169892484981e-02,2.747528126252169578e+00
9.590176713484094284e-02,2.800044329710442703e+00,2.911063234334595240e+00,-2.355902294134256003e+00,2.458293494398335888e+00,8.969923447621006574e-01
-6.403756796358663905e-01,-1.497541433856008464e+00,-1.738322469458706721e+00,-1.733280019214319401e+00,-5.363431674855877462e-01,2.930834227139837544e+00
-4.552709678806698412e-01,-4.780109759864639152e-01,4.671656829737219851e+00,-1.637061930944727184e+00,9.838965751004299376e-01,-2.977113614254785379e+00
-4.721882430028572220e-01,2.613296590396670283e+00,2.906047936777441443e+00,2.207312503658714675e+00,1.990692415206930521e+00,-2.550323230310246103e+00
2.388831931054771762e-01,3.229263957577349409e+00,1.555909514745059008e+00,3.026433698535564432e+00,2.560908267388110726e+00,-1.019439853997543111e+00
1.597297486669620736e-01,1.851173276547102731e+00,-7.850499040141727392e-01,4.477301432931879432e-02,2.248937486476660919e+00,2.342315139293833504e+00
6.429813475586279026e-01,3.539371179625527830e-01,-1.415221250148631871e+00,2.210635697826988988e+00,1.858134478727521799e+00,1.206884077193483229e+00
-6.526698689315341140e-01,-6.296097468458050628e-03,3.442480580028887793e+00,2.576408509303845129e+00,1.250464044542334285e+00,-2.253427986806471495e+00
-5.554628811901846097e-01,-2.388664464363174034e+00,3.358811191107886174e+00,-2.106325568087409117e+00,-1.272537987541616067e+00,-2.561731712894446567e+00
-2.118780588934701947e-01,-3.419546708626378440e+00,-2.675688891843763795e+00,-1.564612532703574255e+00,-1.632329212127818785e+00,1.830413937065126007e+00
-2.302133540465621797e-01,-3.426724779085823513e-01,2.578769555535378899e+00,-2.035957829618579407e+00,1.254038169203366637e+00,4.022126593689678842e-02
-4.041951060537839480e-01,1.097306712281054253e-01,1.833383939182922306e+00,3.026915882782659217e+00,1.426809018501897786e+00,-2.297231961776803555e+00
1.234997562286040684e-01,1.893434412744229078e+00,2.704450978324945520e+00,1.136287170266651714e+00,2.228889608399484246e+00,-1.357095830639636347e+00
-2.528010473279785342e-01,2.223801692114088624e+00,4.316744692103361203e+00,-2.465337596882275051e+00,2.059637265975140519e+00,6.132363776746894146e-01
-2.237603821326006326e-02,2.287816881888753429e-01,-6.225233987943741276e-01,-7.331615141769045607e-01,1.526618223124345919e+00,2.792867308971058726e+00
-5.088112514294891309e-01,-2.403991540914167668e+00,-3.317929519331483057e+00,-1.140085437966896542e+00,-1.278368827746309888e+00,3.738609479872754271e-01
-1.513196808725775222e-02,2.389832869004671956e+00,4.634745159126411274e+00,-1.728199092303855933e+00,2.272303980757228725e+00,-6.437135456220977048e-01
-4.199397620928050356e-01,-7.521289153631971480e-01,-3.931431134098260394e+00,2.388566200499216308e+00,8.638156941882423334e-01,3.354325300969367873e+00
-5.652958474139546663e-01,-1.024619809380812541e+00,1.123072171041117340e-01,1.157245380391644929e+00,4.842797929469377372e-01,-5.954690118953434030e-01
-4.218936999515196518e-01,-2.926055320241863988e+00,-1.583068200627153921e+00,-2.374256589745061596e+00,-1.469895343816011168e+00,9.256945745394169478e-01
-6.405609147502474565e-01,-1.441452912109483009e+00,-4.610183486991881630e+00,3.336978895326134342e+00,-2.292245384996391966e-01,4.604297396482932569e-01
-3.834838182072778379e-01,-1.970591124726063459e+00,-4.238890465386949691e-01,-8.739512173139072360e-01,-8.792474599189756823e-01,-2.516438320202957435e+00
-9.931062714773086775e-02,2.747293012294310444e+00,3.536498790357727628e+00,2.094154261436398379e+00,2.306170499475726832e+00,-3.484707283798166522e+00
5.063091075769738936e-01,2.665649814703551002e+00,2.512348528813557635e+00,2.060729094289947660e+00,2.703264722792396046e+00,-3.760494885466130199e-01
-7.615308853836921799e-01,1.495496052710846513e+00,8.588576620464498657e-01,1.737179698224642799e+00,1.732107980366524247e+00,3.574941924159080742e-01
-2.790291906095228591e-01,-2.926608955099894160e-01,6.465098763027327777e+00,-2.497916482214965317e+00,1.254626845126097567e+00,-6.362014450771118490e-01
1.599064641062568071e-01,2.173044986455456851e+00,-4.407192760084376326e-01,-4.829880996164943596e-01,2.252357727254798547e+00,1.153626567029011341e+00
-3.031031587222916546e-01,3.564096468626907210e-01,5.591788604187955869e+00,-1.513382626878243098e+00,1.605656309411754190e+00,-2.767303151723026211e+00
-7.422758717877794288e-01,-7.457764885226554341e-01,1.946085178148130090e+00,1.544789460879145260e+00,5.069958237584427652e-01,-1.685150530116519718e+00
2.548492656911117704e-01,3.296868489612764463e+00,-1.510257801715065629e+00,1.111561687880124438e+00,2.980943088078190861e+00,2.772398378681904418e+00
-4.598737680372023684e-01,-2.369139450780258560e+00,3.181040946572661898e-01,-2.265503074109182613e+00,-1.209547179452063803e+00,2.351666239607617115e-01
-4.613990375614658856e-01,-2.862748537066428067e+00,-2.408945549274873477e-01,-3.338794142223828310e+00,-1.423246537421256175e+00,2.921601338479478116e-01
-6.203112416421698860e-01,-1.883294550163854941e+00,-2.595652372160129229e+00,4.262517154541622943e-02,-7.886901878605212524e-01,-3.926515719739911425e-01
1.424743395526220979e+00,7.388736911799753670e-03,6.504480052917822164e+00,-2.989574119137476060e+00,1.907967782064159401e+00,-1.570309080394982626e+00
-3.069540638191242676e-01,-2.860574051810721663e+00,-3.987007012815129592e+00,-1.277111196025122020e+00,-1.467289983564311617e+00,1.314142943435318678e+00
-4.537380925780521990e-01,3.218430098691332120e+00,3.088746524109876046e-01,1.931044510909382339e+00,2.150388177678131729e+00,-7.735995552843899503e-02
-2.317689225951138909e-01,3.384572965179942550e+00,-2.375510102852757544e-01,-2.723933075560265316e-01,2.329430375219499361e+00,4.797800482059670912e-01
-7.635286216229115741e-01,3.187372826801290415e+00,4.606164544310686892e+00,-1.391937012036557064e-01,1.968693146266051075e+00,-1.461803734199337068e+00
1.227006001810591496e+00,-9.328478073093293688e-02,5.157734543812685146e+00,-1.803966951952933773e+00,1.700145175024950106e+00,-2.456641209178875851e+00
-5.334233584393320848e-01,-9.397915278873223421e-01,-3.685613455244430181e+00,-4.040281026912140305e-02,4.807195465815874424e-01,9.502658260937053569e-01
2.562502246127107419e-01,3.048362352316392965e+00,3.913121502167577148e+00,2.392957158642840199e+00,2.677621053136541640e+00,-3.427228146316659174e+00
-5.483410619488893190e-01,-2.404003274276943714e+00,-5.194258637636865572e+00,-2.109931583100488339e-02,-1.285577375842080983e+00,8.373482333388118093e-01
-7.762641269986542136e-01,-3.764206023104215149e-01,4.008051688630748899e+00,-3.444245506814102242e+00,8.664489209340363596e-01,5.555659216474717610e-02
-7.752606641191244208e-01,-3.313663111247184823e-01,-2.944130200262370600e+00,1.211901453774642867e+00,8.460765768812453791e-01,1.662098330398020352e+00
1.141531828796951142e-01,1.827406856824092429e+00,6.415141170230253209e+00,-1.575580366744059546e+00,2.217442564745826239e+00,-3.152595980361580619e+00
2.376192733426005510e-01,1.181436235351927877e+00,5.635784416187188839e+00,-2.915200405801718908e-01,2.068211252884262219e+00,-3.292667857268103404e+00
1.898228994378123313e-01,2.197518120623242588e+00,1.054998267927065081e+00,6.998392386327063619e-01,2.218047754146993178e+00,7.960962071381372240e-02
1.762726284030760593e-01,2.531309075228954875e+00,4.352530186813315716e+00,1.115030977126684419e+00,2.418284260075267866e+00,-3.198509938288942145e+00
1.862392863541764143e+00,-3.741830735329423341e-01,6.071533956147099786e+00,-2.595757868366854293e+00,1.856126736373134190e+00,-9.764234308598687129e-01
-6.155708122577391306e-01,-7.997743447513299131e-01,-2.904723854240769398e+00,2.925281426717616817e+00,6.062554823036188090e-01,3.494271010356975182e-01
-3.812315689293407361e-01,1.310470292782309976e+00,6.850867994680423401e+00,7.129405443548018084e-01,1.837148241076292710e+00,-3.326174297063934304e+00
1.695240634404102387e-01,1.302052861490467173e+00,9.528129494003662714e+00,-2.257677348943640805e+00,2.137171009847571579e+00,-3.000287325909453795e+00
9.298906818480405789e-01,2.396312259698103020e+00,-8.215892847632144669e-01,-5.910873479517624318e-01,3.138401076999989492e+00,2.942485581816374207e+00
-3.778296035316534573e-01,2.420614749687263867e+00,3.666387553096181584e+00,1.118516817770995431e+00,2.015026152476767418e+00,-1.650048121154117142e+00
6.051038533502863803e-01,2.058313687215902910e+00,3.151438693063588481e+00,1.063730304466284693e+00,2.705498429621351342e+00,-2.262590550103102061e+00
-4.176506345210677651e-01,-2.068968035449293197e+00,2.406186743818841567e+00,-3.467474421186609312e+00,-1.082366289447678431e+00,-1.464654719343257305e+00
-3.923203954657603632e-01,-1.831625824525265234e+00,-1.054539831655298299e+00,8.785912449579766914e-01,-9.311162702554538484e-01,-2.550968238855356951e+00
1.249244045242768608e-01,2.740052409496755992e+00,4.455042218985680869e+00,-1.056530283746542231e+00,2.470642387799838691e+00,-1.988195785464347498e+00
-5.737123646584612047e-01,-1.224200296680612254e+00,3.307341447036201920e+00,-1.927085640417321777e+00,7.202026883254286638e-02,-3.477068204702772558e+00
-5.908227454286754110e-01,-1.884974872951273639e+00,2.543608088946339496e+00,-3.343270746989066122e+00,-9.857251357069849451e-01,-8.583297469601820495e-01
-2.732115087595360925e-01,3.450983058698179562e+00,-1.240030241166272695e+00,-2.486371106331417558e-01,2.308225666067984072e+00,2.514883695970798527e+00
8.563404615439970113e-01,1.297537913617756722e+00,1.378262094352945111e+00,-1.823141759946118379e+00,2.413029476019602271e+00,3.218921818518476918e+00
-2.550610140558986494e-01,-3.078138483214686971e+00,-6.832021843280429163e-01,1.424868391588184124e+00,-1.530142207016667255e+00,-2.744307000115787876e+00
6.154913373767390006e-01,3.071277342662590115e+00,-1.208139867219311103e+00,2.480654474744531157e+00,2.943870191358269217e+00,2.960284913265947004e+00
-6.366506628435977255e-01,-1.514711314654648255e+00,-4.981411239517874456e-01,-1.098409727613538056e+00,-5.738295367915809964e-01,-1.181853011732085790e+00
-3.447087780178195726e-01,-3.038304860803561436e+00,-5.442034566789423877e+00,-1.017764027652157566e+00,-1.514077444154642738e+00,1.988537538995990062e+00
1.578616172314673882e+00,9.398612636609779969e-01,3.056285786363880597e+00,-2.019898308410184029e-02,2.748675988534597714e+00,-6.070736178016726825e-01
1.192431080138991462e+00,2.794253042733674697e+00,-2.395131634457093206e+00,2.263783571161977370e+00,3.206959165472086148e+00,2.907269078841291154e+00
2.312696497216523983e-01,2.226239169209144109e+00,3.683828024697089809e+00,1.564928052054160190e+00,2.512715293723302601e+00,-2.380342118857420530e+00
-4.099690061749764469e-01,-2.236425363003571309e+00,-1.647299773180404214e+00,-2.861720578770333923e+00,-1.143215993487230575e+00,1.764474126711871094e+00
-5.283102624122046898e-01,-1.981396933898047052e+00,3.395438203622800355e+00,-3.408592845474708533e+00,-9.680851713204647879e-01,-4.964357590034236267e-01
-2.779576355793108577e-01,-3.776544133642545376e-02,1.561550891170915500e+00,-2.277570125076942453e+00,1.365555228201051241e+00,1.591956502712886135e+00
-1.262334847603652221e-01,3.264993677337941769e+00,6.200598859315603839e+00,-1.923162682297702153e+00,2.402178821851090884e+00,-1.020086004527044565e+00
