-3.125359174651908933e+00,3.264240575674895339e+00,-4.797713984569952572e+00,-2.448249240703801899e+00,2.202617539532985447e+00,-1.682139165501498113e+00
1.561930066919481774e+00,-2.750951703823459660e+00,3.173620598781029756e+00,-1.093523839453734992e+00,-1.793400418892349135e+00,-2.473705411266732268e-01
8.738355772033594704e-01,1.071999181645945320e+00,7.755257222794074146e-01,-1.716588305571096651e+00,-1.577028075644201666e+00,-1.141725317551997465e+00
2.899242938690889559e+00,-4.537218443010604396e-01,3.003130428259988882e+00,2.729625299871548449e+00,-2.025140301014766830e+00,3.084036232257978405e+00
2.528968947936367506e-01,2.735692023704142883e+00,-1.251544617377948754e-01,-2.007844186605336034e+00,-1.339294856160154090e+00,-1.424308717356806531e+00
-2.490940578726516641e+00,-1.691191675793740412e+00,-2.704799115757454686e-01,-2.408927646472079687e+00,1.474977043883925143e+00,-1.667448297505438548e+00
-2.758818352721711165e+00,3.388407843582852408e-02,-4.084474355771045673e+00,-2.431560346140038575e+00,2.075163697469631696e+00,-1.675852449506914477e+00
1.570593903295185001e+00,-7.878324987343763297e-01,1.466231689915411529e+00,-9.139237563030554456e-01,-1.813962011585878553e+00,7.736102685879592267e-01
2.996541073895489404e+00,-1.337191055398310180e+00,3.599282001363422800e+00,2.050569606605831652e+00,-2.044187147335522869e+00,2.820255734868263087e+00
6.904965639287894419e-01,-6.636682842039443031e-01,4.556567141591192360e-01,-1.817187807638247943e+00,-1.611179944151300392e+00,-1.297450519622711296e+00
1.090529843177511005e+00,3.162550449236348982e+00,-1.080503460071545296e+00,-1.501395213415501972e+00,-1.697584273976819658e+00,-8.959943233242649852e-01
-4.554867208114723454e-01,-2.362030350741798568e+00,2.760938230923485115e+00,-2.164370398156099551e+00,-8.893059653531504294e-01,-1.538958871517624116e+00
-1.640763830135509860e+00,1.105876550331237773e+00,-2.400165176480912876e+00,-2.351974993641509304e+00,1.035958260612731330e+00,-1.629497085362517916e+00
5.529443128853213096e-01,-2.705062584689892358e+00,1.862696764704515395e+00,-1.930639512969527738e+00,-1.517080842200410506e+00,-1.375604520123341112e+00
-3.250308597044722525e+00,-2.888016349285815743e+00,-1.598758697588389399e+00,-2.453223110302309884e+00,2.196954679467727267e+00,-1.687068592089673524e+00
-1.448684747957272201e+00,-4.586852975377988528e-01,-1.064575958688980473e+00,-2.337266028198798917e+00,1.049708603198782342e+00,-1.622736545998964441e+00
-1.422753336606341179e+00,-2.692282176042594344e+00,1.024530099318297749e+00,-2.306651060903491590e+00,5.689784251576910368e-01,-1.615491643706647329e+00
-1.173277628814374918e+00,3.217609414189422701e+00,-2.055838842995858506e+00,-2.270023652214995913e+00,1.786608529848288107e-02,-1.594127810955561442e+00
-1.102740657035764738e+00,-8.047632226146603784e-01,-5.599496187382093648e-01,-2.284721714737651066e+00,-1.786678798173145233e-01,-1.607709608155460046e+00
2.632458355718394039e+00,2.335432974686431074e+00,3.634675466227164087e+00,1.470614359374754487e+00,-1.983326845422194395e+00,2.415343731143345885e+00
2.906338028905816273e+00,-2.102298674203082474e+00,6.996338000619369168e+00,1.772590307381546104e+00,-2.018922530441372487e+00,2.683881284803998568e+00
2.160463210275452184e+00,-1.061066122028616387e+00,4.319040072001655517e+00,1.697848587738760795e+00,-1.937560151393995511e+00,2.704801407990134354e+00
1.564832312854879781e+00,-8.035055589587400959e-01,4.034504230327319974e+00,-6.267414849134496091e-01,-1.763814922851884237e+00,1.140085237135755936e+00
-2.589148699667711107e+00,1.347980881418351373e-01,-3.612815519105491813e+00,-2.422007586496763842e+00,1.774229278597540649e+00,-1.672623096425061906e+00
-5.760269085028828506e-01,2.078500482674977334e+00,-1.704264486540753021e+00,-2.173819618998942271e+00,-6.765065326252206468e-01,-1.514818355730903177e+00
2.614484470200511446e+00,3.114999753960416840e-01,2.380996476007115170e+00,2.218859266465184277e+00,-1.998653738247184730e+00,2.027937915168585459e+00
-5.735902980588591937e-01,-2.726611307930571382e+00,2.367664465673291474e+00,-2.201226171830378942e+00,-8.809643491277659999e-01,-1.549942337155136407e+00
-1.830471658018071324e+00,-1.734057510424379389e+00,-2.825761371407071731e+00,-2.354004292810955246e+00,2.107165332375094291e+00,-1.641057682140302898e+00
-8.519817331315815423e-02,2.712962168992768319e+00,-1.423154556798259751e+00,-2.071241812516761538e+00,-1.132915064500689128e+00,-1.435287973787085836e+00
2.385408685377358395e+00,1.873067882689418262e+00,4.135317308965948513e+00,1.495354171264910548e+00,-1.966947412530281269e+00,2.469125797038607573e+00
1.121747195526269003e+00,5.477436269357829346e-01,-6.703428949471191833e-01,-1.557498234927335190e+00,-1.659076891904448292e+00,-1.025334011295644387e+00
6.582731570873781024e-01,-7.284991034482328764e-01,2.684779672379388193e-01,-1.783399746986646495e+00,-1.564417284323773583e+00,-1.155352943252692999e+00
-3.682732174932987768e-01,-8.510658731423861312e-01,-2.700810163705019695e-01,-2.145186395727477269e+00,-1.100721843998345495e+00,-1.521682341126661120e+00
-2.297512220966129615e+00,-7.015640571005210546e-01,-3.138834871503406454e+00,-2.398673498985238073e+00,1.756031358999252001e+00,-1.659429807607670337e+00
1.813558929952705512e+00,-4.404552497032510061e-02,1.879208099840670165e+00,-4.994540764643023989e-01,-1.829848348400051394e+00,1.539292624089359185e+00
1.415515353712952340e+00,-1.801451790299088529e+00,2.300319596173360459e+00,-1.048622723412567348e+00,-1.802731518290605628e+00,-2.900634425753244594e-01
1.534373017431749808e+00,2.861888908018400457e+00,7.510834069399234814e-01,-7.047773277989374252e-01,-1.833094122194872888e+00,5.965042356944355584e-01
2.696623107070404757e+00,-1.921730190406476080e+00,4.524166288113505630e+00,2.005757290231538814e+00,-1.991740352968881300e+00,2.362697311778844345e+00
4.937606107032843639e-01,-3.177816217506551411e+00,2.138248499968554039e+00,-1.922798330511231946e+00,-1.486479939904241432e+00,-1.355238045244148148e+00
-2.958584638501742248e-01,-2.964107414359578030e-01,1.370637255127822307e-01,-2.107963109993888473e+00,-6.021887053867397421e-01,-1.490657667665862274e+00
1.329767339369489321e+00,3.685711743931237017e-01,1.585244150660297668e-01,-1.161635928152136232e+00,-1.749624841642659634e+00,-3.958724094179766340e-01
3.316177222152944637e+00,-7.313813406333045108e-01,3.058729894992901599e+00,2.262556162126233339e+00,-2.066161906921388347e+00,2.392771652396787907e+00
-4.820864946164733489e-01,-3.306715495358468093e+00,1.863399604352021788e+00,-2.199685806224585427e+00,-9.065117560061214386e-01,-1.526691008401823924e+00
9.687426380561774408e-01,-7.830201347663257039e-02,1.603529364630650322e+00,-1.666429987022189696e+00,-1.635938680173679272e+00,-1.162400043349781642e+00
3.074973266276799677e+00,-8.134527385178458303e-01,3.355938322959392206e+00,2.898572375019710545e+00,-2.046136595956958182e+00,2.522376466694433716e+00
-2.463407498693896969e+00,3.427027730876415212e+00,-2.886815422922319296e+00,-2.401579809064726678e+00,1.366207470892858877e+00,-1.660308988990837564e+00
1.191361687351214727e+00,2.503424694928161109e+00,-3.147929880340822884e-01,-1.327956493609512068e+00,-1.688481698785141205e+00,-6.344446442069711090e-01
-6.008692869335199305e-01,-2.466647279658333414e+00,2.642078352132671615e+00,-2.178523208751935059e+00,-4.810095617671540369e-01,-1.551658058628416548e+00
2.261556530747135696e+00,-1.223510590177854240e+00,3.331144002810476401e+00,1.632105650109715089e+00,-1.913214591800144859e+00,2.258553891615163955e+00
-1.580342164726440846e+00,-1.319811887527611916e+00,-5.410019121049221003e-01,-2.343753258429807307e+00,7.938011910463741438e-01,-1.622057628664524520e+00
-8.775427703363201104e-01,2.278346379879399919e+00,-9.081750511015208582e-01,-2.238875276354500343e+00,-5.065401745653577148e-01,-1.579295982752463745e+00
8.276270455350909216e-01,7.809786616013054683e-01,-9.692827299715776057e-01,-1.720399443235772097e+00,-1.573464469669319410e+00,-1.241851390316018655e+00
1.403873257198835489e+00,2.075824229928905140e+00,4.332224552171646259e-01,-1.206280947642982992e+00,-1.781648475634054041e+00,-5.979497679783067898e-01
2.412341773971026448e+00,2.912352431158882204e+00,2.824829220939493180e+00,1.828759876265756201e+00,-1.965257854705323881e+00,2.683182873275975044e+00
-4.229063577170419919e-01,-9.706146791308616351e-01,-3.818174208629715460e-01,-2.150740919241120874e+00,-8.519237820858589494e-01,-1.536069479073226995e+00
3.096898971441470749e+00,-1.770510453670984807e+00,5.965147679641377820e+00,3.393546765184188629e+00,-2.042052551044958086e+00,2.603847063466102618e+00
2.002312856312603806e+00,4.781596226880080458e-01,2.893167465479724587e+00,5.155594506809402233e-01,-1.868975592945592012e+00,2.250358290901410818e+00
-2.327924745219461578e+00,-2.817135469986432383e+00,-1.961616628577653731e-01,-2.393520540497025895e+00,1.892016833264787756e+00,-1.657535503402678190e+00
-2.804454280756909057e+00,-2.276442404071465475e+00,-1.398777625724053175e+00,-2.435120390220018027e+00,1.810932930677581876e+00,-1.679042509600431110e+00
-1.154808802365322684e+00,-4.572044096441705285e-01,-8.260141542264523018e-01,-2.273035532955578919e+00,-1.561785102708345419e-01,-1.588891763276266245e+00
-3.510770848697530866e-02,1.078830015031078560e+00,-6.383273929939033975e-01,-2.101344285456900884e+00,-1.254889496168129392e+00,-1.469501333793351350e+00
1.112198603654820594e+00,-1.981776686074101512e+00,3.667134108602791098e+00,-1.493005329609538023e+00,-1.712886271827299689e+00,-7.872326356116504664e-01
-1.631920372664471319e+00,-3.323945998293617698e+00,9.572914412459960776e-01,-2.305805191781727270e+00,1.108766549470082685e+00,-1.605681086890896614e+00
2.643023956091765214e+00,3.291713613441298314e-01,3.367751082295634468e+00,2.537602798425155015e+00,-2.003212244328947733e+00,2.304642776481607758e+00
2.011734259117917922e+00,-1.271655733127975196e+00,5.549426166922179604e+00,4.137844251378243188e-01,-1.895255525498714899e+00,2.302463696291120243e+00
-1.905089616047230372e+00,-1.799483150826852729e-01,-3.029760923428005626e+00,-2.345868583567128240e+00,1.569875308054884844e+00,-1.637276598250939408e+00
-2.447735200336880190e-01,-2.983718411154754335e+00,2.528009760971618114e+00,-2.108494680594754644e+00,-1.130441896533939783e+00,-1.457018618179348302e+00
9.791791467411377070e-01,2.297049755073896193e+00,-1.825069873141189625e-01,-1.643518161918223530e+00,-1.603262047636747401e+00,-1.004495805655925666e+00
-3.086919382550727953e-01,1.568463373512480885e+00,-1.346002163563151610e+00,-2.116281740286523494e+00,-9.999450938753646767e-01,-1.455448061796645876e+00
3.038071555759607634e+00,2.741041990602191447e+00,2.282273001508118071e+00,2.985664572213025281e+00,-2.045356426310501519e+00,2.516121254258606221e+00
-1.382799911593294073e+00,-3.483560207079880122e+00,-1.106660963830259359e+00,-2.318272065454458630e+00,2.494388105829040025e+00,-1.619793320488526867e+00
1.753228585050030652e-01,2.850253890106080767e+00,-1.486767855776636615e+00,-1.901271826148869915e+00,-1.396134388401323090e+00,-1.354700984688780974e+00
5.445859768228009656e-01,8.880407160322087989e-01,6.743464901021134494e-02,-1.814326713529540447e+00,-1.496524049653168209e+00,-1.261690788280045661e+00
1.398356399218151580e+00,2.070005356327395241e+00,-1.551870355697990700e-01,-1.026882302944882142e+00,-1.774559503637841651e+00,2.468468953992158932e-02
-8.048079628522435414e-01,2.310119322655979524e+00,-1.513190860450401853e+00,-2.176623950712260225e+00,-4.533384176998298543e-01,-1.550132093184282356e+00
1.580135191228034586e+00,-2.485159725674104259e+00,4.037435185222796541e+00,-8.926433562755561324e-01,-1.790865794678984768e+00,2.707199153552363180e-01
3.303056416809889484e+00,-3.264258593277631348e+00,8.180118808289915222e+00,2.439515101315359313e+00,-2.075107006944085342e+00,3.100991570195035685e+00
-2.203745734624498187e+00,-1.786930349004201890e+00,-1.200824787434519703e+00,-2.386974827518526965e+00,1.475621409424127561e+00,-1.649598392326858454e+00
3.495650992977790139e-01,-1.592345294534871947e+00,9.053158277299466761e-01,-1.909534812938658455e+00,-1.298649737577090013e+00,-1.307614169173177743e+00
-2.256516151488372035e+00,-2.651633640437469186e+00,1.250627052004243733e+00,-2.398627558977302066e+00,1.384355899672169876e+00,-1.656385615476989592e+00
-2.683802730887908883e+00,-1.413709871610233648e+00,-2.958939198396902448e+00,-2.420699904202261887e+00,2.008808322636984389e+00,-1.672720338718353128e+00
-5.677836957404056584e-01,8.308413581749238830e-01,-1.037299829591564748e+00,-2.167672285014003997e+00,-6.152177110521686032e-01,-1.512830607540734285e+00
-3.291624161808529792e+00,-3.392211538675172111e+00,1.423707070720695800e+00,-2.457929919112985750e+00,1.883240401322605395e+00,-1.688254821542024997e+00
2.188895885702863531e+00,1.270381740809492399e+00,2.073524121861524350e+00,8.456074948656944201e-01,-1.926925880617008424e+00,1.775162887133305833e+00
1.421766549835996152e+00,-3.145074620625680772e+00,3.245097149636721134e+00,-1.017849925898736796e+00,-1.784010103991635843e+00,-1.577541156640514530e-01
-3.063059791000619203e+00,3.957840420165625872e-01,-3.984386893925231821e+00,-2.447382478779663639e+00,2.175088552194831326e+00,-1.682172809929253221e+00
-2.239862724265034633e+00,3.010423865046771397e+00,-4.276627767728952811e+00,-2.397074856531992815e+00,1.907267124637153088e+00,-1.655630274163817139e+00
8.223148405759772572e-01,3.362276932904157078e+00,-5.617224754911838147e-01,-1.698906096511248132e+00,-1.650617071516831791e+00,-1.138221056279775656e+00
3.487074481981925267e+00,4.057079449921512371e-01,4.518309577721346670e+00,2.027254002703052560e+00,-2.092000191930249109e+00,2.207382558182240828e+00
-2.790683194743607487e+00,3.030290996975988804e+00,-3.901042078858577344e+00,-2.430897806931017868e+00,1.747638791011832060e+00,-1.677279107618612874e+00
2.658613823306334112e+00,-2.473854315410954907e+00,4.668650137806995559e+00,1.885795962973840556e+00,-1.991450347396460874e+00,2.194204698426740485e+00
4.497442380523768435e-01,1.422385323565333870e+00,-3.034584046652215594e-01,-1.874975383841519960e+00,-1.477880944955056952e+00,-1.240501091940279910e+00
1.735837635052317474e+00,-1.638813548398605491e+00,3.088937910060784553e+00,-6.245796095469197118e-01,-1.845438413330504179e+00,7.685761479966894960e-01
-1.280333326918648762e+00,-1.884856247728408096e+00,1.468325425684645191e+00,-2.271750988965504092e+00,4.423691416611790217e-01,-1.586058859458866932e+00
-1.089511268764530527e+00,-1.277132913925189683e+00,7.911796608841319411e-01,-2.273718975187473568e+00,-1.292243868101788373e-01,-1.590651016224837511e+00
1.043767932088131012e+00,2.824304340660080292e+00,-1.310779770668983879e-01,-1.399813003482619500e+00,-1.622672102213710721e+00,-8.892035246419029981e-01
1.787670978939869038e+00,-1.273013694392011619e+00,3.868466685635129743e+00,-3.108143981336658479e-01,-1.878835625012201360e+00,1.334566369619245352e+00
-8.169914850905195536e-01,-2.991094904616502070e+00,1.489912751654006495e+00,-2.255293633877405224e+00,-2.972724767050925476e-01,-1.575476615077593845e+00
-2.824149600347855227e+00,1.320679656423839887e-01,-3.886540435320083642e+00,-2.432367321616027755e+00,1.878981152528452103e+00,-1.674340127584398541e+00
6.056626977490786601e-01,3.454191113501359212e+00,-1.365884406838940412e+00,-1.654636454659567768e+00,-1.493494305220804730e+00,-1.122133262716620727e+00
-2.143507931620702855e-01,-3.276556480134750871e+00,2.307646603373271432e+00,-2.155675906675508902e+00,-1.096518429464159228e+00,-1.533491783219242288e+00
2.384271612631791548e+00,2.786016313774942077e+00,2.765930389989632587e+00,1.095828461012133825e+00,-1.959379573041333256e+00,2.290588369305696315e+00
2.251981356698463443e+00,-1.432026378681512391e-01,3.533841469367937194e+00,9.889222353198580118e-01,-1.951816748447795291e+00,3.076106356823290255e+00
1.699385694433791727e+00,-2.167260074621424781e+00,5.638014039308911762e+00,-2.598599852536839228e-01,-1.828837961961948588e+00,2.355554632082428768e+00
-2.281969652507656487e+00,4.150791940310751826e-01,-4.424317158209219336e+00,-2.403620738485110486e+00,2.364869793353420846e+00,-1.662157416303449153e+00
-1.101504931808515497e+00,-1.143427666234414719e+00,-3.369595119718175047e-01,-2.262793274061982274e+00,-4.811984746337005792e-02,-1.573812537762920183e+00
-2.411802349845237892e-01,1.983730269433456428e+00,-1.106531692246342846e+00,-2.126869242700449636e+00,-9.425469163441562159e-01,-1.516974388612869262e+00
-2.696175891389944734e+00,2.867774333393214192e+00,-5.233200160602256013e+00,-2.428624976807613134e+00,2.677941989142335277e+00,-1.675944091033083616e+00
2.535313297781820019e+00,-2.584397456311648966e-02,3.727385190935025960e+00,3.430872762549991073e+00,-1.990269223562785461e+00,2.546783734572068081e+00
-8.851391257699550152e-01,-1.400843686421281209e+00,-2.877077753617567901e-01,-2.243748288953573145e+00,-8.854308383414277728e-03,-1.575252435046823107e+00
2.627766825057058497e+00,-2.927288485460709744e+00,5.792026666818685499e+00,1.443091347835482097e+00,-1.990311588354550576e+00,3.557743903112918993e+00
1.062322046344064574e+00,-2.081973118980542825e+00,3.212488405177771789e+00,-1.393781506345501908e+00,-1.706717944616458871e+00,-6.199769361311970872e-01
-2.032834257586550564e+00,-1.066680292444828648e+00,-5.643566751376070112e-01,-2.378736302970140493e+00,1.387962164829655398e+00,-1.650489903965912886e+00
2.889505218931319064e+00,2.325909824913575008e+00,3.055404617463677308e+00,2.562990812280856900e+00,-2.027091676491539651e+00,3.338006417891046684e+00
7.189676876846462505e-02,2.689671003539545246e+00,-6.297985204596047160e-01,-1.920173591261326695e+00,-1.164963063924900233e+00,-1.390367074448459528e+00
4.012574669258262006e-01,-2.924044952284887255e+00,1.783189253024398679e+00,-1.939637043597099098e+00,-1.484013787687390229e+00,-1.401157204885067342e+00
2.712546883240562146e+00,2.512698049024890246e+00,2.320958876706398222e+00,1.841921689878905921e+00,-2.000636541403673530e+00,2.142228283232768593e+00
9.073359728329455365e-01,-2.579174221262048761e+00,2.730801357279609043e+00,-1.666522087140207553e+00,-1.615800510389664657e+00,-1.190948935332202918e+00
2.706132502435377063e+00,2.056797200981844043e+00,2.070781539782211578e+00,1.650220982097617028e+00,-2.001360800630969550e+00,2.337468446116673704e+00
1.870798405657607688e+00,1.320249640879758601e+00,1.938765281298343801e+00,-3.200510682855696731e-01,-1.889507990535313819e+00,1.799558738155809579e+00
-2.241491052991366750e+00,8.518596291846591839e-04,-4.154524166594947943e+00,-2.377433138830967074e+00,2.328616112546484374e+00,-1.645065665451407089e+00
1.942273265031589702e+00,2.149700257026916361e+00,3.201275142058051415e+00,3.763979875310263790e-02,-1.870891163345584252e+00,2.032315971026980250e+00
-2.008347513619039404e+00,1.145119474671275839e+00,-1.940548122316771096e+00,-2.379861431474031175e+00,1.084974181147967620e+00,-1.649808668672837486e+00
-2.928264693453999534e+00,-3.065683969437405842e+00,-1.223887542992757593e+00,-2.436258607678422727e+00,2.855843615903497223e+00,-1.674277300212158925e+00
-1.340786803593863485e+00,1.870100893703039446e+00,-2.431142589977361546e+00,-2.305177003132665714e+00,1.212859817306256360e+00,-1.607383652062422952e+00
1.714024473172843344e+00,2.391979211164290575e+00,2.780551928478025125e+00,-6.563020060609161543e-01,-1.815170790886051044e+00,1.161616955362588133e+00
-1.161586991171263961e-01,-3.423092336307052896e+00,4.040269760824580558e+00,-2.085312020162241708e+00,-1.148880507745802859e+00,-1.499425023398706758e+00
4.786099742688425529e-01,-2.230306232186764603e+00,2.120225381100079520e+00,-1.901916609569874517e+00,-1.557361470240214318e+00,-1.325934007850964491e+00
2.143380290540962463e+00,2.704307433317944209e+00,2.402069960483599775e+00,9.702731182761545892e-01,-1.935111509845643063e+00,2.184744109466545403e+00
-1.553597366853525230e-01,3.231197524982787783e+00,-6.986084947119568511e-01,-2.053498880731094101e+00,-1.185907184469759956e+00,-1.452517957716154662e+00
-4.115805479064311712e-01,3.484776231876341335e+00,-1.493328310624143729e+00,-2.189491887558311145e+00,-1.050822804457771209e+00,-1.528316162809657985e+00
4.552010460767128563e-01,-2.063126627028261328e+00,1.148403990690270771e+00,-1.795353058986583816e+00,-1.503039617368729930e+00,-1.190981849758670608e+00
-1.170826483800627926e+00,-1.715150440135261078e+00,1.036329840611296182e+00,-2.288731806960870419e+00,-3.845692219773333420e-02,-1.598500900265999114e+00
3.243959414135121122e+00,6.592706198241486959e-01,2.088486692117229815e+00,2.295452094910888530e+00,-2.063982974739664300e+00,2.512412466448108006e+00
-2.884025155923202632e+00,-2.759085559455523473e+00,3.389951070029262326e-01,-2.437014542484674084e+00,1.592844025279145814e+00,-1.677971689130352217e+00
1.404074360502777452e+00,-2.805992673290588435e+00,2.908484169543722242e+00,-1.335387971360472159e+00,-1.746530816098450956e+00,-7.060514386512216634e-01
2.138614301638392057e+00,2.159799039873508519e+00,2.231796451476483423e+00,1.564581225178015345e+00,-1.931713996296026359e+00,2.417490212611193012e+00
2.209801525861543325e+00,1.231031301303435299e+00,3.526989494521406421e+00,1.017860685498866768e+00,-1.941087132926162084e+00,2.214760843764967291e+00
3.011865514721318249e+00,-3.489320816090603294e+00,8.748231839477792704e+00,2.232034378050691714e+00,-2.041991660043067203e+00,4.108637126284288676e+00
1.598952732902137797e+00,-1.545308315926801512e+00,2.207352911809824736e+00,-9.209164315891901209e-01,-1.826405544615966825e+00,3.274251721292459893e-01
1.469374153381531656e+00,-2.312434477075711037e-01,4.272327452468722697e-01,-1.171423572883201203e+00,-1.805086063969697507e+00,-2.976447640352633539e-01
-8.503555233630475385e-01,1.779809619574435509e+00,-1.308256061246267699e+00,-2.224494032233891083e+00,-2.668172784249491780e-01,-1.551255525827016202e+00
-3.807018939605839591e-01,-2.692513002573262870e+00,1.494817494391941004e+00,-2.128715860562600426e+00,-7.430480469282636502e-01,-1.527477179478148317e+00
-8.983054399493006770e-02,-9.725195491157725414e-01,-1.461538607378977672e-01,-2.084002251575638454e+00,-1.268084204230509826e+00,-1.464917914673007360e+00
2.814660908894168756e-01,2.168014572896125536e+00,-1.420255737565021548e-01,-1.942730273825714171e+00,-1.357031372094409827e+00,-1.408777932503629593e+00
-1.907338543344727633e-01,2.670539638820120132e+00,-1.125055974577959805e+00,-1.986092053350946962e+00,-1.010939174674272412e+00,-1.296245994618178798e+00
2.617912701815932053e+00,2.310796853841367238e+00,2.864663855371252232e+00,1.755499682263955030e+00,-1.988940414995709061e+00,2.737126232115282498e+00
-2.867925144040546215e-01,2.071458483349992719e+00,-1.231470071803407285e+00,-2.120592551851947949e+00,-9.737266168760049245e-01,-1.494894379211059388e+00
-1.447626318207497320e+00,-1.179292104499210403e+00,-1.468003033540754565e+00,-2.306369089253895943e+00,1.291453580982408589e+00,-1.598573468627814576e+00
-9.789806812990269336e-01,3.433110468303093299e-01,-1.350810518358157575e+00,-2.277753888848236041e+00,-3.672388668620978902e-01,-1.595482486112435483e+00
-2.789204417107818745e+00,3.227593764961368628e+00,-4.462594517199329758e+00,-2.424912452696628584e+00,2.048482246987453514e+00,-1.675005901091139338e+00
-2.254105982902760097e+00,2.295098349000929794e+00,-3.014264761788548519e+00,-2.395648468649148821e+00,1.309574550514363445e+00,-1.655115794055913359e+00
-1.617380958988206441e+00,-4.612720137711812107e-01,-1.842603000626843235e+00,-2.345007619134520827e+00,9.094026658350236048e-01,-1.638678100566593798e+00
-9.562296867707074099e-01,-5.959028582400129892e-01,5.909603769708033916e-01,-2.246831109729855669e+00,-2.633688270656488473e-01,-1.574350185680450265e+00
3.027071843213384739e+00,-2.341045375382938332e+00,6.898184808031311732e+00,2.625355595089518879e+00,-2.044666805559353762e+00,2.191308490354873850e+00
3.360420247569088303e+00,2.171582043171764731e+00,1.832040266083124980e+00,1.958437816643665119e+00,-2.078005118351847091e+00,2.236433249309695448e+00
1.374105982526556247e+00,2.973581616118536886e+00,-7.182810175185805335e-02,-1.253884723918915478e+00,-1.785227430963782780e+00,-5.935234647692506638e-01
2.528652972497789087e+00,-1.731700734620509330e-01,2.527976223891910568e+00,2.064142432720202258e+00,-1.956854895667900385e+00,2.154446004072148924e+00
2.830420286114545547e+00,-2.122019220801664829e+00,7.669831618670032825e+00,2.485101875213737266e+00,-2.025645650377826623e+00,2.750568536448314116e+00
1.908315311417833726e+00,-3.917685346809540725e-01,3.279899918036388584e+00,-1.786226260049783576e-01,-1.878826765124378628e+00,1.284373458913653954e+00
-7.289854560038890874e-01,-2.730486734317779884e+00,4.407372581610493611e+00,-2.178292015481471999e+00,-7.518245823018324669e-01,-1.538073477845889769e+00
3.295876772315805781e+00,1.330630462885671328e+00,2.964907892311053672e+00,2.228683338682182935e+00,-2.070924714515002929e+00,3.523184981974310404e+00
-1.601217799729949043e+00,5.642394361429765581e-01,-1.304063455638269975e+00,-2.340820463070046209e+00,8.458671207151481353e-01,-1.636558356613087462e+00
5.644123249499166661e-02,-1.043318120177631148e+00,7.189833908313258970e-02,-2.078648381674335077e+00,-1.149216887428752498e+00,-1.454898118791728034e+00
-1.862943783503564266e+00,1.316813918926444060e+00,-4.372840798296089737e+00,-2.359684698544342041e+00,2.270204475621227846e+00,-1.634440053043700214e+00
8.025296599526008379e-01,-5.489566603653051047e-02,-1.927448402367828439e-01,-1.754365046876574574e+00,-1.413566690145292570e+00,-1.102279763340316965e+00
2.800667362827301332e+00,2.648728634280734795e-01,2.667148152719638343e+00,1.841527162643730176e+00,-2.022199323650859970e+00,2.194094968309627802e+00
-1.782755919744740680e-01,-3.438488365896005927e+00,2.509390344810655815e+00,-2.053827746199332616e+00,-1.159646284038117425e+00,-1.448624815372000718e+00
1.020394940920581917e+00,-2.457844515184529399e+00,3.642394766645343562e+00,-1.678285414157533184e+00,-1.555146543173926421e+00,-1.204026706165352456e+00
-1.909151750784539026e-01,-2.840698716559820980e+00,1.523350123544429113e+00,-2.113713393766847304e+00,-1.163675066359199040e+00,-1.492861671013176128e+00
1.390859905520215989e+00,-2.067578254502031587e+00,4.436264039110605850e+00,-1.252271184295042028e+00,-1.723933615028591548e+00,-6.797669753815201998e-01
-2.156774047952176865e+00,-1.209824615783073654e+00,-7.441169866953789569e-01,-2.390368072973807934e+00,1.158164168946204775e+00,-1.652272857476819512e+00
2.121697515832260628e+00,2.109696962305287471e-01,2.887694566112892769e+00,8.851428904622984373e-01,-1.924961591746598089e+00,2.490707388702451563e+00
2.768745683212576303e+00,-2.520058151692707860e-01,2.887198892692854901e+00,2.314865477322483045e+00,-2.009079986974967369e+00,3.327994119302522869e+00
3.392215654566017591e+00,-1.773298755327874954e+00,6.932020388662300192e+00,1.969955353871541082e+00,-2.080394847412757819e+00,3.033681024674992788e+00
7.946697448108368533e-01,-3.468413145860814950e+00,3.059078345642077590e+00,-1.824703659311285753e+00,-1.654751588763615278e+00,-1.239272390562070836e+00
2.348766588483850448e-01,7.949923641581300160e-01,-6.390070460311439993e-01,-1.986133059237486620e+00,-1.246744958273145576e+00,-1.417675998434723139e+00
-2.660236488555081991e+00,1.523909712102351932e+00,-5.057151553280927914e+00,-2.424906171969697599e+00,2.779271711214753360e+00,-1.669494752575996888e+00
3.292084399004342465e+00,1.833626047258825054e+00,2.152187140184464553e+00,3.916006766462364119e+00,-2.073694807428161369e+00,2.730869756362046097e+00
-2.107275607372262272e+00,-1.494857082022171380e+00,-1.959345168384627689e+00,-2.376707119982572891e+00,1.700654245610392579e+00,-1.646815015083256117e+00
1.991991468103849527e+00,-3.376084940894592101e+00,7.351495843136201636e+00,9.938880460742105516e-01,-1.912943863978780579e+00,2.095783214706723019e+00
2.070601644673626396e-01,2.251017281715802731e+00,-7.604735988738835495e-01,-1.923811287197002784e+00,-1.433948249682528653e+00,-1.376342137558135947e+00
-1.274090633518967230e-01,-3.040350286020948367e+00,2.140357751737780312e+00,-2.104295499292123228e+00,-1.157078801986597627e+00,-1.466703072569391697e+00
-1.540119592949037219e+00,1.630462511295529104e+00,-1.737099687320582397e+00,-2.335832724656066173e+00,7.100938535745058289e-01,-1.626524236609311558e+00
2.779270995561562430e+00,-6.943033435480190363e-01,4.809524333805633489e+00,1.912587654277127402e+00,-2.015653079013152826e+00,3.517461396098698234e+00
1.672889967303929026e+00,2.716142936913110262e+00,6.657007970924222473e-01,-8.502441772891250471e-01,-1.837641235585766974e+00,4.352482142048105795e-01
-3.235312705321824023e+00,-3.169114185962994323e+00,-1.579742655747390145e+00,-2.456330198627747041e+00,2.297063763077590970e+00,-1.687589286079479889e+00
2.067118889793553294e+00,-2.684270462098204746e+00,6.965904018377792717e+00,9.535109218064181658e-01,-1.890927004421348423e+00,2.569614015330760282e+00
1.064162800655388708e+00,1.368123625807930566e+00,-4.970676861815663816e-01,-1.537383124013969038e+00,-1.694557030679293641e+00,-9.610353745176281048e-01
2.614485876892511662e+00,-5.717956328803457389e-01,5.101050774238450991e+00,2.317976382777293232e+00,-1.984413369270062288e+00,2.306169005584234100e+00
1.703436768465994788e+00,-1.384324982278104521e-01,2.753295850599276395e+00,-2.966977691488765778e-01,-1.825033170939404314e+00,1.313189851158069965e+00
3.766192904663241414e-01,1.506760515538399403e+00,4.542167919345512228e-01,-1.945258668767969601e+00,-1.469799293446296451e+00,-1.344900272214121006e+00
1.355070856533663992e+00,-9.993158488849895882e-01,4.398043451896008760e-01,-1.190752958746393420e+00,-1.756594405606005882e+00,-3.725736186597750077e-01
2.412355845471773286e+00,1.514532884370154875e+00,2.653677866316524803e+00,1.842705332349674041e+00,-1.972256552182307665e+00,2.972998146751160142e+00
-5.245843293792464834e-01,2.205056878977216250e-01,-1.033207566020713175e+00,-2.168297087029916526e+00,-9.146967088657901312e-01,-1.516989626019684012e+00
-3.008780233643148616e+00,-4.072970167500420402e-01,-4.256342945323810412e+00,-2.444594153978120410e+00,2.456298506473306276e+00,-1.681738349901067409e+00
-1.320500751829936537e+00,-4.996076467873780125e-01,-2.306372779692803743e+00,-2.298900039461865941e+00,1.294947299509581207e+00,-1.615094048788912273e+00
1.059067707312800088e+00,1.323963834317768651e+00,-9.589693253303097631e-01,-1.593364619222509937e+00,-1.675886141474031144e+00,-1.116719003112703001e+00
-2.631842386070605500e+00,-2.753447426239910456e+00,-7.749864203347824887e-01,-2.419397661320997095e+00,1.817188784273557234e+00,-1.666220357102276006e+00
3.382083247035744478e+00,2.186872182986030921e+00,3.941083912159178304e+00,3.998109706848138600e+00,-2.082767521635831454e+00,2.876134441332818259e+00
-2.430772921759882799e-01,-2.656144288096276007e-01,-4.046449418121450536e-01,-2.132616983609344263e+00,-1.191365381293771675e+00,-1.488792634832931450e+00
2.618812847637041585e+00,8.661797346105224449e-01,2.256209287131522245e+00,2.088962474819412662e+00,-1.973582416070930767e+00,2.198931559532894653e+00
-1.432925287490593558e+00,-1.332798081433359094e+00,-6.834382646383134752e-01,-2.278114482877736435e+00,7.077062374383660259e-01,-1.590147958610976131e+00
1.436547678733077760e+00,-2.248752351068922462e+00,1.924843268115688844e+00,-1.190796756671619994e+00,-1.756096636310871872e+00,-5.725416292613290103e-01
2.514196535373156571e+00,2.212560930941608106e+00,2.657127794730708370e+00,2.210745783979651602e+00,-1.981204222688702776e+00,2.963464545869837430e+00
-2.791705218846264991e+00,4.510205105027127459e-01,-2.929310126412221660e+00,-2.434015276138266515e+00,1.768511822713747073e+00,-1.675898563824218090e+00
-1.568862260014793897e+00,2.631699145739107237e+00,-2.635167666771474515e+00,-2.295891326058716153e+00,1.057993166716922007e+00,-1.612081933315437476e+00
-1.982589107589553645e+00,9.453743495510513739e-02,-1.678307619468008216e+00,-2.371422160441749583e+00,1.186355114462675164e+00,-1.648294900543820773e+00
-2.214795152294353642e+00,-2.837386161897481607e-01,-2.123367408372563325e+00,-2.379446342968727368e+00,1.464853786274763259e+00,-1.647890003245110258e+00
-1.285246742897562022e+00,-6.299626087304344146e-01,-8.843729257251844444e-01,-2.302741738422586781e+00,2.322157465759126238e-01,-1.617887834706324357e+00
6.524062875955545238e-01,1.766565642232939659e+00,-8.522223715946195544e-01,-1.818109013262411588e+00,-1.538330511945158241e+00,-1.295254753792745683e+00
1.349365065572348144e+00,-9.725522444950471801e-01,1.715951675426585332e+00,-1.326795756276922589e+00,-1.776010237153441196e+00,-5.415173820853790287e-01
3.274272609623514185e-01,3.235152476029519164e+00,-1.185527780331274261e+00,-1.886424138802377248e+00,-1.446050788393100417e+00,-1.365929969875776750e+00
-9.192117188979964659e-01,-1.559951485805161742e+00,1.038041774224797598e+00,-2.203279555533711243e+00,-4.396907054617161803e-01,-1.551612858625316393e+00
-2.761751475749355755e+00,1.780928829444720307e+00,-3.815221621139205155e+00,-2.425555605699703854e+00,1.705877402541642773e+00,-1.671507688677190018e+00
5.895845227828671042e-01,2.291876662036518297e-01,-6.651848486355722567e-01,-1.905297040660673513e+00,-1.487540122199104475e+00,-1.379462103668390283e+00
2.287407803359305269e+00,3.167735731439675462e+00,2.489547325057254401e+00,1.025445192804425920e+00,-1.950307449163073192e+00,3.176749058759649635e+00
-3.153981980821636277e+00,2.678382127511550692e+00,-4.841311911770843857e+00,-2.451845827791497623e+00,2.372868729837210644e+00,-1.685732856848301653e+00
-1.079431931921250420e+00,2.100118940390475863e+00,-6.773438917207568188e-01,-2.268615554296180559e+00,-1.716604030688659577e-01,-1.601206948272723585e+00
3.348923818423547694e+00,2.466738331958090669e+00,3.257632316515792326e+00,2.881727536747571872e+00,-2.078833104198062998e+00,2.891129935956378461e+00
-2.300160139632421608e+00,-6.086216110921878197e-01,-2.222656283811738742e+00,-2.388832797400552099e+00,1.312108613595575957e+00,-1.647253058630895106e+00
-2.820431248272768254e+00,-2.142458169237526633e+00,-2.363953759721379999e+00,-2.421443126542148772e+00,2.259085373776943406e+00,-1.671353715396996398e+00
-1.992170721824361834e+00,-1.690076033981612547e+00,-1.785818643962089558e+00,-2.373024764010985610e+00,1.548182927839108380e+00,-1.636247043300472104e+00
1.404335461043250355e+00,2.469603844451905061e+00,7.715292261897266357e-03,-1.225054346629451230e+00,-1.746722488565304765e+00,-4.905450916706615705e-01
8.147001115823178097e-01,-8.199322894991221133e-01,9.473171310375714249e-01,-1.772592459811540788e+00,-1.632295579984131884e+00,-1.135527479022041097e+00
2.089540552962557918e+00,-3.211635186256066365e+00,6.572860530228854081e+00,6.875941096389310836e-01,-1.906979718297378446e+00,2.212043174364704434e+00
-1.776855595937402388e+00,1.257684968510710988e+00,-2.567180871558568001e+00,-2.354147375577197110e+00,1.224414355694929402e+00,-1.636070098677741225e+00
1.209718874725872695e+00,-1.011177750039175205e+00,1.451134638779880692e+00,-1.337395512077167448e+00,-1.694896081887965922e+00,-7.312309511959237396e-01
-2.354934566427342446e+00,-2.086300818174999350e+00,-2.555977541477114201e+00,-2.392450633519267011e+00,3.374555524074376311e+00,-1.638118805716473725e+00
-6.313326948000663741e-01,-3.029633365562073521e+00,1.611763199254796275e+00,-2.174949080883919805e+00,-4.557328967075076620e-01,-1.542632265155339244e+00
5.799042082638461437e-01,1.824295839493147220e+00,1.428466564522032911e-01,-1.788963140913706562e+00,-1.495020320294730309e+00,-1.172478341995318640e+00
1.447780031336521667e+00,-1.561278907998112198e+00,9.744711266094846502e-01,-1.202929944487373781e+00,-1.809786893278333197e+00,-5.583375525189679944e-01
2.735914710663011284e+00,-1.667486679631844382e-01,2.675195013959610790e+00,2.403417234633415944e+00,-2.011591830696051630e+00,2.352168504069587662e+00
-1.741584151324613305e+00,1.195262550245450583e-01,-1.915262269707508791e+00,-2.339001533095252938e+00,7.712005131063590646e-01,-1.633536184197933228e+00
1.989891988925775124e+00,-2.519792427252132150e+00,6.443074430094776872e+00,1.005299096601036446e+00,-1.882956248704052538e+00,2.886876838896515807e+00
-2.031416970142589484e+00,-1.291367913118239397e+00,-1.767517146674002948e+00,-2.377979072856598819e+00,1.440095881472164052e+00,-1.649552887129861700e+00
-2.003506394654114064e+00,-3.339924579268648497e+00,1.550067998430653571e+00,-2.374931244953312426e+00,1.596478733632492819e+00,-1.650801286661899736e+00
-2.982600527654059697e+00,2.262419453902960065e+00,-4.712507037691645806e+00,-2.440896273366761182e+00,2.366446470255109791e+00,-1.679716609189877863e+00
3.045363696818841781e+00,6.366020463248123207e-02,2.401242318443290280e+00,1.876708765400313172e+00,-2.045139725853591273e+00,2.190399234988992028e+00
1.019615122713510402e+00,9.056611393525049181e-01,-3.280933339119818104e-01,-1.569743636936424824e+00,-1.679416940487715060e+00,-8.831150511877183806e-01
2.856157732852694586e+00,-2.158336846256458497e+00,5.670381842090867153e+00,1.759178187274184513e+00,-2.010357009132937467e+00,2.580101184365924727e+00
-1.728855235485120545e-01,-1.194961454901902531e+00,1.228893487533268658e+00,-2.033931618095913052e+00,-1.015878925338384864e+00,-1.454863013552203155e+00
8.097525930460260923e-01,1.298861708265800274e+00,-1.020633887655725047e+00,-1.742050698550137611e+00,-1.550502509174781718e+00,-1.260008614072622990e+00
1.895682773496294438e+00,-1.667201572635192974e-01,2.638755904245552841e+00,-3.759476163480901523e-02,-1.879195778449049614e+00,1.357906429790858072e+00
1.877215047343709031e+00,1.499492030904363560e+00,2.118170988822988043e+00,-2.168457462943934322e-01,-1.872488640072126564e+00,1.537882835058088871e+00
1.182066616498659073e+00,9.497357523303149307e-01,-5.465455529906759757e-02,-1.554560753202545387e+00,-1.709169085243405162e+00,-9.972350425091165427e-01
2.694297524892050433e+00,-1.068214971468884222e+00,6.231636551786562173e+00,2.449415811395280862e+00,-2.000208805605943496e+00,2.714739529534662577e+00
2.558324104041285629e+00,-2.035563348830906172e+00,4.263682228698683296e+00,1.572868852699780495e+00,-1.961924338699311710e+00,3.026639081107766582e+00
-7.424360627373363108e-01,1.674581837462876699e+00,-1.351848668803600662e+00,-2.244980720652534512e+00,-4.444766553059102399e-01,-1.565743933966169177e+00
2.001392405369184502e+00,7.681815259238300442e-01,2.531918982904281190e+00,6.978282151596855165e-01,-1.915110030088430504e+00,2.128631326096309007e+00
3.438452757913540658e+00,-1.374901383509437025e-01,3.941542613481868074e+00,4.204514313747438337e+00,-2.086849961665250941e+00,3.376684502243960218e+00
2.375181924432017588e+00,-2.989829486318142937e+00,9.225496481924896131e+00,2.144399604219899391e+00,-1.970345317242772065e+00,2.952921566582097590e+00
1.730612411662413308e-01,-6.873271995351633024e-01,-2.203293996085669559e-01,-2.015473669622693365e+00,-1.327910266148351504e+00,-1.422316844337403463e+00
7.375940232702360433e-02,6.152853677230254448e-01,6.956765640687168073e-01,-2.084792098422023177e+00,-1.334414725601394736e+00,-1.467606523913167482e+00
-2.177918984624726217e+00,-1.505116169221249578e+00,-2.227894394556197533e+00,-2.370942769929190952e+00,2.043590109051186765e+00,-1.643218599701744109e+00
-1.106993405651889084e+00,-1.746184540769938787e+00,2.127669898072867660e+00,-2.277054413682531031e+00,-2.161895623670210265e-01,-1.598604703179005826e+00
3.055925745163993845e+00,8.993214849682793499e-01,3.302689152514136417e+00,3.566367182798496405e+00,-2.050648597242982429e+00,3.203151884197770638e+00
3.204363005675374687e+00,1.722812365622156783e+00,3.500567990658939532e+00,2.027345359193162277e+00,-2.065872907060984254e+00,2.352998715660928220e+00
-1.510219892698684507e+00,1.715542256386852316e+00,-1.661748252622456068e+00,-2.316614257455770876e+00,8.328200899520159517e-01,-1.613290543157354762e+00
-1.897391740086268097e+00,-2.227606575662438804e+00,1.716549156695412748e-02,-2.304812283849323684e+00,1.053695932483608599e+00,-1.588243257590487234e+00
-2.474536469632985014e+00,2.692020726968479494e+00,-3.085030132835961503e+00,-2.408707718450115998e+00,1.471638751552432289e+00,-1.665808924087297527e+00
3.172526516836514432e+00,-2.524343936084584961e+00,6.043342785785651650e+00,2.144677795954045951e+00,-2.060909730588289968e+00,3.111619593085111823e+00
9.191148962358530738e-01,-2.155686732721640020e-01,1.260708046677965877e+00,-1.463597114552805944e+00,-1.645436451856831406e+00,-7.647226920886972534e-01
-3.489431194909087264e+00,-3.248302583263579013e+00,-1.314640030906494950e+00,-2.468074424125856758e+00,2.478535555356889297e+00,-1.693476112013790891e+00
-2.068955743393617652e+00,-2.034650828702216252e+00,-1.810455026413412272e+00,-2.380704019667506888e+00,2.025903049051649862e+00,-1.654696490482539195e+00
-2.751729252006564153e+00,1.929451060910053251e+00,-3.964705999582751605e+00,-2.429377552576855948e+00,1.783937946500359528e+00,-1.676790314377804458e+00
3.066215778965557526e+00,-2.053488822173573425e+00,6.258911609154149680e+00,2.006291651328813153e+00,-2.034119888244806607e+00,2.423728168325230747e+00
2.131317134099955268e+00,3.176994913173905033e-01,2.345271068626353372e+00,8.372075398346620068e-01,-1.918074333939624010e+00,2.828110761986968313e+00
3.314913310491340859e+00,2.104242404082231843e+00,3.460139668904150589e+00,2.330325198423785160e+00,-2.075124222511285144e+00,4.006198286511616580e+00
2.773807089681629812e+00,-1.061696238979508156e+00,5.437067662444084348e+00,1.638895360485783659e+00,-2.006438355040132127e+00,2.375599286308534008e+00
9.947601690104797001e-01,3.168651548300894127e+00,-1.104572419923158577e+00,-1.689951406772774112e+00,-1.692096067807538740e+00,-1.166731124815524101e+00
-2.939870829412064346e+00,-2.193959579171790963e+00,-2.636524497571645753e+00,-2.439290311143919698e+00,2.874692416023861163e+00,-1.680313271432543054e+00
1.198891719115424692e-01,-3.797649238892528700e-01,2.319514910056210688e-01,-1.944599725783804134e+00,-1.244081223581057438e+00,-1.315769353370185968e+00
2.929677950491895722e+00,2.590820427108448065e+00,2.492225807872461729e+00,1.861386915212454474e+00,-2.022364973185160064e+00,2.221925237101568307e+00
8.721148131969211903e-01,2.093912243846339116e+00,5.136684403210489691e-01,-1.653902997781032891e+00,-1.669045142167157714e+00,-1.117637651414621125e+00
-8.496168768940641769e-01,-2.118890962464281102e+00,2.253267285123657260e+00,-2.213868137870823816e+00,-1.791133111264077149e-01,-1.572308859385511237e+00
-1.427121909786126519e+00,2.647381464065391654e+00,-1.876277503106997369e+00,-2.311758058744870947e+00,8.600575113319188780e-01,-1.609135655465135262e+00
-4.292716776035225834e-01,3.117073065688817479e+00,-1.421692393194022852e+00,-2.198662693556322711e+00,-1.042441608919789875e+00,-1.558358256002355224e+00
1.753418674590525583e-01,1.347392863810474850e+00,2.142724434754308405e-01,-1.978924631861841421e+00,-1.338674937836021428e+00,-1.417832319383256712e+00
1.621538888729393335e+00,3.431448439049493260e+00,-5.012886209079324695e-01,-1.013094107497285012e+00,-1.849696031688135678e+00,-1.229054061518741747e-02
-2.321518804882819254e+00,2.698868848587579805e+00,-3.701524898778738581e+00,-2.396990832530179194e+00,1.642535002790892928e+00,-1.658732928800271011e+00
-2.722176676362915160e+00,-2.343196505375625627e+00,-7.493626554734220679e-01,-2.428439519598928342e+00,2.074088156719643194e+00,-1.675203026666988615e+00
-1.016463210007231055e+00,9.928146714939973805e-01,-1.352886567431964782e+00,-2.249546308568517894e+00,-9.487859958324584841e-02,-1.592114610652588524e+00
-1.002277279872584526e+00,-3.427640385967924086e+00,3.287077706020195667e+00,-2.238116299319850899e+00,-2.161115305846026402e-01,-1.567635079026407974e+00
2.965226702489737853e+00,-1.186991202039029414e+00,3.887949543724778856e+00,2.493540896026179787e+00,-2.035388548701111411e+00,2.450099634866839349e+00
4.714824562568447064e-01,-1.979460600034347983e+00,1.260253759270931528e+00,-1.969192006326538680e+00,-1.527460002535525607e+00,-1.411403960910771360e+00
3.306425914198046101e+00,4.056014918272987657e-02,3.503588478910808490e+00,2.207568789629110739e+00,-2.072565754183275377e+00,2.787611925963987325e+00
7.434576076394883160e-02,-4.266893564687386231e-01,1.210368194987347268e+00,-1.990708411064538774e+00,-1.252644045281805507e+00,-1.336059779410097459e+00
3.474671741242720380e+00,1.663142363162561033e+00,2.440058497794118875e+00,2.294758035714212774e+00,-2.090368543203090290e+00,2.917667743413746351e+00
-4.786706668194407044e-01,-1.260417443774240809e+00,3.912962828132042770e-01,-2.186580591568966447e+00,-8.997264638248401170e-01,-1.555722688107542995e+00
8.671409305574018234e-02,4.458884790576878032e-02,-1.313038163482446175e-01,-1.965857569724114962e+00,-1.330770574001749251e+00,-1.349603279381682119e+00
6.144486591082980453e-01,-3.405616608775561716e+00,2.093751139959364682e+00,-1.849147238963406936e+00,-1.574691646362662789e+00,-1.215925356635138455e+00
-2.187570858945506735e-01,-8.476870376079941316e-01,-6.409873071176701576e-01,-2.117495627264506464e+00,-1.154640639120890988e+00,-1.510964143709682572e+00
-3.137461086616569528e+00,5.460867883909976683e-01,-4.730509301236438091e+00,-2.448897478308395659e+00,2.722581710700996638e+00,-1.682566214706741725e+00
1.580419696517433081e+00,-1.377918639564676972e+00,1.630472239437871229e+00,-9.361637503706805585e-01,-1.725943892439976368e+00,1.571670184374909518e-01
1.189722525809648879e+00,-1.562744255962898787e+00,1.522866259257410704e+00,-1.546356209635234347e+00,-1.739232933696966077e+00,-9.895160314638329346e-01
-3.267676935403609484e+00,-1.257244099142364568e+00,-3.680642410496183459e+00,-2.455401478538462356e+00,2.401470778777567983e+00,-1.687838169190089888e+00
-2.360063030524413463e+00,1.613124819713067204e+00,-5.293267556977002464e+00,-2.393315330790025897e+00,3.050634925330718339e+00,-1.656337515236881330e+00
-5.608834619706577485e-01,-2.883040835542987068e+00,2.367956808466803675e+00,-2.174199337738013327e+00,-6.569739671123722147e-01,-1.521069353907307908e+00
-1.638302853785495117e+00,2.530307572457380694e+00,-3.280977934359255777e+00,-2.316320324141677212e+00,1.419450727680697799e+00,-1.617970788328430887e+00
-2.399159081034297980e+00,1.447421338167627525e+00,-3.128501873053092019e+00,-2.405473262554006730e+00,1.530017497083824063e+00,-1.659977690492078661e+00
-8.510875286509533844e-01,-3.063668970354424204e+00,1.326944285623504305e+00,-2.251121649280072745e+00,-2.144895146338487990e-02,-1.569346206187012926e+00
-1.793621967700609554e+00,-1.604596187293544585e+00,-1.126114937000787686e+00,-2.355871841253721399e+00,9.826427277150882045e-01,-1.639493547936573536e+00
-1.437726259541396434e+00,-2.672228277451180745e+00,3.897594025279516039e+00,-2.327272593807435452e+00,4.328070177349804259e-01,-1.621195975475782092e+00
-4.505058491520772534e-01,2.269884312278707128e+00,-9.095332757277179159e-01,-2.158020245414734362e+00,-6.219229266884902518e-01,-1.496202966771014831e+00
3.146394775018795720e+00,-2.462218016332639703e+00,6.550470757687280710e+00,3.322901978324889427e+00,-2.055631102332480697e+00,2.595378026393629689e+00
1.400850315209160257e+00,-1.121931878427269158e+00,1.713926477826858807e+00,-1.249660352453553003e+00,-1.755613804976928316e+00,-5.214271577458371443e-01
7.789053130065148878e-01,1.970181770282955824e+00,-1.203532467643294579e+00,-1.793591677577600185e+00,-1.596432629201022912e+00,-1.269445655766233250e+00
-1.184213513009759300e+00,1.454523868237555639e+00,-2.593270784200361057e-01,-2.292027991751445004e+00,5.426290909476853830e-02,-1.605141203209023981e+00
-1.577317919364506160e+00,-3.483193787547436138e+00,2.375157572906619663e+00,-2.332432944909980765e+00,9.406742450210898721e-01,-1.625013927327757290e+00
3.394562281137865511e+00,3.402120135837924053e+00,2.099270314308506968e+00,2.424725210331048597e+00,-2.083681985800067693e+00,2.237451673254462481e+00
2.328363302229397469e+00,3.446118371415172632e+00,2.159552313269216040e+00,1.387613691403828620e+00,-1.931522784606757970e+00,1.985853293163067468e+00
-3.805233879955665088e-01,-2.418632409932114591e+00,2.345606104955438198e+00,-2.180562072007026675e+00,-1.043679418745781629e+00,-1.521450326271949205e+00
2.100118173953452683e+00,-1.435654645100680860e+00,6.005887894437591967e+00,1.265638363083473772e+00,-1.903393506443838312e+00,3.009606294815138749e+00
7.632399553361244315e-01,-1.331315269497861387e-01,-7.912078396925567025e-01,-1.795360939131136480e+00,-1.579074511041661522e+00,-1.204383761851597123e+00
1.775438500947648990e+00,7.724490114156274956e-01,1.361288509399942059e+00,-6.203081353397169595e-01,-1.877856614278495817e+00,7.054056524896328284e-01
3.009035713361054576e+00,-2.640063700179373640e+00,6.550091700443842591e+00,2.053385980565989311e+00,-2.035397637027064111e+00,2.173964385188378312e+00
1.469476246011714338e+00,3.417852977358031730e+00,-5.226541157670187010e-01,-1.245537330612052518e+00,-1.774798939880819937e+00,-6.562631665727244323e-01
1.123164092644680423e+00,1.005373110537299830e+00,-5.407113416851697663e-01,-1.578191309442727119e+00,-1.569370876922679514e+00,-1.057305043680626389e+00
-5.559065795952098377e-01,2.303870693803182768e+00,-1.480421883494443813e+00,-2.214331970788376402e+00,-7.533519011760422268e-01,-1.567175774144422773e+00
-2.165775455512422898e+00,-1.650035419311279838e-01,-1.781473122182440028e+00,-2.386864326888736176e+00,1.309204097283183543e+00,-1.650501919548611252e+00
2.089948172075516197e+00,-2.523552326359423503e+00,5.955016040933022836e+00,1.459828013641982558e+00,-1.898028350177760837e+00,3.501956424763414955e+00
-2.032302711839328424e+00,3.049441896949109498e+00,-3.455325529651049887e+00,-2.367669322203800775e+00,1.439084350736811180e+00,-1.642397750214958263e+00
2.346632433762667169e+00,1.216254617556804085e+00,3.761127570166569178e+00,2.170331291676082408e+00,-1.965634278300426141e+00,2.563241644059726987e+00
-1.238755291502161793e+00,2.721583089791479892e+00,-1.508770902846300332e+00,-2.284003300519179991e+00,1.667993422293344574e-01,-1.586589994174382179e+00
2.666647412096819991e+00,-8.680984784867304960e-01,7.206074583913469667e+00,1.560556847741303432e+00,-1.981948742532033014e+00,2.669064865276307152e+00
-3.938586537834787293e-01,4.285728923063776286e-01,-6.550745276700256081e-01,-2.190605230142064208e+00,-1.064672399623143750e+00,-1.502369827243156708e+00
1.043340099365935636e+00,3.422282215108900516e-01,-6.940341014091155891e-01,-1.623628443481219374e+00,-1.567637949581373924e+00,-1.150964015563228804e+00
1.585523871608954138e+00,-1.323535938701888348e+00,6.721180974430971400e-01,-1.040346697966555878e+00,-1.786445436627201344e+00,-5.490793971361268566e-02
-3.189301258185750498e+00,-2.191057892166403231e+00,-1.842361306581936642e+00,-2.453769408265067398e+00,2.200789298344978384e+00,-1.686547315064361285e+00
5.452237925190495105e-01,-3.378028454074023301e+00,3.379054986780340997e+00,-1.843562841241108918e+00,-1.549402240600195935e+00,-1.296695298227965587e+00
-1.080586276846631222e+00,-2.509855183214438679e+00,1.293385375950208527e+00,-2.270616689000411803e+00,5.298450587420532321e-01,-1.593858145363490353e+00
-9.520182303089841369e-01,1.997394641388346770e+00,-1.079697135479652292e+00,-2.263661840874578779e+00,-4.707206762356178631e-01,-1.547914689924696940e+00
-1.537676571916558599e+00,-1.234455139958005265e+00,-1.141327509249832950e+00,-2.342721728250725555e+00,1.283801310508901672e+00,-1.632344783002792843e+00
1.678188296317132178e+00,-1.549814038180567177e+00,3.719992718839645107e+00,-6.265496957701215397e-01,-1.833162409925940040e+00,1.031814256096435400e+00
6.065460833829359188e-01,-1.940312829863047650e+00,1.847988517275450659e+00,-1.865580905736439199e+00,-1.470114967529820404e+00,-1.323077045936839724e+00
2.294769984955125075e-01,3.801253122329169010e-01,-7.985731640140735221e-01,-1.965338121829757201e+00,-1.207197727540114895e+00,-1.400366526602243145e+00
-3.359560015907083752e-01,-6.550106179731716161e-01,-8.563942303025749991e-01,-2.162654568503041830e+00,-8.371732901056971876e-01,-1.536098566615698102e+00
2.988268010690620535e+00,1.392054336056629538e+00,2.828770159097493853e+00,2.561995113583309447e+00,-2.041146555497834747e+00,2.638476921663319708e+00
-2.485437988710024637e+00,2.576126548050660325e+00,-3.210410971512374978e+00,-2.413105890077198890e+00,1.531942493914097092e+00,-1.664740027798566446e+00
-2.258670610753692021e+00,-3.281354155016050989e+00,2.218468819131674596e+00,-2.397567106943077508e+00,1.513631884767388192e+00,-1.659471024902679170e+00
4.489221428057139640e-01,1.796908806459559749e+00,-9.695930433742239174e-01,-1.953984725741189976e+00,-1.399336920899628023e+00,-1.369503907411848465e+00
9.960332420791262464e-01,2.744734337517629186e+00,-6.711906655605399674e-01,-1.288339113689867865e+00,-1.483641283196317495e+00,-4.913461029698219518e-01
1.279559878558248265e+00,3.245853252094029529e+00,-9.273822029216991503e-01,-1.155976755780023790e+00,-1.700222595505363143e+00,-4.779956649124804668e-01
-1.810789223657729430e-01,-1.923039165444315302e+00,3.124737770174852436e+00,-2.114344676209746421e+00,-1.022779107901229390e+00,-1.516189997178524873e+00
-3.369623371958139213e+00,3.881888717720416437e-02,-3.004071966743585786e+00,-2.462390685299397752e+00,1.691079697945287563e+00,-1.690894585055486621e+00
3.131565121958615805e+00,1.536165098054260270e+00,4.313247497387872720e+00,2.244985259558061053e+00,-2.054343366295962703e+00,3.788669836491092013e+00
-3.005164184714143261e+00,5.778211339754406595e-01,-3.758769238269232371e+00,-2.440675778063970736e+00,1.897662266563541422e+00,-1.681077006297827747e+00
-1.179226400094267824e+00,2.240326950340771894e+00,-2.315544735047931457e+00,-2.304848223655310058e+00,7.553633470414228279e-01,-1.613671491922417545e+00
2.442666426473389940e+00,-3.431476437868903329e+00,8.797460044484445518e+00,2.185499752862902323e+00,-1.955262950375409536e+00,2.658579602152723265e+00
-7.796082911320163511e-01,2.736981998253279258e+00,-1.329172073052713010e+00,-2.214220957538360235e+00,-4.988053282732167748e-01,-1.537019391640643828e+00
8.665930438353566245e-01,9.472168398357236896e-01,-1.138224598705366519e+00,-1.664903098595795328e+00,-1.533810202793775224e+00,-1.096081108702394946e+00
-2.074820368626237865e+00,-3.348320712952030043e+00,1.492890286106723918e+00,-2.387284719482581252e+00,1.559721861467211923e+00,-1.655272560931227765e+00
-1.595314132568354637e+00,-3.112133863531549416e+00,1.397409808226488970e+00,-2.343834869774450880e+00,8.473137582547199953e-01,-1.634353168778084120e+00
-1.034524483541895634e+00,2.162058575231338153e+00,-7.427975596779226031e-01,-2.239090750314668199e+00,-1.671877030935894071e-01,-1.577499007188861491e+00
1.657318222143614683e+00,2.083672825647509441e+00,3.047526529992067523e+00,-9.080091054568965037e-01,-1.821272577134798842e+00,1.335266598207913991e-01
-2.437728939385800153e+00,-1.043565058613486141e+00,-1.378038918723648365e+00,-2.412005031464059535e+00,1.431454957784341619e+00,-1.668473653316228544e+00
-8.072972908194810948e-01,2.656647516142773391e+00,-5.418592944773259479e-01,-2.164545508386179762e+00,-3.933111875921977418e-01,-1.535726790380029572e+00
9.571708672983572086e-01,-1.976215237118132517e+00,2.872440782266497017e+00,-1.671448229539633346e+00,-1.620213954427592640e+00,-1.122067494339474614e+00
-2.510637932323310562e+00,-2.577761700116480093e+00,-1.743962459540858267e+00,-2.405559025339791379e+00,2.361350561251835067e+00,-1.659992858831611962e+00
3.189818071474572747e-01,-2.415062407993455729e+00,1.713501253657406576e+00,-2.005882448895565773e+00,-1.470905867959350299e+00,-1.376158242222407457e+00
1.520949369461504830e+00,-1.202850844795044338e+00,1.302780302311048910e+00,-1.023139792790469738e+00,-1.791044899920902767e+00,-1.397172495097571132e-01
3.639929571695468269e-01,-2.170262564014715068e+00,2.023423283165966424e+00,-1.812363970169190930e+00,-1.475035368874123565e+00,-1.287339503984576750e+00
-3.372992404197578953e+00,-3.388916873461830015e+00,-3.147908239921408668e-01,-2.462320759139361215e+00,1.699643518104756001e+00,-1.690978243881195553e+00
-9.473012719524618319e-01,3.333420219037952492e+00,-1.554816366453767307e+00,-2.277156614401879775e+00,-4.943083797213385644e-01,-1.581309714388260179e+00
3.710878623697544398e-02,-5.918331066065127821e-01,-5.196414646770286527e-02,-2.066224870241040623e+00,-9.555820335973082003e-01,-1.459818892475040153e+00
3.044403721176960786e+00,3.225542178087073886e+00,2.036993375751760205e+00,1.856226101195549649e+00,-2.026853243846586938e+00,2.180205850708817561e+00
-2.581130500131552541e+00,2.629839676723971564e+00,-3.888468748301470601e+00,-2.418957255889988112e+00,1.646223476376703854e+00,-1.671676798299485789e+00
-2.684671256011849749e+00,3.803104441899707311e-01,-3.778895904374434789e+00,-2.416400896469735660e+00,1.816816030095460999e+00,-1.670841332291367776e+00
1.184752668905061590e+00,-2.088539660497706674e+00,1.850837773390189733e+00,-1.541223488536409114e+00,-1.684691174681031134e+00,-9.880119332615152627e-01
-3.053452507524342163e+00,-1.622856550379812468e+00,-1.383242563840295869e+00,-2.444726303815192292e+00,1.706508722270688283e+00,-1.677753920415788969e+00
8.843364559169968331e-01,3.168885557171522649e+00,-1.051983905481238768e+00,-1.762361337128391270e+00,-1.621011518711650723e+00,-1.184926688331845224e+00
1.959804012056307165e+00,2.178523046775085348e+00,1.872474195025592536e+00,2.375153831621332479e-01,-1.902013706755913969e+00,2.020129020611986626e+00
-1.919444926732918111e+00,3.395727962263474176e+00,-2.547055346146323007e+00,-2.371297868750096960e+00,1.336917793741070559e+00,-1.640852545262278861e+00
2.420531077355003724e-01,-1.842325568537919622e+00,1.627082746466663732e+00,-2.040965743682093603e+00,-1.427248791195261823e+00,-1.466340154819185004e+00
-1.874778928768287223e+00,1.190333990555427768e-01,-2.927126153355910532e+00,-2.346704012065579548e+00,1.631959018386952120e+00,-1.624640816416600408e+00
3.244722299887929928e-01,-3.033400827733232497e-01,2.461391588702583899e-01,-2.003292238826918759e+00,-1.356951256288809748e+00,-1.383711146779294854e+00
-3.496868030699489260e-01,-1.004641786881004251e+00,1.106560700216396187e+00,-2.148824764425929512e+00,-8.911680001613357938e-01,-1.498868281380767886e+00
9.152192726148671298e-01,-3.839132546395420675e-01,1.336891872986509355e+00,-1.722962658993467455e+00,-1.628979186314253536e+00,-1.229741024201840505e+00
-3.157371543453013629e+00,-1.365601571721837271e+00,-3.134411537893569299e+00,-2.450225178393250935e+00,2.013264325398324228e+00,-1.683832690735721282e+00
3.826696755902645464e-01,1.043680343046262671e+00,-3.022006993274271025e-01,-1.894268289315252263e+00,-1.427911837164611342e+00,-1.367792856680299041e+00
-3.352195712478684975e+00,3.362068246346927580e-02,-3.916623730538101089e+00,-2.461891714525527242e+00,2.095105779826706094e+00,-1.690535521663071528e+00
-7.374003903775032676e-01,2.336211943730868157e+00,-1.330887143520494531e+00,-2.230137292684119199e+00,-7.578734210551291151e-01,-1.532738811207726926e+00
-2.392927678310573736e+00,2.229854619500879487e+00,-4.820059711986473872e+00,-2.395574629305499581e+00,2.508091919505205603e+00,-1.660226388985242441e+00
-2.030855935784580346e+00,6.008041446866823065e-01,-2.584361293507543955e+00,-2.383849032088775299e+00,1.360347582279357148e+00,-1.650917333533635789e+00
-2.982153996681569108e+00,-2.431993515281726026e+00,-1.196025257671640807e+00,-2.443564996273823731e+00,1.809237772234282060e+00,-1.680904172513979500e+00
2.437129026423683342e+00,-1.412906104441176147e+00,4.393092722225571123e+00,1.717537768971104661e+00,-1.976597737625642726e+00,2.448997421540794139e+00
3.329202729381448123e+00,1.618401986882204824e+00,3.038454796976123973e+00,2.666533679617337782e+00,-2.077551098936986751e+00,3.264274487285693027e+00
1.509078441030945683e+00,-6.476615944809216430e-01,9.273269200912228616e-01,-1.167175395440038788e+00,-1.772698157481919612e+00,-3.130688078272111374e-01
2.068272181534966947e-01,-1.317459940592646817e-02,4.196644032818772629e-01,-1.998082907017159071e+00,-1.374382167272031774e+00,-1.429922477299088168e+00
3.490697791023972485e+00,2.444548543942704377e+00,4.527505455511668941e+00,3.494796071663833992e+00,-2.092398912541673095e+00,2.610785704467301294e+00
-1.999138801464640958e+00,-5.667127393639677102e-01,-3.814926951335942729e+00,-2.358226798395522739e+00,2.162881024874397706e+00,-1.640398809797966262e+00
1.853314581514668546e+00,-8.830216087646656220e-01,2.563682628692437682e+00,-2.288700330063801747e-01,-1.875720480773300558e+00,1.646045750922368711e+00
1.668664484490517630e+00,3.358833627387979526e+00,1.756626163148730546e+00,-3.395132362185492303e-01,-1.829505929808626918e+00,1.200148880284241715e+00
-3.108684381320771628e+00,6.842211746739454981e-01,-4.264862790875343812e+00,-2.448418984246840235e+00,2.106623434865691369e+00,-1.684849120659987376e+00
-1.703378887528772090e+00,2.282937510777607315e-01,-1.852723699477187402e+00,-2.324799077000433201e+00,9.647818827086350746e-01,-1.621554445836579816e+00
2.203069731832840716e-01,-1.539805606692101758e+00,7.806430518421777487e-01,-1.973652740310444687e+00,-1.437436142422288565e+00,-1.382638736743273533e+00
2.391606098355623544e+00,-2.484438259680873617e+00,5.973107978883876790e+00,1.358289380891635201e+00,-1.959323587331868621e+00,2.573061608984141380e+00
3.177331021767493269e-02,-1.736407185192923031e+00,3.592510007626931179e-01,-2.065890354476835444e+00,-1.190879457627842752e+00,-1.419011192043787783e+00
-3.476447957297723601e+00,-2.856405440520596528e+00,-1.272206301828558539e+00,-2.467475555070039572e+00,2.017289766912286453e+00,-1.693217595916541418e+00
1.247788778873137439e+00,-3.048220130801755356e+00,2.652223979588637981e+00,-1.397312310385357748e+00,-1.753639876448400248e+00,-8.309329299674363956e-01
-1.271419456765851663e+00,-2.939055930775393843e+00,1.921235863515201814e+00,-2.312626031131297388e+00,1.653754717367809102e-01,-1.598648017067102689e+00
1.812179431768932147e+00,-2.215477438575794267e+00,7.981140944944502991e+00,-4.465435828053385681e-01,-1.824183685032223501e+00,1.870197302219980706e+00
-1.745878907015864900e+00,-1.332960068719254654e+00,-2.596171646227418695e-01,-2.343227929414116950e+00,9.578789273077029653e-01,-1.628051861676274470e+00
7.150459541102334171e-01,-1.996645390844237422e+00,9.905645585803604103e-01,-1.821395698354263626e+00,-1.585733044408219605e+00,-1.174018494619353925e+00
3.252825371855056602e+00,-1.202258724667165879e+00,6.946724967694009933e+00,3.863101835864767963e+00,-2.061871561268608488e+00,3.244200651598933227e+00
1.503381335865191737e+00,1.606195902378952489e+00,-6.290748158549352986e-02,-1.136721193309914391e+00,-1.819955228672784475e+00,-4.066835371121151343e-01
4.759613770992690007e-01,2.042532726624994410e+00,-6.814281873992634742e-01,-1.826138221189791189e+00,-1.497730881946571113e+00,-1.327301739299914463e+00
1.095902435779967377e+00,-2.235891507731473382e+00,2.638778350552954954e+00,-1.297548409273699965e+00,-1.644842339097711825e+00,-6.455256147336607686e-01
1.735428889570895805e+00,-1.007548779257399829e+00,3.916557171752759636e+00,-7.117638549948427373e-01,-1.849538352593309787e+00,1.103280014322212343e+00
1.695987301647523537e+00,1.578264823994056876e+00,1.316805828074340212e+00,-6.932823754509312986e-01,-1.816876675844549816e+00,9.143151047807046572e-01
2.384726416411022676e+00,-2.766455312896930252e+00,5.882369602311888102e+00,1.211951959733265527e+00,-1.957328973713847509e+00,3.029746552288394845e+00
2.241199077396020201e+00,3.146447697883234973e+00,3.181091727729008500e+00,1.379006959284083234e+00,-1.951218555082065320e+00,2.818853123554537543e+00
1.999728905278217006e+00,-2.766312764993035245e-01,2.106947647250961175e+00,5.902302670861860889e-01,-1.885549887864445440e+00,1.745551223827011222e+00
5.819823788259084196e-01,1.971978658415722840e-01,-8.463069226818447088e-01,-1.915719231625079289e+00,-1.416469475402625910e+00,-1.324665408917226284e+00
-7.556372612404977929e-01,2.347077867854370226e+00,-1.470450464884863084e+00,-2.223368370087678958e+00,-5.457905875254109862e-01,-1.578355728788614298e+00
3.312660128797153547e+00,2.372098829782589569e+00,1.697871355260440307e+00,2.429240466514680730e+00,-2.073700880452713946e+00,2.452518085242937573e+00
2.577350175153799050e+00,8.798327279058968386e-01,2.358561648941978728e+00,1.711269188054812762e+00,-1.989467197080964533e+00,2.137955098015700273e+00
2.509844726200880949e+00,-4.091650666112078838e-01,2.391773956524242628e+00,1.734099482981385609e+00,-1.978135534415655927e+00,2.313182870606840247e+00
-3.015386803345978972e+00,1.697226501490100681e+00,-5.686064026878722366e+00,-2.438243109970072098e+00,3.887068050742238157e+00,-1.677196260302896480e+00
5.480878729699352192e-01,-5.659319348361373514e-01,8.953182886256667583e-01,-1.857982520091371548e+00,-1.408138008746584457e+00,-1.353688185431121349e+00
2.832053988922248244e+00,-3.414118377397837634e+00,5.356685974899011882e+00,2.405571897470902165e+00,-2.024046769389318712e+00,2.225377464077168632e+00
-1.856224045355840513e+00,-1.015937605025231338e+00,-1.705854857648287481e+00,-2.357857945568371250e+00,1.315326803852030713e+00,-1.644348145699776609e+00
-1.184911652810918703e+00,3.092074182787695413e+00,-1.771375365822617232e+00,-2.278334235198130830e+00,3.164665805395973086e-01,-1.562458171993357681e+00
-1.881586763032387255e+00,-1.576915536670441931e+00,-2.464783018913501600e+00,-2.351341138937106834e+00,2.017595996333652497e+00,-1.638596839796479188e+00
3.494224076027456327e+00,-2.496060680344004190e+00,9.407034243661337669e+00,3.551263073070432874e+00,-2.092820528310399553e+00,3.517475174472541433e+00
7.842765956001711558e-01,-2.571390207724304044e+00,2.414175509914942452e+00,-1.793242882486488554e+00,-1.621196779733615534e+00,-1.232894950811946666e+00
1.995818586286795870e+00,3.272574135305187149e+00,2.914463679031532806e+00,2.574086723612262206e-01,-1.908931968276417201e+00,1.973148322577191749e+00
-2.313112416104146085e-01,-2.548061929951679794e+00,2.806030803045540090e+00,-2.160441812869590805e+00,-1.138536001472897796e+00,-1.532066999065539781e+00
-3.184445007209049106e+00,-3.443894387094986520e+00,-7.663176655949943683e-01,-2.453008450437333288e+00,2.441547224048048914e+00,-1.686602778741063124e+00
2.472182729217703212e+00,2.641483707847486428e+00,3.761440310749394111e+00,1.392770283812198695e+00,-1.960890436827515293e+00,3.660204566456521036e+00
3.012710630435960546e+00,2.788593465720204279e+00,2.614571273306592669e+00,2.301840346624789646e+00,-2.036701649000290271e+00,2.562577432246134546e+00
5.458671285578642340e-02,-8.710873762627473482e-01,5.993301300091526951e-01,-1.960006988930401040e+00,-1.262347207532818816e+00,-1.331891582090170667e+00
-1.354067406639610560e+00,4.870543251074099800e-02,-1.995412719312714023e+00,-2.316511931560965909e+00,1.117025754909886537e+00,-1.620573601907637329e+00
1.128313841213956614e+00,-2.530367527071976319e+00,3.099605426296089039e+00,-1.484835479920792345e+00,-1.729186195412696581e+00,-1.002534429510177683e+00
8.748750014501158745e-01,-2.806761265335505406e+00,2.025681722949739694e+00,-1.750142589157507755e+00,-1.542545303317086614e+00,-1.090829239903218673e+00
3.025193988004141410e+00,3.023207527772451719e+00,2.619792879105993677e+00,2.750400822269218004e+00,-2.040993714747350030e+00,3.121639077243461458e+00
1.331117611179039706e+00,-3.047658027479592135e+00,4.161417480763374144e+00,-1.090482545145924131e+00,-1.701449393964645562e+00,-3.844837403186098790e-01
-1.020076689329058706e+00,-2.745114443774880009e+00,1.259295791252680541e+00,-2.281447426869469552e+00,-1.954725204077088496e-01,-1.565290163216735753e+00
-3.543667133555272741e-01,-3.486692832851830737e+00,3.275464411805117493e+00,-2.179123243695575862e+00,-9.417525919910763044e-01,-1.543201118067194066e+00
-2.938389001602085049e+00,-1.625374111076269390e+00,-1.998254538310069384e+00,-2.438193773493902761e+00,2.015568616053553530e+00,-1.678058818168258748e+00
1.860193005885513173e+00,2.454883461400064526e+00,1.149153780216482401e+00,-2.097078587514075443e-01,-1.876810657967898921e+00,1.271697998587843381e+00
-7.875568214967589853e-01,-2.471732105402092206e+00,2.884167763236846760e+00,-2.229288542513671700e+00,-1.187433606074462800e-01,-1.550783623275758805e+00
-1.722837752054872329e+00,3.205845844697022606e+00,-2.406425834670342656e+00,-2.356754382270552561e+00,1.277568647371808197e+00,-1.635190293254706662e+00
2.007793252024260511e+00,2.816292032357321951e+00,3.068961980423088765e+00,8.817513852586786882e-01,-1.912285593927623317e+00,2.255553814903338949e+00
2.792183655446452306e+00,-3.322634939120812980e+00,7.148067360273996584e+00,2.104743432161285011e+00,-2.004544838716448396e+00,2.499368844471997253e+00
2.271407623253384855e+00,6.452915810880606173e-01,3.249634015550880495e+00,1.754620464525824319e+00,-1.957812831033407974e+00,2.264673478120297290e+00
-1.100404644117618513e+00,-1.007736526762751605e+00,3.060022299977880333e-01,-2.220813156545832445e+00,-7.643417618477807429e-02,-1.569677491225955679e+00
1.773909057201839445e+00,-2.794714001630885569e+00,6.086448624113819150e+00,-3.041773225102172851e-01,-1.863630858181690719e+00,2.320211793889843221e+00
1.354693532687109681e+00,-1.894372401871651235e+00,2.081810829125219087e+00,-1.098743314492865775e+00,-1.759467585375892984e+00,-3.612720118762799415e-01
-1.537766665077128447e+00,2.626075248309887478e+00,-4.524928874724180261e+00,-2.320705168696388654e+00,2.110873347819986812e+00,-1.616033107304356786e+00
3.477659861239509986e+00,-1.759605448636557323e+00,5.840285668432663613e+00,2.602987049575346212e+00,-2.091228537990948322e+00,2.926185090169453495e+00
-1.597070352584242681e+00,-2.957543244032225349e+00,1.500795022066776063e+00,-2.338290182518769633e+00,7.905423545685802411e-01,-1.630288272369450731e+00
-1.588194283459395173e+00,3.041260696136427910e+00,-2.095124596136923145e+00,-2.346021889412256201e+00,1.156365342500708548e+00,-1.631722791856896837e+00
1.279259583005989853e+00,3.353891103258476392e+00,-5.526373833735315211e-01,-1.388105571541927930e+00,-1.776900075202774598e+00,-6.597745867594901892e-01
1.203701137419356471e+00,1.592214093887295512e+00,-5.850021002247516311e-01,-1.531248670988006877e+00,-1.715555483190005059e+00,-9.988839124291415406e-01
2.094540832024316401e+00,-2.143763456200714401e+00,4.554836806847854191e+00,8.191373879749663800e-01,-1.922443814407760465e+00,2.164729830367553287e+00
1.510247263941000284e+00,1.392196836369578250e+00,9.137903918229116629e-01,-9.292311617886671593e-01,-1.809708978947980773e+00,2.643465091922625465e-01
3.007551958393349878e+00,1.472223081312529658e+00,3.515949462962872474e+00,2.226811324080341326e+00,-2.045659991570565328e+00,2.345109639052757267e+00
-2.160594436551412478e+00,-1.892975464998579493e+00,-1.156475838924057475e+00,-2.390729173267019281e+00,1.271277609513112195e+00,-1.652665544396096697e+00
6.973459167491800059e-01,-5.336901043091337726e-01,-2.460332956037925012e-02,-1.804609139590644951e+00,-1.529721158030368899e+00,-1.270898936376726462e+00
-5.355513248813164040e-01,-1.579108611992461775e+00,1.170604725515297151e+00,-2.187528906504488724e+00,-8.852805637105018999e-01,-1.521532448395521930e+00
1.172052133222094561e+00,7.810145525156997337e-02,1.373016419260095988e+00,-1.322348733789492137e+00,-1.732991869436434795e+00,-6.979308731936378907e-01
6.889788103765361882e-01,1.448028181922246027e+00,-1.274343247663234369e+00,-1.825961567631695370e+00,-1.525095190794006017e+00,-1.266699985649385241e+00
2.492183976231211240e+00,-7.180350400932393740e-01,3.397374182795172004e+00,1.491824346882992813e+00,-1.927751400242230684e+00,2.594439572916061643e+00
-1.334168532650065409e+00,-2.115397211347988637e+00,7.241811634963818411e-01,-2.309898011844309540e+00,2.337987455533472869e-01,-1.619055464011853296e+00
-3.343195667597860243e-01,-3.183765892214335480e+00,1.612595363565829221e+00,-2.097860308243601590e+00,-6.964631029383817618e-01,-1.500622321511727142e+00
-2.059430238801475799e+00,-1.624437747532576637e+00,-1.917903544972635599e+00,-2.375962957431839939e+00,1.713786817718606414e+00,-1.633306105480359705e+00
-1.383356399197140263e+00,-1.779113814259251747e+00,-1.273126894897890882e+00,-2.270139048044096608e+00,1.404244215521296635e+00,-1.588041559104748757e+00
6.809555799399609199e-01,-1.898252212881814227e+00,1.073338719295828358e+00,-1.632997334044204329e+00,-1.594199154236159988e+00,-1.037618872293793570e+00
-2.503682635552510582e+00,2.800953203221707710e-01,-3.191438464647732509e+00,-2.401243467096327411e+00,1.633387221152247104e+00,-1.660491238866429464e+00
3.194590043041124261e+00,-3.081422323560683019e+00,6.539085163757884622e+00,2.095955642348034775e+00,-2.056074103733045888e+00,2.778637390976479882e+00
2.815979310133742253e+00,1.628711499945822538e+00,3.358098543746119713e+00,2.289625802624079220e+00,-2.022673012146954719e+00,2.808514187900475356e+00
-2.837278583866101656e+00,2.381856295227025022e-01,-5.113415949073578659e+00,-2.428912114559008906e+00,3.490104676985438026e+00,-1.672922537442096624e+00
-2.046535418147205299e+00,7.368039831540507123e-02,-3.075760877831779982e+00,-2.365710146179156315e+00,1.536863220435113586e+00,-1.643280671487735267e+00
-2.376469193195792862e+00,1.824485896256325290e+00,-3.960685121115660845e+00,-2.407997297790429592e+00,1.747653845690372076e+00,-1.663799060995377666e+00
-1.302878899903962218e+00,2.028623267190479140e-01,-7.789713717964011908e-01,-2.300114025462995926e+00,1.967166817515545729e-01,-1.612562743220183226e+00
-2.679201048644333394e+00,2.039690585199546824e+00,-4.768138700871463520e+00,-2.423206366958331692e+00,2.370391068932451883e+00,-1.670048556803638506e+00
3.498810803071846998e+00,-2.921371145021550930e+00,7.102836998130298340e+00,2.549860495901183022e+00,-2.093248639359766461e+00,3.187047552425784414e+00
-1.284553487794835913e+00,5.160075867058013799e-01,-1.489899854041296656e+00,-2.304049078495504332e+00,6.444642105895597162e-01,-1.608791934271273538e+00
1.792179342031601230e-01,2.669713012009237829e+00,-1.351284183823814988e+00,-1.847211756858692544e+00,-1.265812442435436669e+00,-1.314506649486666179e+00
-2.043205384941916947e+00,2.629896344967689537e+00,-4.527176547725484390e+00,-2.376560589889743280e+00,2.087123359990359361e+00,-1.652544815652146948e+00
-1.883980921388709540e+00,-1.743537515196392551e+00,-1.998309565944311084e+00,-2.368406810127943185e+00,1.641134526131724503e+00,-1.632073768336937958e+00
2.769078910950877770e+00,-2.878392924040583889e+00,7.613891427788427535e+00,1.678043958795698343e+00,-2.018672742945823551e+00,3.148317890500828220e+00
-1.505967219360371478e+00,2.504387238144489380e+00,-2.199803153311755466e+00,-2.331273440575091449e+00,1.015964032826743413e+00,-1.631444102345837255e+00
1.500176140001242331e+00,3.745357879413226954e-01,4.557465147952204365e-01,-1.160293988370994178e+00,-1.776226431092177371e+00,-4.153803009731094065e-01
-1.877374914693164420e+00,3.063905997404658521e+00,-2.593454161607992692e+00,-2.360262619660546513e+00,1.147958056674535987e+00,-1.644465318036899326e+00
-1.267936957833487810e+00,-3.441856980046900105e-01,-1.265994166246232622e+00,-2.288051361874823719e+00,2.235783310269524593e-01,-1.574197253272100694e+00
-2.096574265220150224e-01,-1.162700052748053992e+00,1.025413677143661939e+00,-2.138754031054977300e+00,-1.110448046555864154e+00,-1.508787960121728666e+00
1.638853789035819020e+00,2.117259005820987916e+00,1.351570730376312257e+00,-7.095895883104930135e-01,-1.832468451882181659e+00,8.192801916882435087e-01
2.492644056429022648e+00,3.657568563048263499e-02,3.920929153909901821e+00,1.335167866967168937e+00,-1.983456155957336042e+00,2.553555067500759002e+00
2.970461670865476300e+00,9.525388308954223504e-01,2.524424943914374442e+00,3.315044191566188125e+00,-2.041797437190460585e+00,2.525153153516281446e+00
1.885735034724998371e+00,2.431858771873964820e-01,1.997277543703398273e+00,9.623203145233799605e-02,-1.882681329100921008e+00,1.970111076304809750e+00
3.029270811615894843e+00,8.223825050668081005e-01,2.786671139496601945e+00,2.240334903476175477e+00,-2.046841893982044525e+00,3.581852147510432349e+00
-1.230979246405563998e+00,2.895832195923561336e+00,-2.199328226129038999e+00,-2.280513869793943993e+00,7.326991779116067693e-01,-1.595764822176133801e+00
-3.408190901496173097e+00,1.131040604159329277e+00,-4.215217023933491625e+00,-2.464132983254172515e+00,1.982378387920986418e+00,-1.691305594449178828e+00
-1.431165336113941144e+00,-2.306087428540118722e+00,8.449830407740576144e-01,-2.325676939729379278e+00,6.569433614035146141e-01,-1.629608356985236650e+00
-3.009668689973878486e+00,1.917221302208430345e+00,-4.486647047657886134e+00,-2.441374029719849403e+00,2.056433048134451713e+00,-1.680525066316769012e+00
-1.966537904581984408e+00,3.109215238074106047e+00,-2.739206434943771029e+00,-2.378539706807889509e+00,1.227546615976647715e+00,-1.647965170661565226e+00
1.913602964040083343e+00,2.297332486071735680e+00,1.720741765649886457e+00,-2.068136491727990411e-01,-1.824050943067421882e+00,1.205142670182501652e+00
3.748852350514599863e-01,-2.895717322165975549e+00,2.826386313653772575e+00,-1.972506934911657295e+00,-1.377203301394333002e+00,-1.363856512690439171e+00
-2.980383606900448790e+00,2.862379281340365900e+00,-3.909551935411756940e+00,-2.436104826845119753e+00,1.661717676451785364e+00,-1.677226086724141974e+00
-2.483746127054729413e+00,-1.888553229145267798e+00,-2.448441071878243225e+00,-2.413780963111981759e+00,2.087554926663503174e+00,-1.668221479906271343e+00
1.877421743449772862e+00,-3.306119217847671266e+00,4.885874320616760080e+00,5.074094559511893587e-02,-1.878276949209677360e+00,1.506140339303258413e+00
-2.310537494059956121e+00,-2.668667455215492090e-01,-2.383597318277025590e+00,-2.395109657050779273e+00,1.677519951537885357e+00,-1.643910885610880168e+00
-3.060964997649539221e+00,-1.372282114535499531e+00,-3.708105439221828448e+00,-2.446310541457036969e+00,3.359830318261674442e+00,-1.679777702474299694e+00
1.010705428663933425e+00,3.807330666959720666e-01,5.916415293382359941e-02,-1.535857807399336528e+00,-1.693450942809114235e+00,-9.718509668801288415e-01
-3.155539492018384351e-01,-2.482275828016218266e+00,1.629658238166686868e+00,-2.128487577573679346e+00,-7.591379075834125967e-01,-1.512483452857372956e+00
2.659906419978254277e+00,-2.434487613141079088e+00,8.358907009785431441e+00,1.964897964025523303e+00,-1.970994167800972585e+00,2.376400277063997812e+00
2.271684603032520400e+00,4.374897584205061918e-02,2.452680873496046576e+00,2.178003175287636761e+00,-1.935626779320335888e+00,2.165348015914131174e+00
-1.760920006855936748e+00,1.009269466436029994e+00,-2.233443445034443364e+00,-2.312272919269165339e+00,9.599017177655769784e-01,-1.619242591500416273e+00
2.832582156892740066e-01,3.328738735645024427e+00,-8.241543357732631359e-01,-1.995159221897623958e+00,-1.349876827788488054e+00,-1.405585934542390447e+00
3.299373762261752496e-01,-1.346233707455416706e+00,2.207845422632503940e-01,-1.884966592574398137e+00,-1.213483229379111794e+00,-1.306059066037348115e+00
5.753440270459639905e-01,2.637399985079845521e+00,-8.192975199641817641e-01,-1.815508331297138067e+00,-1.417324034625564666e+00,-1.284969901082915644e+00
7.236205779893190027e-01,2.672070996146461042e+00,-1.292110248923308280e+00,-1.816574520083679589e+00,-1.626488410260648720e+00,-1.318961239459756740e+00
-2.174786373438500231e+00,1.171249608996189906e+00,-2.552986349203748340e+00,-2.363316468613985588e+00,1.436121427260257821e+00,-1.640057028742742729e+00
-1.480661860098298810e+00,-1.678186201625982754e+00,-4.031890167793631408e-01,-2.337202528789722678e+00,8.562964575804632439e-01,-1.632588127655552945e+00
6.088210286971689200e-01,-1.086590445659106230e+00,1.834453328570399888e+00,-1.808199868389839038e+00,-1.548134890813713360e+00,-1.216540000026776980e+00
-3.468221197465481964e+00,3.139516319788714149e+00,-4.534066152117892656e+00,-2.466970350081594709e+00,2.057063460225094786e+00,-1.692942900638487957e+00
-3.204023041855871945e+00,3.387879008394367730e+00,-4.187285625167635139e+00,-2.449899123525819622e+00,1.894864318382919910e+00,-1.685357491583606704e+00
7.182365918220385836e-01,2.372686078284223399e+00,-1.172592021993551503e+00,-1.827014810202152173e+00,-1.487470810411356315e+00,-1.298419733042142532e+00
1.086466291269813311e+00,-1.053819333891536036e+00,9.826133225093998114e-01,-1.566146175702806564e+00,-1.655549560966536937e+00,-1.031625295442442747e+00
-1.812692693957233647e+00,1.459708012758706985e+00,-2.397493994480154544e+00,-2.358971661261312747e+00,1.256843577367841913e+00,-1.641881378802527713e+00
3.288006372653063281e+00,6.558927216012122585e-01,3.619601717638824656e+00,4.793785003404027023e+00,-2.072008762691555539e+00,2.860820431026488198e+00
-3.188932735008123576e+00,2.350055153308938216e+00,-3.414448749130393423e+00,-2.452893645055991723e+00,1.699537724947755901e+00,-1.685646143528290564e+00
-3.085971499547212726e+00,8.931141116296075211e-01,-4.536696569326054806e+00,-2.444355870716941048e+00,2.403690774872250469e+00,-1.681262228725677765e+00
2.151771182864711918e+00,-6.156631035699993149e-01,2.669403971268262232e+00,1.017854560616604509e+00,-1.919365747183086057e+00,2.660349589400467174e+00
3.133329715725618136e+00,1.972699505538513698e+00,3.555728142314317886e+00,3.608185350585666473e+00,-2.046852018921814675e+00,3.257870485038857566e+00
-1.343547645274111524e+00,2.280551700463041342e+00,-2.493159419186839809e+00,-2.318335132202885784e+00,1.173611817290652670e+00,-1.618395912046882268e+00
-1.589463286212174919e+00,-1.464168083296475853e+00,-1.184127300790871473e-01,-2.317513811671369162e+00,7.867007256024061146e-01,-1.617823404673712551e+00
-3.234692546715666861e+00,2.411128757908278963e+00,-4.950833792686923474e+00,-2.452420897793141652e+00,2.679021460462430060e+00,-1.686080644786549287e+00
9.273799566762095381e-01,1.384193391684187091e+00,4.698194252875780297e-01,-1.731889663004022584e+00,-1.666307109248128082e+00,-1.170837881602998509e+00
-1.234132039995244234e+00,7.943133396990376127e-04,-4.775686332280202340e-01,-2.285700701369732801e+00,4.683061054114195931e-01,-1.589948648097603057e+00
3.173590861731172552e-01,-1.893246348304295168e+00,1.374571227248941430e+00,-1.946350765923246628e+00,-1.442979736150610703e+00,-1.374979601953309150e+00
7.126051359806151453e-01,-1.785410681720547288e+00,1.890546493130650818e+00,-1.822991105294376801e+00,-1.561453591715245004e+00,-1.296612426811018626e+00
-1.074485347745217645e+00,1.846146268579168748e+00,-1.648832936275910210e+00,-2.280582521590344580e+00,2.196139176599317677e-01,-1.597797443792245087e+00
2.127179373955759623e+00,-2.132688077585136899e+00,6.795074115771454260e+00,1.543128285937213295e+00,-1.868286357373759143e+00,2.951540189176376394e+00
2.511941906883530251e-01,5.012215232025862832e-01,-5.268360844985645608e-01,-1.895333352647897707e+00,-1.271559013872054944e+00,-1.270970496219481216e+00
-2.063878475616719665e+00,-2.365998053673624479e+00,-1.190471215101212454e+00,-2.380801302258965357e+00,1.732008040586196618e+00,-1.639443383834342960e+00
1.639126041743444340e+00,-1.127784807603875450e+00,4.962598222134650072e+00,-8.111589235117548924e-01,-1.819641182928827039e+00,4.667739964311931056e-01
-2.295023923547647726e+00,2.002515954492643857e+00,-3.563310609275107677e+00,-2.398630982949994994e+00,1.561585577244056555e+00,-1.657614318076208848e+00
-1.350282400078590239e+00,1.910805186500375008e+00,-2.344806442050059392e+00,-2.293263699423072843e+00,6.600683336328488915e-01,-1.612197235910954873e+00
2.420479523201752414e+00,-2.882537982161270662e-01,3.944433296647128273e+00,2.729632360912997768e+00,-1.960877211313640345e+00,2.315983052857214730e+00
1.259385874789423987e+00,-4.691233202542033354e-01,-3.120427601676197815e-01,-1.356414610081154049e+00,-1.726415466520220710e+00,-8.323311930176877649e-01
-2.611076669862887556e+00,1.662561488080599226e+00,-3.640048659071366099e+00,-2.413233996584331909e+00,1.725139316077597407e+00,-1.664747766483706037e+00
-1.312428085198630967e+00,-3.380080083057746876e+00,1.553662482980068704e+00,-2.275556284892097825e+00,2.516091965098370409e-01,-1.603211800211702620e+00
-3.256416031766288910e+00,-3.068295889895704676e+00,-1.096515699286660483e+00,-2.452959746652892292e+00,3.487868027653663106e+00,-1.684848576405758358e+00
4.643928650223783094e-01,-3.042577177559212309e+00,2.213431421197073590e+00,-1.826977802539635709e+00,-1.509325978255084078e+00,-1.289296875018568267e+00
-3.942491429230288169e-01,-8.123197819439575973e-01,1.580495544132003438e-01,-2.139929462316798148e+00,-7.506024343891446460e-01,-1.494920274482946843e+00
-1.376300323987059038e+00,-1.077162658106609605e+00,-2.153423219936886346e-01,-2.293978950903042602e+00,3.857063215522933408e-01,-1.595798735522181433e+00
-4.000768246071619849e-01,-1.440936690482595317e+00,1.081333033150618128e+00,-2.118190974862945275e+00,-7.840506536315869912e-01,-1.490906118215570952e+00
1.564936010638987796e+00,-5.507386594075587283e-01,1.304677086070412440e+00,-7.195935337559904443e-01,-1.828379531309110018e+00,6.836046139957479006e-01
2.231423641467035424e+00,1.729715131692878494e+00,4.231443211933637372e+00,1.160194295756336702e+00,-1.946146308960730709e+00,3.043425744494731244e+00
4.381387100199702900e-01,-1.813389653761228182e-01,6.866792036528437393e-01,-1.978697872884557896e+00,-1.505593698959553750e+00,-1.402947782999616644e+00
-2.661368776599962072e+00,-2.763655698600819832e-01,-2.873573512024345078e+00,-2.422716787118203818e+00,1.511779901043571517e+00,-1.668890367236773864e+00
-2.285947802171202969e+00,-7.481035736316465901e-02,-2.898055093760546264e+00,-2.381451189304345739e+00,1.629872005907257781e+00,-1.651353932233573962e+00
-1.609410538400112278e+00,-3.372916312583278398e-01,-1.298258887040283138e+00,-2.315835593739477449e+00,1.023149013756002423e+00,-1.606716958823015462e+00
2.386218346127208179e+00,1.584466167631742195e+00,3.476026087106173001e+00,2.555717185332913921e+00,-1.930091360302934600e+00,2.742692722012125550e+00
-1.391325345927961088e+00,3.183483998542394389e+00,-1.429541555970283540e+00,-2.309604474840781130e+00,6.007315071223069403e-01,-1.607411893602355146e+00
2.375377814725230685e+00,-3.132160955035725447e+00,7.787928167363036280e+00,1.775640160541706702e+00,-1.945658795633992133e+00,3.338970968287648944e+00
7.792468055806089922e-01,2.527166533776963320e-01,2.638299386145024350e-01,-1.685305843406332382e+00,-1.544438028416099451e+00,-1.128822518671062980e+00
-1.018898065266346187e+00,3.191209154887144628e+00,-1.323427379287624328e+00,-2.280893351482863984e+00,1.580461480702433086e-01,-1.577075672472659784e+00
6.741101182193949271e-01,-2.694766538685641866e+00,5.388411648833983492e+00,-1.865970355442228001e+00,-1.597130988016524533e+00,-1.293209550404164521e+00
9.551035515585315494e-02,-3.245127953967895884e+00,3.979149039176125946e+00,-2.040361527079213033e+00,-1.372465972408831725e+00,-1.472180815134821685e+00
-2.132757793712573680e+00,3.378975173579958025e+00,-3.625754202638007406e+00,-2.370379464738209485e+00,1.575667435141026917e+00,-1.638988832982250177e+00
1.048139349496771899e+00,-1.362733888673015592e-01,-5.665230200955564399e-01,-1.520266234840681241e+00,-1.640768822893550638e+00,-1.053036471231884708e+00
1.952810534624405570e+00,-3.001293910774539775e+00,6.517049852393602904e+00,9.100621785616550552e-01,-1.887521530394158820e+00,2.510946861721267798e+00
-3.191176161486594332e+00,-1.920607303636998386e+00,-2.342587342099318182e+00,-2.452214565315550043e+00,2.164721946123821628e+00,-1.684474660277566427e+00
-3.330545678543330723e-01,1.891221260706471341e+00,-1.229725744826339007e+00,-2.153245682368745584e+00,-9.917984338669467714e-01,-1.532214045208022846e+00
-1.784838438312426057e+00,4.476154645146981359e-01,-1.850582754733826496e+00,-2.336869728196770968e+00,9.037875989310283353e-01,-1.625240189817775072e+00
7.507861916448366202e-03,-1.872713065899012319e+00,2.737404563127329382e+00,-2.094831505273369920e+00,-1.283048925989943134e+00,-1.483400096131090029e+00
4.111051572317006020e-01,2.536307065332571220e+00,-4.922945800102844771e-01,-1.970251611617664267e+00,-1.452089935162935275e+00,-1.401107947511436302e+00
1.912240408358236721e-01,-2.498204838270758898e+00,2.628838634059903256e+00,-1.950846719959237863e+00,-1.393952824035773030e+00,-1.302878438825901597e+00
-3.462503368448696328e+00,-3.132722143094317513e+00,7.613379538642989219e-01,-2.466771849167556763e+00,1.738018212323289235e+00,-1.692826749205381676e+00
2.743123854622780300e+00,-2.604829873234929760e+00,6.733598446234665857e+00,2.720682804121424603e+00,-1.977904214989734566e+00,2.313964749816119770e+00
9.240727303744478149e-01,1.784312151158730764e+00,-8.086488150598387659e-01,-1.570020543208280106e+00,-1.546410173722932102e+00,-1.073524714053196272e+00
3.414473498558026954e+00,1.977139351870818906e+00,3.074501377962457482e+00,3.108450780851370610e+00,-2.083128106918684885e+00,3.880789235895006684e+00
-8.608572132897012175e-01,-1.241547280700107336e+00,-3.308450225388623323e-01,-2.223653770909709060e+00,-6.302926338820958874e-01,-1.560882966348457357e+00
-3.043947886050876406e+00,5.279624324089757792e-01,-3.590355003666831912e+00,-2.443822304733675566e+00,1.739214691251697920e+00,-1.680090906750910662e+00
5.779411576742008450e-01,-2.660479474302317460e+00,3.170139627454788833e+00,-1.857652640630541807e+00,-1.571741416812076464e+00,-1.297821734781491765e+00
8.911861326449388443e-02,2.028924293093746556e+00,-8.441853132304802942e-01,-2.063360269689368920e+00,-1.166907974484019839e+00,-1.402766750738303703e+00
2.440464227279055542e+00,-7.912546889521130389e-01,3.382470599438719194e+00,2.428159039457159274e+00,-1.970027827333976189e+00,3.337795891415822780e+00
-2.082300962223753160e-01,2.824370879568889769e+00,-1.224296880979327984e+00,-2.122908615659620413e+00,-1.076149929894189006e+00,-1.515732703773425394e+00
2.015330986695747839e+00,-1.459162787470134504e+00,4.565179149891310573e+00,9.276856551145975516e-01,-1.831191347625295673e+00,2.073623637174129009e+00
-2.339740964925239641e+00,-2.851387846813175919e+00,-2.273393031213744031e-02,-2.392350265261180997e+00,2.018800106063593613e+00,-1.647724898553408313e+00
-2.563821563929760572e+00,1.140442574857808644e+00,-3.931401176616164950e+00,-2.418413940827009778e+00,1.915167223756093495e+00,-1.666137017298592538e+00
-1.772888037353917312e+00,-2.837313921932655969e+00,-1.001801642736626641e-01,-2.360996684011061220e+00,1.493941925779558755e+00,-1.636970314879412580e+00
-2.442595591186075055e+00,-3.434567447611631685e-01,-2.957534238351326561e+00,-2.406578020275269125e+00,1.808526327346364537e+00,-1.663296165163526075e+00
3.644790764847645193e-01,-1.626367002997917588e+00,6.269152258400372268e-01,-1.947139817364995862e+00,-1.325031275394358277e+00,-1.365398206659900193e+00
-1.345620165501436816e+00,-1.417519136067989738e+00,-7.031884829853813912e-01,-2.296384815944169766e+00,1.247781562919866527e+00,-1.608059137478716316e+00
8.153724550247885006e-01,-1.275908387772605401e+00,4.194948578409221085e-01,-1.566995407281008168e+00,-1.573911959544300743e+00,-1.053824753772263811e+00
-2.953930075987210913e+00,-5.049077394947745212e-01,-2.882436975907713084e+00,-2.439494242468913221e+00,1.656704880786532774e+00,-1.679491334670256908e+00
2.898567627935588753e+00,2.677942974362387929e+00,2.462625757125303405e+00,2.786415526118039665e+00,-2.020571442403005236e+00,3.215008578667527317e+00
-6.126348603133027204e-01,1.898052531289301292e+00,-1.305434615912824059e+00,-2.174976503341733647e+00,-8.414587295220391505e-01,-1.504158093561379861e+00
1.872414262833839160e+00,7.456855691426991228e-01,3.640630439005287933e+00,1.230831119962657594e-01,-1.874635251020008164e+00,2.063866268239054946e+00
-4.442073143692173431e-01,2.564309412098482177e-01,-1.022007482800677103e+00,-2.170911213571226295e+00,-9.808792806425635780e-01,-1.516601020110260434e+00
-1.381911946066678443e+00,-3.313273368455289081e+00,1.988909655153715539e+00,-2.302810771183316341e+00,4.655919458678047240e-01,-1.587334353688135469e+00
-2.760520448250392000e-01,1.063418523626227241e-01,-2.776041336111763069e-01,-2.166204406553606798e+00,-1.029955149253727775e+00,-1.528883422604797371e+00
2.908772235396633654e+00,5.456672882526927282e-01,3.623836424770865428e+00,1.950384983212277934e+00,-2.020529630545788713e+00,3.704866412081019966e+00
1.778233709533260765e+00,9.155480925131413983e-01,2.128045419731588339e+00,-5.571723598873964400e-01,-1.881616218301423338e+00,1.237983477107780672e+00
1.850743447891777471e+00,-2.525601012706775172e-01,1.492761936246428167e+00,-2.795052374211307589e-01,-1.887866459924209206e+00,1.091235450755378755e+00
-1.009701088902049015e+00,-2.079757294633453490e+00,1.626092486860668762e+00,-2.256589167350328218e+00,2.608762130142976976e-01,-1.578597360166389185e+00
8.661561158297352847e-01,-1.847627593431510284e+00,1.057228545462478575e+00,-1.763905795732339632e+00,-1.600399882851240907e+00,-1.160239704979429076e+00
-3.159695632701975399e+00,-4.189079660407690753e-01,-3.439554907178229648e+00,-2.448530554897976774e+00,1.764635263207200877e+00,-1.684721744852960779e+00
-5.634693569477868813e-01,1.099798017533538008e+00,-1.247174304780207521e+00,-2.219610059665386714e+00,-7.158255134378673779e-01,-1.542768877680435802e+00
1.275895194586107451e-01,-2.408835461397353939e-01,-5.206706659354360944e-01,-2.073550893898029823e+00,-1.295641371345215287e+00,-1.463123559690686415e+00
-3.434081990165003262e+00,-1.292913454864169864e+00,-3.099484771609894107e+00,-2.465510074197644119e+00,1.870458699637364886e+00,-1.691975942527849552e+00
3.636976760243135764e-01,-1.811265681907066272e+00,3.713980253370333884e+00,-1.913880050094873830e+00,-1.369469521059450523e+00,-1.367078100528623441e+00
4.125040335713485717e-01,-1.259110165898904121e+00,4.762303666848045625e-01,-1.691180407902832972e+00,-1.469749387577542477e+00,-1.201314266348582516e+00
1.090241506690533768e+00,1.211516035775650479e-02,-5.984337212619714741e-01,-1.604701188960819369e+00,-1.647568627909572037e+00,-1.122764579428701559e+00
2.313944664091557080e+00,3.888533845548334256e-01,2.221987917703192927e+00,1.671445006754516127e+00,-1.963533197534012897e+00,2.257195500651225650e+00
1.809240678838389016e+00,1.629801447825837357e+00,1.020625089173196942e+00,-4.305891531892849233e-01,-1.869372271233396221e+00,1.018053349126855300e+00
1.212559949189611075e-01,-7.781071085532116349e-01,-2.384536171181511066e-01,-1.979863160823012169e+00,-1.360901211733288818e+00,-1.407338105246835669e+00
-3.220495934347740175e+00,2.118302829047777891e-01,-4.460264721255472686e+00,-2.455159386604856220e+00,2.638279449727935599e+00,-1.687732728259493165e+00
9.498960357886288008e-01,1.981635604080265622e+00,-7.303793599097929690e-01,-1.708248244391337378e+00,-1.692717125671170164e+00,-1.208130494664474863e+00
-2.487313774475359285e+00,3.411334939405540112e+00,-4.181972551626329526e+00,-2.396768298665551189e+00,1.922873356667602174e+00,-1.649871841859736010e+00
3.233843336728491558e+00,-2.812415527393993475e+00,7.552265384905506806e+00,2.878048456662289034e+00,-2.065690045857721202e+00,3.146004775359417582e+00
2.694272074176451426e+00,-2.602495655768033433e+00,4.749053409013759719e+00,2.602680172367265676e+00,-1.994627727209513646e+00,2.556932692891676240e+00
3.599524217726504105e-01,-1.726580958041529446e+00,7.942834299316989810e-01,-1.974605559861039472e+00,-1.408231916539270268e+00,-1.380309472675607774e+00
-3.674275533674364880e-02,2.624669528765410931e-01,-7.181652928502604283e-01,-2.119230663837214035e+00,-1.256450540638523794e+00,-1.521731655152531504e+00
-1.001758920727265689e+00,-2.017174915607480745e+00,1.368504237396243273e+00,-2.249940408386397639e+00,-3.791312607776954335e-01,-1.582281052219625561e+00
-2.532254161189642083e-01,1.532327660410099490e+00,-1.200591609281939975e+00,-2.164592785403169906e+00,-9.008210262932899726e-01,-1.530202523001688020e+00
4.101804816034890777e-01,-2.311849340528693730e+00,3.728755099063085776e+00,-1.897114518813338924e+00,-1.409618129096251948e+00,-1.367629459876448239e+00
2.753636538608072115e+00,-1.977148088740071863e+00,4.524321774690301723e+00,2.967152670515551982e+00,-2.015214798648315320e+00,4.086149279176710003e+00
3.471822812680762205e+00,-2.314120483193145006e+00,4.819211695409972407e+00,3.016532971096935967e+00,-2.090106143448152043e+00,2.392332830495451201e+00
2.829409474703599159e-01,2.511857031061095924e+00,2.605952465945025054e-01,-1.939078409130480907e+00,-1.342542000602259034e+00,-1.392372598127141980e+00
-1.833477186525056535e+00,9.702965557189164869e-01,-4.541094594022164088e+00,-2.365733690922596111e+00,2.419087227688974107e+00,-1.641894398724168314e+00
-3.253805033027139970e+00,2.981754566428351794e-01,-3.964059704685553687e+00,-2.457233193877416344e+00,2.006610110132413194e+00,-1.687546407668331305e+00
1.455082274368064255e+00,1.453560202949950586e+00,-7.982433167574043420e-02,-9.339570489779593920e-01,-1.785051577021098401e+00,-1.852482418838691941e-02
3.306796378414760262e-01,-4.512716429417773512e-01,5.629231212675578355e-01,-2.006527601678039563e+00,-1.420864785809919706e+00,-1.332532992503243863e+00
3.071994860145396800e+00,2.817133306444434382e+00,4.808703936834634263e+00,2.233210908864649014e+00,-2.040569938176091558e+00,2.731558935495728146e+00
-2.018327761726258718e+00,2.402513627487809167e+00,-2.968275203836073572e+00,-2.361428982742270755e+00,1.266544099289747427e+00,-1.638178022777083465e+00
-3.795891717802302168e-01,3.598495555820813152e-01,-5.337924386758027273e-01,-2.150129518541022300e+00,-9.104372243444709412e-01,-1.510173868188561919e+00
5.680465700005958851e-01,-2.687498987988545807e-02,-6.942124022263005401e-01,-1.885155681368947622e+00,-1.526390200773231731e+00,-1.304916515223143891e+00
2.957200622967456560e+00,-2.004305739296571076e+00,6.989214428418589087e+00,1.963317557813227587e+00,-2.010005565971190844e+00,3.132089513305011064e+00
-5.516561358184750574e-01,2.777872689687225893e+00,-9.353490351214045484e-01,-2.217956890850789620e+00,-8.285347264405016343e-01,-1.561317972705603907e+00
1.311046252728259809e+00,5.694884246999762922e-01,-4.504806116177825226e-01,-1.266814134536169201e+00,-1.717342396721841302e+00,-4.230858462935549458e-01
8.389139952511142084e-01,5.780934975678544419e-01,-4.384378022296773203e-01,-1.641973611096732899e+00,-1.545698706831667435e+00,-1.069956762501723002e+00
1.733103965606084707e+00,2.943398452491562622e+00,1.048191621678493890e+00,-6.226606757293506877e-01,-1.863327375783752293e+00,1.112044879806866948e+00
2.126626577778663929e+00,2.115933004801739514e+00,3.424350413867124132e+00,7.999273949108144377e-01,-1.894587483980907372e+00,2.382082324323687050e+00
1.052631753738608289e+00,-1.341833901736914747e+00,1.766920537401652114e+00,-1.355785472377025735e+00,-1.699684311422579697e+00,-7.734561781676894121e-01
-2.620762797924498955e+00,1.495317966665327347e+00,-4.252916386896243850e+00,-2.423798298901580051e+00,1.916524199565939446e+00,-1.668550606474374476e+00
-9.413876747268732359e-01,-1.459301103586229331e+00,9.484720592227517955e-01,-2.262123597725774982e+00,-4.826173608913913449e-01,-1.566880488909123681e+00
2.331711739867753153e+00,1.532448164411800207e+00,2.931350280186306279e+00,1.496428061361441131e+00,-1.955045058169185612e+00,2.738000569824746044e+00
2.540834116956580679e+00,2.256852839296378477e+00,2.239939278219212682e+00,3.211951297345489120e+00,-1.983628784575709014e+00,3.226375619467031441e+00
1.991594823617219845e+00,3.015253772811198552e+00,3.389235596336126477e+00,1.625608691647559834e+00,-1.909915689505819136e+00,1.936889111645602179e+00
-9.245469074492351780e-01,-1.911017853161105506e+00,2.773907630279830006e+00,-2.267978162176930823e+00,-4.841175184591929859e-01,-1.584909806165164525e+00
9.115574496609593069e-01,2.580913740934925649e+00,-1.221038829520560309e+00,-1.625848041263125321e+00,-1.536744107500647827e+00,-1.091378911436210686e+00
-8.780114193955146362e-02,2.735837555076011895e+00,-1.211800316244868281e+00,-2.076267035033601438e+00,-1.093933804102364293e+00,-1.445531439144111197e+00
-8.424232372494895316e-01,-2.386471034750126119e+00,1.158295552668609618e+00,-2.260708214746326661e+00,-4.263289236561911832e-01,-1.591307844676584260e+00
1.957332974676678994e+00,-2.361515809124030696e-01,4.195359330835261247e+00,1.489760710513388375e-01,-1.860121730391961270e+00,1.456538135990150362e+00
2.024608102511982644e+00,2.457646728243281231e-01,3.796574254836971640e+00,3.500306929851726978e-01,-1.910008892132249558e+00,1.935795760549135158e+00
-2.994464843219675654e+00,-1.318135465985269761e+00,-3.292047518327583244e+00,-2.443661773535527271e+00,2.240748381863883143e+00,-1.681964211896511241e+00
-2.107180435534087959e+00,1.227669678609603743e+00,-1.861225737530763924e+00,-2.378669437681800947e+00,1.233898974026202744e+00,-1.652413039388246574e+00
-3.185894564955190855e+00,-1.189818196122327087e+00,-2.491505086219337528e+00,-2.453959569337290869e+00,1.685772594614439956e+00,-1.686549429262331090e+00
3.340425255591712883e+00,-9.606983839829297267e-02,2.655993387718963206e+00,2.698302451655514744e+00,-2.077093281426401372e+00,2.867402714313953105e+00
2.653428341926821865e+00,-2.594865446885095572e+00,8.213096474393665858e+00,2.794733219565695315e+00,-2.006055890365750827e+00,2.861254796715966719e+00
-1.021075688240880464e+00,-1.860996173377597040e+00,1.509746419111402949e+00,-2.236892373734812534e+00,-1.254295126197184085e-01,-1.556540891421532846e+00
-1.260674543605771802e+00,8.297493548573271482e-01,-1.248328455277330384e+00,-2.299197283615382670e+00,1.182167250902008970e-01,-1.576874951600472308e+00
-1.040105307723866890e+00,1.744281651858300641e+00,-1.156893781629631857e+00,-2.282599468892287486e+00,-3.189775244421728106e-01,-1.605532019435339741e+00
9.316995480453451606e-01,-2.055665297499178923e+00,2.315901374330187501e+00,-1.532775138628050371e+00,-1.664412321471767209e+00,-8.688266012523717663e-01
-2.055736940806658808e+00,-1.332080282544803040e+00,-1.313269975985859261e+00,-2.361601674256272876e+00,1.434669648877742176e+00,-1.644478718743165091e+00
-8.340212185901654252e-01,-5.459713393370191348e-01,-6.445114103962461538e-01,-2.224819640964983858e+00,-4.691456272095584357e-02,-1.571717678096048232e+00
-3.141625622771746951e+00,-3.226993217414159343e+00,-5.414130262182177411e-01,-2.451897478938557029e+00,2.098712913822142312e+00,-1.685686145704685446e+00
1.283168380280489629e+00,1.335677383253317529e+00,-5.287705763399159764e-01,-1.403620715488171689e+00,-1.771636115145430734e+00,-8.562699271373552801e-01
-1.614675459248720912e+00,2.323374682348062770e-01,-1.865353298923616787e+00,-2.346908346408251411e+00,9.908706540144686103e-01,-1.634025343570235878e+00
-2.594537079151954195e+00,1.798898607565680763e+00,-2.247985456903465185e+00,-2.416366682705213265e+00,1.393492812833234007e+00,-1.669833185124267372e+00
3.412841463554992849e+00,-1.414787079871279829e+00,4.488771183692161770e+00,2.567926039225036483e+00,-2.083813559449417596e+00,2.315071366728316260e+00
2.343344039359933184e+00,5.416899602445628403e-01,3.965460204135443867e+00,2.124829535866948671e+00,-1.959830124172832200e+00,2.876414129864378388e+00
2.438926751403412752e+00,3.658476883267205437e-01,4.174959590107834018e+00,2.482216409730594098e+00,-1.965114464817026230e+00,3.289021356206781377e+00
-8.162785904695910588e-01,3.033621562651855008e+00,-7.402907945781573851e-01,-2.223027066855020717e+00,-6.124949184202767016e-01,-1.560880312129357739e+00
2.164569187091874625e+00,-9.872490723177143046e-01,3.237514955992625509e+00,9.565353499903713752e-01,-1.934915788170641804e+00,2.340543904462470515e+00
8.875732105269102945e-01,2.577575753742978648e+00,-7.955171665474318754e-01,-1.556883865012985479e+00,-1.647675868367515450e+00,-1.086919407099897539e+00
1.066093206267820115e+00,-2.402655762173896203e+00,1.692048635676363322e+00,-1.602692021652501575e+00,-1.666969931544179717e+00,-1.115505727479134901e+00
1.266497502759118099e+00,1.586525866295439791e+00,-9.298789489327686786e-01,-1.366921361583734562e+00,-1.653670902104553697e+00,-7.856662485348446801e-01
1.446285251973463026e+00,-3.281613629925318687e+00,3.834699991145785525e+00,-1.151803086282646049e+00,-1.795800512736720478e+00,-1.695555679792779546e-01
-8.828075279335960701e-01,-4.544438572469058357e-01,1.020831028903539384e-01,-2.210936671037410761e+00,-3.296597161585917424e-01,-1.560178408386948323e+00
4.501476535773258902e-01,-1.791781011136851065e+00,2.244701141065869265e+00,-1.771776694034426392e+00,-1.506676761716574608e+00,-1.267675162820203205e+00
1.120779779516483110e+00,-2.823437894454376540e+00,2.468401341838609042e+00,-1.540265155652322360e+00,-1.681142503954521805e+00,-1.036674843508051502e+00
-3.273607057143786747e+00,2.489472228177248780e+00,-5.493099929490599997e+00,-2.457490384811959583e+00,3.153233416319106919e+00,-1.688090065596516309e+00
-2.512732497522642383e+00,6.226748668401578257e-01,-3.322445880602828527e+00,-2.414453844025391760e+00,1.803382749958558184e+00,-1.667312694736126311e+00
-3.496966618123060755e-01,2.056553798979657621e+00,-5.174096352502997043e-01,-2.170144636446877495e+00,-1.023376837193824995e+00,-1.525134494764512683e+00
3.005932722188539685e+00,6.381893665322246889e-02,4.754106841059758892e+00,2.087468632498372667e+00,-2.034868402032314894e+00,2.294290950288172759e+00
-9.930209603338329138e-01,-3.426656005426296669e+00,2.289550931710487625e+00,-2.225421904635835446e+00,2.099715045308370165e-03,-1.564794310643993214e+00
2.331576148890778910e+00,-3.531933969152021291e-01,3.962654246305345129e+00,1.458884932273634583e+00,-1.915957143838973531e+00,2.543633860594003426e+00
-1.453395930870473585e+00,3.026034386014421429e+00,-2.744120936719531834e+00,-2.325803889645383649e+00,1.188853756564698383e+00,-1.626453327905169388e+00
8.259615980753958198e-01,8.589691582198017983e-01,-9.797229596539759333e-01,-1.780818525292080734e+00,-1.619389118396006966e+00,-1.281888870184505036e+00
-8.176525608531202138e-01,-1.067535675173794996e+00,1.413940246528668343e+00,-2.258149636626692658e+00,-4.849279971379482079e-01,-1.556649528905180713e+00
-2.556397037604989819e+00,-3.572437860350019534e-01,-3.111393902896707697e+00,-2.415333953290842217e+00,1.897588009363555983e+00,-1.667410543191759853e+00
-3.115856980127260201e+00,2.265297362435489958e+00,-5.596371998780946377e+00,-2.449374103638402023e+00,3.451535825690601467e+00,-1.682952872827631063e+00
-1.217777399841859065e+00,-2.399252722149494144e+00,1.833178521155552687e+00,-2.276064734317650107e+00,1.131125920160129944e-01,-1.580850173677373238e+00
3.059072335809707610e+00,-3.278460111620840500e+00,7.140435817702893928e+00,3.059196660282181846e+00,-2.052358006449251704e+00,2.353221193657656585e+00
-3.367770377729125020e+00,6.113354177547574153e-01,-4.809138700942328093e+00,-2.461778065203547250e+00,2.639654778421760994e+00,-1.690561565032967506e+00
-2.806292139865539159e+00,-2.074188806828800136e+00,-2.953914082316166034e+00,-2.434407415982132505e+00,2.941852545537301467e+00,-1.678380056822621036e+00
1.754317087662642827e+00,2.856170547058199283e+00,1.716776900824665164e+00,-6.443578771690552376e-01,-1.844914157519000009e+00,6.932613457592828876e-01
2.148018653544353285e+00,1.504690401955738110e+00,2.422163306356901025e+00,1.847002463656520543e+00,-1.930590542461562809e+00,2.605082655744228148e+00
-2.067243950752684079e+00,-2.856925012604614178e+00,5.296443286978191889e-01,-2.387212349654602495e+00,1.577067425400339618e+00,-1.651458325972976926e+00
-2.806114459134143146e+00,-2.575781380338477256e+00,-4.212840900890357787e-03,-2.427137759703051234e+00,1.732778090512174796e+00,-1.672812617026397941e+00
-2.532342575648919514e+00,1.022345068035046545e+00,-4.908999408706187673e+00,-2.416349304757274830e+00,2.620591198959183910e+00,-1.668311100680289760e+00
1.618420277152118558e+00,-2.043515935459130795e+00,3.561778790667982975e+00,-6.372420075819825724e-01,-1.841696401187267185e+00,8.218219643503232863e-01
-7.693952586876449118e-01,-8.850572453446581278e-01,4.534082653656734685e-01,-2.236961703762952336e+00,-6.030239696778035841e-01,-1.557552805997762801e+00
-3.961131152783279319e-01,-7.397256581931386243e-01,-2.913731984456158219e-01,-2.186326658947314705e+00,-8.599243944390476679e-01,-1.530398851242201985e+00
-4.204723023037786334e-01,-1.366106197871584271e+00,-1.336269599180884837e-01,-2.155664227108543329e+00,-7.741206648689419323e-01,-1.516316484146632559e+00
-2.240733639611157457e+00,-1.155116758724112014e+00,-2.048388922611145802e+00,-2.394329312333803639e+00,1.469652410507699791e+00,-1.653244387351030298e+00
1.908640888492711518e+00,-2.677872849800775779e+00,5.270833916456804324e+00,-1.083055651413902670e-01,-1.880843823628493672e+00,1.863566352352620914e+00
1.852960561318753641e+00,1.975209321472304325e+00,1.492154604892077518e+00,4.307456419511572210e-01,-1.855694853840987202e+00,1.764229102359767598e+00
-2.531781495655535341e+00,-2.325815070752895508e+00,-1.854215592471929019e+00,-2.402230112867191458e+00,2.061896531014357770e+00,-1.654532752913718818e+00
-1.490101485120436386e+00,-2.593511562032330353e+00,2.216867646169826678e+00,-2.325041343058654508e+00,5.624344038505769694e-01,-1.624055214908359357e+00
-2.748490761354120515e+00,7.382356689552080908e-01,-3.760501758607645684e+00,-2.428823025914402578e+00,1.750309868072905450e+00,-1.676364588951980261e+00
-2.536897676755555331e+00,-4.969565049515702881e-01,-2.883107922422162517e+00,-2.417607439296224570e+00,1.683775842796289446e+00,-1.666686195025260275e+00
-2.693688762091173139e+00,1.643668700525539705e+00,-3.648972909653108498e+00,-2.424522162276552706e+00,1.705286281741406729e+00,-1.669534082795830487e+00
7.784055686219497616e-01,3.230703548039670636e+00,-1.437251682984343137e+00,-1.712729683220829413e+00,-1.611054323827951995e+00,-1.220536819100228820e+00
1.911606392662332787e-01,1.560015939163315046e-01,-5.531226531927735390e-01,-1.959566361513112476e+00,-9.902155040811457809e-01,-1.377074705158636725e+00
-1.377305983590826344e+00,-8.340568115815871764e-01,-8.478105342304036451e-01,-2.311022903113049587e+00,6.193077083767057900e-01,-1.599432202032203154e+00
2.059824146092194219e+00,-1.366620601785429656e+00,4.121353339584625353e+00,6.238391383370722743e-01,-1.924287676465047836e+00,2.229078525356632312e+00
-7.356680598408029681e-01,-1.724197764383099463e+00,1.226554930843031022e+00,-2.225643489458160929e+00,-5.085981230938867448e-01,-1.566411429667691202e+00
8.591577773864438328e-01,1.340002977267213069e+00,-2.484520527926653566e-01,-1.725931729719432539e+00,-1.617663219197780222e+00,-1.193768010365474641e+00
-6.559821570346882069e-01,3.713569504168212632e-02,-6.996817333794755900e-01,-2.219624876762436472e+00,-8.545607557508203556e-01,-1.569186626088967751e+00
1.129392675764204768e-01,1.087886770121247793e+00,-1.199425366019441164e+00,-2.011357178207121343e+00,-1.358967198003556254e+00,-1.366866765035007703e+00
-4.011557253217516994e-01,1.314657670484440821e+00,-1.122315222163730475e+00,-2.108003645374000978e+00,-9.513231057448838790e-01,-1.498645299520673380e+00
7.615060771772501624e-01,-2.282873107475245078e-01,4.445653436208321097e-01,-1.722391951156692969e+00,-1.606764435920968959e+00,-1.252880313917359878e+00
1.058607921793637274e+00,-1.495420774227439686e+00,2.086576433549068632e+00,-1.652723546206168459e+00,-1.643589563982244872e+00,-1.098851896543441731e+00
-1.169184983460251903e+00,-1.946817948594135927e+00,6.958890716221565187e-01,-2.296744501447055331e+00,-2.873901239473380942e-02,-1.611511591886015005e+00
1.378335979402257827e+00,1.983476604914129915e+00,-7.422736620011153308e-01,-1.189284560299547211e+00,-1.778484735477631418e+00,-5.496047303028078757e-01
5.616355414912428401e-01,3.427485372168474598e+00,-7.762339458188182162e-01,-1.916882320866785561e+00,-1.562284816401831256e+00,-1.295467665683877057e+00
-2.907830114445563829e+00,-1.952869726816716334e+00,-1.361771047847507354e+00,-2.434595371102566297e+00,1.792522049578523680e+00,-1.677857059434541442e+00
3.241113977728975470e+00,-5.430371109599865243e-01,4.369276254438269724e+00,2.831295555281307941e+00,-2.064051457245539734e+00,2.496421835977336023e+00
6.313279268368203745e-01,-7.760709538163950150e-01,3.184073766170150144e-01,-1.824714102997563980e+00,-1.415330145227193359e+00,-1.243887596300694787e+00
6.831311059728610857e-01,1.696146562556286597e+00,-2.195902442057313664e-01,-1.797493090995193388e+00,-1.441194301702483527e+00,-1.298645439819742231e+00
-2.584901816606750558e+00,-2.496816226536513028e+00,-4.250513607512353964e-01,-2.417983950918958236e+00,1.970001936958257538e+00,-1.667548979738398662e+00
-1.381452618094881402e+00,-2.938384464428481557e+00,1.028161923751355511e+00,-2.326696478292656245e+00,5.101075441479223649e-01,-1.626115582821756611e+00
3.332538601666716893e+00,8.584349913331656978e-02,5.263282257531377795e+00,2.994952349339850883e+00,-2.074216816839387967e+00,3.158119325417695578e+00
-9.847667066652179280e-01,5.955346172370212798e-01,-6.226230118192320750e-01,-2.273394211296416945e+00,-4.001966730101630398e-01,-1.578495647660031809e+00
-2.759154602425596181e+00,-1.196975558138419604e+00,-3.982800657776769615e+00,-2.411134981838928493e+00,2.759435979392300897e+00,-1.663142634953796328e+00
5.087452720109020277e-03,-2.592819046866473798e+00,3.992312194147101145e+00,-1.995711025409480754e+00,-1.132725795542977920e+00,-1.399769293945986703e+00
-2.014285632159025230e+00,-1.886266660553163277e+00,-1.326912524607868127e+00,-2.313147533764758457e+00,1.647146466307690904e+00,-1.618390870077440979e+00
1.738276702791637263e+00,2.747162034300417055e+00,1.852884672164350821e+00,-2.966421823039671057e-01,-1.861120624706175786e+00,1.643114736578775048e+00
1.839529375807066103e+00,2.556675145696586604e+00,1.357681492804490464e+00,-1.888082028037448845e-01,-1.857032918717706371e+00,1.429803862341941789e+00
-3.231083697499654850e+00,1.269456794797836352e-01,-3.443537997794859251e+00,-2.454200289217266295e+00,1.821195009298147482e+00,-1.686835111202280579e+00
1.210420056497376606e+00,3.195406091157537709e-01,-3.080061978533086275e-01,-1.381759582913796525e+00,-1.757797137351767347e+00,-7.257313324968832635e-01
-2.695943577081950426e+00,2.056713896982357959e+00,-4.890995346823749479e+00,-2.416889926107688158e+00,2.701215071822558933e+00,-1.667980651657048119e+00
1.916368582414401445e+00,2.332869595944450758e+00,1.056027771230986456e+00,7.703762689096313454e-02,-1.867782909350308884e+00,1.482271060106457039e+00
-8.770691272397281857e-01,-9.768933732171043438e-01,-2.197137958314181461e-01,-2.243991257110993232e+00,-5.830386610447038098e-01,-1.572781202052341065e+00
-2.655447825510550697e+00,1.439235584877950558e+00,-3.661258949557058440e+00,-2.426345597308182889e+00,1.784512030381403491e+00,-1.669789861416985266e+00
-1.714135341007574809e+00,-1.956964612494372258e+00,1.083645677322185863e-01,-2.327992809023193832e+00,1.052432536743644897e+00,-1.608397892690865527e+00
2.570083779955685266e-01,-2.987190667313590620e+00,4.145437691239166611e+00,-1.996389006022806001e+00,-1.242873844962909979e+00,-1.400980037015183477e+00
2.831645267347151496e-01,3.116069312855883844e+00,-1.153222120858878874e+00,-1.897004646874153710e+00,-1.378718046882402515e+00,-1.310706081785222521e+00
-2.089372548572256960e+00,2.156692109661855206e+00,-4.707495397537317494e+00,-2.377580411201916988e+00,2.396105944650760655e+00,-1.652387467484264016e+00
-1.686138611177940838e-01,2.867220136127485830e+00,-1.548863724476105208e+00,-2.147680487279268302e+00,-1.157577796012703608e+00,-1.540414887502310703e+00
2.835700319103048095e+00,2.415326519619900303e+00,2.073866578578632769e+00,1.703496021960011930e+00,-2.027905213606344237e+00,1.977784181087538284e+00
-1.918760654320609937e+00,-2.492950587392659401e-01,-3.285261570053907398e+00,-2.369839374753189176e+00,1.767053690226184637e+00,-1.647733848534336243e+00
3.323815512758192092e+00,2.508350339714817245e+00,3.362232558955355444e+00,2.212872115794251027e+00,-2.077472373120726079e+00,2.165269657416074356e+00
5.041122063843284096e-01,2.264476856274857397e-01,-2.630756206889234283e-01,-1.906152304355208438e+00,-1.467569025646742187e+00,-1.298879996708576900e+00
-1.046590288612545550e-01,-2.401231179001478644e+00,1.470580891024917181e+00,-2.025148663739405386e+00,-1.183487698125518017e+00,-1.430587416077142349e+00
-8.382083120492112016e-01,3.850987891641528549e-01,-1.176651810970567480e+00,-2.253285121794555312e+00,-1.467007649778143685e-01,-1.579553676737992740e+00
9.926407407998780741e-01,2.002817605729665829e+00,-8.576917071871116294e-01,-1.548124004501196138e+00,-1.606842726643160413e+00,-1.037016216359614607e+00
6.930640804550023404e-01,2.383999210664765833e+00,-6.226486714324348526e-01,-1.826802173243923688e+00,-1.487521369656384262e+00,-1.151600186501340772e+00
2.562721670497540849e+00,-2.814259305334858574e-01,3.616602538097872355e+00,1.685390254940750232e+00,-1.990569117250798881e+00,3.036437419987184416e+00
5.700674259994071846e-01,-2.075153599408085636e+00,1.676410527105347326e+00,-1.844011494462409084e+00,-1.527563787516914351e+00,-1.343017536969565606e+00
-3.177457659883494934e+00,3.322007647732323932e+00,-5.001985516661942022e+00,-2.449769867542120672e+00,2.525722675529870287e+00,-1.684367344891845253e+00
1.873084746298914638e+00,-3.451057713570564012e+00,6.217695545746270369e+00,5.688217697841280174e-03,-1.890748907252772559e+00,2.064537500048786001e+00
-1.388281273455180376e+00,2.897491542638439554e+00,-1.230821451899563490e+00,-2.294913564569474485e+00,4.068311009572901371e-01,-1.601043103251413857e+00
-3.448949061620206535e+00,2.552715108502645158e+00,-5.498616450001818201e+00,-2.466153217388959984e+00,3.216050463763830969e+00,-1.692566644801547504e+00
-1.681494004415992283e+00,-1.824060366305225500e+00,-1.561560734136871798e+00,-2.347757129586865332e+00,1.667437512229752228e+00,-1.629455122906925402e+00
-2.939047283095077567e+00,2.591942871023365846e+00,-4.895332535485397152e+00,-2.439359656643675933e+00,2.334242934110177359e+00,-1.676805038153369676e+00
8.588706321865640092e-01,-5.029332366170455870e-01,7.745932815667719851e-01,-1.667904952921234640e+00,-1.574780813752213682e+00,-1.064487008662734713e+00
1.044517295967922976e+00,-3.258239956363885526e+00,3.992641985762610091e+00,-1.581765999801751033e+00,-1.554798525905186413e+00,-9.725425359197404918e-01
-2.789852763817775028e-01,3.458265381136758521e+00,-4.294182672443165316e-01,-2.142249931896674564e+00,-1.010093633543802216e+00,-1.511902589037161793e+00
1.396280928586597803e+00,-3.375065643153424499e+00,5.847956593528705227e+00,-1.316072785597721451e+00,-1.759750170223028487e+00,-6.275228261799215002e-01
1.983047311402390989e+00,3.180574236907415475e+00,3.315059169723423960e+00,1.286818074704028647e-01,-1.900025236928008621e+00,1.668646988415723342e+00
-6.159395651139192296e-01,-2.821495118078592768e+00,2.223235223569300256e+00,-2.177787877816404372e+00,-6.296243101577221335e-01,-1.539756745829736317e+00
-1.656203133371586755e+00,2.970237588396832606e+00,-2.318510464794993453e+00,-2.328616997525158716e+00,9.053203801253772998e-01,-1.614017596363144014e+00
1.413051450922852226e+00,-3.275379404265257310e+00,5.382076335217215401e+00,-1.138170062900092372e+00,-1.771934570275631948e+00,-4.702045293449201857e-01
6.738538587474440789e-01,-2.165292859528906710e-01,-4.204166526410013649e-02,-1.750744026500723027e+00,-1.543052181642014853e+00,-1.202130958502474645e+00
6.928085926887392887e-01,-6.150996137409863174e-01,5.473838995910713656e-01,-1.742867347875350248e+00,-1.462168747951738901e+00,-1.109409604765915658e+00
-2.509851070191162492e+00,-5.433939548905333261e-01,-4.613474789344573779e+00,-2.409434362557106635e+00,3.061045830931306888e+00,-1.664224511008667529e+00
-4.781936729379139273e-01,-1.275014840520270365e+00,1.214411574307872055e-01,-2.177317962672400409e+00,-9.915925141592395464e-01,-1.521861523565303242e+00
2.538396897816750375e+00,2.975447385614520712e+00,3.289050946167348499e+00,1.807451333189451725e+00,-1.962264417400129357e+00,3.312988193863113828e+00
-8.588066934102402961e-01,2.169398633806179255e+00,-7.928816171490029596e-01,-2.244840080761360657e+00,-3.461462338033913233e-01,-1.560099993909302540e+00
-3.073424578074145153e+00,7.822226312632736267e-01,-4.341562713081658309e+00,-2.441513101025897470e+00,2.075296565739475518e+00,-1.681214908216592141e+00
-2.486904246914037664e+00,-2.228174901796386997e-01,-3.862976716706487679e+00,-2.404441898663869814e+00,2.068065156911697677e+00,-1.664821693706514782e+00
-1.199613973824048330e+00,1.444187474304708729e+00,-1.572715821670798597e+00,-2.276784096131689861e+00,2.123349463085584254e-01,-1.596132185082053345e+00
1.561046805795407444e-01,2.549803067938713141e+00,-9.016229462682318063e-01,-2.028997634635775427e+00,-1.335435077278606997e+00,-1.393800290104604267e+00
-1.603382470428314388e+00,3.989974418324098160e-01,-2.427503918040291531e+00,-2.341033456948614422e+00,1.299385405734297283e+00,-1.635448411344022634e+00
-1.710358285637400222e+00,2.223962771898460922e+00,-2.394307163550966955e+00,-2.334918330166166012e+00,8.681171620017525958e-01,-1.624561608301304361e+00
1.677242080090712406e+00,-1.784643686004430574e+00,2.312093915538496525e+00,-7.950094419316642291e-01,-1.824812937668600421e+00,4.044624249501475033e-01
3.276564899334622361e+00,-9.030089911421756987e-01,5.175744341104319801e+00,3.369977891362625044e+00,-2.071252684983946768e+00,3.011568642942115126e+00
1.573538404777511168e+00,-2.045105083088355258e+00,3.311587691728003158e+00,-1.008367440890443500e+00,-1.834246416004325031e+00,1.123052912820396154e-01
-1.808914219150760561e+00,2.911207532452537272e+00,-3.833930052093791119e+00,-2.354919946778144091e+00,1.899453592109217936e+00,-1.639834935353911227e+00
-1.581030502841095142e+00,2.853134895331977283e+00,-2.569225783657704376e+00,-2.340523167892958778e+00,7.048865044332103258e-01,-1.622936945881394699e+00
5.578091300044905054e-01,1.358343895473374197e+00,-1.124359479500444792e+00,-1.894717602484016883e+00,-1.584456591878200094e+00,-1.362269426585496879e+00
1.245783270482259120e+00,3.356070676644300477e-01,1.028186796662186042e-01,-1.225607441194785041e+00,-1.742805542214969305e+00,-5.416738876685532889e-01
1.620018584291594621e+00,-2.474897505687470911e+00,3.503258642324383221e+00,-7.789985860720224364e-01,-1.826377744187492214e+00,6.778229758590464948e-01
8.726919824852554797e-01,1.311914705363872002e+00,-3.401357385043670689e-01,-1.671201860521146054e+00,-1.566635221764851149e+00,-1.175722496765608138e+00
-4.615655226759387553e-01,-3.035664480338893245e+00,1.943444843190199611e+00,-2.172144459563174035e+00,-8.103609318140994056e-01,-1.538166366619896808e+00
2.872055841446300661e+00,-2.521380066629522076e+00,4.981528443748553414e+00,2.860777872018708479e+00,-2.019333268204911214e+00,2.291799133131269706e+00
6.308565676900457220e-01,-1.853745683557477264e-01,2.503932139920095334e-02,-1.845843695733077050e+00,-1.593527871679110364e+00,-1.337964188086480988e+00
-2.619417925069281949e+00,3.200783342632120387e+00,-3.620343906915823418e+00,-2.419604691359603432e+00,1.585124457955166211e+00,-1.671676879583299025e+00
2.592242910055767346e+00,2.926244143192501923e+00,2.058052359316990376e+00,1.870864298993843544e+00,-1.971455658946912992e+00,2.323892012528203210e+00
-2.377480857588820218e+00,2.606899338222564921e+00,-3.779182811402289399e+00,-2.408214379149145046e+00,1.747634199052154891e+00,-1.661153479312527326e+00
2.823070379513406891e+00,1.780782419082035162e+00,2.866605803894165305e+00,2.503611367840730573e+00,-2.012559550981790846e+00,2.846534722698583764e+00
-1.684098340597017796e-01,-2.006811597064803721e+00,1.619969898274636666e+00,-2.025714486069305043e+00,-1.155073823499273677e+00,-1.440171337367128102e+00
-1.114978180191092072e+00,1.749361122902045373e+00,-1.578575432707319148e+00,-2.292056496331201121e+00,3.598323438626402915e-01,-1.603683726919138630e+00
9.333379890814148538e-01,-1.720265869978334417e+00,7.721702291086975922e-01,-1.589772704489321731e+00,-1.477746848360858456e+00,-1.109006538353643156e+00
-2.761929416580973129e+00,-1.083284376481293609e+00,-2.298828458798690022e+00,-2.432344079256607117e+00,1.815771147824725151e+00,-1.677517291261548138e+00
7.214393432604859768e-01,3.489663587899272557e+00,-9.329826526863488345e-01,-1.828486560807779382e+00,-1.574924509173181386e+00,-1.155589703854603023e+00
1.715142651257418827e+00,2.968324662259190561e+00,2.828619593038474989e+00,-5.164280697906323825e-01,-1.795551206220233009e+00,1.690218954639366000e+00
-2.751145990492643634e+00,5.554982467726468087e-01,-3.084984404598135388e+00,-2.412698378892209394e+00,1.579910302514766052e+00,-1.669442045495846516e+00
1.171893268898053897e+00,3.325436163796854139e+00,-6.335707890200803494e-01,-1.485103385661968867e+00,-1.731972980199839363e+00,-9.815794769312196077e-01
-2.007795186089221140e+00,2.307892658596077951e+00,-4.125727321165906680e+00,-2.357557299945851614e+00,1.863537951792701541e+00,-1.641885567205005891e+00
-1.883717096319713846e+00,2.774574608362937234e+00,-2.190747756995218065e+00,-2.369357117646676336e+00,1.026173177226712641e+00,-1.649307057404759469e+00
-2.789265309055750208e+00,9.273797717291198950e-01,-3.753064529615417921e+00,-2.419548803516539781e+00,1.875588066141504084e+00,-1.667067742389278351e+00
-2.137593813791261343e+00,2.936551840378279543e+00,-3.599555783921051688e+00,-2.370806663438921102e+00,1.520487908899691432e+00,-1.638123127640135568e+00
-9.742015830254517894e-01,-4.239130677177231910e-01,-5.059898685571897481e-01,-2.249705920368712420e+00,-3.071494060831032602e-01,-1.575513213436738891e+00
3.261707660920946772e+00,1.994416162067844667e-01,4.769812374827461454e+00,2.885874374337085158e+00,-2.067616631145150929e+00,3.196386126212126477e+00
1.423744190848792002e+00,-6.927550130619959390e-01,1.253898510731798588e+00,-8.737380362478078810e-01,-1.773061027252615496e+00,4.600878901132207099e-01
1.804511366052159005e+00,-3.485899636203273921e+00,4.094138342409643805e+00,-2.880505993487091354e-01,-1.870574382600405761e+00,1.079891805576292718e+00
1.217892097332660128e+00,-2.116062378706536684e+00,3.078044527016495557e+00,-1.378312815535659430e+00,-1.721374732835454502e+00,-7.409736915057011375e-01
-5.628592274023072051e-01,-2.854485076038804081e-01,-5.156061806261071911e-01,-2.183486028054939965e+00,-7.531725627621191910e-01,-1.557228270965762995e+00
3.535440528109967673e-01,-1.332800415266568894e+00,1.189974547165558727e+00,-1.967518431254025257e+00,-1.419202790751154186e+00,-1.416589333348386992e+00
2.510271612108767592e+00,-2.808590156717012398e+00,8.676640530270663731e+00,1.520373832459513075e+00,-1.982882361976066932e+00,3.190456283908422286e+00
5.595725512238791666e-01,2.517229234141184158e+00,-1.399492513742931710e+00,-1.931807252859423452e+00,-1.558602538664040082e+00,-1.319141999516044939e+00
-1.116775482169804601e+00,-2.081788124697502962e+00,8.461647703975786472e-01,-2.299906027137059716e+00,3.527434281525040349e-01,-1.608320870478881393e+00
-2.364835543115092253e+00,-2.989041161459579765e+00,-7.912250910713546359e-01,-2.404918659299246642e+00,2.023308221684528174e+00,-1.659251465010596727e+00
3.024015694866347026e+00,2.088310197336607388e+00,1.815224490596831108e+00,1.842819013952825991e+00,-2.046990680917760486e+00,2.400511439102324118e+00
-7.769877164230134525e-01,2.300782745894816017e-01,-1.119184551388666460e+00,-2.253309050169797434e+00,-6.752716222359418374e-01,-1.582246382420311459e+00
1.634333919595547968e+00,-1.361220325400271047e+00,4.381869459152164303e+00,-6.199219493122241076e-01,-1.825454016363154075e+00,9.306644677293489654e-01
-1.395095084079386982e+00,-3.402845544711837089e+00,3.401212338127499457e+00,-2.322987681841911733e+00,4.075256142802529680e-01,-1.615020926655962308e+00
-8.475241960955317566e-01,1.669336956603357791e-01,2.548542646906104547e-01,-2.208987386040802470e+00,-3.735245070219034291e-01,-1.553156914721798731e+00
-1.688719019216724959e+00,1.243757434131000927e+00,-1.184976759702548232e+00,-2.317572379977467900e+00,7.605385309826068196e-01,-1.599474028988610463e+00
6.372941065414305939e-02,-2.006072009099665543e+00,2.127621223508386450e+00,-1.994239806939108961e+00,-1.263847166885383899e+00,-1.411188968640621821e+00
2.535014781472081147e+00,-3.031978075648073201e+00,7.302891126843808145e+00,1.711490157432025372e+00,-1.971126876308047615e+00,2.739566483299036292e+00
-8.472134171323797425e-01,-3.121587693491862936e+00,1.962759686947394444e+00,-2.252790071062207744e+00,-5.886425050539906279e-01,-1.572113959401015171e+00
-3.286540422369925718e+00,1.268781233489644222e+00,-4.697639837604800306e+00,-2.455579240114070583e+00,2.370953758530601974e+00,-1.687485359251161832e+00
-3.100064261660735454e-01,-1.645643309782321317e+00,2.638565971107563746e-01,-2.119036677365960131e+00,-9.694286938458799296e-01,-1.470932283943573893e+00
1.548117897721963843e+00,-2.817656504012239438e+00,4.264986248081775067e+00,-8.685107060173153926e-01,-1.803779780372288144e+00,9.039397733947296398e-01
1.058203475542880412e-01,2.055658335765773614e+00,-1.167598227678210865e+00,-1.930948979497277174e+00,-1.323530895587538891e+00,-1.324935278130926264e+00
1.240988913126257032e+00,-1.049554723217392738e+00,6.974772950149672468e-01,-1.366446526596801991e+00,-1.765581219693070247e+00,-7.615346592774226986e-01
-1.274241455038047643e+00,1.312814383310190181e-01,-1.205799915352947949e+00,-2.291666506250165991e+00,3.456345601417553093e-01,-1.610559381948415192e+00
1.439547368463189869e+00,1.659140170452064744e-01,1.622655165135158950e-01,-9.625317054880782042e-01,-1.721404973580630715e+00,3.736108122185508029e-02
-2.989602392417160637e+00,-1.718396472582978785e+00,-2.641220637855131059e+00,-2.444354494335745809e+00,1.961226645119312773e+00,-1.682681258601014918e+00
-1.486460469008799912e+00,-1.639452757007457073e+00,-8.102305199453903040e-01,-2.328849873930434189e+00,1.246388200074453279e+00,-1.602619345748885760e+00
8.847865449438945262e-01,-1.152198209385562944e+00,-3.305562208739627056e-02,-1.471652784405697911e+00,-1.629277183399164608e+00,-9.367552400892923403e-01
3.277024798804517580e+00,-3.077356607913277031e+00,6.918142044656808487e+00,2.580254928656232405e+00,-2.071733405626942748e+00,3.212303711919183513e+00
4.196917214153725872e-01,-3.273157200714500448e-01,7.602537656591918935e-01,-1.946767587622489470e+00,-1.465615465392709593e+00,-1.354571791849242146e+00
-3.450918032440832839e-01,2.512247590673218234e+00,-1.027823081007471107e+00,-2.173846805946781036e+00,-9.270712962495983867e-01,-1.521053866532625642e+00
9.990677472661300129e-01,2.104669563291386325e+00,-8.491371526105553347e-01,-1.652898165210808568e+00,-1.613806090518274061e+00,-1.144181577729979526e+00
-2.097800156447386932e-01,1.938866221936933698e+00,-1.593337728253132468e-01,-2.048712694469728479e+00,-1.199619942120200289e+00,-1.388853471551438457e+00
-2.844032875450996478e+00,3.344238708726128273e+00,-4.301902662188618720e+00,-2.431043572678609266e+00,1.843282112249055693e+00,-1.675232432499470292e+00
-2.212559417351485092e+00,-8.942052280721197732e-01,-1.500428305098057358e+00,-2.381583297427769086e+00,1.332420124413266738e+00,-1.649608474822271464e+00
1.284027183658526639e+00,-9.221496278068861407e-01,2.156287293376038416e+00,-1.445318953860565303e+00,-1.747979344617798469e+00,-9.672159921501798374e-01
-2.254565327652468198e+00,-1.339593157517051658e+00,-2.323994924835998344e+00,-2.395330485527253028e+00,1.821593472173430595e+00,-1.657767026455914783e+00
3.147617913051480087e+00,-7.571735265586365671e-01,4.879025570687399949e+00,2.667790052916358068e+00,-2.053543428942103066e+00,2.842307009603753265e+00
-9.540516048223324219e-01,1.813291824497899718e+00,-1.338767136902299759e+00,-2.254347518966510311e+00,-2.791224011099224800e-01,-1.591325900484972244e+00
-9.778490409988047638e-01,-2.211318669262566150e+00,9.841327306741545211e-01,-2.252892596580601925e+00,-1.519782050416844665e-01,-1.592175389691731446e+00
-1.654071780736631858e+00,1.286609542594017164e-01,-2.395658880575120442e+00,-2.340203152268761411e+00,1.253845978384762194e+00,-1.631216422223278117e+00
5.032518169172615075e-01,2.369984182781262660e+00,-6.766399020016846677e-01,-1.929474377314001954e+00,-1.510600776242335241e+00,-1.355626811101817486e+00
-3.239819045624004801e+00,-5.935222447545029922e-01,-2.875236180582374068e+00,-2.452847241965660174e+00,1.841190636650599011e+00,-1.686028700466281949e+00
-1.136257054206759598e+00,3.055845013526887755e-01,-6.914615198933269369e-01,-2.267077035627095505e+00,4.603416473951760235e-01,-1.575269540486543551e+00
-2.553165062959982023e+00,1.183913410484714213e+00,-3.909776640414907245e+00,-2.419141712648400055e+00,1.937615884706142211e+00,-1.672118647419241100e+00
2.849802540849728949e+00,-8.011948282682430644e-01,5.788183973571296548e+00,4.599943855219941646e+00,-2.022128604228673687e+00,2.840962668804477786e+00
1.087433740281196215e+00,-1.871363942933633062e+00,2.703083291206078265e+00,-1.494128756200188146e+00,-1.698263184033186324e+00,-9.049876580114689650e-01
2.389050057501428626e+00,1.718828222932362593e-01,2.350598663427487356e+00,1.937237363232287457e+00,-1.930640436639504021e+00,2.128107894812742984e+00
-1.154585169510959908e-01,-6.293481895039261254e-01,9.952318140929117263e-03,-2.119050723993725072e+00,-1.222619982425224849e+00,-1.485649835222716098e+00
3.372250027705780973e+00,-9.163901708571033922e-01,2.789040133189315984e+00,2.204277104665001374e+00,-2.081074681010351313e+00,2.133521105916224236e+00
-2.260160513046005626e-01,5.030268849373449314e-01,-4.061101301090618287e-01,-2.099751465484593016e+00,-9.908028543315898773e-01,-1.473071192363246018e+00
3.259510009275443210e+00,2.141825975383206071e+00,2.221606747688379180e+00,2.389737673540265561e+00,-2.064436764415176206e+00,3.626902733697187742e+00
-2.384065264717080801e+00,-1.199388767073775064e+00,-1.337127494185086363e+00,-2.404468568211341584e+00,1.462669105665610703e+00,-1.665086198840295628e+00
-1.465203679033815654e+00,-2.174061576485821767e-01,-1.964401026694724273e+00,-2.313873272621642219e+00,1.313237431761582030e+00,-1.622228099237941867e+00
2.577591885219010948e+00,3.154328905072577349e+00,5.440969482204876861e+00,1.433919307960851652e+00,-1.969517434163109648e+00,2.798874983660172511e+00
-2.639962343419821167e+00,-1.760571072546877947e+00,-1.417465255096770793e+00,-2.418332429264550942e+00,1.508144154325655073e+00,-1.669094758741974882e+00
-5.069563386674595939e-01,-2.147706527938550991e-01,-5.501171617716995588e-01,-2.127358570079042277e+00,-9.123074251672521617e-01,-1.511414345383951918e+00
4.363071727559364454e-01,9.964831763635739748e-01,-8.033474446827025828e-01,-1.798997465485426384e+00,-1.409637827964267842e+00,-1.227626066683417116e+00
1.528729467542198073e-01,2.086522922663706758e+00,-6.934065974665127863e-01,-2.051359394641668832e+00,-1.322576290425061751e+00,-1.408408097452783503e+00
-3.216636983113314585e-01,1.194239998300126615e+00,-9.603945407575089632e-01,-2.146603169691198243e+00,-1.062804717812964039e+00,-1.487749241098972108e+00
1.983332631901774334e+00,2.045665916821448604e-01,1.916386554509760254e+00,4.529880445325314975e-01,-1.906668836803508738e+00,1.788913065217895726e+00
-4.501211793126707050e-01,-7.298496473633062642e-01,3.923435479338146514e-01,-2.099112663313408067e+00,-9.784720602204138862e-01,-1.500672034858078874e+00
-1.002425333482910297e+00,-1.366126559262823559e+00,-3.089355897641926640e-02,-2.275960175269863495e+00,-3.956730566503836588e-01,-1.589760763352624728e+00
-3.293827588271636131e-02,-2.606260151622775467e+00,4.748233608745223933e+00,-2.094150240885387149e+00,-1.296570948250062916e+00,-1.486260671015385171e+00
2.804156112781345023e+00,-1.331180746790326275e+00,4.618499423918120961e+00,1.593880437413086382e+00,-2.017781518044064359e+00,2.135981794520080079e+00
-3.273515791136290431e+00,-1.552825641844606253e-01,-4.044666508060106302e+00,-2.456514837065302714e+00,2.355505430896548624e+00,-1.688314474420938405e+00
-3.265217868803753198e+00,1.240496153936997636e+00,-3.715759804998498783e+00,-2.457326084978648684e+00,1.973656086178981806e+00,-1.687544539822870782e+00
-3.135405471846044012e+00,-1.933482697618626567e+00,-5.538689052334810903e-02,-2.451475723264811890e+00,1.647403118571326930e+00,-1.684459617003057019e+00
3.028490555990451583e+00,1.842586966509953683e+00,3.830768143148816307e+00,2.303662629029168407e+00,-2.038831807235498506e+00,2.389819228161011999e+00
-3.038023438746673133e+00,-1.834537697114850596e+00,-6.560067497537704906e-01,-2.446608007058456380e+00,1.550970215597363255e+00,-1.682706634593676975e+00
-1.454571687749932174e+00,1.031421139222613803e+00,-2.382243373757568783e+00,-2.326922361741696310e+00,8.390105170282272651e-01,-1.627099268743461780e+00
-5.199520885438224660e-01,3.143664679660689742e+00,-1.661243031306046003e+00,-2.168848588978173009e+00,-9.527609526111103788e-01,-1.533447334416179419e+00
-1.630050036739931318e+00,2.630661525837338921e-01,-1.974868982479013990e+00,-2.339251476926913043e+00,7.277633871288847756e-01,-1.629568144859481205e+00
8.907578473405379782e-01,-2.065987774591418802e+00,2.436718543495069333e+00,-1.576404843215063689e+00,-1.596285340627365601e+00,-1.004287680195136589e+00
-3.091092291338369602e+00,4.374113027802408737e-01,-4.476639803243060989e+00,-2.449462113651987849e+00,2.579709272157224120e+00,-1.684669074473397643e+00
-3.282981028673547463e+00,-6.820809383583363861e-01,-3.566873025858853907e+00,-2.455674801730241441e+00,2.248792740465840545e+00,-1.686994179641320590e+00
1.484534020369699725e+00,-2.038720683484717355e+00,2.144363840041963343e+00,-1.225870560438014234e+00,-1.795967101494809537e+00,-3.625265009110535952e-01
-3.034175388338038459e+00,6.430234059984076822e-01,-4.585433763631238335e+00,-2.444526513615941088e+00,2.354040035623783389e+00,-1.679496658930915265e+00
7.028481106859176819e-01,2.709826276191707350e+00,-7.758653484753154084e-01,-1.740193914548393783e+00,-1.472556993502667888e+00,-1.220756756882678928e+00
3.025809098799764563e+00,-2.965385536324734783e+00,7.203232048347173233e+00,2.213438632596846922e+00,-2.030528239347908492e+00,2.344089496654855331e+00
-3.096636856514020764e+00,2.313271836241254320e+00,-4.477451723659768845e+00,-2.449856314451994699e+00,2.140953723616365600e+00,-1.685630929137874601e+00
-9.015839202326465518e-01,1.702169445880710619e+00,-1.110937033763292225e+00,-2.249859835741591318e+00,-4.146956284434487605e-01,-1.519435254268051372e+00
1.657407332938561240e+00,-2.304970029000140919e+00,4.915455141289888807e+00,-2.582320023658306596e-01,-1.835017035042852074e+00,1.090966505552620758e+00
2.287072354578450373e+00,2.141373426012829206e+00,2.259712291193558986e+00,1.034312358624669193e+00,-1.936731105224330562e+00,2.175018341783050424e+00
-5.252268534691064694e-01,-8.675218972834661812e-01,4.825113039158424044e-02,-2.093724063948122716e+00,-9.493620567905549645e-01,-1.473844517353123607e+00
9.547171767581277280e-01,-2.823264125325053442e+00,2.093625447546987317e+00,-1.618593811663975979e+00,-1.658636586293743109e+00,-1.122848540600850820e+00
-1.982355903327397861e+00,1.878164126147323643e+00,-1.539374897989334023e+00,-2.377524217187804378e+00,1.016735765331433283e+00,-1.644245676525440292e+00
1.465921241131398212e+00,1.127625743964939531e+00,1.023888425769839516e+00,-1.040786881281091425e+00,-1.790357336412620182e+00,-2.321492178253339589e-01
1.187053631351353111e+00,2.176399725538272989e+00,-5.280393354633541314e-01,-1.562943820395204408e+00,-1.731243284352738554e+00,-1.031771437787845525e+00
-2.353583812143186904e+00,7.158401196913999343e-01,-3.487657946585205337e+00,-2.401023453664178131e+00,1.856544657080025695e+00,-1.655467150671716015e+00
2.797874455025786133e-01,-2.137654824204407777e+00,2.177006342054284005e+00,-1.898373896381062798e+00,-1.299728617445247814e+00,-1.357651015619152801e+00
3.071704814246071891e+00,7.395039306900450526e-01,2.352478212580326744e+00,2.529908453579174044e+00,-2.050429103889892524e+00,2.900096986239625529e+00
-1.235807823027188945e+00,3.718315784974688398e-01,-1.165186696940221145e+00,-2.310226255969609621e+00,7.838701537119380225e-02,-1.620633717689956343e+00
1.028487475872904788e+00,-2.875728104280992348e+00,3.539498372790087277e+00,-1.563317505100488836e+00,-1.603666226655584337e+00,-8.717304837358375025e-01
2.775529039361727790e+00,1.775541257391752836e-01,4.270011551236664538e+00,2.258940037641215426e+00,-2.012525929368158106e+00,3.370928373596158156e+00
1.913424947466495496e-01,-3.164856033566445070e+00,3.150530780449710022e+00,-2.043550663445842019e+00,-1.421205694532773345e+00,-1.459501843016465905e+00
-1.999626479037757143e+00,-9.757845131007556461e-01,-8.875914022709814333e-01,-2.359098468081097799e+00,1.142955820846381476e+00,-1.643640568997237983e+00
3.256839823711496607e+00,-8.377134942233515069e-01,5.468029040319096090e+00,3.331406824567950675e+00,-2.065422086565939175e+00,2.807658469739529039e+00
2.669496634877180696e+00,1.156465771154150168e+00,2.169857607175718073e+00,1.664911539710150601e+00,-1.992771019238603225e+00,2.195076699812206655e+00
-1.509424471242533095e+00,-1.647406698787427182e+00,-5.437085735937180475e-01,-2.322965388434550693e+00,6.224504253401862419e-01,-1.624706773787179870e+00
3.310068084462044702e+00,-8.551536095899501255e-01,4.702580751745093934e+00,2.035291393665968673e+00,-2.071980792791887183e+00,2.853437065927582950e+00
2.461402741591293797e+00,1.057965904084984921e+00,2.009870500812335870e+00,2.095824479513539895e+00,-1.955932145438084913e+00,2.430365712128375488e+00
2.172224660125937845e+00,-1.483249505546965885e+00,3.268644559196362209e+00,1.812365569927997466e+00,-1.934140593028263133e+00,2.340049997791122216e+00
1.183127187564209315e+00,-8.328343900886925333e-01,3.376483559390167644e-01,-1.365466232847830197e+00,-1.682925140669865316e+00,-8.642015249454323422e-01
-2.407266577197615831e+00,-2.200653252513885327e+00,-7.903364910147836486e-01,-2.398684491747899106e+00,1.888422813957205015e+00,-1.662354152323171741e+00
8.657457967425692402e-01,2.289730417210542157e+00,-2.140690110236991295e-01,-1.680017210019699725e+00,-1.658249065983797399e+00,-1.184830093372321480e+00
-2.567298506734005059e+00,1.473828900499114525e-01,-4.251443831764945891e+00,-2.413697937897876677e+00,2.202875989422604874e+00,-1.666787645509135496e+00
7.592624719992624449e-01,5.687545363111112806e-04,5.932794041604534385e-01,-1.686137572608403801e+00,-1.570174394345353441e+00,-1.101256380860304862e+00
-6.569127986996639024e-01,2.981759912511473765e+00,-6.357674601985148222e-01,-2.216716914262317761e+00,-8.245413148724853869e-01,-1.561718934992247787e+00
-4.265347835398034526e-01,3.447043703450850316e+00,-1.330777695050108456e+00,-2.199625098237245613e+00,-1.013194838177997603e+00,-1.543847819791072995e+00
2.805109570262332319e+00,-2.290384170423868326e+00,4.956153615942131552e+00,2.378292664358720110e+00,-1.992689254126956744e+00,2.660567705643155367e+00
3.178757131526526614e+00,2.345102913384288001e+00,4.513400167547136022e+00,3.078870354968621825e+00,-2.061062938952939128e+00,2.233256536947648030e+00
-2.303908320602163329e+00,-1.549561580311233033e+00,-1.422539771796671015e+00,-2.399415762259136553e+00,1.627378656975465354e+00,-1.661836755256999920e+00
2.437687644077984217e+00,-3.062619299944370432e+00,7.423203314757751414e+00,1.746100841786289992e+00,-1.954047947182103950e+00,2.635270093360674526e+00
3.413761378925443957e+00,3.140066703386494851e+00,3.516566189267997800e+00,2.739750531811033341e+00,-2.082604957717884453e+00,2.649438180974247548e+00
3.059232469650313035e+00,2.620300431569339672e+00,1.966704057617861601e+00,3.890420205149471844e+00,-2.042439007943066986e+00,2.661820949113772983e+00
1.212062882818647935e+00,2.606028024637121021e+00,-1.139942541568111700e+00,-1.512825319614978348e+00,-1.740455196240337399e+00,-1.048226478659590288e+00
-8.029390391696731299e-01,-1.904178169265745346e+00,1.915993574198690874e+00,-2.209135508090581901e+00,-4.959084260714934356e-01,-1.549069968479301673e+00
-3.177632241265869517e+00,1.196667761104616368e+00,-4.219359445813425147e+00,-2.452806516187524988e+00,2.136223890502490175e+00,-1.685095692754441599e+00
-3.567755600690825091e-01,-9.170013447854197253e-02,-7.146784147587164071e-01,-2.174351621914010657e+00,-1.100180582155167563e+00,-1.535582411302906403e+00
-2.093371510465755314e+00,1.110846482602185326e+00,-2.969564608123672844e+00,-2.371066073631239668e+00,1.652893429697601446e+00,-1.646723603117572932e+00
1.399903361757807829e+00,-4.225198055101904160e-01,1.953264835513764286e+00,-8.801530515250801656e-01,-1.783388607887926636e+00,3.517774616820648625e-01
3.433498852604816243e+00,1.641082826533959427e+00,2.528066002411542890e+00,2.093464550854255091e+00,-2.086330122175762636e+00,3.022132090708891106e+00
2.250251608117862290e+00,3.283720755444413442e+00,2.920236142393180856e+00,1.790683353730516902e+00,-1.924191768809506708e+00,3.271149852367129629e+00
2.803341085509787334e+00,-2.672502151950563842e+00,8.988370929963917177e+00,1.996812566850348691e+00,-2.018025015368304143e+00,2.877307352723597056e+00
1.514935236331203861e+00,1.505226792480993225e+00,9.192301039425339049e-01,-1.006526853178220104e+00,-1.812933535926565254e+00,1.987394977630681514e-01
9.420125234825382776e-01,1.201933956189677133e+00,-3.959864017848916395e-01,-1.698419410895395609e+00,-1.633607259122471955e+00,-1.155922985904345168e+00
-1.380905540663559528e-01,-8.273303517802599316e-01,2.010584945554582781e+00,-2.038044988009192426e+00,-1.021674937135363059e+00,-1.430794519625171457e+00
1.164580862072138068e+00,-1.048186208209854531e+00,1.742872660468494539e+00,-1.493363883345186327e+00,-1.753309386099861422e+00,-8.352355495010086450e-01
-9.491571205261211119e-01,-3.431534548986913347e+00,1.831666182329420689e+00,-2.249681080375987019e+00,-4.757170576478365609e-01,-1.570396834938469821e+00
1.510673972247777108e+00,1.466040658012055076e+00,4.012837448350740632e-01,-7.479578844446725938e-01,-1.749324801595095069e+00,7.778875441752649555e-01
-7.767880904920128060e-01,3.014089076105070930e+00,-5.987332904640163544e-01,-2.241369897632070174e+00,-5.844097092591740150e-01,-1.562484749476240165e+00
8.496212017914803738e-01,-3.333779752173906985e+00,3.123911684581431203e+00,-1.566367244946559767e+00,-1.615610101128748033e+00,-9.643413373521082521e-01
2.511731967245217412e+00,-2.800079106758676328e+00,7.335363133696575666e+00,1.900961809420295801e+00,-1.985330414338386973e+00,2.104572819980434328e+00
-3.337952486508051653e+00,1.152430022011964539e+00,-4.254793842519600133e+00,-2.459550547561903056e+00,2.144431936366657521e+00,-1.688898847061659048e+00
-2.695302793173401490e+00,-3.265958066850042307e+00,-6.167615098255426753e-01,-2.420855335574178202e+00,2.246748282312450939e+00,-1.663037886803267584e+00
1.145286398885968282e+00,-2.883617300479526691e+00,2.924520192844054733e+00,-1.266433570351037652e+00,-1.716093610521525648e+00,-6.953356803001475850e-01
-1.659781201864072520e+00,-2.130613340300858471e+00,5.025094569509392928e-01,-2.340063537184567721e+00,7.079058602472954043e-01,-1.627111294765276162e+00
-4.228739661215747958e-01,-2.770026430113916582e-01,3.157280073904251694e-01,-2.150241781362283611e+00,-9.786560271623914176e-01,-1.514532748858194555e+00
2.203759262669596097e+00,-1.344948168597419613e+00,5.098426693350286421e+00,1.120653398239017662e+00,-1.936639849237261179e+00,1.951446402082931630e+00
-3.431219282431303697e+00,4.440436181968494544e-01,-4.138154731728498348e+00,-2.465177665613204283e+00,2.111294986066535984e+00,-1.692176269561308066e+00
2.340587196256924685e+00,-3.023045397805246726e+00,5.659743648983853959e+00,1.168129956043489459e+00,-1.922068063418643558e+00,2.049956954148002719e+00
3.221542230105508331e+00,-1.775570257949989461e+00,4.939715701823718774e+00,2.684133389258805735e+00,-2.063051754981925168e+00,2.208209727710265913e+00
-4.674174242664239642e-01,3.381942809339189004e+00,-1.146754252850912481e+00,-2.184285698758140715e+00,-9.787402696887537168e-01,-1.536407316866964301e+00
-2.873806526830107622e+00,-8.862666060988448891e-01,-2.361843734946560858e+00,-2.427351868494689757e+00,1.583330986157771347e+00,-1.668026376027471169e+00
1.682684102481031729e+00,-1.884190554959170871e+00,6.333597958387780835e+00,-4.247380833356895202e-02,-1.839405018876362874e+00,1.888115076500907819e+00
3.026340202732525242e+00,-1.804153174568146056e-01,4.824359102328850568e+00,1.851002379074377924e+00,-2.038492875135200055e+00,2.944453595368484500e+00
1.291508810829064657e+00,-2.612023066700130958e+00,2.874826634046659279e+00,-1.354823520897514566e+00,-1.714909263415677954e+00,-6.904024821469270101e-01
-7.770045662315219204e-01,7.016727109507536753e-02,-2.960530432781226517e-01,-2.244028891790997626e+00,-5.494578589724721240e-01,-1.561441048071128934e+00
-1.747019492361703286e-01,1.610300378728316772e+00,-1.202448018677772401e+00,-2.124762262997903051e+00,-1.185747745225653960e+00,-1.456374787133788651e+00
8.384542961166339126e-01,2.540857913221085340e+00,-7.531396393453516636e-01,-1.710978248735673057e+00,-1.610199546504434753e+00,-1.147364358429019626e+00
1.728813675081870116e+00,1.854013436047141639e+00,3.144723687490909469e+00,-2.788721421934368117e-01,-1.834497409483897723e+00,1.681762348896661763e+00
-7.285280234235713692e-02,3.012800573650849856e+00,-5.698455984159340737e-01,-2.120785205330221412e+00,-1.169639883479808296e+00,-1.515917703259944016e+00
-2.681949219408075180e+00,-2.336595850271775632e+00,-9.031561631941639190e-01,-2.425064453908732709e+00,1.527922827240107972e+00,-1.671285227160666409e+00
-1.616662259544206837e+00,1.130804515442852320e+00,-2.815314032431919244e+00,-2.344730012662374019e+00,1.228897848548732963e+00,-1.629060908911913463e+00
1.352228691455800380e+00,-2.207449919181638798e-01,-1.027189744070728661e-01,-1.102030160802379921e+00,-1.781262864456155892e+00,-4.143400146955242280e-01
-2.100784727674360752e-01,6.274482336981552777e-01,-1.278434937621379941e+00,-2.150057753056542342e+00,-1.004387693715220742e+00,-1.500548421069628491e+00
2.392510495431023898e+00,1.690384570553189469e-01,4.705965935370569397e+00,2.649787754924551209e+00,-1.970602943819486308e+00,2.222526221506567090e+00
6.275280530920035460e-01,-1.781015208972187125e+00,3.221102268279415703e+00,-1.852684602880138698e+00,-1.561610080585294158e+00,-1.259268019213945378e+00
1.968921273800296134e+00,-4.872550053018347427e-01,5.378365803746929963e+00,9.265574699979289841e-02,-1.906211980141828466e+00,2.395578801707387573e+00
-2.117261448631199805e+00,2.463222404904318985e+00,-3.192655643704966462e+00,-2.389040081285179973e+00,1.578926484317942469e+00,-1.649710382252266294e+00
3.310065844057286100e-02,-1.963105524346760777e+00,1.915999726267320291e+00,-2.082037099037850503e+00,-1.064629784155184611e+00,-1.469351725166422762e+00
9.784196490189751572e-01,1.097566005974863756e-01,-7.382562396690521833e-01,-1.695962366927456388e+00,-1.669993551514353580e+00,-1.099290754539139048e+00
-1.888000621168599125e+00,-1.090949174216854889e+00,-2.170515916463881645e+00,-2.359970797225904970e+00,1.767071037321018778e+00,-1.643356423230375452e+00
-3.255848516657262159e+00,-7.763264802591520741e-01,-3.735163867727826492e+00,-2.457261871492817829e+00,2.757912411239811235e+00,-1.688230605794544203e+00
5.207256115446261546e-01,-2.481378028259415558e+00,2.109626580622987913e+00,-1.886139996503695571e+00,-1.417711056273901704e+00,-1.358673266263023427e+00
2.897002184295063287e+00,2.332782127705421260e+00,2.856655773416861166e+00,2.231179329241530063e+00,-2.019352164141800632e+00,3.480507845801104949e+00
-1.720127741004376265e+00,-3.463032264014800354e-01,-1.052922560088422443e+00,-2.340912159358316202e+00,1.065977197938209775e+00,-1.618221756369707220e+00
-2.841043739503064547e+00,-2.667740555932576640e+00,-7.050421165435217796e-01,-2.430042734983385966e+00,1.925762293212235798e+00,-1.675598137317378944e+00
3.110299961102047206e+00,-2.316522514349538042e+00,5.642301508242553609e+00,2.180288389612438316e+00,-2.048449079497082437e+00,2.792367801748252720e+00
-2.658968759993237008e+00,-3.190375682867899521e+00,1.425513415365791126e-01,-2.406019514688742866e+00,1.713326006376918231e+00,-1.655442470909385566e+00
-3.391800552439928396e+00,-3.461781811393144892e+00,-3.462243251601530014e-01,-2.463827279526408898e+00,1.874713263074571534e+00,-1.691658739826997326e+00
-3.131024713122434910e+00,1.321819704443284671e+00,-5.350988913178769124e+00,-2.448916950124063519e+00,3.237932830125402894e+00,-1.684134708403984826e+00
-2.445739617060865179e+00,2.413530584504588461e+00,-3.188112559107181276e+00,-2.401929803699069499e+00,1.562207247568024870e+00,-1.660909707959952186e+00
-2.650494590288218877e+00,1.583425758778580494e+00,-4.273086707692522523e+00,-2.414849050696415311e+00,1.935613628391580576e+00,-1.668689444621249018e+00
3.253242925501293570e+00,2.186010391438494516e+00,4.463664616173762312e+00,2.277576300217217131e+00,-2.069553769527408438e+00,2.357295642256792334e+00
2.849543448342434004e+00,-3.008841586945005808e+00,6.819569180356114479e+00,2.228610091758294054e+00,-2.029572591435907292e+00,2.476782233593411320e+00
1.585356307371093898e+00,1.379182253288274929e+00,7.427581467578764363e-01,-9.241862766774640026e-01,-1.836149256791665296e+00,3.353214110658779279e-01
4.749557574209068989e-01,1.544498457060505814e+00,-1.027528457837237452e+00,-1.950002297008845087e+00,-1.489941826547092285e+00,-1.399163020203955998e+00
1.082515372062928805e-01,6.875213858805793166e-01,2.972036723057147611e-01,-2.008724060671692957e+00,-1.372992317923090067e+00,-1.433412900589619898e+00
6.830219921237556946e-02,-9.176976226121080771e-02,-7.766153876777263099e-01,-2.041282050948858728e+00,-1.356018654928712319e+00,-1.466525664384252137e+00
2.091307064072495336e+00,-9.620835795837869853e-01,3.383203581863084786e+00,1.565721076680667290e+00,-1.864526183672380322e+00,4.054677180500624090e+00
-6.432032083330514460e-01,-4.770784392328857315e-01,-8.486759626061308737e-01,-2.184113638065299678e+00,-7.674993324748187185e-01,-1.557042199897647583e+00
4.045434899744342339e-01,-2.627803484040275528e+00,2.344179541238253783e+00,-1.940129734417389784e+00,-1.453726221076085068e+00,-1.405330568796585800e+00
-1.070390625952417629e+00,-2.354645292848858151e+00,3.315944358758930122e+00,-2.279262164118800893e+00,8.040895710503859206e-02,-1.587077463756246809e+00
