-1.571761612242256190e+00,3.307611476605731404e+00,-1.885760197590697018e+00,-2.230394970062747007e+00,1.632153497111073215e-01,-3.051005700277425348e+00
-1.707289982047242693e+00,-2.612190986340537258e+00,9.407793267961368500e-01,-2.816564766242483309e+00,4.434168000578598168e+00,2.857808433550225402e+00
1.748832263266599796e+00,2.929950675019392214e+00,9.806022918283474610e-02,2.920197835263685704e+00,-2.695317920152797697e+00,-3.379143781974542904e+00
-1.551341193262211648e+00,2.366104732541348898e+00,-7.028439142474409707e-01,-2.141713860575233941e+00,1.644441744733132538e+00,-3.201162693959320293e+00
-1.300705505909105053e+00,9.239399597514077467e-01,-1.018934405572303081e+00,-1.541995261174011977e+00,7.564873754159542329e-01,-1.144907613052101425e+00
-2.741363164153250431e-01,3.763437097890276473e-02,1.838276941224855854e+00,-2.949364110372068026e-01,4.631971129377431495e+00,-1.275601246867529515e+00
2.156268038784250773e+00,3.477367602156067772e+00,-3.138692429248574278e+00,3.348842446483489610e+00,-4.080012939754769974e+00,-3.100955670990701574e+00
-1.425692638374293164e+00,-2.919128999175685024e+00,1.633992160100183000e+00,-1.659734001488748056e+00,4.263767622154370329e+00,3.477961589819064336e+00
4.563870112769736753e-01,9.638213633416473636e-01,1.889050188812277042e+00,5.699488713423477293e-01,3.913702628375332893e+00,-3.484907214576679735e+00
-1.606992714358161711e+00,-1.964783770790004436e+00,-1.483497359630125967e+00,-2.379409929954406699e+00,3.347149478912956888e-01,1.821191738209694044e+00
-1.088239142961603179e+00,-3.246439800115945573e+00,1.378274529537820925e+00,-1.047816881132093147e+00,4.642097766935079584e+00,3.121177562718048470e+00
2.565029395745981322e+00,2.188903513319595540e+00,6.581790507501850129e-02,3.076160482582500855e+00,-2.974416502089849867e+00,-1.443702369228862192e+00
1.667367447227147803e+00,2.762899291374445898e+00,2.141426011098936044e+00,1.911430984105293440e+00,1.017791508967831327e+00,-3.067813118708771825e+00
2.639455699306334946e+00,-1.569967601255722212e+00,2.962694527438684666e+00,2.705653088456100974e+00,1.049545388034672566e+00,2.480949017937683188e+00
-1.165552690932012858e+00,-2.898744822694431900e+00,-9.445081201444143204e-01,-1.182888537557422293e+00,4.518963797785848779e-01,2.053840178076930201e+00
-1.720559934974212002e+00,2.770519813149912025e+00,9.289962796519857235e-02,-2.926005729069856010e+00,1.752206109432522307e+00,-1.183479158198579739e+00
1.024681588171129087e+00,-2.349193195033546289e+00,1.815058267650703883e+00,7.173576008324662467e-01,1.277618063826560846e+00,1.589004388469044571e+00
2.177512666676713060e+00,-9.027915049731196628e-01,-2.597637706464679397e+00,1.908438114208342640e+00,-3.994427051721301858e+00,7.034709744252030106e-01
1.505197910914643611e+00,-2.114896134883639256e+00,3.357277553278987803e-01,1.923440359298838942e+00,-1.722488235471540952e+00,2.398146538894693869e+00
-1.040778781808061604e+00,1.595523995159200625e+00,2.645783473464582869e+00,-9.277806358778510898e-01,4.147454355526897452e+00,-3.214757150833913446e+00
1.551150679656797760e+00,-1.532232096028738777e+00,-1.293646526091967175e-01,9.443777017721615152e-01,-2.666896853674911139e+00,1.408654585617291843e+00
-4.033605184726487547e-01,-4.175511275835591896e+00,2.867577655300948436e+00,-5.881483510676499549e-02,5.525201945405450843e+00,2.921490511221304764e+00
2.382942055362611555e-01,-1.037991011281172771e+00,2.838488191770156988e+00,3.389160147966538972e-01,3.320429876835168770e+00,-7.358132979372218330e-01
-1.431760177920758714e+00,1.742621496546458815e+00,-3.300112977071000042e+00,-2.200000978787165717e+00,1.924837615669186541e-01,-1.772723471826737507e+00
2.175547932245198268e+00,-2.066733997679927270e+00,-3.327633799120413016e-01,3.174148160509199457e+00,-2.832648101362905901e+00,3.431095118379050568e+00
1.559078713241309311e+00,-1.819887914475977198e+00,-1.072088818290275025e+00,2.780045949270597561e+00,-3.301593212608574301e+00,1.554031403288766988e+00
-9.573246611039605281e-01,-3.022414099273142973e+00,2.282954868642923962e+00,-9.366083960180349166e-01,5.718042732113625348e+00,2.446457783134594166e+00
1.924561102285833547e+00,2.655481817767051389e+00,2.402050697912402555e+00,2.734378324620585943e+00,1.088221866935831450e+00,-1.648428398717061150e+00
-1.652409422690121366e+00,2.762987639176046173e+00,-1.043227092396668443e+00,-2.601572646552169132e+00,1.022229883784308235e+00,-2.527947083503409242e+00
-1.815262854269742876e+00,2.936734895892558317e+00,2.994883317746520390e+00,-3.277164770008465844e+00,4.561139485328448373e+00,-2.506622534791042245e+00
-1.618006669839738842e+00,-2.002464129674394577e+00,-1.331861855947769513e+00,-2.444147992628837862e+00,4.247632963432408371e-01,1.705941465524297485e+00
9.599332990014746159e-01,-2.987376992065478909e+00,2.236883925512045401e-01,8.595336310604535512e-01,-1.728725500983578911e+00,2.125935801800291181e+00
-1.226595706760100768e+00,1.624620584603756468e+00,-1.447597475270240075e+00,-1.496457846834229333e+00,9.230346802929737526e-01,-8.256311183726752212e-01
2.218948126664908482e+00,2.911824837938584931e+00,-2.197255512904716213e+00,3.485106754687476105e+00,-3.932036462196910165e+00,-2.749886082163914836e+00
1.328473293551517331e+00,-2.473708764574788166e+00,1.781750839389649954e+00,1.807849057437355356e+00,1.260709799876145176e+00,3.243961724802133517e+00
1.757002001541358993e+00,1.017750039942473483e+00,-1.903074465831549489e+00,1.726333751254308879e+00,-3.675525114894590661e+00,-6.821004605603060433e-01
9.093806576433440814e-01,1.206444787549814102e+00,-2.436806941602002397e+00,8.893130585426938239e-01,-3.094787482651808475e+00,-1.648474697166705250e+00
-1.378557010457295284e+00,-6.791576472614573312e-01,-2.745737781351667905e+00,-1.680573351133914262e+00,6.992535446256886722e-03,-2.235452510737965248e-01
1.343745561463252081e+00,-1.893076082404186122e+00,-2.948725910620477286e+00,1.316559141636043151e+00,-3.677591838584651995e+00,1.534998777325934149e+00
-5.536853828146285350e-01,9.512731889520502637e-01,-4.646816475765991328e-01,-4.514673809763500856e-01,1.054225757410330200e+00,-1.069651131180033410e+00
-1.160833197205242806e+00,1.477471650636725364e+00,-1.070070046188063451e+00,-1.169019607705054753e+00,2.440647132812820697e-01,-3.269490296046545286e+00
1.558867236448562732e+00,2.884773787433005943e+00,-9.195276521625910249e-01,1.969722634477327539e+00,-3.409887574572555646e+00,-2.790050724211400102e+00
1.533156779279662096e+00,-1.562201443299910286e+00,2.073694476013612231e+00,1.758518698521451817e+00,1.161089557657534410e+00,2.386711789628427560e+00
-1.812410607036878618e+00,3.264417213992985012e+00,3.479524896425926883e+00,-3.248877179863859155e+00,4.836459251980820717e+00,-3.199708716481394433e+00
-1.554082573758808650e+00,2.489436698014725557e+00,3.425922380226706032e+00,-2.181470846244103257e+00,4.219208071154336714e+00,-1.832974630071127820e+00
-7.879666513658467597e-01,4.165890899417913906e-01,2.292195742771786726e+00,-7.100404911195346003e-01,7.207005495239714676e+00,-9.247080478294340544e-01
-7.550284741880797235e-01,1.572190085708280227e+00,-1.380132474185805869e+00,-4.695942452450960758e-01,4.602963448629654453e-02,-3.412470283453881148e+00
2.071572449609436095e+00,3.669846156310131446e-01,3.374374387444142975e+00,3.129056797503574572e+00,7.598914390642562688e-01,-2.672429413556520750e-01
1.393478918132992961e+00,-1.632298756613755453e+00,1.687821094640003849e+00,2.055364203048418936e+00,8.216048472104892086e-01,1.181537204868470248e+00
5.368559850595719940e-01,-2.799723613121694932e+00,1.745603337392167553e+00,4.583853201891914253e-01,2.137868139834881998e+00,1.816105839622972340e-01
-1.718654856910555306e+00,-2.353215856286085650e+00,1.326843183759613076e+00,-2.740134996802507494e+00,3.657151808262443016e+00,3.463354724474415391e+00
-1.248109155728160946e+00,-2.188245390221048581e+00,-1.564773554850089621e+00,-1.191872170176810020e+00,1.535515159792255391e+00,5.550039856757909007e-01
4.393670823597772834e-02,1.358907173212582808e+00,-2.104454291427883650e+00,6.722680697941951777e-02,-6.442896729323088767e-02,-1.985592940038867660e+00
-1.805425078999734811e+00,-2.094407359178176442e+00,2.828361262967903578e+00,-3.213694263120764116e+00,4.593915969274561029e+00,3.157272053357002228e+00
-1.856434648556312128e+00,2.515527894817752852e+00,2.918647880950355322e+00,-3.483367940916135552e+00,4.199521155117325044e+00,-1.523954404903761217e+00
2.119824488532020101e+00,-1.510407526258915167e+00,-5.813480603587359852e-01,1.728167403753591458e+00,-3.471526022737816408e+00,1.625271990492824337e+00
-1.701173238933455290e+00,1.445520247019705939e-01,-2.349500391734339111e+00,-2.780065909913985500e+00,2.413311783648104392e-01,-2.982117051006403230e-01
-1.803190223023156902e+00,2.393173847049144154e+00,9.624378663848478510e-01,-3.217591016399097725e+00,3.133074384799729994e+00,-3.485833728260398168e+00
-1.748367351570015993e+00,-2.443786377271161214e+00,3.289155248475324811e+00,-2.886242989767343836e+00,5.381688576477923647e+00,2.524585969344353309e+00
-1.032028950853414395e+00,1.233673471584809000e+00,5.991172277424796633e-01,-8.607412887840304450e-01,5.027665156785743328e+00,-1.765582552358081037e+00
-1.168935735828636524e+00,2.525582351562643879e+00,-3.058728876411473063e+00,-1.205760401136982463e+00,2.015129694564780083e-01,-2.633998413240071113e+00
1.988853326757408890e+00,-1.212026504600501209e+00,-2.593739120239285434e+00,2.391932164256173721e+00,-3.953376007500278178e+00,2.398294333607960738e+00
2.034220301314876522e+00,1.314815892990694124e+00,1.007987322497196914e+00,2.253025007347707387e+00,-2.982218354172239128e-01,-6.309365262060762092e-01
-1.787662152835554519e+00,-1.622048933150716188e+00,-2.260015857061698608e+00,-3.148990442396912837e+00,5.391565838806325894e-01,1.971132668538549737e+00
-1.659741615755259136e+00,-1.660820109007921763e+00,-9.034485880036688954e-01,-2.597403348220283181e+00,6.162752810420881744e-01,6.164329930776855093e-01
2.167600608747356716e+00,-1.715111533410496270e+00,3.187523330527366916e+00,2.164320334801454138e+00,5.537825798120936671e-01,2.688311506100539816e+00
-1.099069539849189425e+00,1.186621247090026587e+00,1.401478500070460598e+00,-1.183390775735051470e+00,3.558659660111137324e+00,-1.223616234694511196e+00
1.236650977962286291e+00,1.840969618390481344e+00,-2.589846207942850143e+00,1.347960514540046617e+00,-3.353517159222242583e+00,-2.378731097209878964e+00
-7.791542325182800877e-01,-3.485712763692978999e+00,2.199749817676320163e+00,-4.951242092809313711e-01,3.768867266190994325e+00,1.967542422066300034e+00
2.097072467539982554e+00,-1.284947684419980529e+00,3.310276949830444515e+00,2.504919459666604453e+00,1.858239246045708892e+00,9.998674431802765383e-01
6.634634602083679111e-02,-2.718539878950514410e+00,-1.306438679421582982e+00,3.014021046488046807e-01,1.700938513748333492e-01,3.836062877697177242e-02
1.651930714570787551e+00,2.296159705390401928e+00,1.388178310139306149e+00,2.374806299486670547e+00,1.601640338334609504e-01,-2.674249897980718327e+00
9.739262290639891795e-01,1.163900867532304262e-01,7.431092874279556781e-01,6.431902982273536296e-01,-3.025637932417232223e-01,-5.205118861091966309e-01
9.501702478899685111e-01,2.108912466324385449e+00,-1.002865501887562516e+00,4.851807705504644908e-01,-2.797801887688298628e+00,-2.808291477783527057e+00
1.889628500893025365e+00,-9.788383286116877358e-01,2.198219802958003122e+00,2.372135125872324224e+00,2.631306088936770649e-01,1.353523871821034952e+00
1.172479391548715277e+00,-2.502996909595304853e+00,-3.004747171565623987e+00,1.686779907768083397e+00,-3.438250443418799485e+00,1.609478559601194014e+00
1.733630560063296633e+00,2.257914341598361574e+00,1.186313340829245888e+00,2.182672875592597705e+00,9.262529534977301804e-01,-2.024548551047577583e+00
2.388080453800693448e+00,-1.464178781644335903e+00,-2.105455441818300244e-01,3.124896367631424532e+00,-3.130703120701020303e+00,1.391305055066434093e+00
-4.896966246103908738e-01,-3.654435114605036894e+00,-3.404945190860446225e+00,-3.879389409957703094e-01,-3.542506151566539030e-01,2.644256521377449154e+00
1.973856269049815593e+00,3.535800150448825674e-01,-2.030952410367513838e+00,1.290451241380281999e+00,-3.739118287761006965e+00,1.118165746335533228e-01
3.059897634234649111e+00,3.801035121102134817e-01,-1.876410992322824267e+00,2.443066359050146907e+00,-4.088573166096702849e+00,-2.659280674460475780e-01
-1.857907157849856272e+00,2.248335140073693950e+00,-1.609627876479512221e+00,-3.490738085955700232e+00,1.212671018247480026e+00,-1.886817074342259204e+00
-1.628071142899929713e+00,1.162408006830553342e+00,3.011544930304687284e+00,-2.356144436074447235e+00,7.074781554675963591e+00,-9.853050906179787738e-01
2.015910849578829822e+00,-1.236654888207797676e+00,2.928644489125820094e-01,2.344904269044556067e+00,-2.483959423121240739e+00,5.666946852564631598e-01
1.548379300854795027e+00,-1.600333641237380755e+00,1.256885857321213606e+00,2.607928432232444749e+00,2.438934132531824783e-01,1.856849577696695341e+00
-1.773375607452983393e+00,1.059806499932779200e+00,-2.098462721741808590e+00,-3.135433882162165009e+00,1.038610681761053200e+00,-4.198881122065820648e-01
-1.378810932428713887e+00,-1.986885810590996559e+00,-1.134568443103656232e+00,-1.696155428421626699e+00,4.947136690080582988e-01,4.792192063187044049e-01
-7.650964649670857209e-01,-3.222963919944915823e+00,3.616022691142961598e-01,-7.566172205079593205e-01,2.657467852458617941e+00,2.306680446315573008e+00
-1.852632939663940270e+00,3.490861614655298872e+00,-6.874110897221763494e-01,-3.461154693786109959e+00,7.701301770549870973e-01,-2.893230129582759158e+00
-2.066796468271714371e-01,-4.067946337653090438e+00,7.724345925596356466e-01,1.438898490088624804e-01,3.218578376114738404e+00,1.652015564934691483e+00
1.861228563568591010e+00,1.419873399439036898e+00,2.977243942219023332e+00,2.673677645520371904e+00,8.643950938809713547e-01,-7.470641799409865058e-01
1.947769189158046421e+00,2.395104796887721932e+00,3.299809782605587216e+00,3.404168905167350268e+00,1.425113460979646973e+00,-2.470612172437022469e+00
-4.780040435908616825e-01,-2.954469156983106082e+00,3.402580735076663920e+00,-2.337753388895671414e-01,4.815008598912549509e+00,6.532335113745588728e-01
1.597579022207023192e+00,3.981025663485737720e-02,-2.251165962193677927e+00,1.760854547942314774e+00,-3.677714592710604968e+00,5.621240915463676657e-02
-1.481911543229931238e+00,1.450036714406328642e+00,3.125888364548023546e+00,-2.104842607124579157e+00,5.048334012814785332e+00,-2.517189205665618434e+00
-1.650519916262311648e+00,-2.431097635882810248e+00,1.892030266362051627e+00,-2.480479995823372974e+00,5.521703990844454069e+00,1.982345318711943527e+00
-1.726613546109830866e+00,-1.834820962291156432e+00,1.041504968497036110e+00,-2.925522805562175144e+00,5.540580715332995787e+00,1.243013973581774678e+00
-1.755732965008196977e+00,-7.129947145488602089e-02,-2.391666476169618250e-03,-3.001295874895865357e+00,1.353907703900204984e+00,-7.747319708712074871e-02
1.937691036155130053e+00,-1.582609469221689213e+00,3.493167841345647950e+00,3.065155505166970329e+00,2.288490566460650300e+00,2.013073474731481127e+00
-1.192579228574364603e+00,5.559752450310124772e-01,-1.938026593748152449e+00,-1.186147131607059535e+00,7.855093945450148940e-01,-7.507502567657819981e-01
1.962194480780092176e+00,1.678932285985579753e+00,-6.595538799450340051e-02,2.858204068485746596e+00,-2.811316592575572315e+00,-1.221144831528626185e+00
-1.541770490278207673e+00,8.000308223134754426e-01,-6.646690558808128202e-01,-2.113838471285804932e+00,8.554451223483329203e-01,-8.388060809153627950e-01
3.294910275111395115e-01,-4.167495902604677616e-01,-8.549753918052704904e-01,5.138817262883854653e-01,-4.398782184256655459e-02,-1.020769158848494840e+00
-1.448899674318244735e+00,8.691420749030698278e-01,-7.896531073492414343e-01,-2.051222862031147010e+00,1.906171484967735807e+00,-9.080926970539393572e-01
2.045071776507671579e+00,2.117641203780940451e+00,1.063629755984514702e+00,3.467151423964666357e+00,-4.360937208341952864e-02,-2.876696141831276865e+00
1.498453711382644826e+00,-9.628301490122594952e-01,-9.296916021580066136e-01,1.201635119087514525e+00,-3.022463760920916176e+00,9.210786947005313863e-01
-1.342584777811634877e+00,-2.907802939069648929e+00,2.692906911310295470e+00,-1.430249978012121392e+00,6.439978280182886650e+00,2.912032231339549249e+00
1.560239673221914813e+00,-1.600872377753725484e+00,2.299593678143594389e-01,2.461480977958644623e+00,-2.390743408961850669e+00,9.384752236611504372e-01
1.554695073345091938e+00,2.235068146913166132e-01,1.639047558344710609e+00,2.624422213755853051e+00,1.005419791248560957e+00,5.729651006670444247e-02
-9.117818622522531058e-01,-2.774598232647116802e+00,-1.750758046669287360e-01,-8.154128357752714606e-01,1.186068516657214023e+00,1.533012962919773514e+00
1.922993236563252495e+00,3.048160625377216881e+00,-3.493319639285515699e+00,2.695443323967684712e+00,-3.953441841904119070e+00,-2.287794828886648979e+00
2.213603011843240598e+00,-9.922282803284850905e-01,-1.708434008207073251e+00,1.377776097528353283e+00,-3.856807553409466127e+00,1.738403701733673756e+00
2.009999564196801813e+00,-1.313037838261231993e+00,1.686390022060034077e+00,3.088218910966509689e+00,7.992618010643061099e-01,1.530710055517243262e+00
-4.126396280743862555e-01,9.081903596117636424e-01,1.058232929989581628e+00,-2.313884864060411495e-01,3.458880385193437323e+00,-2.679268778178150789e+00
-1.004638088069021995e+00,4.648345221715947106e-01,-2.245391897053722552e+00,-8.221009537897439046e-01,6.681564575832029673e-01,-3.480907577812679676e-01
-1.842868951291983359e+00,1.722783248682409951e+00,-3.278322374974794062e+00,-3.397712693109775639e+00,-1.721578461865010123e-02,-1.399055105155340151e+00
2.535294700297056281e+00,4.210382275444473521e+00,-1.553645891919899658e+00,2.417561249905102017e+00,-3.913077683332829348e+00,-2.410737487196681350e+00
1.059387891381216473e+00,1.857409154198993217e+00,-2.977624178768628838e+00,1.093303434527717499e+00,-3.389477894366980326e+00,-2.264659285920473941e+00
-1.856231692170942971e+00,-2.269419574991085042e+00,-7.204494852294520690e-01,-3.482048669067717039e+00,5.532731937072988826e-01,2.265652359532781546e+00
-1.334071843641259081e+00,8.572152352297047750e-01,-1.422558184717225060e+00,-1.606159357261385034e+00,7.648940531384648134e-01,-1.127075903070389185e+00
2.087113465245788113e+00,3.783203614199441844e+00,1.000080839241995534e+00,2.490630551493413058e+00,-6.306389305083860419e-01,-2.397280068439576084e+00
-1.757545033230652809e+00,2.295214173563072446e+00,1.051373232932475865e+00,-3.014621498046305970e+00,3.944164495637871415e+00,-1.045036209823205997e+00
2.331412712110269236e+00,-1.947437636746618406e-01,-8.442061594656049550e-01,2.248681145697207562e+00,-3.669638181982056935e+00,1.014606222104919020e-01
-1.568862931809344108e+00,-2.625314062524374936e+00,1.357815474538329070e+00,-2.249626560675210829e+00,5.557779638203005135e+00,2.605179273846314203e+00
-1.560843689949944046e+00,2.863759296707904412e+00,1.625740323953999145e+00,-2.297135392455808667e+00,6.106737275293527389e+00,-3.480247152042370118e+00
-1.763067241160740428e+00,-1.922908172340370481e+00,-4.820416956939119757e-01,-3.039303105388725612e+00,1.007435479651516363e+00,1.094683763585071468e+00
1.161617024141972543e+00,2.460867229458217231e+00,-1.348245778895957869e+00,1.217752754970637064e+00,-3.177061706221243398e+00,-2.478705821153155853e+00
1.635568161344194360e+00,-1.434942602053540739e+00,3.247302900744664100e+00,2.994836436283035752e+00,4.783322836496092245e-01,1.648449143569398423e+00
-1.244897391293639410e+00,4.743756922264799614e-02,2.570325772855469815e+00,-1.231757175985355168e+00,6.470357192585153072e+00,-6.549461330178010243e-01
2.376853660412485247e+00,3.795016339709289532e+00,3.047308746297129112e+00,3.122515010326111451e+00,7.703430490082597837e-01,-3.002565027267562137e+00
-1.445967346889409866e+00,2.156169955102533287e+00,2.887725409665160115e+00,-1.946162753670535039e+00,5.609756509328963858e+00,-2.374303100900567287e+00
-1.315713326140152573e+00,-1.795867888713884586e+00,2.791968201203784083e+00,-1.613300221642135934e+00,4.934359265627415780e+00,3.969467127323960121e-01
1.877523220994183006e+00,6.155742067829703679e-01,2.778479298079157722e+00,2.403496472685592522e+00,1.095395125109465795e+00,-4.731126058487076236e-01
-1.272776793210045998e+00,9.745935353008491342e-01,2.591976791791479329e+00,-1.397890453013090895e+00,5.517306296228044360e+00,-1.259956228438909864e+00
-1.638920319743903287e+00,1.704727293358757834e+00,3.257901625259213674e+00,-2.520043205369128181e+00,4.980260867639015210e+00,-1.763462251353347110e+00
-1.455610343357886860e+00,-1.274364495859076740e+00,-4.738761805554636553e-01,-2.031613768407188214e+00,5.955260840712724990e-01,1.102614576851697059e+00
-1.148647711752615597e-01,-4.119573070015957406e+00,2.128736854222350594e+00,-4.251925403562006878e-02,4.156615986063995294e+00,3.314433902053818493e+00
-1.424787814432758593e+00,-1.777133346591406315e+00,2.587142140062407947e+00,-1.688328426955273853e+00,4.444024063023502613e+00,3.797306724122178068e-01
-1.683267012939341445e+00,2.980719912150163964e+00,4.351636510440801686e-01,-2.816477184294917890e+00,2.264513842537393185e+00,-2.197793134099327528e+00
1.785808108916077996e+00,1.917990560051664684e+00,2.291129357918002540e+00,2.085766627154715280e+00,5.271790795154089881e-01,-7.293457690386095926e-01
-8.482259977348421964e-01,3.817865966588092075e-01,-1.630741813755259617e+00,-6.656430433816793446e-01,-2.271394055144759783e-03,-1.238529842815602411e+00
-1.042814428453297637e+00,1.242283501300490034e+00,-3.304410848884822283e+00,-9.420033774153173667e-01,-3.116191689870980164e-01,-2.195095144600334613e+00
-4.034998233201810280e-01,9.378774396684358416e-01,9.696599989640795059e-01,-4.366311715589858977e-01,4.702389626610382400e+00,-2.813763149121350615e+00
2.587704697759217520e+00,-6.410790548793890986e-01,-5.381229436328891502e-01,2.451557386501621139e+00,-3.522156867742781472e+00,1.039832694100848443e+00
-1.548738530124097235e+00,-2.388148402864566755e+00,1.721546752678294823e+00,-2.165033912348786060e+00,4.920164597699262288e+00,2.268591972672614254e+00
1.716023652632744145e+00,3.345982312172737672e+00,-1.918765480076536356e+00,2.976131634718352181e+00,-3.759455203005008350e+00,-3.189471734096899880e+00
9.279543344408857086e-01,-3.320418281938314564e+00,5.604849312764876856e-01,8.837928170256823535e-01,-2.027207053811819204e-02,3.471900162111548838e+00
2.054921023838573557e+00,-1.647654584675439349e+00,-9.853774699895172517e-01,2.403698760284894043e+00,-3.544295307480129331e+00,2.838532166214676522e+00
-8.922741933088497168e-01,9.658274220612292904e-01,-2.657235000557670812e+00,-6.220947746920595378e-01,-1.135242837420093465e-01,-3.430287004520530925e+00
1.844295969765367804e+00,2.546066121931414461e+00,1.574782492829055691e+00,2.643416032860490539e+00,1.718412306842138082e-01,-2.923290506013979329e+00
-1.484256520877113239e+00,-1.609073193003039526e+00,-3.295146365311089731e+00,-2.000501152757302670e+00,6.934037049570305200e-01,5.256846459845014863e-01
-4.316055236870312006e-01,-8.112594680854652296e-01,-1.641183881805208911e+00,-5.858035062520583480e-02,3.191577214236571702e-01,-5.896184109537374596e-01
-4.937015555611072859e-01,-3.432823479380981535e+00,9.346777758538653558e-01,-4.834275370209724088e-01,4.445453004453780110e+00,2.556728281529101920e+00
-9.007794034791136717e-01,-9.993308052141410824e-01,1.804931176849618346e+00,-8.719528709139514611e-01,3.868595136900461195e+00,-1.422464324329730800e-01
1.308966269929677351e+00,1.379432062319602581e+00,-1.823919949988809464e+00,1.793668553594539361e+00,-3.448134732373747013e+00,-1.331814857191044865e+00
-8.239772767586930335e-01,-1.658740912225601161e+00,-1.192194269615124202e+00,-7.978771241579130091e-01,4.044676279206409486e-01,4.724218116205403106e-02
1.701040382256658434e+00,-1.989144144949942072e+00,-1.434327025153514512e+00,1.780180801892261577e+00,-3.560832070027425189e+00,2.479593154817354872e+00
-9.089228435861297362e-01,-2.839609950957559192e+00,2.134019060664252621e+00,-6.634808828847007511e-01,5.281135794987237730e+00,1.529601287233988138e+00
-1.803236629251622203e+00,1.720439458255900611e+00,-1.053642553804607918e+00,-3.185018528382232539e+00,6.747275520919895353e-01,-2.999415836437038241e+00
7.721911904593393716e-01,1.720282598377378624e+00,1.881875133072825612e+00,8.448490457403581289e-01,1.602449488102974939e+00,-2.581879106032827664e+00
-1.735375591302049214e+00,-1.649010950745334991e+00,-6.974652736248323492e-01,-2.877245196645984215e+00,6.952276592727980598e-01,1.576349588079441588e+00
2.707155718586957249e+00,1.585045870836667037e+00,4.196285592890127703e-01,3.142377542552987180e+00,-2.270130552354865827e+00,-8.558571497362370550e-01
1.666529649638008426e+00,-1.234118914932403221e+00,-3.123041477702607871e+00,2.886726608520368664e+00,-3.855110542927656425e+00,1.469539050604965702e+00
1.122135799405658219e+00,-2.147634074974726026e+00,-1.292275079829058981e+00,1.064509099025220173e+00,-2.943407116022366488e+00,1.598358605594906834e+00
-1.464768061710076008e+00,3.384033338054927231e+00,-2.871145498737796231e+00,-1.895513425493962956e+00,1.733768063662735059e-01,-1.600602028469531257e+00
1.658415110056443709e+00,3.958399701892867384e-02,2.441028116437695239e+00,1.036750214794832203e+00,2.770496271793204124e-01,5.467981118122944295e-01
-2.017082372275325053e-02,-4.363531319007208253e+00,-2.963301147410531744e+00,1.889422618906158036e-01,-6.305765594794817686e-01,3.323389602116939123e+00
-1.627899260036691942e+00,-1.828947721509664337e+00,-2.310605927290705353e-01,-2.345417661532292364e+00,1.110617434899174860e+00,9.189394076785744048e-01
2.757210182729011194e+00,-1.486667324329358220e+00,-5.660797088677296252e-01,2.022628314592081367e+00,-3.599159956466707389e+00,1.848297364434440482e+00
-1.084565918798902739e+00,-2.961366808212761992e+00,-8.152932653768951710e-02,-1.099133674384619397e+00,1.297559782568133979e+00,2.640691619283384917e+00
-1.295716415547678801e+00,1.081167514599191248e+00,-1.733333839835395906e-01,-1.512452715003395287e+00,2.263065633794295373e+00,-1.023002094731857881e+00
-1.570889208999368014e+00,3.365071797126768516e+00,3.124763188809981607e+00,-2.358950776833788510e+00,4.217762868680735799e+00,-2.960061810562826690e+00
1.692670041275349258e+00,-4.954464388885895243e-01,-7.486202255845739728e-01,2.704780487841319747e+00,-3.287679148297260046e+00,5.929462126076172623e-01
-1.654756481538204982e+00,1.450041704829903244e+00,3.086556517316926040e+00,-2.652308827123910362e+00,5.777596348800928538e+00,-1.215266600667157082e+00
1.132251809180885749e+00,-2.405683994952241722e+00,1.094802551603804019e-01,1.477210361097373692e+00,-2.038653627405878410e+00,2.502611246801862421e+00
2.822059105773257137e+00,4.977046740235860689e+00,1.085034996360867865e+00,2.881633052123973471e+00,-3.398790572557812695e-01,-3.136024610470767193e+00
2.343026450373574932e+00,4.571735440168247955e+00,7.727459525634063908e-01,2.278783562367276971e+00,-8.747348239479337817e-01,-1.634210049164650513e+00
-1.438585618924760778e+00,2.980282610639520824e-01,2.579427779173816049e+00,-1.839703725098524867e+00,4.907761124575775291e+00,-2.678944535228549029e-01
-1.734896014634155215e+00,3.254634403555290323e+00,2.049119120651738513e+00,-2.882289132367161777e+00,5.134955776307808861e+00,-2.333162311779676479e+00
2.821422915496206052e+00,-7.135739093809019273e-01,5.201090168502151556e-01,2.895696677361886628e+00,-1.960531078335213895e+00,3.004377729976841493e-01
-1.245676765975065381e+00,-2.889636409264738859e+00,-2.297856652927710019e+00,-1.476557790168724793e+00,4.023982764494091757e-01,3.144174129171982024e+00
-6.506472893439234628e-01,-3.805541544894657680e+00,-3.396350327279010983e+00,-3.859324138037716345e-01,3.999995973770594793e-01,3.306189759511219073e+00
-1.784903220547118696e+00,2.826754536736778345e+00,3.268435424063190986e+00,-3.127272324696364514e+00,6.016949620622597195e+00,-2.970555675915744764e+00
1.352505448078783479e+00,3.773256697610491095e+00,-3.047451075633167861e+00,2.021594076733415513e+00,-3.573834675969529862e+00,-3.043610940715009594e+00
-1.724140701424371036e+00,6.861242936763902733e-01,-1.995353069847764171e+00,-2.865307616760601306e+00,1.202404135938056617e+00,-3.270075715907680980e-01
-1.708380469056193451e+00,-2.391642145228195293e+00,-4.332933570988335426e-01,-2.753209524556022192e+00,2.323034506972859514e+00,2.042972625569452028e+00
1.742847189198829305e+00,1.511997044899608511e+00,3.385878846811888998e+00,1.705832374217306935e+00,1.076224969811654608e+00,-1.076638372099033347e+00
-1.222792071187293494e+00,-2.982735068774247988e+00,-1.784969399888763908e+00,-1.235356542998729878e+00,1.711633461045158011e+00,2.791181961645553322e+00
-1.713317319794854798e+00,-2.223582475460437635e+00,8.615355780849931477e-01,-2.768207015694074791e+00,3.936265612259115532e+00,1.172582541827274838e+00
1.917237463277261966e+00,-1.288367725822778365e+00,-1.686060932783419952e+00,2.147293628945690536e+00,-3.776158526615474464e+00,1.944972929276612028e+00
1.211076352931704569e+00,2.381958230624083850e+00,2.297597223228150298e+00,1.116470532682383165e+00,1.020673028936300852e+00,-6.089779718255772245e-01
1.228375506520827720e+00,1.320069641532381821e+00,1.353559008104940453e+00,7.291466917137485737e-01,7.777599702669986126e-01,-6.930168295035752379e-01
-1.150785552463608141e+00,-2.127540737744491040e+00,-2.423396015850119323e+00,-1.166674969313937105e+00,-8.425882192396438874e-02,7.670353981314814718e-01
-1.450895917427517778e+00,2.906416717769223723e+00,7.727028891702785174e-01,-1.848116044808501446e+00,3.410026169878176194e+00,-2.656236891549357271e+00
3.109027672585136237e-01,-4.553064179944068535e-01,3.894462249132399911e-01,5.429531740138813234e-01,1.083826466547632261e+00,-8.507831202637854418e-01
1.793388998275020185e+00,2.845242679701246225e+00,2.819609163523853823e+00,2.854745263984881376e+00,1.972414701597460684e+00,-2.862749470736095425e+00
1.811701274988498866e+00,-6.828875879427640516e-01,1.127560904670305675e+00,1.405312300549576676e+00,1.667068615022543332e-01,1.852032562115244474e-01
-1.017442925292274758e+00,-2.810269190709691500e+00,2.029942238288345635e+00,-8.157863385457879701e-01,3.920402233108062795e+00,1.679653775842792740e+00
-1.330554358537733295e+00,2.049620955608348893e+00,8.813333411239376858e-02,-1.455045418362020726e+00,1.725659131448598504e+00,-2.764382273021931180e+00
-1.422733747080679345e+00,1.920557481500051900e+00,2.073567395496272781e+00,-1.729024521636107536e+00,5.456858517861231661e+00,-1.643933691724113633e+00
-1.441038371662560325e+00,2.385090745974300042e+00,1.654555893034820535e+00,-1.770591134528028965e+00,3.680891120630587654e+00,-7.952133330443551529e-01
-3.708808882589655909e-01,2.155251736053769296e-01,-3.030231714532893861e-02,-1.035309984510672798e-01,5.066041958058452588e-01,-6.536251530330705606e-01
-1.677006727160835098e+00,-2.200606676066469536e+00,1.094716335969792453e+00,-2.716025143358434590e+00,3.854748009161530931e+00,1.472384993700912581e+00
2.099034960820968188e+00,6.742280318791546989e-01,1.168292738195980895e+00,3.258770428651091677e+00,4.066996282629246062e-01,-5.830485707786019489e-01
2.542344719664973773e+00,-1.783845515465261933e+00,-2.933675889295271233e+00,3.327335538926276648e+00,-4.154998783856592048e+00,2.037580158337156000e+00
-1.128161448065993389e+00,1.093974048715496972e-01,1.217870902478583872e-01,-1.008939804279817665e+00,2.280791394555659490e+00,-6.320681438234130312e-01
-1.836045593484881167e+00,3.140126410123817990e-01,3.049016055027189864e+00,-3.365035047773465848e+00,5.207116129741086397e+00,-3.788148790297336532e-01
1.129521960843156148e+00,1.779999667095483629e+00,-1.170140527623017679e+00,7.750758328990627888e-01,-3.125465640334654793e+00,-3.239846829964394104e+00
2.072368321111555112e+00,2.422273936681498707e+00,-1.597311650641943359e+00,2.012279878009244349e+00,-3.765320651820175168e+00,-6.095839440483654670e-01
1.642057069306277928e+00,-7.062681343156078650e-01,1.816954734331875265e+00,1.559192116780013571e+00,9.567533046051386325e-01,6.128597885923019462e-01
-7.372886046548822181e-01,-2.867158126814330021e+00,-1.761348965929999233e+00,-5.168566071344864454e-01,1.277062668293546532e-02,8.197967242439325730e-01
1.908298430319196548e+00,2.063579677415861902e+00,-2.348386812203956620e+00,2.392851191984686210e+00,-3.884826762615147810e+00,-1.604976777533295706e+00
2.078614373625813361e+00,-9.947943155282102934e-01,-7.142082827627787012e-01,1.967570359119505952e+00,-3.549638255612802773e+00,1.039425184513628864e+00
-1.468254391520728008e+00,1.939223392485801778e+00,-8.239585254454384611e-01,-1.916820097462859085e+00,1.170823488795395884e+00,-3.080596198506852179e+00
-1.133026520938098081e+00,-2.729804586734730254e+00,-1.457922301101712392e+00,-1.268948942363080423e+00,6.522124995386078261e-01,3.048638783467585434e+00
-1.536908716637752192e+00,1.168976994457037621e+00,8.370290207431576590e-01,-2.018910670812854136e+00,4.079883683985055853e+00,-1.542050378010651368e+00
7.587914623526372804e-01,2.455476738691845018e+00,-1.928251081530389266e+00,8.942748059996317167e-01,-2.555344635935544506e+00,-3.248259904684311472e+00
8.173234563051992030e-01,7.802726013258545201e-01,-2.565397069074447867e+00,1.046378922251307131e+00,-2.787464714267609889e+00,-2.497261216632105985e+00
-4.421262060788455073e-01,2.531185602914347577e-01,2.097044038755329076e+00,-1.629445051687410384e-01,4.306461773924950442e+00,-1.163973104162676631e+00
1.519682087745691801e+00,2.472844453651005914e+00,-1.511575651607856452e+00,2.539975244289078837e+00,-3.435538738211462828e+00,-2.336319027345054700e+00
-1.307962811433502681e+00,-2.710023496085256056e+00,2.129744953191606172e+00,-1.379783960867600356e+00,6.052984359191738051e+00,3.052646512560399650e+00
-7.794618968900861589e-01,-3.032269112763318120e+00,-6.112884235829341151e-01,-6.766956002748978349e-01,5.436246771687385237e-01,1.308827319548465873e+00
-1.340769488246996488e+00,-2.480727322265842805e+00,-1.777645944621970342e+00,-1.705010178795842268e+00,1.149600668440109164e-01,1.478269900472991338e+00
-1.653368656778839929e+00,1.789738324417706306e+00,1.373172932643520916e+00,-2.689332667125979626e+00,4.020790075586018197e+00,-1.331149631782476916e+00
-1.694361983266718497e+00,-1.054677229642565051e+00,-1.111886616676939887e+00,-2.694949510911943680e+00,4.972814917332603613e-01,5.332974290804122219e-01
-1.422364645444532671e+00,-4.521001479733804951e-01,4.179291727404299550e-01,-1.792953133899026330e+00,3.189759243518055953e+00,-2.960115215293859237e-01
-1.680761614103542190e+00,-2.494003761976068656e+00,3.261075661585159935e+00,-2.724909094357597983e+00,4.107703087667734287e+00,3.243200985649310475e+00
-1.076647202684439364e+00,-3.189487350934948839e+00,1.266949369210461640e+00,-9.011470356875701526e-01,3.472655884343159194e+00,2.710882152731058703e+00
-1.093728309889286487e+00,1.210109071538514103e+00,-2.508094994580876147e+00,-1.141565937113425466e+00,-8.465779500343346975e-02,-1.545478303970313716e+00
2.094100336492766612e+00,1.957270192784704044e+00,-2.285658845463047317e+00,2.780829448437294182e+00,-3.928776698233529707e+00,-1.413204684294634639e+00
2.618363875369888571e+00,-4.883927254012579988e-01,-3.003273696068082810e+00,2.771863029989430238e+00,-4.176480196843558979e+00,-4.301960601358345571e-03
1.518069537886119980e+00,1.813856337855575429e+00,-2.133978405604306072e+00,2.399868897803420609e+00,-3.548393538005578662e+00,-1.474658063099738570e+00
-1.483895284778964818e+00,3.022066010121370994e+00,-2.301053729234669554e+00,-2.035114925184428714e+00,-3.519325013774698280e-02,-1.732679704011213406e+00
1.292900614617520372e+00,-2.350073869667105297e-01,1.674669232371161165e+00,1.568587124627370599e+00,1.696849075175079324e+00,-1.611359581997628965e-01
1.034312298964960242e+00,-1.433901394186127831e-01,-2.727507124140560624e+00,1.056106687874503791e+00,-3.087616025392563301e+00,-4.252704816730235038e-01
1.860878266880477305e+00,2.937064865725457885e+00,-1.215622567646437169e+00,1.942731000767505378e+00,-3.616584750746409505e+00,-3.347553016825691063e+00
1.528150202128236046e+00,-1.054877174665756590e+00,2.201480976457388827e+00,1.637322859970468336e+00,8.051003421339584243e-01,4.817736335054449981e-01
-1.556710101633999477e+00,-2.016698864245445755e+00,-1.052099295407815216e+00,-2.382560777447399136e+00,8.146537313680820569e-01,8.016435144678331071e-01
5.690575047510234574e-01,-3.797396572134610349e+00,5.447384801932475540e-02,3.067148200836986582e-01,-3.495925163863536911e-01,3.275757499606073431e+00
-1.209681281916776818e+00,2.476446054312807288e+00,-3.122092707377355225e-02,-1.264597181802510129e+00,1.219945406693947687e+00,-3.025060832885761997e+00
2.016576911642381731e+00,1.992109245632803338e+00,1.899805666867609766e+00,3.159203412976163250e+00,2.024558919349517261e+00,-1.740314516347575058e+00
2.251186227669954576e+00,-7.138666733343872473e-01,2.645629728996117258e+00,2.775061459332196279e+00,3.939968123936595235e-01,1.239513005150932656e+00
-1.652461612422409409e+00,1.784070648392156011e+00,-2.734872744494453833e+00,-2.588505805086374956e+00,1.894723721075179945e-01,-9.386153032287669618e-01
2.410090728529239890e+00,1.313546255982266375e-01,-1.065550472624389844e+00,3.463916036911762752e+00,-3.721095466271872265e+00,6.420855946876757869e-02
-1.001206543808577321e+00,-3.141439156573015978e+00,-1.837588988488174646e+00,-9.988777753400706061e-01,5.459993378324975444e-01,2.730745970619796736e+00
-1.702795610133629678e+00,-2.179652653593166178e+00,6.553848119462628574e-01,-2.723977814607416281e+00,5.511523387865487678e+00,2.847880690424856809e+00
-1.089109427524756590e+00,7.641663338389226290e-01,2.628351470221199193e+00,-1.038550425759462659e+00,4.306267182830126217e+00,-1.793784608482474230e+00
1.582688988338944114e+00,1.785459786902708457e+00,5.484109946232162969e-01,2.085399652996037467e+00,-8.842405532198879259e-01,-1.606641273062045627e+00
2.919248131960332948e+00,2.110366539132593644e+00,3.009230874206628492e+00,3.002305401764080450e+00,5.645166866123664529e-02,-1.661259640458280007e+00
-1.524974854951035352e+00,2.495393168415902974e+00,3.491828348990406283e+00,-2.122778521652788797e+00,4.540204083319360429e+00,-1.218904968023703628e+00
1.701947121870558188e+00,-1.704897672996076530e+00,1.226335763833006354e+00,1.486634626014526006e+00,7.718087442760384054e-01,1.748341854143840024e+00
-1.551675776460397227e+00,3.922697834796128102e+00,1.013237570831059919e+00,-2.097357633178780212e+00,3.407495035716018528e+00,-2.349159424027034593e+00
1.756604831289698021e+00,-1.227021805334365334e+00,-9.413041413877385466e-01,2.929812760364910673e+00,-3.484376363452244885e+00,4.396874870995501894e-01
-1.204018688243596147e+00,3.852180908934214276e+00,2.952844717303380939e+00,-1.320359191917217956e+00,5.280749480233160931e+00,-3.190579724426977570e+00
1.056421176773591153e+00,3.709563393715597623e+00,2.894200468679380300e+00,1.091975497960799402e+00,8.554069901101114537e-01,-2.749258887287441500e+00
-1.823594341738308255e+00,-1.949006359568424607e+00,-8.512569086012478081e-02,-3.311676765993627924e+00,1.419533329150068024e+00,1.217155546234470087e+00
-7.777581209546489127e-01,-3.895449810635521759e-01,3.231067274026667491e+00,-5.428891426350324068e-01,4.960883980146700623e+00,-4.132034177004362263e-01
-1.391695323105989202e+00,-1.672147361334398674e+00,-9.369531795516961026e-01,-1.814265851872782331e+00,9.524405033220471051e-01,1.975524027912483049e-01
-1.157058062746579852e+00,1.602402148594452846e+00,2.681642036559590103e+00,-1.612121875495243994e+00,5.604633325974148761e+00,-3.163199737349781770e+00
-1.563363023223528714e+00,-1.893507594140948047e+00,-4.460034095927083442e-01,-2.121931852661096407e+00,1.886474223337559097e+00,9.833077063787287742e-01
1.663292408054032112e+00,-1.221496586279782415e+00,1.049137946570918523e+00,2.175355874678014168e+00,-3.621241975930288293e-01,3.382022414408954347e+00
1.237373944469343900e+00,1.606541602981901518e+00,-2.318430856241771032e-01,1.333535220224071338e+00,-2.515785449556428244e+00,-4.433427232792324091e-01
2.113327078634821277e+00,1.929198920079235879e+00,-1.397596918032647295e+00,2.564810774123112758e+00,-3.784544833087621907e+00,-1.513021531567805500e+00
-5.518191499629651053e-01,-3.485402711771521833e+00,-3.469535847812921237e+00,-2.859316858379150617e-01,7.839114882520201721e-01,1.927075591909073182e+00
-1.856680144931423193e+00,3.440036294955542751e+00,-4.977607718592542696e-01,-3.485078617616941710e+00,1.269956860926001685e+00,-3.027846225968827465e+00
1.737880784543569979e+00,-2.770303487768764894e-01,1.276652295655686942e+00,2.305389725842855952e+00,8.546142410444457216e-01,1.727381654811881440e-01
-1.037178667143565880e+00,-1.500183956397470597e-01,1.714548175875305169e+00,-1.143905672846516008e+00,3.707752632815239924e+00,-2.941191667862192993e-01
1.958828549163696753e+00,-6.979318055248500130e-01,-2.194479555160734119e+00,1.386062879713675144e+00,-3.845294709929369947e+00,7.621557438178383492e-01
-7.219908552367033661e-01,-2.959687069119014247e+00,7.201553506492244239e-01,-8.933487239175543770e-01,2.768221692378335597e+00,2.708514921324437275e+00
-1.771432632236261462e+00,-1.843625912312956583e+00,-5.073147434038185466e-01,-3.059747763448677826e+00,1.011921140282075804e+00,2.006451439248358781e+00
-1.797041277594131792e+00,-2.107775251436204922e+00,6.935851434608828470e-01,-3.211040218174477268e+00,3.190607548997223653e+00,2.434838173478262924e+00
1.068655087212299071e+00,1.132945172015361157e+00,3.267071670158824936e+00,1.460124602212237832e+00,1.152628650111678477e+00,-2.288726487119757014e+00
-8.458618445035444022e-01,-2.793425326364242345e+00,-1.012766709750476224e+00,-5.371724225236245154e-01,2.271715089153904799e-01,1.097399936863920900e+00
2.564507637114574745e+00,3.633787419410140274e+00,4.005207739894478536e-01,3.365891772833776052e+00,-2.251916912637444756e+00,-2.625442013303578292e+00
-1.520180215763645482e+00,5.712465718255504976e-01,-2.711859488939721174e+00,-2.128649884280901183e+00,-4.835811133752920821e-03,-3.939038590264254402e-01
-1.277937523532537423e+00,-2.896291189317172332e+00,-3.026145642173112105e+00,-1.655865083684326944e+00,1.792704470893385360e-01,3.398089289240209254e+00
-1.270940179134131709e+00,8.589964290270640790e-01,-3.245314812646130864e+00,-1.344011746514685690e+00,3.119499392786345693e-02,-2.018276235398777096e+00
1.343514677214848074e+00,-6.825958017117080834e-01,-3.423158829030129802e+00,1.888820297417558969e+00,-3.679371370002380015e+00,1.779950223850663704e-01
-8.066092704779068701e-01,-2.827170935048046729e+00,-1.442660137519069963e+00,-4.973576163926232141e-01,7.519258058621419716e-01,8.081287170950357535e-01
1.935357568714549115e-01,-4.137048390401321996e+00,1.027753787197575264e+00,2.399839348622836432e-01,2.605073088978995699e+00,2.647916405754899394e+00
-9.231605699429524803e-01,1.351678404235847619e+00,-1.658172109707747310e+00,-8.176350958148574932e-01,1.928039720031372362e+00,-1.296536836354190925e+00
-3.445150437151662803e-01,-3.870624919474394687e+00,-2.659234194535695650e+00,-1.308844755897968781e-01,-2.513365742120846624e-01,2.237473396894148259e+00
2.221274375792545719e+00,2.143901209287789822e+00,1.923670207211394256e-01,2.688147933502753162e+00,-2.041494909473291486e+00,-1.661528338276924810e+00
1.964580603017687555e+00,2.636802277384160398e+00,-6.289052982554332871e-01,2.982385330018944458e+00,-3.441460472467178455e+00,-2.696571252985440204e+00
1.669673078134637390e+00,3.256459442543479632e+00,-1.642873313546967529e+00,3.048364382774944481e+00,-3.609901849780186023e+00,-2.305882101545773111e+00
-1.209218280912992327e+00,-1.086084497825062112e+00,2.874617060518371403e+00,-1.390507681304139709e+00,5.311586615065596817e+00,2.220520516756194773e-01
-1.618324889320150950e+00,1.976604076658454723e+00,8.268936647181446276e-01,-2.424989836307487323e+00,3.201812610601549203e+00,-2.991286573874798904e+00
-1.515311804367113213e+00,6.729043405906895980e-01,2.864469391142926646e+00,-2.170000435356420176e+00,6.910486702285814076e+00,-6.278718510086545024e-01
2.210411159281219895e+00,-1.966911202701270955e+00,1.544638184816125026e-01,3.119577560632176727e+00,-2.533276377468698826e+00,2.586124854690584840e+00
1.261370181529004597e-01,4.441946749508969283e-01,-2.979448620375112711e+00,2.089887123360267829e-01,-4.571000654242214356e-01,-2.148281750540148582e+00
2.840695390916408769e+00,2.262629922725635012e+00,-8.358851172658039452e-01,3.199859584343840879e+00,-3.754898028062144011e+00,-6.282228935035596429e-01
1.579671668915245242e+00,-2.164772621347526016e+00,2.931119512604865029e+00,2.155395268936983300e+00,1.100544308241096392e+00,2.373754518723451667e+00
-1.138815151169694007e+00,-2.845721779721289924e+00,2.480069145173382950e+00,-1.125383483630872039e+00,4.194947048225836639e+00,2.301075563146815384e+00
-1.717056386920634337e+00,-1.998997003504130898e+00,1.528126292482657078e+00,-2.897557350439197599e+00,4.322364113731255841e+00,1.537032915835525593e+00
1.978985250746910340e+00,-8.798754169536935343e-01,2.995775164736425467e+00,3.100502108984660943e+00,3.706245834730439448e-01,5.841383107487931881e-01
-1.382199507334525901e+00,2.632500990088566972e+00,2.023513799098552113e+00,-1.927303424812548682e+00,5.408041292694144353e+00,-1.418206603669121435e+00
-1.527630442002217093e+00,-2.044888858204067184e+00,-6.984979314557842045e-01,-2.051037774154358395e+00,1.967714518563632442e+00,1.276745652971284173e+00
1.343498378284595951e+00,-1.838115497881193772e+00,-7.927924992044657060e-01,1.640334551162319521e+00,-2.907876718897946411e+00,1.695394321786904079e+00
1.596886478638310125e+00,-5.007503840478809698e-01,-1.380869638414301548e+00,1.598697405635308932e+00,-3.393948577664254618e+00,5.012685485712973232e-01
1.828566368971384692e+00,-1.306693248186488798e+00,3.053609448021395778e+00,5.588297922500427006e-01,3.173920905282813232e-01,2.934034730506381194e+00
-1.044940534472087901e+00,-2.680795987973083161e+00,1.852474028490468605e+00,-1.161014428100470397e+00,5.944115282556087010e+00,2.067871576025801517e+00
2.067119803461349825e+00,3.117294431106857111e+00,2.720910993789832588e+00,2.897532761896830067e+00,4.272104263860492801e-01,-2.179379008579576116e+00
1.640114232543514960e+00,-2.022379558358083695e+00,-9.074543540419721666e-01,1.948561397184906951e+00,-3.347381136871101504e+00,3.136489548134294481e+00
-3.254279066413888755e-01,-3.877370833908990289e+00,-1.921694765123511228e+00,-6.964436651513272736e-02,8.885511010883415661e-01,1.704847100430206375e+00
-9.561132826327367606e-01,5.153236918635242247e-01,-1.160463312583958295e+00,-8.360414029236071798e-01,7.158261513032804224e-02,-1.242604404501475912e+00
2.062636136358547034e+00,-4.992713891923826752e-01,-1.509280833525863175e+00,3.040336065444153135e+00,-3.733876909650470477e+00,2.980841598606818188e-01
1.797618657110663154e+00,1.228390575854783506e+00,1.635794206227267900e+00,2.334162580553410749e+00,2.231676759364651375e-01,-3.174952573939906486e-01
-1.754526454742317831e+00,1.366987207458070230e+00,-1.149543157634695056e+00,-2.937179495651033534e+00,1.804822828336750895e+00,-1.635034216136756591e+00
-1.482199934531820862e+00,-9.913537924438415860e-01,1.791801369376084807e+00,-2.221848449641401491e+00,4.622628650428401542e+00,6.469828246211211109e-01
-1.661498144855836134e+00,3.381408514672881616e+00,-1.540435434900345735e+00,-2.669809189149090045e+00,5.533124313029050972e-02,-2.988068563983055981e+00
-1.842832336767742163e+00,-5.738439549717639920e-01,4.243842412345646409e-01,-3.404047381840990649e+00,2.978241599581764820e+00,-1.605018965418918420e-01
1.434206467971154364e+00,-1.935174739080312012e+00,2.217783690111866157e+00,1.258840479348897645e+00,3.365723840357134344e-01,2.091728845597814690e+00
-1.375946112169028845e+00,-2.522287187782252360e+00,-2.641824454863836102e+00,-1.697785365797892521e+00,8.970709114904512615e-02,3.069117961536108830e+00
-7.049168207915690321e-01,1.267256669798765056e+00,-1.724883229530539186e+00,-7.295128845986731392e-01,1.751776817472952441e+00,-3.028133954386555970e+00
-1.748008776757577154e+00,1.047783980507129620e+00,-2.434670885939244744e+00,-3.042633073872694993e+00,1.666487559447309419e-01,-2.145334299677918999e-01
5.653292401758455155e-01,-4.261288888470015301e+00,-2.026714298332228825e+00,8.110299415669386391e-01,-1.681745680105026342e+00,3.123072268272327534e+00
-8.920904941614847816e-01,-3.423954418860823523e+00,-1.214592814242386964e+00,-6.696565679897283907e-01,9.669271836783559504e-01,2.993034611973643067e+00
-1.557244078796464981e+00,-2.464744646237124748e+00,-5.728866586870164923e-01,-2.426765132887235055e+00,1.627883384970680192e+00,3.428113258412489373e+00
1.267684343185979889e+00,-2.129141176734107854e-01,-6.022814120570867402e-01,1.749511036697488642e+00,-2.949105900941233926e+00,-2.542044818416666629e-01
-1.791574813928077603e+00,-1.728657567126726580e+00,-3.266551107147477317e+00,-3.119488173889292781e+00,8.020247043988242286e-01,1.115416306401153967e+00
-9.606067422445204729e-01,-3.118971086915095725e+00,2.726755325095854943e+00,-9.120443313642945249e-01,6.272746988381705080e+00,3.431312940666858324e+00
-1.418166170322046726e+00,-6.132018286181330907e-02,6.198962363884241711e-02,-1.709273430048113607e+00,2.542016034742411001e+00,-5.503733787920324083e-01
-1.765065174031251738e+00,2.218366545614437690e+00,8.611677297235926787e-01,-3.087562279288518674e+00,3.036609620452752178e+00,-2.932464600042119507e+00
-1.614172122411267729e+00,-1.800747384515585026e+00,5.301021372801821840e-01,-2.391137039784767104e+00,3.350046357370001449e+00,8.050736111435856657e-01
2.186933814103412477e+00,-1.135189636488692866e+00,9.397029090715598443e-01,2.891063291282367942e+00,-5.963244498866470122e-01,8.840396015168909827e-01
-1.773492594783043330e+00,2.174444975760164489e+00,2.166626295411779424e+00,-3.031073061087218079e+00,4.366916064118634644e+00,-1.620949920077590978e+00
-1.609357802575781093e+00,-2.354972290323991579e+00,8.620188205853134278e-01,-2.324539684951226093e+00,4.240447517319754667e+00,2.086007169037490172e+00
1.986481177061152348e+00,3.604832287768880317e+00,-2.038064321400518963e-01,1.811942203869311818e+00,-3.161916559940274762e+00,-1.787843865347821026e+00
1.418060973473754593e+00,-1.205687306150530436e+00,3.202573989149167133e+00,1.987561343445319650e+00,1.047866354874037231e+00,6.103278064572359440e-01
2.043408324381441155e+00,-2.337148231133132636e-01,-1.903133188694591915e+00,2.452120870436537814e+00,-3.887031907493120109e+00,4.601330855262966146e-01
-1.245317329780849969e+00,1.424096031643286686e+00,-2.360192365022495409e-02,-1.216219353072681031e+00,2.368135838873809629e+00,-2.326436663195128318e+00
-1.763780288353284265e+00,1.860864992971042131e+00,-1.729281058896251499e+00,-2.969590331655865612e+00,2.793098364393739041e-01,-1.811732252993216274e+00
7.263999184667683240e-01,-2.901531500046560463e+00,8.970255360533254674e-01,8.190036303817116448e-01,7.511517544833071769e-01,4.332303047544963093e-01
-1.782586118890166160e+00,-2.326277635154769818e+00,-3.179794179202303006e+00,-3.080607038557911626e+00,1.223208068430139628e+00,2.821729297551778259e+00
2.093897136466816633e+00,-1.299866703686910263e+00,-2.965142500178248319e+00,2.233445128601735163e+00,-4.023521153256668370e+00,1.954659918119160622e+00
1.794477833796990218e+00,-1.686517984300073048e+00,-2.582902559800564823e+00,2.877594426800824223e+00,-3.738685073164485395e+00,1.666125114250719186e+00
-1.219714360244694928e+00,-2.500031977823059304e+00,-1.018913125086000182e+00,-1.375834266969769182e+00,1.370297281653799049e+00,1.022178639131890776e+00
4.620493831343019941e-01,1.519250335145144737e+00,-1.523553928798776935e+00,4.782867652525961688e-01,-1.195342330632654493e+00,-2.014730715279044126e+00
-1.352848258320826558e+00,-2.569069387377057367e+00,-2.136446465190555699e-01,-1.508917728246998324e+00,1.813259027834752013e+00,2.427182448269657122e+00
-1.337689764799832481e+00,-2.915546110385516254e+00,-9.668927448186557250e-01,-1.824142874524981917e+00,1.994428473362326870e-01,3.454051920681472154e+00
-1.751935829824130320e+00,-2.302092742020422467e+00,8.125186427905290998e-01,-2.918965392725539676e+00,3.158984667306937943e+00,2.150566369940869471e+00
-1.633740108294605253e+00,-2.275220864323857839e+00,1.372502097004213439e-01,-2.416229652933340244e+00,1.285608864472978619e+00,1.446208556342567952e+00
-1.467474915483220732e+00,-2.757651925832076856e+00,4.013104294153455598e-01,-1.913053024529987489e+00,3.558055249341377291e+00,3.242436410193419327e+00
1.476214287262184399e+00,-9.411109396397481230e-01,-2.245991623408699844e+00,8.470603983186348884e-01,-3.626113910717792876e+00,5.282199768506652404e-01
-1.452376623659546118e+00,8.466190153482145986e-01,-2.770144631747490038e+00,-1.729891250672940028e+00,-8.040871529504456383e-02,-1.338095133565760264e+00
-1.563001202829787495e+00,-2.516009776609069881e+00,1.037664508221121551e+00,-2.181609388873607003e+00,3.790689712443949588e+00,3.429302275089723295e+00
2.105737012964574273e+00,-5.951519277672205899e-01,1.269931108275035747e+00,1.778556043508010553e+00,-2.725357996100896685e-02,5.441279178635571867e-01
2.516203623865448158e+00,3.046251906072417359e+00,-1.432732358244605209e+00,3.117495424195834808e+00,-3.911574891471859328e+00,-3.034479159836327877e+00
6.901823269440263697e-01,-3.666633693744840716e+00,4.552500769898064625e-01,7.687076270090402730e-01,-3.370040402894615150e-01,1.606766648769258232e+00
2.872604502335531329e+00,-1.059465240607820880e-01,2.387785109311033160e+00,2.814877990866908597e+00,6.701853333654409495e-01,1.205164057734258165e-01
-1.750779208680531163e+00,-2.576065635673632670e+00,-6.033633668026374686e-01,-2.925934755160140899e+00,1.608606431089231847e+00,3.105529853494694237e+00
2.584966293242301760e-01,-4.111584135375375482e+00,8.102144347904367550e-01,3.483686710134734632e-01,1.862783342195837299e+00,2.155311737154687712e+00
2.777354508795505161e+00,1.864097971799761444e+00,-8.846991041011165180e-03,2.454903203079660479e+00,-2.936164363594038207e+00,-4.426880442677134653e-01
2.253695472046624459e+00,-2.072638341258704830e+00,3.446875530780318719e+00,2.556649062101809200e+00,1.535902562327733811e+00,3.363873162193858235e+00
-1.582356776682515731e+00,-1.895647372054104052e+00,1.791933529677081083e-01,-2.277363198432985847e+00,2.016684566977686277e+00,5.210426242002927921e-01
-1.624090241661872991e+00,1.815273083422791700e+00,-1.571791171090519912e+00,-2.479399129627508191e+00,2.835968447491667432e-01,-1.728969454104293035e+00
-1.176381031212583972e+00,1.624154272293796053e+00,-3.003744957606208299e+00,-1.200943050197400996e+00,2.194358917471292969e+00,-1.282169226846621601e+00
-1.042666519859799301e+00,-2.248235567137560231e+00,2.671996864247461190e-01,-1.156023883888083859e+00,1.320581047327775481e+00,4.814688008319181201e-01
1.707422899766613877e+00,2.393001369016603874e+00,-3.486597166566877792e+00,2.386508977541994092e+00,-3.928727189538900433e+00,-8.694992515616353224e-01
1.354124378565504161e+00,2.105980766801023307e+00,-1.472587633673733798e+00,1.897460684661503194e+00,-3.443246695353366249e+00,-1.693196496683622376e+00
1.554772320916141481e+00,-1.413985934807665323e+00,1.610429829116936773e+00,1.879544071274748873e+00,-2.452644794989126270e-02,8.009603485361793673e-01
-1.277915624026658925e+00,-2.194702396398654720e+00,4.786341282343276049e-02,-1.551887373491037447e+00,1.881464736345465294e+00,1.226944996628462015e+00
-9.844663215561868519e-01,-2.546367285331964658e-01,1.114363716732343690e+00,-9.728743902684651168e-01,3.158150439880436977e+00,-6.519899247802092290e-01
-1.188096452367132683e+00,-2.868656252832374243e+00,-1.491868627765537081e+00,-1.334246344462939771e+00,2.864664955301769456e-01,2.397892239363116573e+00
-1.222344476482129627e+00,-2.998061610152328083e+00,-9.414738852841644245e-01,-1.384185634977116663e+00,1.036505195366265619e+00,2.540720294278200342e+00
1.875033181847702179e+00,-9.116514881467564502e-01,-2.870019003409145508e+00,2.281645425081805456e+00,-3.915090877608760955e+00,8.353824048857925177e-01
-1.806003209019485301e+00,2.946277033387232791e+00,2.344030511096830693e-01,-3.300005878784257440e+00,1.883497811868983352e+00,-2.499368157150500647e+00
-1.228090772308403356e+00,-2.854919920720282001e+00,-1.983757798928973415e+00,-1.201893522743260334e+00,3.522272220373404150e-01,2.342974426918884134e+00
-8.337255258610638542e-01,-3.568742432360587635e+00,5.750121016814020436e-01,-5.721429570104961115e-01,4.528638665519221007e+00,3.390296378724015902e+00
-1.606872127994475541e+00,2.570972604675203499e+00,-3.370546555831837932e+00,-2.315646150823188698e+00,-8.260631315893371407e-02,-3.054943167855400876e+00
-1.413223030929610657e-01,-3.031128602851316689e+00,-3.148729753765191930e+00,-4.216034829483694679e-02,1.094449037023368376e-01,4.735250487133870756e-01
-1.465988998803049892e+00,2.061818072546210079e+00,2.956339865494260977e+00,-1.969824687875306068e+00,6.221110828183757491e+00,-2.976044588199476593e+00
-6.651731718611150201e-01,4.382728717572663690e-01,2.152313493680196643e+00,-2.858769533809457641e-01,3.793924451213677163e+00,-2.970351132987110176e+00
1.140381660574557809e+00,-1.581124260826943129e+00,-1.331370610283625133e+00,8.269131232948474519e-01,-3.215272983297544851e+00,1.019755716113805555e+00
6.843243489598312967e-01,-9.627926331504957913e-01,-2.042742024368120468e-01,8.920114768963731677e-01,-1.810754794700211390e+00,-6.540752273942986861e-01
-1.706341165524182690e+00,-1.583352047299402932e+00,5.119554922129418983e-01,-2.723177812863226688e+00,3.027729803410250220e+00,5.191479481806240415e-01
-1.141001774929928825e+00,-2.600205093271604984e+00,-2.140515852755456194e+00,-1.002821107265218892e+00,-1.706128709817036349e-01,8.089056244968375609e-01
-8.599697831095629574e-01,2.129490084391588489e+00,1.497738124101563706e+00,-7.057315415587148699e-01,4.231734448929599601e+00,-2.856617657101253371e+00
1.821503391778802383e+00,2.216301446748081272e-01,1.711292815213759866e+00,2.918808316234179578e+00,1.702122311770316032e-01,-1.888449806587471080e-01
1.807784778423829009e+00,-1.449007482559814042e+00,3.407822018163432887e+00,2.535477473304266205e+00,4.408512190636685313e-01,1.045233319305276076e+00
1.949101097070917277e+00,2.705091324441289968e-01,3.403798411170399163e+00,2.951282340999914489e+00,3.665737867142339068e-01,-4.690305158989405143e-02
-1.298861759253190140e+00,-2.777123434225293508e+00,-2.038383874980622679e-01,-1.453083997861525756e+00,1.981062615872936528e+00,2.024833589842826242e+00
-1.425822450627819649e+00,-2.737749505673485739e+00,-3.135256916665691840e+00,-1.817700774853324264e+00,-8.003648258941870042e-03,2.276532737959390928e+00
-9.519491866497898913e-01,-2.037083798111730015e+00,3.296882188746518949e+00,-9.662872474554773383e-01,5.305189817016795928e+00,5.651088423167633934e-01
-1.717309502533679311e+00,-2.688757262527369907e+00,-1.972065964931769777e+00,-2.834250447730973121e+00,3.269895373726866561e-01,3.399226768961518097e+00
1.601045553326920334e+00,-8.227146127543238929e-01,2.400460085743589822e+00,1.914075278860262408e+00,2.045280127756315736e+00,4.964812940792961982e-02
8.774353397534846444e-01,-2.980755105337571376e+00,1.126562219804617904e+00,6.452891861829206377e-01,1.157260256347262484e+00,1.381436021148429560e+00
2.483285777058539812e-01,4.489981403961053052e-01,-3.241765728323715123e+00,2.610626939673941216e-01,-6.431401831913606815e-01,-1.463374559383687767e+00
-1.222671125408142156e+00,-2.807441731268065510e+00,-3.250863379920585494e-01,-1.199528039840787486e+00,6.476562815190372024e-01,1.792308930964106928e+00
-1.175478808684209842e+00,-2.164951908793197877e+00,2.855429662778425026e+00,-1.365752921338076131e+00,5.225503693380071368e+00,1.121379333100185782e+00
-1.721682588986422235e+00,-1.407002745017815082e+00,-1.883175138691211892e+00,-2.836328191665416831e+00,1.025234516476025426e-01,7.212073381976598085e-01
-1.048043245568135662e+00,2.723258936603580871e-01,3.293661416647768014e+00,-1.304687827746913165e+00,5.816010036542685668e+00,-5.156789123967993049e-01
1.686599211271709864e+00,-1.424549810138987738e+00,-5.361722657417322679e-02,2.511826351065364449e+00,-2.429574331010229127e+00,4.773314250641331746e-01
-7.301759772367714119e-01,1.047142631976494043e+00,2.542226642524163083e+00,-5.648451982149720330e-01,4.277876070313967993e+00,-3.375452483029008022e+00
1.212728731357339829e+00,-1.816895255918980379e+00,5.974820474004527426e-01,1.195186326150388112e+00,-5.229893570389755331e-01,8.942669693863960489e-01
-1.702486047423541038e+00,1.826400316509782185e+00,-3.934119962061117803e-01,-2.760974597129853159e+00,8.328081322243279239e-01,-2.206106070882610126e+00
1.924640359631418995e+00,-1.086673805494601908e+00,5.011102413606334238e-01,2.506533184082583077e+00,-1.102486388283360430e+00,7.961084034933358922e-01
1.831424749269789265e+00,6.767027371957976545e-01,3.261742653619140953e+00,3.374353930368858556e+00,1.721283605465592226e+00,-4.829957467130148174e-01
-9.746347330967862765e-01,-3.209509745456120999e+00,3.313648868125790514e+00,-7.194557422545297953e-01,4.536763274301003790e+00,2.698745398652140359e+00
2.574699547577536496e+00,-1.055185718131230743e+00,-4.857500461202146624e-02,3.158930414549949717e+00,-3.033078202297360360e+00,1.335444401980872442e+00
7.428770995063668225e-01,9.214172038151425825e-01,-1.836432076044155703e+00,6.650842918383359503e-01,-2.517681927494541227e+00,-2.364431778483891744e+00
-1.753258485974964698e+00,-1.757225471629665137e+00,6.127967730064618479e-01,-2.911457051035334587e+00,6.186270826744714846e+00,2.129818835123649556e+00
-1.105082274136564235e+00,1.014169730681483417e+00,3.064701680346242796e+00,-1.185456832313621867e+00,4.336495572915001873e+00,-9.848115877551197883e-01
3.185165013358600028e+00,-8.159784164739162238e-01,2.630075770292899406e+00,2.407884197851716479e+00,1.292699172407128394e+00,1.472517396447114990e+00
-9.111472633549996258e-01,3.471398660425694116e-01,-6.985185147504990866e-02,-7.399413531556451318e-01,1.905135096238853354e+00,-9.815993738201056473e-01
-1.764176872395516682e+00,3.924835220655213952e+00,3.361343610911076141e+00,-3.002739634930569501e+00,6.100381862038397607e+00,-2.361350801786667564e+00
-1.384707121541938868e+00,1.619647116289372413e+00,-5.013212003530260752e-01,-1.947897733365180351e+00,1.604037237608379352e+00,-1.281691551927528927e+00
-1.229601249265098728e-01,-4.285391240547262726e+00,2.629552571445711528e+00,1.322332603710512089e-01,4.575851190855201978e+00,2.888229926183322860e+00
-4.984742570805748563e-01,-3.116507481616560327e+00,2.412428810382527544e-01,-3.773322525826796614e-01,2.767888998788783805e+00,1.036368734709408379e+00
-8.541285091515062877e-01,4.546356785929444033e-01,1.887836874444754898e+00,-9.701091950979301437e-01,3.717149838797312089e+00,-9.380485739887518548e-01
-1.046693284416159386e+00,1.094582638825382981e+00,-4.048734170346790506e-03,-1.017771325531440674e+00,1.897197415819905641e+00,-8.946891825605387538e-01
1.530393853160280093e+00,-1.819401334235108525e+00,1.964056699541408157e+00,2.538600182688244722e+00,1.071843427510902114e+00,1.756550890081354233e+00
-1.691827420082673505e+00,1.730284602349003498e+00,1.516782026416725770e+00,-2.741754386253749676e+00,5.760313879918927071e+00,-2.933048455538779908e+00
2.143253315316721697e+00,-1.347664810859010132e+00,9.287534917877104945e-02,2.121192099904886774e+00,-2.529502949640566101e+00,1.150957384932963734e+00
-1.616590189681539114e+00,-6.536735573386276421e-01,1.847014261681596992e+00,-2.440373574807974233e+00,5.852224365679177254e+00,-8.912420695491451994e-02
1.780941436029432001e+00,-5.108147578740195316e-01,8.197771095943995334e-02,2.539444152545567768e+00,-2.679935840008820236e+00,-5.337394303311171484e-02
1.357914751259258423e+00,1.227706025683605873e+00,-1.934364887749744355e+00,1.099484119422752038e+00,-3.323649627379279270e+00,-9.314679653541881876e-01
-1.731673058496920214e+00,2.639702161484347442e-02,-3.301390102201014365e+00,-2.823190857930844899e+00,7.322816941913575794e-01,-3.799359197203378002e-02
-8.876597536143203682e-01,-3.436723742171165163e+00,4.117621239442956771e-01,-6.171040046425213532e-01,2.829928546951637092e+00,2.797121308278020635e+00
-1.109711686687367305e+00,2.346384203155220227e+00,2.210509356080970989e+00,-1.377718880084236819e+00,3.731990891308968106e+00,-3.076732552580465185e+00
2.464881092750551339e+00,2.514445179015448950e+00,-6.646165538592483379e-01,3.442037275774649352e+00,-3.569096710648999249e+00,-1.060914491314135510e+00
-1.821980202926102077e+00,-2.434480724626922665e+00,2.468884626573085939e+00,-3.295276270982331113e+00,5.019594988363058619e+00,2.957596932637595266e+00
-1.730746242834029669e+00,1.236868991054745015e+00,1.158016820561301508e+00,-2.827984309790720907e+00,5.965988452098020645e+00,-1.324581498861284068e+00
1.705788589704515079e+00,-1.865400451805163673e+00,3.570141251623955014e-01,3.077460094798369461e+00,-1.818867513486687182e+00,2.815070042640700265e+00
7.906837097145715809e-01,-2.488839743699896800e+00,1.543677467639575696e+00,7.270065070175144584e-01,1.621472268042857934e+00,4.491046116828303347e-01
-1.849976116993291564e+00,-2.454912834933855592e+00,-2.644226794780309309e+00,-3.442593705441399532e+00,1.737276365293651537e-01,3.402076264602347244e+00
-1.709141668557063953e+00,-2.264800769813613890e+00,9.559039394520851829e-02,-2.841446480392559426e+00,1.487188603378226670e+00,2.205895866492975088e+00
-1.788862213283217928e+00,1.587233832928777844e+00,-8.863005058054529428e-01,-3.135165437024105994e+00,5.935960718402384373e-01,-7.237577623598050458e-01
5.077051657656361794e-01,-3.380711777486034020e+00,-1.575846895092729572e+00,4.365312145547011191e-01,-1.656955094530556449e+00,8.692146054131253408e-01
-1.227199427388829145e+00,1.529732157090387235e+00,-2.637586544718828474e+00,-1.637554546161025915e+00,3.774379425253505671e-01,-1.967154042585471663e+00
-1.169797699633986499e+00,-1.851716543204710685e+00,6.676990605549004698e-01,-1.203585891227240801e+00,2.661928185875826358e+00,8.446377106750810881e-01
-1.133738628255528402e+00,-2.983842229924928091e+00,-4.101397718477199916e-01,-1.220153761035609463e+00,1.453358053417411533e+00,2.391825501128307607e+00
-7.391232001959131548e-01,1.298157068264249370e+00,1.471222714422531830e+00,-4.729207268368935679e-01,3.563049095054790172e+00,-1.830019956708721862e+00
-1.851983531266600425e+00,1.844888209776453403e+00,2.333083172377540926e+00,-3.461930347310044009e+00,5.087710317874718058e+00,-2.042249595892311032e+00
1.376627744223909433e+00,-2.027181532019300292e+00,2.523674029059050916e+00,1.912392065513884631e+00,7.773463088508878460e-01,1.299365515523742687e+00
-1.515346428811997326e+00,6.840484043786521084e-01,1.754321063953789839e+00,-2.075492971430853206e+00,4.602382172924386339e+00,-1.019211677882372769e+00
1.116793796995779964e+00,1.721212899419418907e+00,-1.511363030060850932e+00,8.520352299357032422e-01,-2.943265601105285345e+00,-2.284521459750896710e+00
-1.182308809936226446e+00,-2.633805304675952641e+00,1.197030728630632090e+00,-1.240784553786563826e+00,4.428227127156729281e+00,1.289038716737786139e+00
2.397020783291959667e+00,4.393034004727258690e-02,2.357052157113184165e+00,3.331009712647194476e+00,5.440752140477361776e-01,-4.508945590114876723e-02
2.005218822910788568e+00,-1.598917542319641782e+00,5.798446106016026391e-01,2.141171826585248184e+00,-1.062150792555629053e+00,1.647287782663157785e+00
-8.124537326691499972e-01,-3.372881965381795411e+00,-1.734014620444876531e+00,-5.930128758649848564e-01,4.262585206547125916e-01,2.328426290241209173e+00
1.897363640815561192e+00,1.646172729868102369e+00,9.589136966030107345e-01,1.921334009996864545e+00,-3.093177037931044704e-01,-2.104725829551377103e-01
1.141365610779981665e+00,-2.317676606933892103e+00,-1.654265491729880466e+00,1.596222878744933737e+00,-3.166085727395052452e+00,1.909261130571767495e+00
1.980892033082870540e+00,-1.857956503134556403e+00,-4.170039446866762312e-01,2.081121271986700272e+00,-3.225172073296631137e+00,3.287381487626394261e+00
-1.595641939763745132e+00,2.337922445465121957e+00,3.090557578255381799e+00,-2.532517786472914700e+00,4.437658030051379043e+00,-2.353782980474948161e+00
1.776754871273724667e+00,-1.836265914163323743e+00,-1.776405944629566136e+00,2.639115933394198699e+00,-3.598610558360097134e+00,1.424808991686743020e+00
1.947866871973833680e+00,-5.446781841773288280e-01,-8.511253614717277927e-01,2.954998213026948761e+00,-3.444608623110862133e+00,5.205154521980803750e-02
-1.613929908287961901e+00,1.367117336284385587e+00,3.272752674140291695e+00,-2.471058873327900862e+00,6.067386088679527667e+00,-6.540494300531114469e-01
1.738871465347171241e-01,-5.724357704129396929e-01,-5.735908794358888230e-01,2.415432455504524789e-01,-2.288410967513331284e-01,-8.744689689681566236e-01
1.733711263260167668e+00,-1.398193031736365111e+00,2.730813476167927689e+00,3.229725058881072641e+00,6.545455667376092190e-01,9.236295712831026350e-01
-1.391185541170628204e+00,-1.916229631414025691e+00,-1.418330072556923227e+00,-1.765158079164420135e+00,7.461677027624348257e-01,9.872333527956387300e-01
1.795074716739139209e+00,-1.067708162372523972e+00,1.652310587714552526e+00,1.948580911670566351e+00,6.084430710832073874e-01,1.027679272352759909e+00
1.889694676485645652e-01,-3.015791226445755591e+00,4.402612587403758049e-01,4.522822245469284574e-01,1.865150730409482538e+00,1.820452718571514694e-01
-7.876248226267138497e-01,-3.328862110205408786e+00,1.937188940531680004e+00,-4.579698619813075133e-01,4.579202250422705234e+00,1.395592462755576690e+00
1.962977183586058771e+00,-3.080778024271674242e-01,-1.799795713917191398e+00,2.337453472512280861e+00,-3.787161566354821485e+00,2.327649143831336254e-01
-1.797462484320231590e+00,1.809068204608211161e+00,2.968429485685117442e+00,-3.176359065767206502e+00,6.618135689389392340e+00,-4.305348240206052779e-01
1.309831575042210261e+00,3.496309012454896781e+00,-2.869561461694580373e+00,5.654658806565953100e-01,-3.537133959324603616e+00,-3.272365655834229781e+00
-1.717074418002001668e+00,-2.328624879694100258e+00,-2.233822417060895571e+00,-2.850065328191665692e+00,8.322625402569445718e-01,1.684232068985288322e+00
-1.255890111259408748e+00,1.428526679099457297e+00,6.024927024731496772e-01,-1.284599796456399989e+00,2.917298092096756612e+00,-3.481330102751677202e+00
6.098587499686658475e-01,3.373554742908141613e+00,1.704983933008914043e+00,5.350504748170363811e-01,1.843443007239330189e+00,-1.987058542183845145e+00
2.302947276780844099e+00,-7.970126345348963470e-01,-3.349536418665832294e+00,1.634578363560408754e+00,-4.129120567216720161e+00,1.295876065097851360e+00
-1.407198696663232163e+00,-2.388681838990073913e+00,-3.265525998257241991e+00,-1.639886197743250840e+00,1.327208704293587060e-01,1.211024925743252822e+00
-1.381182386980368548e+00,3.313570495097480695e+00,-3.125424308545158070e+00,-1.908721159591794558e+00,6.077741107031400247e-01,-1.375023191502435793e+00
-1.769712795625967061e+00,-6.644662875547275860e-01,-3.251322151906698377e+00,-2.993358544663770271e+00,8.529001927425878815e-01,-1.227262879624775316e-01
3.883701439470377270e-02,-3.175067612488508662e+00,1.369702457861968981e+00,-4.938631970523132964e-03,3.578149278241006037e+00,6.274573738154218816e-01
-7.633231784936894693e-01,8.255239776977995048e-01,4.642700595393414176e-01,-5.357900771631629588e-01,2.492509651910757018e+00,-2.731722755074023290e+00
3.494172383119990566e-01,9.759629141182734058e-01,3.217572271035670894e+00,3.101908564566349114e-01,3.283379737313065316e+00,-2.857195970371278371e+00
1.799412656779109998e+00,-1.160882884725763731e+00,9.475325303787842657e-01,2.926426943170024941e+00,2.432694358272111668e-01,3.650482676133743887e-01
-1.700326928288383943e+00,1.301961045778681658e+00,1.094903963170930972e+00,-2.867449905828449719e+00,3.420263714825247714e+00,-9.876889500259702359e-01
1.889517104486044152e+00,2.520280961430244826e+00,-1.590303150923237929e+00,2.815586393311765967e+00,-3.687591041881209009e+00,-3.168937019957596135e+00
-1.637068693438348932e+00,1.736822115615725304e+00,-7.943317842231456538e-01,-2.436453553284401607e+00,7.740373694061668530e-01,-7.936701056782191621e-01
-8.914886645699841017e-01,-2.232940188818304250e+00,5.697468022392335740e-01,-6.545037281690055941e-01,3.652531159904643054e+00,1.619268274182843470e-01
-1.108959114163263981e+00,-2.943122521589127683e+00,8.349722751716157632e-01,-1.460503931503667197e+00,3.300129241083822773e+00,3.370296822472872655e+00
1.418641759688995085e+00,4.232911243653387778e+00,-5.427633155824276301e-01,1.881760262303924236e+00,-2.945477050728659840e+00,-3.233030241277364603e+00
1.313114739682159193e+00,1.939434517410546954e+00,1.511298983931964379e+00,1.937284504731058732e+00,1.311753682344022121e+00,-3.481138583064485648e+00
-4.590912463588029402e-01,-3.469306657346768130e+00,-6.644401837790736565e-01,-2.609623894419348389e-01,8.565798574993221948e-01,1.254595906098228575e+00
-1.339204048742939968e+00,-7.115340729161365729e-01,-3.446060674658107281e+00,-1.675191801852942586e+00,1.182673732691723378e+00,-1.756077133688709324e-01
1.474139449139900249e+00,-8.872909230666411462e-01,-2.273499245885805209e+00,1.297896616437435036e+00,-3.679426055096644443e+00,9.155622960124016885e-01
-1.837436122567278840e+00,-1.102497960847707237e+00,5.590135565525731209e-01,-3.377244737967864285e+00,2.766424543599605101e+00,8.527022945944269239e-01
-1.220976265588426202e+00,-2.861763455901588760e+00,-2.250917130414515910e+00,-1.125299310034284073e+00,-9.419064425142559260e-02,1.802747587277322872e+00
2.405861898486447714e+00,-1.958575402754309414e+00,2.220281323314807764e-01,3.444739432475788732e+00,-2.399762310066306803e+00,2.570507031243689511e+00
2.196865895414696013e+00,-1.919782071926902312e+00,-1.054626983129631768e-01,2.227852961549055877e+00,-3.105579686042070353e+00,3.149726682468756422e+00
2.579209885234468036e+00,-4.419975771633081196e-01,3.025574898511909971e+00,2.908293633086628027e+00,1.488210104406258338e+00,2.385425326367238696e-01
2.096202454179135199e-01,2.058543343199809028e-01,-3.993267421034283338e-01,2.443105143922585931e-01,-2.759396265521212865e-01,-2.293782436707045402e+00
-1.394782448338076852e+00,-2.614648290478005510e+00,8.577573278211900742e-01,-1.933127867093290764e+00,3.689406763405292722e+00,2.913732357062815304e+00
1.945982495865458795e+00,2.302864442688193680e+00,-2.456331850153231855e+00,3.150123831516054906e+00,-3.919264115921326841e+00,-1.854633867735673736e+00
-1.438912348672275243e+00,-2.899069176144176474e+00,-3.308523145229247397e+00,-1.814120478009186410e+00,1.297188883217307076e+00,3.062901094520402268e+00
1.484408189533659161e+00,3.700978252478068331e+00,4.104736391656440553e-01,2.407368514237875345e+00,-1.764040785464286110e+00,-3.104385721779341800e+00
-1.733071271839941696e+00,2.957528968057178353e+00,-2.937636838938233019e+00,-2.907342130144330739e+00,-3.243122591423100443e-02,-3.217096542206238308e+00
1.403651417563290149e+00,2.230937258554312130e+00,-3.249537405366853982e+00,2.138924909778793904e+00,-3.706521225279924003e+00,-3.967747869484927747e-01
-1.555584867203275934e+00,-2.004062080759216879e+00,9.681281663530709736e-01,-2.328164724613197123e+00,4.091873674131381478e+00,9.666379146491541619e-01
-9.761031235356720792e-01,-1.795514088359182248e+00,2.484018924193471811e+00,-9.124027937320398074e-01,5.863044911127694547e+00,-5.348437950133622110e-03
9.404134494551719126e-01,-1.356601162011142891e-01,-2.602126912822980920e+00,5.569952820119326020e-01,-2.901178628488120914e+00,-5.144525473190832976e-01
-1.422905602093734734e+00,2.622451189455762943e+00,-1.910999210937478932e+00,-1.793445333402443609e+00,1.002773182675897656e+00,-2.426403526948364142e+00
1.992072122999930084e+00,-2.179124150455880482e+00,1.995358671406107121e+00,3.093134538651796994e+00,1.775194800278960594e+00,2.521285966273671519e+00
-1.273959517867474966e+00,-8.263705171159601015e-01,1.538515104738040762e+00,-1.641958476230923392e+00,5.098293209373554014e+00,-9.072008662243691290e-02
6.133481820355368708e-01,-3.467425607849109692e+00,1.937825400804272569e+00,6.514459261721148309e-01,3.492496103047491030e+00,9.878096006574805799e-01
1.230955453158157686e+00,-2.339367120962356328e+00,-2.751187039900993891e+00,1.513768093328662800e+00,-3.515561141340519224e+00,3.264044290813562732e+00
-8.631273719437838610e-01,1.015912877844078022e+00,-8.274141400229471088e-01,-5.060687087757687053e-01,3.951816403735196048e-01,-2.664066218336902381e+00
-1.484957281945588736e+00,3.020786233944833477e+00,-1.294522411535527162e+00,-2.015727089628286617e+00,1.458408288095246697e+00,-1.130167455794278908e+00
3.016975086506661352e-01,-4.033411001743601787e+00,-9.785859580106128774e-01,1.770115385949737608e-01,-9.326813778314815284e-01,3.002932512386603747e+00
1.398842970306358735e+00,-1.359945839647870969e+00,-1.434489581976404526e+00,1.676910603047715220e+00,-3.433873226997592454e+00,3.131303641376352864e+00
2.127783160321027545e+00,2.669014155505367469e+00,-3.319577504704585458e+00,3.287966210224601227e+00,-4.088467963015216533e+00,-2.682472674715009386e+00
1.846697284221660906e+00,2.155095010451558046e+00,1.600677088262563608e+00,2.752733611588691787e+00,4.516615726862512892e-01,-1.680842042902869871e+00
1.266948580784190481e+00,1.351582007206874714e+00,2.931298791984804808e+00,1.659925590330482592e+00,1.647550571186443102e+00,-6.441414507612139850e-01
-1.328595080330153166e+00,-2.781666421719086735e+00,2.141315507764929293e+00,-1.409857532944079228e+00,4.497299678038305437e+00,2.047845743242181271e+00
2.219561933134031051e+00,-1.841979444157287205e+00,1.936761582424218808e+00,3.251798637686448501e+00,7.442785315111892785e-01,3.161752599008416986e+00
-7.327135082149518475e-01,-3.383263395199007650e+00,-2.980308245882395290e+00,-4.060220877812130702e-01,-2.213033452304823123e-01,1.380826737255985037e+00
-9.941979500229791711e-01,-3.043977934287338982e+00,-3.686569055093009695e-01,-1.027314673283708402e+00,1.713142553208795382e+00,2.664053009950857032e+00
-1.814528076670171686e+00,1.985131440972308869e+00,4.142013020333012996e-01,-3.294185968973516676e+00,2.454808033017836344e+00,-2.760907098133146942e+00
1.204127843983365143e+00,-1.678097504349912894e+00,2.468153136797908154e+00,9.237292272123083237e-01,1.140517656384913536e+00,2.705875828903618441e+00
1.635589926022133822e+00,9.800628861824042248e-01,-5.359885917205620132e-02,2.671128755675511002e+00,-2.624202146875464159e+00,-5.766867860950442015e-01
1.406483302207800268e+00,3.689301414443908023e+00,-1.348871817622923519e+00,1.232670606485032572e+00,-3.402865644234950082e+00,-2.881764568783565572e+00
1.208375670819976516e-01,3.866417638963710601e-01,-2.594460803620692424e+00,2.683758750970022255e-01,6.085748113958056038e-01,-1.279893022279734893e+00
-4.059707665139546395e-01,-4.229043300131723804e+00,1.085964948393542073e+00,1.841680552618418787e-02,3.573623066640634782e+00,2.556704925076743962e+00
-4.300355969815594093e-01,-1.974527273672954886e+00,2.461883799625824487e+00,-3.331337669274101465e-01,6.038802321233728065e+00,-1.287627369296884261e-01
-6.297150260158402846e-01,8.873187510836633152e-01,8.231120115308661056e-01,-4.881340536116223205e-01,3.135733217510610515e+00,-1.517216422540728304e+00
1.863341190570816597e+00,-1.650003908206472802e+00,-3.038080690751363999e+00,3.124467151308746971e+00,-3.935891610719029376e+00,2.490582364929011305e+00
2.048346669577001122e-01,-3.567360063132588799e+00,-3.436336225739495820e+00,4.472181200755942498e-01,-1.025074948724582491e+00,6.719453109745980868e-01
-1.277378632695947536e+00,1.213381220267247818e+00,-1.805340977127292579e+00,-1.560274174171730532e+00,2.637624544940144200e-01,-7.974020747601326953e-01
1.218992376507046504e+00,-1.823182272469363818e+00,-8.591882416502243380e-01,5.728874318327346060e-01,-2.836306280854955730e+00,1.836775447654149573e+00
2.212595448689210098e+00,2.986309737470846493e+00,-4.460727429953972312e-01,3.365339267954160718e+00,-3.432145191430617359e+00,-2.846276547720425043e+00
-1.847835254743351197e+00,2.076763965345712393e+00,-2.543229018583842205e+00,-3.429747931120117777e+00,7.030959775512491960e-01,-3.499064158906842970e+00
8.761470386615708428e-01,-1.418086851310131902e+00,1.426065370200007010e-01,7.724965545642499265e-01,-1.421022528787586392e+00,-2.046662775632532849e-01
2.288001839880265287e+00,1.044746826202575418e+00,-1.876627593801655447e+00,2.913746296279978942e+00,-3.940152686793151116e+00,-2.468171830419381152e-01
-1.031819985433860554e+00,-2.112750293610166086e+00,3.317651360587006160e+00,-1.105434358501445224e+00,5.296320053450093823e+00,5.155710718030794837e-01
-3.895312265431924992e-01,-2.544421054888105882e+00,-3.164245320088364011e+00,-3.370701070221748807e-03,3.566586060209944176e-01,2.217812902706945977e-01
-1.091547499235375085e+00,-1.699094366440619286e+00,2.603377695492237187e+00,-1.190384754123833044e+00,4.517812412524361498e+00,6.552537918106899895e-01
-1.286997510974915881e+00,8.794842682659292921e-01,1.763695233843249888e-01,-1.304389141185177348e+00,2.206524654389725448e+00,-5.296132682399914415e-01
5.697175025207193988e-01,-5.641833261545725620e-01,-2.324971383902862065e+00,6.865078279200282907e-01,-2.020383865580045235e+00,-9.151970886685321105e-01
2.622028708750284487e+00,-1.887697747914710789e+00,-2.836006861272332813e+00,2.584182872612831972e+00,-4.154133970857003533e+00,3.321459004625881839e+00
4.952133841164304551e-01,-1.944254809114214222e-01,-4.143368700063527754e-01,4.835120382104820536e-01,-4.077970741885608152e-01,-5.013611059197424780e-01
1.397843593473853341e+00,-1.544403629385668442e+00,-1.987712195810222404e+00,1.832325434817708931e+00,-3.529791993375753556e+00,2.838731590718458264e+00
3.120117722810100691e-02,9.832376658340535869e-01,2.200744310603984566e+00,-1.159240649933677147e-01,3.527105477263529743e+00,-1.334522151962665326e+00
3.195221992504367892e-01,-1.420190766550451178e+00,1.738989616895788792e+00,2.714895734932514237e-01,2.694829379229447763e+00,-4.082734724939438564e-01
-8.590536782791808879e-01,-3.445257450308746083e+00,-5.119800857644238867e-01,-5.752697873716661192e-01,3.760041662826471009e-01,2.072618798021514941e+00
-1.413537024785846086e+00,-2.515940316448814329e+00,-7.084016279553311257e-01,-1.863123647933569549e+00,2.170769021494573181e+00,3.482071194408189463e+00
-1.796650952382750965e+00,1.477863493877809464e+00,-1.993953840545003908e+00,-3.215845637988448136e+00,1.896983462274739241e+00,-7.973150085960352129e-01
1.221007545752830215e+00,2.646798175703851008e+00,-6.055834899168544005e-01,5.382309518268808546e-01,-2.957254429285725905e+00,-2.285688948654510888e+00
5.330915770255395536e-02,2.032121294164619951e-01,1.841409987361810607e+00,4.628179419535705108e-02,4.668614688288619696e+00,-1.891150347603149928e+00
1.106352016621348300e+00,-2.749421756777304715e+00,-4.457833059024167710e-01,1.264251476462552759e+00,-2.699707367072837094e+00,2.874587203203657459e+00
-7.831888552353365451e-01,-2.798910198975161467e+00,-3.364177292702803967e+00,-5.108923334123720572e-01,-3.192443800928685405e-01,5.056926951318603258e-01
2.111507628162561545e+00,-1.098493413759206394e+00,2.167536849623132866e+00,1.993776487698144528e+00,1.482210533554154663e-01,9.322581820941691078e-01
2.254468060213175029e+00,-1.289087286489568829e+00,1.642902672898469696e-01,2.839493937969282733e+00,-2.767466632906897317e+00,2.134242758678633223e+00
9.066575718018341501e-01,-1.717125056842010000e+00,-1.284722018624500084e+00,7.964386286131803772e-01,-2.447678490197280343e+00,8.257047755938984324e-02
-1.807633753605602633e+00,-2.193988118214654115e+00,-2.598984820879064905e+00,-3.252582193267482769e+00,5.209445893741316835e-01,1.728980343171990341e+00
-1.387005873220364283e+00,1.624942501918902771e+00,-1.426115799761070946e+00,-1.728254927494549786e+00,5.053072039649874059e-01,-1.221667052490622574e+00
4.455876667201443819e-01,-3.872774412146657408e+00,-2.627231294322583732e+00,6.667034825937561138e-01,-1.582546647664090367e+00,1.289184222622228759e+00
6.306461545799824098e-01,4.259936504638801580e-01,-2.401643479220405997e+00,6.424657849117236808e-01,-2.340684738784276409e+00,-2.069725226034861087e+00
1.430776153234093684e+00,-2.357744388804876134e+00,-2.790852479768246575e+00,2.007918607282677570e+00,-3.683372365608057475e+00,2.983590264190223884e+00
-1.361365473706709128e+00,-2.956054854178233438e+00,-1.806723564485119393e+00,-1.495241172594369061e+00,1.529770483125808322e+00,2.755081727179397255e+00
-8.710066788585458797e-01,-3.594606522260204162e+00,-1.156840288961132224e+00,-5.396155289941182431e-01,5.737135561718457177e-01,3.254487621688445742e+00
-1.382149264511799203e+00,-1.399796749119649464e-01,2.601745426753292456e+00,-1.767531782402042673e+00,5.667897743185087656e+00,-2.486361806139640862e-01
1.360547794734530358e+00,1.817100756956741892e+00,3.229937986320588372e+00,1.638100536010188790e+00,8.891145624847449636e-01,-1.668592942989330030e+00
1.617065261529574638e+00,-1.806618401399133989e+00,3.170669504057875621e+00,1.360539484924896847e+00,1.086361761972293394e+00,3.441490243683497319e+00
-7.682514604302530525e-01,7.720502000136431064e-01,2.477825765715575557e-01,-8.382238868225213579e-01,1.393823088933507925e+00,-1.499600160210141198e+00
1.775857808376955838e+00,2.989036751899278421e+00,-3.443615991287425793e+00,8.328980954116973479e-01,-3.872846041970458675e+00,-1.667530027412151838e+00
7.579047028569603217e-01,-3.423642047407521982e+00,3.481310081407314350e+00,5.658148727162313207e-01,1.737712408217615412e+00,2.370991076631359107e+00
2.518594874374190606e+00,-1.405528478324061359e+00,1.292110933817795626e+00,2.942407396575593914e+00,1.243247914536124821e+00,9.949083089356456355e-01
1.802890148024707484e+00,-1.770007506410233411e+00,3.026835204333523599e+00,2.089957105604685061e+00,6.748227178561856388e-01,1.936194620404386058e+00
-9.357761152415801087e-01,1.998924246516352143e+00,2.775596883570450757e+00,-6.715536309790763880e-01,4.874283821576538500e+00,-2.008858968855796512e+00
-1.811645627125439084e+00,-2.209986314696448240e+00,-1.103034251897782703e+00,-3.251805869579846409e+00,7.395305561303837649e-01,2.584752355765259857e+00
1.724943506539543758e+00,1.649524835175476767e+00,-1.298982812070281767e-01,3.401434871560547357e+00,-2.699744497908322494e+00,-1.266050849364976472e+00
1.319083540599715443e+00,-2.234342369162926278e+00,-5.120665550008860478e-01,1.870172845698441222e+00,-2.932247277834549859e+00,1.544764740091996380e+00
-1.132380772095139987e+00,-1.737218026824688955e-01,2.203091897003768729e+00,-1.465430321739522146e+00,7.263916291596913766e+00,-4.843169966672773441e-01
-1.761962265232274838e+00,2.242173318487926004e+00,2.447768846487671901e+00,-2.980752344053237302e+00,4.112801469996931303e+00,-3.438278842673225810e+00
-7.709746221999995708e-01,-2.944042510999471229e+00,2.442818389204892249e+00,-5.841982007497352747e-01,5.886372627152606896e+00,8.548847024937691330e-01
1.259028340963655346e+00,2.766308794157462003e+00,1.096807056241071443e-01,1.702142442151474810e+00,-2.328477863196140696e+00,-2.725233262703828263e+00
4.362972145630651388e-01,1.563884994706505216e+00,-5.391144071648059644e-01,5.188778018540647352e-01,-7.954566064821051441e-01,-1.795718808293052637e+00
-1.839835793038653966e+00,-2.152699753567358432e+00,3.831293745710091514e-01,-3.398188205109927917e+00,3.078443948760979154e+00,2.824640907550226565e+00
-1.172888731284384534e+00,-2.634968166158394798e+00,9.658164280156373849e-01,-1.191026503572439665e+00,4.034350832631464101e+00,1.417999818599554374e+00
-2.672573134457145172e-01,-3.495897317907337598e+00,-1.551584854070618746e+00,-3.089430802564829825e-01,2.829245816791219337e-01,2.368982311304469235e+00
-6.005498213251710959e-01,-2.914653035173109696e+00,1.889689757896960032e+00,-4.417208914608643511e-01,4.252808245337038606e+00,5.791474683972586135e-01
-1.443617093029492704e+00,-2.042177271883954592e+00,2.441613691388212715e+00,-1.953620249901595329e+00,6.087316461999005668e+00,3.158339659330266613e+00
-8.690194608172799873e-01,1.867375213422647340e+00,-1.956150365142574454e+00,-7.950302827720330257e-01,1.981949809467951629e-01,-2.346955427247327641e+00
-1.369335577220667233e-01,-3.756188238673441315e+00,8.604505338401118308e-01,-3.634081802241251324e-02,3.656862283936111346e+00,1.531524979421968524e+00
-1.036910675817700689e+00,1.009022418846545310e+00,-1.665307576215999674e+00,-1.149384578086326769e+00,6.517247465719904209e-01,-1.880602696778142846e+00
-1.367526284912082835e+00,1.214856278294443204e+00,1.837619476934469809e+00,-1.667833099204116376e+00,4.660564668830852852e+00,-8.069899661670780766e-01
-1.800585946724217568e+00,-2.074434890147330179e+00,2.098244888810484099e+00,-3.224027940954732330e+00,4.682957057189415018e+00,2.428861932288247871e+00
1.841179422717887038e+00,3.608992368759110114e+00,-1.092646082608236036e+00,9.836286699185796678e-01,-3.618922157975371423e+00,-1.795194282082418269e+00
2.436537968482670014e+00,4.077892071653953288e+00,-1.365451433255850944e+00,3.034244584677282752e+00,-3.833072465732271450e+00,-2.438723990464202629e+00
-1.100386628918683662e+00,-2.166548394761619978e+00,3.100021129054051805e+00,-1.250692347199950483e+00,4.348943605486947916e+00,5.652166162396081717e-01
-1.546503099113724744e+00,-9.051861163276081479e-01,2.275890418549662897e+00,-2.199051741398919013e+00,5.148888204517105827e+00,3.223536440095520206e-01
1.355535247562397183e+00,1.109039049856613834e+00,3.085838197617222001e+00,1.846027672370464501e+00,1.074606550361902890e+00,-9.330135192430804025e-01
-4.926523031180367607e-01,-2.652037640700312671e-01,-1.435672997829654740e+00,-2.015655752456169125e-01,5.003061833546118553e-02,-9.042547989450984147e-01
1.962719067284504515e+00,-1.687712856030714637e+00,1.651120833057220239e+00,2.680049212015527260e+00,4.218993611319927783e-01,2.430086343984893205e+00
-3.846621272098326577e-02,1.082901674373465684e-01,-6.070921301529352831e-01,2.584667973031145038e-01,-2.117469553188178200e-02,-2.955856012994713566e+00
-1.294520731749811304e+00,2.824662259172312950e+00,-1.163752826991810707e-01,-1.468797068920119742e+00,1.000850414926220955e+00,-2.795744425730276372e+00
8.398890728814230044e-01,9.424907260841526302e-01,1.807182985285276544e+00,4.446598613362500174e-01,2.201303409474320016e+00,-3.364252183019753595e+00
-6.276089800247419692e-01,-2.413868643529270219e+00,4.340607115581094355e-01,-6.699004710438862809e-01,2.396538276736089657e+00,9.475296590163040378e-01
2.109514607415651444e+00,2.646899818348330768e+00,-2.492609443318448026e+00,3.341827606154678776e+00,-3.959057454119021102e+00,-1.593929153878065552e+00
-1.552658118612661786e+00,2.079999570756505989e+00,-1.294888339388355014e+00,-2.195376947132177126e+00,7.820632445808100019e-01,-1.813529353986791381e+00
-1.671067950735200203e+00,1.986491376977189471e+00,-1.044860772831917473e+00,-2.627232722049303248e+00,1.170433194524410858e+00,-2.331094702298774024e+00
1.585951097989584113e+00,-1.628239323385515469e+00,-3.096115409517191885e+00,2.033372600290400456e+00,-3.840093029115872358e+00,2.408721513815721416e+00
-1.460220635895130847e+00,5.731270523602771672e-02,3.456765615293870830e-01,-2.040361823109715367e+00,1.511037979489596283e+00,-3.192301950807658883e-01
9.953948060780049012e-02,5.248621144275111838e-01,2.083989395472007011e+00,1.413801813645814143e-01,3.930315329831423732e+00,-2.195500355339321974e+00
9.530380613058059280e-01,1.314423595755804808e+00,6.650019653202328129e-01,1.222359557008285691e+00,-4.297941951663422633e-01,-1.362281316459885261e+00
-6.723014911424810558e-01,-3.837986056127550949e+00,1.155796999337317388e+00,-2.776425426507489469e-01,3.203015312594198249e+00,3.072128615912006921e+00
-1.407702403359490262e+00,1.443215521773699717e+00,-1.411716772587106483e+00,-1.701237852407757378e+00,7.093807991957925552e-01,-1.291275581132452555e+00
-1.739484480377286313e-01,-1.117948831750539940e+00,2.520402579336036730e+00,1.449519704216619687e-01,6.247449498998598472e+00,-5.223052384019677419e-01
2.371890146267859656e+00,3.277086838281498160e+00,7.786612722993346836e-01,2.353218549455852404e+00,-9.850449191050753006e-01,-1.873889474773692498e+00
4.507821701646850254e-01,9.859674757527212563e-01,1.295413036724362144e+00,5.976123471487273520e-01,2.878869553397763514e+00,-2.664350588886829740e+00
-1.361772871504836946e+00,2.151828301271641486e+00,1.634245241098085444e+00,-1.682714840808069212e+00,5.269831147165428220e+00,-8.699746845532749795e-01
-1.603062790462521425e+00,-1.957121985784485485e+00,2.887878810520592587e+00,-2.366178865978667112e+00,5.180244963664891955e+00,1.788342728027229711e+00
-5.247690934986057321e-02,-4.286960819029509651e+00,-1.356173010610270069e+00,1.841383850379214593e-01,2.107656871099067297e-01,2.776508762255415874e+00
-1.854765662346415267e+00,1.410120171687080592e+00,-3.097286438884089943e+00,-3.475137168205430616e+00,1.076383002800727073e+00,-1.188012203479843709e+00
-1.134586303320369804e+00,-2.895905199439179345e+00,1.760379371200347265e+00,-1.015764808307594524e+00,5.412816867617090466e+00,3.031763352648517262e+00
-2.801768661020490603e-01,9.632237602766169360e-02,3.162026719232772898e+00,-5.247440883745468909e-02,5.146002878151157311e+00,-7.199765478895900905e-01
-1.249923695547590974e+00,-2.761590336938959833e+00,1.166713100851232809e+00,-1.298895048527843876e+00,3.684088409856826285e+00,1.889369503418363294e+00
1.842130980660851902e+00,1.532934272221317951e+00,4.210946433064868266e-01,3.390126725182734724e+00,-1.926995893938753479e+00,-1.359780698155105494e+00
-1.308173542500457032e+00,-2.430699388619835588e+00,5.118899891836861116e-01,-1.444078174176192775e+00,1.999341009625242194e+00,9.235840024223618272e-01
1.375207647192400406e+00,-1.069872120365860768e+00,-1.865144032076556657e+00,1.153135379425314078e+00,-3.469057139634874165e+00,4.453471818136596205e-01
-1.499579007597073410e+00,-2.528942596345550964e+00,-2.313142539606118042e+00,-2.133731853307969661e+00,1.569407052268358083e+00,2.970978152634070391e+00
-1.248890711173177070e+00,-2.119124144010675170e+00,-2.484463508908278051e+00,-1.306052897470491914e+00,3.258729976076835677e-01,7.285919369836202364e-01
-1.282195441091260379e+00,-2.775372295961863411e+00,-2.168921833152812617e-01,-1.586812702388299634e+00,1.526934351262884348e+00,3.131641403310629457e+00
-1.391612878368100104e+00,2.940742235724689735e+00,3.432269498927364104e+00,-1.602441855844662699e+00,5.549607463936619745e+00,-2.731297441644750190e+00
-1.316014221316389010e+00,4.248475397612003768e-01,1.206372401139965689e-03,-1.377004729921074588e+00,1.370085735563510765e+00,-1.035742358448337619e+00
1.133063272496819707e+00,-1.377008810024271224e+00,1.118111366880464530e+00,1.387526138972438261e+00,5.922855244928292295e-01,1.073532997661623689e-01
-1.035833556420844959e+00,1.879540922623752219e-01,-3.378698034345614332e+00,-1.112105578376294979e+00,-1.103914123987876361e-01,-8.656864739416390009e-01
8.011864008286474492e-01,-2.794927028062573982e+00,-1.123753023984495947e+00,8.017537105848191459e-01,-2.282567842008871306e+00,6.143358958306155415e-01
-1.660833388080563244e+00,2.574771777578356513e+00,-7.867805570972778995e-01,-2.544958064074513970e+00,1.018166090632047549e+00,-1.221091323788484395e+00
1.897296260113129351e+00,-1.091104448503057434e+00,-3.027952043379574576e+00,2.944190190989022682e+00,-3.970709679229561306e+00,1.589987687700483932e+00
1.770534302251633330e+00,-1.348501807908003336e+00,3.226741877673804382e-01,2.035832378079841298e+00,-2.270274625720697159e+00,2.529186631094015425e+00
-2.512794501623693000e-01,-3.602111379923110812e-01,1.429607603592875975e+00,8.268694734721782069e-02,4.293298595018312902e+00,-1.518784043667964045e+00
1.611536926646087720e+00,-1.867844280345190899e+00,3.191364488738875238e+00,1.389576086491111084e+00,1.800868985155418045e+00,3.115623041675394056e+00
-1.607346219302822732e+00,2.158313765729036326e+00,-6.276816678697905161e-01,-2.409257684538442579e+00,5.562748950155098626e-01,-3.284716900088032965e+00
1.864443876978742809e+00,-1.665931679045971503e+00,1.957665990767173625e+00,3.333311210615200970e+00,1.405034386294799820e+00,7.365381446434735579e-01
1.855296856170376429e+00,2.178165379746456853e+00,6.257234159818656494e-01,2.840355249170837482e+00,-1.323399412143345888e+00,-1.703267779256044889e+00
-1.846579789946342753e+00,1.359519688867797615e+00,2.828281129743123401e+00,-3.425689249343881304e+00,6.054312706768366859e+00,-9.296311174989533299e-01
-1.506307572063934952e+00,-2.544534250526166552e+00,3.198573108120005948e+00,-1.898909016613181011e+00,4.749437486702073663e+00,2.476683902579900121e+00
-1.144341882328058668e+00,-1.556614752205442986e-01,1.810374726049140293e+00,-1.001360800245888250e+00,3.760652759889178576e+00,-6.964121018470379454e-01
-5.529759094878647918e-01,9.965780397268175772e-02,-1.139897279347088954e+00,-4.180408748878585712e-01,8.567108395076730165e-01,-1.188068767449935503e+00
-6.742605606918250505e-01,1.723613516671019585e+00,-5.364161912479055161e-01,-3.999584068569146389e-01,7.390995291469868445e-01,-2.998095141508506867e+00
-7.909120673105107802e-01,-2.193290037261754755e+00,-1.567699151900759258e+00,-6.707015657664863184e-01,9.951184442773863825e-01,5.524577763227291882e-01
-1.797764979191688539e+00,3.069519652660755993e-01,3.622522101114267201e-01,-3.185643844555670956e+00,3.305642552323833527e+00,-2.911163879744274041e-01
-1.075333707014402451e+00,-1.581413770455130985e+00,3.324343787427372021e+00,-1.061591860401440268e+00,5.833614384539511200e+00,1.142161260160534653e-01
-8.969360554361776039e-01,-2.773351078648394807e+00,2.977781640583751610e+00,-8.475100551210150712e-01,3.883017407882213501e+00,1.063152720534366047e+00
-1.165588309235170206e+00,-1.281583844099686731e+00,3.447817156583525389e+00,-1.275216754459066237e+00,4.126065507772818108e+00,6.149428119131794546e-02
1.100545669287251282e+00,-2.012923795154093032e+00,3.479906334794243605e+00,1.594854276789664738e+00,8.107464353662006129e-01,7.696516036588088028e-01
-4.552435735210970114e-01,-1.607554714170657539e-01,-1.665806690545444280e+00,-6.652572004058576738e-02,-2.491907179578219944e-01,-1.130484092760034365e+00
2.470183907418893821e+00,-1.468414290236591313e+00,-1.447948566824695860e+00,2.281375790284029037e+00,-3.882992411860858528e+00,2.386261519961299093e+00
1.869743698266024490e+00,-1.975486909880733721e+00,2.624581386632545588e+00,2.931846076201122031e+00,7.073084726268829003e-01,1.956081232564031325e+00
-1.419785182927040035e+00,-1.424134605916052676e+00,-1.738714446443453188e+00,-1.640561924328830745e+00,4.094700099700307461e-01,3.522143559994330708e-01
-1.850265731372256583e+00,-7.161848438467105504e-01,-3.175502910447857374e+00,-3.449428679207368731e+00,1.344448180761275369e+00,3.333047484712285957e-01
-5.820491012725804714e-01,6.830160455606606451e-01,3.118095630004460439e-01,-3.174789809114653139e-01,2.207410277115023689e+00,-1.079659079099957175e+00
-1.337913038213533801e+00,-2.707828899096119457e+00,-2.229039194067139018e+00,-1.665191961740089210e+00,2.728634609754536089e-01,1.943191870641249430e+00
-1.657126382678787424e+00,2.523349764130729866e+00,1.010833273163213697e+00,-2.478578941913089473e+00,3.697458039578174649e+00,-1.737386001797240453e+00
-8.010216165514075781e-01,-3.362963896542118913e+00,3.203647038498518285e+00,-5.099574466501417547e-01,4.273852156999620178e+00,2.654553660089401745e+00
-1.601920414120888925e+00,1.814736479507651767e-01,-1.800469714038457791e+00,-2.284740533404271634e+00,1.711802720153146606e-02,-5.128303285162241210e-01
1.465360163238557112e+00,1.870152682850034775e+00,7.647517426310228572e-01,1.988632193546218119e+00,2.414629196587946280e-01,-2.051716899278687833e+00
8.774045958127052458e-01,-3.284494164792451265e+00,1.535269275998856209e-01,1.021180056046294915e+00,-1.806750186846993955e+00,1.523962675926359367e+00
-1.294676966637950510e+00,-2.617758130491189217e+00,7.851800219383839874e-01,-1.654480776497085914e+00,6.207491977176984754e+00,2.658305549116748878e+00
-1.508426847915498303e+00,-2.010514778334233199e+00,4.444621108793951336e-01,-2.045098177936628403e+00,3.268920547014476874e+00,7.675659601743802796e-01
2.314842098099064494e+00,-9.935079784626170696e-01,2.537125983708621746e+00,3.364215228877297292e+00,1.822001552859886520e+00,1.379342257284347895e+00
-3.449506450706965044e-01,-3.631713459957596424e+00,-9.502569189693064189e-01,-2.821550818334968014e-01,1.381168755714604068e-01,2.660532193605334328e+00
-1.034745260319033910e+00,1.273995353120646268e+00,-1.903232396019101103e+00,-8.085997565627396355e-01,9.001818173283321345e-02,-2.283775018687218328e+00
1.139847608990022909e+00,-2.492456352382816931e+00,1.754025098558827267e+00,1.274756298943895416e+00,4.872791848853118002e-01,2.867823079918371931e+00
2.250396476332861273e-01,4.414994578235402756e-01,2.760508405846164415e+00,3.566884443112847691e-01,3.746729810715075271e+00,-1.575186845849127382e+00
1.955367406939378716e+00,3.174076453957669131e+00,3.126256934424588962e+00,1.879534868495960076e+00,1.711981597928620369e+00,-6.127554680254929664e-01
-1.431443532387014494e+00,-8.428406925233516978e-01,1.782780356749682937e+00,-1.892807568326512424e+00,4.964417362356532415e+00,-1.785670413052651284e-01
-1.416010992730965645e+00,-1.884650808397429156e+00,-1.563009195279409180e+00,-1.637142051292121980e+00,1.628500384429125425e-01,7.428544392770923821e-01
-1.670779778737599974e+00,-2.524761906805016221e+00,-1.549089803364986917e+00,-2.586634866700716184e+00,1.226263591561859601e+00,2.962604631620507689e+00
-1.684823451559557705e+00,2.387116118618347826e+00,-2.672398128189088951e+00,-2.737855526181337762e+00,3.915154106934623512e-02,-3.247318707627528500e+00
2.055445074081849732e+00,3.770864656872936038e+00,-2.432437300839110694e+00,2.506622314827010811e+00,-3.927772300468303612e+00,-2.990484868985590072e+00
2.397926338053840034e+00,-1.630047708573395537e+00,-1.584224871227117415e+00,2.199847443425133164e+00,-3.882276179766411150e+00,2.081780598078500688e+00
-3.889005556429583343e-01,-4.292700763734160319e+00,2.610543619234326762e-01,-1.438781466528427089e-02,1.283567766245702790e+00,3.406163785142423350e+00
-1.030318239768784450e+00,-3.583375568162978642e-01,-1.015508780918143561e+00,-7.974312288073246435e-01,5.629819411798044904e-01,-3.134884329426794736e-01
2.361332210104281515e+00,3.586451691009034382e-01,2.304919662062123287e+00,3.487225504868797898e+00,9.720724982254294599e-02,-9.066977000260978414e-02
-1.828752091543319303e+00,-1.937321550637902901e+00,4.851428198130687264e-01,-3.354211753556484599e+00,2.836953309439175008e+00,1.953390173594893753e+00
-6.129390220730238648e-01,-3.261287213592702017e+00,7.547419117846958514e-01,-3.377615918796776917e-01,2.604032689751865970e+00,1.257820758195247635e+00
-1.291512192250610536e+00,2.736701125699394055e+00,3.185943731625567210e+00,-1.478271899862368066e+00,5.885674195502826223e+00,-2.730242284833766409e+00
3.539831366316052996e-01,-3.895358046284044473e+00,8.005036732728889604e-01,3.817465771202774860e-01,2.850554956809501661e+00,1.784596734837649912e+00
-1.641889238082466784e+00,-9.303900229756084661e-01,-3.431163912587522624e+00,-2.734861484306837731e+00,-1.612475011891325860e-01,8.829460782817744047e-02
1.697546973878611531e+00,2.105735507560265951e+00,3.087597576967066715e+00,1.239688925445316947e+00,2.024063739291638520e+00,-1.324590417000453435e+00
-8.999704488162304505e-01,1.322363301626338083e-01,2.926570484904964076e+00,-6.152350538458155604e-01,4.740978994481619857e+00,-1.008936173727946084e+00
2.196204402054191540e+00,3.072299712376895808e+00,-7.347885928396511446e-01,2.862909515149954842e+00,-3.400938704596430995e+00,-1.800661622881526647e+00
-5.639784519616091174e-01,3.870265581747196482e-01,-1.340007075676611148e+00,-2.782797377186576604e-01,-2.058079174617608309e-01,-7.351932550765054586e-01
1.575472973753476946e+00,4.565806872057714960e-01,1.537027409890245444e+00,2.057437458789649121e+00,9.240528553491551556e-01,8.068184980932446848e-02
-1.123623386751103626e+00,-2.898265871829814877e+00,3.165040982569911066e-01,-1.465775544277549525e+00,2.198254220671173265e+00,2.645656391688232745e+00
2.098612378597060069e+00,-1.610858025153124151e+00,-3.080376600929221720e+00,2.690606893395420585e+00,-4.028818773469335035e+00,1.752968384769522103e+00
2.363939660587456082e+00,-1.791771440604715382e+00,-3.027853737336889228e+00,2.676034135388722035e+00,-4.118989235208784905e+00,2.593733792122804971e+00
6.243074666085192126e-01,-3.602291329180620671e+00,1.767703150807072632e+00,6.479393367481485200e-01,2.446470332721778718e+00,1.724019722634661633e+00
1.432434205816940143e+00,3.625417270835090022e+00,1.300351830331782921e+00,1.929648672475758886e+00,2.147024313401431073e-01,-2.709996815884469612e+00
-1.503614572924466763e+00,-2.551647345938214961e+00,-2.281414680236717452e-01,-2.249139896714860143e+00,1.398071847130059719e+00,2.814054887679250605e+00
-1.601512513191413412e+00,-1.488283998280948595e+00,-6.293181166712882302e-01,-2.569839146321696965e+00,2.087496292558629118e+00,2.479554319921559724e-01
-1.280971573001445929e+00,-2.494236282663416571e+00,2.791669673730751811e+00,-1.377603299020912608e+00,6.824087408718699344e+00,1.261721850732040018e+00
9.413859930091729167e-01,-2.952303741935569104e+00,2.088541917052738839e+00,1.037791307681230180e+00,2.377278697649492401e+00,2.024100651406680385e+00
-1.816330821520137029e+00,5.862197016515122705e-01,-1.653227034145042573e+00,-3.274539139927151954e+00,1.472277126196758490e-01,-4.315049620847961620e-01
-1.373805396575233928e+00,-2.427550820290828248e+00,2.295880152883606584e+00,-1.592738084437013590e+00,6.704311711532358053e+00,1.604851014585348068e+00
1.960519083289028019e+00,-1.530001010135934036e+00,2.372025045160960133e+00,1.701144680456485148e+00,3.642763186757601579e-01,1.712377597951281416e+00
-1.856849102137202445e+00,-2.107258910787232153e+00,2.491707565913844569e+00,-3.484462781981850110e+00,4.306679440037637363e+00,1.922561570823721588e+00
1.449991025994813443e+00,2.326345759445311856e+00,1.427680756224560810e-01,2.016716535035811830e+00,-2.448943971443572565e+00,-1.400007506614799002e+00
-1.194975154739849499e+00,-3.101308625465128532e+00,-1.511131515337043041e-01,-1.248986514999316455e+00,1.540984521519652706e+00,2.794480291787349024e+00
-6.190000113558330463e-01,-3.186989661878797619e+00,-1.582329109202076367e+00,-4.374728987928242496e-01,7.358042143949382607e-01,1.367901771458427618e+00
-1.703358884410279162e+00,-9.784222663886714688e-01,2.980645584874261900e+00,-2.733054314106874383e+00,4.202602852561618363e+00,4.930282235645355726e-01
2.265965309212488954e+00,-1.802421506087553471e+00,8.549754965266807005e-01,3.382802643320932390e+00,-3.696543940064326295e-01,3.290565325478340242e+00
-8.426622889131466509e-01,1.062353358720659058e+00,-3.005717064927465820e+00,-6.989549318475001272e-01,9.899031113177270136e-02,-2.694378420276566821e+00
-1.790726535596987246e+00,2.208259579470738476e+00,-3.557745164733150389e-01,-3.134645781454159952e+00,7.269219632535512954e-01,-2.443826808833990061e+00
-1.641021259516746378e+00,-1.745302780202438342e+00,-1.049707531076489175e-01,-2.409716927069698311e+00,1.664316762791168580e+00,8.843999286465056286e-01
1.164567193249322674e+00,1.953193608754819177e+00,2.312536133993732257e-01,7.689382394607173765e-01,-1.829253697839654969e+00,-1.670141136762513856e+00
7.398736363463899179e-01,5.864434055626999154e-01,-3.792791465929510331e-01,7.889637330023857587e-01,-2.084650818453558596e+00,-1.547319930097352358e+00
-1.785033685177603413e+00,-2.180954304220350970e+00,8.902022278141812350e-01,-3.073336998215183691e+00,4.956124095666816665e+00,1.949574361603761297e+00
-1.353619942520005726e+00,-2.418186347853454876e+00,-2.753171309071134054e-01,-1.772140647647763689e+00,2.129397681999126934e+00,1.479367194290087895e+00
-1.677789732101512055e+00,-1.418490153648110930e+00,-2.073732399898506440e+00,-2.584538445251519878e+00,2.003896578561516595e+00,5.732606524047882957e-01
1.748602739550189966e+00,3.898274014832594947e+00,-2.360046645009319821e+00,1.440426512747684740e+00,-3.777342747871641038e+00,-2.694997465833931294e+00
-1.779706706808368732e+00,-1.252749071558703742e+00,-2.508446426317835432e+00,-3.101426531725937963e+00,2.584230198902307540e-01,2.542782314501783603e-01
-1.845327751307692887e+00,-1.024932697892290800e+00,-2.196368063563752582e+00,-3.418685735010779769e+00,1.503034939711742624e-01,1.632557884795633463e+00
-1.365962493656430521e+00,2.566644329726680773e+00,-1.835251802753706141e+00,-1.560698999185319291e+00,7.810722365345668106e-01,-2.898628794653637097e+00
8.735810995193053763e-02,-3.862111155005903740e+00,-1.921824094189490628e+00,3.397772072359446227e-01,4.085023790374171515e-01,9.892984975599921071e-01
-1.735594206299113651e+00,2.284699884935138314e+00,3.116460467194674955e-01,-2.834780791102541997e+00,2.040906170353678384e+00,-1.122924925767797788e+00
-2.010529757894287117e-01,-2.449310800399914445e+00,7.779712858438259104e-03,-4.569094088411329579e-02,2.624430458359002571e+00,1.066116364076274969e-01
-1.256567848273937860e-01,-4.195042881079291242e+00,-2.543513674968611582e-01,3.742303588620199406e-02,4.959666329875558888e-01,2.981039786291431959e+00
1.488992064244746727e+00,2.680465866520681750e+00,2.305001137492461716e+00,2.485428186127551342e+00,3.240874370804996962e-01,-2.477488969566319366e+00
-1.150679123365862866e+00,3.083732286369760267e+00,-6.173648322167260005e-01,-1.276629164541679184e+00,1.705966204681792719e+00,-2.751063803044665246e+00
-4.550123415240938662e-01,3.575065710768787208e-01,-1.022267993153521015e+00,-1.995011737278029607e-01,-1.407461315681533265e-01,-2.549823797018561322e+00
2.229212020354278678e+00,2.638678700850805914e+00,5.856850236876320892e-01,2.743668644617569541e+00,-1.100801416165696489e+00,-2.756389959262394385e+00
1.758121051614843333e+00,2.978453035212735855e+00,-3.485627680841907328e+00,2.640229449769448067e+00,-3.954756229176612070e+00,-3.039843519963123075e+00
3.841812023541179011e-01,7.741473853199756228e-01,-1.909840455742517040e+00,3.286451742308331703e-01,-7.715243098231957530e-01,-2.304427044537181946e+00
1.374343847643106020e+00,-2.227010212880638385e+00,2.001690748507794382e+00,1.971167363660291549e+00,6.798586203473357958e-01,3.113675125729075788e+00
1.433143947547033337e+00,-2.026713190322648295e+00,2.515438044200711154e+00,1.285529491490099652e+00,1.086735342762443546e+00,2.507371088495050415e+00
-1.719853994787407192e+00,-1.230448331159618824e+00,3.167406852951988760e+00,-2.832955222152508945e+00,5.479414297598388828e+00,6.806643725756789109e-01
-3.290780319338446613e-01,1.294049906755674773e+00,-3.435524564705645378e+00,-2.629377464550284316e-01,1.844189503411775011e-02,-2.897271116325897289e+00
1.982110909656919162e+00,-1.249064673361718336e+00,1.009332225531164084e+00,2.444037124521814874e+00,-2.123545957270001061e-01,6.500413549099937072e-01
1.490294710038662984e+00,2.516917131717034906e+00,-1.243058770439078309e+00,2.053784303452587778e+00,-3.380479055926068455e+00,-2.803211657380745958e+00
1.483444023996841832e+00,1.016995945286708558e+00,-3.101127285189345884e+00,2.266293785713391351e+00,-3.772626379335917601e+00,-4.994519255180529527e-01
-1.385801923047949469e+00,2.112323067922277087e+00,1.991784362372978734e+00,-1.722596340448652175e+00,6.245186830064291428e+00,-3.196785622664665816e+00
2.361683797696052522e+00,-1.559450735029035195e+00,-1.349608489881233275e+00,2.812130722370239866e+00,-3.749057425049941550e+00,1.343943517748700245e+00
-1.092499878353101916e+00,-2.769078666614107398e+00,-2.110510046416713692e-03,-1.060331738096226051e+00,1.894748176499079895e+00,1.816190647368181033e+00
-6.947814209699063603e-01,-3.599592993217219483e+00,2.556929550378022498e+00,-5.668894405287083771e-01,4.331016191837634643e+00,3.301830298679347742e+00
-1.260278242108751279e+00,2.842052988547706605e+00,4.359214617217017640e-01,-1.263937400417809886e+00,2.857969836816155240e+00,-2.162401115769752913e+00
-1.241362492822199792e+00,-1.686123936832704118e+00,1.817985784436334740e+00,-1.250306759511172316e+00,4.961177471290594276e+00,4.178860549014271619e-01
-1.589239957486582311e-01,8.175980265678091108e-01,1.086423269398914648e+00,-2.593386168144315995e-01,3.835773070906486559e+00,-1.379116469141028034e+00
-4.203731367540162189e-01,-3.478546188075047230e+00,-1.453996533771419131e+00,-1.911773628185731155e-01,2.935259246291493929e-01,1.064449214238210040e+00
1.560402746292660403e+00,3.678796018493772912e+00,5.348036399459754620e-02,2.020890249027486263e+00,-2.582108572902475085e+00,-1.306249512666950885e+00
1.640536762499384293e+00,3.647743713471976790e+00,3.293253762240590632e+00,2.430952959118976686e+00,6.742711460817993885e-01,-1.731727409951283381e+00
-1.760360088200520368e+00,-2.037960233282204214e+00,-2.095956854961263716e+00,-3.018059682489696360e+00,1.471761899461073997e-01,1.817641353541829652e+00
-1.569041225891340208e+00,-2.785731903105000296e+00,7.376148519477734311e-01,-2.322710272391665054e+00,2.991012733238355370e+00,3.143735300063690730e+00
1.752629490036343274e+00,1.834017892161820651e+00,2.063997055570126804e+00,3.436576831684773126e+00,2.424902561633874298e-01,-2.056300395069889930e+00
-1.595650255474539536e+00,1.758476535627895743e+00,1.969155379180286936e+00,-2.432939673321663054e+00,4.897771823854307982e+00,-2.967775527192253904e+00
-5.794138624435234419e-01,-1.370052139412658576e-01,-1.315790162687173748e+00,-1.789325751402186526e-01,3.299866041361798064e-01,-8.289936672590729749e-01
3.100388759878545564e+00,3.113694580550688151e+00,1.970052765759935376e-01,3.194375772972072980e+00,-2.729922082982139120e+00,-1.246235309332924590e+00
-1.338505955849987883e+00,-2.128086554867293145e+00,3.196858580117995174e+00,-1.642965177608495697e+00,6.129923456574188023e+00,1.634482300879900762e+00
-1.465646564013747932e+00,-2.141279227282594899e+00,-2.108176586909404904e-01,-1.895450660921071062e+00,7.181690523422818995e-01,1.604411789512520947e+00
-1.158290943133650996e+00,1.815525185505522110e+00,-1.659420610875333102e+00,-1.258346007002360434e+00,2.784423006970203063e-01,-3.017074010310675014e+00
1.540472638388211690e+00,5.142077939461119129e+00,5.385690646948715354e-01,1.090959621805355440e+00,-9.910999590457166830e-01,-3.396799731820102419e+00
5.886947718963653209e-02,-4.183855920041698262e+00,-2.131950991897571868e+00,6.745218142651232540e-02,6.662000513314869643e-02,3.404195529418795552e+00
7.190518759010080529e-01,-2.984775223620166784e+00,1.964534973502766846e+00,3.200221158642424513e-01,2.299201466001282501e+00,1.399955320687392479e+00
1.018646199356906479e+00,-1.772051149681594051e+00,-3.780615179131787684e-01,9.857520757383326782e-01,-2.268389186996130125e+00,2.522196967174439308e-01
-1.568331842646082164e+00,-2.606225560388287565e+00,8.395253146131906874e-01,-2.198852312163799283e+00,4.903867111170724158e+00,2.213171190146972833e+00
-6.333693837295593099e-01,-1.862802731937002410e+00,-1.590417792172460043e+00,-3.302051226256943472e-01,5.766503064798911282e-02,-1.294627076359970985e-01
-1.184721365272783933e+00,-2.310792149064369028e+00,2.997052731529812775e+00,-1.304565927847650464e+00,4.242695496910932285e+00,1.305522544493730841e+00
-8.982088475556445628e-01,-2.410579523887535380e+00,2.979520769329393914e+00,-8.916531258866049470e-01,4.334818322241576816e+00,1.918342183639235365e+00
-9.008748499233092399e-01,9.404410868161856563e-01,3.448970323449317199e+00,-6.994057782451061911e-01,6.176806128480595959e+00,-3.036489335250926125e+00
2.078786309018584966e+00,-1.991539998896685537e+00,-2.997545959747613509e+00,3.233644799333299957e+00,-4.043110193534936947e+00,2.309575125580217048e+00
-4.194836749685142419e-01,-3.348552717914730081e+00,2.417927269734110318e+00,-3.496308827627880866e-01,5.798344030845836272e+00,1.542356097799396863e+00
-7.038397165288797774e-01,1.138786142334625495e+00,7.332635026841298753e-01,-7.483240093080283373e-01,5.173868241308126059e+00,-1.449432683609952921e+00
1.194593202230025852e+00,-1.890131206438022460e+00,4.134341173919304779e-01,1.799473304855366607e+00,-1.200921353356385390e+00,7.800393744691209719e-01
-1.823001367839234499e+00,-2.290392695847072169e+00,1.751603921364683458e+00,-3.298225907665699452e+00,4.108090817452100474e+00,2.203502909298658885e+00
1.670019542181989669e+00,-1.096705795705442466e+00,-4.563492477259334379e-02,2.522464026694503758e+00,-2.886683792187059616e+00,9.580823219583205486e-01
-1.633408284715135439e+00,1.048582674385848845e+00,6.754385916105141163e-01,-2.495940978347377381e+00,3.367029038130336716e+00,-1.008371252818753838e+00
1.706479476475102341e+00,2.993126666472081254e+00,-1.579556382837563167e+00,1.699382116663008091e+00,-3.587529630524300739e+00,-2.714264869194078944e+00
-7.032316910049716263e-01,1.430814334307826563e+00,-2.542877194460560375e+00,-5.295493218302906868e-01,-1.037774235738052053e-01,-2.701445376360788408e+00
3.875316651113905886e-01,1.013406082103329497e+00,3.412209374927272165e+00,-1.414621767031443156e-02,5.233333833894157294e+00,-3.328516865446593087e+00
1.360230999369768767e+00,1.938679911114574939e+00,3.623191566790779916e-01,1.038162210287560505e+00,-1.273467105653148135e+00,-1.067345929272090377e+00
-1.530374118830119867e+00,2.149551567792958640e+00,1.726489765635592200e+00,-2.309598436459817883e+00,3.982339714945238196e+00,-1.102788358477339248e+00
-6.928375769095601600e-01,-3.661526806142099133e+00,-2.634157920111937834e+00,-4.606364026020717262e-01,7.896353643902618291e-01,2.913621876544027600e+00
-1.823382307182298767e+00,-2.266758440912558736e+00,1.133524660033063292e+00,-3.312395451704881033e+00,4.902572352775226072e+00,2.261572404985549234e+00
-1.600509870666505075e+00,3.576388815460142534e-01,-1.534066596543186556e-01,-2.262092053059562069e+00,1.426910552483094063e+00,-7.048942799805475445e-01
-1.719471747958727148e+00,2.233676671356513488e+00,-7.311901756139795872e-01,-2.864588361445965958e+00,1.148746587748259884e+00,-3.429038130786993932e+00
-1.763261007121501134e+00,2.751837930227366336e+00,2.267886045335913536e+00,-3.054284624581054874e+00,5.814450670655053166e+00,-1.225865366025483461e+00
-1.620311966430898476e+00,-2.396372411933449076e+00,-1.091706430821242968e+00,-2.452230310935545887e+00,2.304207661823945763e+00,2.403807654817404327e+00
1.851642273361585378e+00,-1.634829596044288680e+00,6.594444400986043675e-02,2.488046440038304219e+00,-2.792757449453052487e+00,1.422797937089227638e+00
-1.569142938227466866e+00,-2.317781648058217847e+00,-2.373685394815651772e+00,-2.283846194491167658e+00,-7.995516371766550612e-02,1.287954378419543744e+00
1.208720692756697357e+00,3.364270839093346233e-01,2.948460456616624370e+00,1.387414660970616609e+00,1.967490240539562452e+00,-2.224558928061384222e-01
-1.662172591677704592e+00,-9.776782714181047051e-01,2.492108793087119523e+00,-2.636098561626548431e+00,5.458945641805466487e+00,2.580655183596070046e-01
4.257743969129638706e-01,2.081048379999895559e+00,-1.804846143773517708e+00,5.537346836708820774e-01,-1.484907420962945590e+00,-2.368806608497069810e+00
1.812319525258965225e+00,-1.485776776939383925e+00,-3.480811183130613440e+00,1.368261494034411996e+00,-3.954306266490665411e+00,1.586701775631152778e+00
-1.642861443004940858e+00,-2.677930086206738114e+00,-2.080976254997646713e+00,-2.490159481860256374e+00,3.269022087955103517e-01,2.992513643592872974e+00
-1.853132521966849078e+00,-1.399350068020866145e+00,1.820144231224937847e+00,-3.461932465686230920e+00,6.993384891413803039e+00,4.836337926069504967e-01
-1.592314515159969579e+00,-2.555761839290408233e+00,1.139019188448881614e+00,-2.464226714483065184e+00,4.471475851921312916e+00,2.753137769269292434e+00
4.743276993423299892e-01,-3.704238538380764112e+00,-1.617959512630332775e+00,2.021976333829544892e-01,-1.293026745585560633e+00,2.425281314325789417e+00
2.570517569233581767e+00,3.180685894555180582e+00,9.874957057584836662e-01,3.498843822371732415e+00,4.933598064759390223e-01,-9.858753655861662857e-01
8.503641005930836494e-01,-3.395098612987847542e+00,-5.149361458387753387e-01,5.535353097476969353e-01,-2.398145312898570136e+00,3.468631218720625853e+00
2.138509489492095739e+00,-8.986813775168700502e-01,7.089160990990803768e-01,2.008089868172212356e+00,-1.080582129495079924e+00,8.112242232233057848e-01
4.848921866353575472e-01,-2.156685651548961580e-01,6.124560251007258316e-01,3.582947275010934796e-01,1.146459624910433961e+00,-1.460617630395911970e+00
1.880857078718159325e+00,-2.276964570399534704e+00,1.051599501752189525e+00,2.645480162317390693e+00,-5.321591608126509110e-01,3.405579343905091427e+00
-8.253263733895489507e-01,-2.883779395306309556e+00,-1.354029937806176420e+00,-5.855690216694524608e-01,1.036855635999497816e+00,1.261303841957858829e+00
1.900968567222435013e+00,2.715413170571084223e+00,5.619650199196728479e-01,2.308079687851551043e+00,-1.030288526739796096e+00,-3.344712451878268489e+00
-1.363451617525723636e+00,1.834007884886194040e+00,-9.632431366729576894e-02,-1.987395606575781848e+00,1.427774600786740677e+00,-1.269367624906693859e+00
-1.467698071301209328e+00,-2.686179685342557022e+00,-2.091540098087222965e+00,-2.122988197692772694e+00,5.606432509909584083e-02,2.249081019299321582e+00
1.462633158595258109e+00,1.262984324589280449e+00,2.650441391986288586e+00,1.128485989489567132e+00,1.704424170185809162e+00,-7.563349504099745602e-01
-1.534341422585637105e+00,-2.391149735577364766e+00,1.636641076707128661e+00,-2.058793634242233495e+00,5.235171698821227793e+00,2.798838537578151708e+00
1.250507805855842203e-01,5.490521336415921105e-01,-5.514770079840536354e-01,1.114882335841875793e-01,1.824445871889482929e-01,-2.147377584130874872e+00
1.640909045882754658e+00,3.583330979998156529e+00,-2.472792928574660820e-01,1.693188661353056013e+00,-2.846634938745825405e+00,-3.473157017752454667e+00
-9.859538340265741052e-01,-1.466246996538141723e+00,-2.605790448710511242e+00,-1.101718026392613847e+00,-2.952595758434198303e-01,1.982626540819483196e-01
1.707569065436336020e+00,-1.491562071874518391e+00,-1.245990297699830940e+00,1.866536633084890262e+00,-3.332029866909715032e+00,1.222254288648238152e+00
1.060363835881622752e+00,-2.372181846069818523e+00,2.676881468420753585e+00,9.977314960041709924e-01,8.672002235786049340e-01,1.392451355032401139e+00
-1.313867768479351383e+00,-1.889326785123557562e+00,7.931058748853780926e-01,-1.497221368165286393e+00,5.882626498976295082e+00,3.431533386361209637e-01
-3.733988909810506684e-01,1.172140691537653101e+00,-9.670424776386625787e-01,-5.070999342425719369e-01,4.877522035431806069e-01,-3.413549799159659059e+00
-7.907631896872969746e-01,-2.905992120590004557e+00,-8.694360101425817611e-01,-7.106318141508465303e-01,2.562414435361723974e-01,1.070297277125447089e+00
-1.765193551704871688e-01,-3.898849916693900575e+00,2.268314328968097371e+00,-2.540015750073987277e-02,5.556809431899256246e+00,2.336256195565650451e+00
-6.207832957068363244e-01,-2.518023786830451360e+00,-1.694812872909574608e+00,-2.829180929377219655e-01,5.129077848132931328e-01,4.820435288502915583e-01
-1.777366174939616794e+00,-1.558070906422993396e+00,-3.454157137130537958e+00,-3.034699089025098662e+00,8.543644157288075025e-01,2.055815587228499552e+00
1.716620995663696636e+00,-1.513971988952691028e+00,-3.498652857736836985e+00,2.608377088733615068e+00,-3.882495203770898851e+00,2.655688385799327200e+00
1.230532924483690449e-01,7.090609553961404465e-01,-1.359556564936735157e+00,3.732354909947330768e-01,-1.307114096602127740e-01,-3.474370579582267915e+00
-5.183289739644907357e-01,7.920183130675487737e-01,2.184378005463539552e+00,-3.787742290097630971e-01,5.143756505035781856e+00,-1.751043484016625129e+00
6.816929617015010656e-02,3.613877047518507801e-01,-2.804470261931045094e+00,1.194902874815202409e-01,-7.091195330810788899e-01,-2.535131806316802905e+00
2.090729479790306655e+00,-1.664064250332622175e+00,-4.737448636576058192e-02,2.267437184003191497e+00,-2.811056339321225117e+00,3.116334460057585964e+00
2.345745268833879571e+00,-1.513848176881975593e+00,-2.317300702705336057e-01,1.880976934459517302e+00,-3.198444033138248876e+00,2.625914784720020378e+00
2.050868157102607281e+00,1.959178607063814637e+00,-9.775564661278703937e-01,2.764067553940073196e+00,-3.615872788802740434e+00,-1.530600314781372706e+00
-1.260480589320744693e+00,1.716698992685059544e+00,-2.911470501409391343e+00,-1.267292101818497052e+00,-5.590601655553942284e-02,-1.477398486270834255e+00
9.695849532994107456e-01,-1.210800103853209908e+00,-2.611258428971311218e+00,8.583446801593392905e-01,-3.198372922896135062e+00,-6.196669777227903353e-02
1.891674800791018463e+00,-1.818931592835613342e+00,1.572716096385097018e+00,2.166970990149883036e+00,1.587828695021358483e+00,2.201224444243964129e+00
1.617086086514432086e+00,2.469145064007801427e+00,2.302099278563783713e+00,1.940360199276112141e+00,1.930906014796178516e+00,-2.627583893447027474e+00
2.428123457415156672e+00,-9.898552851232511607e-01,8.851055988047411560e-01,3.442086044895468433e+00,-9.149339585544783437e-01,6.197646031774644015e-01
1.724706092886591158e+00,2.553083871147963979e+00,-2.896810859458440746e+00,2.169430250337300414e+00,-3.882343234695691425e+00,-2.981972580072312695e+00
6.319714800129396792e-01,-3.441593993861346679e+00,3.793508764926381005e-01,6.600207601000933622e-01,-3.182390967728441211e-01,1.039724819153713398e+00
2.681925205754729369e-01,1.782548407341282837e-01,1.220700742311669806e+00,5.209643835923252198e-01,4.357008358090270761e+00,-2.855726469825937031e+00
-1.016413033388048559e+00,1.430111803192397613e+00,-2.334012689207615399e+00,-7.555871091927577332e-01,-1.642531265471085244e-01,-1.858771085352248553e+00
1.071909042932747358e+00,-2.009806000232615020e+00,1.618986795774482346e+00,5.337681676719698842e-01,1.584803117730456012e+00,1.461168597409129077e+00
1.389530592008577647e+00,4.081512043781068688e-01,-2.540757416232646726e+00,1.769447579928635328e+00,-3.565275522602710634e+00,-4.314032642281451224e-01
9.827151880685194296e-01,-1.745342872081556695e+00,-3.262541873777633050e+00,9.005445031182848226e-01,-3.164958609911640242e+00,1.075720950536901199e+00
-1.012866142400412395e+00,-3.207864629879012774e+00,3.492084468860564783e+00,-8.532897045333585062e-01,5.995678281419259292e+00,2.280557319714335840e+00
-7.301465546532368567e-01,-3.196080682912457949e+00,-1.426086807203206241e-01,-6.951137407777268074e-01,5.576812283587287977e-01,2.002098842287526104e+00
2.351016418368379490e+00,-1.579067328255577163e+00,3.460897326368987947e+00,2.653994348050643381e+00,8.761341062459560014e-02,2.097007701927276813e+00
-1.305343905200640808e+00,-2.646460504310327977e+00,-9.420401605168668979e-01,-1.459529569028471307e+00,8.849879023140223566e-01,2.588033038333563240e+00
1.609413699858634583e+00,-1.633788969386655632e+00,9.914344941975938852e-01,2.024078253546441886e+00,-2.619213373277543000e-01,9.005993319400964481e-01
1.095460681646479140e+00,-2.519617793884692869e+00,3.148357901272582637e+00,1.502236538585498771e+00,2.014052970583791957e+00,1.439279476136633207e+00
-6.893143939975190371e-01,-3.785250177979591957e+00,-3.438754743141796855e+00,-3.427094307376328253e-01,1.197597161355435924e-01,2.616905155399208205e+00
1.397771012213343544e+00,-2.158919913379918398e+00,-1.813221729654253656e+00,2.003371371555156877e+00,-3.314573983565495485e+00,1.896960831041583084e+00
1.966027187726830272e+00,-7.391075995558153977e-01,-4.657870210233019392e-01,1.722208955221013582e+00,-3.374950924180053047e+00,4.517108504768696520e-01
1.987081569897214850e+00,1.694220622613633154e+00,-3.439865432645583532e+00,2.847683700281982588e+00,-4.044667575380573865e+00,-5.656838833087389773e-01
1.944962784752332752e+00,1.968428798312722439e-01,-2.824474342153412643e+00,3.487137985493286685e+00,-3.937889788429908222e+00,-6.621699170712647131e-02
-1.084669831052617273e+00,-2.980510632296164086e+00,8.871346542631872722e-01,-1.210387568698664040e+00,3.709321767426765781e+00,2.489180233871191916e+00
1.169332747088608571e+00,1.676998970168174674e+00,-2.014888050449977097e+00,6.325596694549480148e-01,-3.242008985370405494e+00,-1.777564262638437365e+00
-3.794379213100107506e-01,-4.230300822369662761e+00,2.250022509768456302e+00,9.728360755884679634e-03,5.183653033336956817e+00,2.659854666114839006e+00
-1.656543525490618896e+00,7.088571482768490917e-01,3.340275518259980814e-01,-2.602258667865154251e+00,2.700536748108220308e+00,-2.941963535334908286e-01
1.187817366929959650e+00,2.551201118245988386e+00,-4.504641148784429561e-01,1.192176078690213359e+00,-2.858749439914280099e+00,-3.265985292989189492e+00
1.822733559418060256e+00,1.986727123476502488e+00,-3.658169222499156881e-01,2.446588513366157791e+00,-3.191574463621734914e+00,-7.411410320992022349e-01
-4.570390076588563000e-01,3.418065525344885502e-01,2.250237854678661442e+00,-7.255597485920528555e-02,4.378238012729736894e+00,-1.356646884024390154e+00
5.304391450329193347e-01,-4.036881270332254523e+00,3.015166133464064480e+00,4.624920555551854662e-01,3.283563132963181808e+00,3.117848712504835973e+00
-1.512589318495667134e+00,1.313559473913768372e+00,1.998773199571271419e+00,-2.139289415559728624e+00,3.904655476710839679e+00,-1.033880204788337753e+00
-1.433396140876480374e+00,3.348109652760813848e+00,-2.516716230187174386e+00,-1.739653550103003488e+00,8.807037783583124835e-01,-2.858330213003304809e+00
1.213872388374270805e+00,1.690905442165536510e+00,-2.814121307472773559e+00,1.156467964886359390e+00,-3.300798397465884548e+00,-1.793724710104249720e+00
2.091312187219040997e+00,-1.630814246762916753e+00,-8.027572241173341894e-01,1.714168724150969325e+00,-3.533929716378068520e+00,2.695869155689897489e+00
1.370981739657669785e+00,2.402175703927497796e+00,3.190900378938749782e+00,1.645059186074362856e+00,1.067830376686026428e+00,-3.359272530236482535e+00
-1.429710926198282328e+00,2.766994862263682187e+00,2.275671988430395309e+00,-1.829685734533334607e+00,6.676090968873307219e+00,-2.041519232775664605e+00
7.326016331815499161e-02,1.145137026519881474e+00,-4.272751977420927716e-01,3.344911980861025036e-01,9.052904682498714717e-01,-3.467264325118518897e+00
1.465307341757994486e+00,1.322304741753075108e+00,5.649962188068400337e-01,1.736053609758065441e+00,-1.182702969755628608e+00,-9.037590664524115525e-01
-1.765705096450261191e+00,7.975706992370374948e-01,3.142114693312825224e+00,-2.999774686461989415e+00,7.954019074155793234e+00,-7.430404712436313730e-01
-1.300923921887312318e+00,-2.652513603143920928e+00,-1.317850690851190887e+00,-1.488033089443669965e+00,7.188203687383738494e-01,1.600817707412979907e+00
-1.702028684995468222e+00,-2.499256701512872159e+00,6.956303327776334200e-01,-2.826346556349257355e+00,4.699811622674005207e+00,2.527178287323701866e+00
-1.091817561918475787e+00,1.295660312698541317e+00,-1.036902228903421541e+00,-9.348948472624081241e-01,2.980646716773103777e-01,-1.814004957594878675e+00
1.588652235213582786e+00,-2.189067596497128232e+00,2.223731315153331778e+00,2.607433749642969367e+00,1.148088644955929105e+00,2.456196006881094185e+00
1.695439466339716095e+00,-1.798491556500955380e+00,-1.923459501141896899e+00,3.125087774146194874e+00,-3.756792777798372285e+00,2.847357026286569948e+00
-1.524336592945672697e+00,2.242345732454388951e+00,1.672647402665146110e+00,-1.956699449915416889e+00,6.532896395069857753e+00,-1.773517172629208272e+00
-2.748907877439973890e-01,-2.514136711808991897e+00,-1.498165132053598025e+00,-2.487650125761091680e-01,1.173042402158163133e-01,4.009062998146246670e-01
-1.627785565934062539e+00,7.556184052776985238e-01,-2.943874298758919039e+00,-2.484748556932308450e+00,-1.028087696876971158e-01,-9.860855063079503324e-01
-6.220452089543180296e-01,1.890873052847749092e-01,9.300796366988715036e-01,-3.691748877274481089e-01,3.842848048146219497e+00,-7.448609370696690490e-01
1.641160882961044676e+00,-1.399938913854704925e+00,2.340715447254876125e+00,1.107351150608235635e+00,1.044007028106981094e+00,1.563478608176819051e+00
7.976923612379809292e-01,1.780794504412425816e+00,-1.153575031641129733e+00,6.065977524871115634e-01,-2.174783320096263850e+00,-3.302782092498938837e+00
-1.323855291553510449e+00,-2.575511438689109145e+00,-3.382586603439459161e+00,-1.551440823743278186e+00,1.856493288405558495e-01,3.390212091253326676e+00
-1.483530871411914864e+00,-1.542640061004378893e+00,3.364620252575602599e+00,-1.834910574032105668e+00,5.515280157594322219e+00,7.379826683259524955e-01
2.345878058096257934e+00,-8.738951127865213220e-01,-3.389273089763866764e-01,3.022276435162000396e+00,-3.161961906263998756e+00,5.756250866605112648e-01
-1.635575397647434759e+00,3.686791321469439886e+00,2.482939104967341493e+00,-2.392774607519755570e+00,5.641164758986199956e+00,-1.460202465528032789e+00
1.356762030033377142e+00,1.239016082076277447e+00,1.249546734199658005e-02,1.655079352404354331e+00,-2.215134418742291000e+00,-3.255780717441960626e-01
1.540144942740793610e+00,2.126501961424608567e+00,1.737961592460554705e+00,2.405344753506909683e+00,4.390606477322870349e-01,-1.208748200300769682e+00
1.587184298207214184e+00,-1.640345908341915848e+00,-1.033259804545418437e+00,2.028849229860054670e+00,-3.310231900798176863e+00,7.939940570770014361e-01
2.258758652204921447e+00,2.667968451761511872e+00,1.518289513234485355e+00,3.465724391983711072e+00,5.780825287836398596e-01,-2.964379877005490105e+00
1.429029254557940831e+00,3.875258857393132139e+00,1.400843857307822127e+00,1.781972644369774983e+00,4.542710781465789660e-01,-2.718070584869275219e+00
-1.655740057552806732e+00,-1.004688145173829733e-01,-2.026016929222345997e+00,-2.594837471936141782e+00,-1.006706604349563716e-02,-4.198753311912191144e-01
-1.730503817928632282e+00,1.243475773981798094e+00,-2.799746350419210827e+00,-2.901996502478927820e+00,5.748700063603463528e-01,-6.491719867673619859e-01
-7.301308063128675307e-01,-9.002460823995008798e-01,3.142998130819203872e+00,-4.415826528832065279e-01,5.608871076976535086e+00,-2.078440293893861757e-01
-1.480530466868179129e+00,-2.494797394194808948e+00,8.494684954115800934e-01,-1.912345789183761635e+00,4.633204124252764622e+00,2.339429492776406327e+00
2.172031718991087601e+00,3.281519856858873929e+00,-2.292322710970049027e+00,2.223512642885786761e+00,-3.979519730330888017e+00,-1.850803221241416274e+00
1.183925277002773724e+00,-2.312674858579029546e+00,2.394883283910514749e+00,1.685092752993476495e+00,1.435041304728069900e+00,1.657428265747380891e+00
-1.464930500904186195e+00,1.398484942806834441e+00,5.360466772266772040e-01,-1.981427124546991880e+00,2.535678095445230706e+00,-1.847853373528301146e+00
1.891344045366829096e+00,-1.629542669791005594e+00,1.508298290390706065e+00,1.754685844274612272e+00,5.664533460372073170e-02,3.171838123541496302e+00
1.105019617027512391e+00,1.299054924666831479e-02,4.300196186510518714e-02,1.261836440676869842e+00,-2.338567964249663067e+00,-3.338450289012220296e-01
2.222573921491933113e+00,2.573976138414341808e+00,-1.974895832893470704e-01,2.159355352790167437e+00,-2.981177634976284185e+00,-1.293343538386837910e+00
-8.087503488732881163e-01,-3.012897436618354519e+00,1.944823151266453110e+00,-7.550713177780128404e-01,6.542609914936528881e+00,1.365706232470125236e+00
-1.721950036989373212e+00,1.123981532140308381e+00,3.443074974368981245e+00,-2.894590355097268919e+00,8.395794749588361583e+00,-9.433779323939504025e-01
-1.416357414151717453e+00,1.441514027023933275e+00,-1.785020760152036701e+00,-1.720358436018502246e+00,1.651969911194711427e-01,-4.905155265264795617e-01
8.784329872096040548e-01,6.492512489837614087e-01,3.388211461030807392e+00,1.134631976640880779e+00,1.714401688902027487e+00,-2.403276131387955594e+00
2.588315120610278797e+00,1.119006879598120063e+00,-7.650052143981107555e-01,2.022855223718149631e+00,-3.497097386989833190e+00,-1.051129013430336379e-01
1.788576181877869598e+00,2.560651471470682061e+00,1.372711879613778052e+00,1.576403844332017634e+00,2.370244151926391707e-01,-2.966544572514726141e+00
-1.745161242667716106e+00,2.478226210187721712e+00,-3.187308859751430301e+00,-2.907045937955511139e+00,6.277088232245077171e-01,-2.765741901237851685e+00
-1.757236217361969111e+00,2.992564373032911451e+00,2.590331043291918434e+00,-2.985843500688902363e+00,4.514044767258020840e+00,-3.157279153172849462e+00
5.846420044085012258e-01,3.735297582955325879e-01,7.822651802086069139e-01,7.578477546227775363e-01,1.265944687137153135e+00,-1.165047825820539451e+00
-8.136195262466378031e-01,8.271012827852317617e-01,1.270963623672329845e+00,-4.788959059124895390e-01,4.227672019882070309e+00,-1.230931127993459828e+00
-7.699119495136556857e-02,3.435259624776700882e-01,1.156102527468693353e+00,2.388071661803103929e-01,4.054283858348444625e+00,-1.812583086838174484e+00
-1.117915763213485736e+00,-2.060921346557664791e-01,2.879776549605375102e-01,-9.451575230548963091e-01,2.888571749611467787e+00,-2.901926330133424159e-01
1.063285045462547096e+00,9.578353599494497939e-01,-3.014392270909569405e+00,1.256137095617131827e+00,-3.319726148402033505e+00,-1.620016071150046200e+00
2.623545765704357713e+00,-1.198124975496837052e+00,1.161582987667566513e+00,1.485999312035834130e+00,-5.285631179962573256e-01,2.635986733287224659e+00
-9.129227416605244505e-01,1.352599817139724436e+00,-9.258996500727030288e-01,-6.866589718495754724e-01,4.365715491748335952e-01,-1.105914814007206814e+00
8.938828713974869000e-01,-2.793068044840819830e+00,-2.190663840845426868e+00,7.885781009530541397e-01,-2.940572563225910319e+00,2.346378621966774602e+00
1.303064625954229561e+00,-1.745266400430738996e+00,-8.755072601735518489e-01,1.348405823273456150e+00,-3.153805606619441981e+00,1.217989420134751199e+00
-1.325405599391599187e+00,-3.076815262061225464e+00,1.347032466553210739e+00,-1.426034803972786591e+00,3.517389305589825543e+00,3.376404901000485737e+00
-1.433039768324989804e+00,1.638695123279175325e+00,-1.418227300532865165e+00,-2.074207601195978690e+00,1.514136730941376241e+00,-3.009286390633156394e+00
1.501363698564712523e+00,-2.269230184621772839e+00,-9.238412392250001659e-01,1.735515118618839558e+00,-3.285226160351503832e+00,3.094617756353237326e+00
-9.031551379148963221e-01,-2.885888036976553384e+00,6.294086244998933211e-01,-6.401676958479831647e-01,2.797316351788297961e+00,1.356233825372575197e+00
1.131265016033376591e+00,1.419966341199055293e+00,9.418065817795353567e-01,8.116795566298744546e-01,1.440332444667737466e+00,-8.441632483352443650e-01
-1.393188521305083638e+00,-2.877220191015360307e+00,1.396804753948741151e+00,-1.659563180516328895e+00,3.835354246958126545e+00,2.762884047428973311e+00
-1.521439443541730885e+00,2.124916076983566882e+00,-2.005199419847284226e+00,-2.107323343178516772e+00,3.620289949269883678e-01,-1.755501397135371455e+00
-1.247592449491244704e+00,-1.663424899637388155e+00,3.376024285825640625e+00,-1.590020323611362585e+00,4.664835665202009096e+00,5.089267901546525863e-01
-1.615937071758268839e+00,-1.789650942571272774e+00,2.192442938960721399e+00,-2.332533826430738255e+00,6.246952809505937232e+00,1.026320688661813918e+00
-9.292772903412698238e-01,-2.996713959108622038e+00,2.853781440369140832e-01,-1.064916229047526031e+00,1.688128824437098663e+00,2.254894057677315544e+00
-1.714316213013353574e+00,-2.567899653252386560e+00,-2.328438608828909739e+00,-2.921104130984048197e+00,6.284817191019625993e-01,2.829163000398701833e+00
-5.888742848045207534e-01,1.588796109318892924e+00,2.199475000754925524e+00,-4.843149993734208181e-01,4.051007708747978775e+00,-3.192344071023196950e+00
-1.337525881704758390e+00,5.360704929744982694e-01,-2.980520885548388232e+00,-1.653765642070601061e+00,-1.362813232901413096e-01,-6.214727071773276101e-01
1.331485858891716667e+00,2.079823609155317943e+00,-1.172425501753218580e+00,1.957554928970514752e+00,-3.058739264883822973e+00,-2.818603102140563532e+00
-1.765790445773012474e+00,-6.593039581522017745e-01,-2.884156453055282565e+00,-3.098736179652654688e+00,6.417632636836322346e-01,3.040612583210142716e-01
1.580514610107036644e+00,2.798706868530486114e-01,-3.280556758192603617e+00,2.820272173313177255e+00,-3.777954104254552803e+00,-4.290142045747451505e-01
1.802025847777118495e+00,-1.267151238997383134e+00,-2.803243830743912035e+00,3.345355033969114267e+00,-3.889887440560467535e+00,2.002385724157448976e+00
-1.789838738555094899e+00,2.715473382321462736e+00,-2.437095284535867989e+00,-3.122196336741543288e+00,1.560981312138881860e-01,-2.561540932195120579e+00
-1.506922390064780126e+00,9.581810671115956746e-01,1.652101013201388469e+00,-2.145366252954040487e+00,5.286423449083179626e+00,-1.040318356059772853e+00
1.273719457246618392e+00,-2.256833295591145205e-01,2.628916449710269276e+00,1.389302732710961052e+00,7.642902124905084360e-01,5.387133198851490334e-01
-6.046920830350370757e-01,-3.339475719557729150e+00,-1.857248136061699473e+00,-4.053709862633945171e-01,-6.299719263900135924e-02,1.630210559704921458e+00
6.228514638438723550e-01,-3.634094375024026657e+00,9.521252242164406354e-01,8.296973873601478644e-01,2.957242644694447975e+00,1.288821990251904026e+00
1.888684385806473021e+00,-3.714009325100533498e-01,-1.472915466225953374e+00,2.201615491371422095e+00,-3.741356948022624085e+00,8.825822266503760005e-01
1.486562860969727673e+00,-1.380186407032385043e+00,-2.434378912653372140e+00,1.444566725794976136e+00,-3.612749548173824987e+00,2.031397298332826118e+00
4.923461498006921344e-01,-3.712988754295977412e+00,-3.354631499674491035e+00,3.209389859546307733e-01,-1.596963812163924246e+00,1.830171769474593368e+00
1.925198992071740722e+00,3.178330175308194505e+00,-2.610173926759768115e+00,3.345060380930410027e+00,-3.920056345493369676e+00,-2.974242952650963279e+00
-1.698977549358569483e+00,-1.700392007279266871e+00,-2.457778429502979201e+00,-2.864856040667915327e+00,2.922037614017065632e-01,9.482813513923034066e-01
-1.634231948953267510e+00,2.781153716812434951e+00,-1.666871372323828204e+00,-2.465082566591621838e+00,1.380084573771136691e+00,-2.671811813261499857e+00
1.764741153892621650e+00,4.622101672804627803e+00,-3.285817323989111749e+00,1.951234373219845608e+00,-3.931054593509094808e+00,-2.259298079798904624e+00
1.782004564932307522e+00,-1.927966998097480289e+00,1.441755515353241535e+00,2.078516830092885570e+00,1.145333083529761931e+00,1.879617992769682999e+00
6.123972717167455171e-01,-3.890097202415511379e+00,-2.446437793475189082e-01,7.257999812597510925e-01,-1.090947755659553930e+00,1.985064346815216929e+00
1.429403872947420107e+00,3.713780275080853954e+00,3.485654691873198097e+00,1.662759759265617809e+00,1.607444453186744671e+00,-3.393761304930169587e+00
-1.001348815680333404e+00,1.029525346350544490e+00,1.191993376455791065e-01,-7.996552582690648059e-01,1.077693075813109358e+00,-2.932578994847398590e+00
-1.271547891707063282e+00,-2.694275576956815410e+00,-2.593972976896333993e+00,-1.478559268376130831e+00,-9.579035118801157433e-02,1.461560101592319860e+00
1.854310060988081599e+00,-1.370948280056965007e+00,-3.413744078832178896e+00,2.079291186896840671e+00,-3.971547966573098609e+00,1.061261413120937469e+00
1.496998879721135767e+00,3.168517685670043882e+00,-2.753614301270155273e-01,6.787483334280679514e-01,-2.904223623308169966e+00,-2.374745619923365858e+00
-1.638545001449919436e+00,1.203519408232157417e+00,-6.458139723551901135e-01,-2.553404544127757081e+00,5.301722774941115546e-01,-3.908933435987402838e-01
1.146927578836950179e+00,-1.304681418871764365e+00,-1.888729023599462931e+00,6.883508111065541613e-01,-3.293787259243569743e+00,3.829210492556631706e-01
-6.149980831777268619e-02,2.072071920215284857e-01,5.893292104427869660e-01,5.060056489351172360e-02,2.654972539802358700e+00,-1.380659618550691192e+00
-1.694397714956655365e+00,-2.674907597869018883e+00,2.715759035597484328e+00,-2.682495261007123766e+00,5.476113983164661470e+00,3.392765509338558694e+00
-1.633470680222526505e+00,9.790919518710063940e-01,1.601261802494568620e+00,-2.586647453145046960e+00,5.772010367083534099e+00,-9.323212007261805212e-01
-1.390305960423553477e+00,-1.741037307001825019e+00,6.536626759786789975e-01,-1.669182316416419454e+00,4.224398586347267504e+00,1.785363875540602940e+00
1.739456062098579947e+00,1.720762658291467462e+00,-2.439376298551387379e+00,2.379688153453573207e+00,-3.853326222181980842e+00,-7.246468931006302405e-01
-1.032521245140826549e+00,2.189597977002359919e+00,2.999654862545034106e+00,-1.102191868674274211e+00,6.098593039585041176e+00,-2.982903764777073974e+00
1.551385015921486588e+00,1.404330233091658497e+00,2.278828354901008879e+00,2.217038439180988085e+00,5.770230032820558019e-01,-7.028665951998123163e-01
2.636886807101896935e+00,6.887436452254142027e-01,2.948145292413534513e+00,2.964772270824285627e+00,2.827453020070178069e-01,-3.020236546907244524e-01
-1.639361611407041286e+00,-2.428999185620195345e+00,-1.152132298317681158e+00,-2.613786005479588059e+00,5.254486813267865708e-01,2.001233533730136571e+00
-1.418277851498784159e+00,-2.797019031454206939e+00,-4.711133688100828110e-01,-1.838312650024161554e+00,1.649732232294148560e+00,2.254380459115798985e+00
-1.748927022210844617e+00,-2.412773299029844054e+00,1.741479891848094930e+00,-3.021030281655187721e+00,6.084774441345555118e+00,2.499364424303530008e+00
1.517882604954065462e+00,2.430899128407193022e+00,4.934807072047222576e-01,1.497836230443573058e+00,-8.485697390329547396e-01,-3.413342190177280688e+00
2.086883779174470099e+00,3.486880357160093702e-02,-3.550163336746665621e-01,1.942966696483461320e+00,-3.324431797388530896e+00,3.612343549688041833e-01
-1.808225313185176653e+00,-4.013255676870145505e-01,-2.950417204193137799e+00,-3.278385866770113566e+00,2.868900852673850754e-01,1.407428003377741987e-02
-1.490585488338377118e+00,-2.255051646704715029e+00,3.359559789035927224e+00,-1.929057851229591058e+00,5.996830324496972509e+00,1.422856902915747845e+00
3.330456208687722963e+00,3.749299747116224601e+00,1.424278213660683079e+00,2.287604402643996337e+00,-9.605423435292614887e-02,-2.330504418054119675e+00
2.910639472787101667e+00,9.071371834808533707e-02,-2.729829413872105093e+00,3.107884005209938572e+00,-4.201970870651759782e+00,-3.773546975492969580e-02
-1.266661824093286093e+00,-9.265373430672245725e-01,-2.058630252311421494e+00,-1.429990404343949528e+00,1.245692487935673443e+00,-2.122440142516337502e-01
-1.715791790184692189e+00,1.487199079715549044e-01,-1.504352205712364388e+00,-2.902651520259968976e+00,2.391856554352908559e-01,-4.839084959973329880e-01
-1.831911546622202236e+00,-2.134090188549248701e+00,-1.964690529184407231e+00,-3.373092583167415892e+00,7.834804137815889469e-01,2.282608373811020996e+00
-2.205153609771383361e-01,-3.800520363348837805e+00,2.180501395636044393e+00,1.624133477074085619e-02,4.099335411472591062e+00,1.265786299652461366e+00
-1.473775351595832284e+00,-2.321709407374835887e+00,1.142993906156508643e-02,-1.871190001804861947e+00,2.831397621422678590e+00,2.785497921490848405e+00
2.151613277069564401e+00,-1.010690963572413059e+00,3.222559269153252082e+00,2.673720945545890793e+00,2.960855990745307476e-01,4.346264160453578995e-01
-1.384818910437267903e+00,2.479266368440375068e+00,5.174463585208357586e-01,-1.710370602765190817e+00,3.199510488268895170e+00,-3.113086929338586994e+00
2.427562966056890481e+00,3.325510427624690291e+00,-1.866428264769397050e+00,2.864452880943585633e+00,-3.940041433904780899e+00,-1.037687101640967668e+00
-1.706086019922233632e+00,-2.087669106444704159e+00,-1.025268866271193957e-01,-2.730104624813401326e+00,1.245264425179836154e+00,1.050811817557340433e+00
1.737411156491858844e+00,-1.940018161423831433e+00,2.392286650507932322e+00,1.916417435167184991e+00,2.064142804761823213e-01,2.714459050187377542e+00
2.095684900600268463e+00,-1.641583290195737455e+00,-2.823114820606079878e+00,2.854597357172781180e+00,-4.017357540863786269e+00,1.774237343779010878e+00
2.163497609588391768e+00,2.920663331471349711e+00,2.472902001165537378e+00,2.932704928308132786e+00,6.005162898844178532e-01,-3.082884986062953026e+00
2.435560183558584946e+00,4.435337169811109703e+00,-3.000000502957286486e+00,2.565651148672881021e+00,-4.135077518873075952e+00,-3.081865984480340437e+00
1.814081498464922060e+00,-1.384029479225303616e+00,2.916970240188074825e+00,3.029750972659683406e+00,6.238487744875990115e-01,1.233467353592463844e+00
-2.757653067571567695e-01,-9.819683126203752055e-01,3.220077456978930108e+00,-3.233110814814299516e-02,5.608092908432725565e+00,-3.997488729688263298e-01
-1.774456365407776293e+00,-2.089108231468189025e+00,-3.082521084636776987e+00,-3.021880059177426858e+00,-8.839294779026665716e-02,2.246464235943447463e+00
9.788035017246762282e-01,-2.893308381308617783e+00,-3.729367047208658192e-01,6.516290546638003889e-01,-2.356472827871446185e+00,3.492807829596965341e+00
1.390718533230125953e+00,2.226311669955385319e+00,-3.223782792461695745e+00,1.112450983951551287e+00,-3.679730045053331899e+00,-2.296071028457413732e+00
-7.262417095245340404e-01,-2.922590201924872400e+00,-3.535359808946361149e-01,-4.230118596273260145e-01,7.478896527031325681e-01,6.615636391310504294e-01
-9.794009340769476157e-01,-3.374349540981993911e+00,-3.319691614666198110e+00,-8.125491725915976460e-01,6.070906035855634375e-01,3.415872037416902707e+00
-1.134363268312359896e+00,-3.194920546691251140e+00,-1.449377255771946871e+00,-1.073659786350603440e+00,-3.450088533022509923e-02,2.939295863484987947e+00
1.595295254301892562e+00,-1.516613732888179911e+00,7.819450017120823659e-01,1.158265401765822489e+00,-6.901043097144624605e-01,2.229097100282436017e+00
-1.824956548185937555e+00,-2.035038463450653978e+00,3.234333445202090651e+00,-3.328256166974943753e+00,4.233328494350810267e+00,2.483704565125644415e+00
1.720620718816415096e+00,2.653701424722105351e+00,2.864679414059938090e+00,2.514578503361579287e+00,9.688234662580430534e-01,-2.012548834871521031e+00
2.266277805111080457e-01,-3.878399695763954380e+00,-2.993937215299628640e+00,1.269936765513790533e-01,-1.074793982635761758e+00,2.349683391354711048e+00
-1.379938014718488759e+00,1.583150995312950782e+00,-2.824297901637752073e+00,-1.618151150402439065e+00,9.484235067106616679e-01,-1.091627898624784265e+00
1.727747328499765311e+00,1.582452973039764732e+00,1.784825816067579396e+00,2.863317472278152920e+00,7.403355798369819496e-01,-1.256847278484548358e+00
1.814869881889049186e+00,-2.317455378182132986e+00,1.765805147138239661e+00,3.286702896089451542e+00,1.433045190111051359e-01,2.441978777198308137e+00
-1.698714727980363381e+00,7.871119335978737919e-01,8.537029282404438035e-01,-2.670394582185688037e+00,5.233337021659892230e+00,-6.377198671469872515e-01
-1.773653189967159038e+00,2.443967673455532008e+00,6.908379478293955600e-01,-3.022635964291458421e+00,4.867655191356075939e+00,-2.756240743350434563e+00
1.645387394933498060e+00,2.705619075001727047e+00,2.355012118872811477e+00,1.901073068989422410e+00,1.593110870349693231e+00,-1.833357970967337547e+00
-1.717843681175227122e+00,-2.668759416636408588e+00,1.987092879569170023e+00,-2.831180753744295231e+00,4.498979523236606326e+00,2.933880065284557581e+00
-1.528489306193880903e+00,-9.146534236487409153e-01,2.840955176217274669e+00,-1.991956267667409630e+00,5.022453232494893172e+00,5.575605557542004931e-01
-1.280986524986627684e+00,-2.751777560211583040e+00,1.031275847181173155e+00,-1.545660085719844368e+00,3.495894284534689422e+00,2.116491412016402229e+00
1.278661300821775315e+00,1.193898600077336836e+00,-2.624745732131791964e+00,1.428465078359416829e+00,-3.428706178000296312e+00,-9.509526767549352222e-01
-1.435722877316569335e+00,6.937225030618568988e-01,-2.106663802715521783e+00,-1.681666249450593398e+00,4.391862181953194444e-01,-1.053224187455306549e+00
5.184348505429873244e-01,-4.051862786213628276e+00,3.407712530017707131e+00,4.983311698718191352e-01,2.460572219541437899e+00,2.652443841792178958e+00
2.898050269537906232e+00,-8.890046947956160572e-01,9.626118250920407959e-01,2.580451237100397144e+00,-3.856778723339789883e-01,2.068839805397952425e+00
-1.469004374215552300e+00,-2.747221702014070122e+00,6.339405835304914305e-01,-1.980310492294313995e+00,4.032267951968289132e+00,2.900882220456081129e+00
6.361242984030460734e-01,-3.790694296341803327e+00,-3.459270690440250373e+00,5.985047664556475411e-01,-2.502321497834838038e+00,2.134195012388946822e+00
-1.823183055896563154e+00,8.382634252863427893e-01,-9.999279344236904343e-01,-3.294607251981670260e+00,5.400946270084631129e-01,-4.537463338940699309e-01
1.831066635796595454e+00,1.617383476463443159e+00,-3.454098631951742604e+00,3.034527682075010446e+00,-3.959172888197824758e+00,-4.289226493886584279e-01
-1.622741127056085642e+00,-1.643703413847470429e+00,2.425471151619635890e+00,-2.393346442237803462e+00,5.608013207602694727e+00,3.742289019660551830e-01
2.050979650689316092e+00,4.391800484237201374e+00,2.663499253829595403e+00,2.449375150254917699e+00,1.234053736574474813e+00,-3.344061801499468078e+00
1.915618765613346763e+00,-1.349706839927088620e+00,6.038387634562347728e-01,1.846657947868449057e+00,-1.035386361975229708e+00,1.149717285081749196e+00
-7.576028628883868521e-01,-3.455207329431831287e+00,4.428106754782135113e-01,-6.730193703042206543e-01,1.580408044506549148e+00,3.082839361756187557e+00
1.403718401846200337e+00,2.064060766175019435e+00,3.047829098186102925e+00,1.925618337577226669e+00,2.371756982118887080e+00,-1.970667428403371613e+00
1.601227907499898961e+00,-1.617641482305269829e+00,-1.993731397900652347e+00,2.380306537561792446e+00,-3.686796991462518047e+00,7.855115916638970575e-01
