2.474590126741968987e+00,4.545314690787287670e-01,3.285996063925666344e-01,2.745792093323990990e+00,-1.181208612373647160e+00,7.520599674992860528e-01
3.187603248443664938e+00,-2.712837149618333221e+00,-5.248110819146248218e+00,2.681460958405996742e-01,8.793074921888587303e-01,1.690389256727253375e+00
3.389494277762452157e+00,-3.603671401716275202e+00,-7.381403787604262412e+00,-2.406532857976409367e+00,1.688275137274350746e+00,2.837663284996790658e+00
-2.151093183208422133e+00,3.389747696660099230e+00,-1.080568991581544180e+00,1.942790294290346331e+00,-6.698602761119581972e-01,3.087409589022161782e+00
3.295565709591520509e+00,-2.560065440801145620e+00,-1.935694474749138694e+00,4.978860785554770629e-01,1.310086182835828561e+00,-1.143306828797219232e+00
-1.856341517789899864e+00,3.408694613028787623e-01,-6.914536785776244088e+00,-1.161810651846484799e+00,1.342255222207961785e+00,1.915027070411581711e+00
-3.315523060430905389e+00,3.742596643564152004e+00,1.922033502682125805e+00,3.462811529197919569e+00,-1.436167939557219553e+00,3.450050082639678273e+00
3.122422401678689674e+00,-2.418457785567237561e+00,2.521212259993057980e+00,8.648694601222208789e-01,2.832931085815594274e-01,-3.365525412134414474e+00
2.952073964146627816e+00,-1.467757455275793044e+00,2.537925459516531035e+00,1.255712774306291024e+00,-1.092773686552103718e-01,-2.537910680721291889e+00
-1.442169625316136461e+00,4.314009826881783916e+00,3.261726328945256270e+00,1.946547961727755016e+00,-8.113498437793722484e-01,-1.228730960833925412e+00
-2.336084084606830036e+00,4.550740373614823753e+00,5.451253507438050816e-01,2.351670488463871500e+00,-1.048120584569646629e+00,5.238475400751951838e-01
-7.320401211730165336e-01,-4.427132690763760370e-01,-7.128447675530797056e+00,-2.562327355904828963e+00,1.993446699274878053e+00,1.059200145996827658e+00
7.468814328590589469e-02,3.054524999623943415e+00,1.141963548265098183e+01,3.483808359984870151e+00,-1.442676809996960685e+00,-1.763085735733263881e+00
-1.343739400564893050e+00,-7.735735412443539571e-02,-2.178613604510562851e+00,-2.824196122648840124e+00,1.988417202858439925e+00,-2.880769419773455908e+00
-4.930181648564362362e-01,4.271627898889160946e-01,-6.244892370316087238e+00,-2.867983935114398530e+00,1.993825375022910684e+00,-2.222700233252994373e-01
2.310485839557648191e+00,-2.953506076435119532e+00,-7.173044750963518901e+00,-1.322342116886664698e+00,1.451490348108907424e+00,2.592697046820537032e+00
4.367550003094771149e-01,-1.105594773895833827e+00,-7.183113470876613782e+00,-1.908244579306789479e+00,1.635423108875865505e+00,2.065181015131045683e+00
2.316218171490029398e+00,-2.225721300710121309e+00,-5.198284865539144484e+00,4.890147935138893232e-01,1.071178717936382974e+00,1.183580075580340285e+00
3.478505037592426241e+00,-3.541526109687366031e+00,-7.476222502507942735e+00,-1.775933738097935644e+00,2.487138870368758248e+00,3.123579391938283933e+00
-1.171948363643878555e+00,7.134140030951627853e-01,-5.982076461579912241e+00,2.073514322600682469e-01,8.940067501190605004e-01,1.862404613573982459e+00
-2.862943115290898621e+00,3.042917913097494598e+00,-3.440556056077632707e-01,1.637362734605254388e+00,-5.650836745366714098e-01,3.495107129330399687e+00
1.916820910121972865e+00,-2.903443421379592326e+00,-1.532190410213240872e+00,-2.117969808182786018e+00,2.110114244795237681e+00,-2.953258672847770328e+00
-2.454313886497365704e+00,4.243338719774308210e+00,8.253071209173863387e-01,3.122624521938512920e+00,-1.335901410706805015e+00,2.050340010926842815e+00
1.577485417535444689e+00,1.232889792811518337e+00,6.427986105859214705e-01,2.174561989692324282e+00,-9.608701544290282337e-01,-2.413576720788412899e-01
3.186025040223107396e+00,-1.712061286565612850e+00,4.226893363939363546e-01,1.121235194015028469e+00,3.622357230827656649e-02,-6.978793292459832820e-01
-2.988329576638279583e+00,5.131059543927646516e+00,2.196835042329076115e-01,3.019796439893644546e+00,-1.304217593180535983e+00,9.245142231685585799e-01
-3.698607434980338837e-01,-2.433932978030891592e-01,-6.136327997202282170e+00,-3.308052355077033990e+00,1.947386573294570544e+00,-7.967040776645317735e-02
2.387826474442266367e+00,-2.148203546452942536e+00,-6.353326248135621412e+00,6.174283259806223612e-02,1.535826740258628753e+00,2.365987726350184950e+00
-2.481222326431789416e+00,8.158755170346934094e-01,-2.202919322188330753e+00,-4.197857257021144761e-01,2.807215416556413601e+00,-2.110079729830141027e+00
1.856900752103989305e+00,8.831257349104526533e-01,1.619832784360160538e+00,3.418746974627843827e+00,-1.418611689531920517e+00,1.295837560491168716e+00
1.972494426451480543e+00,7.203391949754315293e-01,-4.185147022975622688e-01,2.136740939058924482e+00,-8.189837565705589961e-01,2.709830141745144694e+00
1.225549816948938719e+00,-7.010486233602530870e-01,-5.718718139104366216e+00,3.464946374854815936e-01,7.055433949356674228e-01,3.201322825699987717e+00
-2.578084698101680949e+00,9.365059423328422339e-01,-6.556979546244828150e+00,-4.933645068537728662e-01,1.811381093159741162e+00,1.447493235959111502e+00
-3.224877724815416347e+00,3.168907710886828544e-01,-5.783306408484349959e+00,-1.831525828218281138e+00,2.276816122252502517e+00,-1.865010150179804427e-01
1.092161538933225096e+00,2.492305971719074975e+00,7.814563922602717483e+00,2.932003074129334586e+00,-1.258270997724432405e+00,-2.836678778612634400e+00
-1.741721702520216741e+00,5.597305449567540059e-01,-2.952059111004531111e+00,-2.679902952996732424e+00,3.117084389469835237e+00,-3.374321553429765252e+00
3.418928688221362755e+00,-1.326692608156815112e+00,-1.453078992935690872e+00,1.514497460718491340e+00,-2.179218439373782346e-01,2.453850996516153238e+00
2.336813121777980840e-01,-9.428649482716078278e-01,-7.350886839595739630e+00,-2.064647441868050493e+00,1.926148870644551314e+00,2.079660618698066621e+00
-3.085773295158228180e+00,4.412716941216483058e+00,3.820376548165762998e+00,3.343364622569776401e+00,-1.398931420079469801e+00,-1.206899254313395176e+00
1.391287198572578987e+00,-2.419120065352857285e+00,-1.515973387026615882e+00,-2.339382920738323879e+00,2.296299650795938785e+00,-2.769471566794650563e+00
8.902233653081568221e-01,4.870457178494535633e+00,6.341592108433576236e+00,2.825987611085889917e+00,-1.190228838038373205e+00,-1.344892851177433624e+00
2.770449771275997897e+00,1.430629058325108893e+00,3.652790771655170410e+00,2.091839122605781753e+00,-6.768991699175637144e-01,-2.051320854516652137e+00
-2.366527304050784597e+00,6.193394920266400705e-01,-6.820264352119048468e+00,-1.180766711465356167e+00,2.057756544421994960e+00,1.070462309384154764e+00
7.726710488419312739e-01,-1.358857874716152825e+00,-2.140790736713329423e+00,-2.581476406401505663e+00,1.705607037538838799e+00,-2.081102554052242759e+00
-1.281104315629984391e+00,1.723372345950785478e-01,-3.333792950060625149e+00,-2.002065036955539945e+00,1.989473268451105170e+00,-1.778572175859537197e+00
1.842859689386459721e+00,-1.321143968308340355e+00,-2.828181871798056690e+00,5.932576514768461706e-01,9.652736516958551061e-01,-6.344829375445057984e-01
-2.406025428914257525e+00,2.495479748763725081e-01,-7.252364365895250131e+00,-1.192082912761898150e+00,2.327473888026009519e+00,2.880351873239331617e+00
3.009213026182955275e+00,-1.791049581793765499e+00,-1.570450093930129576e+00,1.177193382559353907e+00,4.607702190327740976e-01,1.584336932177218493e+00
-1.532636061128966887e-02,2.674563343787583758e+00,6.534997120863621944e+00,2.589279546680351096e+00,-1.142960897915674012e+00,-1.382475383725010776e+00
2.332637787784866745e+00,-2.825317249912572937e+00,-5.671842744722289886e+00,-5.837936095056450725e-01,1.605192374034418501e+00,-2.004699781963021898e-01
-1.890214008326038142e+00,9.994759741275163201e-01,-2.628612335132827216e+00,-5.639589845143486713e-01,1.783453168790387178e+00,-3.390444679489210245e+00
-2.752329921040353788e+00,1.384886177902494020e-01,-6.877351062794629932e+00,-1.239632189554052744e+00,1.532508223926356328e+00,1.040288409923032731e+00
1.215902666168363844e+00,-1.855050544884401242e+00,-1.854584946023628556e+00,-1.488632208829943071e+00,2.418609973110084965e+00,-3.316714270371778461e+00
5.528827649309011605e-01,6.037530738672078456e+00,6.496049830905931799e+00,3.300855505359599817e+00,-1.392379405540068449e+00,-1.317596304575547439e+00
2.630945616796089404e+00,-2.383842010164366698e+00,-5.232823038316327668e-01,5.792015801576244627e-01,5.701723474280536719e-01,-2.384643180419099284e+00
3.479893486275515535e+00,-3.797738389010302917e+00,-2.289305497986750648e+00,-3.438590565386541620e+00,1.847582931830457520e+00,-2.758358659884556197e+00
-1.572855607369948006e+00,7.341387491920916553e-01,-6.215198737358200276e+00,-2.074113642793040668e-02,1.010467087779915341e+00,2.441243597346502980e+00
1.698453837909063679e+00,1.730504073140697763e+00,7.501444163117060526e+00,2.400013965290164641e+00,-9.919520928183855890e-01,-2.117512823840163261e+00
-1.506876332267669483e+00,8.584978860344132379e-01,-3.070708389429576357e+00,-1.765071754455876274e+00,1.843702630998488523e+00,-1.105349882274119899e+00
1.583740693626031870e+00,-2.716813607067217973e+00,-6.541611815586199974e+00,-2.746357820226103641e+00,2.455892908491637883e+00,1.276553966612263835e-01
-6.250758667988520756e-02,-6.138433207999632879e-01,-6.968148738710189249e+00,-3.321430604989948687e+00,1.867352303613971198e+00,4.946562071620981271e-01
2.576112646855143851e+00,-3.166634963315408502e+00,-3.907354108354582412e+00,-1.174748974696501413e+00,1.401310235259193959e+00,-9.317318834330929889e-01
-2.364168076588589074e+00,1.658866087355745478e+00,5.406770333832924269e-01,1.314288641464729679e+00,-1.317765158837898298e-01,1.149818497943242868e+00
3.299275697357007431e+00,-6.579613433414645274e-02,4.170992093738166595e+00,2.930816256180369450e+00,-1.262578009522999478e+00,-3.020576798414665198e+00
-3.157800144635021233e+00,4.930085102693031462e-01,-6.519973251971365791e+00,-6.138952972401430230e-01,1.324230936233256051e+00,9.307115447902427618e-01
1.403821370539802160e+00,-1.883001370402451968e+00,-2.581265042595839887e+00,-2.536317812856854204e-01,1.568738661981516458e+00,-1.498298880251441201e+00
1.063614367488273871e+00,-1.901501558156768024e+00,-6.559978240360269552e+00,-3.391816073073817162e+00,2.034957633757053408e+00,-2.430596421658925976e-02
-3.174786368976243445e+00,5.019077826809632825e-02,-7.322479100372350835e+00,-2.057338729196791061e+00,2.565339481579176795e+00,1.498725329376705773e+00
-2.118893865603678428e+00,3.205588793725730135e+00,1.537848916894402063e-02,2.576668854330025127e+00,-1.084485978507715220e+00,1.790141394080204229e+00
-1.185750958980815728e+00,2.771580484721071214e-01,-7.383416616753643247e+00,-1.849316487132502296e+00,1.952690288034354626e+00,3.299829450637967732e+00
1.768514627658807292e+00,-2.479450290088962561e+00,-7.341741824559776752e+00,-1.290601880881113495e+00,2.814758764600513885e+00,2.555255485054963138e+00
-9.448979280320188856e-01,1.473115057424861041e+00,1.262456102609269548e+00,9.502796321736939333e-01,2.750100975762008737e-01,-2.819168418777300733e+00
2.153970449191278114e-01,2.981485001903934506e+00,-4.422260491374315761e-01,2.414457567032004981e+00,-1.062712837316364567e+00,8.871055940754164482e-01
-1.020730774882194325e+00,4.744189697943986594e+00,4.892285751092915191e+00,1.955121742343197688e+00,-7.881017634143580031e-01,-3.057475957022452562e+00
1.027184291234162217e-01,-6.077470783654570496e-01,-6.907254150216604494e+00,-2.754321232618038628e+00,2.851320118721639485e+00,4.342723258223202265e-01
-1.668104396491933983e+00,1.222009124580990536e+00,-3.738318808423673811e+00,7.575209563351803510e-01,3.943269687504808441e-01,3.424813140820701207e+00
2.462176398918458631e+00,-2.114413540660814661e+00,-1.711706178583400684e+00,8.616273430818379708e-01,4.765076884037074967e-01,2.815168195764729653e+00
8.626888251991013945e-01,-1.595189521366133567e+00,-3.168176221040927221e+00,-2.326283633301723164e+00,2.241853231297133764e+00,-2.259790801602787891e+00
-1.368711747100397780e+00,-1.949774799968413963e-01,-4.226402984081748748e+00,-2.680288304754937290e+00,2.338397501002383194e+00,-1.041119573990268776e+00
1.928349902850241548e+00,-1.360608052977575033e+00,-1.243359322665495315e+00,1.225686225794893502e+00,-1.472474204823344679e-01,2.327656998506393293e+00
2.768863881379052039e+00,-2.879652259034880313e+00,-2.038463340804815616e+00,-4.909827788120546543e-02,1.132852630138026395e+00,-1.447395759415779359e+00
1.661853913056983600e+00,-1.770839964651012233e+00,-1.756743214921854257e+00,-1.404753795675821593e-01,1.395387465281099137e+00,-3.369931585857686152e+00
2.488866876813367490e+00,-2.520837971823629786e+00,-5.771677331085000695e+00,2.925951400441717531e-01,8.892519942920614762e-01,2.270316268352349454e+00
2.240877335341334486e+00,-3.185113843146221146e+00,-3.509303702351457943e+00,-2.902914409619068437e+00,3.662935060542301002e+00,-1.998864732275252187e+00
2.556546620955248983e+00,-1.842878215877083559e+00,1.242525831654467616e+00,1.036580467541994288e+00,1.345981742292813865e-01,-1.548834106172865877e+00
-8.250926728755709760e-01,4.640673331916820743e+00,-1.707330018491973189e-01,2.026720216209527692e+00,-7.916408299745456567e-01,1.956038780374642627e-01
7.798494175056385203e-01,-1.103083041704212341e+00,-7.010352237579302148e+00,-1.572918428465243323e+00,2.731060922304608951e+00,9.372494064906664590e-01
-5.914583325747027054e-01,-2.511498356729182091e-01,-7.393848617568397508e+00,-1.897855556833439206e+00,1.661254817430757980e+00,3.083042257971134958e+00
-1.805056388174996140e+00,-1.167782227537703110e-02,-1.765379795068399815e+00,-2.261694246260822716e+00,1.765512892905359621e+00,-2.456595875824297615e+00
-3.071242620593387151e+00,7.490384877985234446e-01,-7.080986090792644738e+00,-2.228072611216129761e+00,2.167813369669739476e+00,9.931321969820361417e-01
2.222612750261239611e+00,-3.089024879201250684e+00,-7.393526295183129093e+00,-2.965059342948654475e+00,2.292266582087546745e+00,1.474042949358502774e+00
-8.145752565891393182e-01,-4.285446197084159525e-01,-2.266599650690138912e+00,-2.970988820529228747e+00,3.153894768795450165e+00,-2.615352608578604521e+00
3.351883366827055788e+00,1.614354449866671981e+00,5.002782410484540865e-01,2.793751661891430871e+00,-1.224905387244264565e+00,8.033918968445314945e-01
-8.268923440736375419e-01,4.974412283291121950e-01,-3.119711737217850001e+00,-7.029325518936690997e-01,1.304952985875754479e+00,-8.075337264696140771e-01
9.110477883094354468e-01,-6.808626920452642839e-01,-6.139025566993701055e+00,1.910120702063862197e-01,1.488797388465044058e+00,3.169275567684706196e+00
-3.965373538962735367e-01,9.445109086767766726e-03,-2.760188103568131712e+00,-1.283399774218713318e+00,1.422739331658903206e+00,-2.921598451467023683e+00
-3.321344408160717965e+00,7.657087960687861683e-01,-2.631051211335441398e+00,-2.123416261185771425e+00,1.841270363717199654e+00,-3.094005863620755914e+00
-1.867493282783246000e+00,-1.353585972035194762e-01,-2.934297491769057409e+00,-2.155999268894700727e+00,2.737203407948715306e+00,-1.710463962856948017e+00
1.954739188120498738e+00,-2.975874613689525994e+00,-2.402285497294046834e+00,-3.367059813133834290e+00,1.821814578927658301e+00,-3.350466037697460653e+00
-2.310215378252195251e+00,4.757505994811083161e-01,-8.014597379627921292e-01,1.158338768171569555e-01,8.751747002205491066e-01,-2.964750324086308009e+00
-5.980022421507369401e-01,4.654123756994115624e+00,4.658611827923645698e+00,3.289917141216182728e+00,-1.373081769844658684e+00,-1.103974950219311246e+00
6.636004334744107780e-01,1.539715805778427704e-01,-5.631541757024953299e+00,2.501784555336494797e-01,9.845514647607693792e-01,3.273555810799926746e+00
2.876090545302148804e+00,-1.968880540801186907e+00,-1.865608437391858443e+00,9.848071907863102936e-01,2.403567254110733908e-01,1.224730967836746842e-01
4.474097980765989746e-02,2.468815437192249274e+00,3.578015810508389904e+00,2.369798797493351650e+00,-9.718275560295359661e-01,-9.189256420019900062e-01
-4.295675896464397070e-01,-1.622585178999453037e-01,-3.359387395285630795e+00,-6.008304060925113710e-01,2.300965936004077950e+00,-8.119267041148887643e-01
-3.273954954484609825e+00,1.523805000278525945e+00,-3.561769138358239939e+00,4.070494978274110665e-01,1.209732596487857581e+00,-7.289042577259952083e-02
-1.901135451563457757e+00,8.668569024717132088e-01,-5.557746276010272268e+00,2.582713551678108566e-01,8.555435642052500178e-01,2.168756762746091304e+00
-2.228769110568272538e+00,3.212598461960206819e+00,-3.889880462624885071e-01,1.873462641966662900e+00,-6.759060339744591417e-01,1.414584292381086961e+00
-1.802106471731142134e+00,1.817563259493740313e+00,-6.687812791264107659e+00,-1.152885994130257163e+00,2.095442044959658912e+00,7.991007689648155221e-01
2.166189218135793126e+00,-1.297092781719769938e+00,-1.257073902397968901e+00,1.139778195966480112e+00,8.579072019363440105e-02,2.992927818021051678e+00
1.350192772304166233e-01,-6.976260935573005972e-02,-5.362922582219263212e+00,4.830045535449252192e-01,7.845476440000502816e-01,3.146415472792828183e+00
-9.196773577833035063e-01,9.553096311773856542e-02,-7.312411707117165705e+00,-1.978678751253223123e+00,1.700444384704924428e+00,2.609067426385251132e+00
-2.635243121079895445e-01,1.066669886612175988e+00,-8.892628178638222192e-01,1.170218477694858983e+00,5.726640575938629629e-02,4.096453365369763233e-01
7.341845708794991765e-01,1.058787293518753003e+00,-7.914215398803822188e-01,1.439779856821342463e+00,-3.954687515265010722e-01,5.542605220778522579e-01
4.016504756118606245e-01,3.619028946512242051e+00,3.417392721373947673e+00,2.803758997023041211e+00,-1.228103947470747359e+00,2.145864729132524573e+00
-3.268616477875689874e+00,3.819672834492664037e+00,7.948284232753477507e-01,3.085938483084644801e+00,-1.317244407566948716e+00,1.276986346440530440e+00
-7.068587574830100806e-01,2.395107360763582438e+00,-1.951852439506540637e-01,1.735103434121631594e+00,-6.714112205996974891e-01,1.685882299250554439e+00
-2.916752119846999669e+00,6.956058524840668111e-01,-7.349350393488478517e+00,-1.646195980129733671e+00,2.174004836774972027e+00,2.877289094762866206e+00
-1.178355176615752953e-01,3.663261887536743977e+00,3.019372256468690452e+00,3.125914877806518888e+00,-1.299516014351384641e+00,-1.939414138730901627e-01
2.495763551969940153e+00,-3.420197298406188136e+00,-2.213711771580769927e+00,-3.266879456782899371e+00,2.030839582746534866e+00,-3.198077106158603744e+00
2.434295794445258565e+00,-2.876619169993777980e+00,-5.960733193880468406e+00,-4.928610020290156157e-01,1.416838941150308395e+00,1.513412858288969431e-01
-9.075462968675314102e-01,3.238580643915273338e+00,5.428218097798713337e+00,3.389700929037257282e+00,-1.413151917508772559e+00,-3.215737493404481562e+00
1.526841975533600682e+00,1.011557292625431481e+00,1.428317121401005974e-01,2.672322079976866327e+00,-1.154461120891391301e+00,2.749757442960028442e+00
-3.467725494533060449e+00,3.347901723609120417e+00,2.522912877037046808e+00,2.283154302219779552e+00,-1.016821043777440092e+00,-8.262670156139977351e-01
1.849318864651562144e+00,-2.959008214580499452e+00,-7.624592189376586227e+00,-2.881111724963186127e+00,2.641399165544280336e+00,2.801991424453515123e+00
1.726900642411203002e+00,-1.160819948285374492e+00,8.120084437834109714e-01,1.254175051652939743e+00,-2.269430657537281348e-01,3.052241348111672359e+00
2.512431765786271143e+00,-1.794767082404506997e+00,-1.258077697642288495e+00,9.699159837881108359e-01,2.158346214296337218e-01,-8.758473938195265873e-02
-3.026172738738321932e-01,1.841520299579543218e+00,-7.930516092658774774e-01,7.830063120541499444e-01,4.828417806329008410e-01,-2.463721010313064674e-01
3.134404810265322361e+00,-3.250315918686584205e+00,-7.182085786186197751e+00,-8.919354541114592472e-01,2.046708005124234120e+00,2.823916268240446392e+00
9.616142595934045190e-01,-8.438897296940026660e-01,-3.264456951830706277e+00,-1.405027912926568590e-01,9.950042393714132460e-01,-8.523239202964618677e-01
-1.665725172380527752e-02,3.277579937095840279e+00,5.774172758874519529e-01,3.084653357455412248e+00,-1.298277501296124070e+00,2.213774746247165304e+00
-2.176142643612910987e+00,4.599973144132314395e-01,-2.908280487382584489e+00,-1.479259492081908434e+00,1.768616837293795596e+00,-2.433092703449062810e+00
1.818712335375078482e+00,-2.505128685922285214e+00,-7.238569295860118658e+00,-1.557582097479287775e+00,2.064756069763082458e+00,2.419915853503226799e+00
-9.016586346008428343e-01,1.006788261084083924e+00,-5.814986941541202548e+00,-1.510249172384132699e-01,1.301633580068324303e+00,7.945051636432429731e-01
-2.035083781425556460e+00,-1.135923107719498115e-01,-6.089697583189765062e+00,-2.902709949537815692e+00,2.371462020415293637e+00,-3.265797668382801611e-01
-1.242072359881449817e+00,2.931826180869884224e-01,-7.480584974446664148e+00,-3.027447164095397270e+00,2.381883984959833889e+00,1.849345809943708119e+00
-2.056790588551365317e+00,3.270754440322306333e+00,7.850351909422105479e+00,2.799261228976789084e+00,-1.229470441361799171e+00,-2.338574963254038241e+00
-6.309193358088442949e-01,-1.653334309880200026e-01,-6.736873793687760958e+00,-1.693869704178951885e+00,1.762646415159836888e+00,4.916051339021887401e-01
-2.551584084457962032e+00,1.098602806110913654e+00,-1.894789309706601976e+00,-2.950203480107482790e-01,1.100201492689593996e+00,-1.534995896301357909e+00
2.214832357841607369e+00,2.041004488407787143e-01,5.308407814017288118e+00,2.510335739452738579e+00,-1.057201779464077118e+00,-1.630292366676748816e+00
9.679844165636977138e-01,1.727463188204592104e+00,7.701921469290889277e+00,2.628665011150276065e+00,-1.148997104583571405e+00,-1.798585334683494352e+00
1.230681499318336591e+00,-1.791883757712338987e+00,-3.182407455186856193e+00,-3.235941325643911348e+00,2.331137406597360240e+00,-2.905011933022617843e+00
-3.440224624559818256e+00,6.871209543736435110e-01,-5.734115414220584128e+00,-7.111918130027774509e-01,1.400442631750680622e+00,-2.192655933061899987e-01
1.662526564162695841e+00,7.093824218061813847e-01,6.911602521295379109e-01,2.316537877801878587e+00,-1.023377698917049550e+00,6.320324687343932268e-01
1.870191780974314710e+00,-1.453601223672611908e+00,1.095986158530576793e+00,8.766376355892511185e-01,4.805139460837957177e-01,-2.505219524732353431e+00
-2.364348789657224170e+00,6.938614833628852230e-01,-3.292514798689171851e+00,-3.294402065539367097e+00,2.655689926761208408e+00,-1.013753882864839362e+00
3.224808296964484455e+00,-3.588483522678744375e+00,-4.147019055178362557e+00,-2.479628160276846405e+00,1.682554906620618684e+00,-1.051828057003168837e+00
2.085063217919524980e+00,-2.951092937482754142e+00,-1.956227076271068288e+00,-1.921905530847618948e+00,1.765712064816619797e+00,-2.197203498575116321e+00
5.888248794361095051e-01,-7.089124479238841925e-01,-1.254788495674340476e+00,-8.975082121613837671e-01,1.688615753903972561e+00,-2.975528896681126856e+00
-3.202341534581793603e+00,1.340557798796556233e+00,-6.450261667111369945e+00,-5.722393860058345716e-01,1.285534749364727336e+00,8.611499384975616067e-01
-1.101179183875570455e+00,-4.473798609917883917e-01,-7.455931396910433051e+00,-2.983871965554441452e+00,2.519780271349844725e+00,1.625117818221267108e+00
-9.262663282408936105e-01,-1.549218758599598122e-01,-6.420473312611072458e+00,-3.352546192134729708e+00,2.064953820515323279e+00,-4.439893395761229655e-02
2.699206891782836237e+00,1.107127967982949324e+00,4.566944392964726873e+00,2.275722736220146203e+00,-9.794824307556241338e-01,-2.781460809719692229e+00
-2.624595719661782400e+00,8.901253905180521453e-02,-3.796589785742334300e+00,-1.465589967051792009e+00,1.907138980366055225e+00,-9.182143571876082433e-01
-2.108853661178906158e+00,7.645908153610841973e-01,-5.911625655080428032e+00,-2.426568590643967127e-01,1.382007991332157459e+00,2.430206081768604420e-01
3.203914861092344246e+00,-2.356017843392464339e+00,-1.959807004519453777e+00,5.991917617416380182e-01,5.080156182514016239e-01,-7.167749178587845549e-01
1.280228412575126207e-01,6.828707682871117957e-01,-3.623028886409090266e+00,8.224557725627406057e-01,5.371646893872262796e-01,1.934723228954714713e+00
-3.189814254343614763e-02,3.157815090968616456e-01,-7.450071914193588718e+00,-2.546923971224047456e+00,1.942309181010088981e+00,2.444009772584829321e+00
-1.843963100962080492e+00,3.737376587399073191e+00,4.255790482354434801e+00,2.708803618498048849e+00,-1.143347694887673738e+00,-3.041714694023519350e+00
2.941925490878007921e+00,-3.542794726306500497e+00,-7.600341478076702018e+00,-2.597484525778339659e+00,2.370777616377905073e+00,3.334755476738867408e+00
-3.059338728938614249e+00,1.416255993345463260e+00,-2.895467166760513411e+00,8.534048689640494345e-01,6.224586088380722471e-01,1.182419125553741068e+00
-2.512002400626852427e+00,1.028496977139206736e+00,-2.778583502697417273e+00,-1.508279833809617720e+00,2.148006285570891905e+00,-2.501415654360315433e+00
-1.891409630867581182e+00,3.494873966612900507e+00,1.807748707871394522e+00,2.796155010731856905e+00,-1.210953468406295475e+00,-2.196600504688941413e-01
-2.963961891867713305e+00,8.382156839698855499e-01,-6.087034743473711984e+00,-7.121593491574609303e-01,1.428596318838594614e+00,5.530389419200947287e-01
2.540221864842510335e+00,-3.257819877484616100e+00,-3.825379006348364808e+00,-2.098018071385288064e+00,2.011812792969978059e+00,-1.210416472951354461e+00
6.140186337539548234e-01,-1.056769452121491648e+00,-6.406911481040899581e+00,-2.363720115420420154e+00,2.077065087359192042e+00,2.659475961580515246e-02
2.760191778037142996e+00,-3.283803197815838182e+00,-7.213711537100668814e+00,-1.488355066478390665e+00,2.088318136791043500e+00,1.806911187748911019e+00
-1.888779242689331284e-02,3.338885368580787105e+00,7.313371137019585078e+00,3.117472748703012719e+00,-1.334321905211009796e+00,-1.805550382097405038e+00
1.955852032899959347e+00,6.540605412786196782e-01,6.329557177102822507e+00,3.199861939535374233e+00,-1.361650732046189916e+00,-8.881044602488099571e-01
-2.608628777195242776e+00,3.735664201461008638e-02,-7.238897540587119650e+00,-2.306280744362769752e+00,1.851319622703940571e+00,1.368584868928585330e+00
7.815774227148413189e-01,-3.401127384913376073e-01,-1.590696881319264566e+00,-2.790898715411791464e-01,1.881907769915369455e+00,-2.206622484480480928e+00
2.874947378279400390e+00,-1.610347329803468730e-02,-6.851683964502849333e-01,2.270951608358847018e+00,-8.769963277483306952e-01,1.241387418198070414e+00
6.113047378381208929e-02,-2.324913731190232924e-01,-6.225219370147553555e+00,-4.823080397705252764e-01,1.152346001168434775e+00,8.596093519754859358e-01
-2.721578735923095849e-01,-9.108415934040825501e-02,-3.287850504980402544e+00,-1.417727237185117950e+00,2.291317629152761715e+00,-1.440903360709709258e+00
1.543206507445194831e+00,-2.265330670173396843e+00,-7.179140018403684209e+00,-1.377261153707504793e+00,1.942557132648643048e+00,1.770413737159067580e+00
-3.222109763458197662e+00,4.170076538969957891e-01,-7.182378651660540569e+00,-2.776130331147949271e+00,1.798276365871967375e+00,1.027384831641349194e+00
1.543268673286666726e+00,-1.964822829459232034e+00,-4.694355173860294883e+00,1.951406144304801416e-02,1.345546899360573923e+00,-2.567933283224257401e-01
-1.478217638629434560e+00,1.163296918489691301e-01,-7.140670204633553730e+00,-2.253145765372169596e+00,1.757245740859882277e+00,1.255637501897678199e+00
-6.551486662377392634e-02,6.083849469729338821e+00,5.486097131210589062e+00,2.978467433208471071e+00,-1.276079038034386048e+00,-3.265621562906180664e+00
2.614207599955799211e+00,-3.270574342451919136e+00,-6.588879105926929824e+00,-2.116032390015350817e+00,1.654404062135968800e+00,1.472080401693194318e-01
-2.178458526361970904e+00,7.836221530461204843e-01,-7.579918981246223098e+00,-2.784022376930838316e+00,2.143319755222029777e+00,3.277659869635764167e+00
1.019714315014685013e+00,-1.591228555629490282e+00,-5.737188004487539850e+00,-9.836594553799868912e-01,1.667249551416548403e+00,-3.606770986876011165e-01
-1.251606705773080641e-01,-9.440869590060187999e-01,-7.503800390668549092e+00,-3.177552802665825293e+00,2.110446603508751462e+00,2.044939156764666421e+00
2.008123367257121039e+00,-2.862489953082429039e+00,-2.602680086190608755e+00,-1.514762453331661485e+00,2.013826454311589131e+00,-1.772101153953801855e+00
4.244321758269355982e-01,-6.525407786176988800e-01,-7.019836154246296367e+00,-9.386616642196710103e-01,1.350460817370696232e+00,2.324186626286936175e+00
-1.495343077237749618e+00,4.213940543885425605e+00,5.874048427170463604e+00,2.457721595862152775e+00,-1.022332053468185231e+00,-3.499936840891658463e+00
-2.218221100633200216e+00,4.567807375856681062e+00,-1.255111339555766703e-01,2.277929236452093775e+00,-9.954031034379050569e-01,1.776824837142278568e+00
5.940362400827181588e-02,3.846487477523491405e-01,-5.393245334431415294e+00,1.505937449570504683e-02,1.007923685028727867e+00,5.289127690798256509e-01
1.062402279396299498e+00,-5.720363088760013204e-01,-5.443134196426452576e+00,3.847493324731283693e-01,7.736307153325112651e-01,2.002754827473947508e+00
1.473513706009518920e+00,-2.004817823376570551e+00,-7.390617681053204713e+00,-1.590763901677474390e+00,1.882152201610092224e+00,3.309527839897608459e+00
-8.104603314672886860e-01,-2.764807101624789931e-01,-3.272056271329802257e+00,-2.763244155522740719e+00,2.116903807591772324e+00,-1.786372379433167623e+00
-1.609756914284634188e+00,1.886716581297048778e-02,-3.946123550253429535e+00,-2.108096450234744346e+00,2.885062785828428567e+00,-1.193062490161781231e+00
-1.561705943076850289e+00,3.563170042813802230e+00,2.355316418100201759e-01,1.272090503119993166e+00,1.299499073411464201e-02,-1.394480463974940854e-01
2.756010391247655456e+00,-3.511496122297235623e+00,-2.483316922464860355e+00,-2.991251216356311637e+00,2.190904650933618747e+00,-1.566348230406830355e+00
2.713305539216716689e+00,1.200408103368734380e+00,3.322704803628264258e+00,1.926087794186112312e+00,-7.258789212009550962e-01,-1.974514333787399156e+00
-3.092493806410931523e+00,-3.191008712778506395e-02,-4.918843949426471518e+00,-3.425341063995690050e+00,2.332870384282412779e+00,-6.651449870818324506e-01
6.711418333800027725e-01,-1.448865040816184280e+00,-7.207298010923319787e+00,-3.432633390471433898e+00,2.605521194983382749e+00,6.666187688736950889e-01
1.332872115858712014e-01,8.152418441528179738e-01,-9.136188919401092567e-01,1.203073331426456782e+00,2.860339913938424461e-01,1.583187552255429509e-01
-2.259049961002994600e+00,7.604639632035847807e-01,-6.804570572031585662e+00,-1.819023486366530218e+00,1.576706800913075135e+00,5.337299551044392132e-01
-2.539380005665350382e-01,5.272932826365863690e-01,-6.901838886858879363e+00,-1.703614969844263527e+00,1.618874763720335563e+00,8.044938689294562906e-01
-2.175832743778840062e+00,4.659123250718364417e+00,5.731849132530042468e+00,1.860402323730836471e+00,-7.049321462956720241e-01,-2.940385752147429699e+00
1.230702890732950472e+00,-1.314916282447249118e+00,-5.311157828460235208e+00,-3.277405290677655181e-01,1.077629358290288497e+00,-2.437198174491110869e-01
-2.316426723541860078e+00,2.903490913569467757e+00,2.256954411289713747e+00,8.406575541134078122e-01,4.593214387247611108e-01,-2.358854074750960539e+00
-7.709627827059861715e-03,1.773372234543021175e+00,-1.467900794015317478e+00,1.348513157575320420e+00,-1.569599933040866924e-01,7.305836751258567574e-01
5.991883712996326494e-02,6.887810401409755201e-01,-2.451158258161167058e+00,-3.995517141362325830e-02,1.821250901719703386e+00,-1.064532491953014137e+00
-4.414989761679386504e-01,4.821636139453288727e+00,2.520998659476030745e+00,2.954643745244911912e+00,-1.272182150126666134e+00,-2.272096881122287471e-02
-8.895167798933423242e-02,1.513215550662283526e-01,-5.303766501014597345e+00,4.361328883218411612e-01,1.427443243151286900e+00,1.250458966377069991e+00
2.995489230424908556e+00,-1.835648660655608388e+00,-1.463907015521759725e+00,1.270456642755302568e+00,-5.406510300708980421e-02,1.092442611782072248e+00
2.827233654349049274e+00,7.433556437591478661e-01,3.492033805085511311e+00,2.631451122956792510e+00,-1.136225583804804540e+00,-1.155870487794761203e+00
-1.914110686627367830e+00,1.235540490825572713e+00,-7.323662562063096182e+00,-2.048024344284800957e+00,1.875307789368998002e+00,2.348000135227963803e+00
-2.753016543959803109e-01,3.216175475828982666e+00,5.817804756788225617e+00,2.515604488178738052e+00,-1.095426162899690636e+00,-3.395622809451669610e+00
1.297090859891130599e+00,3.037737635588815266e-01,-1.231342627929857603e+00,1.184002653316944986e+00,5.198071699654380207e-02,8.371466360846238075e-01
2.344042619398035043e+00,-3.255414187711681784e+00,-3.200123455017239493e+00,-2.855175160592939854e+00,2.291690108601438070e+00,-2.450486802561993915e+00
2.980737518965322685e+00,-3.578543217466100934e+00,-2.443398131301778964e+00,-2.775635088484108337e+00,2.109093503942447878e+00,-2.681512255329716155e+00
-3.325593639206431806e+00,8.491744923255390987e-01,-6.788690265875895413e+00,-3.256020384621570063e+00,2.295886616772170097e+00,3.177473848554752678e-01
1.127214414180857105e+00,1.520789421159839616e+00,6.421402728599383103e+00,2.909530433668312099e+00,-1.188212190499420284e+00,-2.860053081165619293e+00
-1.755010838109569482e+00,1.002742240159369747e+00,-3.489013192566666977e+00,-2.730319594251903403e+00,1.922218552729896945e+00,-1.570692221289212043e+00
3.402389189774940981e+00,-3.176994171068497241e+00,-6.406968580055048434e+00,-5.382681934072954810e-01,1.236345798421076392e+00,1.374811743467311942e+00
3.104175390197090323e+00,-3.671572518543036789e+00,-3.137102174383446407e+00,-3.496776576820621152e+00,2.362122394756909660e+00,-3.383070215131205316e+00
1.277698684772417437e+00,-2.303659026271137389e+00,-7.132746231799908188e+00,-2.939555132602063470e+00,1.891560253189961349e+00,8.104546574003910209e-01
-2.889928696010750642e-01,6.365406358680856247e-01,-5.838697690827630460e+00,-8.808746510717657685e-01,2.154035165676397412e+00,-4.426595773927166633e-02
1.972619552845941371e+00,-1.657167114650476947e+00,8.851982431906861848e-01,9.175377936659092626e-01,3.972159318438265307e-01,-1.621507410550084849e+00
-4.549725890132521045e-01,-4.192101976505274719e-01,-6.993029839128395153e+00,-2.635138352428661790e+00,3.317169600205776447e+00,3.477844608303692908e-01
-2.576706904502703566e+00,3.417706513417144709e+00,-1.009913631176887927e+00,1.481227205555832427e+00,-4.624425698469490364e-01,2.347860267483738994e+00
-3.417656804400518666e+00,-8.083411118826971942e-02,-3.877649640902121053e+00,-2.623227553856788852e+00,2.027472130484454738e+00,-1.066264338443176474e+00
1.696276234845853992e+00,-1.605774263553223502e+00,-4.784263699225048683e+00,5.646793943205041799e-01,7.850522163888502547e-01,3.151332818181440842e+00
3.340794314373671803e+00,-3.649402917079680897e+00,-2.250918658988573018e+00,-2.496219615216733967e+00,1.937773972452759175e+00,-1.193481523038651293e+00
-2.093729342076472211e+00,8.402583128127023571e-01,-1.258956563507571680e+00,3.622515678004845086e-01,1.020138549587057630e+00,-2.171577673364919914e+00
3.222632515868625092e+00,-2.463793757982786659e+00,-4.817873914762389020e+00,5.276712195933725980e-01,1.074874095326773027e+00,2.316280089518393481e+00
-2.904834509462812520e-01,-1.139216479004969140e-01,-2.684863810893125979e+00,-1.247718060930290029e+00,1.915914306949835666e+00,-2.109543744007876143e+00
-3.760191643422472474e-01,-2.207888071651343820e-01,-3.131718343847162966e+00,-2.871461290182598880e+00,2.579196397141125363e+00,-2.730908874739595316e+00
-8.971801404248136436e-02,-4.792130878953400619e-01,-7.541817052890440465e+00,-3.086630467320518267e+00,2.323758480709854801e+00,2.163579696364702265e+00
-2.190779893458873140e+00,4.168745938133132434e+00,4.345960776328331221e+00,3.287738186461337975e+00,-1.386011514511997778e+00,-3.377807143121662303e+00
1.772885770239307490e-01,-3.156438564056296414e-01,-5.460198772330515204e+00,-4.563034392493934277e-01,1.253095576069444883e+00,-1.808412275846906780e-01
2.234858202811165206e-01,-2.828454964350517464e-01,-2.799388726737892963e+00,-1.421769280194935980e+00,1.905911769438945802e+00,-3.110233337268674791e+00
3.000959973799857572e+00,-2.371239508050916600e-01,2.121537713575341044e+00,2.633719497430400125e+00,-1.143267259187459306e+00,1.829604761228032395e+00
2.751239997985911678e+00,-2.921345939867311170e+00,-6.657452974752946950e+00,-5.909415126744201885e-01,1.419253151058512463e+00,1.472074423587376835e+00
-1.413225220236894675e+00,4.703110041166251865e-01,-2.866341987835575367e+00,-3.479711004021041720e+00,2.000567043216564311e+00,-3.202150512096193058e+00
-1.467964404890360175e+00,3.500421258940352054e+00,7.159643146820529935e+00,2.965134372300410881e+00,-1.272316252330598640e+00,-3.425583937975075433e+00
-2.375714643320304020e+00,4.501364973288712434e+00,1.337680632952536364e+00,2.628691348676840178e+00,-1.153208465011003714e+00,2.732248467347798027e+00
-1.202027665136613521e+00,5.331021670126157019e-01,-1.312398743880017982e+00,-7.983955992865610085e-03,1.143323154085089222e+00,-7.461447672724679236e-01
-2.747918048425062931e+00,2.781362244017786090e+00,5.352718420640620423e+00,1.816380940379539233e+00,-7.365151622575107915e-01,-3.482287087855431729e+00
1.385161533848259907e+00,-2.382365640883351343e+00,-7.531030803820522479e+00,-2.935172326816517074e+00,1.941608539393238297e+00,2.596318463608504601e+00
3.231955924694696058e-01,9.049172774768213801e-01,2.303503428091335792e+00,1.052041963633873145e+00,5.053335731602568437e-01,-1.448160673408281696e+00
-1.856815627151146897e+00,2.129011921644724303e+00,2.262274297270562951e+00,1.326747188982837500e+00,1.194029836177654680e-01,-1.724118553589383929e+00
3.023911534036373361e+00,-3.381154130554766990e+00,-6.645503775267979307e+00,-1.615861678509886268e+00,1.893774876510275096e+00,2.646003255554845168e-01
1.380148567040360597e+00,1.408755382879344209e+00,-3.329086479999741055e-01,2.190769863577823884e+00,-8.497183867799051882e-01,3.301071606544542902e+00
-5.436860651091377505e-01,4.072579828180310280e+00,1.813790233096614468e+00,2.873823367088127689e+00,-1.254391816373996660e+00,-3.786481909857539740e-01
2.165205046694445024e+00,-2.169658430882466238e+00,-4.083822036629438657e+00,4.836804655673061504e-01,7.480818730528466798e-01,1.180686035458071714e-01
-2.484381124761082305e+00,2.714893086426093838e+00,-8.699478165302174659e-01,5.337462011862648126e-01,8.282647327301039253e-01,-3.354706524005309554e+00
-6.690911602685547521e-01,1.442140812772696457e-01,-7.742642153699673457e+00,-3.357096559824818360e+00,3.039585922806492313e+00,3.021897656440351909e+00
-3.264607251758445017e+00,1.155791721672462025e+00,-2.548636012314233756e+00,-2.376114947121985566e+00,2.215110761366315462e+00,-1.986370577744357879e+00
-1.736120200846743789e+00,3.095889797945019506e-01,-5.065901320988329459e+00,-1.431712005141660526e+00,1.836921875376273494e+00,-5.316417424036079531e-01
-3.351867448833903307e+00,3.880032153908021808e+00,1.848446149857124299e+00,1.814603891123481638e+00,-7.137596934798071668e-01,6.030388241495616697e-01
1.622464751381200720e+00,-3.892860826067317537e-01,-1.588881833726228709e+00,1.428214315555013769e+00,-4.405867134112559369e-01,2.740960187495160127e+00
3.222614275626177971e+00,-3.416434780366360169e+00,-3.347461357031449314e+00,-1.507426786594879164e+00,2.047639785521397471e+00,-1.009277957248309043e+00
-3.066171596449876358e+00,4.292973203897676449e+00,4.066410028897371021e+00,2.404260670218932638e+00,-9.596744828106580361e-01,-2.290881709050525572e+00
-3.051157726647460766e+00,3.339363567706660874e+00,-2.790084218862676213e-02,2.042529088127076342e+00,-8.406910842896364588e-01,1.083748428364418537e+00
-8.220988803961812863e-01,4.178457258160022669e-01,-9.230827122162628129e-01,-1.174164971116544720e-01,1.263876144327148232e+00,-3.468903202215036785e+00
-1.224951733341930193e+00,4.922475575234219747e+00,4.140132829538189618e+00,2.176495967473327298e+00,-9.065781833140476031e-01,-2.725517166973575378e+00
-2.790687111277133425e+00,3.912530167913075729e+00,2.569218226197146349e-01,3.294490127491048526e+00,-1.381922517434216680e+00,3.312089737437776016e+00
7.874756599997558837e-01,2.826051070443787339e+00,2.463633706739881468e+00,2.444409341560585425e+00,-1.003215487776135006e+00,1.401084742711637077e+00
-1.029435612785554177e+00,1.308442221687444507e+00,-6.154578539794488545e-01,1.116166036631617509e+00,5.862666031973358116e-01,1.127362884867483928e+00
-2.784200876099466537e+00,2.326808853243686470e-01,-7.539110959293100933e+00,-2.634077142996411602e+00,2.435003727695058462e+00,2.652415428233092065e+00
3.443366012945037191e+00,-2.592800293507365073e+00,-6.331879345043153196e-01,6.834769172467529685e-01,5.227804380971741161e-01,-1.243565432975485940e+00
2.917276001112325545e-01,-1.018813631375519613e+00,-3.789226344253975753e+00,-2.593444620424496527e+00,2.047467443609097160e+00,-1.030721165482662016e+00
2.947552181899744994e+00,3.706158139654763817e-01,4.298399016635179315e-02,2.141632156661899877e+00,-8.823517913639222776e-01,2.212637937706180224e+00
-2.769193608386185002e+00,2.362279024434217334e-01,-2.425438528415563066e+00,-1.180158535464842284e+00,1.611943491875436507e+00,-1.793712845086086638e+00
2.000218711975362496e+00,-2.950975983296113103e+00,-3.475452528770563099e+00,-2.477812086740673880e+00,1.936951182007742522e+00,-1.187035568833339827e+00
-3.036607104418629799e+00,5.351476006842620592e+00,7.461487715014735400e+00,2.615858244682446099e+00,-1.108453841171163967e+00,-2.674069354575333790e+00
-2.475930051249917163e-01,2.220775547787813942e+00,1.063782030323373373e+00,1.643596455449051419e+00,-5.550258931954054065e-01,1.566059591611707269e+00
2.982597860798199108e+00,-3.390646464075970368e+00,-2.152666067515902615e+00,-1.775987824156761707e+00,2.164553397757281950e+00,-3.215230667014470356e+00
1.878318952741337533e+00,-2.857024397766332324e+00,-6.908712709887855574e+00,-2.432025293323776260e+00,2.599635293059745944e+00,8.214942321433875705e-01
-7.346671711682044581e-01,1.077487752957402067e+00,-6.546318878754424198e+00,-7.744806879849486236e-02,1.316739922659826423e+00,2.516363543012351656e+00
-3.018134116663168776e+00,8.500192777282500334e-01,-3.165411195193738703e+00,2.555234808815143310e-01,1.749576055413865294e+00,-7.122076164719124414e-01
-1.304402679359732531e+00,1.281455722000419239e+00,-1.580773708444299874e+00,2.117585667546961758e-01,9.694249456408809973e-01,-2.942991129511727699e+00
1.548070400135142854e+00,1.243797068509301607e+00,4.921600939013164755e+00,2.150354202915413460e+00,-9.134079544019141350e-01,-3.136243136724408131e+00
-6.712588360430502554e-01,1.358092758151566048e+00,1.507694038600443598e+00,1.084608367348644187e+00,1.884346985777322625e-01,-1.677490437402886059e+00
2.338052908485942716e+00,-2.093498584471355173e+00,-7.690851997490928404e-01,5.623071511580333137e-01,1.080480699621999996e+00,-2.469497391805445474e+00
2.759799638394429877e+00,-7.281637676528457392e-02,2.038731109437682765e+00,2.437374741846964454e+00,-1.059844213895393183e+00,2.374655720415037585e+00
-9.598785252485120267e-01,1.080428364762514359e+00,-6.172579696207201039e+00,-2.130799338847522151e-02,1.017056194993707363e+00,2.443851178246484679e+00
-1.242742761635625026e+00,3.881117332699465905e+00,5.011689903997165185e-01,2.432410464556652663e+00,-1.054409459197687582e+00,2.234083340244926497e+00
2.448564694972604094e+00,-2.962677669141326131e+00,-2.555808031839328365e+00,-7.273321422062459796e-01,1.737968647572686542e+00,-2.734569991009490941e+00
-4.984639694140100552e-01,1.075468068596391547e+00,-6.673262261445567223e-01,1.161779858487059336e+00,1.185206803385419061e-02,2.354672561033602562e+00
-2.151826322011132220e-01,-8.220004412506662916e-01,-3.213407967137733579e+00,-3.255065853087559358e+00,1.856175478153137881e+00,-2.026367353304951102e+00
2.596898323314051460e+00,7.113270485763827367e-01,1.694300792326247862e+00,3.257354491085834525e+00,-1.369933176333546054e+00,2.942810089509126925e-01
-1.982613603372256339e+00,5.123245030661438548e-01,-5.865166485906923022e+00,-1.242269766281094423e+00,1.422311183364136866e+00,-2.781876959988878184e-01
2.772957074739917260e+00,-2.968639621960477371e+00,-5.169995036499571484e+00,-5.080830313612305638e-01,1.160071408381605718e+00,-2.609300171017689962e-01
-1.332024378456087454e+00,3.418605411587057663e+00,5.303960046658064975e+00,3.408929828526985339e+00,-1.411949100625069065e+00,-2.651720561911535601e+00
2.593264076334644841e-02,1.440462095746217197e-01,-5.408419617569195204e+00,3.666862527305370101e-01,9.156359817758759068e-01,9.454927793877274667e-01
3.416651695938690558e-01,-3.230213358088190323e-01,-6.750193600107742498e+00,-5.032645445928123351e-01,1.310513273521737077e+00,2.236439221963567370e+00
3.208199510526657861e+00,-1.048913521359823742e+00,-2.460964251861323948e-01,1.621376971296603742e+00,-5.774903339572006189e-01,1.702989928600952219e+00
4.139910275639486770e-01,-4.007189547527627016e-01,-2.332492862509218945e+00,-4.164089297112623100e-01,1.583803845204068805e+00,-2.401676065185131215e+00
-7.697045669293949288e-01,6.294726186288986947e-01,-2.599369254645117699e+00,-5.433393299212849747e-01,1.452385030765679153e+00,-2.434183348716953077e+00
-3.274772731661523828e+00,1.267161412479586691e+00,-4.488044036578719087e+00,5.643538908591887449e-01,7.242534924676726771e-01,8.397636879217627026e-01
-3.280753362976552623e+00,4.659654235952899182e-01,-6.517368115898077185e+00,-4.083816001237927651e-01,2.440037419483617853e+00,7.368248992884440796e-01
1.681392429875101513e+00,-6.752266660500147455e-02,1.528287921824385664e+00,1.822150246072665070e+00,-7.135411189607994142e-01,-1.777657790430042795e-01
7.455283051063554822e-01,-1.229279584539696879e+00,-7.341769223735218119e+00,-1.353071475050045880e+00,2.702488344178979318e+00,2.418660594002543185e+00
-1.056887391505243912e+00,3.403330051751576768e+00,5.540843939874717350e+00,2.602860136293442039e+00,-1.038888496761401159e+00,-2.958703082802244921e+00
9.907368321784950638e-01,-6.616251468314566786e-01,-5.419622516751143593e+00,2.611300794226116828e-01,1.286884236811926874e+00,2.136291682645076406e+00
3.181555606501018651e+00,-2.216207566416735109e+00,-2.990546421065467086e+00,7.473636348176704303e-01,9.041919013198840283e-01,2.856700933730236258e-01
-9.589412186571975028e-01,3.515849578888441407e-02,-3.424498651493732559e+00,-2.386044327899212281e+00,1.774052927020569381e+00,-8.377380109634788852e-01
-3.006933569239735871e+00,4.013049106334968030e+00,4.740461184454188626e+00,3.468883448244559631e+00,-1.438813243365889116e+00,-1.409045248594289923e+00
1.511881949872713626e+00,1.762673002254822929e+00,7.414905379697279697e-01,2.950794765946719522e+00,-1.270459373710644213e+00,3.088887795839978523e-01
-1.300272476211330019e+00,3.831372770858960219e+00,3.673590434014851080e+00,2.550003584439187065e+00,-1.078234354535483552e+00,-2.383554487360155072e+00
3.124030025976468394e+00,-3.222973091100251430e+00,-5.864218151376283217e+00,-7.260692122297465190e-01,1.397015904523280838e+00,1.992932228013488682e-02
5.897008765341649195e-02,5.589096062782794583e-03,-5.897058777001595864e+00,-7.233326668423423200e-02,1.118061244227242401e+00,1.568590739741185125e+00
-2.604487646853522520e+00,-1.042032853130601400e-01,-6.119348415800700991e+00,-3.342917638680278802e+00,2.378660728298125804e+00,-4.089023272674787712e-01
-1.699881463725428032e+00,3.897165392720395971e+00,-2.733469675308947133e-01,2.211811264300636459e+00,-9.454628266562471461e-01,4.110518895959809349e-01
1.283083570525374917e+00,-2.295972341818036000e+00,-6.949014717777231454e+00,-2.838151312379467495e+00,1.979640157605598638e+00,6.438155250558974529e-01
1.251633147859653405e+00,-1.106456004786997793e+00,-8.790172168602605751e-01,3.859537673177282358e-01,1.200088591790181791e+00,-1.784324559627774587e+00
-1.003370743486338146e+00,3.536789112313483141e-01,-7.305619924037906721e+00,-3.013564646131460911e+00,2.197067145042093106e+00,1.311334223408914923e+00
-9.598524771741612227e-01,8.459686688458148973e-01,-2.257706689133089473e+00,6.605460575837467374e-01,9.699978048461077584e-01,-4.661539546887700780e-01
2.630186404657190558e+00,1.470531806947809050e-01,1.460390850907103744e+00,2.826419782059349295e+00,-1.234162658204897678e+00,1.140188732192179089e+00
3.381460473415992318e+00,-2.352314302351897535e+00,-3.937800698120182741e+00,6.384725635091195173e-01,1.019980770184522045e+00,-2.608988087365071706e-02
2.884802733704806776e+00,-3.403887696031759891e+00,-3.033846270453954830e+00,-2.262976976577169452e+00,2.340009624582189751e+00,-9.444653232760025219e-01
1.545879427641529524e+00,-2.436420989221519839e+00,-5.849113023010347412e+00,-2.570333734838472939e+00,1.990758437046391549e+00,-3.330216926382396636e-01
-2.183682674534958679e+00,1.855758328480617170e+00,-2.565735217550837888e+00,-3.762929556949892174e-01,1.495971848231795187e+00,-7.947633419935313803e-01
-2.790714525599457208e+00,2.780111832481623857e+00,3.391375546149951958e+00,1.548266171571626160e+00,-5.376713921692561904e-01,-2.959014339778188951e+00
-2.145093081847348593e+00,2.820454374681910181e+00,-7.361882158056900494e-01,1.772385287061659653e-01,1.736703934524991944e+00,-3.177986012315196618e+00
1.614466542602738031e+00,1.575982123139187396e-01,-6.638374015986855392e-01,1.681328150451391501e+00,-5.761272928863372389e-01,3.114583622329770485e+00
2.449327601194179138e+00,-2.802465155936315178e+00,-9.648026283581532248e-01,-1.051440924669370780e+00,2.726090873264673142e+00,-2.739976479265192832e+00
-3.060006425013505726e+00,3.322179962816938392e+00,4.434094924468894305e+00,2.333346049193851357e+00,-9.557332823853461612e-01,-1.852952167730570920e+00
-3.251559631945979412e-01,-4.858477414869195599e-01,-7.450233082555339337e+00,-2.627485466503832967e+00,2.227961692750012102e+00,1.938172991447966176e+00
-2.990711871032667446e+00,1.130414499616585244e+00,-6.083498815542580651e+00,2.640307789699258834e-02,1.296830264807046440e+00,1.500775376497960778e+00
-1.748576196421232964e+00,4.323481836969386150e-01,-7.420224453474054016e+00,-2.690560242970620131e+00,1.775359456249615775e+00,2.148618029230463300e+00
3.060668627107281381e+00,-1.361164312211760041e+00,-8.528900968917254577e-01,1.354968361689028455e+00,-3.386118768693833214e-01,1.541583722004032708e+00
-2.832808848171146643e-01,2.661611954667757018e+00,3.607206241700366078e+00,1.730668217595246361e+00,-5.374156616798283492e-01,-2.314175690015873421e+00
1.534990972900706296e+00,-1.236259695905876921e-01,-2.436769050013183779e+00,1.210265262205121317e+00,-1.573105816787149225e-01,3.328307673747682216e+00
2.899672682693526404e+00,-2.760209108487162499e+00,-6.043770844457404756e+00,-2.043924882784198260e-02,1.210250895870240706e+00,1.651179405635976316e+00
-2.755208336724216167e+00,3.586333538581282454e+00,-2.270864795382057100e-01,1.809892717249379501e+00,-7.116064381754052537e-01,3.236345244352874850e+00
-2.115096318648176599e+00,5.006316369476716543e-01,-7.487024326963344301e+00,-2.434282411244248934e+00,1.713264073215745587e+00,3.253881571096795433e+00
-3.424796539207353163e+00,3.131386647603003670e+00,1.054439037147534464e+01,2.317930196242540042e+00,-9.343122200929243615e-01,-2.543801736688443782e+00
2.599855435128124448e-01,2.019886554508562027e-01,-1.904708677492899183e+00,4.855102527781252064e-02,1.163303887820607674e+00,-2.354281719645260118e+00
2.207606974272755096e+00,-1.567565087529410595e-01,-5.801456231284201071e-01,1.833545608676469207e+00,-6.872500529387272072e-01,1.244335918245839778e+00
2.446601789330034471e+00,-3.322653310711404906e+00,-6.598508932366832447e+00,-3.257553163186589273e+00,2.473098342476974576e+00,-1.187090610052701223e-01
2.700177014726675040e+00,-3.147755197130431615e+00,-2.918614231008933579e+00,-1.450748614869049824e+00,1.436168682253063045e+00,-2.516265031886501191e+00
5.995158146513910324e-01,-1.352334820657770775e+00,-7.321635432256474729e+00,-2.749038353737261353e+00,2.455952437054605753e+00,1.181502523245674396e+00
-1.498930348170021354e+00,3.876250171415169365e+00,3.990579399312585096e+00,3.024785356894261312e+00,-1.303113372399130609e+00,-1.875044293825107289e+00
3.101884032061841268e+00,-3.516974169718372512e+00,-6.170632810255290757e+00,-2.173091939223926072e+00,1.828505556951155686e+00,-2.581977199144014357e-01
2.091975409552064846e-01,-9.574131231622367011e-01,-6.906064204737026202e+00,-3.156971902993557677e+00,2.324315655999058094e+00,2.374535266632467057e-01
-2.284040005489591962e+00,4.492679709824520806e+00,1.521706597719834964e+00,3.269216756093388909e+00,-1.379992271448861274e+00,2.958199628849880192e+00
-3.394793078079415771e+00,7.869434111098193574e-01,-5.464542657284924942e+00,-2.215616631943458259e+00,2.334304977029925787e+00,-4.805800012673744348e-01
4.536783650797016065e-02,-7.088103560397600589e-01,-7.288068992829902726e+00,-2.661064333354817180e+00,1.943436513802313081e+00,1.634738102312163655e+00
-1.737256740069221150e+00,3.907778467182696946e+00,2.334310965477133237e+00,2.635853867707516507e+00,-1.154113224353496170e+00,-8.098545982868987636e-02
1.314069435046601342e+00,-2.089197330776637163e+00,-7.036528354363074556e+00,-1.097602400740092854e+00,1.436657637602769544e+00,1.995444083148944614e+00
3.289466594174439429e+00,-3.740582600718039163e+00,-7.616941587752264375e+00,-3.479451979387880645e+00,1.977462666054695450e+00,3.050800066963943458e+00
1.360493989849319796e+00,1.522798335329310637e+00,3.259920511971791779e+00,3.374099394773123706e+00,-1.408626708673218930e+00,-1.927966398268314840e-01
-3.068480422610324165e+00,6.168359427479532364e+00,3.542959666275899977e-01,3.026380966474881085e+00,-1.274678535920772182e+00,3.197562199293169982e+00
1.725179533929079412e+00,-2.796116468650642783e+00,-7.571655624419809882e+00,-2.955638876785641411e+00,2.380248460671268607e+00,2.547797022806665979e+00
-1.159853049855706253e+00,3.829406494451207621e+00,-4.442827760994563779e-01,2.525270775434115045e+00,-1.039295975108629921e+00,1.634133213440095211e+00
-2.352568133690553065e+00,3.080577672038413151e-01,-7.365513602549519590e+00,-1.748912929294078600e+00,1.827906431766658901e+00,3.396058730551115623e+00
-2.403288802756634368e+00,6.131463193968498260e-01,-6.499119451663627700e+00,-2.016423789975769765e-01,1.767618451540893476e+00,1.166986706409486985e+00
2.388785747834536011e+00,1.700554576879282465e+00,1.052345365430893409e-01,2.834954208483085658e+00,-1.212004446591391726e+00,2.912475129303942367e+00
3.320555791977200855e+00,9.436801884249228500e-01,3.730352891828838224e+00,2.377807942880803438e+00,-9.918759461557792312e-01,-7.008138685825713310e-01
-2.315122044167148729e+00,1.685859740354983538e+00,3.330562546357662690e-01,1.304848495823724974e+00,1.956294033528218068e-01,1.857310388897945863e-01
-2.532860780344139862e+00,4.367752656119042731e-01,-2.641208193327595488e+00,-3.205336699920543708e+00,1.913464616640469629e+00,-3.006242741961582698e+00
3.362846359181652645e+00,-3.505973266592737225e+00,-4.266953374719509640e+00,-1.518945222326889999e+00,2.500614544626351687e+00,-7.669778248510743524e-01
1.919448838219167008e+00,-2.632454786436752237e+00,-5.371313177974611719e+00,-2.374274701010285149e+00,2.038936963264943447e+00,-5.438692822445974073e-01
2.519102891712835302e+00,-2.879048818622049311e+00,-6.687270799925379983e+00,-5.891959304964458077e-01,1.447070287023305202e+00,1.366947743710507979e+00
-2.110727675198738496e+00,3.362568405128797622e+00,3.655943943519740280e+00,2.373012809908497722e+00,-9.819375124153447709e-01,-2.386477068817943525e+00
2.564339419116101304e+00,-3.248276455957315623e+00,-7.540233278622340940e+00,-2.437532651018612384e+00,2.692442378689817950e+00,2.501199299617621996e+00
2.641206936589596488e+00,5.636405516269675786e-01,2.557063027113123610e+00,3.000811699347931238e+00,-1.281647087421858400e+00,9.765555434331911755e-01
1.500740949483549969e-01,-5.401824435792541568e-01,-3.305277051402129906e+00,-2.000200958039741739e+00,3.082662750179363975e+00,-1.730816397916377536e+00
1.901734607752311845e+00,1.566201915411776779e+00,1.753198086272399703e+00,3.225746630777409862e+00,-1.371080452518683712e+00,2.191279069694235915e+00
-1.248156517710063973e-01,-4.795044336812832597e-01,-3.159464244198525673e+00,-1.507483001701151348e+00,2.053420042074978191e+00,-1.632343600509821302e+00
2.927811317700792060e+00,-3.488275077902101007e+00,-2.201486037596664946e+00,-2.219898022377546187e+00,2.131096773453347026e+00,-2.948946426770644891e+00
-2.322514075720456983e+00,1.985075495486386066e+00,2.378985925828644099e+00,1.143011063678278205e+00,2.308300649200602794e-01,-1.515172751371427484e+00
-3.302577795801261651e+00,8.366467289063642676e-01,-9.389272865901604481e-01,2.035399070597350146e-01,1.447940742560443361e+00,-3.083342286602216209e+00
-1.665333331956822427e+00,8.679284267475633197e-01,-5.526008937182250058e+00,8.273657389923405603e-02,1.286697492086054329e+00,1.510417110918798045e-01
2.393980319044800353e+00,-1.718760933501880306e+00,-4.944898668529684294e+00,3.997036263501518860e-01,1.217127600624817729e+00,3.765981304094396798e-01
-3.349541601192454365e+00,3.093164526900525679e+00,3.400467753534988979e+00,1.404373415990021634e+00,-3.077752762896179828e-01,-3.471881394889138939e+00
-2.471950012721471523e+00,4.158093870917518586e+00,9.836702770662297812e-02,2.537349136988186871e+00,-1.063167565986815610e+00,3.166495105332165494e+00
1.987983241818640501e+00,-2.519871020573508424e+00,-2.269535515921894397e+00,-5.530372636124627483e-01,1.266591905679156138e+00,-2.551309457929808122e+00
-3.256796675298755606e+00,3.931604054412908500e+00,5.031108316950020587e+00,2.277194767307282319e+00,-9.055142025147142615e-01,-3.044844156416530723e+00
2.443259080786958748e+00,-3.266668456680982269e-01,-1.165877251141902882e+00,1.613029007012785065e+00,-3.882181553768863091e-01,1.943467434373422620e+00
6.309319322420545717e-01,3.082222859222131461e+00,4.191217756572161335e+00,3.395689504755658561e+00,-1.418686596148094337e+00,3.208250219424435556e-01
-4.505178753658123370e-02,1.105309903434550156e+00,-2.850678621392437329e-01,1.067030100025323947e+00,8.201036860165572540e-03,-1.511384060941041163e-01
9.939102131288368724e-01,-3.708650841722353486e-01,-4.311943134734924854e+00,5.946359914653509549e-01,8.888649206371457279e-01,5.688505787780417933e-02
4.480828611241234327e-01,-2.298727007441314085e-01,-1.169380489022452174e+00,2.289109962056024017e-01,1.596623688684188025e+00,-3.142507771096430869e+00
-2.905931659766202380e+00,1.587716698711429730e+00,-5.890810010152772058e+00,1.811767257326399871e-01,8.653643607083927325e-01,3.442385857547448857e+00
1.777805481661194342e-01,-5.525549102723099626e-01,-3.520981085626833096e+00,-3.148628518138072430e+00,1.888655007681246722e+00,-1.216572767170619684e+00
-9.087304295088283190e-01,1.167416470918154481e-01,-3.970214371935713249e+00,-3.129476505189566993e+00,2.188200145281956388e+00,-8.282509460540308233e-01
-1.488050518675330558e+00,5.985661851518644383e+00,7.459150365684994455e+00,2.427312055692953052e+00,-1.016700358442657048e+00,-2.628965737002237013e+00
-9.364740433690315058e-01,4.115265846770792990e+00,3.389848453186939281e+00,2.654147217176349827e+00,-1.160698230318521817e+00,-1.636842692048852577e+00
-1.551215986127007396e+00,-7.664011373847207098e-02,-7.570688363953062883e+00,-2.778387668145852807e+00,1.998186056795064003e+00,3.173444063358949130e+00
3.048305023142779291e+00,-2.968949161841047513e+00,-1.453589573855804229e+00,-7.621626312979579154e-03,1.099276759699241213e+00,-2.349408101188672937e+00
-1.183542532655621926e+00,5.668801004486246242e+00,4.511661537745655259e+00,3.435308985639855095e+00,-1.423334278169619660e+00,-2.584388084880670178e+00
1.761135103933971102e+00,-2.632365028885346181e+00,-7.087735565255439241e+00,-1.559281102903689042e+00,1.904196412192940224e+00,1.592463348877916296e+00
-1.497707515601941264e+00,9.289098313353834069e-01,-7.416951110272558267e+00,-2.795564032749024985e+00,2.139357927705678009e+00,1.870680383970487526e+00
2.815312383068139468e+00,-1.973277002742661601e+00,-2.056610866168150142e+00,9.462856109768580382e-01,5.146489968693609418e-01,1.397434102140971746e+00
1.284587192701178715e+00,1.857024500800782185e+00,5.655822600546017043e+00,3.252983815948192969e+00,-1.375001902487658079e+00,-3.375979746905498402e+00
-1.174159566589571213e+00,3.627410592055980043e+00,5.839917172685769486e+00,3.360709728079438463e+00,-1.402793126169183280e+00,-1.374594508333082388e-02
-3.080726034933815249e+00,3.793391433554238468e+00,1.111081467647286214e+00,3.071719067883265986e+00,-1.278107486614832755e+00,2.599310767099682451e+00
-1.254218993291509321e-01,2.750876745717156346e+00,4.459052449799610685e+00,2.542171226743352719e+00,-1.090866529954893638e+00,-1.288983261531069680e+00
2.489276418930820967e+00,3.874379602233580799e-01,1.387438351435485107e+00,2.424291371301276143e+00,-9.770463070741404188e-01,6.636837178365100343e-01
-3.457210611923604571e+00,2.592821409225578577e-01,-6.701069549974872253e+00,-1.819414381173072748e+00,1.813068205673806332e+00,6.007687744825584986e-01
-1.159022618693252404e+00,2.437597049356222678e-01,-2.552449704360069127e+00,-2.455042279503615532e+00,2.417232005033802089e+00,-1.557321333968442634e+00
1.795820602520584508e+00,-2.755212066727399822e+00,-3.176187132486075981e+00,-1.672887885470920821e+00,2.216567607437800902e+00,-1.907289129633804148e+00
-7.784464084395326111e-01,1.689515875437057835e+00,-1.068356827740166493e+00,1.133826837777910157e+00,9.694982264627219348e-02,1.692048065727659534e+00
2.082352182525515794e+00,-7.161211318299205431e-01,-1.741890971326961246e+00,1.136001077972837336e+00,-9.385676508126579443e-02,3.075733969739310680e+00
2.251201719078212093e+00,2.758970042485385799e-01,-9.946779783713080025e-01,2.128489229710471164e+00,-8.077003540117817515e-01,3.071255336926638435e+00
2.984714860113142798e+00,-2.910118885382996901e+00,-3.047580213071475974e+00,-5.437507012571529685e-02,1.679302602387864773e+00,-9.643551397195220254e-01
1.001635114707162266e+00,-1.551027122275954850e+00,-7.293327260964478143e+00,-1.532108112428083757e+00,1.669302714260959108e+00,3.419372783434200258e+00
-9.558404277046053110e-01,3.599303770880099007e-01,-7.026527457140119282e+00,-1.934464142640929030e+00,1.580644179409361527e+00,1.036330713000085169e+00
1.221458496943515826e+00,-2.046181994612278121e+00,-4.460881341677052525e+00,-3.281249186513595539e+00,2.128232635483241708e+00,-7.845369033970031047e-01
8.058751542050899275e-01,-1.138437960211245326e+00,-2.666608005320421526e+00,-8.732005641138469443e-01,1.568733352133913961e+00,-1.231954974594489105e+00
-1.907799893247147160e+00,1.930556935285263398e+00,-4.020134850084933653e+00,5.205859274140411941e-01,1.051401037613900469e+00,4.045373168308024070e-01
2.268237643930604008e-02,2.033763009710970460e-01,-6.647712857554943788e+00,-8.340614133819279630e-01,1.584923808652060728e+00,7.405644594303968375e-01
-5.485004609921206864e-02,4.707100978586078455e+00,5.887127408374329463e+00,2.983530258159809101e+00,-1.287274163001042249e+00,-1.886919516842281430e+00
-2.960949283547205990e+00,4.672120540261131438e+00,-1.299156659012381809e-01,2.008721489913726899e+00,-8.599314073342837483e-01,1.022810106692118026e-01
-2.677011189770833077e+00,1.402475107519338682e+00,-3.266894513412754275e+00,8.658805523647785662e-01,6.708729119784376804e-01,1.223975190109545252e+00
-3.769962642013862109e-01,3.118136668413616253e+00,2.202802915759420888e+00,2.760606824872430032e+00,-1.183953890859688496e+00,2.489970638931584546e-01
-2.304368779486856589e+00,5.660355043540540310e-01,-7.410740067713973644e+00,-2.948344957073500083e+00,2.366519919013553519e+00,1.754056564012541841e+00
1.568374318366072551e-01,8.179091548714323423e-02,-6.721081857987857511e+00,-2.067555889292226556e+00,1.919112603486695656e+00,3.286062469164168220e-01
-3.116773217993859646e+00,1.053148903692223470e+00,-6.672664507087324282e+00,-7.752667690273349343e-01,1.288431197281177942e+00,1.464152865954588378e+00
2.253768623069605681e+00,-2.058681817563464023e+00,-4.976149474529337979e+00,4.688557463879958753e-01,1.238048843165265867e+00,1.387597878279399843e+00
3.165196245892453852e+00,5.264958018626778591e-01,4.391054895574819206e+00,3.263736294570330543e+00,-1.378302708168210433e+00,-1.710365908223085540e+00
1.195847877009744487e+00,-2.045627529182555637e+00,-1.399194815613858944e+00,-2.356171447439487476e+00,2.861934762861160664e+00,-2.824342039624775591e+00
-2.631399910870087844e+00,2.896566984546967150e-01,-5.779223183403224162e+00,-1.998675583646051912e+00,1.844928431569058169e+00,-3.181059481511301357e-01
-1.674273055000509380e+00,3.924426752327603296e-02,-6.943726590873056104e+00,-1.432045632163361670e+00,1.610142597134259779e+00,1.097146877441309343e+00
-2.130804823729797626e+00,3.238951686347501524e-01,-7.017362372176293661e+00,-1.066240308230521627e+00,1.557990839624834756e+00,2.270899481234047279e+00
1.952781225725622960e+00,5.387787204776322003e-01,4.114574186840105341e+00,2.397938163348801055e+00,-9.560662156134986933e-01,-1.286209148194126239e+00
-1.870992237799965707e+00,8.901516265310920328e-01,-5.592116328443514917e+00,3.005236940751574437e-01,8.912227333677353869e-01,1.531992436164540727e+00
-2.636528108425272521e+00,4.281656902033502909e+00,-7.258722963322719601e-02,2.857075586303200687e+00,-1.243792404520435380e+00,1.771033031895143495e+00
2.780312936678270397e+00,-3.000737947588996590e+00,-3.415925109863279463e+00,-1.149405953020556037e+00,1.503910109143669960e+00,-1.149149230909471964e+00
3.145229529923057932e+00,-7.555278963122644686e-01,6.452464224806986337e+00,1.713386691944701390e+00,-6.655516832702588204e-01,-2.500800305227383280e+00
3.200017412576654507e+00,2.587040698112609283e-01,1.585417130591717294e+00,3.313251291910224161e+00,-1.387698257787781442e+00,1.637558117468566721e+00
-3.151541304148963718e-02,5.894914200350873656e-01,-6.335528442992537812e+00,-5.403483006099745189e-01,2.214261883553652943e+00,9.175244695481907797e-01
-3.496602189904116642e+00,6.954275840016078680e-01,-1.874965605396037738e+00,-3.430076757045673830e+00,2.053785830846136307e+00,-2.768673844184187605e+00
1.175009672968676533e-01,2.610852470274974690e-01,-3.972027152573203157e+00,-9.535499862969620821e-01,1.524370963261373113e+00,-8.376852298584642753e-01
-1.333074002129625235e+00,2.779239560794347863e+00,-8.446229377834235663e-05,2.304253313014257287e+00,-8.299227622400695559e-01,2.746680080005460489e+00
1.493320250341315436e+00,6.841939524937746819e-01,-9.988237174716555478e-01,1.574814409679762051e+00,-4.585963916533014606e-01,1.875515665131294085e+00
-1.824889563888678179e+00,-1.332093407474554958e-02,-7.472664853053817779e+00,-2.359138199292022620e+00,1.730609679853453597e+00,3.234296887177139368e+00
2.903146457343443565e+00,9.367200569644049679e-01,2.119290297425632907e+00,3.251247497506242645e+00,-1.372277205214746942e+00,1.971358788173966481e+00
2.129699961138757480e+00,5.774881247926736405e-01,5.214203625723698998e-01,2.891681230465904306e+00,-1.196326723955908111e+00,3.205588314542278994e+00
3.410101608018210051e+00,-3.732972066279947931e+00,-2.567453528257450657e+00,-3.077035462506256369e+00,1.828439512088073648e+00,-3.106666914628887888e+00
-1.370151510281349072e+00,1.351217635110672388e+00,-6.467098962190976685e+00,-1.160458227486339311e+00,1.873208861172855677e+00,3.110593278510545012e-01
1.851730872610559686e-01,4.716209183366407487e+00,2.381264383941636975e+00,2.955739503216063824e+00,-1.270706941851658778e+00,2.181650233527183680e-01
-3.116992745999244363e+00,1.754096507347782996e+00,-6.369820943218473808e-02,5.869200594833019480e-01,9.253869729999382177e-01,-1.386700693331621270e+00
8.836890285204397344e-01,2.334720305761851744e+00,1.769331814332275155e+00,2.694506629650248009e+00,-1.147528175604194400e+00,1.934125519302560825e-01
-3.255607956175251783e+00,3.319791250783956205e+00,1.007065049501459919e+00,2.093749583996785901e+00,-9.200752014089924602e-01,1.150236662902809570e+00
2.874526433896754440e+00,-3.167489588278803225e+00,-6.502271122540650872e+00,-8.876764855565997259e-01,2.033312846790157558e+00,9.479801986209404063e-01
1.320944024321049071e-01,3.458383345245047424e-01,-6.407982259200568187e+00,2.048711593818852705e-02,1.510704921734317141e+00,3.437100773047880864e+00
-2.475130733808027284e+00,4.473579521662877312e+00,1.587799058100836547e+00,3.070684438609792011e+00,-1.313161877955057122e+00,-1.252349052737691260e-01
-1.513986276940314291e+00,3.705158965663754245e+00,5.562900652477391628e-01,2.484583755932034954e+00,-1.097333955698378993e+00,2.676959933473055386e-01
1.529712459152811732e+00,-2.230371591887242211e+00,-7.086141418450194962e+00,-1.166142406805178222e+00,1.709499162207374523e+00,2.836951988368960897e+00
2.124071574153161279e-01,2.826994350899262987e+00,3.935315199442669165e+00,2.160142258782281388e+00,-9.509482851799379022e-01,-8.907530961018776949e-01
-2.081417651847861539e+00,7.170159269125025991e-01,-2.537340311533831994e+00,-1.125581580669816173e+00,1.912621103525931510e+00,-3.012820456551320802e+00
-2.704785174766351386e+00,1.227976159642461429e+00,-1.557134325758625648e+00,1.847953007260341174e-01,8.425858190972778106e-01,-2.219508685900905220e+00
-1.348792987626147521e+00,1.716347435979791169e-01,-6.202227664247603300e+00,-5.715974847986746710e-01,1.469639455517366855e+00,5.707069239058633059e-01
3.461233733885253017e+00,-3.229368076567917356e+00,-6.886824610570402960e+00,-6.338469859685496033e-01,1.523654342444789256e+00,3.478936214738149957e+00
2.030081372654593430e+00,2.050903775996407497e+00,8.967029671935735635e-01,2.979020346749480019e+00,-1.259723283805732841e+00,2.438254850347194136e+00
6.772487693139277454e-01,4.152653134477861663e+00,2.133766172505512149e+00,3.392757086924023113e+00,-1.410149850526191351e+00,2.803445033639077266e+00
-2.086683624124380909e+00,1.671789772940638796e+00,-5.828426609922289003e+00,-1.778614958059332452e-01,1.028762764573971644e+00,1.052106404969993747e+00
-7.206264279647500715e-02,-6.933114062487089058e-03,-7.388767275075794672e+00,-2.707841308134083302e+00,1.871453130984872981e+00,2.043253970668679642e+00
1.761474448375962787e+00,6.635271783941290025e-01,4.674837049275970546e-01,1.921667695235140805e+00,-7.428243453792202633e-01,2.859017150365438908e+00
-9.814194934036386542e-01,-2.491062376990323401e-01,-3.112645170351907353e+00,-3.347109728331901124e+00,1.835299600811701959e+00,-2.991972592665177455e+00
9.460906613957860145e-01,3.730576027205611656e+00,1.220212069677934386e+00,2.983295724574167807e+00,-1.284978220275982963e+00,2.738337207180582489e+00
9.397043264477229485e-01,-1.542027673063118276e-01,-1.887402668873749967e+00,1.075426675249300246e+00,1.193147449026734225e-01,3.073286436802601607e+00
4.669169885356776462e-01,3.327235133173544579e+00,1.182384827261859339e+00,3.011300554721043632e+00,-1.253190147546111355e+00,3.414203702535256291e+00
2.677879684622301859e+00,1.240585718680304650e+00,4.099605254270842103e+00,2.467718596768109229e+00,-1.094339682136985292e+00,-1.401869856150107729e+00
2.984661554731124156e+00,-3.139349526209487706e+00,-6.927114531265032404e+00,-6.967451563839199835e-01,1.413219348801052044e+00,2.829843950437146205e+00
-2.079985613039970094e+00,1.010526572809423707e+00,-4.477728640947481686e+00,6.621236394121110536e-01,7.788992147039996983e-01,1.338133687969660812e+00
-4.406613729670905144e-01,4.075019420658667624e-01,-1.569766251053975159e+00,-7.851478640055438163e-01,1.432177463367889647e+00,-2.933412415258357608e+00
-1.283564129885665039e+00,-2.566604789314539392e-01,-7.028136314363870873e+00,-1.670990966408824718e+00,1.828842759927552741e+00,2.416096020590728699e+00
-3.843131933392851529e-01,-3.903918996787729689e-01,-3.538127334177077810e+00,-2.987538679702411493e+00,2.191014703515254514e+00,-8.696608483583312399e-01
3.270610914509529898e+00,-3.588624911922794869e+00,-7.046690248077294605e+00,-2.289271771917373854e+00,2.027095445843199339e+00,9.143765472719014298e-01
1.602772358277245957e+00,2.386464955375763974e+00,6.000500409798799950e+00,3.196489992545517467e+00,-1.354684477590860192e+00,-2.549216411928524995e+00
-2.371810480280709843e+00,1.687765946235156633e+00,-2.290051098026122389e-01,1.278395166513246473e-01,1.526975522294260923e+00,-1.238070552960003567e+00
-4.725599257902182160e-01,-4.386742373457934718e-01,-2.094205497604855637e+00,-1.570919496376174340e+00,1.953548634314918431e+00,-2.331486825326033241e+00
-3.457686242733983395e+00,4.237875816781078164e+00,4.275767645284240359e+00,3.025793553063446772e+00,-1.308084114788058416e+00,-2.737310684332667776e+00
3.527016786010457317e-01,-2.119003424166844285e-01,-5.500282026305621130e+00,-7.572298209060184249e-01,1.440190779623212958e+00,1.912527222361459778e-01
8.988848952199672837e-01,1.751599448000625836e-01,-5.613994543246943358e+00,1.470971842011414843e-01,1.156171498126630004e+00,1.600591591837265959e+00
1.093467071171257743e+00,-1.688016662723633710e+00,-6.595868044032047628e+00,-1.992060499189181488e+00,2.129941481161409023e+00,2.456796135746976972e-01
-2.583580176529306272e+00,1.774487088453727379e+00,-6.841531634963125441e+00,-5.055406629906897820e-01,2.008630227411139835e+00,2.853992751796354810e+00
3.280420405929350913e+00,-3.498038726600395609e+00,-2.872657401207239225e+00,-1.739830833080636685e+00,2.018752851570409401e+00,-1.808489550200421014e+00
2.721452879974733285e+00,1.075470777090492547e-02,-8.083922725324796943e-01,2.030107644673195821e+00,-8.260015181565508735e-01,2.569025100277583462e+00
-3.410378115715073211e+00,1.652317202633017956e-01,-6.643027036628360804e+00,-2.991650967985843401e+00,1.745001635836594511e+00,3.519456698137313211e-02
-5.453457955609990471e-01,1.290663198721627714e-01,-2.846060264023113184e+00,-2.282675717355138634e+00,1.986907517736304030e+00,-1.984441981098274743e+00
-2.400723358826810649e+00,4.463266685226434660e+00,3.700106430143124125e-01,2.192266495453025321e+00,-9.037769260773330648e-01,2.526865957753214431e+00
1.252599055143299722e-03,3.650658479191078776e+00,3.304179538303110841e-01,3.111942036490290775e+00,-1.322255210783829016e+00,1.725118242673315372e+00
-1.840965556441372275e+00,1.773285749120945276e-01,-3.076333480464076953e+00,-2.377288309020273438e+00,2.093750968267658497e+00,-1.597138277308253640e+00
-3.002440075943606068e+00,-1.477311778254683516e-02,-4.237965597558943642e+00,-3.212947742266043516e+00,2.359904253448242617e+00,-7.043434487692561419e-01
3.039572577020521749e-02,2.313273587193138692e-01,-7.204161293617366013e+00,-1.328717826636331090e+00,1.831664812687183730e+00,3.483324117638934680e+00
-2.059573711670405594e+00,1.709990209231923242e+00,-4.758580377370689618e+00,5.571278452383721103e-01,1.471781375265110547e+00,1.833966958819356563e+00
-1.581982140166195538e+00,5.864275742923641399e-01,-1.618798909651986806e+00,-4.227768856778890694e-02,1.673807213417641826e+00,-2.347233825446730204e+00
1.095456649378339975e+00,2.890479446708727806e+00,1.749335598993718044e+00,3.465490055081510867e+00,-1.435575711884549799e+00,3.221313951820082622e+00
-1.746043211582435362e-01,4.236933714927161532e+00,1.859944822823852206e+00,3.062159714565189539e+00,-1.320284036054553356e+00,2.704433484035527080e+00
-2.118066981837865903e+00,8.070338212942754774e-01,-8.035793083384479285e-01,-7.181078086047874010e-01,1.419772705101554511e+00,-2.981638724487053693e+00
2.387559934392774252e+00,-2.703277323398890264e+00,-9.313595357381221351e-01,-2.826746181502750588e-01,1.559604032074620283e+00,-3.130226914613049694e+00
2.334783763006891277e+00,1.461902949803589591e+00,3.536762898390874099e+00,3.328433952579805677e+00,-1.399433545722811756e+00,-2.902540474788986025e-01
-2.679485431955579866e+00,9.658515060549921483e-01,1.608371426126390169e+00,6.344236589290179751e-01,5.748769119597126886e-01,-2.574333259229488302e+00
2.824531928073720444e+00,-2.021578266099712806e+00,-9.724204466621851894e-01,1.067535196262252128e+00,3.223853290296090912e-01,-1.665096995194073060e-01
1.332265558804961891e+00,-2.117690822263909922e+00,-6.820114969686983386e+00,-2.614434709718960193e+00,2.716672993754511545e+00,1.371459745787655393e-01
1.476703647923028662e+00,-1.987918235147222878e+00,-3.456865743541900571e+00,-1.245013381410137843e+00,2.283046307731237068e+00,-1.311521231757528660e+00
2.509718397671695023e+00,-3.318250135575091075e+00,-1.953476653484523373e+00,-2.502621998862714303e+00,1.975430156124166281e+00,-2.488392466615915399e+00
-1.463212472768698813e+00,4.412598354032491454e-01,-6.444535011081614861e+00,-3.919035116310598532e-01,1.447636002850621217e+00,1.126955620107002787e+00
-2.889132001561856455e+00,3.575973903194411552e+00,2.985091288389853048e+00,3.237760063564369517e+00,-1.362699262986931448e+00,4.500866419012270470e-01
1.449396979485438663e+00,1.104170454305575477e+00,-4.563429435722588523e-01,1.802216919728062194e+00,-5.261561715648435111e-01,3.811642896071472109e-01
-3.406736562625469311e+00,3.595331150823387389e+00,3.221186830354858532e-01,1.812784013584817444e+00,-6.859748793831379476e-01,8.745026957628416753e-01
-1.032585194938835382e+00,-5.647249764556244722e-02,-2.882075023995111618e+00,-2.009293043741822160e+00,1.862379768914367073e+00,-2.568127226174271360e+00
-1.140958034642646002e+00,1.336408008057786034e+00,-4.365082956564251049e+00,6.979300608602123646e-01,6.607161385596543868e-01,2.170615029814987551e+00
-2.177652911850653350e+00,6.822700399536044680e-01,-1.114835760644710794e+00,2.064081407290192516e-01,1.602001931435992343e+00,-1.490676274961107772e+00
-1.370426125935729100e+00,1.169168519410032969e+00,1.035960846159873494e+00,4.812271826452958479e-01,7.835552726635447440e-01,-2.185910682276255734e+00
2.919299817975812950e+00,-3.218575539880859537e+00,-6.729306527932430448e+00,-8.849949745369527498e-01,1.463186233951285331e+00,1.708453161082937655e+00
-2.687585225577735493e+00,1.721290602045768559e-01,-2.365074177208934980e+00,-3.449869046616733659e+00,1.852339576410574340e+00,-1.593177267346380432e+00
8.089998862194889284e-01,2.223653506163933091e+00,5.088138699586801650e+00,3.139814539922585190e+00,-1.326548519395672532e+00,-1.239830344068993728e+00
-2.456373712506334961e+00,1.442948932598658862e+00,-3.692744414344904413e+00,6.774935609036276674e-01,9.793427227479869490e-01,3.673266112594348876e-01
-2.245196333199658056e+00,1.100227418298491688e+00,-6.364038433817492013e+00,-4.049718111994193848e-01,1.530839044805209381e+00,9.571061684712640627e-01
3.244545284136811425e+00,-3.528787130181012088e+00,-7.499584886690493057e+00,-2.028136137476923562e+00,3.017048215845913539e+00,2.671725948422674080e+00
-1.531604272828303914e+00,2.686944655295317563e+00,1.397199596925038367e+00,1.900285179904640742e+00,-7.830193755946219802e-01,-4.096043173074948029e-01
1.892326042940360331e+00,-2.628934998706654369e+00,-2.011415964569230219e+00,-8.859759721244073738e-01,1.691209724831471917e+00,-1.639556755363583473e+00
-2.138538952281742844e+00,3.906134455953631512e-01,-7.623253856001207751e+00,-3.248171206447966419e+00,1.960730188611441438e+00,3.414930351019403787e+00
2.378251495182253095e+00,-2.521582938202477031e+00,-6.096033344519797836e+00,1.478193364907376406e-02,9.011434885227035396e-01,2.644675571536647674e+00
-1.850486051993401437e+00,1.629896333407917286e+00,-2.580442356707385088e+00,1.006801268524815995e+00,7.474645951701803792e-01,9.558738537630366849e-01
9.563705659509178503e-01,2.118901803386370464e-01,1.868280766133527004e+00,1.022513450447094741e+00,2.230640357874442148e-01,-1.099465999499170898e+00
7.968235147524973527e-01,6.058198321832974909e-01,-1.096565858461376664e+00,1.102776863786317563e+00,1.070680718922187441e-01,4.280578996975190620e-01
2.717945399268382189e+00,-3.437503544024578694e+00,-7.081396573170872344e+00,-2.444933844970587966e+00,2.152277180979783822e+00,7.181634364786857461e-01
-1.530015627488175101e+00,8.073810910100981397e-03,-2.120613155613328082e+00,-7.958670584265421510e-01,2.053724899837750861e+00,-3.159486628235840033e+00
2.243392110582413501e+00,-2.998525616025419893e+00,-2.227340707752439641e+00,-1.552886883739949209e+00,2.544525728052028146e+00,-3.184079671061235572e+00
-1.356740518217629532e+00,4.116264564758534417e-01,-6.584210189544560166e+00,-1.701673148921929446e-01,1.484247965083286491e+00,2.064394878053082749e+00
-3.244164471383608195e+00,2.817810300156242231e+00,-8.615868210710737607e-01,1.820224349456068147e+00,-5.505215626520858496e-01,1.831341743666667021e+00
-3.309139582011555003e+00,2.948030029030836996e-01,-7.226718784888741531e+00,-1.285876817805167605e+00,1.606187012612674048e+00,3.379040053062312587e+00
3.229128685853689618e+00,-3.706042610717549923e+00,-4.202268518177834977e+00,-3.253602745889713432e+00,2.482623197125763959e+00,-1.052169184993222650e+00
8.523275820395745939e-01,3.664940490573871390e+00,1.629942634886384356e+00,2.236428746632449283e+00,-9.168146676251622829e-01,1.572596657459990332e-01
2.853361817410538848e+00,2.578851288212825610e-01,3.843289919167181878e+00,2.156157811648652611e+00,-8.899649838921770417e-01,-2.602021727704314280e+00
-1.362464285043521794e+00,4.046835484216312118e+00,1.175278648873752330e+00,3.308718660345244977e+00,-1.392513478760334822e+00,-1.518694822464885519e-01
-1.268520264591781022e+00,-1.691716942222520337e-01,-7.094777281327727891e+00,-1.552676249871094427e+00,1.899586138496688115e+00,2.000468480544927985e+00
-1.098989813543447269e-01,2.366157123053704403e+00,1.356399417073363090e+00,2.658515566726816104e+00,-1.143889290354714650e+00,3.061130442593071876e+00
1.175896944111254783e+00,-2.193675260208419964e+00,-7.576217587382085838e+00,-3.101659839562656007e+00,2.028253410780269661e+00,2.924157149429014169e+00
2.633281089467681468e+00,-3.100644574579937807e+00,-3.514478762051803873e+00,-1.034120604261324239e+00,1.519514145449880393e+00,-1.084129203511971618e+00
2.079690596708067218e+00,-2.474151209889043912e+00,-1.940503456102488089e+00,-4.791547991559355069e-01,1.777731430928443768e+00,-1.763558821691031842e+00
7.937539381274767436e-01,-1.839949443773759019e-01,1.805046084478116875e+00,9.632779711481749274e-01,2.107027965937917635e-01,-3.182817343626027640e+00
2.202794430000611037e+00,-1.333746344390130956e-01,2.738001269762770917e+00,1.635579853443529075e+00,-5.497487499241227038e-01,-1.185215370594645989e+00
8.017647918017090092e-02,3.114181366249962224e+00,1.510482995456475575e+00,2.928718072009048434e+00,-1.224732405800227575e+00,3.811143167944650578e-01
-8.534411473616732025e-01,7.955090154012157688e-01,8.308555800314945117e-01,9.530099209466831311e-01,1.789507585006885892e-01,-1.272408704897062925e+00
8.356982243906623253e-01,-1.135270757515688400e+00,-2.541472131737080531e+00,-6.675963081836755464e-01,1.441124654024591889e+00,-2.285347077974413832e+00
-9.595271689502404833e-01,7.572499744892879914e-01,-6.245247011261214176e+00,-5.165936401115787113e-01,1.340030064003085108e+00,9.286705583982834966e-01
-3.278046736020505669e-01,2.384408367969784948e+00,3.654142218186595681e-01,1.699372690579934009e+00,-4.969846463677602966e-01,3.023880655701995046e+00
1.293143047794810485e+00,-2.124034304106572346e+00,-7.279446746506072152e+00,-2.302764384692186805e+00,1.853591828260824803e+00,1.586432304867723353e+00
-2.582892259218789732e-01,2.563536389601572818e-02,-6.095152795182332994e+00,-1.742182569908523382e+00,1.790376289362301421e+00,-1.629863797707740147e-01
-1.304812319925333863e+00,3.088743956639128374e+00,1.821263449720331495e+00,1.762815248290784176e+00,-6.109556003029642524e-01,-9.664767586603391081e-01
2.773300591715094576e+00,-3.192173234366223689e+00,-6.800162158737069973e+00,-1.197130206458970392e+00,1.435934915248107568e+00,1.076502960739868620e+00
1.477147510591946933e+00,1.612903280377980142e+00,5.668600527813651979e-01,3.498549449525940602e+00,-1.446563292896432928e+00,2.689679388460474385e+00
1.920132659827695321e+00,7.276386924719231430e-01,5.697187583245244547e+00,2.515710986669166260e+00,-1.102949010289861143e+00,-2.731265289613538538e+00
3.232536042625611117e+00,-3.492054305981386442e+00,-7.346618648995970169e+00,-2.029437993165536191e+00,1.685163987001935482e+00,2.562275298199956808e+00
-9.303155152917859105e-01,1.655575788896380685e-01,-4.345610282433410632e+00,-3.086827686758758293e+00,1.747310840106548913e+00,-8.142361788937488853e-01
-1.144790852386849522e+00,1.467758530481521273e+00,-1.857670774812257397e+00,1.011760135782716397e+00,3.518647711672214240e-01,2.431624889970782633e+00
3.347093950092981274e+00,-8.087095866686899726e-02,-1.236888911761581333e+00,1.598438082989434683e+00,-4.667946564170872836e-01,1.769911957453081719e+00
-1.901384883298597561e+00,4.959352292001377727e-01,-8.347997138743559198e-01,-8.903319155419708864e-02,1.585598698318305688e+00,-2.463554218022023790e+00
6.976453901898658216e-01,2.933202710166632698e+00,-1.995291695513350394e-01,2.026597934504980714e+00,-6.422159520388969201e-01,1.991590877271972815e+00
-2.210111562238326499e+00,-5.080116361044742512e-02,-7.503044135311521146e+00,-2.500016325366233083e+00,1.877725336912055010e+00,3.163238419115332434e+00
-8.050354309490992399e-01,4.752654768081121528e-02,-2.063720361439651096e+00,-1.753745781043904106e+00,1.642170956202013699e+00,-3.112671878989454299e+00
1.525914793460986019e+00,-2.379630495709337712e+00,-7.699288189325036669e+00,-2.698827325682247480e+00,2.977135192525468099e+00,3.436304777710287084e+00
-3.129413601536250589e+00,1.339884370928132507e+00,-2.729366588608671762e+00,9.115449290468280452e-01,5.384601269375227650e-01,2.209433515100865719e+00
-2.786710894875376265e+00,1.713358948641155344e+00,-4.222999889883537250e+00,6.883031010766327285e-01,6.158444693802007652e-01,1.551625765105577592e+00
-2.374470534545398692e-01,3.608638962551782292e+00,9.587075492782968222e-01,2.816369627089549965e+00,-1.229178499460307217e+00,1.565399978740484421e+00
3.058623626436165921e+00,-3.586517636558236077e+00,-3.242991522273037219e+00,-3.183707410382750069e+00,2.295406577198801923e+00,-1.913054497793066799e+00
3.110027197625234052e+00,4.464244746162865929e-01,5.370932449448303281e+00,3.074029325256593559e+00,-1.315428385838861347e+00,-1.871317565533459071e+00
-2.327719123895121811e+00,1.533921923500843887e+00,-6.240293970452771788e+00,-2.224351716489663566e+00,2.318696983882041263e+00,-2.177326627956692739e-01
2.757534349454756395e+00,-2.880661631684759971e+00,-6.398806083967601310e+00,-2.087286734772653141e-01,1.535210463742223030e+00,2.774903002664807161e+00
-7.394282231167137454e-01,5.185613348597236660e-01,-6.471965952053194471e+00,-4.031497996002495476e-01,1.296457045585298395e+00,1.724851721974630436e+00
-2.629633785145669478e+00,3.734759242016227887e+00,1.351726067546777266e+00,3.244359417808585277e+00,-1.341703362019588841e+00,2.596217983941873086e-01
8.958546836661973600e-03,-3.133808899595670328e-01,-4.415802822912613834e+00,-3.420600414852882576e+00,2.015771596094118046e+00,-8.253623399951521833e-01
3.687847195941058587e-01,1.070015106710379582e+00,3.080443854573986506e+00,1.296360480740112564e+00,-2.095922865002373126e-01,-2.019264180569418698e+00
-8.492706902203410735e-01,9.729540281503457066e-02,-1.958673426114709182e+00,-3.499892964231961834e+00,1.835044019608674803e+00,-2.526077247511945956e+00
-1.826951734486321977e+00,5.979394754313664961e-01,-6.383954038506607809e+00,-2.181354645084940813e-01,1.408911624897744241e+00,2.200292954776481125e+00
3.151720948021782043e+00,4.969354046741782938e-01,3.836349779626775369e-01,2.277678425596945111e+00,-9.246803082901882131e-01,2.411105314433084068e+00
-3.069932376035945154e+00,2.323311889768426397e+00,-4.316121086383972738e+00,5.970662709642278188e-01,1.070402428232034797e+00,2.619569859479909724e+00
2.867540219011839753e+00,1.230519574150844564e-01,-2.304009903939410187e-01,2.392550890202162606e+00,-1.013420489785195056e+00,1.381196305204795749e+00
-7.967600688486045080e-01,5.009062306468972103e+00,1.360650706982245328e+00,3.219076555462271116e+00,-1.366057441147159102e+00,2.729677375435146658e-01
-3.163329407648150848e+00,1.131881028257814670e+00,-6.483862446000181023e+00,-3.469461993831708391e-01,1.041306139694135435e+00,3.168305585685274650e+00
-3.139097457292416848e+00,3.694129679759146079e-01,-3.078121468127474003e+00,-3.199852057298085750e+00,2.456449712795394369e+00,-2.728839697191145497e+00
-2.849748616784916422e+00,7.830003539296714887e-01,-7.953733838358451047e-01,3.060304585172182179e-01,8.410379657838957801e-01,-3.139486111281389658e+00
-8.183180147926498726e-01,2.691034022980254736e+00,8.493200583766622458e-01,1.950851633375540573e+00,-7.876768966238002490e-01,-4.468035074929979089e-01
-2.068033972642378870e+00,1.419070050565982011e-01,-2.912632845747813448e-01,-2.065154615301522334e+00,2.843497624944281821e+00,-3.180312647653053659e+00
1.735535730286558831e+00,7.703226502959970023e-01,7.146544741479991636e+00,2.966000046408217017e+00,-1.241939983728584496e+00,-3.122231836793571524e+00
3.454476718096788801e+00,-3.473841552542191735e+00,-3.529968812599315608e+00,-1.258117287646515869e+00,1.446803644671568190e+00,-9.361953900202157897e-01
1.527086677873286114e+00,-2.499760193636149097e+00,-6.662278789873995244e+00,-2.218128504101198217e+00,1.698358792705873643e+00,2.714458763669669317e-01
-2.062764801610262211e+00,3.517355851188154858e+00,4.373598588819922917e+00,3.364890364713159165e+00,-1.404728105094913415e+00,-1.614230868807543295e+00
3.941415585827234835e-01,-4.526928879735980793e-02,-6.134292199141047952e+00,-5.780471280614967178e-01,1.457930166693262697e+00,7.533371721048265357e-02
-3.440827862300016360e+00,3.652663826749539489e+00,8.820550709504341169e-01,1.249629296572095427e+00,3.350847350634172939e-02,-8.742576705575406670e-01
-1.909342059585552809e+00,3.890597518935562604e+00,-8.553892728640265508e-01,1.371029611323725916e+00,-1.425225866542501330e-01,9.056150970916885257e-01
1.876651910235248799e+00,5.901400716059294060e-01,3.695484317032466937e+00,2.301407776978347641e+00,-1.017176913419475914e+00,-2.339335189592048891e+00
-1.926286495617956174e+00,5.817839204968993982e+00,5.688606032454895711e+00,3.395756280255124437e+00,-1.414582146181571742e+00,-1.815186632266440281e+00
6.239656864948823767e-01,-9.087635151672768252e-01,-7.451100165298429445e+00,-2.536528161417400451e+00,2.188769933124227407e+00,2.097494703211149059e+00
-1.935305128297317268e+00,3.651279095535597818e+00,9.246495016199807182e-01,3.065245468309049315e+00,-1.314717915947840154e+00,3.357888651163294824e+00
-2.137170855222380705e+00,4.664840037153632935e+00,4.381843009620656204e-01,2.734657814487523986e+00,-1.181205685049195431e+00,1.158451767528966947e+00
-3.284219331909411288e+00,1.142576650421613715e+00,-6.763670021396302801e+00,-1.633561219883944204e+00,1.711261627308099609e+00,1.167923579895449038e+00
2.416012463522115183e+00,-1.554774679817471084e+00,2.399949558488062795e+00,1.320309015140715303e+00,-1.427450225248084736e-01,-5.343416487745780152e-01
-1.632341127316196960e-01,2.449136392772734538e+00,2.796024130384513473e-01,2.023472739615791660e+00,-7.436835182635811448e-01,1.426637867688985040e+00
1.423779138240450770e+00,-1.602345693881023880e+00,-3.508794332970845531e+00,-1.276890569285034083e-01,1.254756248079800462e+00,-9.006301441401669550e-01
-2.867732498532910235e+00,1.813912562583450905e+00,4.723027716307047541e+00,1.310820437596284194e+00,-5.356177726253591453e-02,-1.030661562386772978e+00
-2.759216536005340892e+00,3.595915472294344717e+00,6.097419099850987401e+00,3.214781258862291935e+00,-1.342922788718968530e+00,-2.192377907813914284e+00
-2.767218807654028279e+00,5.977605338513916067e-01,-6.215238587778726398e+00,-8.232916144156821048e-02,1.486087522544136785e+00,1.084720561961582064e+00
2.237428844834581376e-01,2.956248644026568950e+00,-3.365436707833718843e-01,2.248411476327577319e+00,-8.997053554378894313e-01,1.200194804181128561e+00
5.098331867521501692e-01,9.510677514442321678e-01,-5.231077175078545416e+00,4.368399532496529680e-01,1.153207078531853780e+00,3.119178124120764117e+00
2.742680826115845072e+00,-1.681080404908555648e-01,2.679080502887413173e-01,2.488912204311214182e+00,-1.028077536350744614e+00,3.741706095430030743e-02
-8.481279394112286596e-01,-5.691951931949545962e-03,-2.839214255694836986e+00,-1.675801210908051786e+00,1.797645322621800990e+00,-3.284225063120293608e+00
1.504362774366516220e+00,-2.583641203271032971e+00,-6.938268220189973690e+00,-2.807221782169914803e+00,1.970989346980969836e+00,4.005569424689978675e-01
-2.365080671260285872e+00,4.869776209459093508e-01,-6.029709578817628035e+00,-3.211509330950925722e-01,1.154925867180007781e+00,7.750619537150056360e-01
-2.707146140605693585e+00,2.970358722510922256e+00,5.128446546708860687e+00,1.928461638892975394e+00,-7.915032433913851140e-01,-3.463438612680767470e+00
-1.294943983925644471e+00,2.508621731673738031e-01,-6.336231291886793571e+00,-3.427110274341070184e+00,2.303817799011814937e+00,-1.925380643216043630e-01
2.774950369022781693e-01,-8.040516268786027654e-01,-6.244619304399463999e+00,-1.462080772786641614e+00,1.674410485906189683e+00,1.908092568090209440e-01
3.085708044751118706e+00,-3.562513264986556738e+00,-2.583128491656601078e+00,-2.395858808559001130e+00,2.022375276523187715e+00,-3.075683146635645127e+00
2.426873951637809945e+00,1.200778532230938334e+00,7.757101153919887082e+00,2.910159242181874717e+00,-1.226497450211877949e+00,-2.484194078928202654e+00
-8.433281181588192510e-02,3.013749958996678746e+00,5.657734731648378368e-01,2.792009061500714040e+00,-1.132062988188133668e+00,3.211911705414181029e-01
2.712866807865760066e+00,-3.506900078650265318e+00,-4.356521460242775312e+00,-3.340346010126432397e+00,2.214663814536082853e+00,-7.284972671656539944e-01
-2.812332749652643127e+00,-1.057680579754551042e-02,-7.242134293142006740e+00,-2.243924294055593904e+00,2.154227880750733348e+00,1.558594028594689540e+00
-1.675739954634700712e+00,2.271754368324153117e-01,-6.691405993174307731e+00,-1.715458122519506468e+00,1.657776865984120107e+00,4.406785625055773536e-01
-2.868130622553259457e+00,4.039406371453626576e-01,-2.423657619741530933e+00,-3.463304976323309248e-01,1.576407845117173911e+00,-2.613915132094035698e+00
-3.393192263244888984e+00,4.367396613577078646e-01,-7.152862362049884126e+00,-1.533949369560707154e+00,1.596801579694908435e+00,2.246130798704463416e+00
6.861246560867790834e-01,-1.447220636758023371e+00,-7.615787878343507344e+00,-3.409924576955188247e+00,2.879406515898419450e+00,2.194419424629236559e+00
1.671620611165671733e+00,-2.125514378491154321e+00,-3.946555517984229322e+00,-1.237621489005924502e-02,1.045373972489629599e+00,-6.747735750947492228e-01
2.028615565008555777e+00,-2.678976497431794002e+00,-5.874709055666912150e+00,-1.489157093032679402e+00,1.932682170070777694e+00,-2.825997553637309423e-01
1.716653123042074292e+00,-2.658408192244682944e+00,-2.570223455226486653e+00,-1.932381535918912263e+00,1.579619239828637722e+00,-3.116781609333054259e+00
-1.129083929301717859e+00,3.515582904447619672e+00,3.320308726609476624e-01,2.786840204982127034e+00,-1.224381430706128482e+00,2.172863027099928068e+00
1.564685981719817320e+00,2.450675055333936037e+00,1.793615700781086897e+00,2.854255108817053355e+00,-1.220214172610929015e+00,1.612618636246920367e+00
2.774657091344494120e+00,-3.488865150382813862e+00,-7.481144458601673541e+00,-2.809804251862523472e+00,2.346674694264760053e+00,2.051938783203334893e+00
3.352636706292771329e+00,-3.750428756421633647e+00,-3.164145917620749593e+00,-3.357257014741721779e+00,2.913571995134249804e+00,-2.687717249273187115e+00
5.562683375822112808e-01,-1.167235663171388493e+00,-2.934561402265172703e+00,-3.287922283436489401e+00,1.719398394789954709e+00,-2.054202402641807090e+00
1.680995623244171178e+00,-2.458793118545924639e+00,-7.048946764689644873e+00,-1.665049694274724601e+00,1.925881823919041835e+00,1.102656822889412247e+00
1.008629265079559190e-01,-4.080170010496682043e-01,-6.781623890602882732e+00,-2.333167009873406972e+00,1.661715904848626968e+00,4.881109938978118734e-01
-2.538813142174021209e+00,3.738956331060599991e-01,-7.174363592762643016e+00,-1.607834521279572382e+00,2.142282411516781782e+00,1.488940978570253648e+00
-3.932780486247353657e-01,1.692718110975277024e-01,-5.705506745828556880e+00,3.303207015178264427e-01,1.212711641238038984e+00,1.878286241944615576e+00
3.119501382785543342e+00,4.901497109477652159e-01,4.873937487281911340e-01,3.464193679156316819e+00,-1.433484418709765063e+00,2.626492769394922711e+00
6.498751576160497478e-01,-1.117679066602151661e+00,-7.220719856171358586e+00,-1.838344237251573254e+00,1.749382395209807983e+00,2.276307567727952730e+00
1.271312334406724531e+00,-5.448759457771925607e-01,-2.065308771928402898e+00,4.618959105663007492e-01,9.945426375872459257e-01,-9.972380048320585999e-01
2.713393975144971826e+00,1.960054406593141063e-01,-1.149280516403671237e-01,2.952874253945638294e+00,-1.260250975859217970e+00,1.238840097154398023e+00
3.367004430774488632e+00,6.465132454103146298e-01,5.655146997653818453e+00,2.221419733257173235e+00,-8.984189904406525429e-01,-2.330078598341454477e+00
1.544825445319755630e+00,-1.814589796979736214e+00,-1.269719015244722415e+00,-3.205682371692035737e-01,1.258359587870928831e+00,-2.082180183582192701e+00
7.042107368056171879e-01,2.485377959763810374e-01,3.233454983554980622e+00,1.207732458051631319e+00,-9.228916863647888824e-02,-2.103814783183990400e+00
-2.570898867624777928e+00,-8.810743104633735057e-02,-2.958590082811930255e+00,-2.468348526671351628e+00,2.140007447456048872e+00,-1.325102587236262508e+00
-2.041729065050170711e+00,-1.586745563403468562e-01,-2.802096549554015326e+00,-2.027622866783363342e+00,2.323680749813750168e+00,-2.138859757348170909e+00
-5.354083170993106933e-02,3.886101423717276404e+00,8.375488029137780899e-01,3.435046831476309848e+00,-1.428897612433187803e+00,2.157031035569895394e+00
-2.996002771358913463e+00,4.301531669084686982e+00,3.263207890225932939e+00,1.870605302572548645e+00,-6.145477823247211813e-01,-2.148986413166538156e+00
-3.484272540770185778e-01,3.344617609686733606e-01,-1.379842000451438233e+00,1.745251743854301374e-01,1.499622276389350972e+00,-1.103795928213171518e+00
-3.573829916888513480e-01,3.370900275693256454e+00,5.308546358848720281e-02,1.857901700887592433e+00,-5.474933622152932111e-01,1.486157541189990106e+00
-1.094558648998042116e+00,1.306799349078875627e+00,-2.436072001598702297e+00,8.821311506121007895e-01,6.166926265084110570e-01,8.745809521152239085e-01
1.182211059873315762e+00,2.530910078536423580e+00,6.084145003528851348e-01,2.035530823179147575e+00,-7.468667336767429443e-01,1.996519343249438805e+00
-5.615548617991223956e-01,4.026578146470606967e+00,-3.162616983512384072e-01,2.978415105709501631e+00,-1.244350080770340483e+00,2.860755963953416803e+00
2.635194202167464361e+00,2.916674344452070411e-01,-6.892609143981032194e-01,1.897568112973694099e+00,-6.861925648809004130e-01,2.704817581027582740e+00
2.338629315238368811e+00,-2.567225022603293105e+00,-1.092409542887074148e+00,1.458282445308105579e-01,8.959760696812467673e-01,-1.894870965159219267e+00
-9.752751321247399297e-01,2.964056516099450311e-01,-1.140974756553909675e+00,-2.616790678405203074e-01,1.105442079283991408e+00,-1.734010855602956536e+00
-2.679637858577947895e-01,6.034640854139663446e-01,-1.352764278921713803e+00,-9.284686525119396627e-01,1.633338072181041323e+00,-3.254835054410322837e+00
-3.475196130740289213e+00,-1.384141987362298709e-02,-7.479546076750789751e+00,-2.945302675603081344e+00,1.944175796779432197e+00,2.656283322983850503e+00
-2.616199701550265821e+00,1.188645254391728301e+00,-1.510787496114022188e+00,-4.791265070511614432e-01,1.335207121110463024e+00,-1.101121100948259990e+00
2.936106893014231112e+00,-3.439872457811874895e+00,-2.276112025856741994e+00,-2.060759543602923127e+00,1.559916386844482750e+00,-1.776478292883517440e+00
3.432885557651494501e+00,-3.397522436868587459e+00,-6.644867010418662900e+00,-1.254656632367078473e+00,2.074324712770684975e+00,7.776733329953229301e-01
1.333453355373026561e+00,-2.255074961246995802e+00,-3.139145377807868620e+00,-2.246765600156219733e+00,2.699473404992593473e+00,-1.059248178897781667e+00
3.049650101368564847e+00,-3.448372415364342913e+00,-7.448967715552004876e+00,-1.916570723800040899e+00,1.993443433746862947e+00,3.398782098673893692e+00
-2.589884723663358201e-01,3.304751077531163261e+00,1.621498885565356152e-02,3.010227718103897665e+00,-1.300912898093441683e+00,2.191952710439163177e+00
1.756950140835192187e+00,9.752230823507975765e-01,-2.996520780633677994e-01,2.223445442847496345e+00,-8.673878663316276771e-01,1.990155039474006848e+00
2.967151867988251368e+00,-7.067851163394495151e-01,3.796800380093209082e+00,1.871628195091169289e+00,-7.551231449493227554e-01,-2.291207987651692868e+00
3.466651777377590449e+00,-3.004494677010310255e+00,-1.532239213099251929e+00,8.804805125632730878e-02,1.089019265220418697e+00,-1.366689202532661795e+00
7.874733904420292419e-01,3.426702081444477077e-02,1.595298716931597693e-01,7.090108069677114599e-01,5.952431091789963657e-01,-3.407921890048631663e+00
8.177182622231615738e-02,3.146976849853803770e+00,4.810506334967142195e+00,2.895018657938200235e+00,-1.227908685056338323e+00,-2.378554471403843351e+00
3.162911801448293758e-01,3.640702893494944803e-01,-7.294577913554509685e-01,4.792084917062928717e-01,7.271506695640637119e-01,-2.527516014962551960e+00
-7.447985817594444669e-01,-1.661421133278490614e-01,-1.726854126356400343e+00,-3.484597891206962395e+00,2.002570572665354209e+00,-2.580901955540188641e+00
2.441999447793299360e-01,-6.716485245468478693e-01,-4.461710670297970083e+00,-1.740484957950680922e+00,1.614786662999112998e+00,-5.948013443658877186e-01
2.003250139864952928e+00,-1.901344013390269705e+00,-2.777937272366893140e+00,2.945846385621777586e-01,8.291798932099803121e-01,-8.970140911152295615e-01
2.093735131512628911e+00,5.711172603713611240e-01,5.622033414044778077e+00,2.166978953392916019e+00,-9.212915600177143949e-01,-6.343512686842140980e-01
9.180258653325656937e-02,2.826175634440234674e+00,3.099460732951234920e+00,3.211978117026836443e+00,-1.328062462310250602e+00,-7.773910132888985913e-01
-7.333960390710321242e-01,2.960864095120907535e+00,7.487940343334442694e-02,2.294072622779399495e+00,-9.624172880646221229e-01,1.466606754308750205e+00
-1.834088877863728317e+00,3.263642647183329082e+00,6.033162872825026390e-01,1.806010315891228402e+00,-6.245564251169808401e-01,6.153364773158642720e-01
1.855620364251957533e+00,-2.921544205267673444e+00,-7.447984123310119386e+00,-3.310481849720663838e+00,2.088430436739278750e+00,2.132032604358945704e+00
-3.258475023768725443e-01,-3.425163076736231771e-01,-7.150161364873188319e+00,-1.348838862951321271e+00,1.741403426775934626e+00,2.373709640106125285e+00
-3.159536531647901381e+00,1.871459693355667309e+00,4.578288737272036002e+00,1.037300341643902613e+00,1.826749778933392521e-01,-2.540181634634113284e+00
-2.442636146720277956e+00,2.647982693208570382e+00,-3.319909034204349685e-01,1.548834278794401165e+00,-4.892291408135770459e-01,-2.338068075206409802e-01
2.052643240457781459e+00,-2.988878687230329234e+00,-2.404714637489744344e+00,-2.209665571155538633e+00,2.122665682069251769e+00,-2.906025280049937543e+00
2.325823495576418765e+00,-3.225343937395832583e+00,-7.663286291944323203e+00,-2.961804934574478132e+00,2.507564265677516335e+00,3.208032942389858810e+00
1.448897303062181230e+00,-1.880620367890377231e+00,-6.970883723537439458e+00,-8.253194685353757443e-01,1.642190482453460776e+00,3.182222491099876649e+00
-1.577826767516306905e+00,1.588232328175120112e-01,-6.736980958239512596e+00,-2.995105157955251229e-01,1.202978544336464672e+00,3.392669884647657064e+00
2.746302557802059674e+00,-3.300101049375280038e+00,-6.777095410900300543e+00,-1.736224131037741758e+00,1.781112495790790895e+00,5.746105690859586446e-01
-2.662435026210649980e+00,8.020261480880356286e-01,-6.307082188522197264e+00,-1.771429601151091049e-01,1.246504762072865979e+00,1.902847833547419931e+00
-2.741306673371593838e+00,1.198762209422863156e+00,1.733220911090094241e-02,4.540824415416881976e-01,6.635633708933631469e-01,-3.115335727536260979e+00
1.802969510747876924e+00,-1.321052890230431043e+00,1.332611345476069076e+00,7.959429145786565130e-01,5.051115980436149400e-01,-3.297014378004959667e+00
2.829718714650993228e+00,-3.144928765823209904e+00,-6.926791642792173853e+00,-8.927799264564373338e-01,1.452384527598120645e+00,2.679691735846572165e+00
-3.043982785596281992e+00,1.189891726342795941e+00,-6.153648247262203164e+00,-5.705108935363161216e-01,1.914504079086187804e+00,8.550900814481519063e-01
1.200384707330659495e-01,-8.733250079507551833e-01,-2.568150674221627572e+00,-1.704160038220085216e+00,1.548828764215186338e+00,-3.442343486801112462e+00
-1.229933274083976791e+00,1.332760193000736004e+00,-3.411433846270398362e+00,7.076624032952496535e-01,5.202049564417178251e-01,7.941761711419799141e-01
9.797498537444910838e-01,2.230066129155268140e+00,1.487464132875392586e+00,2.382664281908136061e+00,-9.733751901923605176e-01,3.499924590128609125e+00
-1.682899086357832141e+00,3.721674807481048841e+00,5.685805038751723828e+00,2.043584550634164998e+00,-8.435233367840488938e-01,-3.036460467845017330e+00
2.737873889098374924e+00,-2.468232943701490711e+00,-4.533433492710191359e+00,4.815797699529453801e-01,6.398120357993518637e-01,1.828064475844894510e+00
-1.274174022627854619e+00,4.254703647492926954e+00,8.069053421065019549e+00,2.627432506070745077e+00,-1.155177814388633317e+00,-2.309014665526026633e+00
-2.972136355070100766e+00,1.984376541949314232e-01,-7.438874231253016056e+00,-2.969245039986825763e+00,1.794633440778941935e+00,2.332249698733386722e+00
1.617477679145646441e+00,-2.773403763815927903e+00,-5.633222198417838555e+00,-3.492135417198932501e+00,2.325556147852867461e+00,-5.327411266538044643e-01
7.145934748613154142e-01,3.867765042786257546e-01,-4.722375373679630339e-01,1.082609230916974141e+00,4.428669146089435349e-03,-2.284627062311503920e-01
-1.857341767509046448e+00,9.998139321802795854e-01,-4.173778576855245781e+00,5.481657499415248935e-01,7.494667582203313749e-01,4.388208899571521826e-01
5.609279590045099795e-01,-1.255779475801568346e+00,-7.332167131944613558e+00,-2.794913238007639578e+00,1.731255431062398875e+00,2.031382193590151708e+00
-5.615653276483487666e-01,3.043550065101052748e+00,6.006711373528893283e+00,3.165381105622683933e+00,-1.348239947521731708e+00,-3.154572493027213653e+00
2.783321053246693211e+00,-2.706923030904496930e+00,-4.374607385591062325e+00,3.011379880924813790e-01,9.001388529093116153e-01,-5.639868281712434595e-02
-9.762860915201416745e-01,3.759121117348263486e+00,5.897385033438688140e+00,2.502688497862043171e+00,-1.108756630637997675e+00,-2.387944143872563707e+00
4.818571622162655110e-01,2.958069170702977591e+00,6.361193644934006741e-01,2.623903923399550031e+00,-1.119991290548365326e+00,1.538876666959115624e+00
-2.373057079862497698e+00,-4.603379885310156239e-02,-2.741911780375445584e+00,-2.060051240628560265e+00,1.641841710582718772e+00,-3.353262121102704718e+00
-1.980417080298101595e+00,2.588927631571170118e-01,-2.356567894118574813e+00,-1.278144905806762210e+00,2.985567442553571649e+00,-1.542728270728006112e+00
-3.272659605858779575e+00,3.502969665961244705e-02,-7.326010019519696215e+00,-1.938699950339259681e+00,1.624573602404538963e+00,2.700320420419817680e+00
-2.776161193904044922e+00,9.662266659409298741e-01,-6.431535148618827691e+00,-1.291088880595343547e-01,1.082090258784534464e+00,2.428597796822723254e+00
-1.524007142355820132e+00,1.197364083950370750e-01,-6.390081190578012382e+00,-1.199442972578500743e+00,1.515298329678141043e+00,3.168879724103934592e-01
2.185378122051616856e+00,-2.886815661064093153e+00,-7.237551056350168821e+00,-1.731185630028582390e+00,1.599914143746926420e+00,2.663852362939680418e+00
2.733170634607291483e+00,-3.429031832986950246e+00,-1.815313156460923061e+00,-2.610199034302011611e+00,2.428242005502916356e+00,-2.945742461884648833e+00
2.814434020997241603e+00,-1.070281753906214384e+00,-3.905024209890775033e-01,1.330745571417574880e+00,-2.999394656761670275e-01,1.032914008992647403e+00
1.529286793529187172e+00,-2.313052658742863255e+00,-1.278860104267628417e+00,-1.059920242217277320e+00,2.265108948960603552e+00,-2.195838124463805663e+00
2.900029692167492179e+00,-3.186152682917002821e+00,-2.732994610634000399e+00,-1.509438427723954756e+00,1.572801008399838052e+00,-2.386786226391955701e+00
2.541803368015083109e-02,-5.315102965013243086e-01,-7.279026491176306735e+00,-2.107007308505820298e+00,2.131426196614826019e+00,2.097546214777906037e+00
-3.124802464746521125e-01,-3.371177849717979513e-01,-7.294948924771625265e+00,-1.716169939561073665e+00,1.964329741596865686e+00,2.361545290000905517e+00
1.221959513863214219e+00,-1.740453383017525724e+00,-5.281815606976643984e+00,-1.432055069188150398e+00,1.958418138885947624e+00,-3.830224518457909788e-01
2.354499608528700882e+00,-1.863874998378658887e+00,-2.390932058138311778e+00,9.915110072478521275e-01,2.235793062602045300e-01,1.422943196878478034e+00
-2.595355448484100602e+00,-9.124616198249509147e-02,-1.121867992188630758e+00,-2.030937668280499153e+00,2.435113833995226074e+00,-3.489021359949471268e+00
-3.180079020771494847e+00,4.025385201618096431e+00,1.567275899483425050e+00,2.965080940411645827e+00,-1.275952146017544919e+00,4.697927916681079452e-01
2.249361694338569251e+00,-1.938612762251648247e+00,-8.932486660549642243e-01,5.243142953957882213e-01,9.464706263159314847e-01,-1.585778283957038681e+00
-7.142324258796834968e-01,2.236213404448572639e+00,-7.895544036181825209e-01,1.259749537683950038e+00,-2.196035626902815563e-01,6.018474853687436621e-01
-4.159621148688792402e-01,4.827220931707350005e+00,2.685930779534564383e+00,3.458057985049852512e+00,-1.435846126231777875e+00,1.891299039979489116e+00
-2.703992919659173655e+00,2.360939183040012601e+00,-2.165382069219738526e+00,9.947156537824897171e-01,6.491812559234355628e-01,1.221024187280140616e+00
2.424769474141828418e+00,-2.553990988128487238e-01,3.292798960999043789e+00,1.969379143594005122e+00,-8.181398816135332375e-01,-2.221760673943245834e+00
-2.306935346489438210e+00,1.574566913517071232e+00,-3.481945829565415096e+00,7.332443664369474590e-01,3.655016469361670461e-01,2.210841931245215441e-01
1.722017522222760277e+00,-2.066271062976636319e+00,-2.243055781682701699e+00,-6.990029542436859700e-02,1.706449295689210777e+00,-1.240102592033548667e+00
-1.089666151488888346e+00,1.018347442886065934e+00,-2.151276477127861853e+00,1.140746749808779548e+00,2.625838704511967991e-02,1.471164795302361661e+00
-1.997234263044589397e-02,-1.949563810042883594e-01,-2.076548080243572514e+00,-2.355145133391273848e+00,1.649728597600714552e+00,-3.388725257781211919e+00
2.947242024890163847e+00,-3.308444848620739620e+00,-7.055901414576905673e+00,-1.258853536456833400e+00,1.500324059288811185e+00,2.587953844020764116e+00
1.222653281540608816e-01,-5.461589898860133019e-01,-7.456072649997627977e+00,-2.531985177849173319e+00,1.761570110246994503e+00,3.297329762373454543e+00
-1.218411755799176266e+00,9.766463049766616056e-02,-1.957419827881039076e+00,-7.603561772928086882e-01,1.344920449078136571e+00,-3.499414946957687622e+00
-1.832163301288618040e+00,7.634227359605391117e-01,-3.915653252011900509e+00,-7.890283506857671547e-01,1.706558424880017188e+00,-5.457061994742131716e-01
3.358204383166028428e+00,-3.373988696898438722e+00,-5.852877064963797338e+00,-1.175143438266950113e+00,3.322907587530034235e+00,-1.829210823746203474e-01
-1.952177203753338919e+00,8.062887479608599195e-01,-7.088727444239808939e+00,-1.128948523126605430e+00,1.439481754877476316e+00,3.147888437879248436e+00
1.537135680701207541e+00,-1.590306211310189344e+00,5.049104357816229793e-01,4.031743868233261807e-01,1.077429206643198745e+00,-3.014188834157106811e+00
1.346291863651804199e+00,-1.847045406306236703e+00,-6.718024824519743810e+00,-3.734914859219822247e-01,1.218019678954284979e+00,2.616314700720813846e+00
-3.073029266645478152e+00,3.137147074286748549e-01,-2.728806309204630853e+00,-2.520955571080157664e+00,2.843221683878139228e+00,-2.002788879898852237e+00
-6.181596558817097353e-01,3.478991297889159284e+00,7.648056768912148140e-01,3.333181062666903394e+00,-1.391052782056432235e+00,3.211248160141897401e+00
-2.525630525848229890e+00,1.210364891472998528e+00,-3.698111726608073191e+00,6.832021402681478506e-01,1.318925699494231107e+00,3.049018432831112513e+00
2.426127375405189746e+00,-2.534359249907212508e+00,-5.650295302777548656e+00,2.771688337510411770e-01,9.319948477648986040e-01,2.083394693253876717e+00
-3.802057741193713980e-01,-3.576204043377958497e-01,-5.994643802063414739e+00,-1.381463133946841726e+00,1.561973170533027755e+00,-1.460833610935408089e-01
-1.542608874998325774e-01,4.995728767342898502e-01,2.390996232433276525e+00,9.353085203798903180e-01,6.255107761889313611e-01,-1.044130851797016923e+00
-1.470621477766647978e+00,4.224914346099696294e-01,-4.777836605999058683e+00,-9.655546114109681000e-01,1.890076457360309492e+00,-6.695865078217182464e-01
6.562461374074741727e-01,-1.058895141899299119e+00,-7.238923167275541637e+00,-3.331215835574712791e+00,2.022870542954463335e+00,1.052400168431820049e+00
-1.665193495933050549e+00,6.157240723422650053e-01,-5.121829389308540037e+00,-8.089127040666044266e-01,2.255068150191924303e+00,-5.714840290543596879e-01
-2.701081123044508647e+00,1.054009227125824122e+00,-3.365037885332992307e+00,-5.237776486066723081e-01,1.560472872213698903e+00,-1.093928030178271005e+00
-2.679028692964255942e+00,3.705360594697657994e+00,5.468400179827961338e+00,1.945552188547659433e+00,-8.294387774452925965e-01,-3.236377263702387985e+00
2.095325647120347412e-01,-1.128589696083823202e-01,-1.024122591476638533e+00,-3.385758108550884771e-02,1.739857888936905406e+00,-3.455621544330111483e+00
-1.371666541194561439e+00,2.091994844698517042e-01,-3.581799869508544010e+00,-2.500346812363371640e+00,1.770063204346783881e+00,-1.126339176745700499e+00
-1.914850660995115028e+00,3.474273838703212824e+00,4.506385507522846723e+00,2.659133445180478894e+00,-1.127199045847850023e+00,-9.884776400119856810e-01
-2.483271398717126210e+00,6.077483079975132263e-02,-6.030109760510112160e+00,-2.185685207266692576e+00,2.622369745600352076e+00,-1.865786785825722660e-01
2.956721180243261138e+00,-3.198585819730900948e+00,-6.133247901089314169e+00,-1.058436077849844281e+00,1.530719647614737333e+00,1.995217739862611417e-01
3.390817218510830067e+00,-6.545692098765439892e-01,3.014222434667556794e+00,2.061551466130362442e+00,-8.860734704427697395e-01,-7.117730162928781468e-01
-2.888595909082034119e+00,3.725694691158719873e+00,2.573439739781324120e-01,1.894263880257444299e+00,-7.251975520421816146e-01,-1.778608835667188082e-01
-2.213821405102856854e+00,1.952963487906097750e+00,-1.515476594840382107e+00,1.491657415563092393e+00,-3.637080591981184385e-01,1.871367127995160473e+00
-2.195313423522198271e+00,6.482154669543386261e-01,-6.199546661443864348e-01,1.183490334380845610e-01,1.305635050963994459e+00,-2.908402398576876102e+00
-2.501214039633059105e+00,9.616273875193177556e-01,2.897701096763196649e-01,3.110106022879750576e-01,8.015032035478211192e-01,-2.547028434615040027e+00
-2.525189163057418806e+00,9.590684806868444712e-01,-2.458252704536836308e+00,-3.614539350361241077e-01,1.710403502570518430e+00,-2.121224144337666928e+00
2.507237788952411783e+00,-3.155718055073038375e+00,-4.637478397692374799e+00,-1.279260462386449415e+00,1.415154852132531449e+00,-5.394600675931924272e-01
-3.037141870978325997e+00,7.064254807734373642e-01,-6.512041871791114822e+00,-4.352014433537330085e-01,2.006070804506589145e+00,1.130536986810906974e+00
1.151253185333904305e+00,-1.418120188273873206e+00,-6.243753747143747646e+00,-1.354029666648424168e-01,1.140100227683900291e+00,1.268742140005844732e+00
-2.193687611762013212e+00,3.317929058405087783e+00,4.919106296482045337e+00,2.110149122425859503e+00,-8.974295900994689879e-01,-2.527183868297242952e+00
-2.816787289322670418e+00,-5.524697349810030189e-02,-7.402678537026206484e+00,-1.875913482630972462e+00,2.291169945157959020e+00,2.985342304483873832e+00
1.021169758940939865e+00,-4.314495010846684520e-01,2.647669311030417028e+00,8.137460604640827100e-01,3.117532247866297013e-01,-2.709974177129136574e+00
-3.949594640455544869e-01,2.924915525986169218e-01,-6.437301447393379839e+00,-2.478011516147864857e+00,1.983668861882632362e+00,-7.246019536449122000e-02
1.657494269923613928e+00,1.282674917230661182e-01,3.247201050620099672e+00,1.881530941370354704e+00,-7.742613380417625590e-01,-2.577899737936063751e+00
-3.447183380075687253e+00,7.457336719556459936e-01,-6.458981998701561089e+00,-1.250478288952168171e-01,1.212179302438086026e+00,3.332057053342457387e+00
1.409304105780902816e+00,5.140197651162481396e-01,-3.785242369542949348e-01,1.683096063584137880e+00,-5.984101317832246636e-01,3.355484904020377357e+00
2.925437577048190185e+00,-3.915293123502875394e-01,-3.676439264302566734e-02,2.136670577894036249e+00,-8.310109589102248062e-01,2.642102861418248239e+00
-1.166182603750719693e+00,5.752243934537585313e-01,-6.846116899739445927e+00,-3.971214133116389711e-01,1.461200433162929357e+00,2.986013427769675488e+00
4.232150487159280772e-01,1.656965713350331049e+00,-4.377602197907710657e-01,1.908241139601499547e+00,-5.683967429373601998e-01,3.413609039590935090e+00
8.418404438207423013e-01,-1.234831725833781979e+00,-6.357874102707589792e+00,-1.715508044860647452e+00,1.705341810553408610e+00,3.064602965652527544e-01
2.878942359073389134e+00,-3.444735099229659259e+00,-5.081720498937595032e+00,-2.479458987630328348e+00,2.668738928755955087e+00,-6.115089486448264111e-01
9.181740721349154200e-01,-2.908570457088323069e-01,-5.793465560831931427e+00,2.850368139498815623e-01,1.200347341070423290e+00,2.575887114432005909e+00
-2.112849623474686300e+00,-8.477069758313968140e-02,-6.328902900385062757e+00,-2.471916622321294721e+00,2.458612207645963554e+00,-5.959297730643076108e-02
-3.269350951169524677e+00,3.231170307491421312e+00,6.364664828949676334e+00,2.199373684160469189e+00,-8.718061626306730094e-01,-3.359194555012492867e+00
-7.419529975509919772e-01,1.246208494758728191e+00,-3.272444666780561784e-01,8.834003595503654438e-01,4.213563042667962666e-01,-6.559870255287338914e-01
1.986793681254745536e+00,-1.693418430923067763e+00,-1.818796890052396531e+00,9.503170477795084281e-01,4.973298409564621547e-01,8.619931628144437141e-01
1.264520682993888201e+00,-1.942571192206521413e+00,-2.451779123410747552e+00,-9.403979862225932962e-01,1.572082494371945138e+00,-3.077490089736172330e+00
-1.254084253463135568e+00,4.245309968081867780e+00,3.249042497564235132e-01,3.265783324660896270e+00,-1.371513114354956375e+00,1.403294982317058626e+00
3.187356693495043913e+00,-3.698322371061005587e+00,-3.047922780610840210e+00,-3.293342154362938423e+00,1.994193019898868213e+00,-1.612473796039866070e+00
1.118517512853421714e+00,6.079888014756242853e-01,4.608490633116794299e+00,1.343810484791742255e+00,-5.438725960997403686e-02,-2.384131187845359712e+00
-4.755721046616629977e-01,1.699048410294639933e+00,-7.536588636143555231e-01,1.514310888235059771e+00,-4.686468046520785302e-01,-7.680138714708562020e-02
-2.193766732638043226e+00,1.400666309395408815e+00,-6.040711911414085478e+00,-1.576542738504507213e-01,1.466236624187089888e+00,4.570052562765356541e-01
-1.337635547623278853e+00,-5.763896632940268550e-02,-2.827143186776544859e+00,-1.571938503660232911e+00,2.863868932124820521e+00,-1.919827640922180834e+00
-1.380570819310343644e+00,1.976146910844471805e-01,-6.964957840144485601e+00,-1.256079290481239674e+00,1.385784893090960423e+00,1.605418774114511393e+00
1.294502151631323095e+00,-1.400362257074523331e+00,-3.293134664094183872e-01,4.386666050925684956e-01,1.094731973659501811e+00,-1.224468312211742127e+00
3.374132261604441574e+00,-3.213345420806730690e+00,-6.147188241249735619e+00,-5.977530678560123434e-01,1.522318920440995038e+00,4.256637734120625183e-01
-3.452591419686194651e+00,9.524664549016416126e-01,-6.817027989138257915e+00,-1.265152068929191742e+00,2.333679196252091970e+00,6.422325241639033067e-01
2.654386280838814116e+00,-3.399404828677684787e+00,-7.497098858638177710e+00,-2.426095664407780461e+00,1.768410956973960335e+00,3.494072179815930212e+00
2.176038945899210653e+00,-1.332657663587610841e-02,7.165442578412763996e-01,1.801857353555598174e+00,-6.466524601805931916e-01,-5.461161422772420337e-01
1.754521799163120122e+00,-2.134300286813378467e+00,-6.672422602623257148e+00,-5.353063910649180634e-01,1.791322697820023402e+00,1.128653195127812481e+00
-2.218219767404283616e-02,9.985075067129607351e-01,-4.345921269304229284e+00,2.710324606784872969e-01,1.115867724916404180e+00,-4.136760618030197456e-01
-9.422068707138864241e-01,-2.319513043422228860e-01,-3.000095989793968521e+00,-3.045448034436053497e+00,2.168376465427567013e+00,-2.867552253510448956e+00
-1.989739594002325695e+00,5.905802235963810709e-01,-1.385228128460657349e+00,-2.745087295332915289e-01,1.261593590952142740e+00,-3.228207173520188711e+00
2.349561336295332481e+00,-1.226247880221303710e+00,2.529861357689097812e+00,9.783873407272407619e-01,1.513931817794492984e-01,-1.824830442831388400e+00
6.669798317843769198e-01,-3.272527255880725017e-01,-2.860866046954889441e+00,6.144303962770640837e-01,5.994160391777164643e-01,-7.018025794632309911e-02
-1.694893992915647241e+00,4.569391151839735654e-01,-7.271457856566158284e+00,-3.465350458115555199e+00,2.691025922072439069e+00,1.095770504173258608e+00
1.967992351318093469e+00,-2.445844993283475155e+00,-1.423043048025783408e+00,-4.433353206854686590e-01,2.234812556716261778e+00,-3.363443124665118855e+00
-3.043302897235588667e+00,8.545336420670107680e-01,-1.965649965999130888e+00,-1.118063347952151787e+00,1.753153445245586362e+00,-2.826501527194718477e+00
-3.109298758439166477e+00,4.880780575086216544e-01,-1.758535792885741689e+00,-1.701697233217856375e+00,1.567706685766388164e+00,-1.675097919341951513e+00
-7.049644528664735788e-01,4.912808683969337453e-01,7.054868700169327767e-01,2.146576576266960856e-01,9.137876396107281751e-01,-2.975848260461669614e+00
-1.927834228551719153e+00,4.686733006624415609e-01,-2.260257248594105040e+00,1.462230396715575864e-01,8.705486815075208495e-01,-1.256666523672945512e+00
7.859807300925396589e-01,2.740619801418424650e+00,7.354204863207791654e-02,3.266759445225233094e+00,-1.368129488944748173e+00,1.996127088177857445e+00
-3.670760612078325380e-01,2.551440975913839448e+00,-6.639171126223462061e-01,2.278692256716454700e+00,-1.003862121992445067e+00,2.496084720975833449e+00
2.103553597955008847e+00,-3.007877756012174775e+00,-7.439552432387695369e+00,-2.197310471496344064e+00,2.015086339560617557e+00,2.712047566877619609e+00
2.082667798858319763e-01,-5.777039470381140074e-01,-7.125217813349535412e+00,-1.707184149876763257e+00,2.316441018859998646e+00,1.448788303085409623e+00
2.472210533385182707e+00,-2.650504783052003877e+00,-6.160436909291782115e+00,-5.645633842610662256e-01,1.443455948393338906e+00,3.484599398648700053e-01
1.721294464450359385e+00,-2.810992824072926055e+00,-2.665117655851719114e+00,-3.358087740948257238e+00,1.798657686804782330e+00,-2.627142352011215820e+00
-1.560283856016166926e+00,4.062249240253733573e-01,-7.083088236010661731e+00,-3.166816977260648702e+00,2.450736167501326612e+00,6.348734965548130660e-01
-2.485102953528736336e+00,4.399781197928448462e-01,-7.046406156239011231e+00,-2.243782245975192602e+00,1.633348718422409140e+00,1.114500287342180762e+00
-2.799844101362488846e+00,3.791238231479824972e+00,4.786972959718907461e+00,2.703296487880908927e+00,-1.169789669363188622e+00,-7.228144261273685700e-01
-2.207784326688429388e+00,6.015767573354026121e-01,1.232784302606215299e+00,3.709490576947023222e-01,1.561921626732837076e+00,-3.249277159013305827e+00
2.427087795863721809e+00,-2.747384257686575904e+00,-3.208284996593181226e+00,-4.711698735066391919e-01,2.289982833189349254e+00,-1.552313866115896612e+00
-9.669904799464967837e-01,-5.919331823105344892e-02,-5.428762249159166942e+00,-1.200011148330861754e+00,1.561002629311897039e+00,-3.549660479040124272e-01
3.371334870963060837e-01,2.464774004758000903e+00,3.815003277523551173e+00,2.854053379131633150e+00,-1.239823949580594276e+00,-8.490836109333281811e-01
-4.778581958811107810e-01,3.113514557069914979e+00,5.377870441487655029e+00,2.910767672600036882e+00,-1.253434232555442174e+00,-2.535880484631604315e+00
3.286137566068392246e+00,-3.447656564599730800e+00,-2.530704430638498259e+00,-1.422837456951163926e+00,1.596846839589224576e+00,-1.150818247437810360e+00
8.758750410873306080e-02,3.793234346672538670e+00,5.322439338619067151e+00,2.534424256193854141e+00,-1.046080234710173418e+00,-2.733024464260569886e+00
1.851439143681115951e+00,-1.262045090723980190e+00,-9.602076478216864386e-01,1.243677148832822432e+00,-9.220074214984275152e-02,2.320341804966608024e-01
4.520446888638338656e-01,-1.090290215833556342e+00,-3.818911477095534579e+00,-2.853202078821188259e+00,2.829172263467819803e+00,-1.034780253485411361e+00
-9.649860314230629399e-02,-7.218742333934120570e-01,-3.273767917325400845e+00,-2.640838239430725487e+00,1.733768437824543485e+00,-1.852412385980310994e+00
1.802231616455190810e+00,-2.010564441586771167e+00,-5.000343730602745396e+00,3.447815730610352958e-01,9.317081110947422751e-01,1.889177755684912086e+00
3.411714905665095721e+00,-3.314683437746222872e+00,-6.889661894572816969e+00,-7.624028843629027108e-01,1.252278250289660111e+00,2.888320575512000055e+00
5.525556427455073916e-01,2.003057594620490933e-01,-2.462764215997433226e+00,-5.891544352430040377e-01,1.520818372194632451e+00,-1.167471229414005052e+00
2.410823771370253610e+00,5.400438678031770356e-01,1.695843620526199302e+00,2.474017432051274668e+00,-1.062421183706515393e+00,1.886718119363153257e+00
-1.850934033957678082e+00,1.163051602392040085e+00,3.387042339324219498e+00,8.721602861819022223e-01,4.417002951050024717e-01,-2.417589403682253391e+00
-1.712541665682611347e+00,-2.401013734670326416e-01,-6.514714214575120010e+00,-3.447914536803415864e+00,2.362844256965305867e+00,-1.402066621960895709e-01
1.858358724747541046e+00,-2.892004946971018509e+00,-2.960569236013984362e+00,-2.685530006031102701e+00,2.046148562693756112e+00,-3.177597632437209718e+00
-8.984582078491749613e-01,5.335000089112098998e+00,6.557555556130524543e+00,3.216426014350688867e+00,-1.364276287546644317e+00,-1.188629463224429195e+00
-2.128783194595951667e+00,1.633912462639228957e+00,4.655003035562870650e+00,1.340363358713711150e+00,-2.456662176475227222e-01,-1.775188138122115289e+00
-2.824461172385357433e+00,4.357607603481594261e+00,2.051053191874590453e+00,2.702007920496111382e+00,-1.192048094740616460e+00,-6.737837769760490758e-02
1.565576857243634379e+00,9.098589552638975952e-01,5.591683610862665077e+00,2.568112877715117648e+00,-1.122033429070110389e+00,-2.557582221911296472e-01
3.299000667764351746e+00,-3.722329199004480671e+00,-7.625119927621014426e+00,-3.198944475100499396e+00,3.148339718300121159e+00,2.029275414837989011e+00
3.434054446310451425e+00,-3.788182104547442641e+00,-2.862852663474078962e+00,-3.474911193479462312e+00,2.344462459790034536e+00,-2.727749760758422237e+00
-3.165224090639530363e+00,2.770250255919810556e+00,3.322297254595224514e-01,1.851196083645905155e+00,-7.139944608352505329e-01,1.806741009528107789e-01
1.454339200337729565e+00,-1.288380896112901297e+00,6.200955804208498900e-01,9.109900653970033346e-01,3.766078906552249306e-01,-7.841130776385374368e-01
-1.442035916334637236e+00,9.201475693828786717e-02,-3.200626283158534591e+00,-1.371541438580706540e+00,1.759091234960714401e+00,-1.080318069448477747e+00
-2.222292150943516731e-02,4.478735501190734603e+00,4.010732352861461791e+00,2.865468206779263838e+00,-1.226084608747457727e+00,-4.633381912741878494e-01
4.367408247786537245e-01,-1.135832966201563599e+00,-7.198720021109330958e+00,-3.152907618620686581e+00,2.649742801644161538e+00,7.319957747504357570e-01
-3.403783702487638507e+00,3.900182588117311777e+00,5.381490770790281708e+00,3.498593396705018677e+00,-1.446574581979369611e+00,-1.079492542421862655e+00
1.073399319001755892e+00,-1.988236246520737716e+00,-2.551154820929898648e+00,-3.140853529738040884e+00,2.052812372512037520e+00,-3.100869359958507765e+00
-1.377592209540446255e+00,4.999549285681559319e-02,-2.670539721707634317e+00,-3.073735781175309434e+00,1.881805028935432444e+00,-2.524562403168304492e+00
2.373665285425525795e-01,2.104327895706933571e+00,2.894648916782701864e+00,1.532782283056508987e+00,-2.259349679052936599e-01,-1.195864038065499013e+00
2.718717752673436294e+00,-2.931390298748153711e+00,-7.053134099917301114e+00,-7.938982703986199319e-01,1.678250652781988261e+00,3.067855667683762277e+00
2.594952522872193690e+00,1.333584166573353880e-01,4.028781640289077259e+00,2.849954131062256479e+00,-1.223827199547260491e+00,-2.478714469951921462e+00
-2.563298278114357842e+00,7.257789227600419668e-01,-5.701189091205081105e+00,-4.233820887272967681e-01,1.439519846115541402e+00,2.277457569711462959e-01
1.183935861201976358e+00,-1.611300279277771530e+00,-5.277452258721466727e+00,-6.728855236445085986e-01,1.727828598052983722e+00,-4.625005747235517717e-01
1.042050392017100258e+00,2.466663646127343235e+00,6.105635619066259734e-01,3.265877074154272641e+00,-1.378551004562725835e+00,1.379931140080434382e+00
-1.340447778435218673e-01,-3.861285797593481117e-01,-2.312455461648784905e+00,-1.716526022628434012e+00,1.760619664838200649e+00,-1.967371826165328130e+00
-1.315826722611812549e+00,2.965966719516462735e+00,1.751776066777122942e+00,1.278850373665715523e+00,-2.569193104447656806e-01,-1.416184007162076153e+00
3.330874687322142869e+00,-1.930225207291871081e+00,2.022574066310154350e+00,9.574833767172457044e-01,6.018337617128191042e-01,-2.863227414022269102e+00
-8.349468210909525290e-01,9.988046150074623153e-01,-2.634784442245063474e+00,-1.652418386067641354e+00,1.832954915005299057e+00,-3.057866067945827382e+00
-3.425182491143087926e+00,4.245581521364469424e+00,5.096203791044878528e+00,2.238157413368807802e+00,-8.223162820541580764e-01,-2.103815588728096486e+00
2.348678389798035226e+00,-3.227726192854873943e+00,-7.463342925671228478e+00,-2.416991547435344501e+00,2.018852223148006608e+00,2.458671558048646233e+00
1.742816552060896917e+00,-2.135987196858403880e+00,-5.898270186407589932e+00,-1.451174487213036102e-01,1.782372434306192410e+00,2.995780461194703648e-01
3.386430140931924626e+00,-4.347817145544148332e-01,3.821566700127626781e+00,1.867816768786139114e+00,-7.426902457630822907e-01,-4.295052273336201765e-01
-9.466358937306935672e-01,-2.832181585049996508e-01,-5.191064619279570636e+00,-1.595401032805248365e+00,1.749587644772528483e+00,-4.488633070704342032e-01
1.701041620262980558e+00,-1.165395984780356997e+00,8.530934703556670717e-01,9.601201169692910042e-01,4.559912736584846304e-01,-1.130132215000016593e+00
-1.071642376818501496e+00,-5.737970110484824637e-03,-7.125107659738658228e+00,-3.042904823901502631e+00,1.803230236808069264e+00,8.850254699345567744e-01
2.613693139460600001e+00,1.187127774544286529e+00,4.480272539578147750e+00,3.155021781877842990e+00,-1.317915411823953775e+00,-2.753007798536168949e+00
-2.594994313627889682e-01,2.894573067042007342e+00,9.093184326948399843e+00,2.800270363700184006e+00,-1.168782328222560007e+00,-1.857129633514383205e+00
-7.902005141549537370e-01,4.311949228184058569e+00,4.044315928628806622e-01,3.093243169640518708e+00,-1.320994611161699250e+00,2.990850396620891694e+00
-2.381412259690420807e+00,3.982812746023187245e+00,4.236136373706297920e-01,3.219044603047469977e+00,-1.356245111936357661e+00,2.182333762512849162e+00
-1.565719405508954498e+00,4.627454781778517212e-01,-2.849263137921055122e+00,-1.837537986088133568e+00,1.786314752695312924e+00,-2.857092901909771054e+00
-2.978185605050382989e-01,2.887911724559489635e+00,7.425627613575582764e-01,2.851510757647978345e+00,-1.192650427213081787e+00,5.152345424537312368e-01
-2.213714854955503242e+00,1.571225731679934512e+00,3.780773613317129467e+00,1.248703498784324850e+00,-1.731262058155523531e-01,-2.848837415477790458e+00
3.430240902507311063e+00,-1.769031698689276899e+00,6.773440254560149754e+00,1.317085319983005931e+00,-2.451961039604772241e-01,-2.051521971613818440e+00
-3.132921918655443339e+00,3.025107550078575791e+00,1.375877889348096073e+00,1.613765160610238780e+00,-4.755726087731621532e-01,1.858419780300021529e+00
-5.732576196724110673e-01,4.588213059069390809e+00,4.447537728565664317e+00,2.646890023196356800e+00,-1.159016126670395108e+00,-3.338651557467327446e+00
3.125160660764433551e+00,-2.200677751221739253e+00,2.814375843295819024e+00,9.011801976962603433e-01,8.063388820716297367e-01,-2.958320399680683721e+00
6.093226909396385338e-01,-1.138652687080974335e-01,-2.371144025873016759e+00,-2.133710627532977355e+00,2.222197094282875263e+00,-1.895334079781412662e+00
-2.664181037065290969e+00,2.412212190376575194e+00,-7.728524294256213789e-01,1.515729098555532950e+00,-3.866415962128432193e-01,7.039118166080839956e-01
-2.363943172857921216e+00,4.557804767098293297e+00,-8.479225431818917524e-01,1.727564798193128581e+00,-6.545814712456062834e-01,1.700345803572948178e+00
1.642307158748547380e+00,-2.338366843513854043e+00,-7.326979028490574919e+00,-2.055549518917926477e+00,2.760618126842464548e+00,1.525819490079527441e+00
-1.703147957108406274e-01,5.143249472130321465e+00,8.307092860169504878e-01,3.381534459153995087e+00,-1.410560102042876851e+00,3.164797791022576412e+00
2.588365376899315784e+00,-3.194737524747532920e+00,-6.833063455480627546e+00,-1.459093967853465124e+00,1.918285156613314335e+00,1.039906074560196458e+00
-4.262995890839049729e-01,-3.621611704216783911e-01,-6.110266792631655619e+00,-1.367578037278467384e+00,1.516824757674116730e+00,3.183703165303590765e-01
-2.713739543373653529e+00,4.479605301319567801e+00,5.331351113067583469e+00,2.866463102724470247e+00,-1.246538106876290630e+00,-1.403384089638676890e+00
-8.470463384225390691e-01,-3.617603204588762389e-01,-7.002463469170865373e+00,-2.132645997884375699e+00,2.434468798784614307e+00,7.356434258601360909e-01
2.810866794512030253e+00,2.748724664502379955e-01,6.014474541712223399e+00,2.641692316445475974e+00,-1.145744703349001137e+00,-1.647290990678579092e+00
2.877382434027575542e-01,-4.521445222358566607e-01,-5.946622732048977511e+00,-9.006507577375844065e-02,1.523873324238501858e+00,4.528889404594953483e-01
-2.648251191325535991e+00,1.452681458306126938e+00,-2.384998467824193558e+00,-8.776992542159156585e-02,1.063073929677832208e+00,-1.454299877886669368e+00
1.712537992942271714e+00,-2.532003614884072995e+00,-2.873227664236989387e+00,-9.072895054120047043e-01,2.050411893474506364e+00,-2.035776448191928267e+00
-2.968383845460144776e+00,1.073931548012318826e+00,-7.180966341620025339e+00,-8.520992496847239472e-01,2.594423506158276993e+00,2.952187352511165486e+00
-2.472886413611150580e+00,6.139756286468681878e+00,4.857807886460648206e+00,3.075409307557544381e+00,-1.271775127992351484e+00,-1.222620214607179179e+00
3.470565785374675194e-01,-8.998233147851868452e-01,-6.645294091104680057e+00,-3.084759131575329327e+00,1.900454366294341391e+00,5.419858342962724507e-01
-1.584978810698586926e+00,3.923111465160447620e-01,-7.040821631470263853e+00,-9.880343484617899463e-01,1.622008715646960475e+00,2.113500692542402248e+00
9.917739982510402896e-01,-1.381753465975979145e+00,-2.532887920085319600e+00,-2.154170136384714773e+00,2.555935431077896336e+00,-1.609408663203907963e+00
3.380060195737197404e+00,-3.685693172968149245e+00,-4.981214559734167935e+00,-2.814306048186757003e+00,3.376152262841110474e+00,-6.757047531119741990e-01
-2.825953854585148584e+00,1.530200444823987649e+00,-6.008095629959105288e+00,-1.189824311713478355e+00,1.545743319498667834e+00,-5.451442417793295192e-02
2.921761507194089447e-01,-3.228920373422671242e-01,-7.232510274168608255e+00,-1.521005166631628214e+00,1.571592011687541035e+00,2.769071786769590204e+00
-2.454795327610607369e+00,3.884150700061696160e+00,9.092769029451529539e-01,3.121208431851975718e+00,-1.336812734861104301e+00,1.029686627195013138e+00
1.446455099643406683e+00,-1.723549937185270942e+00,-5.752122843890925097e+00,2.406317214684823291e-01,1.062311469531142194e+00,1.539809451749346358e+00
1.629779473152441760e+00,-1.549928852312206562e+00,2.235201241199042954e-01,5.966341282537133139e-01,9.283345318969906668e-01,-3.023653084469753338e+00
-1.837158181921032085e+00,-9.584459557495123017e-02,-6.853187802809973306e+00,-3.215776904614796372e+00,1.876175988162581243e+00,4.255587647838363630e-01
-7.351328244362571596e-01,-4.236820357603657272e-01,-7.426220158478074040e+00,-2.833730627573918692e+00,1.927311296840210630e+00,2.274237646958432002e+00
-1.655659479025308967e+00,4.307496460267262073e+00,5.595699684867840418e+00,2.639456079207051609e+00,-1.138657894618196220e+00,-3.194191376562248941e+00
-2.112349108262076669e+00,7.552382756345089876e-02,-7.192039402007103455e+00,-1.044237446818879533e+00,1.449780444346227437e+00,3.444353969663464632e+00
-7.823050592038733875e-01,2.322965868059747141e+00,8.769450971674864759e-01,1.796364210408781581e+00,-6.529305992849739892e-01,-6.511208030740780472e-01
3.057016184846310658e-01,2.928669670420284810e+00,3.090365434203246053e-02,1.883884260383172915e+00,-5.722061624792247336e-01,1.447064610798553197e+00
2.752337296449653081e+00,-2.763179971998925399e+00,-1.992739718278815575e+00,-2.398278774003257396e-01,1.245136584766737275e+00,-2.805551367408733121e+00
1.136207746303372623e-01,-7.162794578300750725e-01,-2.552940507564549044e+00,-2.149077327282204131e+00,1.973079833320675158e+00,-2.956224830676700055e+00
-1.060999118678534359e+00,1.073059206355171824e+00,-2.146731582554176399e+00,3.010137333331894816e-01,2.264700125573750000e+00,-7.802534364619497786e-01
-3.350279471848814694e+00,5.903186108677159760e-01,-2.560058179135629608e+00,-4.520322102379070728e-01,2.127734322280300461e+00,-8.217942150532033807e-01
2.621469144276957763e+00,2.387153566022948148e-01,2.170272684543883557e-02,2.205448070462719734e+00,-7.583254239915075967e-01,2.752509380816825058e+00
1.249396962878068784e+00,-1.509738691479202810e+00,-3.131851005031483393e+00,9.651987977592391132e-02,1.004960616488918879e+00,-8.724811909387693021e-01
3.332951898246845346e-01,1.546218031280434779e+00,-3.576463623176011630e-01,1.502671614765266561e+00,-3.545077610318972949e-01,2.613846842258718439e+00
-2.134370401351451285e+00,1.978221884109312712e-01,-6.423250822528067339e+00,-1.107591063955925659e+00,1.817850220722242449e+00,2.207069923674049861e-01
-2.877403572677980748e+00,5.851443548359458902e+00,4.782152032200456482e+00,3.200536752734683077e+00,-1.350132338804569843e+00,-2.375226569301176482e+00
-2.903721780079343784e+00,5.788379950371254079e-01,-7.244274595536391637e+00,-1.331428998105161909e+00,2.936765791446001472e+00,1.912600388667587303e+00
-1.853686317656606075e+00,1.789421690719752212e+00,-3.238586320653185080e+00,7.406677875997331739e-01,8.311797769102298172e-01,1.474792431972276496e+00
1.120020523385867328e+00,1.690952544807725832e+00,4.373848404695253933e+00,1.941745804225064376e+00,-6.460980910877766048e-01,-3.472290616752342629e+00
-8.045800765203008353e-01,2.645335525254832287e+00,2.642487531902298237e+00,2.045234326168044348e+00,-8.053400659612154344e-01,-1.237787381090864613e-01
-3.868075176825938044e-01,4.043502475286808728e-02,-7.613958357298352020e+00,-2.969109189189278020e+00,2.207064106938423365e+00,3.072597391181322912e+00
2.648421682617563278e+00,-3.375026446169083094e+00,-7.491993613339434255e+00,-2.349670182997212642e+00,1.928110443490579362e+00,3.069482797792045581e+00
-1.660421194985726157e+00,1.674612215505398405e+00,-3.280749443410651889e+00,-1.350453280440568005e+00,1.673906184754181847e+00,-1.558633179060944229e+00
-1.785853970257442747e-01,2.504379554957856246e+00,-9.644658371935077579e-01,2.026519493919716197e+00,-8.313494849821277954e-01,3.194191659272523687e+00
-1.981977886795338817e+00,8.756275214547822872e-01,-4.143517686774461417e+00,6.456527048723064155e-01,4.880474624600316669e-01,2.300395409475354924e+00
3.244543200255073145e+00,-3.377323102817217926e-01,9.031518403082932078e-01,2.204721692923317100e+00,-9.723514022845882732e-01,2.045295743013705980e+00
-1.063213452564805817e+00,7.163299386682686620e-01,-4.464914994532931836e+00,-2.045127471868549929e+00,2.229742131748542189e+00,-6.928162405893987241e-01
-7.474453857557152858e-01,2.854975811867470181e+00,1.727334785103467496e+00,1.706175053137179987e+00,-3.994734559377066119e-01,-5.683652320206853403e-01
1.350642891673383694e+00,-4.301326874158646341e-01,-1.420116665401613743e+00,1.292252853882232877e+00,-1.547149659770456209e-01,3.196364881513404477e+00
-2.706850091302435590e+00,6.117185739388181887e+00,4.852726251722687678e+00,2.769484294926562562e+00,-1.209599657145794760e+00,-1.017257980287102459e+00
-3.439259372587774699e+00,4.950077626224232752e+00,2.980451059891652266e-01,2.622209518017237784e+00,-1.160483981382505414e+00,2.532844245873873135e-01
-1.738749263606443440e+00,7.780781681785697845e-01,-2.865029461607928152e+00,-5.463823648944519107e-01,1.643802788117864289e+00,-1.611011080587616329e+00
2.680029564866978298e+00,-2.531688493063901646e+00,-1.383882045757900414e-04,3.386790861153627930e-01,1.002499663960537246e+00,-2.381558414443721183e+00
1.468982858670361935e+00,-1.261081498799978107e+00,-2.146563535197548056e+00,8.768959903026143365e-01,2.304998020493108091e-01,2.951626355659100476e+00
-3.469983946435885702e+00,1.820397981165802870e+00,-2.124218372999273630e+00,-1.505715194431723969e+00,1.684532296195384582e+00,-2.674813119635091496e+00
-2.113137333321743583e+00,3.271513112811256008e+00,4.004083408378099840e+00,2.826691419878003764e+00,-1.241930001827982410e+00,-2.887390699757954593e-01
3.456637649577680271e+00,-3.373453939032517113e+00,-6.575545148580261845e+00,-1.097136181455058868e+00,2.014681386698704557e+00,3.591872402467188863e-01
-1.953195495571025120e+00,5.107077410954365959e-01,-6.585576240657035285e+00,-4.661562547988418181e-01,1.183025452272267630e+00,2.272390788240060466e+00
-3.278662781729815290e+00,7.840116390001006241e-01,-6.809049715256108470e+00,-6.563447349439059941e-01,1.944926566680880820e+00,1.285773250230970000e+00
2.742301424108857688e+00,-3.177702260904132547e+00,-2.051703393177818135e+00,-1.442427349911578727e+00,2.595526378026560721e+00,-2.385863300514727392e+00
-2.421980619630396792e+00,1.721055083564931421e+00,-9.611383906200727800e-01,1.303822152146512536e+00,-2.170519565645784854e-01,1.141159825041277998e-01
-2.240872768262821335e+00,1.883951834758256449e+00,-4.924770227501738873e+00,6.143971411870632338e-01,6.545267866196874396e-01,3.351309663794374671e+00
1.578854384348186812e+00,-1.832255722083695026e+00,-5.647861819592550958e+00,-1.512709550795185098e+00,2.160352826238082891e+00,-2.752642775962126365e-01
3.074285476561525066e+00,-2.487916079050389584e+00,-2.075419010712688195e+00,6.563785950161209470e-01,4.772233156052345104e-01,-4.844710014592306102e-01
3.145670328309604358e-01,3.573282108210027452e+00,1.564793385923676450e+00,2.332681900271875719e+00,-1.018037862283467154e+00,1.411564867316959848e+00
2.337323005836861256e+00,-3.142534695781044274e+00,-4.282129458971553504e+00,-2.115824421760368779e+00,1.726755215547583822e+00,-8.736992504770730861e-01
-3.494591817577468174e+00,1.606052423290077913e+00,-6.840052487859779262e+00,-1.586441181481264007e+00,2.155135682504016437e+00,5.131654279349975312e-01
-2.907786857166756000e+00,3.026107378855048768e+00,2.912146255657083849e+00,1.339238178460560924e+00,-2.162722693425028764e-01,-1.446150176919206221e+00
1.904806245674542708e+00,-2.740661112589880322e+00,-3.797745017581480198e+00,-2.139760977135738873e+00,1.646445528792516377e+00,-1.016498131810674277e+00
2.710088382776142168e+00,-3.200911811867966250e+00,-7.260550081989734394e+00,-1.460065887441407195e+00,2.014095142618476775e+00,2.587908515438013701e+00
-3.027038678777087100e+00,2.214373144577507446e+00,3.219337110911810740e+00,1.411976112322758325e+00,-2.885423530780253376e-01,-1.345966280049470498e+00
-2.465052791019489931e+00,4.481537358412773564e+00,1.799429337772799675e+00,2.298798723584592807e+00,-9.856377684954190643e-01,3.295331941069514770e-01
-1.183650860041869812e+00,-1.525486281254609389e-01,-2.275083585811412235e+00,-3.405797083126727021e+00,1.980321370877753395e+00,-2.033547653741371697e+00
1.902575680941212433e+00,-2.295912455841425448e+00,-6.961999871026963049e+00,-7.831758168774278772e-01,1.856918123915306307e+00,2.739943176678361070e+00
1.814347883441008058e+00,-1.000950095952345409e+00,4.370438397384865503e+00,1.193307461617129306e+00,-1.688764634048978142e-02,-3.346323797129111099e+00
7.993714191916518885e-01,-8.358342241609194589e-01,-3.461853102323968479e+00,-5.023883820098138386e-01,1.543896413724843208e+00,-7.247377033696715820e-01
3.148856025032702455e+00,3.240535139983103941e-01,7.658841674967170610e-01,2.692019603025291197e+00,-1.116405730342050262e+00,7.787776727893307438e-01
2.508676778612573877e+00,-8.162173580407816598e-02,5.602098959153516411e-01,1.716465367650879870e+00,-4.897318222098251406e-01,6.491612830559088110e-01
-1.036661336295927160e+00,2.133376754221026239e+00,-8.558217456712514659e-01,1.754853560539362256e+00,-6.031148575205358409e-01,2.440007781903846151e+00
2.570531693793855155e+00,-3.375377630689948560e+00,-7.389811279417566325e+00,-3.468432923937408319e+00,2.401502292522327053e+00,1.193026606978177639e+00
-8.230452510708881064e-01,3.035164188287336362e+00,4.322787392602180923e+00,2.279998533788001325e+00,-9.311269797151049410e-01,-2.018183655062428361e+00
4.737231298939517110e-01,-6.571349510351588430e-01,-2.682176192479652777e+00,-2.581495640670004921e+00,1.817181981828568826e+00,-1.959754196062050369e+00
-2.346905444772980687e+00,9.401175290515377814e-01,-1.014500823484595138e+00,-2.318788024265416414e+00,1.800584702145169524e+00,-3.155342726381666463e+00
-2.186768179224365838e+00,1.443886021074743509e+00,-3.857670460354733599e+00,-4.551314993878095017e-01,1.374566471665429335e+00,-6.871322234287156050e-01
6.275769337738186238e-01,-1.313616287758219814e+00,-5.849320880527046462e+00,-3.032762507454470402e+00,2.405933591732175358e+00,-5.065099328278215296e-01
-2.217238874155620820e+00,3.197109982421337371e+00,-1.497167893686319307e+00,9.693556083718295469e-01,4.848577134513178954e-01,2.182922030838581939e+00
1.563430503423548501e-01,-1.734287820214246156e-01,-1.442037849381454517e-01,3.713766122946777770e-01,9.346361344635829571e-01,-2.310713024472277333e+00
-7.790801209247435466e-01,-1.518889445577408792e-01,-7.087794207430550664e+00,-7.790646071862146194e-01,1.881964390883313909e+00,3.313434894058569391e+00
-8.894874934639056541e-01,3.998749508048286216e+00,-6.572362159828332162e-02,2.793367790710632903e+00,-1.164747893487745989e+00,2.804367780977162106e+00
1.582312680249557069e+00,-2.494714659758379582e+00,-2.098709721456091692e+00,-1.942625340052976934e+00,2.712978033482067453e+00,-2.906816487971737306e+00
4.211771141889899539e-01,-4.898032698239589977e-01,-7.096893859375782654e+00,-1.348925739015067737e+00,1.891766123562462099e+00,1.605026079359767266e+00
-2.209099349564821679e+00,4.509301066492851007e+00,3.621865433964072123e-01,2.531113516103161487e+00,-1.013451833168600213e+00,3.039456858376357040e-01
2.714828157361890426e+00,-3.384724784183689827e+00,-3.689792448483434129e+00,-2.113379592195779200e+00,2.323227927499558199e+00,-1.132222100914145990e+00
7.442527955470925605e-01,-3.063695925313891788e-01,-5.434175587381631090e+00,3.379801907445774134e-01,7.208971932546401895e-01,1.033336873174544479e+00
3.206325284059770020e+00,-3.013018220517448498e+00,-6.859300945530866223e+00,-4.216999393936777807e-01,1.932519312328681238e+00,2.981412619498087224e+00
-1.319769360832767635e+00,1.164959465389747706e-01,-7.190753921886449795e+00,-2.461817832298387465e+00,3.221117347867851866e+00,7.421365058216400357e-01
3.345428700879267581e+00,-3.376334905001945330e+00,-6.649576962740437303e+00,-1.180127367409510519e+00,1.649194592679330551e+00,8.302192187307522175e-01
-2.871839521542476348e-01,5.752305689212755535e-01,-6.044763345337096361e+00,-1.036040625994276709e-01,1.614566437375917651e+00,7.269754871118934147e-01
1.122543846252764155e+00,2.063526531164296962e+00,3.141173908329319087e+00,3.228546940333618664e+00,-1.363721432546227241e+00,2.736063589883877434e+00
-2.441572059181674526e+00,1.063866231323076783e-01,-6.849436204900142044e+00,-3.398579047488048399e+00,2.185348846410920309e+00,2.562704760294347572e-01
6.529220718397166223e-01,-7.374871197406467349e-01,-2.374056377420340702e+00,-8.075102389797050861e-01,1.277529615417834608e+00,-2.425252159139356323e+00
3.120997482139046930e+00,-3.565694433676382946e+00,-7.011019511205471844e+00,-2.407939032946700308e+00,2.369308339721090562e+00,5.013429309420400770e-01
-3.295831968613134766e+00,3.743109303945242328e+00,8.027818306217893163e-01,2.048723821589515381e+00,-8.323734086043605984e-01,-4.481627892105350952e-01
2.229387554116306625e-01,-4.745021859402399067e-01,-2.080938529377629020e+00,-1.400578501740407766e+00,2.141725278457638826e+00,-3.159753021087063463e+00
-1.095743921286056022e+00,2.560355727288776251e+00,-9.503415757546429532e-03,1.070757684899386497e+00,1.138477966454775336e-01,-3.215089508538437890e-01
-1.007180198624563872e+00,3.260718559463612554e+00,-1.089292052853110815e-01,2.169462985389010612e+00,-7.906965312211544639e-01,4.798065563709457138e-01
-3.040919351856028463e-01,6.497111631529037812e-01,-6.942227722674610746e+00,-1.053685087394974129e+00,2.316878510704458272e+00,1.633029568709660317e+00
-1.889699028802247494e+00,4.870808222148681921e+00,1.830855189846818609e+00,2.785649705912694785e+00,-1.201478319553119123e+00,1.491545667825139532e+00
6.556962996698434409e-01,-1.802527004716354131e-01,1.036547174503807067e+00,7.633401085086655158e-01,7.834160322795569176e-01,-6.708000058060608062e-01
2.397727154394581284e+00,-3.190440797438363507e+00,-2.523979028779245848e+00,-2.382229156706141993e+00,2.294906359021591680e+00,-1.579070861522326563e+00
-3.251242910471896952e+00,5.291965858837181180e+00,1.047212940821290461e+00,1.886175585643269592e+00,-6.969093542649522632e-01,-5.786758115483259246e-02
3.480298578287500888e+00,2.959422042527892760e-02,4.022872920213865777e-01,2.302631978260459178e+00,-9.682889415325071081e-01,3.136241431989956752e-01
2.451247838207424756e+00,-2.068864615351459157e+00,1.151706060992482072e+00,8.533131206044881623e-01,6.622375524661529012e-01,-2.626502882164678976e+00
-3.046841964844273498e+00,1.530639442389154503e-01,-2.417119466861852750e+00,-1.272583966611779527e+00,1.496985191683264826e+00,-2.960647114996858065e+00
-5.679485397398651436e-01,1.010437493939396525e+00,1.046553995756716926e+00,7.358093052008127799e-01,4.007793907362178776e-01,-2.194784330013876072e+00
1.323797813981154370e+00,-2.236441036101634694e+00,-7.549694769756557733e+00,-2.529223604413011639e+00,1.902472410232834976e+00,3.443647591907454952e+00
-1.183028838942085770e+00,-5.944025055691870563e-02,-7.197195211362770628e+00,-3.006794825544554683e+00,1.942523749167860636e+00,1.466807638242805467e+00
3.384991856233192209e+00,-3.330523237618562504e+00,-7.161801069464446279e+00,-1.205838690756372955e+00,2.100097364880621154e+00,2.126078087145440776e+00
-7.684247563305781625e-01,-8.515583749029642657e-02,-7.388024876208461933e+00,-1.903668432187298309e+00,1.776295437561579593e+00,3.099958515764858369e+00
-1.827294593541945122e+00,6.452182847759152517e-01,-9.895149769090552105e-01,-2.152354472211275738e+00,2.101830014713564232e+00,-2.392453867595666583e+00
-2.684124939020038347e+00,1.493813160952168317e+00,-8.304352963366801177e-01,-9.543110820306122122e-01,1.800606338938807172e+00,-2.021955804489349084e+00
9.915203867504542856e-01,-1.537664947447208608e+00,-7.049784802649847748e+00,-2.076561214832065794e+00,2.418579305245712074e+00,8.925281119597228141e-01
-9.818070064212198744e-01,1.164352730659475199e+00,-4.412959552592989887e+00,6.852821161416589035e-01,7.168754317074725879e-01,2.314018270635591179e+00
9.630153871334767857e-01,-9.442746118719957948e-01,-5.316742467332973732e+00,7.370478132388758041e-02,1.057486752832548005e+00,8.472286009051872568e-01
4.387753554770652542e-01,2.228875885297175952e+00,3.573152208472480496e+00,2.360994325334839772e+00,-9.968974873288769523e-01,-5.617256026324319862e-01
-3.487182261425600505e+00,1.416387305048861234e-01,-7.236217652367763264e+00,-1.479341333524347490e+00,1.597376568554409682e+00,2.780670411991222224e+00
-1.196779317141444032e+00,3.712712481311998935e+00,3.926729829202027400e+00,1.973391287024243823e+00,-6.706613569955028886e-01,-2.666410937246403989e+00
-6.806606797790388796e-01,-4.566195183091159571e-01,-6.915830180397523286e+00,-2.200319952711337290e+00,1.993303985184312399e+00,7.609077357825420052e-01
9.699757749361648251e-01,-9.436486522848870351e-01,-7.181424839883245426e+00,-2.306989826675073463e+00,1.672498141695686780e+00,1.354893930861843288e+00
2.449190796926111524e+00,-2.212128835655430947e+00,-5.103650854506718737e+00,4.829951723408263398e-01,1.190803679587327579e+00,2.117776804642213406e+00
-1.811202867123107740e+00,7.384690883072121181e+00,2.281083038510672623e+00,3.490356459634619490e+00,-1.444350703111708656e+00,1.398015491126817444e+00
1.784971058403052702e+00,-2.635598056255138655e+00,-2.345547215913655670e+00,-2.011762473290658271e+00,2.269394379307889231e+00,-2.124728947678655722e+00
7.480833762790650709e-01,-5.412697951636825655e-01,-5.413321856727308479e+00,4.538816691411931004e-01,6.927404873878421077e-01,2.434879917275804218e+00
3.048680862151114113e-01,3.452279466077794901e+00,2.914846143371637499e+00,2.957690094848537399e+00,-1.249644123554593866e+00,-4.692049010539469656e-01
