2.675745157688581788e+00,1.129298893647569635e+00,-6.971628222645180895e-01,4.038938736524675832e+00,3.345036646001182667e-01,1.997877471800833193e+00
2.800174204130099653e+00,1.473438799206966188e+00,-1.285258685067160789e+00,4.264130996007951424e+00,-3.402771787153755056e+00,7.005569101159161427e+00
-1.417670239107708507e+00,-2.709693873809178477e+00,2.456627857993260111e+00,2.246997379768760350e-01,1.914749005123290715e+00,-3.422358140704549356e+00
3.435887016163303720e+00,2.589804024192507548e+00,-1.794643645602042481e+00,3.447859212317047728e+00,-2.757113508957225179e-01,4.709943290067418964e+00
-7.257269312621870139e-01,-1.650052784383455595e-01,1.815558812742815720e+00,5.599032288892161979e+00,2.629987502923397891e+00,-6.819786716395653814e-02
-1.738580224084537607e+00,-2.938103833438065582e+00,2.894388652109516791e+00,4.619385213580075700e+00,-1.187518878908107034e+00,1.939972793889085667e-01
-9.716135850925694539e-01,-2.458606766540746946e+00,1.942317069696390064e+00,1.926062172206124690e-01,2.675854269330543822e+00,-3.311869877029466114e+00
-1.321625182961604361e+00,-1.231830224012577801e+00,2.333844277613427831e+00,4.940150987606624966e+00,-1.727248742923698677e+00,5.693481825135432217e+00
-1.373930371335047473e+00,-3.452698306250071347e+00,2.325336017097671792e+00,2.273743596561130301e-03,3.154172346809988703e+00,-4.023006288595032842e+00
2.457871239156750764e+00,1.518160509184136586e+00,-1.321713880212652681e+00,3.751095555232105028e+00,-1.694836891131993539e+00,4.548089706114504693e+00
-1.128631799118956947e+00,-3.044462949503976112e+00,2.148198940915550637e+00,4.480950267672500154e+00,-2.276174488757415126e+00,1.265590253232036666e+00
6.765019707615060884e-03,-5.330798339710485223e-01,1.577392148003176953e+00,4.380786727821238458e+00,1.506282764889897763e+00,-3.110887741214201085e-01
2.723824390380678473e+00,2.134157134111010379e+00,-1.654495154004332225e+00,3.253347502152116544e+00,-2.987674049875375104e-01,3.790220849062781561e+00
-1.272734147087561718e+00,-3.293527139155234984e+00,2.282566420212277514e+00,2.353267037942031514e+00,4.146691724840843030e-01,-2.040721093768000038e+00
-6.444344135534503248e-01,1.803781599651395062e-01,1.726373683694153449e+00,4.623593177443114932e+00,1.913306941579430820e+00,7.658063624092865673e-01
2.216714796948820343e+00,2.011352112500371270e+00,-1.575365256081945331e+00,3.113540708579076721e+00,-6.041724000749941759e-01,4.282213964756375724e+00
3.513182956141251978e+00,2.183131025031833872e+00,-1.614813197717338333e+00,3.700209319974968825e+00,-2.364294006668243853e+00,6.381390426410362693e+00
-1.902923769392291575e+00,-1.109798029732940172e+00,3.274577631413150058e+00,6.670168482898463758e+00,-3.204848501321764243e+00,3.920524333755231794e+00
-1.721872221670695646e+00,-7.022866018491460416e-01,2.827784484253741848e+00,4.822447298753831824e+00,-2.138940911770806697e+00,3.790254874243953687e+00
2.728045976968179964e+00,2.536321918180091117e+00,-1.757826414241978608e+00,2.759274243992430709e+00,-7.508236361735876052e-01,4.717609233439730154e+00
-1.287122263151462054e+00,-3.485050585313622218e+00,2.367873366167486449e+00,6.953580228005638852e-02,1.925543805395520280e+00,-3.769925989683253320e+00
-1.852067965111073855e+00,-2.317261315116284415e+00,3.185376807720738501e+00,6.603265074831854875e+00,-2.086169158292605630e-01,1.976079225939744166e-01
-1.300483911461535191e+00,-8.145991961950866944e-01,2.321008150737382536e+00,5.042073150837097728e+00,-2.509890048318457190e+00,5.209284809353845525e+00
2.322307778119485189e+00,6.996585270490669473e-01,-2.026494004620507106e-01,4.066052249143621289e+00,1.473831205936273925e+00,3.854586361267007405e-02
-1.688712546856390606e+00,-2.586717297995928977e+00,2.746443845827513552e+00,5.107980433072264681e+00,-7.557294310362268064e-01,3.609970025174262243e-01
-1.812047055154761610e+00,-3.257307577805410581e+00,3.108749921265637539e+00,1.017601808338473024e-01,3.019258261590856307e+00,-3.926957367239410690e+00
2.626050518694362790e+00,1.413351672382823665e+00,-1.295880844867969728e+00,3.967739005930345897e+00,-3.216985530570256824e+00,5.446948898997247213e+00
8.236050601643701841e-02,2.218244770154731427e-01,1.611066693938233430e+00,4.358428786557186463e+00,2.254507245313686958e+00,3.764773492506691133e-01
3.032553553869483665e+00,1.739063061972798252e+00,-1.330740457318335235e+00,4.952793597229833367e+00,1.255688280692076830e+00,8.654425862082195664e-01
-1.869258741143330127e+00,-2.435545737623431073e+00,3.123262374143829234e+00,9.206729959338734171e-01,1.342952683440139516e+00,-2.542322027729023493e+00
-1.411501947510055643e+00,-3.023002303154125769e+00,2.515120194692163302e+00,7.040897705343530932e-02,3.092768048638354195e+00,-3.832060004689947341e+00
-9.642817897615342249e-01,-8.304783263203141530e-02,2.195329557135276666e+00,5.620829047363490538e+00,-2.222960074635607075e+00,4.590546100364740312e+00
1.327608708669200777e+00,2.410913728904171549e-01,9.000158583140194235e-01,5.150809140965309396e+00,-1.775588936578285093e+00,4.596969152301560335e+00
3.881788179715107034e+00,5.449582334032276876e-01,3.423731117088648634e-01,4.993896739724510425e+00,3.376957875537686782e+00,6.011140381783854902e-01
2.257565526827466584e+00,1.148215533121195620e+00,-9.291397364779812040e-01,4.001553748865186222e+00,-2.306853572756910609e-01,3.514057125029049988e+00
-5.741877981668723763e-01,-4.029123897685709110e-01,1.930931383208861707e+00,5.237193277605125097e+00,-3.101362729307636457e+00,6.845678966331314896e+00
-1.720665929400629457e+00,-2.536051032115102188e+00,2.795959661114763239e+00,3.214155028105578071e-01,2.337172613451211411e+00,-3.191026250140116982e+00
-2.080188335398520216e+00,-2.074711379870586292e+00,3.930583522530127105e+00,5.793274521910499075e+00,-3.633684609698102363e-01,6.489778077160422987e-01
-1.886069358065299406e+00,-1.960500067926166601e+00,3.177198205076565252e+00,5.120541095407511456e+00,-1.752069848729560952e+00,2.105671110887211928e+00
2.284254112197902309e+00,1.977665928672482920e+00,-1.553632724080149519e+00,3.009214836052586328e+00,1.661348384404947254e+00,9.022063154761394976e-01
2.831098585021438296e+00,1.455023559840129543e+00,-1.253254666729518352e+00,3.907447461847646242e+00,-8.686526973310293442e-03,2.910436692649652102e+00
1.261817191877374622e-01,1.679489618015637120e-01,1.670056223798962236e+00,5.333412405158354019e+00,-1.902283946135732595e+00,4.411510409041544456e+00
2.331569855723995666e+00,3.353257601562393830e+00,-1.965758885147844026e+00,2.347968591741609323e+00,-1.023346882802311342e+00,4.287603128927312213e+00
-1.623699375807968526e+00,-1.631264821140584242e+00,2.595093793995453701e+00,5.280095115734951605e+00,-3.089691070009502383e+00,2.978995128187951202e+00
3.922469083297926762e+00,1.598556725411561352e+00,-1.384124210812295752e+00,3.267402357106808708e+00,5.205060038093840546e-01,1.115266158740713553e+00
-1.156471193191504598e+00,-8.956864448877999152e-01,2.216693260099623863e+00,5.782163051828423050e+00,2.188016915974125176e+00,-5.324191533491084982e-01
-5.802227583038196412e-01,-1.142767319492339340e-01,1.778616839657650495e+00,5.165872943373491566e+00,-2.578004905193562735e+00,3.916096520555332638e+00
2.561867335645125809e+00,1.930185609173783234e+00,-1.524903378812372035e+00,3.291476538469511937e+00,-3.086345908070120103e+00,5.829451207799539958e+00
5.182775085289707206e+00,3.141094655622470810e+00,-1.920112427824196555e+00,2.818026341722934092e+00,-1.536791864845596933e-01,4.649071613908236422e+00
2.207489561261046784e+00,1.166449059184538228e+00,-7.231046769820901332e-01,3.989367705162546685e+00,-9.175121292702481668e-02,3.432590609220731448e+00
2.464970428984742057e+00,1.640767776464268302e+00,-1.296166636627333446e+00,3.295938822486773390e+00,5.748792917294798244e-01,1.013328321743607097e+00
2.695613555207639678e+00,1.021123858338587098e+00,-5.140553848652659186e-01,4.585310759041986373e+00,-4.583553863519549409e-01,6.945152183554572645e+00
-1.770120812859969472e+00,-3.366999839474065670e+00,2.930262538428225483e+00,4.768014641824346533e+00,-2.743017982064045235e+00,1.312493294036772618e+00
3.340478139664536883e+00,2.891738753818248853e+00,-1.849000655190197184e+00,2.629198450598155823e+00,3.047390508970647005e+00,5.125619022208719455e-01
-1.088263492016620981e+00,-8.070783429779551099e-01,2.060939017904046988e+00,4.840455452425273641e+00,9.424314548424614912e-01,1.049358019505550077e+00
1.633640954670771528e+00,4.437421360206181831e-01,5.709505974635473713e-01,5.240329694003964534e+00,2.690419628772582783e+00,8.952162805441343796e-02
-1.145541001493124433e+00,-3.097583537664850617e+00,2.121559774975414037e+00,6.523836836860693822e+00,-1.039848090820232773e+00,7.881829665379814776e-01
2.383854669385941261e+00,9.067881310646761506e-01,-4.650119777740861493e-01,4.515175777512225430e+00,2.976861780919011657e+00,4.902519389887390888e-01
-1.670642944589727508e+00,-2.891891191363028746e+00,2.678394885769740608e+00,5.684347195715317547e+00,-5.248825201062978785e-01,-2.918345268724641395e-01
-1.951084710057335636e+00,-2.348228067545718112e+00,3.386721348215970373e+00,5.524509368633132134e+00,6.583531952180177171e-02,-8.217096518044977316e-01
-1.477599459324111075e+00,-2.097483759581429741e+00,2.693323192461087423e+00,4.332741537317113534e-01,2.668622455502793755e+00,-2.983327766168307527e+00
2.560828291095858522e-01,-3.895504078269649284e-01,1.467618032931908401e+00,5.375036960569503641e+00,3.714934706801376052e-02,1.659968022833304691e+00
2.511831179736796482e+00,3.034931324026724830e+00,-1.903394031167563005e+00,2.666210261081606081e+00,1.484225190214841561e+00,2.433741116451853426e+00
-1.581781539815193538e+00,-3.481308934889237428e+00,2.539171823151455953e+00,5.306812036145297284e+00,-2.490461910068887175e+00,1.224414345889792699e+00
-1.150762874722906615e+00,-1.912877047024567956e+00,2.143001866993726967e+00,5.611448025588550159e+00,-2.453876453283709846e+00,3.546577371475700069e+00
2.545831186669693214e+00,6.162514476867180235e-01,4.276887815642071988e-02,4.521975947790226158e+00,-8.425432005137292180e-01,5.422534620807219596e+00
2.750741639847969378e+00,9.383813030002672306e-01,-4.396619824428335543e-01,5.090420761400623384e+00,-1.893664736813990945e+00,4.822673703473922657e+00
-1.416840085915546776e+00,-2.680363005333929571e+00,2.440791048768510052e+00,5.636480616267240507e+00,-1.450439537187158567e+00,1.746287544562247440e+00
-1.449577414382151153e+00,-1.427038013438767905e+00,2.413656265217772212e+00,4.741220691415524158e+00,-1.438761706381904037e+00,2.791407606818325782e+00
3.980541065258028866e+00,1.240722983494916498e+00,-9.218732245170083717e-01,5.078248159344353141e+00,-3.057357104306110962e+00,6.250301169913491606e+00
-9.059413612789602999e-01,-1.134627116811325109e+00,1.851985338285809135e+00,4.762543446643974221e+00,-4.838994826995413057e-01,2.121850608426461893e+00
2.416582910448666244e+00,1.397608578189321271e+00,-1.153421439180095209e+00,3.706169485619372761e+00,2.224306866780461078e-01,2.467219263212635738e+00
-1.195785372042377670e+00,-3.124021404276558389e+00,2.180675285727484258e+00,4.718863820769128914e+00,-1.708502874600021926e-01,-2.240150574584485188e-01
-2.054350215878371966e+00,-2.939546113595900678e+00,3.773682457754004460e+00,3.446327301247646968e+00,2.620649467720137515e-01,-1.562353280196271843e+00
2.576523535366467055e+00,3.062484686894797470e+00,-1.913536528943245107e+00,2.450216129658936204e+00,2.547388654762320570e+00,2.401886733334588353e-01
2.930321505053340214e+00,3.202708806919011053e+00,-1.924344437343439296e+00,2.243683428855412831e+00,-2.413113095316192336e+00,5.242005396537644302e+00
1.185797815285034140e+00,3.108902376201201356e-01,1.289253213723306146e+00,5.277586993862402487e+00,4.727297546716608956e-01,9.817443899956788123e-01
4.905746036280421718e-01,-1.068608831309791896e-01,1.431629010026146398e+00,4.587324371622174546e+00,2.390201433602411996e+00,1.945110758344325008e-01
-1.376795582399598317e+00,-2.790992456014757206e+00,2.648029751158294864e+00,3.237881411661802211e+00,4.641485694913916049e-01,-1.797255944081476597e+00
-1.825459486692845301e+00,-1.814635031611137261e+00,2.996405243684542086e+00,2.069340259799074655e+00,2.312283258418727172e+00,-2.084226464159774306e+00
3.099500576928624795e+00,6.935913276272742678e-01,7.083026249944679442e-02,5.010233090666070588e+00,2.543230735991199865e+00,-2.823142358371927285e-01
2.842299464449288493e+00,2.010198751414535856e+00,-1.598965899933562529e+00,3.178081717733131306e+00,-2.977078491102366442e+00,6.207511135617468589e+00
4.450782659821627685e-01,9.783018850458358173e-02,1.589085400290032979e+00,6.186836340445891480e+00,-1.264451865861390800e+00,3.848278134067898648e+00
-1.592044609788711318e+00,-2.617214282878935983e+00,2.624982960168504409e+00,4.713754535237765886e+00,-3.037367159267312822e+00,1.940979552493034666e+00
2.540874308439598384e+00,2.008629398294600854e+00,-1.554523164549629799e+00,3.312647301534294542e+00,2.948265556329974224e+00,1.130413213245276882e+00
-1.149226217080435264e+00,-5.531992656239941297e-01,2.114505076883507417e+00,4.874917911386416058e+00,2.137291201383785477e+00,-5.838060198902905729e-02
2.365233771428206122e+00,3.029994102788493571e+00,-1.899538166633918612e+00,2.265359211473153334e+00,7.532894339208580092e-01,1.309446016344944397e+00
-1.241091601112624510e+00,-2.625272767601388502e+00,2.209520923655332592e+00,2.245714434085954447e-01,2.416702348631570629e+00,-3.367296841272606311e+00
2.767248615795340871e+00,2.305240621039104987e+00,-1.699777966865911205e+00,2.956762304789490869e+00,1.807506277977130260e+00,2.443533224220296729e-01
-6.710061948061381010e-01,-6.136692557797176484e-01,1.869487758531944266e+00,4.673766538354525046e+00,2.402380806645806111e+00,-2.936398346163104911e-02
3.105486074410716224e+00,1.158998839736048225e+00,-1.058909293056278900e+00,4.431523828127186704e+00,1.823420276306189081e+00,1.686062640269480606e-01
-1.248667498976968382e+00,-3.229221256155851094e+00,2.366701677173110419e+00,5.951590745094319956e+00,-2.431860988797717393e+00,1.238210035167611078e+00
2.839947934465728796e+00,2.045339331743889488e+00,-1.515420019081623826e+00,3.882265037957578713e+00,2.442083424038187900e+00,6.281720745441185527e-02
2.290530836379317758e+00,1.397622131236696319e+00,-1.240894835185358147e+00,3.955623132536310482e+00,-2.326817939378978295e+00,6.537441252454504692e+00
1.044855850828537491e+00,4.551568565441055370e-02,1.168198031034763718e+00,4.363174220043518403e+00,1.550819023274777386e+00,3.986598489674111900e-02
2.595770740326401871e+00,2.510265711318897530e+00,-1.773142786286329375e+00,3.296639466314382094e+00,-7.330909580324691532e-01,4.467858866110138827e+00
3.476002841474947758e+00,2.690923290527101663e+00,-1.832183932217640754e+00,2.502153530179701324e+00,-2.570925161539570070e-01,3.143257206922952296e+00
-1.014166022816125556e+00,-3.274539344311318878e+00,2.093520012666236330e+00,4.741108309148110322e+00,-1.510832430385419700e+00,1.185052228880448144e+00
3.123821262297616919e+00,2.447130437479895448e+00,-1.734892993344197887e+00,3.787493211064218102e+00,-6.123998830637793489e-01,4.727064268155842797e+00
2.644821304437960929e+00,2.366967412157196193e+00,-1.656431767393800270e+00,4.017278639744116475e+00,8.975437209485983558e-01,6.918643122188429251e-01
4.196526651366337957e-01,-5.779688000355243105e-02,1.387797762484161979e+00,4.343586817444052173e+00,1.650542401848999141e+00,-2.163218724203627152e-01
-1.802651527831569345e+00,-1.535372679070615032e+00,2.965265634238402725e+00,5.169726841250926519e+00,-1.243069639158760342e+00,2.992475318762036984e+00
1.036227483805758798e+00,-1.742465334874920835e-01,1.376182063129714139e+00,5.027443288247132713e+00,-2.765953274655504668e+00,5.503922564130969697e+00
-3.507781491826300058e-01,-6.633888742577793707e-01,1.616929346581884364e+00,4.645079232652991941e+00,1.421524212243706842e+00,9.771017180255814338e-02
-1.351314115865135612e+00,-3.357389085048093857e+00,2.228772838623623187e+00,5.442665581698330257e+00,-4.888430608320288862e-01,-1.775881131427325954e-02
1.818416552700785394e+00,6.175718615315721749e-01,-3.183037158453312643e-02,6.685908669861460041e+00,2.025297236143556390e+00,1.930378397918018907e-01
2.637697797754865014e+00,1.343236095922391904e+00,-1.153695828981353699e+00,4.059714265402778466e+00,2.066761405524236039e+00,-6.226114955357194003e-02
-1.512149206902384746e+00,-9.723987835756497944e-01,2.626418546817903987e+00,4.746137707153128105e+00,-1.487048548074819898e+00,4.356094677864629006e+00
2.929000705655476544e+00,1.009741432551511942e+00,-6.208021635044147502e-01,4.168619086789132844e+00,2.931499060433227832e+00,1.059571048666818616e-02
-1.888934121221466533e+00,-1.883084092720527902e+00,3.188199377124331768e+00,4.988203267706259325e+00,-2.050086293478833532e+00,2.324788900080002385e+00
-1.549645211819312918e+00,-1.032170142301418014e+00,2.531411243116195031e+00,5.115970526934581208e+00,1.331505289489716581e+00,4.435542105821359549e-01
2.372404837896435748e+00,1.431454134574621229e+00,-1.064966745737840004e+00,4.979014411667384010e+00,2.555890999064464708e+00,1.241344479372744836e+00
2.505814109915742716e+00,2.469753257322558682e+00,-1.775608717436567785e+00,3.094182139234788576e+00,-1.668844376935648022e+00,6.256931309836142319e+00
-1.162978119307401581e+00,-2.555583749971150453e+00,2.331352603673729984e+00,4.519204007784876076e+00,-1.196769813031955287e+00,1.095974627772741794e+00
-1.166656484335920174e+00,-1.534599270797198933e+00,2.062050754774420014e+00,4.515762174295447018e+00,1.184493483951507997e+00,-1.274923571309353187e+00
2.836186475663287965e+00,1.057268094858269336e+00,-8.600809071580106657e-01,4.084204904335700270e+00,1.201777873871674451e+00,5.546239878112650956e-01
2.799522498301326934e+00,2.134229301514186439e+00,-1.676456225294395974e+00,2.915173485487434935e+00,1.294508603563028437e+00,6.911115032162818972e-01
-1.529686251267609487e+00,-1.584125683150939157e+00,2.522701625212408594e+00,4.036537326789614077e+00,1.014317360618492536e+00,-1.011556159184129999e+00
2.341212697331393144e+00,1.478028171730579210e+00,-1.269866169492309460e+00,3.615632226513583625e+00,-1.383837213575458414e+00,6.759515007094057282e+00
3.172804000451688200e+00,3.350724402383040257e+00,-1.967065001309459937e+00,2.241830307448695159e+00,-1.008981039719373474e+00,5.998893616546180141e+00
2.735253685261338941e+00,3.404088591881270887e+00,-1.969680321504251763e+00,2.529502113541052921e+00,2.322865864949070769e+00,8.369355322486704551e-01
3.985865447309663523e+00,2.616280082168278120e+00,-1.778405572796383449e+00,2.932269061794819720e+00,-3.351069982137605319e+00,4.675385273793747132e+00
-9.552405084694490789e-01,-1.051361104742571495e+00,1.928537158299658660e+00,5.366584215479480946e+00,-2.081233248610898201e+00,3.562723161305656028e+00
3.017367660422604736e+00,9.740430722020940735e-01,-4.243188817729794948e-01,4.122518143007257052e+00,-1.294382555114548694e+00,4.079565696870361968e+00
3.049045082839744403e+00,2.952969420067747208e+00,-1.868310372360060923e+00,2.557566408121024093e+00,-2.113806598249066582e+00,6.149664705437205114e+00
2.384506456715828726e+00,1.630248883232894741e+00,-1.353310257133231165e+00,4.165270377887059894e+00,-3.050304939887337419e+00,4.906270452863152443e+00
-1.014286047139083102e+00,-1.280491284977478106e+00,2.108707009681898281e+00,4.846138252977578276e+00,-1.126413963341637015e-01,2.078448011276492480e+00
-1.886688700617917380e+00,-2.120172318033080039e+00,3.338475896417024025e+00,6.231219626584232341e-01,2.932789906132659219e+00,-3.074198089794935029e+00
2.354033833948931065e+00,5.245989506674870739e-01,5.017813214300043123e-01,6.458285365810962020e+00,-2.665562295912929702e+00,9.248085573812170779e+00
2.436907125035313371e+00,6.044339483951510772e-02,1.132240700487165963e+00,5.556313519226565134e+00,1.003793988363721468e-01,1.694039906198612666e+00
-2.034768451277744195e+00,-2.070575230566682023e+00,3.672789026729234685e+00,9.859139182587749461e-01,1.631852557386253899e+00,-2.610713325596554668e+00
1.952181852634866432e+00,7.125893160799252612e-01,-1.348755032548674404e-01,4.421228673684621135e+00,2.236771301534119516e-01,1.230234489722912716e+00
-1.768030144968785411e+00,-2.802546397448760995e+00,2.853751419863955974e+00,1.769834012330528394e-01,2.784226681391923641e+00,-3.642249560534471353e+00
2.596778350099480992e+00,3.387809399602581095e+00,-1.970890433418771570e+00,2.029727695226567707e+00,2.269632512020436366e+00,1.192362217515946954e+00
1.850314050463107041e+00,5.592510758417361671e-01,2.994454826959981331e-01,4.483004341348570954e+00,-9.915414369894470781e-02,4.749452465763254416e+00
-1.330106412636128388e+00,-3.063825441121752036e+00,2.256566953200132009e+00,5.238357788553491545e+00,-1.222032487168997150e+00,1.795396984066297330e+00
-1.705060272656855780e+00,-2.588803465206655829e+00,2.877474348572901519e+00,5.154590151673496656e+00,-1.679833285911073393e+00,1.818887638105787907e+00
1.199598679786710420e+00,3.729778567480614981e-01,1.331776716583017439e+00,5.395068320139672302e+00,-2.318572024198028991e-01,5.383226669857011260e+00
2.511173242760682545e+00,3.466776659187480902e+00,-1.984155939010431968e+00,1.927722671705336843e+00,1.271951517157323686e+00,1.082183047061220149e+00
-1.230684057611177940e+00,-3.316500368895196615e+00,2.258740113817109929e+00,-2.631209436019688042e-03,3.435490643067660166e+00,-4.014758291143731839e+00
2.545410307711585940e+00,6.496681157447055099e-01,4.916897079604673482e-02,5.381220618274588752e+00,-3.088767460114571151e+00,5.976449327908992082e+00
2.280883000063850474e+00,6.124544417165163068e-01,1.478470665496302849e-01,4.851750694456280044e+00,1.635173780377023434e+00,8.329600696907673019e-01
-1.835348911125336269e+00,-3.235071596524438320e+00,3.027614979160627939e+00,4.840884473922372422e+00,-2.721771678984560072e+00,1.080022171472480030e+00
2.213592227950374802e+00,9.707467754846685892e-01,-5.589620783889832634e-01,4.570924831479135975e+00,8.700601414116464483e-01,8.858772956980018876e-01
-1.940719027781607098e+00,-2.158089895554315074e+00,3.358708965502840371e+00,9.249513318306045173e-01,1.843394413291661316e+00,-2.605914733094385483e+00
3.107535571863630608e+00,1.391294043260796975e+00,-1.092652577439213513e+00,3.856963704682306648e+00,3.422851937854666460e+00,-7.784020205042874174e-03
3.617405573546802700e+00,2.876873681564887875e+00,-1.875018574864919518e+00,2.847450679770729742e+00,1.892370337090230059e+00,1.884220453099926251e+00
3.286999656967680927e+00,2.279126841991503838e+00,-1.709466469015187950e+00,2.641690597990459466e+00,2.066313529470564347e+00,3.540074966874304230e-01
-1.781284604521467863e+00,-1.467588252551696115e+00,2.908471847875743421e+00,3.884013601080206435e+00,2.181148629825718110e+00,-1.137718850778726143e+00
2.442006390653151726e+00,1.130541830884988386e+00,-8.503008584326980923e-01,4.476176500902221633e+00,-1.228426516881223396e+00,4.396171987904149425e+00
-1.021178915325531067e+00,-1.065747646496747247e+00,1.962931407800758254e+00,5.604306704955907215e+00,-5.403451300421027170e-01,3.204645316946000300e+00
-1.233253154230329551e+00,-1.585031792567416886e+00,2.326886938415678951e+00,5.232890069954722279e+00,-1.681106929843179776e+00,3.390102732195286350e+00
-1.660239810014963791e+00,-3.089311978080177656e+00,2.837445499229886980e+00,2.274931191575330303e+00,1.819861746471489461e-01,-1.988297535436946983e+00
-1.065199725419858634e+00,-8.142307858205715121e-01,2.093128882665916013e+00,4.906517333005879777e+00,3.008561510326454247e+00,-8.411416050442201975e-01
3.276755965336296761e+00,1.183576764897575018e+00,-1.043727507409502930e+00,4.718970420227889484e+00,-2.513347306779322832e+00,4.339305785896643286e+00
-1.674996533670342957e+00,-3.048945181758716316e+00,2.747393381846443106e+00,4.354821011149132559e+00,-5.029185438326075896e-01,-4.962634238114804197e-01
2.371169632627819990e+00,1.358852856478574900e+00,-1.169583603171209907e+00,3.570336948040349068e+00,1.045723882171312624e+00,8.675220069043856341e-01
-1.470966175410562959e+00,-2.724120792310877448e+00,2.533203044153374606e+00,2.638382757787792521e+00,2.925541638807085398e-01,-1.911179389475362589e+00
-1.734801473298106744e+00,-1.754829429739777513e+00,2.853462788182778542e+00,4.906785717270055081e+00,-8.305745879562094203e-01,2.288151912646051667e+00
-1.875604024397159897e+00,-2.460026988988302854e+00,3.124451518080590962e+00,4.945719896523968373e+00,-1.918470798486080042e+00,1.646643924477936727e+00
-1.625832821899906300e+00,-1.389090860988067888e+00,2.651238892938354574e+00,3.743142765510923287e+00,3.439652765659394262e+00,-1.529205218239283681e+00
3.363960903678056891e+00,1.089009692895064774e+00,-7.408232783492043616e-01,4.700531272607474165e+00,-1.369596426874879480e+00,6.000951609554083355e+00
2.307481170791379377e+00,6.326422066476977690e-01,5.532730344353619101e-01,5.353612807590848455e+00,-6.749629319857053389e-02,2.286070116179752088e+00
3.779777542087781939e+00,2.758630606186462053e+00,-1.853902085592851190e+00,2.437278327484458718e+00,3.919547474196938275e-01,1.353377208074599825e+00
2.539981465547095141e+00,2.342362463417716256e+00,-1.630019966469526516e+00,3.696879519542125792e+00,-4.569725366412691336e-01,4.659847701418225796e+00
3.040063871230200832e+00,1.622892248986253172e+00,-1.447198173639691055e+00,3.042651659891138394e+00,1.419825985054981921e+00,3.707604986403535419e-01
2.598763313093468863e+00,2.774461043944159933e+00,-1.818543485939001503e+00,2.700412258046644087e+00,9.091707339884980144e-01,2.535016882149803585e+00
-1.288314285363438394e+00,-8.234529361775257961e-01,2.281167048140592790e+00,5.479304966780117248e+00,-2.288767489153826773e-01,3.774393237785393929e+00
-1.350725649856487021e+00,-2.855700697771838215e+00,2.424081575840133063e+00,1.931267730206968902e-01,2.361863720602842776e+00,-3.529014263449154587e+00
-1.937061964623130406e+00,-2.984015989554630099e+00,3.351451734192675502e+00,5.291022846006029567e+00,-3.285771985328935774e+00,1.429056679492221482e+00
-1.332051578447388973e+00,-1.840732393852305915e+00,2.246437091434601463e+00,5.548690927011942442e+00,-7.262551372297387786e-02,4.223968794393623272e-01
-1.368026533358351449e+00,-2.025754303303106241e+00,2.462701156360614263e+00,5.216011432940929282e+00,-3.247872607476183671e+00,2.613245116051428951e+00
3.468797524210296856e+00,2.342987612622486893e+00,-1.708004815529336584e+00,2.932499190486144158e+00,2.813131391366480827e+00,-1.042790456311998293e-02
3.731309151205052466e+00,2.939034202793234130e+00,-1.887604475129688542e+00,2.969614115275850619e+00,-1.975136470378674014e+00,6.398935947791850154e+00
2.992765828957375085e+00,7.717483499977522143e-01,-3.841964455138837664e-01,4.559999764964621782e+00,2.710155707691757954e+00,-2.239632881201634729e-01
2.181507797180822994e+00,6.583096319094607907e-01,1.055964024875458152e-02,4.536173179189874283e+00,-1.166035079837454802e+00,4.678478207500327279e+00
2.672871045892767139e+00,1.291327173491061409e+00,-1.021672771008153457e+00,4.994440028484012473e+00,3.445541873941075472e+00,-5.140585636476929787e-02
-6.695603197862187717e-01,-2.577988567087166061e-01,1.774701114859241535e+00,6.088221337789136101e+00,1.764022290853286989e+00,1.166983674310952290e+00
3.086111381407246945e+00,2.594990059142967986e+00,-1.778338891766606533e+00,3.054781799876454151e+00,-6.751675185342955743e-01,5.359423918198349845e+00
-1.319689425712236241e+00,-3.369203574690984304e+00,2.288369979357187667e+00,4.297738076364034043e+00,-3.855349169947683841e-01,-2.746581395125013980e-01
-1.019606456140589978e+00,-1.984723452938978117e+00,2.074609729266017499e+00,4.727387196892389731e-01,3.114195538256765872e+00,-2.842765896602142295e+00
-1.407422870573157736e+00,-2.209225417881568454e+00,2.359080675110191372e+00,5.740510068229761842e+00,-3.284750811295673589e+00,3.141570341395321542e+00
-8.167554015157012515e-01,1.409914780128032064e-01,1.900434642960940890e+00,4.768001664689248464e+00,-2.592861592731976028e+00,4.140645081232763758e+00
3.144043966833574899e+00,2.351350255143177748e+00,-1.745020094388585408e+00,2.975136640431604640e+00,-3.262163931065023448e+00,4.655329690386680319e+00
2.600366557171688520e+00,1.659141405873761244e+00,-1.438331882468381950e+00,3.560100495994903635e+00,-1.080100766176769422e+00,5.930379807316439766e+00
2.553329351564926686e+00,1.656920439834956404e+00,-1.446262276639159294e+00,3.799641652618055421e+00,-1.076558571009432530e+00,4.044787784720920598e+00
-9.257331198787269733e-01,-1.461653091240958435e+00,1.973446827153138239e+00,4.305442944140418504e+00,3.366199659167572023e+00,-1.264399431197923196e+00
-1.555413775414598687e+00,-2.008761523580072872e+00,2.515852978782633809e+00,5.561244048990475974e+00,-1.287647443785852275e+00,1.706280714420725264e+00
-1.613035565307000541e+00,-2.394460560973215912e+00,2.614327339530537309e+00,8.711929330004074545e-01,9.522652119584424923e-01,-2.542109325740969705e+00
-1.504887740752280711e+00,-2.567722572235103140e+00,2.612936814751156245e+00,3.363763535211338751e-01,1.822089045800062479e+00,-3.164802775441533988e+00
1.668182841354549195e+00,6.306577524231924414e-01,3.926854424267810506e-01,5.144844258590214103e+00,2.665127902633574131e+00,4.807830326399264997e-01
2.828311479959401797e+00,8.515465515534828000e-01,-2.546909337516256588e-01,4.633658347519863163e+00,2.349593146354881590e+00,2.475462335888882204e-01
3.265494516514870327e+00,3.297342347893927439e+00,-1.957032923409615544e+00,2.140814587127449542e+00,1.391768182767203044e+00,1.337384884404161589e+00
-2.742586601802681212e-01,-7.318226816084383302e-02,1.629499026461090239e+00,6.288253760993750774e+00,-3.296456594524781014e+00,4.498923110712978790e+00
2.548887431970749518e+00,1.883204556688586884e+00,-1.548605982703933570e+00,3.638656310195710120e+00,4.900189124543095076e-01,3.736475034275172913e+00
3.148459424267309181e+00,2.419518398766366651e+00,-1.767554174698188429e+00,3.201940399627544398e+00,-5.985081569216150754e-01,5.016728845323068064e+00
2.744469340250831113e+00,2.553082731622657420e+00,-1.764292770880364403e+00,2.448220482436876733e+00,3.441344334121557935e+00,3.266981942652226745e-01
-4.866566592360276888e-01,-8.361625709322844102e-01,1.784528996345446483e+00,6.453968167628704400e+00,-3.294710790766868236e-01,4.970143558330319067e+00
-4.122147546834237786e-01,-7.230891008446342916e-01,1.744855742647901886e+00,5.518154682291061874e+00,5.020581813134077365e-01,1.008207200733870046e+00
4.052807982916915464e+00,1.045018605439031134e+00,-8.763137570688719347e-01,4.653731459781172752e+00,-2.600328762843426844e-01,2.718777897731294857e+00
-1.641276942337966727e+00,-3.278321428527692483e+00,2.657799028029660171e+00,1.383902212953932731e-01,1.947676745220908501e+00,-3.706127691699741877e+00
2.156413103464486447e+00,9.897646477287800337e-01,-7.092166336837494311e-01,3.596066298021262764e+00,2.873389775158822879e+00,-2.435654760889210957e-02
2.096555839505366947e+00,1.464505801537327123e+00,-1.251352467954903513e+00,3.234693051561707389e+00,2.841161185203799455e+00,-1.741531674820632758e-01
3.113427644716167286e+00,2.284783012918863321e+00,-1.693509104900250861e+00,2.861322114051207510e+00,-6.942868178126895273e-01,4.071774030663078747e+00
-1.522428831667802962e+00,-2.331909208704531444e+00,2.478637232935298140e+00,4.370083514384823786e+00,4.398983837733938529e-02,-6.052499041969382487e-01
2.268336959484790416e+00,1.309988718762193471e+00,-1.182068970321259460e+00,3.813585020905136513e+00,-2.917329840810609198e+00,5.821118365345009593e+00
4.830588207624005315e-01,-2.169289816030239848e-02,1.516588446820938074e+00,4.378307427796344520e+00,2.066460974417093865e+00,7.608604514997052704e-01
-1.398087920991685440e+00,-1.291731486094582770e+00,2.340460175795608500e+00,4.835065510503580022e+00,-1.236023641436793774e+00,2.940743585621242051e+00
1.597508457374770874e+00,4.348513530022546369e-01,7.137335415258185822e-01,5.802469867414894011e+00,8.333115477143966388e-01,6.484793901608915112e-01
2.709864134804731428e+00,3.047113776254033013e+00,-1.913041693018383116e+00,2.389195409844618201e+00,-3.258495947047926222e+00,6.686570899780297950e+00
2.527332520744241418e+00,3.452082571472058881e+00,-1.982228765080064292e+00,2.414379222272715175e+00,-2.550281943618406544e+00,5.182102394316180138e+00
-1.892427606492639303e+00,-3.315301871926501498e+00,3.159746199502094566e+00,5.261859604799713486e-01,7.760822460298175685e-01,-2.988414001002515974e+00
-1.579666972921932810e+00,-3.820809860291136673e-01,2.763825836855525075e+00,4.979641446248886716e+00,-1.191538774253016797e+00,4.478047288536730619e+00
-1.251631021995272430e+00,-2.197709089407899441e+00,2.241361848607773322e+00,8.772592067886493261e-01,1.787198369154960886e+00,-2.650890625197065642e+00
3.100152098355082320e+00,2.908448462428186332e+00,-1.843329595428735201e+00,2.336825506596256652e+00,1.251132223045557268e+00,6.355805524459425815e-01
-1.124803553884544449e+00,-2.451567800139781816e+00,2.151101435391148620e+00,5.329271884095675205e+00,-9.535410467046467886e-01,1.883266362536370808e+00
2.869909310375906131e+00,2.287756982550577689e+00,-1.648820680364972979e+00,4.076055589699103976e+00,-1.135010228160713730e+00,4.861281570302235622e+00
-1.026696320404657969e+00,-8.926636810925234755e-01,2.067754715359947593e+00,4.142431606677956069e+00,2.916160597415432321e+00,-1.005078419602820849e+00
-1.210497978543104258e+00,-2.400394685771911174e+00,2.323971657073109487e+00,5.843743625380889206e+00,-1.362450204824357858e+00,1.188623570866995660e+00
3.256078372322998682e+00,1.181274248257301984e+00,-1.074319776207799171e+00,4.159288535934464903e+00,2.440666641082412269e+00,8.808834553195310502e-01
-1.365366556544157284e+00,-8.895100415150265505e-01,2.382273269035635632e+00,6.451507936673801957e+00,-9.220960548337906459e-01,2.805249202599529479e+00
2.221465912679731591e+00,6.591521317682822456e-01,2.423329964017637839e-01,4.225638912952832449e+00,5.781402976719878239e-01,8.294139274713593357e-01
-1.988563219760788092e+00,-2.381535399872972913e+00,3.503752482902280363e+00,5.554146661415307662e+00,-2.320138619201904895e+00,1.998312410189183819e+00
-1.195126621446661819e+00,-2.457785561733004442e+00,2.243099344480593782e+00,3.142376073842756967e-01,1.800971344223613713e+00,-3.125378100935072734e+00
2.458707722490791614e+00,1.443758737897028688e+00,-1.231650466261821508e+00,3.877658719134162268e+00,-2.136263819378448670e+00,4.267786359891885262e+00
-1.629917906512107884e+00,-7.743423316052862049e-01,2.712163849266648441e+00,5.448939321628441412e+00,-1.708058604579640427e+00,4.065223390917815038e+00
-1.868289122556947346e+00,-3.215288884588737517e+00,3.112138428186852046e+00,5.201058305097308043e+00,-3.043578681575074718e+00,1.995509655516287673e+00
-1.841875568014252007e+00,-1.355459968357168421e+00,3.101478846829881064e+00,7.272775650402342862e+00,-2.782064791668601433e+00,4.757614139457367664e+00
2.702291478941330816e+00,1.024719506960500404e+00,-5.754114799698124560e-01,5.179527556007609945e+00,-3.051831719709674040e+00,4.486247375785201719e+00
-1.190402568355138468e+00,-5.956302231185208740e-01,2.152084507682817893e+00,5.351916331300541785e+00,-3.067294625893577376e+00,4.764828951955542458e+00
2.074285144413885007e+00,5.964931320158690653e-01,8.705660557069413996e-02,4.411287487415584962e+00,-1.424322520184710950e+00,4.704510388573057256e+00
3.968332056186620438e+00,2.301959434653547021e+00,-1.724243698242577949e+00,3.017872157573789238e+00,-2.004739019401446054e+00,4.807904060020353754e+00
2.457602826358512349e+00,3.033459496316096349e+00,-1.900173660682729526e+00,2.424871134586119581e+00,-9.518682771911382012e-01,4.007107913423274326e+00
-2.058032659380529150e+00,-2.678852970083997143e+00,3.782776299479291726e+00,5.114995582037076716e+00,-1.549384287314831132e+00,1.820976907840468284e+00
-1.905989607547228459e+00,-3.244514330206784258e+00,3.246676772923766663e+00,4.751732246967954154e+00,-4.477044064067876583e-01,-1.856712131478824301e-01
3.140819417098672073e+00,2.197390284239289393e+00,-1.590461520355179958e+00,3.499179642779451260e+00,-1.506686451878377797e+00,4.019441912146525020e+00
-1.703726444038045740e+00,-1.040593372930134208e+00,2.897402027951927472e+00,5.434010811750885850e+00,2.636017366368973214e+00,-2.654883788153323820e-01
3.148875004423795421e+00,2.249327079834079868e+00,-1.713060292911363414e+00,3.374544506476921502e+00,2.979901437133700703e+00,1.369774201073336029e+00
-6.831845876035648191e-01,-3.227715950127416633e-01,1.779065774849993176e+00,6.241401314074813023e+00,-5.585628408121334765e-01,4.546283721480247841e+00
2.431013014021892626e+00,2.201200083138505903e+00,-1.669066607589261952e+00,3.665906559791749952e+00,-7.863513434356343978e-01,4.961518066343106881e+00
3.468197455167884247e+00,1.468553660990417065e+00,-1.322640043351282380e+00,3.810010342313598919e+00,1.628926081948156579e+00,1.045332703834746191e+00
2.621771420799772656e+00,1.635634024950480381e+00,-1.366291716930175815e+00,3.219892898545249516e+00,1.444761722223388389e+00,1.617683847735931213e+00
1.936848734733171096e+00,2.522286146344887570e-01,9.258886924797433693e-01,4.975381471148518919e+00,-2.323012226275432912e+00,4.129616088843087951e+00
3.584336517075336737e+00,2.574402762620557894e+00,-1.805577696581818659e+00,2.717125914286439237e+00,-1.801865052761016717e+00,4.302531851304472355e+00
2.548159970022203957e+00,3.401437614853999314e+00,-1.971004922530299464e+00,2.059261332534749744e+00,3.071056508494685033e-01,2.249607219973943195e+00
3.286048870003871691e+00,6.551270412498713114e-01,6.028845694257892185e-02,5.801816656161510544e+00,-2.093640820519390822e+00,5.472968257155923055e+00
-1.290553513690284593e+00,-2.555883962237172291e+00,2.210622820052192239e+00,2.212035757595159358e-01,2.858145989115143060e+00,-3.410703999943888842e+00
-1.789690610465146436e+00,-2.663575569434177392e+00,3.043792597169756142e+00,4.608225908943781590e+00,-1.506000906376017134e-01,-4.475665314471782841e-01
-1.963254183566476296e+00,-3.178724597531512153e+00,3.466780493739419988e+00,3.335526541382330401e-01,1.559333360658848200e+00,-3.314233242473290098e+00
3.813938648619937588e+00,2.631088609831497394e+00,-1.817056473747675316e+00,2.746923797925396205e+00,-9.831362049055814012e-01,3.895081288202080660e+00
2.611267921171054773e+00,1.583634774570335857e+00,-1.410648299868542566e+00,3.511630616647529735e+00,-3.246061076189161732e-01,4.875478456514105829e+00
3.107378839479720156e+00,1.847269452074734808e+00,-1.475485824669860557e+00,3.931070550424784482e+00,-1.701247082202407945e+00,4.994823544902169843e+00
3.058590752943366020e+00,3.421045451111150548e+00,-1.977589051668881659e+00,2.231985941729747402e+00,1.541324163993989416e+00,9.650345070143975246e-01
-1.448474312035156197e+00,-3.370428686258152062e+00,2.394241743247570220e+00,5.611889880463588831e+00,-8.074085968630400068e-01,2.065828317835760153e+00
-1.260877530510524647e+00,-3.073850969429650526e+00,2.314966246154336549e+00,4.563437904842975179e+00,-9.928230472959747033e-01,8.570557963146222535e-01
2.939115942777497992e+00,3.302401989099351454e+00,-1.956925149141161002e+00,2.436116094996767067e+00,1.039549335425406618e+00,5.470844130196785837e-01
-1.646662336526010240e+00,-9.370388398335878222e-01,2.748240539216363576e+00,5.509391151011611143e+00,1.617953501148849504e+00,-4.006727440123040718e-01
-2.142207298301562757e-02,-4.039098152579394529e-01,1.586740255841019520e+00,4.137261897146985667e+00,3.308667233306627153e+00,-3.513332271562239484e-01
2.257723117031466220e+00,2.120433256834232338e+00,-1.637472581634802804e+00,2.548427503983059950e+00,3.252790553747550106e+00,-1.694651972223395753e-01
3.774959942269931368e+00,2.305203535834933426e+00,-1.698470477587513905e+00,2.805387556166906382e+00,1.934002934581738664e+00,8.512794770474998440e-01
2.345196441784617392e+00,1.554845182660341329e+00,-1.339999204094356910e+00,3.302818359209266141e+00,9.803786930952433920e-01,1.323361397524232430e+00
2.212985306405195640e+00,4.529416155275205469e-01,5.373673174818137666e-01,4.939963649907586962e+00,3.416471264022108656e+00,5.181633656739704774e-01
2.033765083991683653e+00,3.790979375016769737e-01,7.109874969953257073e-01,4.632522345665663011e+00,-3.151154531352869714e+00,4.291816012302413164e+00
-1.136961302138581376e+00,-2.647501419703741199e+00,2.185469328608339090e+00,5.402800490088383034e-01,1.104260451808414700e+00,-2.777767056227745002e+00
2.716460968872405513e+00,4.726681688974352369e-01,5.781932813517418612e-01,5.106895255093795605e+00,-2.605367150216662875e+00,5.180608742673945777e+00
-1.564985318892200938e+00,-2.796269563082864007e+00,2.591810850006537770e+00,5.088391453125015396e+00,-1.140774643772217711e+00,1.630027198534694577e+00
-1.099810136190350507e+00,-1.141639985492608922e+00,2.025531524187262011e+00,4.689333705294792765e+00,3.054799303018421952e+00,-9.107518132726041271e-01
-4.474556482614255870e-02,-2.924057783641935693e-01,1.749216065031891976e+00,5.371769854056676508e+00,-2.599588747856264703e+00,4.054125984126366156e+00
-1.352545938830736372e+00,-2.682146581448232148e+00,2.267373532221031329e+00,5.766140955290210535e+00,-2.635739602387884517e+00,1.084531512646655482e+00
2.980514594066761447e+00,1.963701443091011356e+00,-1.603635269490501170e+00,3.274951329709153924e+00,-1.320865177348636621e+00,4.436614973188469868e+00
2.838782608366461346e+00,1.972443605964029345e+00,-1.561899533143942476e+00,3.432773198275334448e+00,-2.260911269410687208e+00,8.149724570374811350e+00
-1.536644358877416350e+00,-3.128949399902716255e+00,2.450738410134656764e+00,1.446574380327995402e-01,2.061897509523626937e+00,-3.625682252908365211e+00
-1.392182418951208422e+00,-2.564632172822591372e+00,2.468491676244497945e+00,6.105772579435437830e-01,9.606982590858681448e-01,-2.794062734381820068e+00
2.721088363590178805e+00,1.758269609421174273e+00,-1.505410090855021421e+00,4.125842928550405020e+00,-1.872747734344736514e+00,5.096119801158302209e+00
4.469913658141235757e+00,2.919445822969895410e+00,-1.864567772135372614e+00,2.605325523777302976e+00,8.296078113839087109e-01,9.860949281965596391e-01
3.156861396545523668e+00,1.242886622758191173e+00,-1.162156816949081461e+00,3.765182709017836693e+00,8.929398880876959765e-01,1.753844633686036047e+00
-1.853241263648143011e+00,-3.272709663438742034e+00,3.152394349783387284e+00,1.172770801582375400e-01,2.882027896506444087e+00,-3.913675784081627640e+00
2.880280928092921577e+00,3.423384714362383896e+00,-1.975116239049337086e+00,2.160504165413231092e+00,-3.008714720245301510e+00,5.046692019265707430e+00
2.581037414240814343e+00,2.076746132221744645e+00,-1.655341094399393365e+00,2.861129968158822479e+00,3.417071092018934664e+00,-9.689259142452535944e-02
3.356646874873028707e+00,1.935390447350976650e+00,-1.468408525932960451e+00,4.331267210352282682e+00,-3.468468383630290308e+00,6.927967626758765540e+00
2.542296469290151961e+00,2.521258551313308338e+00,-1.772473223961166466e+00,2.505770845791324586e+00,2.660318720878628085e+00,1.421811718834408711e-01
3.729468970391731641e+00,3.263303415070303970e+00,-1.949827117066716076e+00,2.026390727492582311e+00,1.528890168923541459e+00,1.218441962256142208e+00
1.958799851133221193e+00,1.333251407838473845e-01,9.561810350721355878e-01,4.796710406150769046e+00,3.171234850917591608e+00,-4.331382464381421382e-01
2.839037008437041543e+00,1.056947030455220649e+00,-9.064767611891644261e-01,4.317918121979575474e+00,-2.776290393945695989e+00,5.123862879971119888e+00
-8.920589562791715332e-01,-1.324124762817465051e+00,1.866300752788869755e+00,5.746049574902920121e+00,-2.368185161899827307e-02,1.942405905327112103e+00
2.306485131648024822e+00,2.591770609126720082e+00,-1.773303121817620287e+00,3.296001396157131502e+00,3.516743613645907374e-01,1.936832016523627686e+00
2.587676348918276581e+00,2.233756066199455326e+00,-1.717290419000359725e+00,2.715582943029087648e+00,1.832690991880500775e+00,4.920993931529277221e-01
-1.313524633793780261e+00,-3.361943078707756882e+00,2.211713092118637647e+00,5.488885784476398300e+00,-2.215399399645143763e+00,1.302709070180517958e+00
-1.035638499135756341e+00,-1.373559406366736013e+00,1.955611509853681262e+00,5.095493356600266921e+00,1.565642828040838985e+00,-4.744943572993002290e-01
2.563869457519258432e+00,2.758194330963847918e+00,-1.853856570668235504e+00,2.514567553046851422e+00,-1.689353136745948891e+00,5.112247057520411531e+00
-1.993714285110826934e+00,-3.183237903748751485e+00,3.597642572540439954e+00,1.428958894942747582e-01,2.907591158663750619e+00,-3.852837928057243566e+00
2.749316019081518014e+00,1.597093813289716557e+00,-1.399982878162617794e+00,3.843772834167305863e+00,-2.140711408572315122e+00,5.378703232964947567e+00
-1.488164669236930138e+00,-3.346545913247213733e+00,2.691478166681987361e+00,4.527277599349644355e+00,-1.120156305638935645e+00,2.848352346941193658e-01
2.233026409433963799e+00,2.312236400362575495e+00,-1.652995665227419142e+00,3.168039556315869643e+00,-2.267163974919249370e+00,7.116018961887382588e+00
3.059807433924504494e+00,1.515100161189996797e+00,-1.160447981882501978e+00,4.863000445575314856e+00,3.703500695340267157e-02,2.333266456652521192e+00
-1.480713319229935765e+00,-1.772137738010803876e+00,2.371845373510033550e+00,2.020869749664340631e+00,3.269450060512514966e+00,-2.126967079934668270e+00
-1.253542313390810126e+00,-2.302292075176738173e+00,2.267286180106830695e+00,4.839524092476112038e+00,2.852088167964286214e-01,-1.363634601226966003e+00
3.194884706817103126e+00,3.498863396378384394e+00,-1.989008675875262533e+00,1.932585417885551049e+00,2.662051771164679614e+00,3.354899381009708859e-01
-1.047138595626865065e+00,-2.842638530382580964e+00,2.012750885276778146e+00,1.874787774582307998e-01,1.834335223108473301e+00,-3.338533627207147969e+00
-1.244435551753412472e+00,-3.014060530650060521e+00,2.127323929952805059e+00,3.311013867434598607e-02,3.111793542869927265e+00,-3.832921001444440812e+00
2.868710812855991943e+00,1.114063478147618191e+00,-9.413392132169793314e-01,3.643756862795727525e+00,2.441503723361583944e+00,-1.637608252723690427e-01
4.189241628918116689e+00,3.099031537045917162e+00,-1.914355348693413728e+00,2.616920040926682400e+00,-8.253534362675716274e-01,3.970048233728639353e+00
2.065786982363378321e+00,8.597826417565608281e-01,-4.313809318160367057e-01,5.041848444518403305e+00,-3.159469368230128694e+00,6.928256610112358160e+00
2.796404555483237964e+00,3.104901003239591617e+00,-1.915652629143153263e+00,2.312518100004160360e+00,-1.826965853995049294e+00,4.920877818211140564e+00
2.267046115759686398e+00,1.829808104005620883e+00,-1.554345791789092157e+00,3.170729022758044469e+00,-9.899248327734655462e-02,2.550259346971404550e+00
3.060851654285519530e+00,1.484908588291503406e+00,-1.342382612509898099e+00,4.049957335584280393e+00,1.285277592166063521e+00,1.097718005401323138e+00
2.808793296486189917e+00,2.305380740103002424e+00,-1.680319897267451124e+00,3.470467996100065733e+00,3.031580065928803691e+00,7.655904773836420540e-01
2.068108788043401258e+00,1.297874669315723928e+00,-9.696852158433445501e-01,4.128484986396193435e+00,-2.247076261292948907e+00,4.157654357126884470e+00
-1.651822994709408965e+00,-1.219244396386891971e+00,2.711324823598579847e+00,4.638800350494546976e+00,1.749411604038941803e+00,-9.247429005382915568e-01
2.345191859587122618e+00,3.361661472748145307e-01,7.596325117391401482e-01,4.680948678384604378e+00,2.744215627049077177e+00,9.538610522098833755e-02
3.044248220181205333e+00,1.147588133188917503e+00,-9.617732572627337717e-01,4.862006715565135195e+00,1.144619324444450470e+00,7.436694822236065150e-01
3.442244322115274535e+00,4.706842619367472835e-01,3.659670492215476023e-01,4.668255729215701422e+00,2.657507091320847614e+00,-1.439433174796738713e-01
-3.525082588398698591e-01,9.079834517759799439e-02,1.728264197565643201e+00,4.784011210446538875e+00,-3.057103913101262727e+00,4.231287506304414414e+00
-1.295612953526380062e+00,-2.229603193762668134e+00,2.327757059507604254e+00,2.312927374342836462e+00,9.040735477344377102e-01,-2.033330114496992191e+00
2.361953764630390307e+00,2.921784158201032433e+00,-1.885273464711657798e+00,2.869498530157959859e+00,-2.249680858168190856e+00,6.790611455078119363e+00
-1.602319995946139386e+00,-1.993495022100562508e+00,2.539321787159944499e+00,4.241482830330756570e+00,3.893902795523151994e-01,-6.379972923755878877e-01
1.178536129960659595e+00,2.224901306449789118e-02,1.173366057730607093e+00,6.009574852379292231e+00,-6.662899856816117961e-03,2.276556692928989101e+00
-1.567720219746569388e+00,-2.622500276490955073e+00,2.627952294333907091e+00,6.152407256070160368e-01,8.977785849718475930e-01,-2.786843491686998409e+00
2.758887760803060196e+00,3.264348704370884313e+00,-1.941855787676365797e+00,2.063964277175475814e+00,2.946563146545810419e+00,4.430529524657199625e-01
-1.437790149382365490e+00,-1.900774862925057374e+00,2.354820273431127653e+00,4.995160923589073043e+00,-2.689032606499605293e+00,2.389522193084831159e+00
-1.581111418193652307e+00,-1.237382142494848569e+00,2.729730976210940518e+00,6.786819158273914354e+00,-1.814886304088809243e+00,3.734623001630205330e+00
-1.833258980633858615e+00,-2.861948095586865026e+00,3.133493353644487556e+00,2.424069170712827570e-01,1.973395372036286233e+00,-3.478828507536396941e+00
-1.517172101928409900e+00,-5.633139017957864425e-01,2.667289132897305404e+00,4.902002597185528998e+00,2.872601011289015460e+00,-2.498295890426676102e-01
-1.964954302505308670e+00,-2.372881618143895643e+00,3.406466071411688112e+00,6.708936071758007103e+00,-1.469140796236565905e+00,3.242036894597631225e+00
2.759553037778612605e+00,9.387097695083275184e-01,-6.334305998869430576e-01,4.450339344203932512e+00,-1.130870246655431011e-01,3.261575054272073615e+00
-1.135656257342626985e+00,-2.503509814952488810e+00,2.065141501838532179e+00,4.508075089872494168e+00,-1.865359756808454339e+00,1.232189643266045520e+00
-1.545817974849240217e+00,-1.912633214245334612e+00,2.541469997473519982e+00,8.476959889062154474e-01,3.159964210760355385e+00,-2.759520909036317970e+00
-3.058623274246441426e-03,-2.525022103315244237e-02,1.568315079108111076e+00,4.125522066801000420e+00,3.133547987518093159e+00,-4.351360981640918224e-01
-1.232972646180593213e+00,-2.171174568682709971e+00,2.285630766205777764e+00,4.963205219717893080e+00,-2.179001178941075256e+00,1.816488785882940604e+00
1.734336233837962649e+00,5.700582196135224322e-01,2.123275660281666033e-01,4.601110868296741430e+00,4.648374046302778950e-01,1.647303575110053320e+00
2.263975552706708250e+00,1.662895267038580371e+00,-1.362712396920393143e+00,3.475949527883537726e+00,-3.253837103563617106e-01,3.202174631179938835e+00
3.201157852073122534e+00,1.315535408428314845e+00,-1.153752237879615672e+00,4.029833255824238236e+00,-1.385611332751902403e+00,3.825146600303302780e+00
2.978297205560430427e+00,2.327094427812454569e+00,-1.708519020237410757e+00,3.423011535749558742e+00,-3.317915366802108856e+00,8.750958218708436931e+00
2.605761401774102648e+00,2.394323941311234272e+00,-1.714400983762826902e+00,3.678404249350185840e+00,-2.550280802785709344e+00,7.035917944834926274e+00
2.907282524162312587e+00,3.057189186890513888e+00,-1.912882966855626643e+00,2.481789728507985515e+00,1.639505703080186727e+00,1.795722405640623354e+00
-1.296663938585842279e+00,-7.141282188263300412e-01,2.284931914554805488e+00,5.001693484821814195e+00,-6.478026722574155016e-01,4.418845032441338638e+00
1.602822899959048142e+00,3.762450902948302200e-01,5.847555989766128892e-01,4.783493605315880970e+00,1.080946020366704730e+00,5.159273483683936012e-01
3.291600671728930116e+00,1.418504207716276611e+00,-1.282945613671068630e+00,4.231490090444536278e+00,-1.144170595238007682e+00,4.163610027467638197e+00
3.611798824978758482e+00,1.649946030047646062e+00,-1.343441405080491702e+00,3.719365279684334613e+00,3.410250670900891734e-01,2.047627746832116458e+00
2.317051096635285301e+00,1.141536578491597176e+00,-9.182618468428422887e-01,4.371963094303540132e+00,1.082853734846150218e+00,5.194981085936860588e-01
-8.408859046077334920e-01,-1.355828408017956122e-02,2.015234870918607868e+00,4.798991688668978739e+00,1.171165703240628631e+00,8.435197918256853722e-01
5.913200657242619895e-01,3.330793840295820374e-02,1.354011497974491274e+00,4.637501608432309297e+00,-3.045523913934883087e+00,8.475208477811074559e+00
-1.424587396791298977e+00,-1.600622150953991962e-01,2.353388932882303664e+00,5.420411677260291938e+00,-1.989896605929377671e+00,6.761403767872518955e+00
-1.904688780307167040e+00,-2.341288961598297025e+00,3.224352406010346783e+00,4.651115061299527120e+00,-2.606449395710424000e-01,4.275147539775511207e-01
3.914946178967905865e+00,2.255121140766246590e+00,-1.650843453715405307e+00,3.638143120902291638e+00,-2.975947263843384150e+00,6.045944769071796898e+00
-1.112644205927054486e+00,-2.144845208895637789e+00,2.098020235342454853e+00,4.683748051781401855e+00,-2.652876293474356828e+00,2.152338783831085234e+00
-8.585291062143377561e-01,-4.147670663922271572e-01,1.949985751932746592e+00,5.041626494765083066e+00,3.413686484986689251e+00,-4.843350602669575511e-01
8.683198510730170128e-01,-1.138095691518126173e-02,1.209540383656887874e+00,6.610174241634783954e+00,-1.148191775848271590e+00,3.574609168849646856e+00
-1.778176170864034678e+00,-2.504761750403964982e+00,2.940455619086338235e+00,4.526691981539821441e+00,-2.899746446519841925e-01,4.933120606390983820e-02
2.804051545241120103e+00,1.804450355098400571e+00,-1.434635588361291569e+00,3.730439860772959193e+00,-1.611954544778920972e+00,4.978602931445690771e+00
-1.422512798806064405e+00,-2.342097767409638376e+00,2.664707365565313957e+00,5.549189198462604722e+00,-4.451284756107041218e-01,4.547299455924328493e-01
1.527411316258501461e+00,2.403686399923961048e-01,8.943280927819788895e-01,5.102552840925072886e+00,2.948332508044488875e-01,2.031223352914290459e+00
-1.964590805810572771e+00,-3.201947263764751472e+00,3.398340181130574678e+00,1.564103650078215502e+00,3.660225125156553183e-01,-2.211953583692688241e+00
-1.044878140350008033e+00,-2.067741588745345194e+00,2.128274810514000581e+00,1.531353822153191047e+00,1.425043110187775852e+00,-2.327811842103885365e+00
-1.105123292913777533e+00,-3.326620261306951321e+00,2.145999770831377162e+00,4.842387489654675470e+00,-2.450006859652372082e+00,7.300226180295412703e-01
2.138555692666330721e+00,3.625170698259267965e-01,1.188521295010831258e+00,5.396408792248297281e+00,-8.866228773899198501e-03,2.686548041068830717e+00
2.703944072790206210e+00,1.667160382054241552e+00,-1.421221695274405894e+00,3.436727192946634091e+00,-1.210088249489414736e+00,5.560520951664529754e+00
1.933721551765955837e+00,5.478563412778703068e-01,6.968676216517859512e-01,5.420240211815499976e+00,-9.243013474743695390e-01,5.586217202022390360e+00
-1.973423638396711866e+00,-1.655399362859442114e+00,3.452032846607074212e+00,4.008137769257570149e+00,1.999846791271623125e+00,-1.678345140721100748e+00
-3.981298759792006869e-01,-9.200611597451664458e-01,1.771667833232016820e+00,4.640584856760872512e+00,5.940203262614520696e-01,6.339130123926096649e-01
2.901329807363281610e+00,3.101806145382744795e+00,-1.922854020999708036e+00,2.542081903822118072e+00,1.632323426899992214e+00,1.830793101576007942e+00
4.622773927604693966e+00,1.893428874516878579e+00,-1.441261817317722738e+00,3.547546674828379043e+00,-2.056462106713393023e+00,6.284959518664985367e+00
7.902867278248716376e-01,1.427645113844540070e-01,1.195559603070644794e+00,5.260642694093418115e+00,1.545295572049612431e+00,5.939050402530771100e-01
-1.726835830358870894e+00,-2.894872643699791137e+00,2.762688372020527972e+00,3.196385222486623157e+00,1.381119277125502087e-01,-1.838705555001472591e+00
3.025181716565191081e+00,1.666570051597497049e+00,-1.207961048995042086e+00,3.747428539625503152e+00,2.941618425327082953e+00,3.748327930580358514e-02
2.546567353767636988e+00,2.988453161723884755e+00,-1.896910714744231230e+00,3.135940926778715721e+00,-1.230772245280259636e+00,5.029648535781358731e+00
2.336692688369652604e+00,2.329856435716447294e+00,-1.639191168513030705e+00,3.627573645806031255e+00,-2.738458578243463393e-02,2.837889382120668991e+00
-5.548030401866600458e-01,-3.048358520579177444e-01,1.703822042045656460e+00,5.107484324151377209e+00,2.489329886956710425e+00,2.147193784896956892e-01
1.517384713728749279e+00,3.486102601400586920e-01,7.180672333095873272e-01,4.388103664229045187e+00,2.059148665914422693e+00,1.707223811943053837e-02
-1.501490316965272409e-01,-5.828769869887997501e-01,1.611482931817731501e+00,4.288043924148611019e+00,3.135676902532900101e+00,-1.500248965096748766e-01
2.795499742862078474e+00,2.135729762670358411e+00,-1.656710448791666179e+00,3.059131944383004509e+00,1.202323251679899840e-01,2.706179364668347631e+00
-1.159031983441405567e+00,-1.356154336885339706e+00,2.237770609520953080e+00,4.705058207742433218e+00,1.727557290580509886e+00,-2.754353665765358894e-01
2.497514928162051451e+00,3.458674264219628647e+00,-1.982239889864648719e+00,2.142414903073615040e+00,-1.903916476309663874e+00,4.421491698945445137e+00
1.975294363871632708e+00,4.514954447982550967e-01,4.274228268009035991e-01,5.880956720471461452e+00,-2.931603764652326305e+00,4.202548378027683995e+00
-1.373351631936712058e+00,-2.927671118314876253e+00,2.336529209368457760e+00,4.515541341438209955e+00,-7.985438457788704980e-01,2.846101767686629036e-02
-1.950172853947403251e+00,-3.356051085380242771e+00,3.357240034324914468e+00,5.177831764713420881e+00,-1.562155844368866120e+00,1.087009004568458836e+00
-1.235659962279167967e+00,-1.431557005350954093e+00,2.193786347598207787e+00,4.978779085283629335e+00,-2.469491891165438879e+00,4.257458718390629393e+00
3.141719446023399254e+00,1.373718633048999216e+00,-1.191034444403350490e+00,4.626694858497136131e+00,-1.474196506952078600e+00,4.496290899302809230e+00
2.696824040746446549e+00,3.454364112768267603e+00,-1.982614014932957414e+00,2.499104043937431019e+00,-2.823698585288239915e+00,5.093583218378152644e+00
-8.082230946922197568e-01,-1.255037161824746228e+00,2.058358806673875829e+00,4.842557358653503563e+00,-1.598292845030813147e-01,2.902772943283653984e+00
-1.762687282029741009e+00,-1.318327359164468859e+00,2.878566851917218727e+00,4.690016665929475081e+00,1.838923416703620362e+00,-1.280685886285184427e-01
-1.193723128851789328e+00,-3.011565202267371788e+00,2.189784896965022654e+00,5.581808823823891430e+00,-2.567623763401372994e+00,1.289697940237633400e+00
1.560788122406541190e+00,4.173157423258437859e-01,9.932061671947522985e-01,4.709814485744741930e+00,1.418969905113698360e+00,1.833132683806520280e+00
-1.915951768311359604e+00,-1.297386099513778035e+00,3.290848988934989006e+00,5.155857737046818379e+00,7.414764176902188808e-01,1.061702407423944283e+00
-1.656061030495727726e+00,-1.893203500171863007e+00,2.681800739624699226e+00,5.486432206428180081e+00,-3.473338290104623916e+00,2.228070503526092150e+00
3.993293508820093152e+00,2.777914762272297722e+00,-1.830567499698415146e+00,2.696830767810739715e+00,1.387984604607424011e+00,7.220740657059574463e-01
-1.349889270791438278e+00,-2.742749563814974145e+00,2.322389658899098208e+00,4.753852725222747821e+00,-2.323341545893199189e+00,9.009155027327732101e-01
-5.877876244563939867e-01,-4.280681821492913208e-01,1.735831318657257150e+00,5.834406084975060303e+00,-6.096773086437332623e-01,4.525475674878464361e+00
-1.399315991100936962e+00,-2.324064255405209778e+00,2.387472347863928146e+00,4.752894940402706325e+00,-1.167744891476849123e+00,6.950798471140924306e-01
-1.417099556683906636e+00,-1.781317314252062634e+00,2.284639529098787314e+00,3.531182600631744606e+00,1.689364803945312410e+00,-1.426124860789928395e+00
-1.697726824402274293e+00,-2.576239539534376899e+00,2.883295977277062772e+00,5.317586646771811587e+00,-3.282513603781203493e+00,2.267411783539832637e+00
2.575474233131585855e+00,6.361813586111004781e-01,-8.851377208152133580e-02,4.135124452712128473e+00,7.575030782994307543e-01,1.168947511460918687e+00
2.528881814281645379e+00,1.954562028979303534e+00,-1.503970896537178081e+00,3.776364464523624065e+00,7.815880722272723347e-01,2.135266312694807489e+00
-1.879497981356460956e+00,-3.174688454304561258e+00,3.211823521060646947e+00,1.535283666024298110e+00,2.531878428414371385e-01,-2.307362925589935276e+00
1.462066997898940901e+00,5.047814874078122571e-01,6.145582908632379882e-01,5.601649183628915729e+00,-5.879684597878975794e-01,4.273838523930027833e+00
3.254443709697331322e+00,2.045704716952968738e+00,-1.616226310211154038e+00,3.111959008321703912e+00,-2.782073144071118165e+00,5.346400244538143554e+00
2.657144893970441402e+00,1.885801906154898511e+00,-1.553367659853467586e+00,3.476275068817915148e+00,-1.100754321451498541e+00,4.797314114306439059e+00
1.814567972414123709e+00,3.942732602692977650e-01,7.064384914761822065e-01,4.127554316773013099e+00,2.378714297641526088e+00,-1.146332386726844899e-02
-1.036633145792639876e+00,5.121340727458623121e-03,1.978087028678523929e+00,4.757379641240895296e+00,-1.701946594807334900e+00,5.038934500681970796e+00
-1.576329868706821680e+00,-2.643111406364846871e+00,2.588666176544464292e+00,5.669660019739416690e+00,-1.392908797198347148e+00,6.951835214047773492e-01
2.890375730037470170e+00,5.176100161534211708e-01,3.364000754784595704e-01,4.766281242219261749e+00,1.947332457073072121e+00,2.765264000898854380e-01
3.109297145594454470e+00,3.397241730403785631e+00,-1.972764593516185938e+00,1.990321476806245604e+00,7.232082212841577373e-01,1.415931174948701576e+00
-2.030452548605974350e+00,-1.374665061133519828e+00,3.743347802479537911e+00,4.377711489483114171e+00,3.102667638414175144e+00,-1.156060191861605135e+00
-2.672074329329952591e-01,-6.483107304122981418e-01,1.687736556060851711e+00,5.980869272450293650e+00,-1.114275454172203972e+00,5.123047253508143939e+00
2.636610534873143230e+00,3.199844407909870014e+00,-1.941129499739273845e+00,2.369869295366706652e+00,-6.270996019207455419e-01,6.823027214133814411e+00
8.948428528099767743e-01,-3.230280165104928436e-01,1.391707050746231689e+00,5.281374310359068680e+00,-2.864140589158923333e-01,2.716589117208586313e+00
1.869568821350817922e+00,6.141547838148886385e-01,3.098255322423787983e-01,4.380506729062701332e+00,2.332813728737521686e+00,3.122148087235415703e-02
1.485563913290337767e+00,5.302093081911429806e-01,7.337210247402882191e-01,4.702077781868045037e+00,3.483625876005360666e+00,5.925949176112781380e-01
3.292454011414175596e+00,2.544095636798554771e+00,-1.796709466563873647e+00,3.722651032212545452e+00,-2.121606407591122512e+00,6.463778404231158348e+00
2.743266899851936280e+00,2.304851370751886286e+00,-1.721265882396646685e+00,3.276096688825429926e+00,1.433098163024322247e+00,2.287545925276403658e+00
2.593024672269955033e+00,2.403740420467867622e+00,-1.709904877559338843e+00,3.011733466917108526e+00,-2.826407645766959575e+00,5.310964330122639687e+00
2.527811020688962351e+00,2.750821338471251210e+00,-1.820239675419450753e+00,2.290386735601253942e+00,2.328721544180464065e+00,7.004518140150780559e-01
2.683605774896314244e+00,2.258110050719666084e+00,-1.685362058475833313e+00,3.302355741257321231e+00,-1.285653164183317099e+00,6.738817762292523383e+00
-1.343388796497081872e+00,-1.120241903281689044e+00,2.344487137593315396e+00,5.002009049822483178e+00,2.504382481834854346e+00,-8.302631861087181875e-01
-1.669300825286214707e+00,-2.938294937961409836e+00,2.827320158113964865e+00,5.705499522094590326e+00,-3.276553506212327882e+00,1.877262073653670704e+00
3.600087661861135047e+00,1.286079129550047995e+00,-1.047810977504453733e+00,4.528865435997695421e+00,3.413015242886769940e+00,4.272874670110363704e-01
-7.785558485847465793e-01,-8.692756790459315042e-01,2.035103717223436082e+00,4.803678135633179025e+00,7.334762151913825079e-01,1.204526200618468712e+00
-1.145263961050350776e+00,-3.874608678447248877e-01,2.067514287609589108e+00,4.578279438200055118e+00,3.344810509288707934e+00,-3.538720318208764537e-01
-1.794072738333265971e+00,-2.913437443236094992e+00,3.016241942319102698e+00,4.780576755128175925e+00,-2.178679451820908941e+00,1.765736171172708202e+00
2.862896953567179548e+00,2.423530609680135228e+00,-1.735286397352616250e+00,3.141708857428498813e+00,-2.657153947295451069e+00,4.611049264956122329e+00
2.436272121993891204e+00,2.846443822672084956e+00,-1.874658398954677452e+00,2.832818679955726893e+00,1.621083272843481637e+00,9.640881071539744163e-01
-1.557892594903987682e+00,-3.499133609021550573e+00,2.741981731005121770e+00,4.693966340282973881e+00,-1.814674512573013487e+00,3.920270417934635931e-01
2.961560068370126864e+00,2.065619057971114891e+00,-1.654380423668583289e+00,4.251587906415165818e+00,-3.488482059822723080e+00,7.249669015035053121e+00
2.456106887219561052e+00,1.726869093970226920e+00,-1.331979597828649053e+00,4.081157350695156616e+00,-2.197849024776041382e+00,5.182643719094359724e+00
3.017001775309930967e+00,2.673250340713805073e+00,-1.818550695101905257e+00,2.633661573632831931e+00,-1.897440867219800209e+00,4.859838616010831558e+00
3.271987304212701453e+00,2.444086674274526416e+00,-1.732521215109787072e+00,2.756846056523405863e+00,1.538567181869383127e+00,1.414801151003072466e+00
1.629211194422520048e+00,4.685995262377780080e-01,6.645399224121527615e-01,5.273741172426150925e+00,-5.441601195056260387e-01,4.466558256926576931e+00
-1.368499991784470016e+00,-1.496830434148177513e+00,2.363897725557795315e+00,5.388470198232637287e+00,-3.283825211728280458e+00,4.045486926484141321e+00
3.644741788591960407e+00,1.066845624927893255e+00,-7.955678377499065812e-01,5.572291386213942488e+00,-1.169922935854727175e+00,5.230753756355566608e+00
4.021635132174447236e+00,6.123596849917518625e-01,2.289468581411459591e-01,4.255241217807036236e+00,3.075228772110403241e+00,1.397439648180480054e+00
2.539259201803480970e+00,1.866855400425151856e+00,-1.557642966220125436e+00,3.380916145168991971e+00,-1.605207086928972515e-01,3.939452914704498099e+00
2.738946822937720071e+00,3.019007743286955758e+00,-1.910492464639924615e+00,2.886497139228581865e+00,9.617025983505538278e-01,1.192390565996353846e+00
-1.867675085994500161e+00,-2.768069362779367104e+00,3.291363968714517974e+00,4.321101062303183582e+00,-1.962407066143256884e-03,-1.090517451141210126e+00
-1.347539157325666315e+00,-2.723055341420747677e+00,2.214454228048813089e+00,9.444298896608146476e-01,5.215722741000874407e-01,-2.523486429835030354e+00
-1.113611457002391836e+00,-2.017395458398591579e+00,2.012072566375958438e+00,4.566507270594430068e+00,-1.708920290359804639e+00,1.714745860477649098e+00
2.199854922060005435e+00,1.883560678152471191e+00,-1.561115966976016400e+00,3.397595496149703465e+00,-2.869998021975583402e+00,5.494488853609956536e+00
3.004338015453523969e+00,1.067644383798608487e+00,-8.093673457034997742e-01,4.495908383747757142e+00,-1.324459548744956194e+00,6.025514366508392783e+00
4.753131268893961092e+00,3.386039270497969156e+00,-1.967592408765565404e+00,2.210555326183334390e+00,-3.007248805314528539e+00,7.000550885173444371e+00
2.154111524548262491e+00,1.021310494846426664e+00,-7.634711464110039980e-01,5.900697500492498193e+00,-2.724940840110449791e+00,8.214971368070219881e+00
-1.264760620046862405e+00,-2.759712892559237574e+00,2.202380461180375892e+00,5.057598616123045510e+00,-8.481749133516673922e-01,2.218846496749640629e+00
1.828263619653653249e+00,4.972563050839329257e-01,5.757471202686155198e-01,5.215752673194156586e+00,2.527571329982158943e-03,2.224214239560839523e+00
2.343265382126713980e+00,4.716890903860497808e-01,7.465214133429418641e-01,4.514670523809589220e+00,1.841047357080576319e+00,5.734841495597735594e-01
-9.722957503917951660e-01,-9.195318896840096734e-01,2.053483339115091066e+00,5.710142513253145147e+00,3.742114322698997242e-01,9.895538262197195456e-01
-1.654568600158333513e+00,-3.263844871531675906e+00,2.710806045888303206e+00,8.636073407425286230e-02,2.549111925964678171e+00,-3.824282833838987372e+00
7.097529574382474005e-01,-2.296397135885186458e-01,1.580737594589233019e+00,5.332374772915043692e+00,-3.125223632207778213e+00,4.793896881753063610e+00
-1.404624896110999277e+00,-1.274304515651396574e+00,2.550178016168785700e+00,4.103053383319905656e+00,1.237245341482390515e+00,-8.804845947138748574e-01
-1.448265555332305610e+00,-3.304255557270228127e+00,2.471888124744309856e+00,5.276238196892459875e+00,-9.223940374732704228e-01,-9.049045638451863605e-02
1.681939236941305760e+00,5.282504312788205425e-01,4.574563892463005543e-01,5.175842008952579398e+00,-9.345832344290809779e-01,6.311972136407788980e+00
2.836642005788780896e+00,2.687058706982385026e+00,-1.776467111598283521e+00,2.730053190251305661e+00,-2.650321419937933243e+00,6.600073427792088054e+00
-1.358981306769124098e+00,-1.161574301146993449e+00,2.378616146343239812e+00,5.350632322509047079e+00,-1.960647374817881650e+00,3.406316074731385424e+00
2.665315495487337927e+00,5.835767855895888090e-01,1.460517100088486731e-01,5.035334178762569834e+00,-9.736441829124764524e-01,4.354423750226037448e+00
2.397295154560569408e+00,8.072991646874543292e-01,-4.053877678322339584e-01,5.145350072056460888e+00,-2.208958920503546697e+00,4.281306525552137643e+00
-6.159164437691349026e-01,-5.690647177881937857e-01,1.773500888408142240e+00,5.042643510622426106e+00,-1.045300779222579024e+00,3.926238169867866556e+00
-1.046554790096608567e+00,-2.137646517983853300e-01,1.979699622479929921e+00,6.819990459482546896e+00,-2.503031635507550590e+00,6.124826671745291939e+00
2.543242356095430701e+00,5.126171752986925512e-01,4.075598359612094823e-01,5.598514027410852023e+00,8.501162342035168962e-01,4.475272858290522682e-01
-1.510359465684039559e+00,-3.285352781948231993e+00,2.476540967887584710e+00,1.593987383509681832e-01,1.730955283854333615e+00,-3.632668699172193705e+00
-1.402654943926395337e+00,-1.581104743804329305e+00,2.442070394682551715e+00,4.656847494542136978e+00,-3.470285144177154280e-02,4.443826832172723118e-01
-1.155717310730189906e+00,-2.089335764914342697e+00,2.063414012172021028e+00,4.708511760216694597e+00,-1.072613256122814995e+00,9.170319091374252718e-01
2.040685350445232249e+00,6.960518281603924606e-01,-1.423720864517934170e-01,5.066803764427142198e+00,-1.437983085971647590e+00,5.599549438787434497e+00
-1.652594261044313395e+00,-8.392387298749541813e-01,2.641313907272486716e+00,5.132975473485073437e+00,-2.525800163138314680e+00,4.015901256033584943e+00
-5.902818556707030151e-01,-8.706245146915891908e-02,1.824650612425204210e+00,4.859212689153284970e+00,1.197710862881128158e+00,7.275253258807142798e-01
-1.619575293856306386e+00,-2.216298319138216399e+00,2.617997966228638340e+00,3.778769669342473048e+00,3.148424885774736559e-01,-1.654702119589808396e+00
-1.146799642875542924e+00,-2.430326303952516920e+00,2.146855280339282857e+00,4.582173823689806191e+00,-6.114296169808448589e-01,1.352936001523817877e+00
-1.896609491232359668e+00,-3.088041625201556339e+00,3.236105053811323629e+00,6.718543609772681391e-01,9.819730284574239576e-01,-2.987670293160896495e+00
1.454923704798519735e+00,4.193364740458651596e-01,9.156800059102485623e-01,5.405133013570902811e+00,4.547216292736493415e-01,1.438603065153255312e+00
4.410095608893075947e-01,-1.545070394164564931e-01,1.373280617726005737e+00,4.923199502740867928e+00,3.300736725490546419e+00,3.844494507003863859e-01
-1.479710522296978636e+00,-3.020672263447412575e+00,2.414585336908378732e+00,5.090613871284347530e-02,3.233831219965408899e+00,-3.850780893380271852e+00
4.078920484299458638e-01,-5.243308964366790725e-01,1.561992992171834738e+00,4.642718810477262537e+00,1.165760528475656699e+00,8.269613005202445244e-01
-1.090497511978875567e+00,-1.041355824408158437e+00,2.049525188599898406e+00,5.196467512617390483e+00,-1.105359742344805163e+00,4.180249224195106805e+00
2.594837776265870311e+00,1.798491376767751504e+00,-1.536541071176023454e+00,3.732848935209001073e+00,-3.328443012870729412e+00,6.011587128145345460e+00
2.067260482760717277e+00,6.348236354717018415e-01,1.979914508304064791e-02,5.493451416723094560e+00,1.483341816344318609e+00,1.387280335914988783e+00
-7.519768302341165445e-01,-6.324868985724894088e-01,1.852755124150215815e+00,4.825432407402078461e+00,-2.145363290328858419e+00,4.230396575046409424e+00
2.910468852371605575e+00,2.110661118735361441e+00,-1.627930539325516790e+00,3.540082339893712238e+00,-5.648962580853589266e-01,4.039151570341466879e+00
-1.921678968794254150e+00,-2.218266507203764171e+00,3.347891633953316681e+00,3.231343392132157266e+00,6.237161627545120268e-01,-1.869131236861191869e+00
2.817276065321047351e+00,8.988937271587724709e-01,-4.451842818602734786e-01,4.330112892950831238e+00,2.479325975836169427e+00,8.331427200858942950e-02
2.209487031951447022e+00,4.764013071194352911e-01,3.706605932994163632e-01,4.454801588977526983e+00,2.734803380166405340e+00,2.217610122079279877e-01
2.389847233413262995e+00,2.439340029740995952e+00,-1.757682180259432014e+00,2.712385291595311720e+00,1.938355905558478476e+00,2.747047668632940365e-01
-1.629351333288536541e+00,-3.003216036668994615e+00,2.608290554418558838e+00,5.553375654315878762e+00,-2.049005909486610211e+00,1.235595324648422588e+00
-1.605540113376879852e+00,-3.510952479887077260e-01,2.625761274839665038e+00,4.933731017606617364e+00,2.654453591982738558e+00,-5.125266499430181089e-02
-9.792547167009826303e-01,-7.732525978385811349e-01,2.131346531031595326e+00,4.683156560685194592e+00,2.247212494310269371e+00,-5.586006402617915700e-02
-1.157117019904952304e+00,-1.862332282499056690e+00,2.232160033422101009e+00,2.039397214478165132e+00,2.190876362705066249e+00,-2.073292247336814942e+00
2.170192801617990774e+00,1.066763714593820467e+00,-6.427323996391378635e-01,3.676392756301667841e+00,3.193092234022420151e+00,-2.570174919988039153e-01
-1.518246516843896332e+00,-3.247397435557474843e+00,2.449362472598424212e+00,1.223807429886525355e-01,2.076425170186666946e+00,-3.647714503149711351e+00
-1.829177261532938692e+00,-2.811762241583593891e+00,3.067717563259068747e+00,5.381289761036447850e+00,-2.840634399217842443e+00,1.664658481421635194e+00
2.478465158103997368e+00,3.394429901090703083e+00,-1.971954665421729702e+00,2.220762213109477745e+00,6.243826633574611762e-01,1.142638004956929354e+00
-1.367352549567284914e+00,-3.472621238435581681e+00,2.406444663641351678e+00,1.229792185947123917e+00,3.029035490345566295e-01,-2.294355442438926751e+00
1.264519119868410701e+00,2.241303984583069564e-01,9.936921978229826813e-01,4.740621764746157929e+00,-2.688055466666429361e+00,4.988657310415080204e+00
3.776540986273444922e+00,2.311966292468816242e+00,-1.684147539805208371e+00,2.826407283862566899e+00,2.376841597433449138e+00,3.022683094209630550e-01
2.556110331627517773e+00,2.656150270670616820e+00,-1.809614637271350412e+00,3.041444141957403868e+00,-9.562096009850860057e-01,4.755869284166378996e+00
-8.736983562766331701e-01,-6.864678854816745890e-01,1.950619178519691133e+00,5.534887551706432873e+00,-3.759702945450014155e-01,2.366232701549523476e+00
3.918381561178498451e+00,1.451192870627063591e+00,-1.290194590156461762e+00,4.332643640984544575e+00,-3.039436623423345196e+00,5.094138241979534243e+00
1.214191930095186889e+00,4.231671307008153526e-01,9.221898920884943340e-01,5.638708659013865088e+00,-1.415215287121420751e-01,2.730456223078580269e+00
-1.041606915234131181e+00,-1.073383462036667346e+00,2.021658441093245884e+00,6.168460400172209646e+00,-2.347728422819769456e+00,5.094551790434358907e+00
2.649596494870946284e+00,2.342194497342766191e+00,-1.740807033998472253e+00,3.587193275397630998e+00,1.361630812073053143e+00,1.848950671430293902e+00
2.568204703867302818e+00,3.282320846997619945e+00,-1.956824377033206996e+00,2.086722812786282244e+00,2.684650775062648265e+00,1.740707967009619717e+00
2.241179692009798607e+00,1.462939509514246339e+00,-1.337484645909174708e+00,4.094474951193797452e+00,-1.630283328134217502e+00,5.895962394073872126e+00
2.874912967277454268e-02,2.762468340985169135e-02,1.533219880946017133e+00,4.877062235835903259e+00,-2.684935921017892024e+00,4.126667816369208097e+00
2.731499903849619493e+00,3.233040871279274420e+00,-1.944509549247696256e+00,3.236221182046410405e+00,3.279734334431812393e+00,1.429789856595787612e+00
2.164859335695030307e+00,1.828593800704047645e+00,-1.462504183210359132e+00,3.484725713230324651e+00,1.896889619049026976e+00,9.848256120246307033e-01
3.864867831465557124e+00,3.416710561949932945e+00,-1.976294062582201416e+00,1.778274960636148094e+00,2.703600071062321142e+00,1.134265748459734879e-01
-9.901686743023805359e-01,-1.941712254199218446e+00,1.969675526683910549e+00,4.586190579597606565e+00,-8.542720668054237798e-01,1.194497251163090468e+00
2.507093929806348598e+00,1.185830284966076675e+00,-1.039892379358006158e+00,4.294355298037812574e+00,-1.317658113179084545e+00,4.722361691540782225e+00
-1.632273240086668853e+00,-1.361046195011792470e+00,2.684937857351105350e+00,6.087973206775108892e+00,-6.267063079968000494e-01,4.607199374736306474e+00
1.906006648609472665e+00,5.541265245943289841e-01,8.240648806704474749e-01,5.814997262443760917e+00,-7.543676543862991579e-01,6.299948545815180267e+00
4.609523747936157823e-01,-4.325344666112096448e-02,1.481159027462197519e+00,5.163095813755266050e+00,-6.297077300881834816e-01,4.285351313943321472e+00
-1.867857430040392064e+00,-2.541828208890578811e+00,3.299648543614755791e+00,4.415632994953391233e+00,-1.161223938874194062e-01,-8.100432677759569211e-01
2.256295324372463273e+00,2.371852799439770010e+00,-1.744708168253501501e+00,3.176215090657944273e+00,-4.725882441402262657e-01,3.365448442235332571e+00
-1.635223603116350288e+00,-1.364790104375981805e+00,2.632987503323169776e+00,4.524621457636277988e+00,8.464838852007927628e-01,4.446138020123469037e-02
-1.561391330021617785e+00,-2.907759336649929693e+00,2.571522619208561178e+00,4.978400594593480832e+00,-2.421182557980412486e+00,1.485700414994570950e+00
-1.783558387303795234e+00,-3.164026783981407576e+00,3.005214047941752398e+00,1.958183717836808890e-01,2.003491672560146597e+00,-3.631657074234924121e+00
2.651914029184980315e+00,8.949454558415732564e-01,-1.959109905049997158e-01,4.420716474050601974e+00,-9.455875545786707193e-01,4.559133897929936730e+00
-1.887971243014506140e+00,-2.933294421130982599e+00,3.251293016726104490e+00,1.489664495115042009e-01,3.199070265996367901e+00,-3.817184803054349373e+00
-3.080218266874769073e-01,-6.930074572980169378e-01,1.729125271764834215e+00,5.323026786986186032e+00,3.102454967327035185e+00,-6.083986350199536153e-01
2.831003234794351009e+00,3.394572178462977874e+00,-1.972431444045169568e+00,2.235974105047394023e+00,1.109482713168452150e+00,9.003867362110726802e-01
2.766588353046700366e+00,1.468745426511667951e+00,-1.263509267202471920e+00,3.779531181263571238e+00,7.444083314495149040e-01,2.081989520469019084e+00
3.241210843196675739e+00,9.038836994515575540e-01,-7.033063101615539825e-01,4.330116305454354553e+00,3.315418831070166661e+00,-1.024435728677401958e-01
-6.788347650619088736e-01,-7.647418895938296046e-02,1.747035403605535331e+00,4.378769209194741663e+00,2.671831396255084812e+00,2.063563547694655664e-01
-1.027175521777883294e+00,-2.115161367700292061e+00,2.136624691909832396e+00,6.195241959174765611e+00,-2.973743914999166904e+00,1.761726104478237964e+00
-1.670114469247209632e+00,-2.112342522488602548e+00,2.720583411239545057e+00,1.186921463257162745e+00,1.191450702004344109e+00,-2.313747227338828871e+00
-1.042532799130831078e+00,-1.581092385996297534e+00,2.044004715774408787e+00,6.126893264304074549e+00,-1.662812594273716860e+00,2.566004490642091795e+00
-9.846420624962833879e-01,-1.710230636899461976e+00,1.963470827889391535e+00,4.777717681051558252e+00,-9.681813336767319811e-02,6.928548223497827951e-01
2.610725199900040039e+00,3.471174409101714708e+00,-1.984256818790965493e+00,2.429232742986755511e+00,-1.373545057057447671e+00,6.579587191167199478e+00
2.510203467624585905e+00,2.254938279086077024e+00,-1.617594970580263025e+00,3.659587244351198976e+00,-1.287753102516641768e+00,5.646440818016473351e+00
2.388349941228006479e+00,3.408035252945703419e+00,-1.973161149165913120e+00,2.383458450903493731e+00,-3.363162952658522720e+00,7.386352905427817639e+00
-1.474777852978980563e+00,-2.373445939720191689e+00,2.575756759698303089e+00,4.890282136407199332e+00,-3.374068657633666923e+00,1.314980043866391890e+00
-1.749178742704376788e+00,-2.955955678532252939e+00,2.979111875406660115e+00,5.245151537472577452e+00,-3.436994016189318213e+00,7.832788012545063294e-01
-1.847997445760397373e+00,-1.571774270598085277e+00,3.151048562765078387e+00,6.068461775474943920e+00,-2.645083002833259478e+00,3.171420260408125635e+00
-1.239520693343416857e+00,-6.419872279955796124e-01,2.375708678609937508e+00,6.082448708125617109e+00,-1.211039875485692363e+00,4.498734020238372544e+00
2.979349308328410384e+00,1.645802631666308358e+00,-1.411137728944665160e+00,3.335810629677106842e+00,-9.421606779659850162e-01,5.633761376534049958e+00
2.176942420650659127e+00,1.261783305886956086e+00,-1.134469319437756418e+00,3.665640772349618270e+00,2.412770620323930970e+00,-1.040034276762707433e-01
-1.492882135139648181e+00,-1.315591967300464571e+00,2.403854038105052382e+00,5.864533553027539092e+00,-2.473834062558289304e+00,4.312812815182816450e+00
3.482164212974937723e+00,2.471752245893839905e+00,-1.762878629626164484e+00,2.762908298814907404e+00,-1.698929920628611256e-01,4.133118507910312545e+00
2.037121968384616011e+00,7.258778591942531833e-01,4.614352691993389710e-02,4.821545653243853202e+00,6.617976721261698003e-01,1.174907070873668413e+00
3.175014961645611145e+00,2.296646234315985247e+00,-1.727305045825664465e+00,3.065743132370893687e+00,8.789095019908561568e-01,1.173049141316508726e+00
-1.306429836626481267e+00,-2.227873013156556059e+00,2.311146702067854886e+00,4.140496963127458407e+00,-9.676293024353377348e-02,-6.138070774995074697e-01
2.484781287320688481e+00,3.107206660206078830e+00,-1.911358543140774913e+00,2.347195249167917108e+00,-1.526007293775442086e-01,3.592972883989449251e+00
-8.854248071246355600e-01,-1.400849158506380920e+00,2.133555500646281633e+00,5.894952452350481487e+00,5.072540884636174141e-01,8.065946417883044228e-01
-1.106170601034980328e+00,-1.441733319637563238e+00,2.282935934317120719e+00,6.208571560467139427e+00,-1.831970538326657127e-01,1.867194106805035947e+00
2.794089850286283649e+00,1.763796799597548315e+00,-1.306791432611962289e+00,4.132418703426562701e+00,2.139331992779365699e+00,5.331553693887914891e-01
3.004223352713863981e+00,8.158752943716267580e-01,-2.194598826558967208e-01,4.507546739643537137e+00,-4.148062771195650811e-01,5.234920512276315385e+00
2.317228971738348520e+00,7.661966776251292188e-01,-3.116335330090554412e-01,4.176123942818333212e+00,2.609915167156755089e+00,-2.282168627209066880e-01
2.328031375879111575e+00,1.093393076281613752e+00,-8.753961129235779959e-01,5.036210991326139919e+00,-3.484962613474668736e+00,5.910455703784091241e+00
-1.341585985197068620e+00,-2.916223553230788301e+00,2.343778231618879548e+00,4.638412372893428781e+00,-1.795322649200922882e+00,7.963672487802477828e-01
-1.522786277048421510e+00,-1.010042534056130314e+00,2.591987224450628347e+00,5.175576254275836341e+00,3.223728557435763697e+00,-1.082050824270186284e+00
2.519731087932105762e+00,2.577649130722358350e+00,-1.800297027166692931e+00,3.252999664711039962e+00,-2.110718014894148897e+00,5.608286072593488214e+00
2.526864380146315092e+00,1.503745699185637719e+00,-1.308001497951053693e+00,3.735647176938562630e+00,3.247678636322610224e+00,1.585434765150706138e-02
-2.134932342642949621e+00,-3.477589757806993642e+00,4.144599237430760752e+00,4.711530670390018827e+00,-1.861526593260347973e+00,4.456082207140160678e-01
2.315628284356552324e+00,3.371586906860473576e+00,-1.966253741729168114e+00,2.194448456944834369e+00,-2.744979988806246940e+00,4.988819078419566289e+00
2.331687743743676489e+00,3.151712823255869544e+00,-1.919203660597421424e+00,2.184306635712469191e+00,6.205807720237199732e-01,1.324241436099854674e+00
-1.214782514743069752e+00,-2.170638738963949876e+00,2.221362336169537155e+00,5.243057676706279757e-01,2.018664803007171216e+00,-2.951445034014245739e+00
-1.758999208026408301e+00,-3.181058065930979062e+00,2.894095213186282045e+00,5.181158068603028966e+00,-4.247967548781783620e-02,-5.194291783740485613e-01
2.507767194702945623e+00,2.546981484652938832e+00,-1.795282868658309550e+00,3.553258544569482869e+00,-2.961010467500808652e+00,7.726949207717814794e+00
-1.367894191947056637e+00,-1.830113241832726612e+00,2.307609203629176875e+00,1.457898988548568919e+00,3.271128126835034067e+00,-2.165412022839759754e+00
-1.051532462039898030e+00,-1.273267926015249962e+00,2.074890155117282475e+00,6.705219273533444380e+00,-1.609104088385597819e-01,1.589288270772555300e+00
2.575652194358470926e+00,2.000324201897963228e+00,-1.563968777443401237e+00,3.686802677940606898e+00,-5.335481832090400722e-01,4.338603905043673770e+00
-1.942183328198160863e+00,-3.192117377197400074e+00,3.348724427783803748e+00,5.568583020923123073e+00,-1.133279577454960219e+00,4.956308807888892137e-02
2.778211003295814940e+00,1.921862653588193304e+00,-1.472760678657016209e+00,3.772798327838262633e+00,-1.790300014562147268e+00,5.519982000421619794e+00
2.422542063009107238e+00,1.937007512514632879e+00,-1.591350295108876489e+00,3.082980029739189387e+00,2.379015160552939712e-01,2.383982628824480088e+00
3.164306742967400998e-01,1.144101613455359434e-01,1.428511031636289674e+00,5.744837715259004440e+00,-2.558485292482896245e+00,5.188120544526526601e+00
1.934642312349943882e+00,5.457456498788859633e-01,2.959277637966704066e-01,5.202591008642286852e+00,2.891343963405855533e+00,7.451781052463593014e-01
-1.500568770755677406e+00,-2.570849585771898482e+00,2.550436875671420633e+00,5.484411918302266820e+00,-1.255379419412883557e+00,7.148413553055147363e-01
3.125348395004921898e+00,2.978766281217676948e+00,-1.893308049825264350e+00,2.217152378741237495e+00,1.233017774794046950e+00,7.776243349427807150e-01
2.526925376464152162e+00,2.470317972838709686e+00,-1.736969932387938620e+00,3.299420180663876323e+00,2.119151855370423831e+00,8.282518680856419957e-01
2.318387348229677958e+00,1.291100450773633668e+00,-1.127402992917376334e+00,4.593884637726544540e+00,8.811203740296909004e-01,1.574283267350708782e+00
-1.877963280261666146e+00,-2.727827543519763864e+00,3.219159899708591954e+00,5.858052289259568113e+00,-5.120710349213331014e-01,-1.774452753332580734e-01
2.532430125929771236e+00,1.336783582379395874e+00,-1.218438960483341882e+00,3.737680958405570131e+00,2.419448527741721477e+00,1.451215467182958907e+00
2.702151678289701486e+00,3.497791256626314293e+00,-1.988841429275429951e+00,2.028808697597129118e+00,3.111118504789352812e+00,1.225972980170137450e-01
-1.497107412831399698e+00,-1.350073688635825775e+00,2.537360866719339914e+00,5.685158524774275079e+00,-2.593948819571864295e+00,3.691708427528438197e+00
2.145436345728506389e+00,1.139218745848511460e+00,-9.500209479058988604e-01,4.303022421871059322e+00,-6.647272626214784097e-01,5.596432139535391315e+00
3.087020147106894097e+00,1.472683228954434931e+00,-9.780328805539052484e-01,4.380353479339282430e+00,-2.871579613603618242e+00,6.565266253777958028e+00
2.033530054220696215e+00,7.545041411745962989e-01,-7.119873821677452641e-02,4.524536163389162979e+00,2.635636550039232695e+00,6.938787987526853218e-01
-7.755229994511694258e-01,-4.310939844909014163e-01,1.832544408606351372e+00,5.936101749442268094e+00,1.913818672597999537e+00,-6.431467248640126977e-02
1.116224235336703119e+00,-1.006031128030500099e-01,1.176306083277115944e+00,4.446678495151116017e+00,1.772029009462856131e+00,-1.918616738247068132e-01
-1.277310451876849440e+00,-1.535698891572458979e+00,2.319695121012560257e+00,3.331339056772042007e+00,3.157757249356396123e+00,-1.818662504366730381e+00
2.201988542129119431e+00,1.022365052171386068e+00,-7.387921127230320240e-01,3.916733598382553083e+00,5.535062321475088254e-01,1.656610239342423574e+00
-7.027243608326283475e-01,-1.513559317551863792e+00,1.876900892384204322e+00,4.132342775099582255e+00,1.785778429417344881e+00,-9.852985453191771548e-01
1.436548192832464821e+00,2.377988347017838677e-01,1.041640871467540697e+00,5.079201544326648055e+00,3.407347345465700172e+00,9.347018507020843359e-02
2.512107714077798537e+00,2.964326917067213962e+00,-1.899495155246398559e+00,3.197567895664660043e+00,-1.225216268420201260e+00,4.529790566079430647e+00
-1.392422307024544725e+00,-1.333234988959727474e+00,2.311132283899447692e+00,4.329264681122873881e+00,1.279331232481559333e+00,-5.919681273308905478e-01
-1.699507658855646808e+00,-2.498949415413360686e+00,2.741956344455562800e+00,4.961427604014421178e+00,-1.960904692536538985e+00,1.182516656599693849e+00
-1.298194163920331157e+00,-8.651206318261435158e-01,2.275708291223750290e+00,4.961403276718225897e+00,-1.398134254946538757e+00,3.448270393018562974e+00
-8.895472665540885560e-01,-7.169529879247260595e-02,1.871072780488160170e+00,5.688322804499960306e+00,2.343663364461440857e+00,1.082874321337713219e+00
1.475016049838518306e+00,4.813575260540368106e-01,6.056515349282900473e-01,4.710310923310132125e+00,-2.442592672515103480e+00,5.236642861840101304e+00
-1.309167396210131784e+00,-1.989078125392812257e+00,2.368916778133667744e+00,6.291643550706532695e-01,3.249032778086301754e+00,-2.712190160563175301e+00
3.775606130501516944e+00,2.692004527799395142e+00,-1.801776293769088877e+00,3.760241322899968708e+00,6.397000145704856422e-01,1.502880544384662898e+00
-1.702756873034470653e+00,-2.557858341284525494e+00,2.762773460954091043e+00,3.757727205944208504e-01,2.626689829982755242e+00,-3.379482337282763371e+00
-1.889406068853716425e+00,-1.167703519495639330e+00,3.203391029388785949e+00,4.457265693676570883e+00,2.868182810828869833e+00,-2.110534494330216226e-01
-1.294423358155879722e+00,-2.705836645201587842e+00,2.216584401358114853e+00,6.112723397911931755e+00,-1.124617205881982329e+00,6.818345601852056070e-01
-1.728308414326796161e+00,-3.096318824433994088e+00,2.863944898226787217e+00,3.923233589194021764e+00,1.634862756176271859e-01,-1.395316032211227686e+00
3.632133927116865557e+00,3.096377853744614050e+00,-1.919017048068123898e+00,2.521372625547278368e+00,1.370119162712180483e+00,6.901140538922582168e-01
-1.021282125466671742e+00,-2.032477055932203847e+00,1.946837636061258259e+00,6.355366661020322994e+00,-2.150609145194633420e+00,2.879838540995303120e+00
-1.116844944294466346e+00,-8.566437902151102790e-01,2.157332038396922336e+00,4.533257702949980761e+00,3.027700046433569270e+00,-8.858990344539682260e-01
-1.566156621607811550e+00,-2.965744899107384036e+00,2.590216267170945663e+00,1.586833496759234297e-01,2.015337220468397916e+00,-3.591513482150011871e+00
-1.711533434439640899e+00,-2.107053058891542818e+00,2.858929754746720953e+00,7.913122138171357900e-01,2.070575746257663496e+00,-2.713890010325165747e+00
2.634551711498057003e+00,2.853267372511563593e+00,-1.851266329603518335e+00,2.390508235719140728e+00,2.922430033956533002e+00,8.683073506103552441e-01
-1.899446436146967843e+00,-1.212301836915951281e+00,3.203793627822529189e+00,4.351292416006449670e+00,1.932542383202317637e+00,-9.206559903273328072e-01
2.303392692266084119e+00,2.004717579219359003e+00,-1.597741063379154891e+00,3.372123911148087849e+00,-1.608281955701912125e+00,4.320522715597892471e+00
3.470520635396667775e+00,2.097997866858168692e+00,-1.622771112210078970e+00,2.675182283380181048e+00,1.564721014850722902e+00,2.231520730038122069e-01
3.247770961196621009e+00,2.087303647117715322e+00,-1.631787486232908924e+00,2.996295466727441514e+00,5.579380070147195170e-01,1.143074965145876698e+00
2.438625970722018810e+00,2.580505908257380021e+00,-1.787279535392733321e+00,2.597990590944882161e+00,-2.780424062611266844e+00,5.681609359849733920e+00
3.088495823718739874e+00,3.466306883136939909e+00,-1.982328385124525028e+00,2.181701079376672681e+00,-5.719287393566894195e-01,4.904385972848528397e+00
-1.816172690700999626e+00,-3.081409185624559566e+00,3.063184352462088977e+00,5.553258802734846178e+00,-1.924177673892264906e+00,5.334850546040059704e-01
2.697195502130759426e+00,1.597379147992657344e+00,-1.417702819804731895e+00,4.224348718869978647e+00,-2.903796020608525374e+00,5.037254040070568095e+00
2.317860996750099378e+00,3.459930364294603322e+00,-1.983222551290168001e+00,2.109474497822498851e+00,1.151368739239981842e+00,3.138531142716111333e+00
3.147597171410679184e+00,1.093361828262606750e+00,-7.015549899281620094e-01,4.577462100582113003e+00,2.051792566396399842e+00,9.595547449134049778e-01
-1.904418773769650741e+00,-9.411501506557309327e-01,3.221090740617427617e+00,4.431359758333179855e+00,1.144207237278962452e+00,7.243535166812731241e-02
2.873554037397737737e+00,1.823956892495904647e+00,-1.480873351415575412e+00,3.823549750554316340e+00,-1.939888478830374297e+00,5.986676473042251700e+00
-1.076418438919258147e+00,-2.066748732353464568e+00,2.043692810376326996e+00,4.544382800252835253e+00,-2.695691873580136733e+00,2.267163307913367731e+00
-1.371815356582879009e+00,-2.705936404748601198e+00,2.283353362647462248e+00,1.310637628685613065e-01,3.193059261837822405e+00,-3.562029986845914653e+00
3.401231628964611176e+00,3.277426707228568326e+00,-1.946574827942380459e+00,2.160354041547725146e+00,1.769180839175694686e+00,3.941138718195474344e-01
-9.084021135743612918e-01,2.296518156655915632e-01,2.171451573611774322e+00,4.917497415206757871e+00,-1.660228586475053225e+00,4.493206543761188776e+00
-1.470787041699201492e+00,-3.293111363203518049e+00,2.552598680111269225e+00,1.017877464522380038e+00,4.698975975366543878e-01,-2.427173462028077378e+00
-7.214273870548901790e-01,-1.076930316856320680e+00,1.760703334625636884e+00,3.829537118718139954e+00,2.683355891651273417e+00,-1.094019206702533387e+00
-1.593665773414505438e+00,-1.010874057945885696e+00,2.588912799422350641e+00,5.489581509000183601e+00,-5.122258359006002237e-01,2.514305960669577900e+00
-1.712166954989499335e+00,-2.232874191752850734e+00,2.937779713213791055e+00,4.663396072089599720e+00,-2.852778854687380239e+00,1.404815232806939207e+00
-1.077686499847744228e+00,-2.146484186595273513e+00,2.064816625527908567e+00,5.879105679569125442e+00,-7.630032109308708677e-01,1.462895996384655062e+00
-1.161513014294570434e+00,-1.350022697462517129e+00,2.254359152478315753e+00,4.784606923681914203e+00,-1.542908567641203099e+00,2.932980904610178463e+00
-1.215983725853692521e+00,-1.894211652140654234e+00,2.123099940876769676e+00,3.346432524813454545e+00,1.063402679969053466e+00,-1.717332563016139346e+00
3.024229244050322229e+00,2.403635306049278775e+00,-1.719896415021121783e+00,2.789821499290634499e+00,7.660322325514759001e-01,1.084288763951899659e+00
2.317267807473356811e+00,2.377418827418620317e+00,-1.719082202492993483e+00,3.676930861772299775e+00,-7.587655561825288331e-01,4.112226717180061719e+00
-1.411149449335037831e+00,-2.379692783351770924e+00,2.402907048130004775e+00,7.206923548153340020e-01,1.064353490038826067e+00,-2.604060566890076700e+00
2.692545768774195825e+00,2.954094356321541603e+00,-1.846544370476498109e+00,2.276261433323943706e+00,1.543965509147269266e+00,9.563790562478714508e-01
2.236130570861909916e+00,2.526608204468737462e+00,-1.750235260718809194e+00,2.880758931357418007e+00,-1.339955062236374950e+00,7.121365016222950928e+00
-1.451874790134553006e+00,-2.339523168239583839e+00,2.631826491437561977e+00,3.728803053931860623e-01,2.971703539311256748e+00,-3.080609074151792193e+00
-1.138547380408917231e+00,-1.181219269244966341e+00,2.156170670336789108e+00,4.745713520834391907e+00,-7.465207610350388379e-01,3.395872554274457666e+00
-1.059342335250254674e+00,-3.963647257485711783e-01,2.116315183025317737e+00,5.493875086602257873e+00,1.959015113132678287e+00,6.912899668333349901e-02
2.251690531285444052e+00,1.805920511718023036e+00,-1.536121145077298245e+00,3.954358159985499555e+00,-2.396422047592302818e+00,5.668562998561481159e+00
3.144346964035137582e+00,2.119764695094414897e+00,-1.618956712912015705e+00,2.716107983874238574e+00,3.127821693651469559e+00,-9.747182938357064341e-02
3.943624582222249764e+00,3.114116749898837355e+00,-1.924838695318074722e+00,2.764732760712929061e+00,-1.277058305307566144e+00,5.834340868609494635e+00
-1.326424988380923375e+00,-4.873008188701124510e-01,2.215902696557146001e+00,5.597718455847911834e+00,2.470102628018150170e+00,-1.971947506188327370e-01
-1.234797529658828719e+00,-7.865761777775635011e-01,2.218805509072240945e+00,5.142278956795108158e+00,1.355859179241125645e+00,5.779328448633427318e-01
2.604739143644505983e+00,1.495067122328099352e+00,-1.353126662966220417e+00,3.814881988104562804e+00,8.716416691368333858e-02,1.786775120449367149e+00
3.070980427775482191e+00,1.094605449433418087e+00,-9.353820377771120409e-01,3.999852051822432308e+00,-2.073021074720381218e+00,4.301245375183119890e+00
3.013706339573729576e+00,2.000023481113287538e+00,-1.623205320071559932e+00,3.741567454659359804e+00,-1.887237195396035627e+00,4.663416256656367054e+00
2.531057542327806775e+00,1.813892656325396757e+00,-1.509985826459967928e+00,4.096089720905476739e+00,-2.342077068410717722e+00,5.269522643941070505e+00
2.545143828004268638e+00,3.222704007254605152e+00,-1.927212585568187198e+00,2.258052931293516252e+00,2.757571982034943581e+00,9.419699020420354563e-01
-1.180308392905321524e+00,-2.202291251548045725e+00,2.092918983882081196e+00,6.465642711423287281e+00,-1.273568006437373779e+00,1.352105600295936405e+00
-1.337013424157205588e+00,-1.402288973359584467e+00,2.273977661612069046e+00,5.793562235259443582e+00,-9.318275028757563305e-01,3.289267096208836616e+00
-1.256359110662398082e-01,-6.459468942822659265e-01,1.579089360989813118e+00,5.105078607818199110e+00,-1.329331116554338887e+00,5.770239987344043087e+00
-1.002289657486150176e+00,-2.326098997006491587e+00,2.087323836176424141e+00,4.843900258084095967e+00,-1.717576053447413820e-01,-5.554725846695096614e-01
-1.180724775483996014e+00,-3.094372100999707609e+00,2.122229312071157725e+00,2.980548644129339952e-01,8.961959853306105117e-01,-3.132866965612599586e+00
-1.440090074921540619e+00,-2.862102317933890916e+00,2.380454005301860132e+00,3.448219467217890633e-01,1.293966099124834734e+00,-3.151015484910276498e+00
-1.970279121327451310e+00,-2.034361065302530580e+00,3.459689367895984358e+00,1.479510880686426111e+00,1.780459076618290837e+00,-2.396535335362418806e+00
3.550211579705742082e+00,1.546269480403230645e+00,-1.328154879165311719e+00,3.718748303961891377e+00,-3.420189440559064487e+00,4.838547617588478289e+00
2.462324028348905181e+00,1.154564319323682753e+00,-9.423170907209650338e-01,4.064321568528886708e+00,-2.005336236738486377e-02,2.922718971958296663e+00
2.590895489694748477e+00,3.275125389715241475e+00,-1.947382618855309611e+00,2.175766549228018487e+00,1.327835832647537906e+00,1.455881505279600141e+00
1.545435609978842884e+00,6.700859622952082262e-02,1.327964784137611653e+00,4.901482968696752707e+00,6.975907670413352690e-01,5.813807447572602038e-01
2.221171420521612649e+00,1.325580243214973031e+00,-1.198071084132927178e+00,4.109720333591914354e+00,1.667807419967478388e+00,1.664948308252555131e+00
2.771111800353437626e+00,1.687804019479103523e+00,-1.437746112226594875e+00,3.907056171038807868e+00,-2.575925615781962996e+00,5.291070427210637916e+00
3.233490360006588737e+00,2.580085192411108785e+00,-1.799200738914209508e+00,2.716194965151197405e+00,-5.437254929974812967e-01,4.604487106105258576e+00
-9.024272116581035785e-01,-9.839757467124723433e-01,1.987292648847901022e+00,4.565606790317300323e+00,2.103856143355818276e+00,-6.489513728788376401e-01
-1.619433570740858475e+00,-1.931031073339849247e+00,2.889405018406375092e+00,3.817655047976441285e+00,4.543998696133719761e-01,-1.436755464110836655e+00
-3.135607770045584775e-01,-6.624514105610108672e-01,1.657920914730584894e+00,5.651540893811866084e+00,1.548163670215061849e+00,-2.985087335910273088e-01
3.872182118980556531e+00,2.266891466505514430e+00,-1.676081063940553451e+00,2.718319288746816387e+00,1.773055596949344448e+00,1.162091267017408391e+00
3.292912618553091697e+00,3.452080956758140751e+00,-1.981410857043342633e+00,2.336142020959475651e+00,1.990115415750897121e+00,7.663249956219787551e-01
2.771652928472091215e+00,2.105259920073630830e+00,-1.627233191847746063e+00,2.894115556721903015e+00,3.328718235135884385e+00,4.836012110558298716e-01
2.473855860322955458e+00,2.670671924519227858e+00,-1.820568538685948257e+00,2.631417853793339479e+00,-6.894038258599026747e-01,3.595351179901493222e+00
1.957951114190259911e+00,7.293767252145642033e-01,-1.099831451103531754e-01,4.395832184679539623e+00,-1.151168795826666980e+00,4.599946295169021759e+00
2.921898176478283204e+00,3.004253140610077644e+00,-1.895903388817988588e+00,3.189532037243104412e+00,-2.896771367416852705e+00,7.758818514762952034e+00
5.209447295896766361e-01,-2.050860071875737489e-01,1.358130493088916202e+00,4.158047669555082315e+00,1.773213127673477274e+00,-2.839314729380471025e-01
-1.337896270752394035e+00,-1.440052277697227101e+00,2.225348629144118462e+00,5.505579321165991580e+00,-5.673873527131192418e-01,2.497671426454323385e+00
3.820577448742088489e+00,3.417351217993799040e+00,-1.976497448553481417e+00,2.404833874528999438e+00,-4.666898385030786578e-01,4.406919279649540222e+00
-2.027354071981733341e+00,-2.253336903196055729e+00,3.657412312367656071e+00,5.003539390540265863e-01,2.685879300348451793e+00,-3.169294728874467282e+00
1.762404915700248820e+00,5.561272021241965291e-01,3.843820091537804573e-01,4.500568836979735643e+00,8.238761718928833133e-01,1.045793438057102120e+00
-9.557194498379101288e-01,-2.861293116917318358e-01,1.933302816274917513e+00,5.985742584740509464e+00,-2.560694323766568914e+00,5.413799169880492812e+00
-3.761970909179502831e-01,-9.164501360704471189e-01,1.813185245548284197e+00,5.089689704366409551e+00,-4.456121949643341296e-01,3.288736392064341096e+00
2.294616390979796083e+00,1.585510298259459994e+00,-1.410253787464509800e+00,3.597886527381049415e+00,1.573959724686421424e+00,8.709103243584375154e-01
3.637244667014166488e+00,2.024546289999197057e+00,-1.509361365110071462e+00,3.839829851240855518e+00,-2.289333435622676660e+00,7.448028839345539609e+00
2.176819652937697303e+00,1.595373676618890180e+00,-1.417321254705133704e+00,3.508011837484493967e+00,-1.156931939297159317e+00,4.282103524202280909e+00
-1.176377633735890438e+00,-3.053279248065265516e+00,2.253655282779035041e+00,5.336936347615436560e+00,-3.257863814666566604e+00,1.329298804763167086e+00
-1.247617458470040130e+00,-1.441604110567966224e+00,2.305326370588443474e+00,4.740497165804218760e+00,9.608163870732662204e-01,-2.491964882757092825e-01
3.294928713113336016e+00,1.560955929311029777e+00,-1.347651628101550703e+00,4.216813469003810155e+00,-2.354040475755729389e+00,5.750482537769658009e+00
2.887305309496026595e+00,7.738795131971976105e-01,-3.632977365985572415e-01,4.484417771107249706e+00,-2.763429007222972356e+00,5.110793565336176236e+00
-1.944581899555129167e+00,-3.390963127819162537e+00,3.451480439100371278e+00,1.377157297564950422e-01,2.606058669386752236e+00,-3.907990991826030047e+00
-1.043361750370431995e+00,-1.667403480550745165e+00,2.035066281062760218e+00,4.546226559917730725e+00,-3.358037742109089674e+00,2.608866577032636691e+00
-1.622931679345507527e+00,-1.577823901414849406e+00,2.767744309788132906e+00,5.895084167919672602e+00,-1.113357931349345353e+00,2.996025925241280419e+00
2.366418575268065538e+00,2.736099830357461293e+00,-1.787082048455290950e+00,2.857981152241798828e+00,-2.589735081050749343e+00,6.684541085099341196e+00
-1.792307656025978524e+00,-2.380604177863360427e+00,2.951883803564868902e+00,5.314166977988572960e+00,-1.401780779328018589e+00,1.830451923604945241e+00
3.914729327832918937e+00,2.394546575247547437e+00,-1.741205625263646750e+00,2.966000796551040875e+00,-1.094541497476491543e+00,4.566953548548281283e+00
3.459091325883663970e+00,3.207047388970130086e+00,-1.935578177320669058e+00,2.470955491385850245e+00,1.349676976767920422e+00,9.460833623413487103e-01
3.035287867462600708e+00,1.001831343029351729e+00,-8.691841338748206303e-01,4.293683323671475094e+00,-3.356372099582671797e+00,4.501033528785272964e+00
2.361627293863481025e+00,1.300409247906664234e+00,-1.127376217794717084e+00,3.761663949964548781e+00,-6.816940037340781799e-01,4.420234610448804169e+00
-1.277033479326050491e+00,-1.615414342873815912e+00,2.310142089535358600e+00,5.296810916191818208e+00,-2.574572089318160284e+00,4.155109485389264279e+00
-1.246013542913222194e+00,-1.954407927156227354e+00,2.229704789937284382e+00,4.658599513548460358e+00,-3.233393472267459323e+00,3.005004778811990906e+00
2.869646354244428821e+00,1.305403723789618553e+00,-1.046806819396976618e+00,4.709165967110335416e+00,-2.672170915829807925e-02,2.550123348593309913e+00
3.912128911533946152e+00,2.725911953221718420e+00,-1.836359822769773942e+00,2.719737962308796497e+00,-2.585746262848017452e+00,7.100238999287346253e+00
-7.777990184583353228e-01,-1.815859366438411726e+00,1.931670748401280502e+00,5.187361981500793640e+00,-1.352677344449404018e+00,1.776121301527328500e+00
-1.679332915239826418e+00,-3.067867521341997694e+00,2.722486032532831501e+00,7.796687024285121614e-01,4.724890745354004551e-01,-2.598333469448484756e+00
3.036579204379970420e+00,2.952401319070961705e+00,-1.875380799059512826e+00,2.999594671399605783e+00,-1.181076352200942203e+00,4.093524567846188233e+00
3.473456029129454503e+00,2.490894658434000597e+00,-1.754383482222533042e+00,3.411057186671436536e+00,-1.487278856907312097e+00,4.178655340671915575e+00
-1.160426753839888026e+00,-2.669470125471901767e+00,2.171446481357562686e+00,2.934004622271687013e-01,1.480860631406792471e+00,-3.231953491046443361e+00
2.510691397801579239e+00,3.386544828997315015e+00,-1.968678807866565350e+00,2.247556722292491926e+00,-1.275871557527890054e-01,2.757476634355269685e+00
7.606237369946913240e-01,-3.955220347378674006e-02,1.429507804828115569e+00,4.639283344617747495e+00,2.628836598761027155e+00,3.612688929194682874e-01
-1.740970475826419284e+00,-1.353639248055316990e+00,2.865377598241313883e+00,4.369073724134447723e+00,2.115987891637533203e+00,-9.894591412257627283e-01
2.380625253012978337e+00,2.730510440129544136e+00,-1.845160135839922111e+00,3.343272290692327342e+00,-3.222971161418230146e+00,6.337168760964327241e+00
3.769242257005569030e+00,1.779205497701562777e+00,-1.305790537743194646e+00,3.690688689450904114e+00,-8.289903438542984837e-01,4.129820508628458064e+00
2.263314857241840450e+00,5.689234772905322757e-01,4.259262516078293759e-01,4.886253798986992081e+00,3.930269634654135480e-01,2.866653114110321532e+00
-2.011970733590143556e+00,-3.055028576742286006e+00,3.582081258338533303e+00,4.180402886687194730e+00,-1.461112855594413062e-01,-8.090558145184927330e-01
-1.958337996436706030e+00,-2.409881543260606218e+00,3.386083669493107351e+00,4.435096139750143718e-01,3.112346625910397790e+00,-3.206128970922160093e+00
3.172232610203486125e+00,2.053231420052201273e+00,-1.572184302190105853e+00,3.490541985642176215e+00,-2.473899814574323397e+00,5.844875898269894066e+00
1.964587651853253014e+00,2.851580711046515226e-01,8.281480399960254868e-01,5.062473728149907259e+00,3.389723957461578507e+00,-4.640193668516667813e-02
-1.622463894304712717e+00,-1.174057638132277148e+00,2.636348366802060639e+00,4.753283874106993601e+00,-7.975330894454661923e-01,2.706414285650677876e+00
-9.086161553455729400e-01,-4.572715690413238221e-01,1.870833660604906745e+00,5.628701644084899591e+00,-1.157206674370721444e+00,3.717557063622615399e+00
-2.263351891533248728e-01,5.937511405129214381e-02,1.573417392741874865e+00,5.645550335520284513e+00,-3.434201394638034088e+00,5.869508427539127382e+00
2.640771981299867122e+00,2.936028349987055641e+00,-1.892717450136935042e+00,3.259409871804150427e+00,-2.402621443899012110e+00,6.020047933820817043e+00
3.162644780753885332e+00,2.558691316955064465e+00,-1.791779591951298878e+00,3.029118140622275579e+00,2.541796772986568698e-01,2.346914927032295317e+00
7.480646267715220787e-01,-3.585213215684688315e-01,1.501456992048372241e+00,5.474593838413328584e+00,-1.183541640272789408e-02,3.269053313831350671e+00
-1.509697081838669686e+00,-3.188764870986815048e+00,2.559640866255448621e+00,7.989358597361673198e-02,2.708490347670346132e+00,-3.795852714885014745e+00
2.328522211037303613e+00,2.414491959891855721e+00,-1.663788357882628688e+00,3.306213749536992097e+00,-1.326210244136951211e+00,4.055296156476377867e+00
-1.323394104624040279e+00,-3.363295889630966595e+00,2.354072426987796618e+00,5.585548919285114877e+00,-2.093579586527934744e+00,7.013386765515834398e-01
2.708900528788990236e+00,1.669015964347445369e+00,-1.351778730880707213e+00,3.498629200681259821e+00,-3.196832679543304856e+00,5.390155761540738055e+00
-1.343997856288762893e+00,-1.442089452080731693e+00,2.209755223833023141e+00,5.987353014282755126e+00,-3.226465721920472873e-01,1.593011156963560992e+00
-1.024983940119929660e+00,-4.780998904294992968e-01,2.126046132798075305e+00,4.216332160545800178e+00,2.620003550860768193e+00,-5.053873811149393047e-01
2.442336828687464489e+00,7.529356387565044884e-01,-9.142867837843349221e-02,4.551711419735656960e+00,3.149448932826514280e+00,-2.952723980273520565e-01
-1.617823376290805193e+00,-5.064240582084558184e-01,2.747287540778536652e+00,4.925787437852084949e+00,1.244324235117495903e+00,1.942194362647751138e-01
9.933577969910751815e-01,5.105506073912948750e-01,1.362784774260451748e+00,4.978691018145195990e+00,-3.469705024172531793e+00,6.276450226745858174e+00
3.809231782881902006e+00,2.140426128032775210e+00,-1.597520869204827276e+00,2.912567081327603447e+00,9.565633265227209137e-01,7.795297514012020645e-01
2.668028609462180345e+00,1.449152648342831640e+00,-1.168330550527753031e+00,3.919723187280965249e+00,1.343929548445680133e+00,2.195965175775824174e-01
-6.172212655970035211e-01,-3.782164943305179605e-01,1.935324813766116314e+00,5.994436279329304895e+00,1.820770570283454681e+00,-3.717285519798824711e-01
-1.275582466769823231e+00,-3.011929757949314279e-01,2.167503865144724706e+00,4.730141087006280998e+00,-2.935317608565480185e+00,7.115851887412194543e+00
-8.815969161288834677e-01,-1.847345457064230256e+00,2.111967439067000019e+00,4.758246516503924717e+00,-2.243168679736140092e+00,2.248954317305674522e+00
-1.421307800087170836e+00,-2.123749012325153895e+00,2.376965972334387445e+00,5.850476895038183578e+00,-7.087029490136202980e-01,4.598370036071405265e-01
-1.312601521943897565e+00,-2.260866321510381916e+00,2.183749711055139819e+00,6.140834274441344220e+00,-2.140098917833845427e+00,2.295377448009194854e+00
-1.576347051933379761e+00,-1.717105364804022427e+00,2.549790738492877296e+00,1.957229162838667769e+00,2.267728482767680021e+00,-2.112686696964200195e+00
-1.203212787852836918e+00,-6.074784150072130018e-01,2.075263169251954309e+00,4.637429442647929889e+00,6.147572204383617844e-01,4.024156365262304691e-01
4.072868801588567678e+00,3.237216367832504993e+00,-1.948839368114416049e+00,2.343784986341994170e+00,-1.555895118041026759e+00,5.811959274555487553e+00
-1.651614046508060429e+00,-2.878965281828202549e+00,2.867411421696782092e+00,4.854079315822050766e+00,-1.671078754358994445e+00,4.871460991361434290e-01
-1.390634589870099136e+00,-3.014308127777591828e+00,2.516465186066480175e+00,7.037192191773275485e-02,3.408675555506154531e+00,-3.852373025397685780e+00
-1.868365650177691073e+00,-2.931193985362888110e+00,3.202365952313336539e+00,4.876893428103221129e-01,1.069007074346091990e+00,-3.031823675758240189e+00
3.304182591371591649e+00,6.808608572873353637e-01,-9.148497290720869479e-02,4.583142989091425257e+00,1.264199607354544064e+00,3.900810804348375793e-01
-1.202975265949155270e+00,-3.447704203429660552e+00,2.223761622410550309e+00,5.665454975324512255e+00,-2.284035890719771089e-01,-8.544625991788009634e-01
2.922728096597950742e+00,3.145463625347645120e+00,-1.928743647778248693e+00,2.031178490317029794e+00,3.233395781784885514e+00,3.319796820733607601e-01
-1.642931882566415647e+00,-1.451874109791259304e+00,2.663348962670665454e+00,4.828158418079908643e+00,3.214413876920216850e+00,-1.493575383104914112e+00
1.113283963434211543e+00,-2.060264818814605547e-03,1.179431021184034201e+00,4.748129856810640703e+00,-3.269651643906668514e+00,6.972936760264032863e+00
2.190739038108405090e+00,9.908038234784530829e-01,-6.287208416877261286e-01,5.296432958127586410e+00,-6.163969501435162535e-01,4.414579326298397888e+00
3.490060043332217532e+00,2.463869643273183918e+00,-1.736315714545989097e+00,2.564356440492534972e+00,2.584430408398069368e+00,9.233364130937189440e-01
-1.741720102859588115e+00,-3.317769656366044373e+00,2.836957403893582974e+00,2.213886656985115664e-01,1.516298810484645543e+00,-3.557437348369035579e+00
-1.826502618128018618e+00,-3.150525816969065751e+00,3.043784967243478246e+00,5.962596622940739444e+00,-2.179003136005382313e+00,8.427090251271169841e-01
1.674857143684408189e+00,2.854603995381959081e-01,8.075987529390886710e-01,5.620722111750071193e+00,9.436057927565695280e-01,8.826793795044179936e-01
2.270145241281110504e+00,3.093367512335202463e+00,-1.917209255999641648e+00,2.069293210448141185e+00,1.484919008302213683e+00,6.169628677116825166e-01
-1.132194016537866998e+00,-2.530670934680307127e+00,2.059349467768625264e+00,5.790329999293552632e+00,-1.496656056304480398e+00,1.806490953392119847e+00
-1.739035560318803242e+00,-9.674087886447062523e-01,2.824355114178331405e+00,5.057722412935930834e+00,-9.746086081214189178e-01,4.496633028419265266e+00
-6.226401708410170821e-01,-9.637564068147441709e-01,1.941296055255710584e+00,5.247716728854585178e+00,-1.143422094942712519e+00,3.654614334008405407e+00
-1.281769339913735095e+00,-2.068101238871725478e+00,2.252839673421317190e+00,5.340847908496682006e-01,3.018884234489025431e+00,-2.893686093261745640e+00
3.106670255091500188e+00,7.612446768996399271e-01,-2.790293080492070033e-01,4.998686546205731496e+00,-2.705912527260748934e+00,5.272040901089909859e+00
-1.367086995835731456e+00,-1.289659265817177936e+00,2.257443964499000977e+00,4.703406395185478317e+00,6.771898476431088554e-01,-1.911896275643258925e-01
2.267729303271450281e+00,7.288006274099094739e-01,-3.692860343300720660e-01,4.091699322683895801e+00,1.861488314008650669e+00,2.451885881103524900e-01
-1.211725335766290934e+00,-3.120637363902342809e+00,2.141636813780774418e+00,5.210699566180764464e+00,-2.469382036267316671e+00,2.618542809660223902e+00
2.199399926411934825e+00,3.098502723201486120e+00,-1.916616882369183594e+00,1.991563556813965574e+00,1.937674654955090503e+00,4.680702636524833316e-01
-1.844617713035680673e+00,-1.875296618419221240e+00,3.040986129040530450e+00,5.632534304341343834e+00,-4.317952752361611246e-01,1.766625682806764130e+00
3.263219297158477694e+00,2.684036456850589225e+00,-1.839682750109628673e+00,3.120497283204894945e+00,2.405159073083358301e-01,1.752259705985135252e+00
-3.395159441447541115e-01,-1.070860574821310252e+00,1.739857491135311962e+00,5.071325893071334079e+00,7.829984298368808382e-01,5.301657104104153806e-01
-6.370422187791151547e-01,-1.691648617249919218e+00,1.903042983728765458e+00,3.376684140703373860e+00,2.001272862012131171e+00,-1.614773122413095674e+00
2.237965703914963189e+00,3.038638548907300674e+00,-1.901068858679211271e+00,2.315076604274842520e+00,4.860347966514968476e-01,3.676235561312870992e+00
-1.355951032549915114e+00,-3.056909813029468737e+00,2.392743009478680793e+00,4.097680645645821684e+00,3.749897628283704876e-02,-1.445171002796040272e+00
-1.365199251616438625e+00,-2.973155318412561421e+00,2.326742952902277395e+00,4.743338794961086791e+00,-1.560583900502041654e+00,9.481237425892733439e-01
-9.991851770969921720e-01,-2.018724081142158511e+00,1.934691752785709706e+00,6.353771064340437036e+00,-2.025362885831252235e-01,1.094701198633850403e+00
3.323971127435116468e+00,9.150856727303615656e-01,-5.905968041031899318e-01,4.595747619204499479e+00,-2.561528362615753895e+00,4.916941334031961652e+00
-1.121900138554839721e+00,-9.049580760913444877e-01,2.038948149333136506e+00,4.859597423212404621e+00,1.909245064929329772e+00,-8.958411573547331308e-02
3.874841890942510858e+00,2.148274700783515456e+00,-1.672341701716044682e+00,3.217096804666782717e+00,2.467092183646275139e+00,1.414785368641359842e+00
2.284549621748533266e+00,3.252295992247998591e+00,-1.945539074343003216e+00,2.687537213532909419e+00,-1.779560526853481761e+00,4.509689098577523758e+00
2.525785409966609052e+00,2.739194669342491117e+00,-1.824080668714700870e+00,2.701851205085922913e+00,-2.554733338812063437e+00,5.250074775071602140e+00
2.488666319617680145e+00,1.212168386289090627e+00,-1.119517710486529039e+00,4.197009042783305333e+00,-2.531850257882918509e+00,6.879526009792384045e+00
2.621167436448596177e+00,1.695780648748058006e+00,-1.353222405410221318e+00,3.373140186795938078e+00,4.629280678603575616e-01,2.651610215548690697e+00
-1.055621490499287107e+00,-1.466856967569181158e-01,2.063773785682845308e+00,5.272815027037210278e+00,-2.769733084314319527e+00,5.506420457209745045e+00
2.235078392042871620e+00,1.225491058607047989e+00,-1.065365467489171047e+00,5.193443360328902969e+00,-3.210101777415458990e+00,5.032076750295394696e+00
-2.045313924583861187e+00,-3.486915436296864179e+00,3.776981219981499827e+00,9.792447512940584131e-01,7.220868329248881778e-01,-2.649102782043231574e+00
-9.093169178489516336e-01,-2.484065885081960801e+00,1.954462667231673834e+00,3.528350172782385163e-01,1.856607131397520760e+00,-3.044465945609184043e+00
-1.258642659725304203e+00,-1.877756199161940254e+00,2.176714710720405677e+00,4.706214419720605946e+00,-6.780987603188362023e-01,2.250348590669125848e+00
-1.570761233094053466e+00,-3.402589711780986015e+00,2.642264400160030835e+00,5.167022842459275012e+00,-3.332188021572443759e+00,1.435505708669210456e+00
-1.661251070783368533e+00,-3.285407529573162400e+00,2.654604955344769479e+00,5.101059252238234087e+00,-2.229155959496092798e+00,9.302085307896751365e-01
2.416905386680751722e+00,1.926524175043925702e+00,-1.490701004590681666e+00,3.112128956689203196e+00,2.772854560935895663e+00,1.147077987528006604e+00
2.351324860715282128e+00,2.630010263164580309e+00,-1.801012939092121234e+00,3.376775327686108330e+00,-1.722600588554263901e+00,4.467687886364266170e+00
-1.898339713115161365e+00,-2.627017503257365050e+00,3.222627883099528301e+00,3.260937096617463560e+00,2.379417979509499403e-01,-1.798634515813319901e+00
-5.042661813175712826e-01,-1.789713536551357898e+00,1.931699713042243083e+00,1.818038426869513113e+00,1.505284074671235039e+00,-2.089572502588909142e+00
2.942452369974575710e+00,2.300724739887810344e+00,-1.735109015931873833e+00,3.327453467923774610e+00,1.462057577470712744e+00,5.539296798007651290e-01
3.448584883390387823e+00,1.209565672084871757e+00,-9.897487323646833035e-01,4.400653578091933582e+00,-1.790270389643761728e+00,4.175075430663747866e+00
2.361962488419749651e+00,2.891555941794150542e+00,-1.829633329715549817e+00,2.550923317505625842e+00,3.019450841031846799e+00,2.871321124271618563e-01
2.580102296609154244e+00,1.413534564957076967e+00,-1.072669222876908135e+00,4.026903286001962456e+00,1.764570096008445610e+00,4.219904992462973903e-01
2.352207641982970721e+00,2.051892059131624535e+00,-1.596041004738336655e+00,3.125138203612145116e+00,-2.734160396334015530e+00,5.327202545387842214e+00
3.874725356878506499e+00,8.092211274930347642e-01,-3.158369810053894278e-01,4.517380478458445481e+00,3.096780844303865798e-01,2.065767358885919780e+00
-1.954549345399552385e+00,-2.749321537453294440e+00,3.470198224595197889e+00,4.909401002626241350e+00,-2.357901922992101884e+00,8.621832765255050823e-01
2.212622806320994062e+00,2.307448209979460430e+00,-1.702201866084698034e+00,2.959462040051662246e+00,2.848208721982713243e+00,1.181114881263984229e+00
3.224833977523267503e+00,2.724244768254650673e+00,-1.837928727191688871e+00,2.329858906849661793e+00,2.789982640574251604e+00,6.243853074862870667e-02
-1.594107081481636934e+00,-5.572242959287190267e-01,2.756126561125131325e+00,6.885591216521563140e+00,-1.392588159149013016e+00,4.491216303730771742e+00
-1.610167464215536359e+00,-1.978954921655447841e+00,2.564106985906123182e+00,9.135755012486685978e-01,2.337359053565311484e+00,-2.593874249717554203e+00
3.888412533592807030e+00,2.049757140467026950e+00,-1.626148210121844739e+00,3.593141247473911282e+00,-2.056222799916089805e+00,5.733825697272022737e+00
-1.618748728837891226e+00,-2.448911936083201901e+00,2.637471717902756918e+00,4.803924111303207845e+00,-2.446224522637193033e+00,3.395873065243628197e+00
-1.905257837805569121e+00,-2.736798119172116461e+00,3.227214944879398750e+00,5.997679706572590641e-01,1.282318013330890238e+00,-2.839535351725756218e+00
2.801597685847301289e+00,2.557688315454480055e+00,-1.742561383642146744e+00,2.903862599198425265e+00,3.351957736167442192e+00,1.854599634273454978e-01
1.814622316695134963e+00,4.404400643206791699e-01,5.921692651158627640e-01,4.979408049847517503e+00,2.837422341127158631e+00,6.895401106398264535e-01
2.268406235040300256e+00,1.674076390955754334e+00,-1.400663838340749701e+00,3.995553696323608683e+00,-2.713457711930721050e+00,7.318164355275943223e+00
2.516297377644868938e+00,2.852685640378780363e+00,-1.874548490558294533e+00,2.352473332408724360e+00,3.241267413533058139e+00,4.716105951191310597e-01
-1.678660373598307887e+00,-1.687030601770740379e+00,2.864643024857292719e+00,4.966758645220362034e+00,-1.796778145600792298e+00,3.365783899071272511e+00
1.068476990960056883e+00,-3.538211860849527213e-02,1.375416063507037823e+00,4.499054562422297288e+00,3.051049834098645164e+00,-4.948645852856430327e-01
2.439938275947207913e+00,1.237792705773903990e+00,-9.981714038073460360e-01,4.542570104054687086e+00,1.133245962106006921e+00,5.905866141819403614e-01
-9.547852710686774991e-01,-3.077707791463437204e+00,2.046811731430866033e+00,9.249905105096590391e-03,3.219759972462187925e+00,-3.884790819046573862e+00
1.528093996859081649e+00,4.187248699231034266e-01,9.995651680005038786e-01,4.724166140129211655e+00,-2.578488266568435439e+00,4.480830537934333613e+00
-1.327081665757844142e+00,-2.303108646157536299e+00,2.540713579089907803e+00,4.184358795452710611e-01,2.675723105883299091e+00,-3.087806440588553247e+00
2.585968199126312150e+00,1.968005613953283550e+00,-1.537015677920799739e+00,2.918436762882739899e+00,1.784122374750536366e+00,4.455792865487598897e-01
3.080919138326116524e+00,2.387310801120382742e+00,-1.726127210774135223e+00,2.740564828113261964e+00,3.842360212112154727e-01,1.574791526014104992e+00
2.157069224650455919e+00,1.284716116479182269e+00,-1.122569582299430380e+00,3.986633619780417526e+00,4.264319188093277369e-01,2.323611561833909711e+00
-1.006755833880514039e+00,-1.098389399852131909e+00,1.935671096144855774e+00,5.055329457309164276e+00,1.007130217997552535e+00,5.473383819819832574e-01
2.554344397265456923e+00,1.507221901326637692e+00,-1.317280114516802492e+00,3.599184322158333948e+00,1.943542140494436410e+00,1.612678880212488064e-01
-1.685553443516106364e+00,-2.204699590814292787e+00,2.869567766245585627e+00,8.426074047078168094e-01,1.783621147337234980e+00,-2.827787375719487795e+00
2.919537080249728689e+00,1.242578852748235541e+00,-9.974153746300515877e-01,3.860447356959514575e+00,-2.945815863289337422e+00,6.088673302404888688e+00
2.888233193238561203e+00,1.194573935193491643e+00,-1.055983462921122662e+00,4.433328204250901905e+00,-6.908180020191290183e-01,4.474923968806068686e+00
-1.565432460429422079e+00,-2.628605866912880451e+00,2.582158021054473895e+00,6.087473728286719732e-01,9.347361846666437657e-01,-2.853176467633648183e+00
4.086805586247788113e+00,2.782316562505998903e+00,-1.856809055065108849e+00,2.945228718180202154e+00,6.522695495825061585e-01,2.183068295273218773e+00
-1.430215766695368540e+00,-4.503687932381335024e-01,2.383138465380618687e+00,4.955918338891401653e+00,-1.610860273246644159e+00,5.073786022012230390e+00
3.882384616769579466e+00,2.647435482356928382e+00,-1.819857210021291971e+00,2.876488182020782158e+00,-8.912347290543678469e-01,4.538143879785161872e+00
2.515924010165722535e+00,1.754006607639199800e+00,-1.272085428212165636e+00,4.024156510894897565e+00,3.320061377789037316e+00,-2.152955522417221157e-01
-1.131105609231751297e+00,-3.057452751947459912e+00,2.056652620236866458e+00,3.199606005287759791e-02,3.135177664528876029e+00,-3.802661890307224901e+00
-1.507487259160591453e+00,-3.151882998613428022e+00,2.574890542242660452e+00,5.018441634001375107e+00,-2.162837082277695888e+00,1.399183203528310493e+00
2.752573723312973009e+00,1.641062676924303076e+00,-1.435108788714736239e+00,3.092895530549404803e+00,2.818756435654283798e+00,1.824983940848163844e-01
2.458266648964130940e+00,3.325516159112029690e+00,-1.962663367538554970e+00,2.499492181596586704e+00,2.481001874314962663e+00,1.632447656333288810e+00
2.248328010742243421e+00,1.115971010866255497e+00,-8.890663218472020235e-01,3.890057354366245335e+00,3.765425315419794750e-01,1.529194313523512427e+00
-1.067510941459363094e+00,-1.622508596907389578e+00,1.993873042422785957e+00,3.675402800330192399e+00,2.816032058708706209e+00,-1.503775164088214655e+00
1.768819645858308309e+00,5.982946864199831793e-01,4.550159527465510445e-01,4.958510212134925155e+00,-2.324087194777992416e+00,5.560640457447490803e+00
-1.850453613463349800e+00,-9.376994124058408708e-01,3.196152953679749942e+00,6.063278349359784158e+00,-2.526708024201344660e+00,4.589155753743114019e+00
3.015606849600401151e+00,3.290457507698016038e+00,-1.951519347988923903e+00,2.328895081457338812e+00,2.040979360186381264e-01,2.758786432232239516e+00
2.847371626208448525e+00,1.502952792674267180e+00,-1.267530023561512564e+00,4.005296106887387353e+00,1.349306695707407577e+00,1.119487476100761825e+00
2.035803522230789309e+00,8.954059413496739950e-01,-4.190984403563145499e-01,4.511121361222420134e+00,7.998905751391189867e-01,5.485302250609621622e-01
-7.685456585551566633e-01,1.030065791495573535e-01,1.920258539705598455e+00,5.007534113045598367e+00,2.849281074396801117e+00,1.356132969192577198e-01
4.933273003096338982e-01,-3.254573437655907675e-01,1.443068600816611147e+00,4.801203940829432248e+00,2.361683721501220745e+00,1.251653326570105973e+00
-1.972485435483028571e+00,-3.095235422079808618e+00,3.549597380298899374e+00,5.910193524294442113e+00,-2.127036556484141805e+00,8.785769522569928380e-01
-1.104393929408033825e+00,-3.034202497731543158e+00,2.259445486814389614e+00,7.423300861503433490e-01,6.252128863396508862e-01,-2.687724709647056898e+00
2.210783811023651957e+00,6.619905116869047035e-01,-8.512982668450318202e-02,4.448399832850272517e+00,2.460055117890171950e-01,1.283852648789119533e+00
-1.963993158495099811e+00,-2.301479335405628213e+00,3.465463301946566155e+00,5.047187629321030933e+00,2.013342836935154700e-01,-7.591529778296677300e-01
2.221498190829643615e+00,2.999468351357839069e+00,-1.899546100959910389e+00,2.393089553666612357e+00,-3.483393234924618831e-01,4.741529110412786352e+00
-1.228179982750129184e+00,-3.452744291034650637e+00,2.162893149257520520e+00,3.039812689546874114e-01,8.733566448697107631e-01,-3.209697437768798345e+00
3.093716932408034914e+00,1.072981821601940666e+00,-8.749174974111109115e-01,4.211686612149390996e+00,-7.629857053417752333e-01,4.745635789461982057e+00
2.483295225746877222e+00,1.392998434246626616e+00,-1.221119340391704444e+00,4.103803309696071544e+00,-1.977391901287778753e+00,5.652269316624702000e+00
2.106425744314651016e+00,8.157379518514238370e-01,-1.046282158125791395e-01,4.865760793426555431e+00,1.005325319053119060e+00,9.969483078823815347e-01
-1.943559739355836591e+00,-1.474049835741378711e+00,3.369816111899038624e+00,4.188567793141190876e+00,7.970501717023923405e-01,-7.725105053246249520e-01
-6.187865000409537020e-01,-2.417150941878056791e-01,1.752477883369238709e+00,4.856372796898731359e+00,-3.540289180836952987e-01,3.904067393378530149e+00
-1.200223728367856957e+00,-1.632870430571926601e+00,2.169007763699869695e+00,5.594381866109756629e+00,3.120529094038713147e-01,-1.947683233247508028e-01
-1.728439104922943725e+00,-3.322119543810553743e+00,2.939866080166961826e+00,4.899768898523208627e+00,-2.303665111332975357e+00,5.230029378482515812e-01
-9.327251322334322303e-01,-9.879133413873546488e-01,2.043009853494491601e+00,5.084725517181627907e+00,-6.532268460011616540e-01,3.126709224525001662e+00
-1.001400280285893896e+00,-1.721401075561912020e+00,2.039879440538520772e+00,5.482927848100651147e+00,-3.000751553453530729e+00,4.288815918681525119e+00
2.514100901416604028e+00,1.844301423754604485e+00,-1.470841911193045304e+00,4.308142295586633530e+00,-1.564040389889396643e+00,5.514619042315188402e+00
-1.171864290594030189e+00,-3.064631169670969157e+00,2.124027193861913521e+00,3.382214122910465748e-01,1.040725795700950584e+00,-3.119709196454911737e+00
2.616021660053058806e+00,2.506135338112285282e+00,-1.786042633114290012e+00,2.902224050639504505e+00,1.841935393926944720e+00,5.753984874521702597e-01
-9.854799785394020573e-01,-7.292853098654097366e-01,1.915237779782992922e+00,4.432485561162923915e+00,1.495405051316804013e+00,-2.392973618526564039e-01
3.445138886341696072e+00,2.796908947711993498e+00,-1.860104898567656040e+00,2.305777569672078364e+00,1.474511688420925282e+00,1.670472772884025181e+00
-1.593527201666152804e+00,-3.134206997122860550e+00,2.639262489939274925e+00,9.752410520830352425e-01,4.262853513791178273e-01,-2.579573184910279426e+00
-5.498235705614397117e-01,-3.913736137527896730e-01,1.901582334616686687e+00,4.646863943828154930e+00,1.704053729683618457e+00,-2.945008587106244802e-01
-1.825408509136623225e+00,-1.885276686040233241e+00,3.036049870673847018e+00,5.630019596946043592e+00,-3.383809643868974426e+00,2.299381684854704400e+00
-1.578588929754058290e+00,-1.611920480254165788e+00,2.564288557313166184e+00,4.833195240588021413e+00,-1.771277515011420167e+00,4.322464811639180837e+00
2.268711328940427485e+00,5.182103021491597517e-01,7.138437989083901147e-01,4.902565449647012130e+00,-1.344059055494075672e-01,2.317846261882561709e+00
-1.790530007110359589e+00,-2.585735410742578733e+00,2.967526083341994525e+00,5.480501416314313978e-01,1.085258790793814931e+00,-2.961662695379688959e+00
2.909295762899425597e+00,3.022153890723781267e+00,-1.886210448973088649e+00,2.794409359466192289e+00,-2.402197561201822928e+00,5.479835504239989774e+00
-1.718631898880824460e+00,-2.163607448293232594e+00,2.778768360145779326e+00,5.189334810808825083e+00,-1.354593934819118495e+00,1.033029884172240731e+00
3.171307430796939109e+00,1.074329463142912999e+00,-7.466174027126644130e-01,5.086894868626882449e+00,-1.143405474203896155e+00,4.518051793202024768e+00
-7.544171083959221313e-01,-7.656415826269795666e-01,1.809012901784004423e+00,4.658877349079490138e+00,-2.520257008387482234e+00,3.514197436048725365e+00
2.890827836400859496e+00,1.565760856994799610e+00,-1.210521735832045254e+00,3.971033334002999737e+00,2.753048764021643890e-01,2.908689148667203739e+00
4.337176345446144055e+00,1.898827736289122825e+00,-1.515687421570186766e+00,3.584508068431478289e+00,-1.453925339497353253e+00,5.131088170855059971e+00
2.015723089240846200e+00,7.459567983966497451e-01,-1.592332972041879402e-01,5.127209568204065704e+00,3.164984112518594017e-01,1.604075769295675302e+00
2.952000823119439232e+00,6.648511397320939764e-01,2.809449030195799724e-01,7.050255787160837784e+00,-1.342934238610627773e+00,4.125734426999371429e+00
1.319644651617972730e+00,2.070482645355751217e-01,1.065104193822762557e+00,5.626328150701764841e+00,1.940861503971640367e+00,1.592252567456987067e-01
3.333467797481968198e+00,3.109138901751293815e+00,-1.904892028789777036e+00,2.229480649755679611e+00,2.644883390090373432e+00,1.475091326768790179e+00
-1.785815036403048062e+00,-1.019289094031669674e+00,2.911459611046973706e+00,4.534613654705313301e+00,2.199769273096973343e+00,-5.455355406937159035e-01
-8.130059451426073780e-01,-2.119353166567075508e+00,1.994322397485586151e+00,3.218645007418635684e-01,3.297791549651110543e+00,-3.108665352256307912e+00
2.625818339224756937e+00,1.376798990140888357e+00,-1.219892570929939080e+00,3.619530750016215936e+00,2.394780472702091600e+00,2.706675780021208788e-01
2.407585707863076685e+00,3.280811171923510017e+00,-1.952892502874708613e+00,3.355599941058298175e+00,-2.687810440064956730e+00,4.866856814264000519e+00
2.630741515372793105e-01,-6.011704993038078371e-01,1.533801317595445468e+00,4.998440249252899648e+00,-3.144358101342419332e-01,3.673538928222989774e+00
-2.013547635339797193e+00,-4.439456436910886872e-01,3.595299660986772228e+00,6.190194661199871717e+00,-1.586741186457738984e+00,3.774401401284632307e+00
-1.164803120443059115e+00,-3.316197460562313459e+00,2.184204146337388686e+00,5.652461756955775130e+00,-2.071201548125521708e+00,5.171032205112275904e-01
3.188930159034382150e+00,1.532216068557873179e+00,-1.375603694807854493e+00,4.132267023538416240e+00,-1.733339303327140701e+00,7.541650959659127906e+00
1.306278015247503976e+00,-5.549585844055116013e-02,1.389974903245658755e+00,5.738321903082745479e+00,-7.825126549027512368e-01,5.085068011944565924e+00
-1.600254663638202901e+00,-1.603632626155482299e+00,2.603942163621466133e+00,5.723518232883167300e+00,7.154428085488451217e-02,1.406362162082709588e+00
3.452094806515129566e+00,6.440361105781731155e-01,-1.043487586515811361e-01,4.128649349785716183e+00,2.101262330627220010e+00,3.603830793958275880e-01
1.390658084019692708e+00,1.356473990888380499e-01,1.251320389681411793e+00,5.377901184016542935e+00,3.439828434384102351e-01,2.353592100092985806e+00
-1.014962119861596790e+00,-1.946144868498596248e+00,2.132897172427612009e+00,4.907327420240372717e+00,6.866768922442556544e-02,-3.059977562425837405e-01
-5.014956125731045988e-01,-5.433237703818178943e-01,1.700155831110641724e+00,4.827507783263375707e+00,2.311240939647731807e+00,8.756145634094547603e-02
-1.389065031176309306e+00,-1.740845007048188453e+00,2.310794606817868857e+00,3.419887961760631701e+00,3.181061912049938378e+00,-1.776658076403041520e+00
3.943537301651542926e+00,1.208330789208523548e+00,-9.848051195957321369e-01,4.175897192186297069e+00,-1.234140769893431688e+00,3.844308814847514633e+00
-1.132756485166564353e+00,-2.392008814366585856e+00,2.207674796389201610e+00,5.748136711483992300e+00,-1.198008633480960761e+00,1.213473087604908018e+00
1.074799283944364303e+00,-1.848470482381623370e-01,1.374127114380328418e+00,4.546329962251237866e+00,-7.749472574523030843e-01,3.844994637671542037e+00
-1.663664215836528237e+00,-3.495359318647149216e+00,2.799306649495082233e+00,5.443664837367093057e+00,-2.067996516500448134e+00,3.861926593603476343e-01
3.298567464013039796e+00,3.313080240103374763e+00,-1.955544975522753637e+00,2.228337946832960714e+00,1.326219270485310631e+00,1.233406844264362423e+00
2.498809429857324460e+00,3.155373961020553786e+00,-1.932932753022464256e+00,2.242740287859406045e+00,7.268243934887284041e-01,3.092583526929354232e+00
3.945620517064307720e+00,9.171518491173955567e-01,-5.413622525509949046e-01,4.341583818400501116e+00,-1.239960472619423548e+00,4.723865854728716229e+00
-1.409413540881234272e+00,-3.438872904144225195e+00,2.373364406507471713e+00,2.111370587962518863e-01,1.325568356060015773e+00,-3.420315248952038090e+00
-7.615832399578268408e-01,4.769618110805318167e-02,1.818625246951083962e+00,6.558054003225711526e+00,-2.811537414519948097e+00,8.634805521656380378e+00
4.174114346158592781e+00,3.213818341778888588e+00,-1.940518714629882790e+00,2.750594482175951150e+00,-1.464493486890922291e+00,7.009723393897695942e+00
-9.862076099677777874e-01,-1.594858176814783146e+00,2.149312553994350061e+00,4.690137056015425188e+00,-2.318277000732322790e+00,2.513875704837375213e+00
-1.317784761968209706e+00,-5.347190878340120079e-01,2.232205509226217188e+00,5.617894910293574462e+00,-2.381753665627164285e+00,4.181187586470640483e+00
2.672524226721497698e+00,2.332002025510210075e+00,-1.741332769591123153e+00,2.744852992754151622e+00,1.069016060810792368e+00,1.425027552264263919e+00
2.174967073471841594e+00,1.320895899793975481e+00,-1.113694732127305409e+00,4.124760864228713686e+00,-3.118348776154240998e+00,5.219899379906085102e+00
-1.607909460959069170e+00,-2.956469795739012696e+00,2.654311869277650615e+00,2.147994386620916962e-01,1.745697361943015835e+00,-3.447919656205256089e+00
-1.386097298486661300e+00,-3.111464062195832270e+00,2.512081095358143390e+00,2.770350555957343253e-01,1.386886980178454465e+00,-3.233099537508165700e+00
2.867462147307521469e+00,1.629557148319785931e+00,-1.324398984342762597e+00,3.628933989692856521e+00,2.165691108900154482e+00,1.285314690955986050e+00
-1.260196013724824482e+00,-1.402006999059050685e+00,2.314593882355152399e+00,5.439994515657408769e+00,-8.537695353031278245e-01,2.872827447373778487e+00
-1.438479363920623255e+00,-1.960771207353547485e+00,2.327731850248616396e+00,4.993165012056947738e+00,-6.184600570262048791e-01,1.045268195602281125e+00
-1.008618111342301171e+00,-6.637865942360852145e-01,2.114670541382692281e+00,5.117269810378263450e+00,2.535147557922292627e+00,-1.665272710922559574e-01
-1.317908831120751190e+00,-3.800012589750920711e-01,2.536606948898940228e+00,4.433510880322542036e+00,6.812386317549368187e-01,7.826720598125799233e-01
2.336173059394371254e+00,6.227704681912733520e-01,3.057283838110577134e-01,5.088749111929884883e+00,-2.309170978099865934e-01,3.883094601361566589e+00
-1.398354984927926870e+00,-1.244256888590417276e+00,2.282241536355193112e+00,4.806713027027568863e+00,5.921953433052227211e-01,-2.806370902262456668e-01
2.385907821126170170e+00,3.276458492416804091e+00,-1.941871741047375366e+00,2.154725997390641190e+00,6.475251914124751096e-01,2.521100646677330026e+00
2.300340487347693585e+00,1.378965075376801686e+00,-1.197158548445422355e+00,3.860412093275291223e+00,-1.372613059452003625e+00,4.241112178317782089e+00
2.232071353430760130e+00,2.359491687870965748e+00,-1.749279526374029059e+00,3.058797994785290353e+00,-3.258206754656195248e+00,5.420400146814799314e+00
3.373521825109709660e+00,3.379222186346975576e+00,-1.969513104968614758e+00,2.102865213701544889e+00,1.670485204934681889e+00,2.142965117038704737e+00
-6.751274403432787619e-01,-4.344586483531154286e-01,1.819171083689352653e+00,5.591496810566595421e+00,-2.410201909550921950e+00,5.733521161024227375e+00
-1.832259224336953096e+00,-3.490901760211271743e+00,3.049043565617153284e+00,4.947919185763221428e+00,-1.451582452782844701e+00,2.798850497385262787e-02
-1.543871662344993734e+00,-2.643921425823038795e+00,2.609678557724488979e+00,1.911876631203389132e-01,2.748333776603423928e+00,-3.484184646131784469e+00
8.403653754090141259e-01,1.670588489184243741e-01,1.310471224993877914e+00,6.222927420199408033e+00,-2.899574819378926804e+00,5.422043311690107004e+00
2.250552099840868348e+00,9.408952851870644452e-01,-4.422134475322808123e-01,4.848568826291809408e+00,4.841006321199072815e-01,1.783804382983456449e+00
2.520012799685846350e+00,2.164478497700159210e+00,-1.628025553440070938e+00,3.106294859683362386e+00,-1.376345608013682664e+00,4.533976516032319992e+00
2.470147725979138897e+00,1.667583583689943971e+00,-1.470002618221852408e+00,4.826135193134825307e+00,-2.991805811659900449e+00,8.616851530689377370e+00
1.950809099005250236e+00,6.450449188815943202e-01,4.592705143439873572e-01,4.438292295886030914e+00,3.031507379637136346e+00,2.981194499445266599e-01
8.418285313870746966e-01,2.939318708471567732e-01,1.305163615647734421e+00,4.925479338914047212e+00,2.474112828697387911e+00,1.574172253751299211e-01
2.570132862808547802e+00,1.653364491267829806e+00,-1.316686650870190212e+00,3.597936202170615605e+00,1.754362905682245177e+00,7.230200675257545395e-01
9.379117407839450138e-01,-3.109782997342080968e-01,1.349391130969173958e+00,4.487115143828972919e+00,4.325940735418951633e-01,1.644230977122430382e+00
2.477652963146235177e+00,3.159859612473843171e+00,-1.920970163296202182e+00,2.531475611588555275e+00,2.144564324900644969e+00,1.895722757491770327e+00
-9.712646648015611506e-01,-1.936023206128285823e+00,1.915865270948247767e+00,4.645054298505714385e+00,-7.169670672648229548e-01,1.789625261952198620e+00
2.886930491472182947e+00,2.187883951304802288e+00,-1.700924915054940367e+00,2.674648282066848015e+00,2.844528725605806052e+00,8.570354186019717435e-01
2.916948839108386871e+00,3.350672063017107405e+00,-1.961364514061218367e+00,2.621519631637749370e+00,-1.823095160633649847e-01,4.297927440430717283e+00
2.931345242496035119e+00,2.182205436376986718e+00,-1.641986194840965307e+00,3.212109174201816852e+00,-1.356155488855113056e+00,5.768567865533542616e+00
2.167123020854282434e+00,5.450684291034511020e-01,4.873521039295409807e-01,4.502737714003955283e+00,2.188080114800293074e+00,4.771137906158082753e-01
-1.635674916981643134e+00,-2.154360049205552574e+00,2.700546998320261238e+00,6.167838309408094410e+00,2.656205702215173048e-01,-8.877374496783909663e-01
3.396213310236893879e+00,2.833258044471739900e+00,-1.841593829727876441e+00,2.593341085221139597e+00,-2.478908604300580354e+00,5.815223334821276957e+00
5.430993927654810260e-01,-1.760547075056284605e-01,1.460453773671721800e+00,5.986701625415896899e+00,-3.181848225000821984e+00,6.342592941492233294e+00
-1.443271639530822714e+00,-2.978731856413768142e+00,2.365044331665840271e+00,1.088644904484215026e+00,4.615793557677774217e-01,-2.380665332349584329e+00
-1.647275022587992854e+00,-4.870624907810841009e-01,2.863640423998635498e+00,5.151038356753027792e+00,1.380887562098874533e+00,1.708280190530646059e-01
-1.203044792824099929e+00,-2.767273073794551230e+00,2.111653597098885449e+00,3.532742468810001313e+00,6.431959179563673246e-02,-1.624780349938294677e+00
-1.273859646176338956e+00,-2.382304690743211495e+00,2.181479280271694243e+00,1.518778098142819388e+00,1.024357067266585375e+00,-2.291913353169655387e+00
-1.558586828549428205e+00,-2.269343335602251877e+00,2.486918502287685406e+00,6.187073273418601360e+00,-2.104309832332598162e-01,-2.872424856482598821e-01
3.161687701827674779e+00,9.648328087127939767e-01,-4.505749696085303291e-01,4.828038608150007960e+00,-1.918567872864541446e+00,5.071367839858961446e+00
-1.290993591500395388e+00,-2.377247855785843633e+00,2.234211336668301406e+00,6.538322827928404024e+00,-3.008655597245645019e+00,1.544605335006957292e+00
3.556473173278344557e+00,1.210858959470924034e+00,-8.997776760431835941e-01,4.008054881659064428e+00,2.943666111466003876e+00,9.345950299719112397e-01
2.262928275833047120e+00,3.438172815875598864e+00,-1.979573894269155865e+00,2.820211921809072209e+00,-1.071325342450409668e+00,6.589594798284117871e+00
-6.708000574011747652e-01,-1.307396468751878871e+00,1.789860021602625473e+00,4.226086385020711766e+00,8.637260982955341504e-01,-1.816554341638410008e-01
-1.535718880086960558e+00,-1.642151275768458207e+00,2.539675878967266875e+00,5.145323711595842120e+00,9.493000492892367248e-01,-1.087760461076332508e+00
2.591556166727587929e+00,3.415406561455677448e+00,-1.974940996766206380e+00,2.076599462774151306e+00,1.983851642800686932e+00,4.789081554000638175e-01
-1.794128459434804590e+00,-3.496739091171422231e+00,2.954726691894050461e+00,5.459443483911091910e+00,-3.476585694757101663e-01,-6.400901519703456888e-01
2.492655606593354722e+00,1.842641520724869864e+00,-1.443649990271898886e+00,5.252742906875985440e+00,-2.785345418513610838e+00,5.515246442421275042e+00
-1.243162445943027494e+00,-2.711698487449254014e+00,2.270302997942907464e+00,4.569017143826664906e+00,-2.998387388958895894e+00,1.816621124027604228e+00
2.499579146480809477e+00,2.416085626809445053e+00,-1.744060695320900578e+00,3.110786901530897097e+00,-6.102971494285691634e-01,3.303756102380654536e+00
1.984724902736452190e+00,7.222121870676634359e-01,-2.616381637027205276e-01,4.347080833112348941e+00,-1.573182474603956216e+00,6.648443372130868667e+00
-1.105270789565181655e+00,-2.590123301209168005e+00,2.232862199015447580e+00,9.680148827584370563e-01,7.568529312456417912e-01,-2.402616376222664218e+00
-1.776984260654027592e+00,-5.194736708724323471e-01,3.097903427800303255e+00,4.602177732580718050e+00,2.629335730759086331e+00,5.455926639433470449e-01
-1.621676152254909908e+00,-3.015462986157977809e+00,2.617560216106736171e+00,4.363980808573797887e+00,-2.715825533741629272e-01,-4.920048485839166319e-01
-2.977676335931030982e-01,-8.616084049298780023e-01,1.847551507355408740e+00,4.515936081745087094e+00,2.813947581662551656e+00,-4.667473841326372219e-01
-1.921715665527542471e+00,-2.916010004321592852e+00,3.365932369046233941e+00,5.145462934306102909e+00,-2.670753971973225838e+00,7.156621038418474745e-01
-1.211132057329447731e+00,-3.150485269773108943e+00,2.235724116823621266e+00,4.862098134806951855e+00,-3.086773442175289262e+00,1.533594387584045204e+00
-1.202703376521960577e+00,-1.008419734829992365e+00,2.154023079801000495e+00,5.373306440429994169e+00,1.721911083011486987e+00,4.238495058523628067e-01
2.956212065100433328e+00,1.485421941019584580e+00,-1.290390718997699304e+00,3.522439689402231178e+00,-3.192278016037795041e-01,3.208299973947257300e+00
3.335374276936936333e+00,1.294359214803801450e+00,-9.781862788024997535e-01,5.000187420672359551e+00,-3.170133672473428810e+00,5.709084857654121770e+00
1.625142583381932848e+00,2.364150650382330632e-01,1.281846539022574394e+00,4.869495532104973989e+00,-3.342132521568239145e+00,4.993320197772465718e+00
-1.114620179207041595e+00,-4.930647325531003489e-01,2.184335197405845364e+00,4.793195764617294685e+00,2.844158999981564406e+00,1.170110789673086682e-01
-1.826061400710476512e+00,-1.863861314172942096e+00,3.023949068021952513e+00,5.465288890517721043e+00,-1.721819538085916701e+00,4.188452050551658701e+00
-1.176089150708420350e+00,-1.667455640741601242e+00,2.162132868379071482e+00,5.021615961667476036e+00,-2.509193876917410027e+00,2.687987184411770869e+00
-1.640929026209761332e+00,-1.663461653276027352e+00,2.752955404159276753e+00,3.018720223680636749e+00,2.716795820228536940e+00,-1.797339843670029191e+00
3.285931840129853398e+00,3.008651691372621784e+00,-1.897921507253503393e+00,2.705409386804148220e+00,-1.531097689119577332e+00,4.117664931922438321e+00
2.651840294002825615e+00,1.826748732509945405e+00,-1.484984308189982949e+00,3.251869829667407785e+00,-7.222789164717280386e-01,3.867802120383179165e+00
-1.011791671158368544e+00,-1.072382670845135610e+00,1.969228095822647795e+00,5.285848483388210006e+00,1.793784779111355476e+00,-6.986665538974642375e-01
-1.731342630542926031e+00,-2.035173876783123337e+00,2.853691164702031990e+00,5.176469303946158895e+00,-1.309117230976100998e+00,3.112140768710509597e+00
2.737076258301830656e+00,3.095796800792122383e+00,-1.921845263671645432e+00,2.421131991952303331e+00,-2.772177588581664853e+00,6.586078853872348482e+00
-7.538423368735132080e-01,-5.018957178137757325e-01,1.797653469813500049e+00,4.693967018257166224e+00,4.637761329903851149e-01,6.174732961210988025e-01
3.111971347262459719e+00,6.168106167273634810e-01,-6.613714773445579509e-02,4.543874107282998231e+00,-2.809281960821036428e+00,6.924846255127048877e+00
3.446883349950151665e+00,2.232730893983727150e+00,-1.654193754472754518e+00,4.213480160668574115e+00,-3.345054414025677936e+00,6.688169966167989422e+00
-1.689077031944854923e+00,-2.554411336518135123e+00,2.829615532802020272e+00,1.280466257798866803e+00,6.161976800041273350e-01,-2.288733892791574132e+00
-1.864408132607731527e+00,-3.071434368812623994e+00,3.266379412433104257e+00,3.101665784618842459e+00,6.563045978773196509e-02,-1.756379494817868148e+00
3.009264390906770892e+00,1.383734642520943581e+00,-1.262394935660069217e+00,3.510821201341202347e+00,-1.918507266668334044e+00,4.989792655710996172e+00
3.512273908868448036e+00,2.784424756070473350e+00,-1.859618332942855057e+00,2.937674866889909975e+00,-2.117665635722896234e-01,4.141383188102493840e+00
-1.839050448113612068e+00,-3.105724484849681666e+00,3.237625698507672567e+00,5.321536136286183272e+00,-3.474099725637937119e+00,2.065894774129613864e+00
3.298870038855323816e+00,3.397473784756811277e+00,-1.971575422398750277e+00,2.509948504670051150e+00,3.130734432410857693e+00,6.104442121176846259e-01
-1.187613129918353438e+00,-1.492305066529602708e+00,2.094109073839869772e+00,4.655169318494465358e+00,-9.848144376470955308e-01,2.171921521410208999e+00
-1.157063181266876128e+00,-8.496083463394943358e-01,2.322783219881821015e+00,5.296206374424015095e+00,5.005535046638609487e-02,2.022644633074372145e+00
-1.586842128863616086e+00,-1.511637488233093407e+00,2.748665650427249307e+00,6.755448000573242240e+00,-3.832046014104415477e-01,1.870912683416715350e+00
1.270289393151372348e+00,1.354472244667288550e-01,9.917951458619471694e-01,4.676568499084129193e+00,3.202601854505973122e-01,2.361108805113405484e+00
-1.287527705485114637e+00,-3.599031773658856181e-01,2.287677626735726832e+00,4.819340691360963547e+00,2.592136274039750887e+00,-1.899979125030272775e-01
-1.163165853960398177e+00,-1.450641513899394219e+00,2.206696640200013437e+00,4.379080110304980344e+00,1.546778410948435045e-01,2.829155843543240123e-01
2.853672965224224534e+00,2.249083360217124294e+00,-1.642254067298268616e+00,3.307711088760819429e+00,1.108419956037510978e+00,2.389165675315806148e+00
-1.606522908432975738e+00,-1.930092706490138088e+00,2.581962536060366631e+00,4.991390426129711066e+00,-1.803848138753385122e+00,1.898220009594930646e+00
-1.518211155128097012e+00,-1.178752142732292896e+00,2.510038344731782001e+00,5.358436942980781659e+00,-3.034432832810669112e+00,4.033044395324821174e+00
-1.919369418376442704e+00,-2.772606146602985433e+00,3.252694144532524145e+00,5.986240098071198723e+00,-2.276779602322274165e+00,1.518708613590017631e+00
2.999168118572569597e+00,1.070707702478991052e+00,-4.555310428601319073e-01,4.354231151732885330e+00,-2.087963866442299476e-01,2.774324627056017345e+00
-5.842430079800663423e-01,-3.089490156849863389e-01,1.829495536520819865e+00,6.571258069523198131e+00,-1.901546502939666761e+00,5.039710926372662492e+00
2.401051364420640155e+00,2.505778884177134458e+00,-1.753608363049284691e+00,2.923916772176011314e+00,-2.380207867713926007e-01,3.600196409374916140e+00
3.797710425868358275e+00,1.179822071383656912e+00,-9.492931988145036915e-01,3.782624319937523794e+00,2.431063567723226626e+00,4.631458497957804399e-01
-1.456071723662578199e+00,-3.220512220975110917e+00,2.426717725193542563e+00,4.953846492897064913e+00,-3.084018903000874445e+00,1.121807807171141258e+00
-2.116733897101451323e+00,-3.357398605601071839e+00,4.060209116291794373e+00,1.556366248079657788e-01,2.808928297826666309e+00,-3.935536979225254139e+00
3.272235958338024275e+00,3.150110782313527480e+00,-1.922581265957591157e+00,2.368621965010410779e+00,2.351744842726386509e+00,8.462096010616728670e-01
-1.854171228540047789e+00,-6.108279907834468503e-02,3.199937389183185488e+00,4.807171326541316958e+00,9.610004633738986612e-01,1.312849725459096950e+00
-9.235798844027393040e-03,-3.723252379294641479e-01,1.532297170212481685e+00,5.282282146761499320e+00,-7.278972599092687901e-01,4.266830864747437779e+00
2.670372352996912557e+00,8.291276582343121149e-01,-5.479862898996694653e-01,4.541395513529849381e+00,-1.053863121222263555e+00,3.866981171936167971e+00
-1.265154997401826575e+00,-2.474757664692806447e+00,2.323961295013287742e+00,5.319005503701761839e+00,-2.009993860165828039e+00,1.400948145389879773e+00
-1.463075895823021000e+00,-1.037251902096886447e+00,2.561112773616107674e+00,4.699383886086025974e+00,4.346464269692935645e-01,6.715998992943468249e-01
-9.077272317919132805e-01,-1.250090887088238567e+00,1.973368500675340753e+00,5.570386415544765768e+00,-4.866237342400236976e-01,2.360455559597805841e+00
-1.414575283680315820e+00,-1.522962388769423470e+00,2.352439687790207845e+00,4.729340808570277943e+00,8.713689542290961043e-01,-3.094407313412206317e-01
-3.093955408400235196e-01,-1.187035500152626710e-01,1.624658664878813275e+00,4.794679709919464017e+00,2.947029614061949410e+00,3.971407054733699926e-02
-2.004685103294640669e+00,-1.349482089077787883e+00,3.548789543188024531e+00,5.865954983950259383e+00,2.974360823671085008e+00,-8.600488605225657945e-01
-5.515850180450120321e-01,-8.288576279651138634e-01,1.723236350861952593e+00,5.868648728882282839e+00,-1.496337627737103215e+00,4.234952192843042695e+00
-1.403548994288971397e+00,-8.595241559517243779e-01,2.498754236689709973e+00,5.860339070399994910e+00,-2.170321460767031141e+00,4.760802774011509975e+00
1.026823544402780675e+00,3.210292932274363409e-01,1.047600476263873093e+00,5.617243161136242335e+00,-2.029901964406124470e-01,3.113175133558629959e+00
3.838048803542642773e+00,1.299886921482787727e+00,-1.196453633186487009e+00,3.601268110840635917e+00,1.269700666463284833e+00,4.551227935779526002e-01
-7.446343013893123031e-01,-1.679719320627763413e+00,1.948226906970836003e+00,3.339767182937782852e+00,3.040355745202846016e+00,-1.876810762443293257e+00
3.072776890967031882e+00,1.680303175031032659e+00,-1.441322805030334608e+00,3.522573896777133395e+00,-3.759781301945563925e-01,3.974192306747458048e+00
