-4.386986176061471454e+00,-1.272009025895309620e+00,-3.108018717974214251e+00,7.264110640987502698e+00,-7.928477669120427285e-01,2.094612688639126308e+00
-2.185245168064889221e+00,2.743995619795365215e-01,3.265182782300604103e-01,2.680175078468274852e-01,2.023889117853761466e+00,1.015655946983322622e+00
-4.460010992300353472e+00,-1.951215403005680749e+00,-2.935691760469596012e+00,7.225785842106048129e+00,-1.302527688160440844e+00,2.386950476103553598e+00
-1.151536131390206441e-01,2.145369505469890470e+00,-1.994656583350412404e+00,-2.785570514202824643e+00,2.316418422721386428e+00,-1.859560717337980007e+00
-4.355511116950140149e+00,-1.104217620697209412e+00,-3.376953496591160508e+00,5.208069533904332360e+00,-7.223715413932485507e-01,2.122450412343863224e+00
-2.523497974120691545e+00,2.722219434700123841e-01,6.069042079934332534e-01,4.574808404818028196e-01,2.001516226670562393e+00,9.317056789757369728e-01
-4.261707621124593892e+00,-3.458883501142591577e+00,-7.322836279606450560e-01,5.486171926804939147e+00,-1.873298106177983202e+00,4.393252504080265908e+00
-1.402407242462428094e+00,1.212067347263677597e+00,-1.797163561757418648e+00,-5.306127972989653774e-01,2.339495638007203837e+00,-1.469872418802669500e+00
3.740175766942239743e-01,-2.029830164748832821e+00,2.589808367972757708e+00,8.111367413949421845e+00,-1.371851920952761539e+00,3.387339555245323375e+00
5.279496102062573470e+00,3.027903150150983436e+00,2.789307165637569419e+00,-3.138688331821547273e+00,2.260212932976618294e+00,-2.061165919835791893e+00
-3.948388643820620381e+00,-8.802867536295551076e-01,-6.426360538669571021e-01,4.996395808712341235e+00,-2.839778756799187232e-01,1.790680680709682893e+00
6.706471179586723785e-01,1.766932454601624514e+00,5.069002585323945098e-01,-2.333696584944150221e+00,2.339008001838986051e+00,-1.750417799931998752e+00
2.273073675615931988e-01,1.841973012918654007e+00,-2.067264792909905502e+00,-2.505142922525311455e+00,2.646812705278804856e+00,-1.804646028212022468e+00
4.417916311757751124e+00,2.593496186902251033e+00,3.484108783428320422e+00,-2.820562889318821043e+00,2.494316590808064227e+00,-1.982710236867838649e+00
-4.574815466673202380e+00,-2.729221752203788487e+00,-3.402465160689716495e+00,4.515518117578658952e+00,-1.699841391040770588e+00,2.691156189788667330e+00
-3.857865280753012271e+00,-1.399356137243513487e+00,-3.177106489857668414e-01,6.416339251689427314e+00,-8.208897885200854283e-01,2.787502629604155402e+00
7.917168957041254007e-01,-1.756596383467203815e-01,2.850598019328044685e+00,5.313265490664372592e+00,9.828460933549412193e-01,1.422332590039738998e+00
-7.317706202027034479e-01,1.210557034166100721e+00,2.786204795350832875e-01,-7.497447192186283971e-01,2.105005292063892419e+00,-1.367656713137790581e+00
-1.994827813944556327e-01,-1.696852969555675994e+00,2.974900115302243186e+00,5.212908148161131017e+00,-1.194151400325006440e+00,2.707281261531966354e+00
4.206330524295678330e+00,1.408059238071412977e+00,1.782100106420037910e+00,-1.046396024690372517e+00,1.934690946529355138e+00,-1.535491014617584860e+00
-1.367388911306888222e+00,1.099000415619837412e+00,-3.895938752123564441e-01,-7.295559577246490957e-02,1.577012819758428552e+00,-1.091064011703797743e+00
-1.747939475097226025e-01,-2.225945696016740083e+00,2.766210562723628641e+00,7.276782139677674621e+00,-1.488276045332239228e+00,3.416938141730351486e+00
-3.303189359733853081e+00,-1.245559050196294315e+00,2.505718674905752508e-01,4.872758514589035528e+00,-9.069189388998982748e-01,4.082886366202570727e+00
1.143453335918330982e+00,2.712762198445798134e+00,-3.079269560912060388e+00,-3.051517845128384199e+00,2.130199274364363848e+00,-1.993291460770976409e+00
-5.386665135991443032e-01,-2.916555872651702686e+00,1.434301637536683494e+00,5.147296893657865802e+00,-1.755865294455851044e+00,3.164021675864194805e+00
1.961132776654215260e-01,1.725948840982857391e+00,-2.347102091430389503e+00,-2.099897694471474896e+00,2.188513269869798883e+00,-1.744985232257395769e+00
-1.394466033252486747e+00,-3.063549657115665070e+00,1.200507826513657506e+00,7.010210990091158223e+00,-1.793494116238713021e+00,2.930802742590350451e+00
-4.310032163592825150e-03,1.620367886009098868e+00,-4.815871543059810911e-01,-2.014162132603662503e+00,2.156437860341497981e+00,-1.526568646190581857e+00
5.385912727018762336e-01,1.697579484954806261e+00,-2.941216118029417181e+00,-1.639951743481617541e+00,1.838514525079709916e+00,-1.706055158834882679e+00
-3.818354567586953463e-01,-6.445893058383709295e-01,2.122178070706495667e+00,3.639085928501430534e+00,7.040043428570305073e-01,1.731484313816755494e+00
3.994119875134887643e+00,3.439680992289368078e+00,1.946175650787727918e+00,-3.155442203431320092e+00,2.045988658197977816e+00,-2.116711069951155100e+00
-3.589842263166068470e+00,-3.350389086912572978e-01,-6.354895199746062318e-01,3.834576507665130141e+00,6.014231016560722676e-01,2.750771819582869426e+00
-2.346651907380121749e+00,-2.170850198104549378e+00,8.478200794050785305e-01,5.063765449490464476e+00,-1.437987342259604340e+00,2.402764691245720119e+00
3.749937300594541334e-02,-1.038614695304322044e+00,1.720030190690137850e+00,4.015998562373710890e+00,-6.787555554554877135e-01,1.861111584315569889e+00
4.668753521225446068e-01,1.503681664976818766e+00,-4.384645438963739039e-01,-1.583190167600576403e+00,1.886188693757478108e+00,-1.616410933887527435e+00
-3.923139217621154362e-01,-9.979524572376408109e-01,1.832054979908576797e+00,5.573000152290876308e+00,-2.951027343398653913e-01,1.943615543536777457e+00
-4.299858063960816601e+00,-3.138670122034468157e+00,-9.523500685848373948e-01,5.328674871431982041e+00,-1.801025898652944601e+00,2.951600004521624410e+00
-4.312661992210332862e+00,-1.288566969536240059e+00,-2.779431847762230401e+00,5.548986511398496191e+00,-9.182221252183606630e-01,2.440542985997672609e+00
3.986077761573284750e+00,3.491632280954866552e+00,1.445880336097580710e+00,-3.896942693150401649e+00,3.420176263160837227e+00,-2.124770020155410055e+00
-4.450941259640407210e+00,-1.484666003678801083e+00,-3.416522132335384043e+00,6.578059177651546463e+00,-1.051791124275233358e+00,2.511162706847109849e+00
-1.814065972706938812e+00,-2.674289000893583790e-01,9.429526280162434659e-01,6.283390293340445965e+00,6.674577833510364488e-01,1.792784870051296053e+00
4.464249494888588021e-01,1.646876776887812532e+00,-2.039508521776070893e+00,-2.095997731399743991e+00,2.457849139777152470e+00,-1.645899765140929505e+00
2.654201069951199088e+00,3.105752655217517422e+00,8.979715297235770777e-01,-3.335785023876000288e+00,2.327750504232074302e+00,-2.075164999818405409e+00
-3.593958503356575296e+00,-2.272181501341194121e+00,1.256833882263865831e-01,5.816395229349995866e+00,-1.431826493421241020e+00,2.892134354436329602e+00
-3.154876153523701987e+00,-2.013050368678532820e+00,5.469136528910381045e-01,4.521886481508183842e+00,-1.351633043563972514e+00,2.377799698133899575e+00
-4.512562404408161143e+00,-2.572656709346067938e+00,-2.656486768284341604e+00,4.394643775266093400e+00,-1.607850743771637836e+00,2.823599016739407830e+00
-3.924977121587480688e+00,-2.039231654267642746e+00,-2.709193824059381583e-01,6.446029576464475497e+00,-1.468556849056683822e+00,2.293433212687586487e+00
4.235609959498748189e+00,3.469815611804705213e+00,2.750721306739438710e+00,-3.338655139344697265e+00,2.139298202693677986e+00,-2.122249421826248206e+00
-3.720054379789881516e+00,-1.773479176578811156e+00,5.329553158242772426e-02,5.148759199090635619e+00,-1.321205904286357091e+00,2.466180131487629712e+00
-3.078505389739597531e-01,-2.729627889723820200e+00,1.798015192068253221e+00,4.769313593119155925e+00,-1.711674689559899321e+00,2.592947143874870353e+00
-3.384108243800563631e+00,1.624166785503833310e-02,-3.298168918988406695e-01,2.540755296772472693e+00,1.074257193937218080e+00,1.805722043575827662e+00
-4.000183024661232878e+00,-3.071472934364609664e-01,-1.857492025911061440e+00,3.218447261871690390e+00,6.708223935345047906e-01,1.448547994619705737e+00
-6.694925038801136097e-01,1.641431602621172381e+00,-2.640563733127452295e+00,-1.798216958514225361e+00,2.541579991911770087e+00,-1.627442661161143000e+00
-2.563661438737822706e+00,8.466047892560961685e-01,-9.866256680472211826e-01,9.602369874914140624e-03,1.994527635213957595e+00,-6.421330358872863187e-01
-2.311866530376679219e+00,8.474915868216967851e-01,-6.803573090066779017e-01,4.271505896086553733e-01,1.565057275753885202e+00,-1.022366662563515938e+00
-3.925981127303233009e+00,-2.448791560627768149e+00,-3.842264568114419632e-01,6.231810462629448821e+00,-1.612582384400868429e+00,3.594879133543619432e+00
-2.905260941844025613e-01,2.679218218950971675e-01,1.610629988250225075e+00,1.801816641436971178e+00,1.379272073535116716e+00,8.466254779681285925e-01
-1.798743750573551736e+00,-2.657569295418094502e+00,1.075752955849123893e+00,5.970798597917530870e+00,-1.649990561558635438e+00,2.809223304448214442e+00
-4.054708077472460204e+00,-2.428821345850225910e+00,-6.960605432002595627e-01,4.630801643976734105e+00,-1.606115401903657425e+00,3.155823301016978277e+00
-2.332568302915305036e+00,-3.487501023018220181e-01,8.361057676238585756e-01,5.508122295657308598e+00,8.944537317961180900e-01,2.559113118916674701e+00
-3.998900357204234535e+00,-4.964935695530381388e-01,-1.869528725885511333e+00,4.716965368572688000e+00,6.157958216869188206e-01,1.729514509463990102e+00
2.440012631583159841e+00,1.635634565867641221e+00,1.371224702063096323e+00,-2.176463192567180904e+00,2.881350243078523832e+00,-1.722257080865550183e+00
-2.725016744334758378e+00,-2.984999149569450339e+00,8.182151222088407394e-01,5.492611699985140206e+00,-1.758027573328466264e+00,2.620902839611459978e+00
-3.898578760385543074e+00,-1.548499191659408414e+00,-2.447553156543138542e-01,5.105649709880939469e+00,-1.167768298749743527e+00,2.212161977714484973e+00
-3.077820830104196492e-01,-2.342943577932952159e+00,2.598643922880018664e+00,6.502682798764993777e+00,-1.558392837198635750e+00,2.417611816060616370e+00
9.853281385585505037e-01,5.661696922411874056e-02,3.423358010400725071e+00,3.477474605472509417e+00,1.092193980333362235e+00,1.067328922641552769e+00
-3.499204411621323452e+00,5.547580680705994638e-01,-2.591816295824637795e+00,-6.022702725108075583e-03,2.056597413884377445e+00,-1.833484577649728275e-01
-1.896019260824137298e+00,9.702554975924710945e-01,-3.976518891273079781e-01,-6.270977881324667491e-01,2.504369983168040381e+00,-1.181141941756767455e+00
-1.833883271831485251e+00,-2.001820069623347020e+00,1.032471518602242178e+00,5.418043901014165442e+00,-1.352336536896416863e+00,2.545420627227625410e+00
-3.869850404118601706e+00,-5.769564610394875004e-01,-7.466315802168415061e-01,3.966125639230281941e+00,7.278314428577057349e-01,2.087465406537170054e+00
-3.452384223720414091e+00,-2.323007358049085092e-01,-4.337875691570061143e-01,3.194632753634724320e+00,9.317484731019404220e-01,1.522414144199347064e+00
-7.645003708161399736e-01,-2.918515490679462143e+00,1.677707793259582303e+00,6.683287991164539754e+00,-1.732176932117896140e+00,3.168388337781402164e+00
1.216789674766046936e+00,4.919103563587068351e-01,1.940552790641474346e+00,1.335286448587930108e-02,2.127536587678432234e+00,-2.398900734691727932e-02
-4.146002149193825481e+00,-1.900377061346617991e+00,-1.012686872607163835e+00,6.056216278819959165e+00,-1.383909155908163768e+00,2.437965575230376825e+00
-5.688548476722454783e-02,-3.249891961529741025e+00,1.856556297146749301e+00,5.572202485620204371e+00,-1.831535789068534870e+00,2.514275366960639690e+00
1.147960744903448793e+00,3.251704947540050128e+00,-5.801585508578259720e-01,-3.751816755527486613e+00,3.040560357218535792e+00,-2.083415846497127522e+00
-4.289728047566047309e+00,-2.977380374095530247e+00,-1.315284104464296000e+00,6.883806039702254687e+00,-1.737103581502034366e+00,3.510517956298345510e+00
2.059061541259598727e+00,1.613361685974211035e+00,8.390355938869946684e-01,-2.132514235311962381e+00,2.482981962624910555e+00,-1.657627237894959693e+00
-2.504652899223455798e+00,1.840946527435161073e-02,7.222689125286176903e-01,2.547601845846859892e+00,1.260774177182283573e+00,1.660105076183590267e+00
-3.409112156395869953e+00,-2.851724156497817741e+00,2.765799952348140245e-01,4.781853957435082236e+00,-1.739042550458994363e+00,3.619455050925032502e+00
-3.459597789689569769e+00,1.676454805153704264e-01,-4.483811712091778645e-01,3.519059663534074289e+00,1.211855398404259265e+00,1.729205377610227412e+00
-2.936629791935594369e+00,-4.604742696436159299e-01,5.613898354474038399e-01,5.506701538421674869e+00,1.036175287920882759e+00,1.756776037767337151e+00
1.550229314097745226e+00,3.361148469312711384e-01,2.408323180662696572e+00,2.031080608434819634e+00,1.261153901235049890e+00,4.729025112637746942e-01
1.157150958089044002e+00,3.045048778105879705e+00,-3.293411326515766291e+00,-3.536442686266036084e+00,2.870841019847851339e+00,-2.068479066622202822e+00
1.076584540677233193e+00,3.465352120698543814e+00,-6.007731219422876023e-01,-3.653173599257092174e+00,2.706046623016546526e+00,-2.121630738055188203e+00
-1.509108794236840412e+00,1.136226516464174274e+00,-1.696521824622928776e+00,-7.067149411226677502e-01,2.671108786331484630e+00,-1.121884621762436529e+00
-4.217844473424877449e+00,-1.021088095467411527e+00,-2.441855280347185353e+00,4.670649280170970030e+00,-6.198429905135653950e-01,3.155456446450118690e+00
-1.439167367903743111e-01,-4.259009017736441471e-01,1.874637238420853613e+00,4.384341400598817273e+00,5.871539110560914931e-01,1.904720033898439802e+00
5.683999824403600520e-01,1.928611135728421466e+00,-1.202108442808771827e+00,-2.291216166805763788e+00,1.980680286721498762e+00,-1.817440387848715089e+00
-2.080258026665319004e+00,9.008343316147264801e-01,-1.001756540979900301e+00,6.758869811695872309e-01,1.732152506417792504e+00,-8.576266257783384805e-01
7.763566351820003764e-01,-2.814063551980501288e+00,3.060313341857505698e+00,7.462933355819494352e+00,-1.712651481719443813e+00,3.452621322575423424e+00
2.133756645105685301e+00,1.061102420509475230e+00,3.186555774942015695e+00,2.735878260596880107e-02,2.220288683766220572e+00,-1.340736341794246611e+00
4.345952424148790127e-01,3.280312058459469604e+00,-2.566759404042719961e+00,-3.406074051006569903e+00,2.343748073927253817e+00,-2.093045649186296320e+00
-4.058549873182478729e-01,-1.841336230558894060e+00,2.190313810773674597e+00,6.327738907269800706e+00,-1.245198742650759138e+00,2.651686323492556507e+00
1.218197053549648912e-01,-7.509337708591847793e-01,2.024343771986547580e+00,6.621627726972504568e+00,-7.142075612036294374e-02,2.262488178569559416e+00
-4.339749465052602950e+00,-2.921343497298082958e+00,-1.353423340882533132e+00,4.462170137520300450e+00,-1.744016605823471844e+00,2.179474198040627364e+00
3.989822655290495845e+00,2.264855603223385749e+00,2.263443448850699369e+00,-2.411403297872826368e+00,2.254227430915992425e+00,-1.887916016865043067e+00
-4.174844182881409793e-02,-1.473525873456875246e+00,2.126860494874111218e+00,6.066224382796198356e+00,-9.788795085232082638e-01,3.278044549483294379e+00
5.311200878295702088e-01,-2.352013423125030034e+00,3.362620406166567655e+00,6.359594085957027687e+00,-1.592257438063020780e+00,2.645751923558614216e+00
-6.335125420483745939e-01,-2.358054647892002365e+00,1.277752352251328993e+00,5.732935939286631033e+00,-1.554584816243806733e+00,2.220801011608270148e+00
3.823062798315407518e-01,-1.554254150601921403e+00,3.168710149034719592e+00,5.967553522967813606e+00,-1.107126036888411491e+00,2.108561421879357578e+00
-5.713625348354817168e-01,-3.450562339919357235e+00,2.102004987940018665e+00,7.641453568092826387e+00,-1.870903887466445426e+00,3.771134349204865011e+00
-4.765668515892486079e-01,1.741289183599232793e+00,-1.513281739292153372e+00,-2.318412961016473872e+00,2.297598040217124105e+00,-1.755901047065581588e+00
4.580792931167085413e+00,2.476704258039878148e+00,1.158698845385552012e+00,-3.267273908293601536e+00,3.004593356772334189e+00,-1.930105283169537556e+00
7.649157210596060352e-01,2.979917027126689710e+00,-1.590337702011886067e+00,-3.515645116732523334e+00,2.792686087859617139e+00,-2.048774566146702725e+00
-2.775859909017419191e+00,-1.384985617342747499e+00,6.710419692049853779e-01,9.272525562130851995e+00,-8.692657143908449902e-01,2.204795961954128636e+00
-3.919945032116087802e+00,-1.810874700638556156e-01,-1.628328996434338372e+00,3.381740082126025726e+00,9.997295023859715801e-01,3.103029307882958499e+00
-6.677022505138558994e-01,1.682208275087624827e+00,-2.792626053942009356e+00,-2.095536443421638140e+00,2.114582175767386829e+00,-1.513116832952628110e+00
2.346650359771312200e+00,1.054460559476034121e+00,2.605780111070465921e+00,-6.428588258781918752e-01,1.892778932230674727e+00,-1.063295307006161483e+00
-3.159713245507226986e+00,-1.626675943420673232e+00,5.275548753132115465e-01,4.990141038094449755e+00,-9.444305674042469123e-01,2.626771685891751140e+00
-1.498111244155273969e+00,-7.751010345007789404e-01,1.025518396121026576e+00,5.336936304919621676e+00,5.496304765965831507e-01,2.563962144074078964e+00
1.614533795555398887e+00,2.836686152955524065e+00,-1.380241433596291145e+00,-3.380812482921900841e+00,2.576027966078354492e+00,-2.036843010929511255e+00
5.418019225068536393e+00,1.615895166497017144e+00,3.165734980604938187e+00,-1.108918292357919277e+00,1.783297132960053322e+00,-1.688940356892934425e+00
-4.595664723386209793e+00,-2.966277052188780683e+00,-3.382489410319508671e+00,6.026383897102750353e+00,-1.732669164707493881e+00,3.467898279448263121e+00
-2.699535118778099152e-01,-2.056052108759816033e+00,2.932712221552525200e+00,7.063448370862043468e+00,-1.412137279006769885e+00,2.907554686257202814e+00
1.700711325027597809e+00,2.718228699071329579e+00,-1.250977562442352919e+00,-3.534858056787153924e+00,3.101911131666370558e+00,-1.997864328562813263e+00
-2.780410704495416052e+00,-6.110643353835740754e-01,6.916080717797186139e-01,4.449864848320697064e+00,2.978426667619564205e-01,2.378358957783536454e+00
-4.450816037608294806e+00,-2.068423010648551941e+00,-2.724339823682424111e+00,6.187819210914923929e+00,-1.483016600086247916e+00,2.384999840126589721e+00
-4.303750979417246825e+00,-1.071480428396633933e+00,-3.223499052802304199e+00,5.740906941616511716e+00,-7.083264850047057415e-01,2.295492801433393293e+00
-4.116153216825757966e+00,-6.146075476720938013e-01,-2.047425508625491108e+00,6.125958758047221231e+00,2.875352607884112954e-01,2.931831990391721821e+00
-3.318593237888354808e-01,1.786991557597700897e+00,-2.441090795563505722e+00,-2.558173509079558539e+00,2.551374744629013591e+00,-1.683520430466129980e+00
-4.391721028737419097e+00,-2.568411640327769696e+00,-1.878876953056532573e+00,5.679134620830991409e+00,-1.608801112688292179e+00,3.053827197309090913e+00
1.759537809828761290e+00,2.483747831716590859e+00,-2.413870651844653104e+00,-3.280222991035893099e+00,3.216518162554561577e+00,-1.930831727962063926e+00
-7.253319314476359969e-02,-8.413427669005071330e-01,3.350034004025607359e+00,6.340443384919458580e+00,-6.343260919797200081e-03,2.096200501022043916e+00
-3.190619296581047148e+00,-1.618539719413827349e-01,2.850615822902762275e-01,1.388283118916992187e+00,1.397289865499548256e+00,2.259223632635835699e+00
-6.336528055924739444e-01,-2.588924120503642179e+00,1.657018681246339220e+00,5.649769230780388618e+00,-1.623945127876471384e+00,2.510766406329674627e+00
-4.244717292149683630e+00,-1.594618364774902819e+00,-2.123416480495200709e+00,4.330142396538948724e+00,-1.124112190348601104e+00,2.579192655587297267e+00
4.630391641888306431e+00,3.120865802171172376e+00,2.660805066655877127e+00,-3.204216072843747209e+00,2.505526079355756330e+00,-2.077829456912269723e+00
-3.324940177629091220e+00,-1.795113132266163980e-01,-4.014441115160138907e-01,4.268671123802787015e+00,9.860882964898732839e-01,1.812018078534149979e+00
-4.503899458074426931e+00,-2.433013678834420546e+00,-2.740441866319356379e+00,4.627593276506624775e+00,-1.606908871379772341e+00,2.518950008064296142e+00
-2.051317190036813010e+00,3.650292462125910298e-01,7.643495574075584997e-01,2.287457235124384702e+00,1.346686237632061189e+00,4.720268612856013402e-01
-1.636141098460171861e+00,8.446844363943437628e-01,3.340213209764884006e-01,-7.002878917114441215e-02,2.209425112606381525e+00,-1.028263601668052862e+00
8.428829695791804077e-01,2.443186130616370022e+00,-1.157237225589771157e-01,-2.760680830405856767e+00,2.091395170981434237e+00,-1.937956895508502919e+00
-3.963285931445875043e+00,-5.000182285338357069e-01,-1.239337197642976562e+00,2.881663364330122601e+00,1.129445656263283082e+00,2.627479166003055866e+00
6.804060898875798902e-01,3.206608660776579356e+00,9.734470920329263421e-02,-3.983866499701427255e+00,4.399843289073803732e+00,-2.090617817938653200e+00
-3.593318802246750820e+00,-2.130167199823210566e+00,1.827285813125736347e-01,6.318019843845545935e+00,-1.423908081002464465e+00,2.733144890712404518e+00
-3.699762552327227283e+00,1.161250579177433018e-01,-1.259036888678956245e+00,8.504083819347640905e-01,1.924774954824985063e+00,1.010797780023396264e+00
-2.475001017366611489e+00,-6.888405386071503322e-01,6.861249581626900351e-01,4.254020004488729967e+00,9.248384130522099844e-02,2.376194608292153454e+00
-4.357220935420678565e+00,-1.548285377900909143e+00,-2.548449017762195012e+00,8.286652138895679087e+00,-1.133274967253448784e+00,2.960446734435547178e+00
-1.401727379855079558e+00,7.286264685320160694e-01,5.922541284013034257e-01,1.235400521859122192e+00,2.224605012309411656e+00,-8.316348443483397856e-01
-4.515275654463136057e+00,-2.942293081424699253e+00,-2.470683513450424584e+00,6.004726253062390384e+00,-1.757771977376871853e+00,2.358618837020646009e+00
-3.866493774253913163e+00,-3.396464520903830220e-02,-2.173958576689235311e+00,3.010283624374398670e+00,1.064905623078358010e+00,1.308688600857344397e+00
-2.983450229511497742e+00,-1.814961014398450700e-01,2.645766143970984530e-01,8.227931539434045760e-01,2.121777430291801547e+00,1.726655630436300104e+00
5.801703509090163635e-01,1.650638059885087827e+00,-2.061988455234311512e+00,-1.745107553791532373e+00,2.198409303050763430e+00,-1.714334708082091430e+00
-4.356069865711242883e+00,-1.445805878836054603e+00,-2.562738265503599511e+00,4.931120047863905675e+00,-9.491035028027332565e-01,2.349968059384118568e+00
-4.202947117115559017e+00,-1.980377885555587358e+00,-9.098533579146330652e-01,4.346270087421282291e+00,-1.324403537431354083e+00,2.825725810461026999e+00
-3.268221273451005437e+00,-2.060935691907340495e+00,5.390638437946417838e-01,5.916788574893005581e+00,-1.441777930990338685e+00,3.402629730137496367e+00
7.148694469499526916e-01,3.374352502906757145e+00,-1.859095069981945958e+00,-3.288067567715875050e+00,2.081222379595942140e+00,-2.111189475871432464e+00
-3.883660985988316217e+00,-3.295340962994215417e-01,-1.285795153089335674e+00,3.136178855225458584e+00,1.322381439316554719e+00,1.629299168430268452e+00
4.981732761785797159e+00,3.210794784706481941e+00,2.070906789585716723e+00,-3.655152556482672566e+00,2.796792630069981911e+00,-2.090729298876145226e+00
7.067638905923137038e-01,2.772745918080835814e+00,-2.605058456585687132e-01,-3.601915115005679624e+00,3.428289657895478459e+00,-2.024078826621876104e+00
-3.496386351026969042e+00,-4.136507426172002511e-01,-3.929682007450292502e-01,3.256897282845042874e+00,7.144633162784720382e-01,1.557767955664509651e+00
-3.206370890253680273e+00,-6.302660741493468777e-01,1.930160840922479082e-02,5.528887481458188091e+00,7.242308104502236388e-01,2.554109186070614435e+00
2.343905136650794585e+00,1.126749204246024760e+00,3.436432189529391223e+00,-7.886120308321733496e-01,2.434912621329234472e+00,-1.282835426208992491e+00
1.933055284075885227e+00,3.037869368476292742e+00,2.476840470592849286e-01,-3.306091430254767261e+00,2.326205528341659168e+00,-2.065127127830665543e+00
-3.391270807634474971e-02,2.131758825760225129e+00,-1.324304521302214432e+00,-2.820290492930450199e+00,2.324383105224610002e+00,-1.799976534882695933e+00
-4.055220084195223507e+00,-1.786728824744656663e-01,-3.460927965236072268e+00,1.851735511846302806e+00,1.752192092522604661e+00,1.604138223316134093e+00
-3.601065853291244068e+00,-4.239470107151843692e-02,-1.052432777011383713e+00,2.340125880862838681e+00,1.365779636545789488e+00,1.691997631137821756e+00
-4.109568480846686356e+00,-1.712234913094449418e+00,-9.220907492795431537e-01,4.351331091602715695e+00,-1.193644291851150063e+00,2.707980213762658739e+00
-2.776712493648028968e+00,7.524591074866320284e-01,-2.212625128136430419e+00,6.646445991229199546e-02,2.099563621968613347e+00,-8.880703972670163093e-01
-1.090364747024193059e+00,-3.057116488921877373e+00,1.388901473132718500e+00,5.116267327529712361e+00,-1.774816099575499129e+00,3.331683422979564213e+00
-3.229609406817335326e+00,5.003141745787278438e-01,-6.303114147511394982e-01,4.667688390401497633e-02,2.025308646820430880e+00,-1.557248792075162092e-01
-4.554035415777586415e+00,-2.859645281608486300e+00,-3.100978106258902578e+00,4.609955127763162963e+00,-1.737996939795844797e+00,3.501220686909995550e+00
-2.089969603464115533e+00,1.437390455063294326e-01,8.516435375070674496e-01,8.088021283750276291e-01,1.930054958444993307e+00,9.922665534036152479e-01
-3.070956698184773348e+00,6.835668454021934792e-01,-1.520364319182649915e+00,-6.633557750275342890e-01,2.608559298075368904e+00,-6.074090041478406032e-01
3.449935948546304587e+00,1.908489583930505162e+00,1.945808437096647303e+00,-2.248289812413056143e+00,2.285782330124059847e+00,-1.773540309102364709e+00
-3.776033423050000337e+00,1.757841970878897264e-01,-2.651839220377067541e+00,2.879834485512878572e+00,1.246687509427630181e+00,8.546972168352677812e-01
2.019767870877093863e+00,9.749259628570756675e-01,1.854189328940058168e+00,7.720903815862250053e-01,1.600809752525760521e+00,-1.043020061006963539e+00
-3.491696436101453305e+00,2.825682446324533359e-01,-1.582908887527184616e+00,1.715263519148079840e+00,1.540743730597740724e+00,6.702116290296505907e-01
-5.384555610763185340e-01,-1.640922953335372636e+00,2.138224266722738243e+00,4.759627298632482351e+00,-1.166789311114112992e+00,2.218439585711945661e+00
-5.075393157551792989e-01,-1.323150557847364794e+00,2.060777105127229447e+00,5.401519304086358275e+00,-8.493392024067256685e-01,2.626566437945163202e+00
-3.908241623842031665e+00,-3.985021042905287914e-01,-1.797035095302807584e+00,4.022137793568246522e+00,6.351803077499006411e-01,2.022330643430733765e+00
-1.024787259473699974e+00,-8.620720802268571070e-01,9.533255967496776506e-01,4.395974477180963902e+00,-2.184548619488661525e-01,2.166711073388100761e+00
8.456964445610051229e-01,4.712286588408804988e-01,2.435370041467828983e+00,1.686063034986437170e+00,1.426604213963274415e+00,-1.396612040039731384e-01
4.981827175130748575e-02,-6.098738079019261349e-01,2.784081301418521726e+00,4.823912572783852326e+00,2.654349790156578792e-01,2.570639698295853925e+00
4.049173298225385298e-01,3.173813477457785304e+00,-2.263812770560408971e+00,-3.431859368895145757e+00,2.396290765645567422e+00,-2.085903547974725214e+00
-3.190672205284596163e+00,6.767531091605762938e-01,-1.462108366780080715e+00,-1.653184922750992603e-01,2.033956420868164194e+00,-4.649550692316196665e-01
-2.956956548863954648e+00,-1.813978107041589460e-01,9.141102974249637469e-02,3.197892902359384948e+00,1.029301922107588751e+00,1.879771560128312480e+00
4.624586101375793845e+00,3.468496769703639515e+00,2.355859203143582548e+00,-3.887096952340436395e+00,3.404692179038392830e+00,-2.122069212675000482e+00
-4.221196952439358441e+00,-1.922243562571894104e+00,-1.223881483874394327e+00,6.224846476742034618e+00,-1.336535793711460585e+00,3.117667019029630282e+00
-4.143252916460436808e+00,-3.197470669383100095e-01,-3.189867664759634458e+00,3.269308082482001776e+00,6.094885267090975889e-01,1.602251186880327083e+00
-3.426833062734228719e+00,-4.606163742100748415e-01,-3.410238505354641347e-01,3.720674284421980005e+00,5.109688428321986775e-01,3.244919765878512052e+00
5.705637526884230759e+00,1.823903292685615796e+00,3.155268741725608450e+00,-2.051233254256976224e+00,2.204632831757426192e+00,-1.773284122387939865e+00
1.154290805828284805e+00,5.007532688503868457e-01,2.950346416266885541e+00,1.282476124918133786e+00,1.617379951684903006e+00,-3.121106628640174518e-02
3.214367983062176748e+00,1.316393271855282876e+00,1.545479982878530834e+00,-6.427170363065397574e-01,2.235017512868572531e+00,-1.459583825008773816e+00
-3.912640918258248224e+00,-6.161649107148186033e-01,-8.806900298746205280e-01,3.696631601592088145e+00,3.853417525753604078e-01,2.756734106103841953e+00
-4.318419270912714047e+00,-1.978038803370882004e+00,-1.711517114280262986e+00,4.612281111584175086e+00,-1.404325820210467146e+00,2.998357140224538586e+00
-4.437418306588821970e+00,-2.471932777369052481e+00,-2.444584294863076490e+00,7.632317479835746710e+00,-1.596707725936390432e+00,2.120328640056584391e+00
-3.643468516883634045e+00,-1.717065876134334257e+00,2.609252720986594554e-01,4.299961003746198607e+00,-1.222391165734096674e+00,2.090350192701934784e+00
-4.270095325232110106e+00,-7.285880301834470885e-01,-3.217905268866767088e+00,5.458015800861901745e+00,-1.179770365686777511e-01,1.875710366907131554e+00
-4.357669261542318928e+00,-3.020891990339975575e+00,-1.519466819783893641e+00,6.125342604088343634e+00,-1.772302313161192799e+00,3.040809568623371817e+00
4.051333599270929398e+00,2.100235473078933879e+00,2.987597672999305232e+00,-2.648306209239747133e+00,2.172674247553028959e+00,-1.855987471791274102e+00
-4.537331390197344660e+00,-3.018902228438961277e+00,-2.566129054163416523e+00,4.532557948080722099e+00,-1.751603898381447477e+00,3.269346837641533554e+00
-1.466856330031186761e+00,-3.238931189547618494e+00,1.079265611097627087e+00,7.149861070932018947e+00,-1.822885218156561349e+00,2.522898621961706223e+00
-3.388829065451385070e+00,-2.104940033381678344e+00,4.347455198504537321e-01,7.032246346021899797e+00,-1.444040750109848226e+00,2.716514611159253079e+00
-1.475579963783295145e+00,-1.944038353191432256e+00,1.169031880930309519e+00,6.570975157614217466e+00,-1.343814490941749762e+00,2.409950983487974874e+00
-4.441551188569521358e+00,-1.647408339247488751e+00,-3.210278688018699533e+00,5.090179417372560522e+00,-1.156061099807115244e+00,2.714041233062129077e+00
3.856304574006763630e-02,-3.398433534974653281e+00,2.134229860675092461e+00,5.985945378945125128e+00,-1.860794010950056698e+00,3.057402611434530293e+00
-4.179262675174642894e+00,-8.032953882247366728e-01,-2.476010682034468058e+00,6.676296578245421998e+00,-3.397995954164113042e-01,2.662688322238365934e+00
4.969422385006703635e+00,1.279007121781555512e+00,1.838065595207034164e+00,-1.424993965160309628e+00,2.489606784130570460e+00,-1.426943644366841291e+00
1.406301722381677610e-01,-2.811555016944565111e+00,2.201921321256765651e+00,5.769221250484656949e+00,-1.725361100069039866e+00,3.207518750219685799e+00
-1.147813600903166975e+00,1.360758704241426642e+00,-3.043226644661976454e+00,-1.178981299317842346e+00,2.151197531624386983e+00,-1.556392477222039217e+00
-4.457637362382619983e+00,-2.856909098014078996e+00,-2.188871171954565931e+00,5.432590585753304779e+00,-1.742427596767282427e+00,2.349858743259155780e+00
3.096413415841425820e-01,2.658938506796513224e+00,-1.699588830814858564e+00,-3.343712557535090113e+00,2.652080383132457975e+00,-1.967291069203376930e+00
2.767138148395213992e-01,-3.637484875039729282e-01,2.658364569991674919e+00,4.111592958977746903e+00,8.191670688806158562e-01,3.116068979552155227e+00
1.450790102641278612e+00,4.501716931724502047e-01,1.595933243358617304e+00,2.012426633528552777e+00,1.328427408553786604e+00,5.032441407897406682e-01
-2.124946029674707193e-01,-5.479741721427848766e-01,1.992144199892611489e+00,4.025100788353659809e+00,3.709615387017540789e-01,2.338184024994730326e+00
4.531368243337987600e-01,2.121459751435290642e+00,-3.406542022348027832e+00,-2.674636824809076163e+00,2.952681250475202468e+00,-1.852570080079826598e+00
-6.823401564368557493e-01,-1.144056761746138573e+00,1.637023930043323361e+00,4.900724851664494786e+00,-6.871010648159324719e-01,2.340638566641821683e+00
5.788555287680785533e-02,-1.217709466408981811e+00,1.387798880297780535e+00,5.469346253706371286e+00,-5.467715089090878777e-01,2.759259737856051053e+00
-1.046120318857255205e+00,-2.695411288557490792e+00,1.466896754617883936e+00,5.712829350701260189e+00,-1.645348672265582124e+00,2.318117019943204848e+00
-5.747983269921964206e-02,2.224296362270887784e+00,-9.180433198778148451e-01,-2.344732211161811630e+00,1.949509439021916091e+00,-1.871842795436382767e+00
-4.540927801376409612e+00,-2.796854892954738769e+00,-2.845798737875785633e+00,5.045118185486411555e+00,-1.732622104398297669e+00,3.114198739837209740e+00
8.817205715058029636e-02,-2.830053694213856108e+00,2.206730308383316519e+00,5.745119566325631588e+00,-1.726060059299268534e+00,2.404983036961136911e+00
4.134791951409330091e-01,1.379080460290803778e+00,3.602662319886871245e-01,-1.194507888530646822e+00,2.083495476205122987e+00,-1.575141768213338622e+00
2.762456301472260289e+00,3.069396838485662471e+00,1.114844684586307366e+00,-3.456961435237699387e+00,2.692385540153951595e+00,-2.070750356320409491e+00
-2.983596672662464089e-01,-2.809753063341406509e+00,3.422918209046514448e+00,5.333487713214510428e+00,-1.672361226089875030e+00,2.312688042462570870e+00
-3.421225467169501933e-01,-1.445661078967063862e+00,1.287201132774915102e+00,7.471462943988853134e+00,-1.070268167163213935e+00,4.048416439417538371e+00
-3.898904658318559591e+00,-2.588708917364371587e+00,-2.579705797322056071e-01,4.559564186293837196e+00,-1.659464036742333670e+00,2.201100148572390669e+00
-1.332372416171823115e-02,-7.162806933949044108e-01,1.983526161583288427e+00,4.171975148721142723e+00,1.341417716763057544e-02,1.951570778921595029e+00
1.139113799739617905e+00,4.764123622308424899e-01,1.795035312230262470e+00,6.455067117233355134e-01,1.519597785650332655e+00,-1.859676147209295693e-01
5.711654483418022732e-01,2.308806392999860790e+00,8.048387561062808615e-02,-2.836066203326312429e+00,2.342220816458878918e+00,-1.913296012458832962e+00
-1.689761467414468976e-01,-5.009625719380226272e-01,1.264749864920039713e+00,1.992375078627181884e+00,1.433611372276035301e+00,2.090148712607081016e+00
4.535129538419508499e+00,1.936440012980758851e+00,3.151296798130218235e+00,-1.925730826079126601e+00,1.910071861605983967e+00,-1.809779662762221797e+00
-2.782380063068910836e+00,-7.187512751055722404e-01,4.274939185082464732e-01,3.974832667167478739e+00,2.294484542732653509e-01,2.205026221414673859e+00
-3.704773698669483917e+00,-2.142987490790444483e-01,-1.178127809848202645e+00,3.795141179051551461e+00,7.549218622487987584e-01,1.506961687355218737e+00
4.648585019947881758e-01,-3.330937128791693347e-01,3.377607554282601399e+00,4.082982961743042871e+00,5.952716276193892320e-01,2.240618556478776391e+00
-4.355220840663899473e+00,-1.860090598174940046e+00,-2.137195731824220957e+00,4.730997568745956450e+00,-1.373708616562015816e+00,2.972861739107952594e+00
1.086356483942708007e+00,-1.268045261834947368e+00,3.236594109485240622e+00,8.720751678125239437e+00,-9.628501607442760957e-01,2.078389153117549792e+00
8.566504494055946495e-01,3.304343468726579580e+00,-2.934475661965403770e+00,-3.512183506268016231e+00,2.395942256963032424e+00,-2.095281484845814113e+00
-6.549588111825814796e-01,-2.894429614625263270e+00,1.689182584691829803e+00,4.562257865797903378e+00,-1.742296845395003180e+00,2.349793769461638426e+00
-2.721831422282393831e+00,9.246058088910347195e-01,-3.332572945291796707e+00,-6.198979623939075978e-01,2.104459617159505136e+00,-1.010226549877186075e+00
-6.210582579457416541e-01,-2.502188433214708407e+00,1.532329017312733299e+00,6.038149272230960207e+00,-1.572398601066619994e+00,2.370739318493124248e+00
-3.718698595532150986e+00,7.059597250323834672e-02,-2.067881649261079424e+00,2.342063275596139249e+00,1.163478543935680953e+00,1.499517841839684618e+00
-3.572746806654280682e+00,-2.151482015521505531e+00,-9.193943816886918086e-02,7.818335285784339561e+00,-1.465835264180514796e+00,2.763352209766257950e+00
-2.773194301764926317e-01,-3.323901249580992090e+00,2.179529791049595211e+00,4.798926914528510501e+00,-1.843452251908852979e+00,3.004112845958411881e+00
-3.969133279383752377e+00,8.582983093742546643e-02,-3.191249657142960938e+00,5.117236972620686331e+00,9.915769789912053378e-01,1.141769980272897778e+00
-3.614511639177133251e+00,-3.891301807455236350e-01,-1.651325538235557389e-01,3.661079423043077874e+00,8.868807320549612072e-01,2.066818629471844915e+00
6.483776384158846939e-01,1.202685243007382887e+00,7.236413672114760942e-01,-7.308497124449857552e-01,2.033847105016382439e+00,-1.342190788282805691e+00
-3.972025894908918442e+00,-1.774246107792033289e+00,-4.588532107953318118e-01,4.809974199332777367e+00,-1.263022705138120871e+00,2.694051519381324589e+00
2.124264484574999237e-02,3.261918855166283215e+00,-2.556799987641260152e+00,-3.147454626552873336e+00,2.150870733137291158e+00,-2.095758839530416306e+00
-4.205426950054451218e+00,-4.948848365743976352e-01,-3.019507846977377508e+00,5.305189467106519174e+00,3.931815578188182503e-01,1.673132611253367763e+00
-5.843575801562455041e-01,1.068926759308514995e+00,1.771629265593523961e-01,5.331873916750600184e-01,1.799233277463177183e+00,-1.337565134757272789e+00
-1.365264490464846547e+00,1.332846548865149749e+00,-3.441853358397965579e+00,-8.308714976655157125e-01,1.776544941164649005e+00,-1.554776613526668738e+00
1.464732608803823499e+00,3.143330284221395488e+00,-2.420319644294081307e+00,-3.640941292393886641e+00,2.886625771615980440e+00,-2.076895047119004190e+00
-9.226727020348364228e-01,1.192712532572906881e+00,-1.544835123532284804e+00,-9.434201743400338902e-01,3.068397045743808338e+00,-1.461613453485642644e+00
-4.094778471515493123e+00,-2.219460524485787456e+00,-6.030873220728603101e-01,5.454141142751053550e+00,-1.497105758520691721e+00,2.663618424030385956e+00
1.979071212825422199e+00,1.051674080883742590e+00,1.955830095338924046e+00,1.048218424535067861e-01,1.875963080444783326e+00,-1.183929488418571596e+00
6.221175687650513098e-01,2.188881448238960026e+00,2.926405839395909148e-01,-2.684223370516385820e+00,2.480266365658494898e+00,-1.879835593333863075e+00
3.120849333442837104e+00,2.384377131309908471e+00,1.335894428204263740e+00,-3.039281624574642127e+00,2.507718348225298044e+00,-1.942753885534375557e+00
-6.273856111169799910e-01,-2.474967228996289847e-01,1.535839123140592122e+00,3.450098337913146018e+00,8.471286887567857082e-01,2.180583008774537035e+00
4.128409279030421430e+00,1.185551193127210468e+00,2.681255613546108307e+00,-5.565242203485988304e-01,2.207222847202062965e+00,-1.430176193269470541e+00
8.674606748850023363e-01,2.947766442571763790e+00,-2.007843901341183734e+00,-3.605837696132946135e+00,3.026452540960493653e+00,-2.045566120268840216e+00
-2.084652842112034499e+00,-3.482746078609011420e-02,7.243616031961810364e-01,4.297400975099514575e+00,1.024707024255306465e+00,2.018426467820349401e+00
-2.671068760037334400e+00,-2.774687671696303148e-01,5.075521820832458175e-01,5.316265519564267628e+00,7.970775971565328133e-01,1.531502239714576108e+00
4.996347805667075370e+00,3.214351596922089271e+00,2.859812692203156814e+00,-3.777602193548123655e+00,3.253233492985709407e+00,-2.091801801228628133e+00
3.972486358171851695e-01,3.413584156270916381e+00,-1.236843388210546291e+00,-3.470920140152113920e+00,2.332438853019751068e+00,-2.114638035847042019e+00
2.129893624763614213e+00,3.112538718859371834e+00,2.319546755228811818e-01,-3.594329344235813739e+00,2.727445915863960124e+00,-2.069484086472932916e+00
4.365307693468123418e+00,3.219605965630004007e+00,1.311041505241103522e+00,-3.587955129966540646e+00,2.646434683977326063e+00,-2.091891193813653071e+00
-2.937997267575829241e+00,-1.711619699729764577e+00,6.513846665586342510e-01,5.006105808083437303e+00,-1.284119182324039432e+00,2.139539394739589540e+00
-2.880276110735522810e+00,8.036060740128565527e-01,-3.327705700892332530e+00,9.275967826188410426e-01,1.515371359766629178e+00,-1.013387857798695446e+00
-3.633984895299220863e+00,-4.940264303977270899e-02,-2.000544504312628202e+00,4.042258786932528380e+00,9.819915136807957357e-01,2.121465814918275683e+00
-3.343554629222535102e+00,-1.417196728960505858e-01,-1.615933086867156199e-01,8.309520739671886203e-01,1.903931921877278999e+00,2.422026968477060560e+00
-4.282856846033442189e+00,-1.155094923671966978e+00,-2.777025157772566200e+00,6.576064691775155069e+00,-8.252390515475102051e-01,2.353011472423267136e+00
-3.569198945364081776e+00,-2.794948224380928714e-01,-3.158803324311358907e-01,3.322694006049512261e+00,7.587059510207877500e-01,1.563049407601565077e+00
-3.529743633761827759e+00,4.400916144838618038e-03,-1.614549689086638651e+00,1.213909534078386088e+00,1.694495393983899589e+00,1.331066882993959144e+00
-4.213150254922644500e+00,-3.007773065150591840e+00,-7.220814184503314692e-01,5.714682691756730826e+00,-1.776197998599896133e+00,2.923977357671325716e+00
-4.023792495501773203e+00,-1.067923994737386639e+00,-1.222143942342143852e+00,5.148800572968649902e+00,-6.502193384194909775e-01,2.648164022554475583e+00
-4.242202974447460306e+00,-1.498155435341186337e+00,-1.773070707841066573e+00,5.200068898563431574e+00,-9.966116363439079251e-01,2.376145160383105193e+00
-4.219557886945282554e+00,-9.246663358580531344e-01,-2.356503950372244915e+00,5.460731736850731544e+00,-1.486511868587016560e-01,2.162315173338697605e+00
7.219775507923827940e-01,2.322872132875836826e+00,-1.064200511020380269e+00,-2.564810674435927584e+00,2.016693391631318999e+00,-1.947606180861404690e+00
-1.741103395219382177e+00,2.131254201123948810e-01,8.025527668282510518e-01,1.569839023471716555e+00,1.509911770003386611e+00,1.118334636893384859e+00
-6.566925140864003918e-01,-2.035537212375657212e+00,1.298515168431267242e+00,6.476602479837978876e+00,-1.464310655630195024e+00,2.290000686266576491e+00
-3.553080439983654415e+00,-1.581898313533459444e+00,6.803245056911544353e-02,4.774298187501457846e+00,-1.189506163375355197e+00,2.787250450401487889e+00
1.634545505481706407e+00,2.974070947208110383e+00,7.204576864597704855e-01,-3.090443593465849403e+00,2.184879425770322126e+00,-2.040380170527004822e+00
-3.274700486234913832e+00,-2.498505218649125226e+00,5.802726692791395635e-01,5.122794256153268222e+00,-1.621911361098024917e+00,2.839315866301253877e+00
-1.679805801548689415e-01,-8.549157108796281435e-01,1.814695600234536244e+00,6.346083766600420617e+00,-1.768765705385585418e-01,2.288883637194362386e+00
-3.947409785950195982e+00,-1.876116128876641476e-01,-2.020340280973013769e+00,3.184324878395390801e+00,1.050192317871595282e+00,1.647082340059197181e+00
-3.550446933630440949e+00,4.184524336112191989e-01,-1.969023592062424832e+00,3.288951506362632893e-01,2.127238042246668126e+00,5.187395299242013591e-01
1.546636688062065224e+00,3.320610718969541075e+00,-2.527719480775954430e+00,-3.575900984512765834e+00,2.516575008197516450e+00,-2.104415046678656864e+00
-1.690445147533360615e+00,-5.437135701063242621e-01,9.819043985098696581e-01,5.509529356551519541e+00,4.310439696206353477e-01,1.800221600305367486e+00
-4.248914752360522407e+00,-1.172762218026377923e+00,-2.017219033647557502e+00,5.126972343064583271e+00,-8.382850482169531547e-01,2.633468048312859189e+00
1.786094087678067099e+00,2.312724320505585851e+00,2.408406957510536017e-01,-2.708377515914873968e+00,2.170614175555589220e+00,-1.900877226829956523e+00
1.208983952676568330e-01,3.237888874557240726e+00,-1.177368424012501080e+00,-3.674372780252658455e+00,2.816659229304876888e+00,-2.088006893436621159e+00
-1.509863396664526736e+00,-3.071200338580888367e+00,1.095158280121236061e+00,5.583293343706523970e+00,-1.787460464758393597e+00,2.157441684538333515e+00
4.086168806450080737e+00,3.449373516834837616e+00,2.141799487791988810e+00,-3.937490079702622658e+00,3.583594770067660917e+00,-2.119331691537213125e+00
2.549868433748031737e+00,1.628747342112572660e+00,1.417455948558667522e+00,-1.982288438175392242e+00,2.342887963024876452e+00,-1.583953380508027031e+00
4.755063116559842262e-01,-2.210994314623768275e+00,2.923311830375917353e+00,7.474817043492284263e+00,-1.483983392203664931e+00,3.179986595647549485e+00
-3.063416962960858303e+00,-2.716914797882193255e+00,6.547219286512069303e-01,5.380512664682122193e+00,-1.703970441098750621e+00,2.361127004462603818e+00
-3.980138426439166821e+00,-2.973742805786179666e+00,-2.093468320826774587e-01,4.725446659631854729e+00,-1.764177087258719689e+00,2.888270603081730226e+00
-1.754704192457535283e+00,8.189645088674915030e-01,6.283235425129394258e-01,-3.211112019781805493e-01,2.580228875586620063e+00,-8.410646461082312841e-01
-6.264273171925254236e-01,-1.279418257223491562e+00,1.068132522216288294e+00,4.377358340655860047e+00,-9.141122749469681175e-01,3.058512422597018166e+00
-3.337364846371525751e+00,1.909714498721859499e-01,-1.121484835629176668e+00,2.215983051721480912e+00,1.221342552976312223e+00,1.339970935287985609e+00
-1.461651699424821871e+00,-2.239449959199701023e+00,1.155057107682010198e+00,8.747097819307331434e+00,-1.515289614835673815e+00,2.192557326576501264e+00
7.012679561152763696e+00,3.270479097747889696e+00,2.693578288419898215e+00,-3.603042205992939007e+00,2.711342270019242662e+00,-2.097420855077997803e+00
1.164791801716662967e+00,5.214212472256063435e-01,3.174421527177471170e+00,6.366693826243219334e-03,2.411126915112652647e+00,-4.145769051525127757e-02
4.140806430741377220e+00,2.360064778236366401e+00,3.141052742092820260e+00,-3.236948285638260980e+00,2.880830537905203936e+00,-1.950234019031028110e+00
-3.445306069783492298e+00,-1.164161786350992323e+00,2.500871323094449039e-01,6.195334880541432554e+00,-8.431250256502613727e-01,2.485693256309868371e+00
5.752569498839417150e+00,2.851292192188795482e+00,2.446940170462147179e+00,-3.337255765185164424e+00,2.605271460123876892e+00,-2.012568375680490629e+00
1.838921845323212123e+00,-3.527560113256460461e-01,3.396363099634083227e+00,3.777702027714093802e+00,5.751070704025493807e-01,1.625435993255935907e+00
-1.585423224277872301e+00,-6.959389060019387507e-01,1.031540492049147772e+00,4.056590884472420555e+00,9.826554875167967107e-02,2.263826709259273873e+00
6.323084859833333349e-01,2.045549443763258424e+00,-2.289119874520650910e-01,-2.554292736380262774e+00,2.169014411185754110e+00,-1.796124183966882892e+00
1.692431737282082960e+00,-6.665233204136633560e-01,2.237021330014857590e+00,4.150859519076841586e+00,7.657246082126021314e-01,2.829836964071196004e+00
1.076333940035992531e-01,2.686111119631591215e+00,-1.493913428202259919e+00,-3.358538503387969332e+00,2.583522327390793460e+00,-2.012807347497444166e+00
-3.854452032784119631e+00,-6.297921789066784903e-01,-1.159299569667112006e+00,4.087059773565624887e+00,7.348642097419590957e-01,2.917053146517762485e+00
-6.555615475590861330e-01,-2.827559609581041578e+00,1.370941490947313213e+00,5.440147388764819958e+00,-1.718293951688151022e+00,2.389406840140666510e+00
1.664887246780052399e+00,-1.198700389169724545e-01,2.472706356127454264e+00,5.999593754345486474e+00,1.017521401060339725e+00,1.353771198804659903e+00
-3.480189734837636495e-01,1.894908340155697424e+00,-3.453972710190430284e+00,-2.595424798332611527e+00,2.790187689292970674e+00,-1.814450767620242155e+00
-4.446835394609711223e+00,-2.494398468288511861e+00,-2.295918130967046000e+00,4.404206637296603333e+00,-1.617124445740288019e+00,2.194149949098279873e+00
-4.382266228145457632e+00,-2.191415154510900187e+00,-2.473953028094692641e+00,6.336169275697324466e+00,-1.505655517102631347e+00,2.522300041678936289e+00
-7.720536698957193300e-01,1.326795714817181171e+00,-2.791650828116236216e+00,-1.922917047695080761e-01,1.859141938797654214e+00,-1.443970972657913077e+00
1.042587888620848835e+00,3.388982565149921022e+00,-3.146634360477501779e+00,-3.229550114913107173e+00,2.130272926142633860e+00,-2.107535921374733334e+00
3.689623059123154913e-01,-2.363724973373414695e+00,2.895493129684190592e+00,8.732963941647707173e+00,-1.558814656639678775e+00,2.529924030254246503e+00
9.133258380525723918e-01,3.479815454402056751e+00,-3.378273696339641585e+00,-3.349746155991080165e+00,2.474082888916006695e+00,-2.123177930252333923e+00
3.458115687494436319e-01,-3.670218385162651309e-01,2.356995127172434756e+00,4.643929860028276124e+00,5.932098884493056667e-01,1.581231638064433564e+00
1.295438022194180361e+00,1.922689949092242223e+00,-1.241750736777315733e+00,-2.634262185733351913e+00,2.380471729665226022e+00,-1.792945490216030002e+00
1.794247191158528487e+00,1.035292576787302465e+00,1.927931002757966361e+00,1.785136185684986221e-01,1.567715157649787416e+00,-1.183514848405376352e+00
1.616301239137644341e+00,3.262973554042764235e+00,-3.354122701006589047e+00,-3.935928694462042632e+00,3.968707547606864505e+00,-2.096631073201694839e+00
3.820172830890014914e+00,2.446769997648786443e+00,1.066341826824269923e+00,-3.357320328913413920e+00,3.234850821393235876e+00,-1.952492424646427471e+00
-4.122502945410368547e+00,-9.263533056301938018e-01,-1.493276236619924369e+00,6.527745190347806314e+00,-4.120454356781949601e-01,2.032188905168500259e+00
-1.705974790662079243e+00,-1.416626919235029369e+00,1.062946997047017561e+00,4.045371493203822943e+00,-5.765518020744598848e-01,2.464782925589580564e+00
5.692777012636657252e-01,3.892644639975224585e-01,1.891504519222728220e+00,1.145069460453955745e-01,2.243820429972948283e+00,1.256620948512282010e-01
-4.887519185725843762e-01,-4.510291490369571221e-01,1.319403125069362304e+00,3.247807194586092905e+00,7.808461983860325306e-01,1.918570286852776086e+00
-4.445106865027639742e+00,-1.754491117244838749e+00,-3.338703245927230334e+00,5.788972389599286394e+00,-1.264170503807399593e+00,1.934791246993438740e+00
6.908698733886655674e-01,1.967251180483531314e-02,2.157702540580335615e+00,3.627042317333015298e+00,1.369096495106130629e+00,1.530880818216088679e+00
-2.057268249991540676e-01,-1.720487158153787277e-01,2.123522113708424364e+00,3.987256629156370913e+00,8.649249855994276537e-01,1.340039592272238123e+00
1.762579864672166874e-01,1.162084961633961910e+00,-7.828413843297012953e-01,-9.318349274227530898e-01,2.026497355057964800e+00,-1.270580650876199869e+00
3.506862448073139404e+00,3.458388112528533398e+00,1.551411614014639895e+00,-3.944212069821165567e+00,3.636748905395442932e+00,-2.121097356264589173e+00
4.855311862260923705e-01,2.049551949484857971e-01,2.701625091136343748e+00,3.929599930340741842e+00,1.227628303313482494e+00,9.186566154619456581e-01
4.643583881753178821e-01,3.385026867979878951e+00,-2.382891383721667200e+00,-3.344305399773993770e+00,2.148743450921424714e+00,-2.113501012242228860e+00
7.999965178056800408e-01,2.326156391364566645e+00,-1.119361363414375532e+00,-3.126574158274329385e+00,3.305919313098342194e+00,-1.915934406553533309e+00
-3.661278972188417136e+00,-1.028619884617343772e+00,7.252959703969885652e-03,6.570312407692199486e+00,-6.271689904938232418e-01,2.731517523374709988e+00
-2.133790236480671787e+00,3.401477939240793447e-01,7.712010739702908069e-01,1.133503988947726082e-01,2.423643191922213447e+00,3.356061822471866907e-01
8.814280906392099046e-01,2.872349633589737827e+00,-2.940828115371456164e+00,-3.493060259405142531e+00,2.785270095053942185e+00,-2.026475239499215597e+00
1.148116583121927770e+00,-9.766017334573913189e-01,3.313919566416577922e+00,5.236040402376437086e+00,-4.570674060639651204e-01,1.897397720721407444e+00
2.922879897026475771e-02,-1.959205171748686025e+00,3.100379160795815103e+00,4.355106657238981605e+00,-1.364306547391274993e+00,2.825888748933397032e+00
6.573632093051794634e+00,3.253073256178378614e+00,2.713779317351073139e+00,-3.746941477371719564e+00,3.221403501513024015e+00,-2.095333148367179543e+00
-1.288269641178700464e+00,-1.722054341491333185e+00,1.070980907927514103e+00,4.447411375088652363e+00,-1.201742719886286892e+00,2.096895802539162190e+00
1.127018619226640039e+00,2.909508994558564154e+00,-2.166781627814524214e+00,-3.344968424547212216e+00,2.393051823637977638e+00,-2.030572321872199826e+00
-4.203641049719128553e+00,-2.945321731839960933e+00,-7.080108989235593953e-01,4.589671536848992872e+00,-1.747142800833501486e+00,2.417697610172860223e+00
-4.052147449138712609e+00,-2.263646087978135935e+00,-3.738886755445820498e-01,5.454453342383833281e+00,-1.481861530536338512e+00,2.809318105113795205e+00
3.896911727162474470e+00,1.693087848373054705e+00,1.331447152250447630e+00,-2.476966950073997253e+00,4.132053105539994498e+00,-1.705940369444040927e+00
1.625656297438837494e-01,3.219150816043747199e+00,-2.916740494916808757e+00,-3.564414930780050561e+00,2.744630960151584809e+00,-2.087969806579423437e+00
4.451111122914270801e-01,-1.481644979610119872e+00,2.998974606629604800e+00,6.667269105791890915e+00,-1.114050923476203048e+00,2.539729763921796390e+00
-4.125374887991188899e+00,-6.132964349499694379e-01,-2.614382563001159454e+00,4.260514167308600442e+00,1.393051588443026956e-01,3.052672102313530367e+00
5.191704375070660404e-01,-5.574715375936367678e-02,3.335054793019865294e+00,3.138564318844953016e-01,2.608532310605140125e+00,1.936618910343899769e+00
3.743959109962826104e-01,-9.304948082299535628e-02,2.778285700467851171e+00,2.815498921626559792e+00,1.177110255078397394e+00,1.281781838873321977e+00
1.687903459803593353e+00,9.912504449705688003e-01,3.035701591359989848e+00,1.929506401479559319e-01,1.685005128499209803e+00,-1.231877572585987624e+00
5.246905676728108148e+00,3.453864341419649264e+00,1.406296500959389739e+00,-3.407837081223934028e+00,2.216950666915821877e+00,-2.119782001462414911e+00
3.428126620102544209e+00,1.148928234211280319e+00,2.394611348425414121e+00,-8.126153331218680664e-01,2.228622935638481906e+00,-1.363444209542097108e+00
1.303171720218826213e+00,3.172030605254934521e+00,4.985482872192488202e-01,-3.359605109335644268e+00,2.480278549748762273e+00,-2.058678056359470432e+00
-3.042731854931368218e+00,4.547233936052288428e-01,-1.745863847288319448e+00,9.321320237000367825e-01,1.531703944539547724e+00,1.548958262328358204e-01
-1.959116878543461837e+00,-3.089303031768380059e+00,1.028442201073536566e+00,4.988151181381168087e+00,-1.776840208939756804e+00,2.595664074004680355e+00
-3.634763377570481069e+00,1.056922438225083027e-02,-1.212199796173731414e+00,2.544288843719275217e+00,1.291371800598839714e+00,1.706262059095296379e+00
4.170505531359595786e+00,1.459640278519170664e+00,2.512121025816091091e+00,-1.072080072907599435e+00,1.887655213099234341e+00,-1.476653858717789758e+00
-3.139000784653759979e+00,3.241186823867647782e-01,-3.886706072018530911e-01,1.468246337701170301e+00,1.585057677230292450e+00,3.093269125262529951e-01
-3.791409419894803623e+00,-4.706965752282155080e-02,-1.712966487797546344e+00,2.333887101260883945e+00,1.220432106752719292e+00,1.332487921005121256e+00
-4.269666962134877064e-01,-2.989103445061500608e+00,1.521713068385886380e+00,4.705704777078470791e+00,-1.777447804695771794e+00,3.143278519449471453e+00
-9.915752251642089288e-01,1.116406198470730970e+00,-3.859519585313821999e-01,2.177384060681821776e-01,2.168064924930443560e+00,-1.169702416148615365e+00
-4.202265193965558865e+00,-7.380655958665394145e-01,-2.522835878769016826e+00,4.416327606801983663e+00,-1.849140958173081939e-01,2.393042513720642805e+00
4.486942484893615912e+00,1.703244996530959732e+00,1.698231899122052191e+00,-2.209608530712291241e+00,2.576110468095186512e+00,-1.724874269166570828e+00
2.731309415517997885e-01,3.118391451889968913e+00,-1.355888378612745804e+00,-3.011458682550932853e+00,2.075785604603602064e+00,-2.079901999917506128e+00
2.905635600860551726e+00,1.138034418825515814e+00,2.563676983872794857e+00,-9.470740588393541382e-01,2.227750177104522056e+00,-1.312026074752624227e+00
2.518972983505096686e-01,-5.536032330778035693e-01,2.357798183693481597e+00,5.080256584370768991e+00,7.736378113464508210e-01,1.903866809439233920e+00
-4.000603723905731268e-01,1.572570349634426101e+00,-1.970925511277943798e+00,-1.940234524402932870e+00,2.473641240963757593e+00,-1.656595304938202728e+00
5.219275024647784811e-02,-1.487093160199804309e+00,1.891221355414281824e+00,4.956956941160718166e+00,-1.103064341682722382e+00,2.697571298463965928e+00
2.981133347025404667e+00,1.043344195806605867e+00,3.403860317570122973e+00,-1.999173386557600018e-01,2.273751146940064860e+00,-1.095656023192957740e+00
4.241148858358344320e+00,3.393485103134155523e+00,2.803157604244149503e+00,-3.696493266104238895e+00,2.929327389743420440e+00,-2.114114759332698767e+00
-2.796255534581879587e+00,5.254692212728189205e-01,2.298194693640729369e-01,2.708991922265906460e+00,1.668502782775354909e+00,7.709903190937442696e-01
1.092405517773815449e+00,8.480648692087378038e-01,2.618730510329426941e+00,-2.215309447106393881e-01,2.904158785564948886e+00,-9.881446119686365659e-01
-3.592878418590144118e+00,1.903819927014076541e-01,-1.649980168580966744e+00,8.378212431575644548e-01,1.484675900170526086e+00,1.525142008314064324e+00
4.343776671915019483e-01,-2.203966135768169465e-01,3.456215766650160504e+00,1.257000478072304084e+00,1.761389049001992557e+00,1.515793178814457631e+00
3.520136415846732980e+00,3.492708871543600324e+00,8.430949984322158031e-01,-3.736056809556893565e+00,2.799631925069170357e+00,-2.124830211477314101e+00
-3.654985868374581948e+00,-2.266238050642507940e+00,2.689430422641465590e-01,6.278868659247388351e+00,-1.545241014796286949e+00,3.077087496166156733e+00
2.102243041459868067e-01,-2.589061584392839066e+00,2.437251363603841092e+00,5.061082394407312890e+00,-1.607833379444695066e+00,2.619768417739272603e+00
1.486281532128039817e+00,1.484753116030997688e+00,7.545029354464771743e-01,-1.742466639472948886e+00,2.302689003049459782e+00,-1.609475205039354373e+00
8.288846789044430619e-01,2.645341116534700276e+00,2.652089548169493938e-01,-3.049892471227355628e+00,2.395818272596769383e+00,-1.965984578023836526e+00
-4.159685436191406183e+00,-4.574142400211411719e-01,-2.630892080518851373e+00,3.944836956579560905e+00,4.008162225111463473e-01,2.574048182622248770e+00
5.005822117626424372e+00,2.134783578525869530e+00,1.818292870499471192e+00,-2.432468927068818232e+00,1.945219127340533039e+00,-1.897371399396180935e+00
4.156623657163583729e+00,1.558599598249159612e+00,1.846323083109039587e+00,-1.580503451966206008e+00,2.079005392651489981e+00,-1.621254405843600921e+00
-7.383138077337435268e-02,2.013161960241457216e+00,-7.423732110781817717e-01,-2.880698384627707664e+00,3.378342764435549928e+00,-1.820823451724835618e+00
4.293347064205687680e+00,2.785208729700441310e+00,1.456550720722052716e+00,-3.043516297274833970e+00,2.052241019027804647e+00,-2.013789184190833303e+00
3.333343483960753861e+00,1.446678178406014759e+00,2.570881803966939216e+00,-9.719201040381473256e-01,2.125880462859803366e+00,-1.609401797428185121e+00
3.529525572758946961e-01,-4.103197742462034725e-01,1.566769416123684699e+00,3.655358492057559250e+00,6.364014915187847787e-01,1.697988036700092129e+00
1.051675113591081345e+00,3.334942131298510581e+00,-9.564301942605579754e-01,-3.143896726685904586e+00,2.138246942249718341e+00,-2.107296963929539579e+00
-8.177045133659577303e-02,-2.021032331296278794e+00,1.808880399506779035e+00,6.653004293191209229e+00,-1.363249494664460437e+00,2.097913161944565008e+00
-3.000800190849080451e+00,-4.153799686457215756e-02,9.837262741784247311e-02,5.931406584471721199e-01,1.972371369040792910e+00,1.356754281407986706e+00
-3.977107036583621635e+00,-2.959207321657273404e-01,-2.703292060661763863e+00,3.163291257227654363e+00,7.513922788094276051e-01,2.102605599688678772e+00
-3.897092809588054152e+00,-2.623037697677950142e+00,-2.133650038946477423e-02,5.711509640088683781e+00,-1.668421145310488463e+00,2.305587726995833364e+00
6.059804072788053109e-01,3.419075438111398135e+00,-9.362295056103095980e-01,-3.590473820413214945e+00,2.599348881698765545e+00,-2.116774230671462309e+00
-4.255105360524435998e-02,-3.049026630463716359e+00,2.297679986839348487e+00,4.638734404432837799e+00,-1.774954851960687474e+00,2.803632654159537552e+00
1.966574186746452013e-01,2.179721097269501584e+00,-1.956872986152343952e+00,-3.050214755475571859e+00,2.624392236433874981e+00,-1.873824482931659707e+00
1.280313804083579310e+00,2.191124187159950942e+00,-2.101391857697105792e+00,-2.253591757335101864e+00,1.924309598289140055e+00,-1.911044843046277864e+00
-4.209167539072531383e+00,-2.737983550471572602e+00,-8.760125463932362244e-01,6.473199340127158585e+00,-1.686097668232646951e+00,2.319749593931370146e+00
-3.967035688929001935e+00,-8.565477758562232147e-01,-1.085684494052871596e+00,4.367243613416311732e+00,1.703238240300778972e-01,3.292841590986077094e+00
-3.338072801071523266e+00,-1.935748103467059611e+00,5.203305994111167010e-01,7.639048988698364795e+00,-1.304756206443033140e+00,2.275335171403071399e+00
1.475289625292280915e+00,2.857469205989112027e+00,-1.157424652527932363e+00,-3.466552152238846052e+00,2.950345272716363709e+00,-2.038599496691233526e+00
1.834360117177648020e+00,1.115381714424014348e+00,1.730438529370946554e+00,-3.304257587514219940e-01,2.162434986708909435e+00,-1.173716687518401747e+00
-4.412958702184337945e+00,-1.986166233425820549e+00,-2.403984698000710907e+00,5.305148687145663011e+00,-1.403327185909735597e+00,2.508862538177994761e+00
1.000638007188543455e+00,-2.798119516576189625e-01,3.215794435035336463e+00,4.393099416962375159e+00,7.166562384806050012e-01,1.939673011189336105e+00
1.203975425827402024e+00,2.709492765770678879e+00,-3.087532541160657562e+00,-2.617420613437843269e+00,1.991826947884863808e+00,-2.013940126467839598e+00
4.155276187035489954e+00,3.474263032961188102e+00,1.803181689074364158e+00,-3.452782189289742565e+00,2.356678842895170156e+00,-2.122616970579709328e+00
-1.492425423201740209e+00,-8.741463546138001917e-01,1.009676837323056020e+00,4.654796561489053630e+00,-3.937611092559769599e-01,2.753547556657735651e+00
-3.997849473411412280e+00,-1.457413484999441344e-01,-3.366912425658385999e+00,3.671541088953308662e+00,8.828568476966394130e-01,1.896725239740737035e+00
-4.093481064736358199e+00,-1.892550305894796558e+00,-9.563489396879076843e-01,5.323578653156666007e+00,-1.322136704164156962e+00,2.579120649709915725e+00
-8.752682842534044161e-01,-2.122275681566764050e+00,1.255083671645834009e+00,5.597303278806004201e+00,-1.492618795941443199e+00,2.772660199905777834e+00
-3.304711905503220137e+00,2.838569417116509896e-02,-1.160852564938106291e-01,2.047311624015303977e+00,1.440538522258787202e+00,1.283004980744318679e+00
2.971608631622940644e-01,-1.466307389423513463e-01,1.809694243831751592e+00,2.944219588639741758e+00,1.337852438858767812e+00,2.082215306345664096e+00
4.503851305120779358e+00,3.331620302329100447e+00,3.362916465855221304e+00,-3.853719965401492420e+00,3.408763653723159148e+00,-2.102031180855529868e+00
-4.002587201546065288e+00,-3.099448030876632121e+00,-2.398288309099347870e-01,6.515585360921402724e+00,-1.793514890186176602e+00,2.365690525986086534e+00
-4.247380683119329703e+00,-2.456222607086903764e+00,-1.285943816127417261e+00,5.363968476638579119e+00,-1.595204828840007583e+00,2.586926194009891766e+00
-4.345886201765045698e+00,-1.532912210282790566e+00,-2.455622930209860222e+00,8.106674054903646010e+00,-1.100357106548105479e+00,2.189019726039783897e+00
2.810749885286107030e+00,2.156185822577945999e+00,7.622902118247676384e-01,-2.387036579603816655e+00,2.133542950663984694e+00,-1.891388578492044559e+00
8.789687057712269880e-01,2.207648908904482177e+00,4.695801262692942402e-01,-2.610945673433171077e+00,2.493175739070072616e+00,-1.894560073635632946e+00
-7.261219218310245305e-01,-3.433118691807731437e+00,1.647815940610035668e+00,4.634446410962497431e+00,-1.868413546163359307e+00,2.567549386229825981e+00
-3.848066845870063979e+00,-7.759797357530624495e-01,-9.717944812396708265e-01,6.713839079814336586e+00,-1.798473446421051392e-01,1.929147841995706214e+00
-4.356283062380446935e+00,-3.403028676088471371e+00,-1.247043845011067909e+00,4.792178347806494543e+00,-1.860737675198494312e+00,3.153034836182265988e+00
2.901675782177770557e-02,-3.374621754254644834e+00,2.456633301050700879e+00,6.879493215317140198e+00,-1.858056570865529444e+00,2.658871802533255391e+00
5.856693655539832122e+00,2.154164861380763796e+00,3.485433276160517124e+00,-2.589313655578207918e+00,2.246192228357005050e+00,-1.892342111010669292e+00
-1.097893734733239812e+00,-1.574388034850557450e+00,1.284968101568747301e+00,7.921091821710462000e+00,-9.534255840524714642e-01,2.408787973090714907e+00
4.605863710715234483e+00,1.486653708429585663e+00,2.844357418121236769e+00,-1.313116376056237655e+00,2.016952165393836260e+00,-1.646842661833266996e+00
-7.201887712865927549e-01,1.598330443440890924e+00,-2.597760523471034588e+00,-1.521471470408778837e+00,1.861557541208230582e+00,-1.681004384696202170e+00
5.263438396489936721e-01,1.049531508173062733e-02,2.888947617008913227e+00,2.452210422194014861e+00,1.046664516099642395e+00,1.111256223082315309e+00
-4.026662586485138640e+00,-2.473699441493509621e+00,-3.880291652689598081e-01,4.749311573103940809e+00,-1.624860318585013452e+00,2.892741789160702126e+00
-6.094591243316009876e-01,-4.107183665360212288e-01,1.562415734769595943e+00,5.302875996253391122e+00,5.755735211155933451e-01,2.509897892627947602e+00
2.645772207273386023e+00,1.144382460555791958e+00,3.349925625373108673e+00,-1.035623070034147553e+00,2.657369954635558251e+00,-1.312088718667038689e+00
3.611330471981617052e+00,1.770723558559470057e+00,3.452460158325926898e+00,-2.562083377017322139e+00,2.718090066211274358e+00,-1.727683523691672551e+00
-3.546791250976549570e+00,-3.203463744658441303e+00,4.291205622828146993e-01,6.067200407552576280e+00,-1.811149105917991609e+00,2.426084879967794983e+00
1.294519609609686039e+00,2.937291775170773001e+00,-8.428561226646715809e-01,-3.547636008722175216e+00,3.091047345218747466e+00,-2.050989552346445421e+00
4.602075183692474702e+00,2.892594931107158374e+00,1.355723119791156783e+00,-2.991126530633744451e+00,2.274983092154719166e+00,-2.047987088616580298e+00
8.643660009002871458e-01,-2.720824621880420402e+00,3.197756027067814699e+00,4.982665462547841706e+00,-1.666833119441731625e+00,2.851365483315384974e+00
6.320414724769974901e-01,-2.353513879036128742e-02,1.934117224931230616e+00,1.262247124651784569e+00,1.478244539110665556e+00,1.897602733803406050e+00
-3.559920900722768344e-02,-1.565493274320316708e+00,3.028017460838093200e+00,7.608845680537138279e+00,-1.175017008623551851e+00,2.100732636023404432e+00
6.025244042983782800e-01,-2.445854423446549575e-01,2.207065943940261121e+00,3.493064244170753341e+00,9.446145868002014945e-01,2.795523013860299777e+00
-4.285260607384913101e+00,-1.813297702664499411e+00,-1.538725434373980239e+00,5.293601889603319677e+00,-1.306649978564441650e+00,3.634834763585399919e+00
3.441028263329124481e-01,1.688775986888228609e+00,-9.118466167568950453e-02,-1.984385919491202799e+00,3.139747269893436332e+00,-1.670389179470223029e+00
-8.562098663243361552e-02,2.123317888559908440e+00,-1.314317400351060261e+00,-2.890542929294099839e+00,2.478802819149526382e+00,-1.830811294985563720e+00
-4.321304000806795109e+00,-1.043821921886747273e+00,-2.788924223949791781e+00,6.780692888146504060e+00,-7.106660338228295570e-01,3.573197102894964061e+00
-3.055790857188857679e+00,-1.298293063582309781e+00,5.499529158835017029e-01,6.141377446837790188e+00,-9.845635117085409505e-01,2.155157418189083351e+00
-4.555530222797526951e-01,-1.798395971314300512e+00,2.196480518470633747e+00,4.808261444461581213e+00,-1.257644419595836061e+00,2.684016087383132465e+00
-7.199834889336291788e-01,-3.091356453105733593e+00,1.574073384105505014e+00,5.643295664499584419e+00,-1.784982144081026290e+00,2.986673442105311160e+00
1.745363145849270214e+00,4.701604375528236623e-01,3.492786477634072462e+00,2.100330644151066628e-01,1.895893962323481396e+00,1.365498747146809133e-01
4.945948137222991869e-01,2.021217927353607280e+00,-1.433627576327602515e+00,-2.552058355858485950e+00,2.496800779938249004e+00,-1.808595318380527672e+00
1.742196455993059168e-01,-1.671157555519821480e+00,1.271069876756652839e+00,4.567341600886991593e+00,-1.189038640907522204e+00,2.324650982903169183e+00
3.375418446807019190e-01,-3.409883695782695234e+00,2.996944907358050081e+00,4.658823407440636721e+00,-1.860400601126112718e+00,3.142111260613485779e+00
2.136444350187051811e+00,3.363167212418587404e-01,3.125386688020621584e+00,2.177263146871839972e+00,1.285526716594622698e+00,1.015513181741232840e+00
-3.973149701587357363e+00,-3.345939257647378984e+00,-1.037141064823243752e-01,5.720202491752276686e+00,-1.849792750191160851e+00,2.265640244056939867e+00
-4.264320055900849837e+00,-8.422695700689595277e-01,-3.060052897766437408e+00,6.407217866281279761e+00,-3.906195503630502386e-01,3.750052870221111334e+00
-3.751628856138362056e-01,-5.248459935557994172e-01,1.960744033008051446e+00,3.137440319516111131e+00,1.031694826240441731e+00,1.948008360796770422e+00
2.758308815119969282e+00,2.683214516986622833e-01,2.146135495699042828e+00,2.051204543095050958e+00,1.383696728352925343e+00,8.554616599443607416e-01
-8.692039201682844052e-01,-1.740035552234411753e+00,1.329060070327876986e+00,4.678835847648189272e+00,-1.268543500301136717e+00,3.728192494907412335e+00
3.030792204885401020e+00,1.074655490275572944e+00,2.404228271577667719e+00,-3.720637552389022273e-01,2.236090646991011788e+00,-1.192571128274425352e+00
-4.184559988771709982e+00,-2.208660462285328752e+00,-7.700626412987068292e-01,7.156622988518309469e+00,-1.479970654742208236e+00,2.510071780862475510e+00
-3.511940511160140943e+00,5.711798029090653372e-01,-3.420473078055654259e+00,1.294422742256950976e+00,1.525692585652697053e+00,-3.364672669399320082e-01
7.533762629678545153e+00,2.933881599390004702e+00,2.409700647942753626e+00,-3.255192320728522493e+00,2.387367767671962238e+00,-2.037921075535067850e+00
2.090247151278201709e-01,-1.496405839972067664e+00,2.463542286723723329e+00,5.882910910657606962e+00,-1.152878994727622119e+00,2.674283797072674496e+00
-4.291167048589018762e+00,-2.035972493558178886e+00,-1.590827825510010340e+00,8.833703895777293980e+00,-1.367063657390530595e+00,2.309247206444096090e+00
-1.128366041392372399e+00,1.434088120714505088e-01,1.040654737628045723e+00,4.600108483619827382e+00,1.156479171227723590e+00,2.102781876057953525e+00
-8.637653722365928877e-02,-2.877796769417682476e+00,3.289940856624871124e+00,6.451691747768150798e+00,-1.746981272350401015e+00,2.709740958408219491e+00
-3.663810636942273824e+00,3.529904809075681271e-01,-2.127085660476194295e+00,2.408759006869646058e+00,1.382923614422564729e+00,6.870712141151531505e-01
8.690516514262980330e-01,2.506564778152152506e+00,-2.568110569142613819e+00,-3.482454660328992091e+00,3.714499534902324651e+00,-1.953037925797677543e+00
-3.788206129897310426e+00,2.481438275560661211e-01,-2.914274176553587115e+00,5.645005880086633177e-01,1.825043281075171553e+00,1.233144805149021028e+00
4.260380004877502458e+00,1.341633820503539631e+00,3.085816279310763299e+00,-1.096103063724000126e+00,2.710791398647830697e+00,-1.529975931836081049e+00
-3.939979411115048791e+00,-1.658164550212475330e+00,-5.611715345033871927e-01,8.156839498176699621e+00,-1.237508923037925923e+00,2.198644593417177440e+00
-3.762061602837081686e+00,-6.459403652025335063e-01,-7.677317486008825576e-01,4.873970918413939479e+00,4.279323839400217544e-01,2.054054739714243016e+00
-3.085985715616994085e+00,-1.353627118565783327e+00,5.726905033549964941e-01,6.842838503777609382e+00,-7.269316365105606970e-01,2.955280846128092165e+00
-4.255092923932478399e+00,-8.584927018341828031e-01,-2.951787568990403621e+00,3.949989648873923453e+00,-8.943870527900277256e-02,3.499547673427735539e+00
8.626616618383821100e-01,2.915718503515671856e+00,-4.217582792700884653e-01,-3.338683894361985427e+00,2.435334877060106429e+00,-2.053956407322737654e+00
1.936376021246863255e+00,2.699885531502299152e+00,-4.160065982577219046e-01,-3.128238456062438111e+00,2.385293193185388905e+00,-2.014065676793943105e+00
-4.288229819778655028e+00,-1.151324270333680566e+00,-2.428020168095995412e+00,6.361602768186285672e+00,-8.104931858965687130e-01,2.221832623266045026e+00
4.966922351524889478e+00,3.133556687569211796e+00,3.298560240744389027e+00,-3.503068890654353673e+00,2.759782422748236819e+00,-2.081906162337743282e+00
-2.659717970574459134e+00,4.526929535690511486e-01,4.108142731477637533e-01,4.154594174943532225e-01,1.635347048047575136e+00,1.180794997484526931e-01
-8.827809557816772568e-01,1.250097540329900170e+00,-3.834665603656790545e-01,-4.887301761328666228e-01,1.894396828085615603e+00,-1.502026242160176217e+00
-3.445031670090863418e+00,-1.931264841882604166e+00,4.161779792097193287e-01,5.039046864081182520e+00,-1.406399195960242654e+00,2.620913292667911065e+00
1.608343337998630052e-01,1.580803561116221445e+00,-3.202595950233244615e+00,-1.378625684722534661e+00,1.949969591121974100e+00,-1.652718443546201454e+00
4.157129604363479558e+00,1.801170503441944959e+00,2.074238912520673495e+00,-1.887744513539540980e+00,2.028777533034727298e+00,-1.774972519026406514e+00
-3.574341644783921579e-01,-2.303398923212745864e+00,1.385065282542012000e+00,6.326950420938015185e+00,-1.574702274648083877e+00,3.692732217557703311e+00
-4.499557143338972054e+00,-2.926283461378421880e+00,-2.354744076182117229e+00,5.934186669073456599e+00,-1.749737262125931725e+00,2.168769971718519596e+00
-3.565444882030620377e+00,4.541399931549614521e-01,-2.826362334615700966e+00,3.220239880563541046e+00,1.402445305071088777e+00,5.760063201787699594e-01
4.018101852950877628e+00,1.232518316294786587e+00,2.713177939655151860e+00,-8.943469358181136419e-01,2.892266727984790897e+00,-1.482515085263311105e+00
-4.126021386615852826e+00,-2.999704350233132200e+00,-4.208870199289047598e-01,4.547158307889626272e+00,-1.729563660769670275e+00,4.097615532040876474e+00
1.562120879628087489e-01,3.380195545637979748e+00,-3.338631445608407411e+00,-3.359318646773066686e+00,2.308112429036696334e+00,-2.110425198472568376e+00
-4.246043633345577994e+00,-3.252190718981980311e+00,-8.856239632715254828e-01,5.097272612771487132e+00,-1.829254000546828296e+00,2.654795591593704263e+00
8.343765871760531194e-01,2.978383448885454143e+00,-8.781618263041663930e-01,-3.551986769593737048e+00,2.764348696377270986e+00,-2.055406279208878306e+00
-4.590491711332392200e+00,-3.146853072953162744e+00,-3.127263584929350859e+00,5.162549244192765840e+00,-1.794229543395943871e+00,2.419532910931353253e+00
-1.185480087764322343e-01,1.446170647540467868e+00,-2.313469477634742422e+00,-1.989500539501122711e+00,2.838091546556850364e+00,-1.509302308377081570e+00
6.204159543863067228e+00,2.594301828284719669e+00,3.384015527164881298e+00,-3.322112033453219038e+00,2.594780003570638538e+00,-1.994673402758107672e+00
-4.493489437747738791e+00,-2.147435811894618851e+00,-2.978918045725418295e+00,4.270628006113081909e+00,-1.402452368711771591e+00,2.248731289423520519e+00
-3.672626156248607998e+00,-2.588814149553764210e+00,1.437680059910770858e-01,6.880198026386790566e+00,-1.637844622926159399e+00,2.688293116624259405e+00
-3.503245480727362970e+00,4.601045788442759132e-01,-3.027598664945394979e+00,1.268604504787333331e+00,1.602901062868413495e+00,-5.611617779507277470e-03
1.213211353174125318e+00,3.098834948705548875e+00,-2.498107733952806164e+00,-3.325036309831583381e+00,2.260940876248566322e+00,-2.066904906366842987e+00
-4.426241118262829843e+00,-2.654262790192958743e+00,-2.141664364107628060e+00,8.089569315135820560e+00,-1.669915497977565222e+00,3.120821055072974026e+00
4.646571020281424325e+00,2.790841125206723561e+00,2.599769937696356337e+00,-3.211553575254081583e+00,2.565393064418797220e+00,-2.019241141337070999e+00
-3.311485674061687590e+00,-9.039297956677598833e-01,3.115918497355991690e-01,5.268645424820457279e+00,-4.204807897537330974e-01,3.094938071941654378e+00
3.031034096146556500e-01,-1.559283127022136783e+00,2.710571867837193949e+00,4.731283381677185318e+00,-1.155581996275824253e+00,2.752627058043719543e+00
2.666763998290569759e+00,1.623968171979031538e+00,9.071904769305172422e-01,-2.421079929263233677e+00,2.903339806136535639e+00,-1.634975059680980003e+00
-3.123508394123803544e+00,6.284152333696884085e-01,-2.096831073462257944e+00,1.454257031612247175e+00,1.573403471380084184e+00,-5.754191633492052871e-01
-4.223942871232555518e-02,-1.502950306533303415e+00,2.444927674889703972e+00,5.329385883221299025e+00,-1.045685116776254198e+00,2.176441204592048706e+00
-4.187374837301554575e-01,2.036881896771051359e+00,-1.896692663180225669e+00,-2.846196145606105343e+00,2.624804665728704745e+00,-1.845478109477640016e+00
-2.388095904346552167e+00,6.923107188798933720e-01,-2.689654584474222787e+00,-1.912630056224866038e-01,1.862992328991678104e+00,-4.580516185133424178e-01
-9.602010790929780271e-01,-3.274881765717196913e-01,1.172792026044842117e+00,4.764305069673625326e+00,7.570084526128603164e-01,2.177486586968978788e+00
-1.079341757226929266e+00,-2.282752232894442290e+00,1.386519965364093387e+00,6.252960737858034967e+00,-1.498083641965162194e+00,2.149441889065974554e+00
3.117051221596695676e+00,2.357115785194572766e+00,-2.461024605468987492e+00,-3.071985409325076688e+00,2.862188380561232037e+00,-1.890680422708042707e+00
1.653867389522569509e+00,3.061824288691083140e+00,-8.075237608017538093e-01,-3.390029564208540069e+00,2.391688356484499955e+00,-2.063960358995211575e+00
-1.546671272982220735e+00,9.758859296696780206e-01,3.108562533536862738e-01,-7.243361281857572109e-01,2.657048876916165092e+00,-1.126070397842951154e+00
3.025653043925463415e+00,3.121468075251553564e+00,8.427215187635521687e-01,-3.191522127260279618e+00,2.186137368286663829e+00,-2.078657298674961851e+00
7.080036005406423749e-01,-1.554716183991608824e+00,3.236215277665654533e+00,5.500179338582137589e+00,-1.119397392616651832e+00,3.048350361161638489e+00
-3.601995086244628386e+00,-5.841816543588560506e-01,-5.368673215968606804e-01,4.875135196398997728e+00,3.689995332181645882e-01,2.435575854077351554e+00
-3.310218444708336039e-01,1.719455497451935599e+00,-2.226071868657658825e+00,-2.065308525004277307e+00,2.034182729397793654e+00,-1.654059516333478141e+00
3.705421961145400012e+00,2.258585685515246411e+00,2.340718864292753665e+00,-2.896293377339635544e+00,2.714421992689414420e+00,-1.866331133980952739e+00
-4.505550459045427836e+00,-2.315974080792870815e+00,-3.040287295007630952e+00,6.547526921704308833e+00,-1.489265095566173036e+00,2.849201888087778745e+00
-2.764691473625294105e+00,-3.071831258581363855e+00,6.163376661367072629e-01,6.478708276359157026e+00,-1.795674831638881308e+00,3.052015862017892101e+00
5.929252373347505767e+00,1.626509968338019085e+00,1.873170399529191954e+00,-2.036837087624331133e+00,2.353830556405998919e+00,-1.702808673137557793e+00
-5.734198068813439741e-01,-2.794320612611438381e+00,1.248451259605483976e+00,4.550373838247575797e+00,-1.705831806482657864e+00,3.506963036407352519e+00
-1.294954094142408252e+00,7.947036549134622874e-01,8.163702030275805654e-01,-1.182541826936064910e-01,1.945540295331286806e+00,-7.716949672922454040e-01
-2.427909064654205196e+00,-3.207661129545952949e+00,9.155448668659591505e-01,5.972522200768153766e+00,-1.804792173051920523e+00,2.490426163291133754e+00
-3.602371670069394849e+00,3.891185777350290032e-01,-3.285748355469971127e+00,3.697585878210017718e+00,1.325144750511113800e+00,1.360049234937519835e-01
1.438046617274615913e-02,-7.693371186166984010e-01,2.714030841262045080e+00,4.214664986599143681e+00,-2.643070503671144933e-01,1.856956029877099956e+00
6.019672787778107548e+00,1.719912413484086855e+00,2.303123439925871097e+00,-1.943918368436249322e+00,2.660756722662807938e+00,-1.609763464037043068e+00
1.842092713689205685e-01,2.789629302194701843e+00,-2.307840844916907663e+00,-3.585889442319971199e+00,3.537252119799429551e+00,-2.023116368795958575e+00
-3.079381580171891564e+00,-1.531675574584578925e-02,-1.368049581663437486e-01,3.107192471133498834e+00,1.015918115573517522e+00,1.954323071248755594e+00
-1.121528736033745366e+00,1.277611544487768924e+00,-6.435521384193210181e-01,-1.033431582437181362e+00,2.214907334862186161e+00,-1.470714641384081700e+00
-2.154981129542842488e+00,-2.912931004788489098e+00,9.478142722225237904e-01,5.909932797119072490e+00,-1.759074005631794835e+00,2.323337165573065910e+00
-3.084893780709550004e-01,-1.630187663371912565e+00,2.756337549105922768e+00,4.624115136935113668e+00,-1.156932236997541663e+00,2.050514465940950881e+00
-4.292129442249236426e+00,-1.937805555915784517e+00,-1.681202283083114146e+00,6.456864719476824277e+00,-1.382532281745263214e+00,2.178451885491535123e+00
2.531910623298082363e+00,2.805530759803599672e+00,7.230709432498683142e-01,-3.407357075686701098e+00,2.936904759705237122e+00,-2.018656540185507442e+00
-3.841075587785244938e+00,-3.325498305823113565e+00,4.276551475143985925e-02,5.128986597254766799e+00,-1.843099223670237485e+00,3.990884404246339390e+00
-4.178181786518218033e+00,-1.858140731593655337e+00,-1.013125325609738780e+00,5.348037476619220243e+00,-1.263307023688858610e+00,2.713054845463905629e+00
-4.422879180658460641e+00,-2.072155950597023288e+00,-2.692464786056870452e+00,6.972260993796067119e+00,-1.471292976853891155e+00,2.309739189439298457e+00
7.042458910641594683e-01,3.239334099911905795e+00,-2.024106440568486320e+00,-3.392595174004149339e+00,2.331294643043080761e+00,-2.093055573475781195e+00
1.858775886578780234e+00,1.940196946520450716e+00,3.326928591493354403e-01,-2.443662639391982250e+00,2.251214866241671331e+00,-1.834443237302940455e+00
-3.376574828801099493e+00,-7.047797799800070706e-01,-3.134497027015719084e-01,4.141320114966859478e+00,-6.330651424378225256e-02,2.557605023609895945e+00
7.604632519311465000e-01,-5.827387721758370276e-02,2.872194942186287570e+00,1.732106969771660454e+00,1.352858714224466574e+00,1.532580178285901651e+00
-4.582317937578564759e+00,-3.446578562831857706e+00,-2.868590364503956103e+00,5.272513671502441213e+00,-1.871448583062578441e+00,2.300997382815238357e+00
-3.171635017627164377e+00,5.148871439480249279e-01,-1.019479811614512066e+00,1.259978531393555201e-01,2.176971761580765108e+00,-3.083300214743445178e-02
-7.420035417741155381e-02,-1.710886340964014707e+00,2.944082435233011275e+00,8.956859752078385029e+00,-1.233049057044952157e+00,2.641794846027071486e+00
-1.979880938145680003e-01,-1.266552646584644393e+00,3.271752201982859987e+00,5.045418749959406313e+00,-9.453665958348255183e-01,1.912412162531281323e+00
-3.401764195481757902e-01,-3.106532866166193951e+00,1.714563814532970909e+00,6.315644258966042202e+00,-1.789815697295081831e+00,3.494799540803626314e+00
-1.173612699950516758e+00,-1.166510516022660759e+00,1.024402498157281016e+00,5.149004484317353025e+00,-7.467653724365517220e-01,2.417871219110178771e+00
-3.595401110005084444e+00,3.674813436397732502e-01,-1.808620889816313415e+00,6.113965338077729239e-01,1.601359640719900890e+00,8.313087512146212221e-01
-2.453566383163666487e+00,7.421064884538859374e-01,-1.067911876928666182e+00,-1.450052800686024435e-01,1.976282095173432563e+00,-7.788302496497154781e-01
-3.749524285723616845e+00,-3.165258991942359046e+00,1.321996154615421304e-01,5.343097465515819877e+00,-1.803212969318043202e+00,2.608851509978244998e+00
-3.985805152446106003e+00,-4.065262229935191485e-01,-2.768971640376172605e+00,3.198688554879807633e+00,1.075946371464440832e+00,2.402927730194249989e+00
-3.860215004233499503e+00,-1.857261857302303198e+00,-2.477994684895774569e-01,5.657575840764204500e+00,-1.372752498180278335e+00,3.025939927208889380e+00
-2.623466064733066538e+00,2.276118195575307368e-01,-5.433631458809440318e-02,1.385979994578290686e+00,1.417735642976203359e+00,1.129378388998791838e+00
1.149957160812765444e+00,3.233123106211296616e+00,-4.070444862034801048e-01,-3.135058513276507419e+00,2.176063629141041567e+00,-2.093851788831988969e+00
-3.541224525227734343e+00,-1.405508629616407656e+00,-1.934682155033544682e-01,5.216876159561440573e+00,-9.567730695258862550e-01,2.433216637127019411e+00
1.026158772555185061e+00,6.388533123347768239e-01,2.912080067108862025e+00,1.188896907328559349e+00,1.514370781454575488e+00,-4.264875752116042418e-01
-5.338786523704823761e-01,-1.997976260873802978e+00,1.824439257134242709e+00,6.762326205880707874e+00,-1.430484021568429576e+00,3.432912271091426604e+00
-3.624912198617952885e+00,-2.670861508087547520e-01,-5.069064944291241659e-01,1.545879091646662484e+00,1.518255022796396236e+00,2.503879932717586243e+00
-3.611737860335805017e+00,-1.031630939162225147e+00,-7.414287832093346964e-02,6.492911670734915042e+00,-6.819436553094122555e-01,2.742386358714545391e+00
-2.826967644210220953e+00,-4.787033515645373605e-01,4.902026064437481345e-01,2.799375256454996297e+00,1.088945750834869441e+00,2.572055235593848188e+00
-4.149615282035731489e+00,-2.574060805115533146e+00,-5.836945795995567288e-01,5.745303298307801398e+00,-1.647813433889034895e+00,2.819550148705463499e+00
-4.587501491076053206e+00,-3.053813398968187265e+00,-3.213134905068607772e+00,5.741646780018738738e+00,-1.792381421608920000e+00,2.454308333388612873e+00
-1.899697832079286108e+00,1.122626398376904255e+00,-2.664914947247549737e+00,1.153817904086564816e-01,1.685668391974377567e+00,-1.363243048761059173e+00
-3.158481883240548349e+00,-6.423823059625153320e-01,1.629506303511112364e-01,3.916255270733005389e+00,4.424689946163284371e-01,2.791089161985691014e+00
1.123579300105098433e+00,2.922864363360437423e+00,5.366352989835787568e-01,-3.684369079762401356e+00,3.401662054234742882e+00,-2.047911016547798280e+00
-3.604906613514727187e+00,2.879055725627548412e-01,-1.829165887466818852e+00,2.040469030749888724e+00,1.326772920230301134e+00,9.863686209698202534e-01
5.842736776312858815e+00,2.651929066362869847e+00,2.235457365875844538e+00,-3.272653400512006705e+00,2.434112167072622235e+00,-2.005579901702773338e+00
4.657501124514823232e+00,3.490664116235861592e+00,2.737565729113923041e+00,-3.318770464611150217e+00,2.140592233820819867e+00,-2.124645930781317471e+00
-4.018839135363635684e+00,-1.403716727767826633e+00,-7.253704272756009708e-01,4.666999040862020109e+00,-9.823407342741921067e-01,2.613074730517315203e+00
1.815832859003910338e+00,6.118938450958770758e-01,3.032720533760748793e+00,1.629844512593465522e+00,1.793994601093188646e+00,-2.687644919078879813e-02
-2.973547550205951406e+00,5.767226141260737293e-01,-1.328413918578111197e+00,1.172877678639145937e-01,1.928681477313020309e+00,-3.667575202964362679e-01
-1.900675094352552996e+00,-6.164968415281113501e-01,8.288523889376424592e-01,4.819177259866803453e+00,2.770147101116052779e-01,2.658561893585786429e+00
-3.849538275580879354e+00,1.858060804369365826e-02,-2.515845931780638089e+00,4.972218988460537781e-01,1.940865165854787522e+00,1.278184312507453901e+00
-1.920712455268669627e+00,-8.940731067435292445e-01,9.580895209192394901e-01,5.742133759915407865e+00,-3.342099208166222635e-01,2.811445235059314207e+00
-4.087459655129142000e+00,-2.725866231905669679e+00,-5.420724245518395712e-01,5.391651965719639783e+00,-1.658253545226517689e+00,2.747014947443536137e+00
1.676244707568296910e+00,3.427196182443111638e+00,-1.321369238448539818e+00,-3.604754944604009470e+00,2.574726414555446041e+00,-2.117864241148970095e+00
-2.872274735459978245e+00,8.007828252394322277e-01,-3.447933500287920783e+00,3.790318294431853641e-01,2.033121044947147738e+00,-9.763410707239822406e-01
-3.969139016446130874e+00,-7.572909955734541398e-01,-2.075423123302648332e+00,3.902502319373210682e+00,-2.543249485963849921e-01,2.307338007660686419e+00
-4.324475790312856560e+00,-1.372956570673871557e+00,-2.403882208689474886e+00,5.538712810765308525e+00,-9.051251850169359514e-01,1.956051169679534185e+00
-1.210624738353355712e+00,-1.441534236661423662e+00,1.092947462462958264e+00,6.868131807934121369e+00,-1.114962121701728925e+00,3.171613968724122934e+00
5.733263729128196040e+00,1.763773854031978061e+00,3.274534913298129624e+00,-2.507744167753849673e+00,2.629046881976678574e+00,-1.750926812911022923e+00
3.123334422258206011e-01,-3.312652100734208016e+00,3.248382197857326403e+00,8.265904551831429359e+00,-1.845443030247054805e+00,2.784641669944262432e+00
-9.270945531047869448e-01,-3.441432894295648026e+00,1.351389675057259154e+00,4.510950798601166767e+00,-1.867885740968835195e+00,2.979423637281931825e+00
1.234344324897758360e+00,2.324093455152844712e+00,-1.294883263649836636e+00,-2.954978360242240587e+00,2.336947936734589781e+00,-1.906532328303363277e+00
-4.319858277313207706e-01,-5.449945081188829477e-01,1.212123649435242534e+00,4.515589802520434404e+00,4.325636764618187580e-01,2.358088648466190929e+00
-3.137929908358267905e+00,-1.014164304455588361e+00,4.194812317336302776e-01,6.806232619741476420e+00,-4.074432480212059615e-01,2.092394159925298425e+00
-1.981529298116222471e-01,-1.135829168098368758e+00,1.183254555364186444e+00,5.672793091868252091e+00,-7.353174317685655659e-01,2.004638158661330216e+00
-1.821613178226348495e+00,-2.202818627049513367e+00,1.013774708169568939e+00,5.132422033284067098e+00,-1.486053357362784766e+00,3.169803034077926185e+00
9.175812670226467516e-01,3.362884968890211823e-02,3.276955484390667195e+00,2.257446655832170190e+00,1.482198651287942814e+00,1.061965801243436758e+00
1.799115661686393031e+00,3.119590969505969369e+00,-1.411245451808994744e+00,-3.420009302058796941e+00,2.433758835761722583e+00,-2.073046526936169087e+00
-2.857066559810657047e+00,2.066111254964044797e-01,-1.558733570747872221e-03,3.873785715716573819e+00,1.187343139788654911e+00,9.969600429514855477e-01
-5.863919454901588280e-01,-2.082189571995479938e+00,1.487889409167226340e+00,4.582733554097426776e+00,-1.447848227127474630e+00,2.596224838206703911e+00
7.702778301752761791e-01,2.353591738422275981e+00,-4.836064790176357597e-01,-2.564188987576961676e+00,1.916667401940351789e+00,-1.909465630753720777e+00
2.086219181577180670e+00,8.692037731253998700e-01,1.740020524038695449e+00,4.662890663924063039e-01,1.684781454746516527e+00,-9.682979001931205643e-01
-1.859654901838648566e+00,-2.922678870502060100e+00,9.979120380433288418e-01,4.523966489889749809e+00,-1.742326253739123310e+00,2.224449800553064627e+00
1.716338601999544355e+00,1.554809786324701015e+00,6.855836254056040246e-01,-2.336658021558969178e+00,2.990579618482263946e+00,-1.597940421157247659e+00
-4.576577799615787256e+00,-3.088840401438417871e+00,-3.105622812214912098e+00,5.962468298216242246e+00,-1.778034507643568185e+00,2.586040098672806042e+00
-2.498981937589185520e+00,-6.798978658391217067e-01,6.589507504194314080e-01,5.006150501071912728e+00,1.634746282510031179e-01,2.300652071281130695e+00
-3.398783792033445827e+00,5.690324041032912561e-01,-3.492378054548727739e+00,6.076890058107151660e-01,1.631303363737977019e+00,-4.547670859608111127e-01
-4.424456698314189751e+00,-1.440927473813686355e+00,-3.468335165893876137e+00,4.836604276950721371e+00,-1.021403135438662568e+00,2.767204352032065717e+00
4.718253259005395495e-01,1.935570106859865191e+00,1.860084733091840192e-01,-2.514707775223824271e+00,2.139916814399182243e+00,-1.805384037819262710e+00
-1.892851277119870779e-01,-3.314366152710961799e+00,2.699447540809448043e+00,4.637995499333726457e+00,-1.839248087725358305e+00,2.293676060904004999e+00
-4.244291170656874002e+00,-2.495406518720625133e+00,-9.222902188057870987e-01,5.718901297624159774e+00,-1.622025089769723039e+00,2.859333885464011793e+00
-2.252625613773191482e+00,-6.286224029352922571e-01,8.057725533718391731e-01,3.689697023943149468e+00,5.256316690714080142e-01,1.842394802886219818e+00
4.364054350357850498e-01,2.960668261826167935e+00,-9.132425445510916617e-01,-3.607036039315368647e+00,3.161873663463186546e+00,-2.050011408061342078e+00
7.245813201636956968e-01,-2.255864076150570163e+00,2.123980819675004739e+00,5.534390174959296083e+00,-1.492107614249223779e+00,2.876906300706279396e+00
-4.409506473543446603e+00,-2.503938467374686283e+00,-1.938861229500425054e+00,5.221798340337453936e+00,-1.618923676420784385e+00,2.283443634762173158e+00
-3.099616881005386571e+00,-2.259662638259229528e+00,5.178090878626431248e-01,5.467318075161095692e+00,-1.471013051055070742e+00,2.608029102460844406e+00
1.877418154636194547e+00,3.019162673659105955e+00,-1.419364337403600018e+00,-3.015722475044740669e+00,2.133367037490544238e+00,-2.066280235527122144e+00
1.280752303934967529e+00,9.184797949611658296e-01,1.495365876625626811e+00,7.329206195652562261e-01,1.860635348215138984e+00,-7.353053338078049395e-01
4.563747562154624404e+00,2.139765648885295413e+00,1.692512443211037443e+00,-2.877459721755799116e+00,3.021957696595897858e+00,-1.868444773918945145e+00
-2.890591532979597478e+00,-1.198636778397036196e+00,5.604818560600186572e-01,5.932763887132324498e+00,-6.605842914681783196e-01,2.392146266652201980e+00
-1.651128922171871682e+00,1.061339460602737539e+00,1.847344973254649858e-01,-4.548271417630697089e-01,2.603052226257915436e+00,-1.310783993497722344e+00
8.413911170374237525e-01,3.171913097185672825e+00,-2.152980873354302993e+00,-3.399125750281872360e+00,2.394021829791696199e+00,-2.079611467516512047e+00
9.362922445278725192e-01,2.153395372452893142e+00,1.886323655068848915e-01,-3.181340977174693663e+00,3.134203408476544439e+00,-1.901624550413635317e+00
-4.353316771351386727e+00,-2.049555967275210389e+00,-2.399530413372700011e+00,8.471953247522403530e+00,-1.408851572395607876e+00,3.398866211902986656e+00
-1.621677376683302585e-01,-1.609298459090888977e+00,1.708344046737086508e+00,5.861169514129450420e+00,-1.172135799377797216e+00,3.640434341146571384e+00
2.883634487062817442e+00,2.446870475515884102e+00,9.021808689126755709e-01,-2.681721589950937013e+00,2.318677990103567232e+00,-1.947784373803648439e+00
-6.739310205237249995e-01,-1.242839001801445686e+00,1.863933337725055317e+00,4.894212416996039927e+00,-7.014994692618881089e-01,2.566969354375709500e+00
-4.310089525105662567e+00,-1.328691872912691085e+00,-2.543173782061186383e+00,7.642979977495135913e+00,-9.280058051604946900e-01,3.554823385802960090e+00
4.522776846694881669e+00,2.248329221144401480e+00,1.363658613698244260e+00,-2.621890566882580931e+00,2.297684499024466476e+00,-1.859604231162076404e+00
-4.043109617540545209e+00,-2.745159558344667516e-01,-3.004487514312933705e+00,3.347396738584912601e+00,1.124895139334941119e+00,3.038037739593620667e+00
1.710035316609503919e-02,-1.138458605236890353e+00,1.996930832906036457e+00,6.960945212603167676e+00,-7.508425906554281326e-01,2.034389801262103337e+00
7.064978857424849545e-01,-9.312690246248482850e-01,2.690111702245504333e+00,4.232718812622440652e+00,-9.725379209502382771e-02,2.421483875157055987e+00
-2.992807906213121871e+00,-1.520272985473274829e+00,6.784995240766678037e-01,5.491545081515756266e+00,-1.138424245163653925e+00,2.327027372226101232e+00
4.497038087368268044e+00,2.517260579454934089e+00,5.613591096384338286e-01,-3.065640116860675057e+00,2.396706047445624321e+00,-1.957951278797753547e+00
3.576573354374437130e-01,2.050451589284406850e+00,-1.881241439208182875e+00,-2.593236552714175858e+00,2.498939791165342150e+00,-1.823961600755463319e+00
-4.139086317929431047e+00,-5.096725934125432289e-01,-2.258152130059041252e+00,3.554576332384621118e+00,8.703084086984382850e-01,2.101717285233296373e+00
-2.802326861745880304e+00,8.929888598505870689e-01,-3.375075697457794455e+00,8.162704537651646053e-01,1.510231785205973010e+00,-9.417865783149276249e-01
-3.881856434145177115e+00,-4.646433273806969133e-01,-8.756258551866680229e-01,5.469701125166755773e+00,7.550768695093761362e-01,1.818847764635311615e+00
-1.502964188333622886e+00,-3.711935472253076185e-01,1.000824373199000306e+00,3.642799764292341980e+00,7.274448559544364201e-01,1.715990849880494329e+00
-4.331354726986134551e+00,-9.046818013688397997e-01,-3.496272615859161270e+00,5.156598364027088266e+00,-3.598766179234722529e-01,2.589195785040196096e+00
-2.585170609887655679e+00,8.457170079905562687e-01,-1.444327113025771325e+00,-2.117319028890298771e-01,2.915031607118525603e+00,-9.921446467050957230e-01
4.652611278174900722e-03,-1.185369981691068553e+00,2.717608311176448410e+00,4.305585560560397873e+00,-5.807348291147554908e-01,2.068194966552743708e+00
-3.997858964890829370e+00,-3.324512982993661048e+00,-2.528744574815555701e-01,5.600380907913253381e+00,-1.838573592048349914e+00,2.237312026327000325e+00
-2.416117636783013112e-01,2.344048741151283366e+00,-2.321937962414311940e+00,-2.175382239680425212e+00,1.922798800277156328e+00,-1.912306906761939151e+00
-3.917612470020146898e+00,-5.022548322148390199e-02,-3.122523329210402210e+00,2.432140703161226991e+00,1.262416656003245707e+00,2.562850835781766090e+00
2.673427335465753951e-01,6.834499153766824264e-01,1.813923094064827879e+00,1.202107554059410166e+00,1.638323352039574798e+00,-6.361702283888026610e-01
-2.303573529070630510e-01,-2.252496641279984502e+00,3.169219703356177753e+00,6.079537635176754051e+00,-1.540464022292808099e+00,2.148006035938921698e+00
-2.228187988459400248e+00,9.955121225369749638e-01,-1.937742598670780136e+00,7.211275658895436314e-01,1.625729274908012556e+00,-9.711235713978336737e-01
4.962084235809574029e-01,-1.686483850235139581e+00,2.287822087534630455e+00,5.581161076462676007e+00,-1.218674331171081482e+00,3.088657347299911926e+00
-4.617389084188256554e+00,-3.221289235300305087e+00,-3.464246046510286892e+00,5.546499481952614552e+00,-1.826327461203888225e+00,2.370190392802585144e+00
-4.629795019362984654e+00,-3.452750947657010627e+00,-3.417907092631534471e+00,5.363863289284711122e+00,-1.871314843386636895e+00,2.802148806773167244e+00
7.939681953403388004e-02,-6.024216954621204323e-01,2.933361931887664475e+00,6.519648257550343828e+00,2.330313030021332055e-01,2.183605324817982307e+00
-1.061308389509364458e+00,-1.315619576409805980e+00,1.313067242341280583e+00,6.566073902722155076e+00,-9.175289035307550023e-01,1.959615515657896045e+00
-3.568690125490639353e+00,-1.956014583401631368e+00,2.877267234912985749e-01,6.872954138234201871e+00,-1.413794751284554563e+00,2.447148863428076027e+00
5.943922822557150099e+00,3.133949162295201596e+00,3.359120225749751221e+00,-3.241550537719139591e+00,2.313869745428134728e+00,-2.081885197735939830e+00
-2.350031860134818906e+00,-1.441803229975306966e+00,8.304600634269974080e-01,4.443454504047037013e+00,-9.896072226142744732e-01,3.533834861973470520e+00
-4.545076880133360753e+00,-2.508148314010512969e+00,-3.142714958362816446e+00,5.297546337857962584e+00,-1.589611249800918724e+00,3.519945624205958357e+00
-2.635432161647308646e-01,1.748227793691421894e+00,-3.200675688300068877e+00,-2.206916453910487963e+00,2.255096449509604639e+00,-1.741878486705008111e+00
8.356515854553856482e-01,1.504902691044734730e+00,7.724857166649723439e-03,-1.331418346907673689e+00,2.097249049833475709e+00,-1.513348335713000870e+00
-1.163790906812860459e+00,1.223700179667448040e+00,-3.056607364860587595e+00,-1.322552759531620215e+00,2.351977597081336135e+00,-1.459692360640080233e+00
-1.505840239427046257e+00,1.198501190440742548e+00,-1.146511400513235301e+00,-9.582863423650752610e-01,2.056257828334710602e+00,-1.271496830307074610e+00
4.372115575219104322e+00,2.860954341884829333e+00,2.501622867544271323e+00,-3.284901295156684498e+00,2.605420516516039342e+00,-2.036252205712193675e+00
8.499602752914661163e-01,2.692208944401510706e+00,-3.267166374786123484e-01,-2.887881854536203274e+00,2.472350776257230098e+00,-1.987315429676886458e+00
-3.833953745116200906e+00,-1.219562861094480866e-02,-1.456640841983853907e+00,1.140362008092651092e+00,1.464834719659696027e+00,1.187006549521353094e+00
-3.124009144237638758e+00,-1.658796704097462715e+00,5.134804050947865406e-01,5.247376992966967357e+00,-1.121306980566541878e+00,2.271321741116352655e+00
-3.126064003186746820e+00,7.342225909181276933e-01,-3.440978539129460501e+00,3.117128179352458561e-01,1.619018802141412028e+00,-9.222299878087741876e-01
-3.144034711242141622e+00,7.731424490734619681e-01,-2.602262284291531280e+00,7.471264610961266817e-01,1.579379393512599039e+00,-9.126984365849728498e-01
-3.337919783525887141e+00,-5.947332152924733606e-01,2.238347527066673059e-01,3.476821227633688505e+00,9.141676137272979341e-01,2.045144991802658740e+00
1.098350902787537775e+00,2.534113293215449758e+00,-1.142344686915046204e+00,-2.610345038542821072e+00,1.848719632603546659e+00,-1.955645036987776919e+00
6.582943924288560567e+00,3.456938254399865684e+00,2.970537660178740325e+00,-3.444048867604568631e+00,2.300744176329081458e+00,-2.120314002179739088e+00
-4.514819001319319902e+00,-3.405764034438923282e+00,-2.132871344426329863e+00,5.843894306278835771e+00,-1.863205826243847119e+00,3.409866078821913504e+00
-4.052849129221278268e+00,-5.518893959322825893e-01,-1.642994055060447378e+00,3.795097882711255366e+00,5.239914349303035346e-01,1.645941572176406131e+00
6.195182903002223185e+00,2.734057300748307995e+00,1.764971754950068750e+00,-3.423254843894682153e+00,3.146865529771795345e+00,-2.014903750280288008e+00
2.952280874447570369e-01,1.740629883006476142e+00,-1.816424965698618887e+00,-1.884947231407683610e+00,2.012567333251643387e+00,-1.709091121916476830e+00
-4.222218168450556419e+00,-1.587245048182121421e+00,-1.513095812764984061e+00,4.349410162503755117e+00,-1.230046186742279168e+00,2.133852898656976471e+00
-2.437923325555391152e+00,-3.449846593992430321e+00,8.892905186072397328e-01,5.014954489510595081e+00,-1.870025736632606295e+00,2.168328257807126569e+00
-3.273381659428528323e+00,5.783491368624940066e-01,-2.330083531242108208e+00,-1.237727395138402131e-01,2.095834348759223253e+00,-1.591512143433224113e-01
3.142398324061488779e+00,2.229235919793467247e+00,1.598071401454896012e+00,-2.497731782807075085e+00,2.195898972899051227e+00,-1.897311581189682794e+00
-4.421815566393076935e-01,1.776812151259484551e+00,-2.061473384318726509e+00,-2.314655697966935932e+00,2.797931311466787196e+00,-1.781897008357726575e+00
6.361510907996240638e-01,2.666820630534274095e+00,-3.217991993832956865e+00,-3.624250619901994597e+00,3.519168171099613218e+00,-1.991229421826430146e+00
-3.989829786177354176e+00,-3.279561193388980556e+00,-2.089511692233685380e-01,5.841640581295206580e+00,-1.828505160361455717e+00,2.984223557484260159e+00
-3.409782457086704355e+00,-2.007639187797594982e+00,4.379321204277655255e-01,5.831902073466756597e+00,-1.370195304566853567e+00,2.001310327381011334e+00
1.858626671922470219e+00,-7.796226397473602354e-01,2.893199266803977210e+00,5.222706436773428607e+00,-1.017747163231086382e-01,2.567990841311218464e+00
1.590600597718136555e+00,-2.447955252472433507e+00,3.451103013755545845e+00,8.694881652308133368e+00,-1.605089594645766837e+00,2.675524752796688777e+00
-4.034863502987410477e+00,-1.564122636455445248e+00,-8.360858487150677476e-01,6.911708700273816675e+00,-1.125473708889874969e+00,2.277368415871622531e+00
2.684532817087032175e+00,3.250612107498954018e+00,-2.429848997603980543e-01,-3.330111302855579769e+00,2.252748300803312898e+00,-2.093326990242985186e+00
4.566187266120942390e+00,1.597110723340926519e+00,2.129960049627265484e+00,-1.561120235879222884e+00,1.876424085529521335e+00,-1.620413157301143992e+00
1.190823404831732102e+00,3.215761145811045552e+00,-3.462214015135915091e+00,-3.573165149577008481e+00,2.758233238969632239e+00,-2.083115597709630062e+00
-3.359030628457197465e-01,-1.702555472606683828e-01,1.470011940468759271e+00,3.162306086443766873e+00,1.475605402006694877e+00,1.995337560015106426e+00
-2.268363452748829001e+00,-2.697806652180796849e+00,9.256368726543637848e-01,4.679228935141147794e+00,-1.673289700762577548e+00,2.147336342483713523e+00
-4.008802689353902160e+00,-2.035454074544498226e+00,-6.064474346835599938e-01,5.841734710861326008e+00,-1.440668931987363122e+00,2.461801026816366367e+00
9.446848754208639898e-01,5.401673258768830976e-01,2.278244149153444198e+00,8.450008002248198258e-01,1.543685451204197534e+00,-4.386471071189728677e-01
-4.437609713428178004e+00,-2.146171101408567594e+00,-2.480788960182016112e+00,4.748066524079014528e+00,-1.418391204800305783e+00,2.541064197620650056e+00
2.281790905513448209e+00,2.939477319962088941e+00,8.365271316829208104e-01,-3.571461561186999312e+00,2.831384467497063628e+00,-2.040351242789422592e+00
-6.286273925209958646e-01,-9.084325691111798662e-01,1.465496215875617736e+00,5.246940004614221387e+00,-5.029270505375517120e-01,2.464065261979651034e+00
4.522664603012196416e+00,3.195887761543828809e+00,2.642393272542301830e+00,-3.361204332761542179e+00,2.306182563617750869e+00,-2.090526404144238182e+00
1.237179237163256729e-01,1.452699082898878835e+00,2.848439779783875636e-01,-1.332660933001377668e+00,2.576947504982084691e+00,-1.613093105702668506e+00
-3.180547353407557232e+00,-3.193075129893256037e+00,5.138030461545879390e-01,5.031100406847353490e+00,-1.813740196031862872e+00,3.047791953942504684e+00
3.200460285212376021e+00,2.827269894861903943e+00,8.093649753094354082e-01,-3.292672753273508501e+00,2.384236407690477400e+00,-2.036494634539664617e+00
2.437461986366779687e+00,1.003302514318545668e+00,1.956593858529846131e+00,-8.053735265270361987e-01,2.396368114346874911e+00,-1.036633609851321358e+00
-2.354945925458745704e-02,2.094911255868790789e+00,-2.997970020251473855e+00,-1.889905402102480370e+00,1.859196061184578808e+00,-1.876015405562525773e+00
3.150880309977403204e+00,2.849373161954847689e+00,-8.192986172501517395e-01,-3.053445356027854274e+00,2.142229705585268817e+00,-2.025811768087388387e+00
-4.341438150170241705e+00,-9.941458237180635926e-01,-3.382670704607047885e+00,6.888428577582137002e+00,-4.791102651627140441e-01,1.860137196141253391e+00
-4.042307953852243507e+00,-5.171030517210399857e-01,-1.686309540496252701e+00,5.260828230120556448e+00,8.127856722487658558e-01,1.605986980014916909e+00
-2.511875006983266267e+00,7.826808991732825405e-01,-4.614022142260387760e-01,1.793933211218760038e-01,1.968751144810844345e+00,-8.365061161510574106e-01
-4.290158910089776789e+00,-3.494704441467630929e+00,-8.121115750983856074e-01,5.161880894206142045e+00,-1.880174318810007072e+00,2.242859878673928886e+00
5.753614021833652892e-02,1.978183627823381308e+00,-8.837860856919257380e-01,-2.747758493791816914e+00,2.725235157225266658e+00,-1.822157167976155012e+00
1.093176701488022928e+00,3.100404992125335824e+00,-2.388225031045647651e+00,-3.101250993675102929e+00,2.201800773907472752e+00,-2.078295341858807710e+00
4.354253333414476401e+00,3.494806190295799198e+00,9.070176726966501235e-01,-4.063395046329182136e+00,4.281736943694568254e+00,-2.125078133500987398e+00
3.289023330187923921e+00,2.135789882247029148e+00,1.618307884563708221e+00,-2.349494103731476713e+00,2.032431931300926919e+00,-1.894732313149986469e+00
4.353399885933211699e+00,2.086598262072571153e+00,3.337682126649957226e+00,-2.439051501369040142e+00,1.947767617029774412e+00,-1.837517491561190930e+00
-1.454810543473594286e+00,9.159368770614868538e-01,-5.479718601027583347e-02,6.194872058220837197e-01,1.517665910468304569e+00,-9.533402636029941757e-01
1.866822203360136045e+00,3.181626822165759094e+00,4.782389501423995881e-01,-3.582061992691406349e+00,2.664545574249931548e+00,-2.081514170732385427e+00
-2.510506072485549911e+00,-1.289823605450285626e+00,6.310622006870394429e-01,6.314464424054166969e+00,-9.184550721320068334e-01,1.951134412711842847e+00
5.489592124412627783e-01,-2.353616672073519656e+00,2.690837039862544522e+00,4.365979266250913149e+00,-1.488057663482118986e+00,2.329847807249756375e+00
2.010245099193276042e-01,3.230345314352029540e+00,-1.837932277325645458e+00,-3.291435078874461517e+00,2.222824955801702806e+00,-2.090357295348781008e+00
9.882251964605537342e-02,-1.566518756697795389e+00,1.701505582345456347e+00,4.297287609128325414e+00,-1.068566587098476850e+00,2.151908167593794996e+00
-3.670755894467103708e+00,-1.638266653385359373e+00,1.287942579810392729e-01,4.942163685435094322e+00,-1.253585582991853631e+00,2.431320926603733223e+00
3.837082407197233369e+00,1.386975273471552583e+00,3.373294979018006678e+00,-1.328764181962543311e+00,2.125240630295635924e+00,-1.514078290364975654e+00
5.261936027127900317e-02,-2.127148523358851850e+00,2.330882443648937041e+00,5.574886828373468717e+00,-1.480767652692614123e+00,2.206222208909265348e+00
-1.438801078849305970e+00,-1.319923981022915527e+00,1.093500828870840103e+00,6.374909916403430188e+00,-9.745245526858432594e-01,2.630147026346508099e+00
3.837287577914608727e-01,1.837558109434787035e+00,-2.468863697999945650e+00,-2.346212751137668029e+00,2.773431194807979505e+00,-1.741639518689346966e+00
2.759897598075015779e+00,1.128288464146412373e+00,2.899225149366852605e+00,-4.331993289253492918e-01,2.240047333637698035e+00,-1.292172895605073313e+00
-3.758866501644504865e+00,-1.190508432654785231e+00,-1.377813728614656341e-01,4.727167695937254166e+00,-7.948358181871674200e-01,3.680302000789264394e+00
-2.188620400349252093e-01,-1.882619893464384075e+00,2.802792385262335983e+00,6.810792986726450948e+00,-1.366817411442616592e+00,3.011659014131713885e+00
3.571434179469887393e+00,3.416628249839945397e+00,1.538621042125780214e+00,-4.026822240291781263e+00,4.176138011819523044e+00,-2.116488771222948095e+00
3.775812598150148247e+00,2.098160167523172248e+00,1.542026297863539064e+00,-2.332493031775680681e+00,1.851129291143241318e+00,-1.811957342274994609e+00
-3.483425223305228080e+00,1.188153397548461498e-01,-9.690459109992493048e-01,3.786527116942617344e+00,1.171623939468908748e+00,8.807256314759507321e-01
9.229083729356628574e-01,-3.528114102354455994e-01,3.119805524084256376e+00,4.999737020845405056e+00,7.647737727966786858e-01,1.519578807796074349e+00
2.222156443031634510e+00,9.358448469058435748e-01,3.488347336176227387e+00,-1.462495940111314952e-01,1.799943866877133924e+00,-1.205481518780849637e+00
6.784064118835604340e+00,1.825513552742083156e+00,3.184022665017963938e+00,-2.414483499193797567e+00,2.723578658037102862e+00,-1.762995105029579124e+00
1.191863429410263020e+00,1.070886314388681093e+00,1.572707289551130927e+00,-7.621609044193666804e-01,2.013294043554108015e+00,-1.258750222815348208e+00
1.547996326847130177e+00,-2.166309476369271181e+00,2.621122338493382387e+00,4.907860232192686745e+00,-1.456205344385375966e+00,2.117153077548899365e+00
1.449167626317289903e+00,-3.709946816248641532e-01,2.579707187260881440e+00,3.140524388782904630e+00,1.099144719700725137e+00,1.462442894382321334e+00
2.050611385544248488e+00,7.251501861384630487e-01,2.298022721780921707e+00,3.893119353839362695e-01,2.204312665604213795e+00,-7.618126285892969918e-01
3.719627664412857637e+00,1.835180403181214004e+00,2.908405641697888733e+00,-2.362209967571405667e+00,2.432639007338021297e+00,-1.774101833666880790e+00
-4.229147173499089973e+00,-9.382132224406074528e-01,-2.544669378784428115e+00,5.007568244313810979e+00,-3.587559574487988456e-01,2.369363284130107328e+00
4.150577402982485786e+00,2.277581548335805728e+00,1.899644051792291677e+00,-3.173181079636748336e+00,2.856503378719466468e+00,-1.902326375371070855e+00
-6.993667871289088733e-01,-1.195650132856927783e+00,1.665808508960157752e+00,8.253716108484121960e+00,-7.628619951496681262e-01,2.591941364297191797e+00
-4.089328838294082225e+00,-1.040963348938672262e+00,-1.405176274484619903e+00,4.759125236382550916e+00,-5.641708996781273910e-01,2.366043126601553581e+00
-4.303788778630854850e+00,-2.927086007580233851e+00,-1.332817867424003655e+00,5.133805543057651022e+00,-1.752092064883296052e+00,2.579952754235415924e+00
-4.184282840467839826e+00,-5.190002591016775746e-01,-2.984146036287804726e+00,3.586950111495040616e+00,4.410952804342360145e-01,2.361788212192684089e+00
4.498398366381413105e-01,-1.498634834939250204e+00,2.325396918624707432e+00,6.659039749159997967e+00,-8.092122061353431706e-01,2.555877262711147679e+00
5.275181459895482483e+00,2.011018348201931261e+00,2.804944793983636053e+00,-2.515656758041147967e+00,2.197183624494642551e+00,-1.832250813874749973e+00
1.685500002078885173e-01,2.675558873738758336e+00,-2.082838758559106829e+00,-3.301201527124713930e+00,2.559403896653642541e+00,-1.972585817089101967e+00
-5.307940578519385610e-01,1.036349883261097560e+00,2.749194484014783058e-01,9.368993986384976935e-02,1.807463418149687362e+00,-1.307438831035548477e+00
-3.955663141701909469e-01,1.529745508511815899e+00,-2.664350957308696977e+00,-1.145043059125649298e+00,1.876916331717326747e+00,-1.657871311752926902e+00
2.570372742276997857e-01,2.176101840552892241e+00,-1.613152667165463017e+00,-2.792729894187629736e+00,2.312337405924667522e+00,-1.827587021413366930e+00
-7.997441114428687214e-01,-2.252885594281113235e-01,1.209785207917995820e+00,1.936062885782461551e+00,1.307133329065690130e+00,2.407917524622030570e+00
-3.781965976016813613e+00,1.078165048412649263e-01,-1.728185877655725289e+00,3.178062493099599095e+00,1.103897216745143073e+00,9.383872946171176732e-01
4.259989303417752282e+00,2.043410931339115777e+00,3.489386677765252465e+00,-2.508661678207216195e+00,2.121792582867884303e+00,-1.869985456247684308e+00
-4.495755364697318512e+00,-3.162664096693014404e+00,-2.322717672007529099e+00,9.282391628184257115e+00,-1.814982169061297057e+00,3.123604694126417947e+00
2.355298897944534398e-01,-2.689214833704730800e+00,3.467151715661788813e+00,5.151481914439070664e+00,-1.625767128330548816e+00,2.800487233319168379e+00
4.125852849585996684e-02,2.228987501646345848e+00,-7.695476581161853069e-01,-2.930030887384594607e+00,2.398844856798143965e+00,-1.906522508804004978e+00
4.206507449293659384e-01,1.388411389027916165e+00,1.407980441082381518e-01,-1.461533274735717480e+00,2.177714779997213856e+00,-1.551182352818760268e+00
-5.704691828436772028e-01,-2.424545078198929726e+00,2.187624414349283342e+00,6.029583634631315192e+00,-1.570665354750031772e+00,2.740044543546747313e+00
8.229568494406963586e-01,2.162962139050671695e+00,-6.987241708818658914e-01,-2.771060513378134083e+00,2.449997934665838262e+00,-1.883441435347743553e+00
7.367472881924974626e-01,2.028767870026698006e+00,-8.563505724977109601e-01,-1.927298440167199534e+00,1.823807145907074378e+00,-1.832359948840297736e+00
1.163418512645911229e-01,2.306586394613744595e+00,-5.169198148056644015e-01,-3.315557843188953857e+00,3.446948088105307839e+00,-1.925764341229831755e+00
2.581005963355249566e-01,1.795993961371792125e+00,-8.368076017547938505e-01,-1.689618629042510589e+00,1.799925357151155980e+00,-1.666347384748514404e+00
-3.930233357394988136e+00,-3.118650537765106812e+00,-1.220343964823005223e-01,5.424979601358492332e+00,-1.799801877672349226e+00,2.480971456326444891e+00
-2.850035968503879413e+00,7.010303866847040766e-01,-1.493769854120104768e+00,-7.604845946962325298e-01,2.818080910886616497e+00,-8.004088941914253574e-01
-4.712618377513868584e-01,-2.651579928904127748e+00,1.886597193016701368e+00,6.944533291569902289e+00,-1.649960928399104798e+00,2.777264009090947727e+00
7.372236684129997164e-02,-4.217048924888393557e-01,3.077232718232500552e+00,2.852810169224238468e+00,9.664600870033837055e-01,1.742762281386252443e+00
3.670647397615654395e+00,3.008364151820040355e+00,5.485907757896750780e-01,-3.014642157001135025e+00,2.040134240932093945e+00,-2.058583458652542664e+00
8.154754643251240775e-01,4.210864465386485733e-01,2.736886719627459108e+00,8.156548616700449728e-01,1.477787442510374083e+00,1.781712039133219183e-01
-3.889589996371657143e+00,-2.296740820699705310e-01,-1.523750100882856895e+00,4.551627246901121637e+00,1.073418713702741334e+00,1.587810129813932214e+00
8.159356221024842704e-01,-3.342410174225054043e+00,3.149686018101694351e+00,4.611290132853714141e+00,-1.844151515600030100e+00,2.887103831217563421e+00
8.806880949022701799e-01,3.257715727191742516e+00,-2.797294279114514559e+00,-3.427017599141953141e+00,2.457272136636067028e+00,-2.091707061203682105e+00
6.690221532504649904e-01,4.556740532930780851e-01,2.582161971900547748e+00,1.269080546782151431e-01,2.109225212690535756e+00,-2.715959787198560238e-02
1.411405427466025486e+00,4.543128252274613033e-01,2.986951583924991382e+00,1.232118333251786879e+00,1.451549791916409982e+00,-1.564871428300365630e-01
1.219766693291813198e+00,-1.972214695926415295e-01,3.383243799102290339e+00,1.975061103208877622e+00,1.401094926226434723e+00,1.656773762483931378e+00
1.516820841745138981e+00,2.725577649524832502e+00,-4.010687266994050759e-02,-3.117659355398563648e+00,2.624884988197094149e+00,-2.015519327233050273e+00
4.785013843242454934e-01,1.507568066364242121e-01,3.181258813956621800e+00,9.965001413126343133e-01,1.570060186674532732e+00,9.393947944136182837e-01
-3.948087510813074630e+00,-2.899583953831443850e-01,-2.073632758510988605e+00,5.209688526812241705e+00,7.135421261290060269e-01,1.415619302637294297e+00
-4.023584728652890519e+00,-4.368329846340159861e-01,-2.445172412006209939e+00,1.078466906997797459e+00,1.559724230660312516e+00,1.547320391517999383e+00
-1.360079366666645084e+00,8.765931681082150817e-01,3.871578617572675185e-01,6.948027263741454185e-01,1.766206693375140357e+00,-7.699288988834902536e-01
-2.755631153978764125e+00,3.019286468299613446e-01,1.764058519767792710e-01,2.380867991511376403e+00,1.327498189980171217e+00,5.081555236102424100e-01
5.420930347829663987e+00,3.254942078767592228e+00,2.635003083528784096e+00,-3.686753593351901781e+00,2.893570789597389226e+00,-2.098163094452432542e+00
6.974683463321230681e-01,-6.865613772220564570e-01,2.578021876234046772e+00,4.893048969779875357e+00,-3.366410270511129010e-02,2.071860702598931958e+00
-2.333491620449293702e+00,8.856770540060701080e-01,-7.836567313324955819e-01,-8.704274938900835590e-02,2.035860744443342973e+00,-9.466795908129197468e-01
-5.996365635554062878e-02,-3.175641420782573832e+00,2.764539285312580752e+00,5.898718946064370527e+00,-1.803189103226350953e+00,2.156406785558302452e+00
6.181754399429563840e+00,2.775288539821481493e+00,3.325799383226298644e+00,-3.400214411558508232e+00,2.866078146939444515e+00,-2.027943889278063239e+00
3.591491741090020007e+00,1.190787299182685111e+00,2.410538721551801267e+00,-4.543700081078241304e-01,1.937173296305197967e+00,-1.160578557580184578e+00
-1.111114399155050725e+00,-3.439423573566093406e+00,1.531392044033134781e+00,6.072436532907392603e+00,-1.870371357010229829e+00,2.897524751050767566e+00
-2.446564541140359150e-01,5.282847445987037815e-01,9.826154542500704636e-01,-1.607677407371981837e-01,2.117461717115385778e+00,-2.566980289314951813e-01
4.177406339208804553e+00,1.611124606040486462e+00,3.026615536393849837e+00,-1.934475263665606404e+00,2.452864340312409297e+00,-1.615059256568291080e+00
3.582858021634559575e-01,-8.409078573874211315e-01,2.839733504826161159e+00,4.158147545119198263e+00,-3.269063346821831084e-01,2.583904505329022605e+00
1.124872214877234988e+00,-7.514955510167129482e-01,2.597660705294673633e+00,5.826327773046553915e+00,-2.286363665771936615e-01,2.666627600114345853e+00
-4.550253533926966298e+00,-2.818310403890183835e+00,-3.070994881186558612e+00,6.180972118237614055e+00,-1.700368590484840903e+00,2.357126139703026979e+00
-3.772990600875555600e+00,-2.442209032452776984e+00,-2.041784843965759322e-01,6.089175254600965204e+00,-1.614511200551614900e+00,2.499293685480846072e+00
6.169084262122744633e+00,1.705788656726195285e+00,2.334293040807403408e+00,-2.154126653542705938e+00,2.099374671620686250e+00,-1.668119396596522863e+00
-3.160359622066932328e+00,6.688201538703673066e-01,-1.565829647723808726e+00,-4.277126966298238075e-01,2.164229199663908254e+00,-4.502818662330875799e-01
-2.554732967770897978e-01,-1.212671541431901812e+00,2.865940862958478164e+00,6.194640512990496006e+00,-6.989994038338430693e-01,2.732103003632056382e+00
-4.343160448157802556e+00,-2.639563849745819812e+00,-1.270912653615281052e+00,6.170769586519686101e+00,-1.680139068075966247e+00,2.233577534098909467e+00
3.689268061191002701e+00,2.446316589137783382e+00,1.476546695524556085e+00,-3.358861031444800194e+00,3.233533389807354830e+00,-1.964721669890796996e+00
-2.833372612575499883e+00,-1.291536584620795569e+00,5.515454389245277866e-01,4.348626457002140455e+00,-7.414126870614464737e-01,2.261368307517285459e+00
-3.719300631571317961e+00,-3.039740648763078479e+00,2.504104153095525476e-01,6.019778491675178422e+00,-1.788207224451470623e+00,2.773725562339087514e+00
-5.797547315356547104e-01,-5.732404205157215493e-01,1.277917700631389764e+00,4.729472823302378615e+00,2.303088937048838880e-01,2.482970162746437115e+00
-4.301914626489886651e+00,-1.597890193767222300e+00,-2.406507133760130479e+00,4.664503728513693659e+00,-1.035891890489713196e+00,2.680109633374656575e+00
-4.076468783211337765e+00,-1.421365970364728781e+00,-1.224895814856477028e+00,4.510233647323088846e+00,-9.241325499556356515e-01,2.146272189064169389e+00
7.968935253401789875e-01,2.605059284158574684e+00,-4.302745825253539991e-01,-2.897549517864741908e+00,1.988686656476633674e+00,-1.978511019189207243e+00
-1.083414696811962230e+00,1.276125605874607771e+00,-1.399845173877388049e+00,-7.136747308894167974e-01,1.878373846491154131e+00,-1.453969756982525396e+00
-1.002632532929591758e+00,-9.595165624814407934e-01,1.318572885173722398e+00,5.206338150473422743e+00,-4.169315037642278288e-01,2.247383770210936049e+00
-4.390149133655316227e+00,-3.090576373180471847e+00,-1.339709284082165386e+00,4.804553437162379481e+00,-1.769457285005846536e+00,3.414662252792671104e+00
-3.479923907824714391e+00,3.569953202000575310e-01,-2.221549457409721207e+00,3.945225578505675568e-01,1.682202652510999874e+00,4.188770151852744261e-01
-3.853244787319985321e+00,-1.566336719076435013e+00,-3.936975216536326982e-01,7.690070453963681274e+00,-1.141714781485666075e+00,2.710803056125125288e+00
3.292639800443011855e-01,2.473511354295688136e+00,-1.865951493288565910e+00,-3.133697223339081184e+00,2.364526369807755657e+00,-1.952358421077247774e+00
-4.042394290602934426e+00,-7.420518515546978833e-01,-2.845632052706589921e+00,5.832885344451800513e+00,7.896503991155404134e-02,2.503793594068116857e+00
-3.658625963703703299e+00,3.966265698697117870e-01,-2.309745332181307731e+00,-6.326642161673820541e-03,1.951308929672872949e+00,9.886522838183749162e-02
-4.115300977484480427e+00,-6.414714748365319963e-01,-1.989171916851379507e+00,3.710741128182447834e+00,7.787444990511227516e-02,2.189622634266096046e+00
-3.330662887135043881e+00,-1.822367761647436524e-01,1.360351155365977505e-01,1.996286543706637495e+00,1.340431103257630596e+00,1.945698278775795931e+00
-4.626127289950129118e+00,-3.468950400572472059e+00,-3.347823305758749424e+00,5.743085515128793617e+00,-1.875348351071657538e+00,2.737155315567465053e+00
-4.295603185831927462e+00,-2.804203983703028591e+00,-1.303449559595256879e+00,6.281982528574091340e+00,-1.722347923947705084e+00,2.214517574248172860e+00
6.155247111387686099e-01,7.640313073060260862e-01,2.090946718350027211e+00,-6.532141500613708462e-02,2.161744733818710795e+00,-6.843229734125408914e-01
1.263013662496417222e+00,2.108726733540119191e+00,2.827269867041981577e-01,-2.671687580864288591e+00,2.623357514335430185e+00,-1.827362121365097458e+00
6.282250056654959947e-01,2.479951927580482440e+00,-1.994620290986850009e+00,-2.676588046159079859e+00,2.227321153088893446e+00,-1.934492066808612964e+00
1.396192034154874473e-01,2.385683616151998088e+00,-1.660418267464496278e+00,-3.149603180613965492e+00,3.228394305443134549e+00,-1.953182382087526925e+00
-3.582237806916023004e+00,-1.403004315939739843e+00,1.853899630799049625e-01,4.692205445447453549e+00,-8.220123245492738651e-01,2.602860579550708042e+00
4.696356643335987124e-01,-2.916771539430476956e+00,2.721424328567900730e+00,4.962336369155100790e+00,-1.755786815492757169e+00,2.221168836302507721e+00
1.914099056851147895e-01,5.482674026463083550e-01,1.542254438149829099e+00,1.578214843635160847e+00,1.398465026705628445e+00,-4.399991429505559770e-01
-4.444862669986361148e+00,-2.442119242480214059e+00,-2.287159320965093556e+00,4.438266487048852404e+00,-1.590582359577366489e+00,2.492723510946381893e+00
1.174447105101021460e+00,-2.135717177320123117e+00,2.473465807143587547e+00,6.451935101510572146e+00,-1.460892191279182351e+00,2.328976774742762768e+00
-3.115580342663125446e+00,7.104163203813680383e-01,-2.156605456012224309e+00,1.342316492754468626e+00,1.934286486932329518e+00,-6.706582057231997851e-01
-2.353721618446761088e+00,1.341841698996355525e-01,5.878689381582713480e-01,2.227258967856505567e+00,1.383670353809717701e+00,1.093858973386043543e+00
4.128897217836687616e+00,2.285531799602444458e+00,2.751768210623007249e+00,-2.859515797178164398e+00,2.217120079659054888e+00,-1.901961217665752102e+00
-3.712729482597058706e+00,-3.447152336664873751e-01,-4.744072193653816605e-01,4.864820882309828676e+00,6.493232513083023738e-01,1.793716119807593712e+00
-2.413256498577162290e+00,-4.979002944192907343e-01,7.857375132352899527e-01,3.682225405658319684e+00,6.463606036854462333e-01,2.378173057475759133e+00
-3.965970478496701368e+00,-6.502747022404191668e-01,-1.189693971413723350e+00,4.104507228623910819e+00,2.357974155308076025e-01,2.323729199679934965e+00
-4.101193599920854638e+00,-6.276584149106319011e-01,-2.171840300331501439e+00,3.808025992771900903e+00,6.875850968072365621e-01,1.749533202651902375e+00
-3.983057857895780374e-01,-2.400193130443503353e+00,3.046998890688371375e+00,4.588525365389164890e+00,-1.604406968307800385e+00,2.067426820278781108e+00
4.083719997257322376e+00,2.299947471064703208e+00,2.707560837723307579e+00,-3.080134513672013075e+00,2.749617200336386347e+00,-1.926593976850607515e+00
-4.284363926084227003e+00,-8.510121946601514331e-01,-2.923515856745059427e+00,4.306667931749452727e+00,-3.512906316750389890e-01,2.030894913371055654e+00
-1.524761197088757569e-01,-2.241581068149619327e+00,1.695150757508218753e+00,5.560344186089928087e+00,-1.450403739475601306e+00,2.300070922231072679e+00
-4.556219940414735881e+00,-2.501610851446650408e+00,-3.445915978930372159e+00,6.215069146046522164e+00,-1.622915871513690877e+00,2.380073052020157842e+00
1.284993084165636734e+00,2.837083155781185084e+00,-9.913314280963057001e-01,-3.568542987422516966e+00,2.981621866734294635e+00,-2.031410626608386671e+00
1.741612438931691709e-01,2.635730234195843735e+00,-2.411080574899778117e+00,-2.928828474436058205e+00,2.475725047424955694e+00,-1.994281401912522567e+00
-4.340601044375048012e+00,-1.721418002219625709e+00,-2.368769708925362760e+00,5.518569601353753740e+00,-1.074127959026766055e+00,3.009036640585605049e+00
2.842686053271200830e+00,1.085158916107399563e+00,1.264596287501843719e+00,9.977954442758196762e-02,2.169061050110919098e+00,-1.338258008610939687e+00
4.025975806893030695e-01,2.749870703261610316e+00,-9.093250807666204416e-01,-3.059628496344853232e+00,2.195688544969921274e+00,-2.016157959856927029e+00
-3.570458748047164566e+00,-4.406173637375929708e-01,-2.838055418999525514e-01,6.093555013420770550e+00,5.234454008987037277e-01,1.847487761173628229e+00
-2.491603874623693760e-01,-3.047220454525926492e+00,3.144225856453831014e+00,4.603926588973181744e+00,-1.773874154152446314e+00,3.111252755750509191e+00
6.373303548561464194e-01,2.771880691231693561e+00,-1.618599480769833399e+00,-3.609626537089537734e+00,3.494675575324232675e+00,-2.010409373550078538e+00
8.694512812413078828e-01,2.335256807208689445e+00,4.987525019743577204e-01,-3.450506870784218361e+00,3.897922837219104153e+00,-1.933448670483876697e+00
5.088638566895842708e+00,2.960303266147953138e+00,2.656071946289427110e+00,-3.124575393724766226e+00,2.251170447023759458e+00,-2.053452329661275222e+00
-1.583924499641714112e+00,1.202901500066077212e+00,-2.967423467085168909e+00,-5.394055714457579587e-01,1.848241440919889733e+00,-1.378415036096511725e+00
-3.580929970167981313e+00,-3.026810596062876613e-01,-5.047649714442270508e-01,1.499805221116663034e+00,1.580087149074201225e+00,2.005238983731131075e+00
-4.538534700478001893e-01,2.673571309062414691e-01,1.424468736327050067e+00,2.183445342293595104e+00,1.493382355299217590e+00,1.367558045334611005e+00
1.005325990759877275e+00,3.067022484206740174e+00,-7.810145940103474516e-02,-3.590346900867669167e+00,3.105972585802433628e+00,-2.066085905208235651e+00
5.881808391626484056e-01,2.658703344054051954e+00,-1.899242766377180480e-01,-2.815148509607823701e+00,2.014297298363207922e+00,-2.007738194964157508e+00
-1.240795538470551351e+00,1.106231679611166641e+00,3.244253800547132194e-01,-6.811221345172879804e-01,2.019622301994900226e+00,-1.020753128311704616e+00
3.108711790759675964e+00,3.241349821891131633e+00,5.059917761328476260e-01,-3.601379678519380345e+00,2.647243280449637304e+00,-2.094290372998966809e+00
6.379701133036075333e-02,2.415391467351122756e+00,-2.835226209380141249e+00,-2.838473777829528810e+00,2.073093897959793264e+00,-1.909242058662217190e+00
-1.998237492564398643e+00,1.562452833308021205e-01,8.095898290183720647e-01,1.976966270615941323e-01,2.273624055043968362e+00,1.314667906191261615e+00
-1.175106387557234733e+00,-6.363813574274637119e-01,9.542232725886776734e-01,3.559820287881448220e+00,5.798384648481682557e-01,2.591989796746450914e+00
2.879805689136468061e+00,1.201292300848041172e+00,2.881129421302812688e+00,-7.091396944775556488e-01,2.828705611017262811e+00,-1.290350954490217195e+00
8.344718336573286877e-01,-6.945186354609171886e-01,3.135195535801643452e+00,5.312570095764053590e+00,4.092172844242426555e-01,2.194820844978542684e+00
-3.413550069166691792e+00,1.178075086289815943e-01,-1.160472165856925031e+00,2.916919014350373818e+00,1.180306229692739795e+00,1.357750709408090728e+00
-4.251970500726717894e+00,-1.905826259606355100e+00,-1.230043508346445602e+00,4.921439481269797689e+00,-1.401859950175034175e+00,2.128499708477401331e+00
-2.661799676680279614e+00,4.248400766963027486e-01,2.353520907130377537e-01,3.242202198322158280e-01,2.022295372111660328e+00,3.972507248410360181e-01
-3.816801735973843090e+00,2.435300868484433501e-01,-2.814150408350045485e+00,1.359553065508015246e+00,1.394352905106609475e+00,6.227916571512233102e-01
1.794729826151222341e+00,2.658169574202146279e+00,-1.420408457618931308e-01,-3.589515249502905903e+00,3.839211087628100927e+00,-2.005913003815279705e+00
8.635321122065930943e-02,1.757462874294680510e+00,-2.935176446306463571e+00,-2.647207849446258976e+00,3.268925431272438509e+00,-1.753843896365328447e+00
-4.410771067249613431e+00,-2.327505517317671746e+00,-2.119407420757549954e+00,5.349680255147573504e+00,-1.531162923906385975e+00,2.268941332736329031e+00
2.342493832373921059e+00,2.021743728656224093e+00,7.270485523224223812e-01,-2.523842962056582540e+00,2.224934589496414095e+00,-1.817607478055496273e+00
-1.447564147647974475e-01,-2.092704528710528589e+00,2.155805784950408643e+00,5.944395547878704278e+00,-1.496540994853871931e+00,2.020988431834134236e+00
-3.945221929955510909e+00,-1.312949091985179617e+00,-4.432928891058462995e-01,4.611068026832716882e+00,-9.632348194001483233e-01,2.784108150165629070e+00
1.593345642479012891e+00,2.861160983826787074e+00,-1.795507665094784766e+00,-3.538237570155070788e+00,3.131794620045746491e+00,-2.018142013047079519e+00
-3.084545560370147488e+00,7.330502367579079248e-01,-2.134643498606424661e+00,-3.005517806603352771e-02,1.890894787359376883e+00,-8.384155911238645453e-01
4.330862085842232645e+00,1.391528578917866632e+00,2.749921992366704870e+00,-1.129554843328003155e+00,2.269731514712064691e+00,-1.603819027559184596e+00
-3.290189264368463373e+00,-2.732177230453793904e+00,5.128447733855399093e-01,5.324500186599429696e+00,-1.669325730561076915e+00,3.531466077777187351e+00
4.725700855249164167e-01,3.318640349590744165e+00,-2.539355048614083898e+00,-3.573157124817040842e+00,2.572000952586107392e+00,-2.105074651581943179e+00
-4.519869338344303600e+00,-2.677610119120599652e+00,-2.846558608261653411e+00,5.387592051861432196e+00,-1.665422079976967229e+00,2.166628768416205553e+00
-2.243106154220189108e-01,1.125937152914047168e+00,8.459463976361689674e-01,2.517205479435695725e-01,1.949453122319797949e+00,-1.373373662963616404e+00
-4.403573818106514715e+00,-3.474598815189617440e+00,-1.472896748699226599e+00,4.474634275976794306e+00,-1.876297230126971360e+00,2.706334866409210171e+00
1.128388024210891238e-02,-1.597255166415844752e+00,3.436959276450223477e+00,7.516994743623220288e+00,-1.083658846585433322e+00,1.982558371563677424e+00
-3.559346058516838163e+00,-1.325069486812058273e-02,-1.027337850170163325e+00,9.687027120613895814e-01,1.903285377843451531e+00,2.068992037174584464e+00
-5.138997672138705397e-01,-2.263161416360979672e+00,2.025310492675065355e+00,4.407870497179738223e+00,-1.561127514177430120e+00,2.071087828707045997e+00
-2.455531707197036617e+00,9.355696142587852648e-01,-1.498767077266004666e+00,-3.371111552849491710e-01,1.921871680852620168e+00,-1.194408820437394159e+00
2.031372021547793949e+00,1.931675621889529459e+00,4.071636300886796178e-01,-2.189009675060212157e+00,2.136533011261124049e+00,-1.760587071828179306e+00
1.130923678565038060e+00,2.350403129264802438e+00,-6.770969915698716868e-01,-3.102568236494901210e+00,3.035811459892291175e+00,-1.906269688541302409e+00
4.094173320035130459e+00,3.471169748486085282e+00,2.559709746443289191e+00,-3.763651167549629584e+00,3.022731133614900756e+00,-2.122430657408710619e+00
1.168578004278874261e+00,3.418459579192356657e-02,3.485698531360832852e+00,1.917168388307343596e+00,1.534191585293871674e+00,1.901410218002622887e+00
-4.410486888618718737e+00,-1.683295486279356989e+00,-2.657784566025867434e+00,5.490358185905720667e+00,-1.228755635523845147e+00,2.229595985653668677e+00
-3.453024739174863633e+00,-6.936109519762476694e-01,1.578796179655665988e-01,4.281627228335978863e+00,1.596583001270942548e-01,3.052676513386911594e+00
-4.280961903548561764e+00,-1.842094861699092201e+00,-1.617785891775992191e+00,6.765066425019259810e+00,-1.326109399980974102e+00,2.779296285000571576e+00
4.458688355372851575e+00,1.777661408203096371e+00,1.369574947103656015e+00,-2.221199953846216157e+00,2.198397830523752372e+00,-1.731408401566676858e+00
-4.341380604777952179e+00,-3.328896618805228691e+00,-1.214079214557451269e+00,5.298053057544228395e+00,-1.840630192822975575e+00,2.590556998170911118e+00
1.432197178241935820e+00,2.812484404000874960e+00,-3.001881550412576871e+00,-2.983737887085941676e+00,2.371802422402075727e+00,-2.027386301654465317e+00
2.640182870506703416e+00,9.654224639828310472e-01,2.712174581567412091e+00,-3.875662936148708271e-01,1.864837538927424099e+00,-1.226813957939276722e+00
3.215398613716367926e+00,1.491748938322514206e+00,2.170546108089360438e+00,-1.111197253390160622e+00,2.054783835993253316e+00,-1.581892955663618761e+00
-4.011367600490209462e+00,-4.121374017313388372e-01,-1.563210015227452399e+00,3.461879218936194658e+00,6.420466619697484667e-01,2.228918481043305366e+00
-3.891228179672479026e+00,-4.342620576398306120e-01,-1.384495166957680379e+00,3.632180012553196224e+00,5.965516751838050302e-01,2.276707165453100590e+00
-3.679511688422725690e+00,-3.019935387347971734e+00,6.477902294632409408e-02,5.312024061999723656e+00,-1.779184923535767959e+00,2.643728014661408832e+00
-2.604673417971976601e+00,9.119748396587015193e-01,-1.626846805996764012e+00,5.119389789979790495e-02,1.633778229888161126e+00,-7.747555709245310673e-01
-9.552440363957086511e-01,-1.254310414106678095e+00,1.288697249696070024e+00,4.522049314844086787e+00,-9.546680378487336638e-01,2.708754972900925928e+00
5.341554960324925716e-01,-1.073779927393301747e+00,3.085104873957797977e+00,3.980736498508981036e+00,-4.929155340138391406e-01,2.920808627859623918e+00
-1.876304200143762424e+00,-1.777943983200966027e+00,1.071492276675147792e+00,5.046296569677003241e+00,-1.335587149456951561e+00,2.269668956823130745e+00
-3.644702195148797674e+00,-2.152960324202039644e+00,2.767630463727472900e-01,6.322914606099313772e+00,-1.453090052056355441e+00,2.788343012187122660e+00
-4.160408322872018339e+00,-7.148291825714068182e-01,-2.277826134785611689e+00,4.583702127756952294e+00,6.581725264607360404e-02,1.926889692964838030e+00
-1.237704660943905743e-02,-1.588157716708043843e+00,1.734078990529673625e+00,5.290572913874261651e+00,-1.165655411611632220e+00,2.828558244140463529e+00
4.381051709659240956e+00,3.275287796005681429e+00,2.715233362041180598e+00,-3.485890364628381199e+00,2.444992760235115359e+00,-2.094565208579290960e+00
4.992372974999560675e+00,2.340729674640787294e+00,1.341112939505493706e+00,-2.308564214153941752e+00,2.011905654238831609e+00,-1.870121149944664607e+00
-4.243375174036480679e+00,-8.697286541602005094e-01,-2.884538092566689027e+00,5.251752823557170657e+00,-4.452880788059180861e-01,2.238995332962840923e+00
-4.472783944048266846e+00,-2.267019236443081454e+00,-2.833716049760335309e+00,4.411591292858244806e+00,-1.518539809872559987e+00,2.451283270493833211e+00
-4.916182334802303711e-01,-2.652325742026108824e+00,2.243166379300965296e+00,6.206259330237733352e+00,-1.634034248907699771e+00,2.354444891332231116e+00
-1.702192368651224141e+00,-2.814296151602153184e+00,1.163947538808816518e+00,5.443017604674394327e+00,-1.705793023354156945e+00,2.659031900295158124e+00
-1.531011762101829099e+00,1.082375513555115631e+00,-8.660346133529941426e-01,-5.075924817391328503e-01,1.929559784570192171e+00,-1.237499855493181977e+00
1.312048107039277545e-01,-1.669064249467278938e+00,3.421669841767231546e+00,6.505477465049652075e+00,-1.163314792441174417e+00,2.383633281021386274e+00
-4.216862121307248579e+00,-2.196287383798863679e+00,-8.939183050510353112e-01,5.969394558610217949e+00,-1.492499514885106571e+00,3.192466211709914070e+00
-2.817523342259103725e+00,-3.316121476155542425e-01,6.367112784180015694e-01,4.257316915981361305e+00,7.626148487343095139e-01,1.769540796989666598e+00
-2.514666315276879782e+00,7.251855424215483126e-01,-1.295306300580096881e-01,-1.190327674503008637e-01,1.909936921171804247e+00,-8.575800052913933325e-01
-4.157527468287228523e+00,-1.826424420228507151e+00,-8.839018249516974457e-01,5.332848019522204552e+00,-1.323322239246314647e+00,2.909888445193178352e+00
-8.999863939051904183e-01,5.070174104077054267e-01,9.327979199690208389e-01,9.801770535416542973e-01,2.510733730750791093e+00,-1.734703483952082514e-02
1.502104858707925539e+00,2.617449982328284186e+00,-1.023501626967037836e+00,-3.114402017431740166e+00,2.241534501163485071e+00,-1.946019865692792061e+00
4.326439896317240574e+00,3.488434527465266832e+00,1.704265661012330568e+00,-3.303337548039064320e+00,2.135462744805782354e+00,-2.124207824239420006e+00
-2.590503221960869795e-01,1.733078605267094119e+00,-2.022845510983478867e+00,-1.550059020469942483e+00,1.956523595677251315e+00,-1.728534736795930282e+00
-3.276722380320177930e+00,-5.479390118282179145e-01,9.558462904716247266e-02,5.096503566111490358e+00,2.752367265592389756e-01,1.647110356418164390e+00
-3.774938374679429387e+00,-1.455099585393658135e+00,1.163002574054683436e-02,5.849467217450802003e+00,-1.107705691856974761e+00,2.394925773941322333e+00
-3.011095493795959310e+00,-2.553940670282135450e+00,7.280945497606987615e-01,4.535803799025038607e+00,-1.612774502579373159e+00,2.406189094101340409e+00
-3.717907664661691314e+00,-4.570890398033045088e-01,-5.110771914188205756e-01,3.735315591479595909e+00,9.171703335647125588e-01,2.031720508594846208e+00
1.475295365186659158e+00,3.476588071349373976e+00,-9.828040338323820180e-01,-3.488207327685764803e+00,2.386997361299614706e+00,-2.123201258647132050e+00
-3.772909277408351691e+00,-7.731331798216283246e-01,-7.003397198373284560e-01,4.553461646205126279e+00,-2.444393903118352307e-01,2.696783720728777922e+00
7.838061233730165611e+00,2.999767816292211897e+00,3.182297741046764550e+00,-3.585601630318157707e+00,2.836763600977111999e+00,-2.050033141825614802e+00
5.925673838772695490e+00,1.559339873722158210e+00,1.361048887568912846e+00,-1.271983709449663102e+00,2.160188420595427150e+00,-1.693112922604856019e+00
6.346021233530681371e+00,2.790857744290763165e+00,2.502852585524655282e+00,-3.660902129784252335e+00,3.820290243257275620e+00,-2.024697290756851675e+00
1.153378220814135435e+00,3.643249783973256939e-01,1.517267587051151168e+00,6.785207916348401369e-01,1.742362290483565612e+00,5.298354098085328312e-01
-4.425830839267790751e+00,-2.887692901275234814e+00,-1.930103090342152772e+00,4.495524954089522573e+00,-1.716356519225549659e+00,3.443791314981912599e+00
-2.775194793988929320e-01,-1.134720544813294207e+00,2.471997685010381751e+00,6.741563321278038146e+00,-6.473879084231122238e-01,1.913949991341118873e+00
1.209115837595949428e+00,6.816915626496804492e-01,2.518206608753052578e+00,-2.872687323425375805e-01,1.979276889808753381e+00,-4.025403282880692379e-01
-4.201610832813321927e+00,-1.914803256924310082e+00,-9.949910859820443321e-01,5.086520379984981410e+00,-1.406310963714335394e+00,2.123552239531151020e+00
1.633921161662133192e+00,3.582782219166213977e-01,3.029711111198295725e+00,3.116314407127174224e+00,1.290447863656331684e+00,5.552066437960547773e-01
-2.971574842059688137e+00,-4.362576112354412672e-01,4.812768491705963214e-01,3.746472414630172221e+00,1.071369618495043863e+00,1.548299270845970854e+00
-1.055604854441099638e+00,1.241508426617905059e+00,-4.959354156723638773e-01,1.563450360905663805e-01,1.677821463333538432e+00,-1.263253993845309564e+00
1.933788260955256133e+00,2.355360599453698356e+00,9.447059682303420303e-01,-3.106934451198135605e+00,2.744400206116702989e+00,-1.890331582957700096e+00
-4.046355779638878936e+00,-6.279320454793948514e-01,-3.288647037119962757e+00,4.435442240826024118e+00,8.882581441476204986e-01,2.077130860674559099e+00
-4.483600969540896486e+00,-2.620088959813663632e+00,-2.292098487915073868e+00,4.736491455238987847e+00,-1.651575132539067292e+00,3.266298419987403889e+00
2.451164369287770484e-01,-1.043595432349967211e+00,1.364691499453341450e+00,4.261572780863141396e+00,-5.943086254704980087e-01,3.108268766876518985e+00
-4.414949724174115353e+00,-1.449763758882318676e+00,-3.150126644337065684e+00,6.154393163838079772e+00,-1.102432748210379954e+00,2.176562273396942526e+00
1.055570325779557894e-01,-2.823358583155119117e+00,2.979966598339695238e+00,8.744263741968048009e+00,-1.724086178285119564e+00,2.601294330833095358e+00
2.367326974131663542e-01,-1.180734079733736230e-01,2.859139482030661483e+00,3.274184519980089192e+00,1.420022231434831861e+00,2.742024048416614512e+00
1.113395263217071163e+00,3.474429052673972507e+00,1.449522744746190028e-03,-3.308845580392693719e+00,2.091947045127575233e+00,-2.122782699552558938e+00
-4.317615054072402536e+00,-1.569933730940535899e+00,-2.061143451730455212e+00,4.310471554110308468e+00,-1.062821030506190478e+00,2.342301663896534603e+00
1.498288521936087969e+00,3.499069588688747956e+00,-1.109770144772716183e+00,-3.828774862098143217e+00,3.134369482685730901e+00,-2.125554190993093062e+00
3.554686465700303444e+00,1.712697275907673955e+00,2.300810888527550446e+00,-1.768114659945904554e+00,2.263065619530524764e+00,-1.700357790328208774e+00
-4.022488643929317043e+00,-3.304452564575537821e+00,-1.314938104332901148e-01,4.849542511675710266e+00,-1.836947812241795708e+00,3.213062368922145584e+00
4.338258122863244637e+00,3.225559948386513831e+00,1.979256138300073076e+00,-3.396216338015210834e+00,2.360015411857498524e+00,-2.090282335387904755e+00
-4.167244035385945899e+00,-6.114368444683178083e-01,-3.320696553335253043e+00,5.357307106670635477e+00,6.926486319186690999e-01,1.974055278083392206e+00
-3.927582057872531340e+00,-2.228885697402041011e+00,-9.927186781985941622e-02,4.777036145822531665e+00,-1.465771274539570124e+00,2.392419973260135890e+00
1.011765544927994975e+00,-1.316899208218530681e+00,2.668358228676838806e+00,8.696961376156632895e+00,-9.416996689841821144e-01,4.038863067355970671e+00
-2.274863848347622231e+00,-2.344728230448925199e+00,9.207892596701121590e-01,5.354325434360308833e+00,-1.524456425266746296e+00,2.780822130898700451e+00
1.333869143247178313e-01,-2.721731684988937694e+00,3.212757216459209531e+00,6.431225883145883060e+00,-1.698882810062996240e+00,3.485065207605566151e+00
-1.972411760593668184e+00,-1.388950648768503271e-01,9.088733202256200627e-01,2.476911555509249574e+00,1.642812641273579732e+00,2.100366705610366758e+00
6.984202014137270709e-01,2.465518797694715936e+00,-1.176511073459793888e+00,-3.192250735444890353e+00,2.811785808536061193e+00,-1.937931949554970057e+00
-3.203431099822443784e+00,-3.183298803229863694e-01,3.090487063506710541e-01,2.462657164204532290e+00,1.194930503599715310e+00,1.992732478499292803e+00
-3.710072878464369950e+00,-1.548693264225895483e-01,-1.366163099463216568e+00,4.059649878536481182e+00,8.604626853461083691e-01,1.597235927988110538e+00
1.066600104193744292e+00,1.812630177743002946e+00,-1.057232596020340143e+00,-1.917524704713692962e+00,2.173529940003014804e+00,-1.745370824462003201e+00
4.797415981082326919e-01,-1.863324667926415046e+00,1.819133619923116285e+00,4.297605230819235622e+00,-1.296494612541139180e+00,2.508889189854615953e+00
3.748558634389075328e-01,2.480243345838698765e+00,-2.533422142431566382e+00,-2.824486719788990463e+00,2.189484806395272987e+00,-1.971319928826222423e+00
-4.328559491627566480e+00,-1.288315618011741215e+00,-2.940632971879429292e+00,4.562334987648863915e+00,-8.476020830941544126e-01,2.219589127659820527e+00
1.048618212151670281e+00,2.525686840599585814e-01,2.026196894795377901e+00,1.669058775954558760e+00,1.380120417639285613e+00,1.006123375007926146e+00
-5.656858402041028411e-01,1.402303761029616069e+00,-5.878644499736722651e-01,-3.638297111191393096e-01,1.806679884718914053e+00,-1.499074372812010170e+00
-3.888097835862973639e+00,5.584490290679333668e-02,-2.290925970160201164e+00,3.818687168584554481e+00,1.141122028049129877e+00,1.412975072679883093e+00
-1.194648699570735051e+00,1.381425725475669886e+00,-2.645416085841456155e+00,-1.363316191268643784e+00,1.997409160269378869e+00,-1.565574162212429510e+00
-1.528477279145104673e+00,-2.326791119280593900e+00,1.045801630030602780e+00,4.657558840819819856e+00,-1.561220001680626801e+00,2.417713566948841208e+00
1.458182646427426343e+00,1.857790727360870697e+00,-8.924005356822930501e-01,-2.168284584257903269e+00,1.922636389465926188e+00,-1.733078059516262037e+00
-4.233518807588058763e+00,-8.200471881221087500e-01,-2.506873437559953732e+00,6.566749045442398902e+00,-1.159967608299184993e-01,2.364572758589470691e+00
5.505142388704240552e-01,3.432495123524702763e+00,-5.847819121399715492e-01,-3.473482677384518880e+00,2.487881620591767096e+00,-2.117867596323747659e+00
2.775211426832263850e+00,2.623681441914938794e+00,9.072067369095764278e-01,-3.379701750353974798e+00,3.058591950301763340e+00,-2.004037802070634200e+00
-3.510485420902388354e-01,1.277332012027874164e+00,-1.212591023513471811e-01,8.111151394370907930e-03,1.641576936132662201e+00,-1.442745235318528163e+00
-3.170322194915281777e+00,-5.659676792919734467e-01,4.175368211374990146e-01,3.781111723977927053e+00,7.263028316746518165e-01,3.442535004867410375e+00
-4.220310086428816554e+00,-2.031249140817211085e+00,-9.396646260142351714e-01,4.650563664150284993e+00,-1.383931904083997466e+00,2.512032014997607199e+00
-3.048104239449124009e+00,2.872885499905515339e-01,-2.808402055023453414e-01,2.441209873702882227e+00,1.202487615896363549e+00,7.660042751618795220e-01
-2.203756629364014508e+00,-2.575014759107874696e+00,9.920718782735606922e-01,4.382425110754409658e+00,-1.656547649684592338e+00,2.073764678032226527e+00
-3.785234463308649211e+00,-7.452897741718178537e-02,-1.221629062406579536e+00,3.980386261480498789e+00,1.084298549881975493e+00,1.955674609831489663e+00
2.934704269670526111e-01,-3.042598016448898157e+00,2.923357196089752641e+00,4.500032379142559158e+00,-1.754967666819002625e+00,2.950021932906759847e+00
-3.582421855127596810e+00,-2.214050153494167450e+00,1.492911933173814987e-01,6.251295694884167808e+00,-1.504276191653668215e+00,2.363812027706337915e+00
-4.362516866968132234e+00,-1.651577889974668700e+00,-2.391484880942807756e+00,5.797672948678085802e+00,-1.061301922907563977e+00,2.166460436705220705e+00
-3.587701623347563373e+00,-2.324354848391871897e+00,2.723565337034945522e-01,4.595774836045958267e+00,-1.517714677300938009e+00,2.400519123390225662e+00
-3.151134558989754364e+00,5.858549981934570994e-01,-1.185424050774069205e+00,1.494898532398012625e+00,1.447717343401615508e+00,-5.999554933423179026e-02
-1.008547612337624133e-01,2.112907032695469312e+00,-3.125032283466139482e+00,-2.651074121879247958e+00,2.102732025263996718e+00,-1.846030956108296595e+00
-3.924538303318869659e+00,5.672001986748576030e-02,-3.195803713056569961e+00,3.593653752387018674e+00,1.086154621141785181e+00,1.424488442851122194e+00
6.602724377674277889e+00,1.692599950899548844e+00,2.126072818640325934e+00,-2.442803941179594318e+00,3.343641999226243389e+00,-1.742536521762752200e+00
-3.917185840893086635e+00,-2.974527109776525791e-01,-1.222208620827156977e+00,3.522742005914004437e+00,7.906800633950585855e-01,1.660414689311452863e+00
-3.873418304659383526e+00,2.671652075573938134e-02,-2.920637928411831119e+00,2.943516143323580803e+00,1.063758678679540992e+00,1.745034662629846522e+00
-6.506953155614302320e-01,-9.792331529657216649e-01,1.702184825077266872e+00,5.807193896496052332e+00,-5.074503975596970085e-01,2.523671594836290222e+00
-1.126684305220445381e+00,-2.526075431923208381e+00,1.097531677231893710e+00,8.286723701871366643e+00,-1.620195474922994983e+00,2.400906739814270718e+00
2.127535441261966476e+00,1.240878403718469691e+00,1.392401998510963246e+00,-8.765736280632773214e-01,2.468518271451189960e+00,-1.352771272230151478e+00
-1.340881647167128321e+00,-2.342067743953104575e+00,1.056530895665908965e+00,6.999763058692520801e+00,-1.575417225777100194e+00,2.101219764851976368e+00
-5.568115902815556906e-03,2.646722129127993206e+00,-2.030394497089281547e+00,-3.266637104850722562e+00,2.824308202301565540e+00,-1.997482400422436299e+00
4.500434809293096805e-01,-2.615127911648594150e+00,1.890835418109457322e+00,5.227004878424176049e+00,-1.643230722407874156e+00,3.407262365240584678e+00
-3.916758983368644031e+00,-2.495381213450866831e-01,-2.267783188647487069e+00,3.522379953523914864e+00,8.252844689367218045e-01,1.847069766354118681e+00
-3.952086991056687815e+00,-1.289054591169041419e+00,-1.131455874843441123e+00,4.274381691748773804e+00,-8.535179415474661857e-01,2.365830629291929998e+00
-1.327536163342501796e+00,-3.083964117751250456e+00,1.193682230462584926e+00,4.878537256852692572e+00,-1.786268221753606555e+00,2.278342668472488786e+00
2.305275329762927594e+00,2.131515632328933485e+00,5.947801835930324188e-01,-3.130639469161581978e+00,3.286257634801486027e+00,-1.849669378682200938e+00
-4.483065765773647904e+00,-1.934136240921116912e+00,-3.048099020938973780e+00,4.330480469632770557e+00,-1.249135236613807765e+00,2.600040300619628209e+00
-2.340022033241677235e+00,-7.645262838557096430e-01,5.779643650278512013e-01,4.406109376989733484e+00,3.598846306863584532e-02,1.916968413155873519e+00
3.341430946242512690e+00,2.918594387615299546e+00,9.180566185081309172e-01,-3.040605667870054596e+00,2.116802510076126520e+00,-2.044628246057630161e+00
2.059263865681404404e-01,-2.522399915260397307e+00,3.424978288725275988e+00,4.814478744433083435e+00,-1.622625342293573025e+00,2.943571931771824080e+00
-4.395640590772904588e+00,-1.666230428444955169e+00,-2.607043790628867708e+00,4.897890847664553959e+00,-1.230478960856040249e+00,2.198067247540503644e+00
-1.316095687588942076e-01,-2.106850390875179002e+00,3.150424560719896405e+00,7.293670985024167663e+00,-1.353351455310991547e+00,3.110580293698410159e+00
3.295938000642231192e+00,1.835318333195794516e+00,1.697540386815581392e+00,-2.504838084849924762e+00,2.957091401899638594e+00,-1.771033044306597581e+00
5.716404783426189962e-01,2.612990916732494284e+00,-1.935155109747523916e-01,-2.983424819774846526e+00,2.571281581342180989e+00,-1.995110263211767654e+00
2.870970284846050546e+00,1.159822086259819862e+00,2.138189260966777638e+00,-1.015482563119018744e+00,2.350005123545580332e+00,-1.417982864226564388e+00
1.933786622135658329e+00,2.533567608767897106e+00,8.983706096097785476e-01,-2.777203727923421184e+00,2.237876129006973525e+00,-1.974913590822793497e+00
-2.751528445578905302e+00,-8.143472514694116704e-01,5.265016164725118131e-01,5.338714286322992386e+00,-1.745807852505230628e-01,2.613281671230667236e+00
-2.136380360888985308e+00,-1.396261849066885663e+00,8.681168921391426707e-01,5.596728003244267668e+00,-8.530492972988864553e-01,3.547090814628520938e+00
-3.873339599438802239e+00,9.685541964387622826e-02,-3.195159516791298504e+00,2.637656487111520676e+00,1.219347850988832027e+00,1.412490372900831348e+00
-3.941740282418020769e+00,-1.364184594154719488e+00,-5.564016901345594235e-01,4.712957458325469418e+00,-9.357602456655741419e-01,1.906481578996142456e+00
-2.856233411150101098e+00,-3.659643855460115169e-01,4.598579947578231852e-01,2.982501516871136626e+00,1.251666286861808697e+00,1.572512385026256787e+00
4.697553119524595644e-01,2.152714335387718947e+00,-6.225455716765804226e-01,-2.587702014891014368e+00,2.026439937045137363e+00,-1.885495826834390209e+00
5.812448540033098077e+00,3.245120140041075629e+00,1.790005064556590142e+00,-3.107310089137877096e+00,2.007962161645897137e+00,-2.092898534063688754e+00
1.212991688869118345e-01,1.253382000674975849e+00,-3.337857716593748414e-01,-1.177696365836619519e+00,2.339253062910116476e+00,-1.313353428949539214e+00
-3.449675616418440560e-01,1.493664980176315993e+00,-2.841087489113162778e+00,-2.756928903869841907e-01,1.838288767300776172e+00,-1.571520500858969660e+00
-3.676324753013872626e-01,-1.907671912111267076e+00,2.601964258152688281e+00,5.243521550837510148e+00,-1.299865822634713286e+00,3.628565442947382813e+00
-2.811023324377847743e+00,-2.167754971041432555e+00,7.490085993247470597e-01,5.897106615128946849e+00,-1.506089858052031438e+00,2.467388698458824248e+00
