-1.384096742247681977e+00,2.288642564052022266e+00,-1.347720740648940652e+00,-1.933724510487953463e+00,1.835780111623566579e+00,2.710787670380653047e+00
1.147372062372899570e+00,-2.428141449232543270e+00,1.404855485020330752e+00,2.836902571957338637e+00,-1.524552314045867440e+00,-2.429333618189938981e+00
-1.343199247341848146e+00,2.753691928958401647e+00,-5.891141484491205560e+00,-9.727594315291430149e-01,4.164815949705296561e+00,-1.938892833338491162e+00
5.851389335301915295e-01,2.243700708184004355e-01,-3.176908788711676479e+00,-8.238201872434713913e-01,1.127658376252904660e+00,-8.011750751784063596e-01
-3.013003317711796303e+00,2.181766731411888927e+00,-6.820921620854105250e+00,-3.472299318091967013e+00,5.123018788732204953e+00,-2.759073573088888232e+00
2.571831387951618808e+00,3.066844440596918631e-01,-9.975301737758555110e-01,-1.702993642218459502e+00,4.499902803341415236e+00,4.060431081711719514e-01
-2.567316365237765741e+00,1.932960186362352673e+00,-6.210702320897914852e+00,-3.076167643603842095e-01,2.538538486428028929e+00,-2.464302937891590606e+00
-2.253127369083511411e+00,-2.209984688189856605e+00,-5.929728748032253804e+00,-5.838375248391054484e-01,7.946878549591662733e-02,-7.172342863110658939e-02
-2.849315121690931818e-02,-2.405341058871963700e+00,-3.295055438536391268e+00,-1.468410659669243223e+00,2.571909718625485120e+00,7.967089704099485914e-01
2.545897511907565303e+00,2.758800481432441387e+00,1.858417018388494713e+00,-2.129716409893774642e+00,4.396704929455715671e+00,1.713462110898258395e+00
1.812606848584800368e+00,-2.710116380062155272e+00,-3.815170036210338012e-01,-1.425283232372539732e+00,2.091327323123647108e+00,1.503015524786860624e+00
3.293395877444103448e+00,-8.311010434133754288e-01,4.042562221024361691e+00,1.691229431593845867e+00,-4.254213842860146144e+00,2.712607830040554724e+00
1.815117869498870107e+00,-4.412911772170247104e-02,8.931332848991621054e-01,-2.857749450207525577e+00,1.073365585053559501e+00,2.317666316758903555e+00
-8.102497753690940385e-01,-4.126916943081413436e-01,-5.172915760244515049e+00,1.568620601593515573e-01,6.789562059757524581e-01,-2.699584668601421544e+00
-6.389716938938723167e-01,3.354272824595398106e+00,-5.578552843686321872e+00,-2.143279639312548390e+00,7.602902003241139184e+00,-2.834163409453549942e+00
1.493522995191351121e+00,2.178536803098358732e-01,-2.421683889890444696e+00,-1.514415528887619988e+00,3.093345607300077571e+00,-1.298080517150581592e-01
-1.605311591288063777e+00,3.060551443306588126e+00,4.235030841313922600e+00,2.416249520175775878e+00,-2.588672143595327491e-01,2.487895393648826392e+00
2.478720103939408226e+00,-2.282151845346756858e+00,1.869720953250243012e+00,1.109136074317515153e+00,-1.555585325882272940e+00,1.298550243312601715e+00
2.892147787282638660e+00,6.745579312325169496e-01,7.362376014240377131e-01,1.753405710660752348e+00,2.548410001468833785e-01,-3.753356552401947432e-01
1.825292487652243167e+00,2.383010617067881753e+00,1.526923398759643113e-01,-3.366323533234674148e+00,5.163506571998815353e+00,1.483827252762657700e+00
1.166797643064634293e-01,-2.617535022035732517e+00,8.004355218196292920e-01,2.453457527020231232e+00,-1.212925370438707962e+00,-4.042256516596260951e-01
-2.325149643449448522e+00,-8.552242168170001158e-01,-4.955526648186127758e+00,1.107630324334563987e+00,-1.154299545336041177e+00,6.005168864160044251e-01
-1.409153958737940471e+00,1.577050787788498276e+00,-3.163203070639658332e+00,1.612433209997837125e+00,-4.149872773028161488e-01,1.485845929128514875e+00
-1.512398684785563052e+00,-2.814119430386818443e+00,-6.262415892886291857e+00,-2.245127596478361909e+00,3.526259712970673199e+00,-1.306309518251647983e+00
-1.209511963675883095e+00,-6.908591821903877772e-01,-9.318920335182265813e-01,-1.495726404901610351e+00,-1.871720555422974774e+00,3.385744161922517037e+00
-2.790176634491676744e-01,-8.889125552250853879e-01,1.360309897242130361e+00,3.870264342001714652e-01,-4.386648205078480522e+00,3.059430545852247718e+00
3.105785162034635505e-01,2.176301766864815690e+00,4.238061122183254703e+00,2.386302746281367959e+00,-7.946690735513333159e-01,2.333227299450064685e+00
-1.978193911681946471e+00,-1.951109202956811117e-01,-5.881858991764126188e+00,-7.364770626135674902e-02,1.493026837140468466e+00,-2.276785726232133822e+00
2.099078288572835405e+00,3.032860714064474550e+00,1.671290568886481642e+00,-2.115253134134631452e-01,-9.500500176211402747e-01,2.487450076881333239e+00
1.586791145075747700e+00,3.246334960336181297e-01,4.592806581993390758e+00,1.227545720319207057e+00,-3.494573916239892775e+00,2.887017443725952148e+00
2.445048993738518917e+00,-2.372539333488653313e+00,-1.505743041813806471e+00,8.425285044807759860e-01,-4.107880054858144003e-01,-3.480324811774819338e+00
-1.627347367925493948e+00,-6.316324507198407545e-01,-6.263950971464907980e+00,-1.558644135373472572e+00,3.008813571978974366e+00,-3.486247487078141027e+00
8.037729780390421297e-01,1.952542359188421450e+00,2.124933463170927350e+00,3.466732299155789399e+00,1.071224071557297597e+00,-5.507978898988090677e-01
1.069292512357923997e+00,-2.309314180265312544e+00,-1.916623347453796367e+00,2.053672913308717263e-01,1.264246938793764929e-01,-2.877962550766120398e+00
-7.922849610600009029e-01,-2.202154819339603442e-01,-3.419889675670635398e+00,1.870716491869238496e+00,-1.123029803423709616e+00,4.387506160824625745e-01
-6.275207499902686337e-01,-3.217128888158409694e+00,-3.920819326848979935e-01,-4.751244161784620168e-01,-4.424118407933692154e+00,3.434408128691749162e+00
2.171102846448460078e+00,2.909643507529375839e+00,5.178109212736756284e+00,-1.981162059525037655e+00,1.543150690301026140e+00,3.270830909032717670e+00
7.025848576749442742e-01,-3.170992964206377884e+00,1.114504729129148330e+00,3.230068063589145666e+00,-5.718034180009807788e-01,-1.733611984057768618e+00
2.788382370092859830e+00,1.388537181640350227e+00,6.512847206149288137e-01,1.636921951211638415e+00,9.884461630489642658e-01,1.294590331443910891e+00
-6.977442465687389017e-02,1.391787433952997866e-01,-3.801153710130756203e+00,1.793089087809756066e-01,3.920778678698418340e-01,-1.830756862388434492e+00
2.298226925513972674e+00,2.564261655373276660e+00,-2.522708859410456306e+00,-1.075921991220567975e+00,4.076945544974526214e+00,-2.690759631690806231e+00
2.512226298177671957e+00,-2.494186907223213012e+00,-2.153953729406687945e+00,-1.857572271432976763e+00,3.071103712811533715e+00,-1.903598876891343661e+00
2.019116005487650689e+00,-7.732880359642773094e-01,-1.426324280719228010e+00,-2.147953293068535441e+00,2.534633998381215392e+00,-2.554106423124302694e-02
2.713588060450421224e+00,5.659183715310343032e-01,1.942173785871860403e+00,-2.832443360589377068e+00,6.860779139393322623e-01,3.343553547528027359e+00
1.392025522667417192e+00,9.386769467723592442e-01,-8.328207364309514471e-02,1.830569378575193973e+00,1.566074860291825077e+00,-8.495818511706789700e-01
-3.192678467247525020e-01,-1.799304332205844403e+00,-1.942720882758214307e+00,2.574763951635688386e+00,-2.728630106160854218e-01,-2.374999181238752310e+00
-1.358593846478011624e+00,3.218135809081971388e+00,-6.154540134441019994e+00,-2.956875221265610421e+00,7.455127797233441100e+00,-1.480844548628648560e+00
2.240590834481487548e+00,-8.551217506573722815e-01,-2.152209507837821612e+00,-6.151635704107922820e-01,7.312906410440165317e-01,-2.611531369273604852e+00
-2.522347412031860081e+00,2.060058540390605764e+00,-1.158523062651941160e+00,5.558522027371903818e-01,-1.180616985711581801e+00,3.287456685545646629e+00
-6.909245106351797894e-01,1.185303568116665929e+00,-3.319315268857171208e+00,1.553641370242976549e+00,3.930839815458661013e-01,7.155417548261624461e-01
-1.881513795417650403e+00,-3.139148180498620988e-01,-3.020446389205079019e+00,2.133463387290333912e+00,-2.362602657529402350e-01,-3.370653184544790903e+00
6.332043448034960775e-01,-6.603038544905128759e-01,5.543541474698225890e-01,3.469933694822261216e+00,-6.890889275047884510e-02,-2.473455342068711538e+00
2.703876405546020933e+00,2.947252435075444765e-01,-1.880937810443067182e+00,-1.330634228481576642e+00,5.472577165602226401e+00,-2.938550968222849225e+00
-1.205808867112336369e+00,-4.924802813005113578e-01,2.195094500300111218e+00,2.576826116532867417e+00,-3.737488524772506260e+00,2.412939700078781335e+00
2.132267564137534599e+00,-3.315672386627189550e+00,2.468158783914564669e-01,-1.219017096302177361e+00,6.424800029787934852e-01,1.685373902032012872e+00
2.082169876275870912e+00,8.605455078386148315e-02,2.685176894706302164e+00,-5.527189869606639050e-01,-2.798325691866441201e+00,2.675456324832634181e+00
1.159855534419364176e+00,3.032123435097322961e+00,1.273277870766408970e+00,2.826701389946336462e+00,5.109972163903983677e+00,-2.536190339085846901e+00
-1.791212522940585750e+00,-1.420900219942016207e-01,-5.050116102881049507e+00,-2.885395998070239720e+00,4.505847092425990574e+00,1.251086571659900670e+00
2.235493720281946040e+00,-2.766399461660312031e+00,-1.383630305129355254e+00,-2.909713522390644513e-01,-4.811475772956984587e-01,-1.828442648706899654e+00
-2.267916668631904109e-01,-2.166340793379315954e+00,1.588251970984035699e+00,3.183887188496171028e+00,-3.270934329815639696e+00,1.822712890378448414e+00
1.673761088888625181e+00,-1.873813126831588738e+00,1.259395926456789994e+00,2.913033860084121685e+00,-4.596604920787230597e-01,2.843539007603923530e-01
-2.754747217422459649e-01,1.607196736397931147e-01,-2.891042456918784254e-01,-2.406875750764831956e+00,-1.797742565944526749e-02,3.020066276141936790e+00
2.548600247010819331e+00,2.441390225982385864e+00,3.176387967922145172e+00,2.572395963301842947e+00,2.549937833237091667e+00,-2.573359021545132297e+00
1.415150044028792742e+00,-2.695563341245478028e+00,3.423393758465492098e+00,5.224561557523692557e-01,-5.014523643573761902e+00,3.370403765813050789e+00
-2.324174485969301429e+00,2.243364201864718410e+00,-5.862248297116179785e+00,-3.379027748524676689e+00,5.160371967820347017e+00,8.516091235456393349e-01
-2.245274688123819473e+00,9.480625940187339395e-01,-2.131801860378759184e+00,3.392741313260846603e+00,-9.698769455416358931e-02,-1.105769773878556794e+00
2.449335199850636080e+00,1.332594280946897136e+00,-2.281327088868382091e+00,-2.607199467623018130e+00,5.015957952970604872e+00,-2.464177724127281977e+00
-9.442142721061022037e-01,-3.005787451474962069e+00,-5.660858757897096361e+00,-3.219743037384716899e+00,2.387107799928940288e+00,-1.950506214517346848e-01
-8.327540241238629015e-01,1.183406181612153496e+00,-1.341133522294572167e+00,2.603803400875086993e+00,2.128643375297388118e+00,-2.748583262379192149e+00
-3.211547568137014252e+00,-7.702091314202719197e-01,-2.544178735059959173e+00,-3.484441586406600067e+00,4.808555911420899776e-01,2.276385519417967629e+00
9.391415384031995828e-01,1.139614428241917388e+00,-3.267438505875444044e+00,-2.048550063920777209e+00,3.966694705113503083e+00,-2.613020671432885411e+00
2.129248397115913072e+00,-3.352991894879498780e+00,-2.411458322622992867e+00,-2.719113892199452653e+00,5.485952819741135578e+00,-3.942634971485956541e-01
2.781190283487030790e+00,-8.953982186240230234e-01,2.460201124897032798e+00,2.720396846401768265e+00,-1.022215187821080562e+00,6.249634670495565203e-01
-2.136655622298703427e+00,-2.150210557644657960e+00,-1.776566470653386354e+00,2.216891403283357320e+00,-2.643777944648534106e+00,1.548440287271090732e+00
2.501396522826772717e+00,1.930000595032191235e+00,3.390645517755973337e+00,-3.203076803856207633e+00,1.378939263973398388e+00,2.796358365927763323e+00
-2.262893060884923813e+00,3.274832796633039500e+00,-6.548045886047356490e+00,-2.604641298114050763e+00,6.957577288557771134e+00,-2.742747417977043689e+00
-8.853523094475743704e-01,3.368257500927068548e+00,-2.549969113490555550e+00,2.668411510448095214e+00,2.433818173413386798e+00,-3.049992723540588813e+00
-8.240486726006350793e-01,8.783474785832297016e-01,-3.700185212209108787e+00,-9.033511044706266091e-02,1.043231201488547200e+00,1.278339113291917073e+00
4.945151541086612035e-01,-2.142246932118389680e+00,1.116070916656885625e+00,-9.297894880293284814e-01,-2.969361546041468181e+00,2.494056613041665038e+00
7.795701578827918254e-02,6.615979796741617847e-01,-1.540285886363361501e+00,-2.436631907847701228e+00,2.030810325102406111e+00,1.782570851286261693e+00
2.035411611995634473e-01,-2.579748249837067409e+00,-3.382991198971533331e-01,2.474412323911099776e+00,-1.756088813051137620e-02,-2.451305511449762164e+00
1.624188930768011296e-01,1.448958313030057177e+00,-2.171031930755370709e+00,-2.066855861175538323e-01,1.875153216770392817e+00,-9.744420103021154134e-01
3.023142903151046390e+00,3.246387116322802413e+00,-2.130036492449856045e+00,-1.395372178961409304e-01,3.916772482535852973e+00,-9.255119063510091060e-01
-1.773968461951399789e+00,-1.101230284735431830e+00,-1.471835043069040783e+00,-1.054828976612777858e+00,-1.365641621838609598e+00,3.479672088754766079e+00
-2.041878642978943503e+00,-3.789850327292354493e-01,-2.299409748841705792e+00,3.293421205430250076e+00,-6.573348383644166404e-01,-1.562728188993457668e+00
2.212212730633128288e+00,-1.113075455015528625e-01,-1.334086213896636064e+00,-1.826343213373183616e+00,3.256904538670520655e+00,1.215152144713997906e-01
-1.372931036992516951e+00,-3.699793104466277960e-01,-3.979837988541099936e+00,1.799700684882221680e+00,4.765210063142217845e-01,-2.408083366308495954e+00
1.227746736390095350e+00,2.133282924678260528e+00,3.728476000110237276e+00,-2.804772410649045256e+00,1.202497744102099642e+00,3.447756770945183291e+00
2.965606337709382423e+00,1.569271591498971219e+00,9.359999425401821505e-02,1.667484219755616337e+00,1.724067375732403651e+00,-4.512071355770976844e-01
-3.010214062126173484e+00,-1.016540299792171531e+00,-6.669184067130662363e+00,-2.427138722803621196e+00,2.880366541294171689e+00,-1.974281537549634979e+00
1.972386098217482342e+00,1.931285009267158514e-01,4.446700256401486806e-01,-2.461034979903885311e+00,3.476194265572579045e+00,1.800948680395350721e+00
-3.254279076863408893e+00,2.223837404166332021e+00,-6.021061358212618231e+00,-1.066767737021719231e+00,4.044035678609585460e+00,3.312281079411385498e-01
6.355763847622775131e-02,4.921314285300879554e-01,-4.591159354035478923e-01,2.270511580299537258e+00,1.340587692078484272e+00,-2.419868754653373699e-01
-4.284582860277534877e-01,1.906571957285187580e+00,-4.026956677442187882e+00,1.325934758678331882e+00,2.525947479392472772e+00,-7.566768942567829725e-01
1.333652480396953166e+00,-2.139311579179686174e+00,-2.286583521580765943e+00,-3.091342300293526968e+00,2.771933749298356453e+00,8.985726076737670098e-01
1.954726404755978031e+00,-2.281080890735673439e+00,-4.170879739986863566e-01,1.624273971260530303e+00,-5.723329447966474248e-02,-1.594026214763229587e+00
-3.169396089960619278e+00,-1.233224061829094609e-01,-5.919589800959002446e+00,-1.136914337189395052e+00,2.500314100721102939e+00,4.824454838590277461e-01
-2.978071591806910057e+00,2.762588499815791465e+00,-6.635772523902148556e+00,-1.431977955621934306e+00,5.261231826129471045e+00,-3.118271456535207875e+00
7.339117723177013275e-01,6.142744716855821352e-01,-2.594887297275970450e+00,-2.588692918226126682e+00,4.881614008070119581e+00,-2.356954023559937106e+00
1.486450018712570653e+00,-2.817902269087694034e+00,-2.629846267733468856e-01,-2.672397386193665625e+00,1.556473905987300288e+00,1.222513208587465705e+00
-2.444578162798610066e+00,-1.186944753959990440e+00,-2.451299245295124329e-02,3.252880081346539498e+00,-1.771214488441431145e+00,1.106953811236442320e+00
8.033450215055024657e-01,3.320560953066280518e+00,-1.967750948942014633e+00,-2.854051430733133721e+00,6.542360662438742480e+00,7.217412061521502054e-01
-2.444043083887756485e+00,-1.646395609261067650e+00,1.471765161284104506e+00,2.200529748893012894e+00,-4.881317066847417507e+00,2.730182768049979281e+00
-2.678744652500539836e-01,2.793636682518928716e+00,4.725227027101839283e-01,3.482511079916835506e+00,2.507633852506517158e+00,-2.011843778560677976e-01
3.361842951930813506e+00,1.567183186756069269e+00,-9.503581199795505530e-01,-1.354651619602553314e+00,2.906546238288620465e+00,1.387787931175045841e+00
2.404634104647648485e+00,-3.434923117487120425e+00,6.189876290787150737e+00,3.287434985022901657e+00,-4.073304152144969770e+00,1.910382078083920021e+00
1.343403484870417941e+00,-2.990849577643008850e+00,4.128322608509007452e+00,-1.727190509783269157e+00,-1.875906925397693215e+00,3.003193927552024078e+00
-2.604075052062340134e-01,2.003829942875340109e+00,-4.755595765395748131e+00,-6.425339655273871742e-01,7.297925878145139933e+00,-7.038868099644357557e-01
2.917415343962093566e+00,2.125616454882341522e+00,1.692682596766132974e+00,3.359859255122014332e+00,1.795570029556953884e+00,-2.334538317114953188e+00
1.627972411157933230e+00,6.312517489651341407e-01,1.834389627345396789e+00,-2.323714699176549381e+00,2.728684706703639051e+00,2.064766270427178974e+00
-3.485296493750118074e+00,2.410839572442609935e+00,-2.143981520992003009e+00,3.381905559765056246e+00,2.843398380738113573e+00,-6.620707732462340900e-01
1.210504749836857741e+00,5.092605946621020507e-02,1.792828820040790472e+00,-3.174306492343180075e+00,6.260547871813605392e-01,2.202603999956421532e+00
5.512222843259992899e-01,2.946918467149263421e+00,-2.573601420533926376e+00,-2.485394278533977097e+00,6.890573369546157068e+00,2.263146661639714452e-02
-1.469613208245568181e-01,5.735357424679730087e-01,-4.034270237955050575e+00,-6.231903200318704705e-01,2.605966145637023335e+00,5.305379179333131745e-01
-4.471660374389321291e-01,-6.670683197895841410e-01,-1.308428144797560755e+00,2.817024533183459134e+00,-5.525444001536683469e-01,-3.219606012658200456e-01
-9.568338121497728110e-01,-3.428951657977732381e+00,-2.163828070958648819e+00,2.798080573190977027e+00,-1.702787656306055997e+00,-1.026888493002688474e+00
-1.510997094729373824e+00,3.953863619291189124e-01,-2.027278677860568923e+00,-2.338836987137440371e+00,6.660452599225374914e-02,2.249775634969291005e+00
1.904178503712191883e+00,-2.172578648643381793e+00,-5.348018673421202074e-01,-1.077076448889465965e+00,-3.224687097533622815e-01,1.556265408064715139e+00
1.510731149354461067e+00,-1.564823461898789958e-02,5.171321498683592921e+00,2.186036418987309382e+00,-4.386240287894232814e+00,2.899655451507758386e+00
-2.360183596773277159e+00,-6.901758822100312329e-02,-3.441961177225456137e+00,2.235770330648577442e+00,4.243899495754488438e-01,-3.087734323901204725e+00
1.824954410959215068e+00,-1.777359817142313503e+00,-1.849588575743025487e+00,-2.471799215297758145e+00,1.834325456923337594e+00,6.668507770729714679e-02
2.000797180465132108e+00,-1.770362096959834375e+00,3.344010476752639516e+00,1.903268341308125500e+00,-4.326746967878270844e+00,2.288094995323400660e+00
1.670246178081644217e+00,-1.385314327964557002e+00,2.183504948126853140e+00,-4.408542388587006755e-01,-2.520487788011304353e+00,2.266820699392511074e+00
-1.898389244759805639e+00,1.183898564062440428e+00,-1.840223893607752625e+00,3.351822616225672569e+00,5.301713316177363300e-01,-2.703941805692300804e+00
-1.188519630573218411e+00,3.400551160463021638e+00,-3.253446116572562108e+00,2.097418290041616729e+00,2.928704598445897034e+00,-3.131134075515753512e+00
-1.567074454013295703e+00,-4.821839219316559344e-01,-6.186412807622763133e+00,-1.463574665840343236e+00,2.222856947260059002e+00,-3.336236555517376523e+00
2.783188855825065033e+00,1.525371436550968518e+00,-2.470211373902837959e+00,-1.924537190200036108e+00,5.479465259442685365e+00,-1.976042431814089451e+00
2.975858148354972421e+00,2.487842889904750443e+00,-2.153558148620785317e+00,-3.373131074254880790e+00,7.616445482529417887e+00,-2.743660157895371210e+00
8.300289566033827171e-01,2.677158810965472924e+00,9.514437288900552403e-01,1.327684608828891832e+00,4.582176809399358675e-01,1.432428282460644908e+00
-2.524874914352245092e+00,1.891855529703576622e+00,-1.530905886414792416e+00,3.046901340827996130e+00,2.752041338381577606e+00,-1.096144262240619227e-01
-2.537296472083939491e+00,-6.574217421423105279e-01,-6.315507461412732226e+00,-2.728849152084022567e+00,3.886250738971384067e+00,-4.843213480484021005e-02
-9.389240603724795520e-01,8.114746621329906873e-01,-2.804409665184092404e+00,-9.648041497484456386e-01,2.490448709258482385e+00,1.735496730461718151e+00
-2.691713235829781059e+00,-2.019195658423100781e-02,-6.475784932743845701e+00,-8.763858069263794626e-01,2.894040967197462511e+00,-2.269815947233597253e+00
8.282875324716165721e-02,-1.851643019651423527e+00,1.734076904198076918e-01,-2.640435601672050492e+00,-9.960505094329230591e-01,2.846006359976586353e+00
-1.684506869539502460e+00,2.956278630618013104e+00,-1.455118809090066412e+00,2.829046471614384828e+00,1.573003637454781334e+00,-4.345723230328557563e-01
-2.726654754464472141e+00,2.201849826108430719e-01,-1.946246265034672795e+00,-6.158753170891859696e-01,-2.321474321039267874e+00,2.676623162557035585e+00
-2.183201628499314317e+00,-3.319529910811927831e+00,1.629482251530935955e-01,2.666145504956428880e+00,-2.232274354156797980e+00,1.548090848583585810e+00
-1.232285836529287693e+00,2.245679510860498773e+00,-5.017172376517862631e+00,-1.107863004211280256e-01,2.930230485105966842e+00,2.897091331934689151e-01
1.158774002932442038e+00,2.727935341668318081e+00,1.218309342492172487e+00,2.009520347216098735e+00,2.959336766871102142e+00,-3.510363087693981754e-01
-1.316285795994510899e+00,-1.291220275927482675e-01,-1.188712430249639462e+00,2.490146544975597287e+00,-1.271051069418244861e+00,1.394695631794819590e+00
1.676412823037747302e-01,2.460174676424111695e+00,-6.842683456023146427e-01,-1.238466388829351228e+00,4.153461211823117338e+00,1.617438284209439026e+00
-1.163621078897861594e+00,-3.262146583253302534e+00,-6.222168296897788053e+00,-2.350291824511987926e+00,3.502167978680008176e+00,-2.796895559940659304e+00
-2.881655947198614509e+00,-3.536784208196634971e-01,-2.507739641552395149e+00,-1.641677524939197941e+00,-8.980722693109406407e-01,2.471106941451942873e+00
-2.881999716315211568e+00,-1.066558152113139535e+00,2.683884778472198640e+00,3.460144916828226336e+00,-3.391956522243803729e+00,2.042115982811618657e+00
-1.733949874403297287e+00,-2.113506830861449526e+00,-5.894239236251432423e+00,-6.713059791342042004e-01,7.712985604120806693e-01,-1.299078186726742690e+00
-1.972187384075113625e+00,2.383011900574651065e+00,-6.426705903665098418e+00,-2.373404223998293983e+00,7.903323422226062434e+00,-1.769333294039342253e+00
-3.061175674190765861e+00,-1.828312366283998180e+00,-5.851228265335365109e+00,1.037678927195640810e+00,-7.081739614688725704e-01,-2.424375776476582089e+00
1.944439493054872514e+00,2.406514433101756723e+00,-2.507687748168912378e+00,-7.830249570947627191e-01,4.746979299663468765e+00,-6.902364695790081939e-01
-2.707507988141166777e-02,2.361110158919040636e+00,-5.808100481703613038e-01,2.702500065804267493e+00,1.528892578440364192e+00,-1.052714803691114920e+00
-1.580245653817812457e+00,-1.613226633267415444e+00,-4.949103886480474834e+00,5.265268561889682175e-01,-1.499031338183862694e+00,6.023662227617201381e-01
2.168833134072425395e+00,-1.077727214612496542e+00,-1.690132459943295418e+00,-1.518340304959939768e+00,2.621483563389959137e+00,-2.344132329265891101e+00
-1.136267161019112848e+00,2.895014353260600970e+00,-4.686926752377116756e+00,9.964234849146755835e-01,2.388658536466165216e+00,5.086706644393252930e-01
-2.130727258597375773e+00,-6.358368845706507955e-01,-5.785352075860405563e+00,-1.643665216148785024e+00,2.673227935057903348e+00,5.956624249835629215e-01
-1.106210326985850756e+00,1.961615111297925651e+00,-1.301804181708271280e+00,3.494759804648620793e+00,2.094842052420574419e+00,-3.377775765322509560e+00
1.209388918308722971e+00,-2.391223735108174431e+00,-2.079119764455121810e+00,8.477747091431808713e-01,-1.091393383384640980e+00,-1.519337693020855973e+00
-1.518198895136098736e+00,-2.597084628554489072e+00,-3.229462556366456294e+00,2.102398727256477251e+00,-9.081717949406115098e-01,-1.991376517189805462e+00
-1.640410378008354320e+00,-6.886632497202915815e-01,-5.361563916426707266e+00,-4.941732796792193128e-01,-7.265918239334751005e-02,6.958363412025692085e-02
2.667988214468437036e+00,7.717397155956717825e-02,2.101484303046389890e+00,2.135790139675624921e+00,-1.741213172589689551e+00,1.585020442393482831e+00
2.739095047848842945e-01,1.688949696084151242e+00,4.655336247426402618e-01,-3.422905247485250158e+00,2.929463059120951396e+00,2.469604258678135267e+00
1.706355944953094728e+00,8.895363866069416758e-01,-1.389657627940448226e+00,-8.761747601581615363e-01,2.781550633426816077e+00,9.094912518050932704e-01
2.784659552397351412e+00,1.248140637637066064e+00,-2.048318396032744459e-01,1.856581601595401310e+00,2.014509134124584211e+00,-2.619436278707183874e+00
-1.582272355376362682e+00,-3.436169776131618558e+00,-5.250236750762167226e+00,1.037005614857410052e+00,-1.211092702973212587e+00,-2.461913592385667648e+00
2.340486412831968011e-01,-2.299268183552182432e+00,1.712079020898580883e-01,-2.369876987814580449e+00,-1.093487293040241948e+00,2.502642583605107163e+00
-2.567645906429189662e+00,1.651870015606553110e+00,-6.502868657288923160e+00,-1.544168353938286220e+00,4.358029269482278423e+00,-1.783020934852338923e+00
3.232986335421306201e+00,-2.088260888375569557e+00,2.103907933620477344e+00,-2.682074203045266003e-01,-3.057840982694399745e+00,2.221541811962977953e+00
2.187191493016489297e+00,2.987243158348187322e+00,-1.366647526826109127e-01,1.352683151030488418e+00,1.758735684448872849e+00,7.656718323349185340e-01
1.059862988002013395e+00,4.662845476206194384e-01,-1.105371306112308050e+00,-1.428576396784926317e-01,-1.476575159886236999e-02,6.443645075630053398e-01
-2.084197845960235718e+00,2.736576366980744801e+00,-8.001812576338074301e-01,5.316737360653283062e-01,-1.570193756808683450e+00,2.706782848069794412e+00
3.295759620357809005e+00,-1.775008515672226839e+00,5.191923352309146367e+00,9.323722042650546271e-01,-4.943194882961569725e+00,3.165237777732035518e+00
-3.251247731995680734e+00,-1.541468861623553677e+00,-6.385939843927123327e+00,-1.960294176913036424e+00,2.152744274646537281e+00,-2.387059501100092795e-01
-5.373604159988305540e-01,-2.513241231087781635e+00,-1.509420903327962638e+00,-3.078642590618756447e+00,-4.569577717915452864e-01,2.124358215650190118e+00
3.110899698769912902e+00,1.235680423789747628e+00,4.268969145261968912e+00,-1.849890543518779573e-01,-1.827265482926463402e+00,2.288670637025193244e+00
-1.265531779015511837e+00,1.899308058055467541e+00,-6.056894340512451791e+00,-1.334622250533918475e+00,3.886896321437811164e+00,-3.231854934100053534e+00
1.938400079551374056e+00,-1.386705115723642301e+00,-2.101635672964392576e+00,2.743470697392598190e-01,-5.278881322289374900e-02,-1.426176948312507520e-01
3.325641200069085812e+00,1.880735480328641351e+00,-1.750325169212783250e+00,-6.207763293999821741e-01,3.062048587989847359e+00,5.191009605413867689e-01
1.413542133750915752e+00,1.233705313437019946e+00,6.857463336387481512e-02,1.485227691928155735e+00,-1.723557986276540444e-01,1.367874932196722959e+00
-1.382296488538687917e+00,1.948767222559697032e+00,2.912020487644066957e-01,3.322658966523797552e+00,4.980210068415224511e-01,9.255914834923446577e-01
3.280647332903330771e+00,-2.421969940145271671e+00,-1.303276796959805583e+00,-1.237597777664964482e+00,1.014521224011435407e+00,-2.846944804428375164e-02
-7.300076491494813524e-01,-1.604583672979069675e-01,-2.058033754108445024e+00,-7.147684601651675962e-01,-1.143620534005800327e-01,1.909838466218388930e+00
3.159163443348693256e+00,1.262319229566662315e+00,-1.649938348081396056e+00,-5.675137403181551576e-01,2.054629352558665190e+00,-3.631885657890445707e-01
-2.594157736178596796e+00,2.150700027399055081e+00,-4.273308543976589213e+00,1.910409982623549219e+00,1.506216048293625098e+00,-5.337875338691864258e-01
3.059449193869042460e+00,-1.863323371292948671e+00,-1.548230614448923292e+00,-1.476006832597533958e-01,6.776054818271242119e-01,3.785843442862426578e-01
1.799756215376760338e+00,-1.870108244236492023e+00,-1.702857808237709270e+00,4.246255556941633813e-01,-4.196087528186608351e-01,-1.408466703669247089e+00
-3.177165028771625099e+00,8.165008033826364198e-01,-6.284311636801819034e+00,-3.224186829595887538e+00,5.158847370640530450e+00,4.234315252673570562e-01
1.140105013903682796e+00,-5.977275716665646499e-01,-2.758142734807352614e+00,-2.756154813579885232e+00,3.336137480051687643e+00,-3.201405167271191399e+00
-1.914001395973266906e+00,3.493662158693406461e+00,-6.436022023487636190e+00,-2.192292085246982936e+00,8.766225487977076014e+00,-2.088224738336280417e+00
1.361544489891906018e-01,-3.435504462946429527e+00,-3.713675339229402184e+00,-2.847345796088307068e+00,3.706221932751219583e+00,-5.650414625893995790e-02
7.472707551374790924e-02,-2.345881985533823766e+00,-7.001015598780992999e-01,2.294659066408155645e+00,-4.347795040460973315e-01,4.393329110658239500e-01
-2.747206506553830252e+00,2.373389145985019155e+00,-6.293762200807590190e+00,-1.237313645247817728e+00,4.302416055318980526e+00,-8.417618995097790879e-01
2.205443976253515181e+00,1.347722583016310871e+00,6.653312680618295616e+00,1.887080507790262374e+00,-2.365475967425986870e+00,2.815759906403575208e+00
3.237171119576201406e+00,-8.265936373426985284e-01,-2.144919424954176534e+00,-1.587893202346068344e+00,1.830875192564764387e+00,3.518559606346514101e-01
6.221767509970570487e-01,-6.416887078840933789e-01,-3.444768341702737491e-01,9.896147704509505871e-01,-1.317627746576039982e+00,1.343651532546774163e+00
-6.702356453469242581e-01,3.037738190062113652e-01,-5.439730055487451033e+00,-2.210829270687920456e+00,7.242769508140874279e+00,-3.118127276020343785e-02
1.091138946668825938e+00,-3.086987034173322098e+00,-1.607424880215640783e+00,-1.738754806294146249e+00,5.117582477024043008e-01,1.337835551626398001e+00
-7.298093845473272445e-01,3.238472627027618067e+00,-3.140831770921121535e+00,4.109960350633974357e-01,9.449617087555048922e-01,1.585075649135530895e+00
6.665334840791459214e-01,2.964315232396907973e-01,-2.787061985584089019e+00,-3.366010020313909834e-01,1.981439375587889407e+00,-5.077204386448603834e-01
-4.712879072589575280e-01,1.251170174049055284e+00,-5.359482661704733530e+00,-1.095775539224438599e+00,4.498575516999948398e+00,-2.874501823070163109e+00
-2.429912027765980476e+00,-8.536271186205146577e-01,-1.059547404372538582e+00,3.419149050778654164e+00,-1.018768757994594765e+00,1.623279063183096227e-01
2.481469649731866234e+00,-3.475224084031582450e+00,3.871434068184724353e+00,-1.530938858801879965e+00,-1.014534745193860665e+00,2.112341276025079040e+00
-9.846615073425093456e-01,-2.222500055149864373e+00,-4.565296564842088678e+00,-2.960899406853571669e+00,3.949918266751709872e+00,9.717309236801368044e-01
-2.783826291946043696e+00,3.819735677324112011e-01,-6.090555449663878740e+00,4.350032992530143972e-01,6.700612457187854476e-02,-2.174769823611355068e+00
-3.239251275377219130e+00,1.408645185423796242e+00,-9.848604923945487588e-01,-3.177787684670372759e+00,1.714192056589795898e+00,2.693913021309297662e+00
-3.084735773842330886e-01,2.368901095612649499e+00,-2.807898188689466945e+00,1.905945404405505528e+00,1.957884909338731383e+00,-7.903876596481103078e-01
-2.602961257653884086e+00,-3.408457428808381096e+00,-3.216911262672589311e-02,1.738542520401547442e+00,-5.390187985256577718e+00,3.271365239890621446e+00
1.426145224627777708e+00,-1.520271144759219872e+00,4.595936435542212095e+00,2.200956708018462216e+00,-4.208320721246193052e+00,2.192637678864700845e+00
-3.056225819450015369e+00,3.406585767306740564e+00,2.098981154970855911e+00,3.021661995587794358e+00,-1.687359878870215768e+00,2.610489266221160065e+00
-3.478783525234431906e+00,-2.419126622747116429e+00,1.931126441725710130e+00,3.159799645832942261e+00,-5.468573333652106960e+00,3.225738533418268439e+00
-2.875953975121338324e+00,-2.043621249077528290e+00,-5.703186321158131733e+00,-1.910889642310430681e+00,2.609333674562649641e+00,7.555265162251689759e-01
2.141035959677070721e+00,1.021034130718912358e+00,3.926854545049143219e+00,1.878526935759430749e+00,-3.051655810435236926e+00,2.599762769560182818e+00
1.408333111018942319e+00,3.225428280311609441e+00,5.115086688633373235e+00,2.395604096985874953e+00,-4.570288055554979634e-01,1.912002339626091008e+00
2.520351410010627902e+00,-3.012757095761992687e+00,-2.399813283688779997e+00,-1.151353506239213509e+00,2.258640903273959388e+00,-2.831741389079832860e+00
2.111527890745660940e+00,8.484918732253898810e-01,3.308854667376772696e+00,7.557724963862186840e-01,-3.348411443952298505e+00,3.243444216802840785e+00
-1.899516301526796180e+00,-2.936062704918199096e+00,-6.583825268552007337e+00,-3.232417741008668965e+00,4.146664237424472432e+00,-3.171963693780819771e+00
6.086045167389775301e-02,2.787626314374967329e+00,-3.950465251576102066e+00,-2.457160365989957462e+00,9.159814902647855916e+00,-2.451302651552913936e+00
2.839886549370342905e-01,-3.182778998619809396e+00,1.114028784727329358e+00,3.157052457126682476e+00,-1.424303189056434826e+00,-2.898256544486204067e+00
-1.444053697549488202e+00,4.997165764036060054e-02,-1.670168346376958768e+00,-4.784824182040949836e-01,-1.755087966947988631e+00,1.917025258202249560e+00
-9.154939753798054802e-01,1.725887714593478783e+00,-4.871366890216954459e+00,-9.615473983798468183e-01,2.607434673015368798e+00,8.345324322382170479e-01
-1.608152088903504140e+00,3.184004457109356423e+00,-4.135668099851188551e+00,-1.487168761280619922e+00,5.183886217802081475e+00,1.551816965029060746e+00
-2.846806270321994958e+00,3.410455011033411310e+00,-6.018999014093877165e+00,1.149235077913104419e-01,3.503592021611932950e+00,-2.265045144077487915e+00
1.771924302937044615e+00,3.007687573754726174e+00,2.171541848031953492e+00,-4.687515588434898461e-01,-1.573752081494728117e-01,3.233757683868655697e+00
1.613714885380845843e+00,-1.421290913689450708e+00,-2.684948283799594826e+00,-1.335421627882635853e+00,3.585665467254609329e+00,-1.714430404665993057e+00
-3.474622021548758877e+00,-1.339615515609567709e+00,-1.022856316034929103e+00,-2.622098606941134058e+00,-1.186691507676150392e+00,3.049037259914192610e+00
-1.822594031764671829e+00,8.189335173925043065e-01,-5.865080153758108317e+00,-1.953437941968608538e+00,3.073066734127694044e+00,2.660599499401676837e-01
-1.611978624457252707e+00,-1.551779368440917128e+00,-4.614124380325623775e+00,6.371797386900484028e-01,-8.184237561993130683e-01,1.180549454284337330e+00
2.041590211288783152e+00,-4.848836026868421634e-01,8.686810807761939923e-01,-5.656905627072266185e-01,-8.569429201482976488e-01,1.476789097830923048e+00
5.204001628271370805e-02,-1.913083990120456157e+00,-2.572534191449162844e-01,3.374146123300689304e+00,-1.343269656291306680e+00,-2.641749483955266875e+00
-2.401940957029733426e-01,3.277449904754534238e+00,-6.721201613473574143e-01,2.884399078439789932e+00,1.984425277826163292e+00,-1.095237725029462261e+00
-1.659803961649697568e+00,4.355260560603997355e-01,-5.078035290605920515e+00,-4.427937346090216053e-02,-7.151521187467146934e-03,8.530395748825414515e-01
7.220614909811100546e-01,2.527465938831872094e+00,2.740589172582707178e+00,3.245466692749227278e+00,1.100007668286000051e+00,1.253672732019884606e+00
2.632522184367894980e+00,-1.486284702459637952e+00,1.839561737737216429e+00,-2.711730751368782499e+00,2.852217703883907163e+00,1.627071412233347836e+00
3.453049784456358573e+00,-2.195774292364909730e+00,1.289836769869078803e-01,1.761667936826249559e+00,-1.567894708751073285e+00,1.039728166548427701e+00
-3.311658081548672250e+00,-2.393713799583547353e+00,-1.290411660806475957e+00,-9.047451841325493405e-02,-4.572692218672615994e+00,3.449296353423395800e+00
1.725461188182619843e-01,-2.022682825341943769e+00,5.547250422770449996e-02,2.725802812109726858e+00,-1.365571582149705643e+00,6.598221648782676141e-02
-3.195016598502777416e+00,-1.068853757374478963e+00,-5.699765949183293046e+00,1.178376076664420680e+00,1.353442653298460474e+00,-3.436462027408824671e+00
2.405645948313444471e+00,-1.274189296776290448e+00,2.661048890724852178e+00,-7.821838847101680869e-01,-2.920384074106493255e+00,2.422839443361486822e+00
9.681742657944347741e-01,-2.905218504187405237e+00,2.384642091944103370e+00,1.341461338920018065e-01,-4.897653231809644403e+00,3.405208367030424732e+00
-7.283216716707259231e-01,1.805598243501406408e+00,-4.983926703593235530e+00,-2.319281322108506238e-01,2.153446813121060455e+00,-1.891127101615243333e+00
-1.351323675215525100e+00,5.274482992240203671e-02,-4.802923296003676512e+00,8.900833131504901630e-01,-7.980039329072999843e-01,3.199592576054239856e-01
-3.070589738955826320e+00,-5.323668334918756351e-01,-1.777465643731417355e+00,-1.325011084993721777e+00,-1.178081815071618355e+00,2.734648523259219921e+00
2.775818845818709413e+00,-1.503284672407527056e+00,-2.094688784580778229e+00,-2.786826748455114355e+00,3.714023276664627282e+00,3.533460309579403713e-01
2.874787479078337427e+00,-2.283145895965458028e+00,9.724172633962303580e-01,2.306221913373032173e+00,-1.376033650760857707e+00,-2.261028568627619695e+00
3.156613672822021321e+00,-2.729663935714110590e+00,3.250987818519030625e+00,-4.171903134644239231e-02,-4.071989731041163907e+00,2.622627358998705915e+00
2.937964928959747368e+00,1.402743015811141802e+00,2.135730670392726793e+00,2.483752305382425085e+00,1.076518477538666918e+00,-3.042964260256235676e+00
-3.277376235123452553e+00,-2.141743773542700069e+00,-5.630736687757652348e+00,-8.157953837801539265e-01,-3.479996043692609176e-01,8.928867846674899411e-01
2.633004497038228031e+00,-1.246519394997591235e+00,2.523931545216431260e-01,1.034002118619348209e-02,-1.782798040978134546e+00,1.477676604775444602e+00
-3.204599692059861837e+00,2.502121008375717715e+00,-6.564210318957767853e+00,-1.402990293512608844e+00,4.445957041455892877e+00,-1.489227215376229374e+00
3.364404575152686760e+00,1.767928339888004352e+00,2.936115865847656714e+00,1.843492420441111612e+00,1.110219512790621144e-01,1.619340761584470378e+00
1.811939926998886286e+00,-1.750671074635151037e+00,-9.249729676751965446e-01,2.544051894690939619e-01,-1.267477173545348057e+00,6.382133875831428327e-01
2.762499519458344821e+00,-1.677230498767431577e+00,-2.295899605680490119e+00,-2.846772969491384586e-02,-2.079734630299646669e-01,-2.342708832684373466e+00
1.761499790512993435e+00,-3.641699999272773880e-03,-1.020619266864172037e+00,5.108380502280276403e-01,1.705043964479262764e+00,-4.588160988229397219e-01
2.843086622272572583e+00,-1.953134750311046997e+00,-1.463703274461694681e+00,1.033618414388549844e+00,-2.759011585276651690e-01,-1.875425082568558111e+00
1.686059910700246967e+00,3.397480851422163717e+00,-2.635646535346050090e+00,-1.742831326622507282e+00,8.038141946406405225e+00,-1.642549416828366526e+00
2.835538644024026667e+00,-2.899551583151192879e+00,-2.041951181335746934e+00,-2.034666392224201648e+00,2.290016543003173588e+00,4.722197438877038245e-01
-3.305050088674576614e+00,2.706570998334274059e+00,-5.726999394367309648e+00,-5.966891107947698281e-01,3.426067501737785292e+00,8.360555257707122934e-01
1.260782805132731887e+00,2.345174185902085817e-01,-2.306958017879596756e+00,-3.320070845091283473e+00,5.167601138211495027e+00,4.370069266708211941e-01
2.424346393439470226e+00,-3.039360556189604434e+00,-2.597640547357336960e+00,-1.371002419422821195e+00,2.379458501732401920e+00,-1.973702524700267080e+00
2.712384338259404615e+00,5.143032416741419866e-01,-1.852745359344366793e+00,-7.957989331726662563e-01,1.585838041047840541e+00,-2.856586488877959518e+00
-3.207362295102904604e+00,-1.932133756685940895e-01,-6.080887206656528043e+00,-1.074692462409867488e+00,2.565967386779135495e+00,1.603538041789036583e-01
-1.521016412890467961e-01,-6.212691339436586802e-01,3.430290122947101672e+00,3.161884150050826570e+00,-4.600019109875411516e+00,2.768351712093353179e+00
5.798132243564486643e-01,-2.615143521812175464e+00,-2.462928873618352554e+00,1.025871782445571867e+00,-5.504412682015451530e-01,-1.803188775336746374e+00
-1.943673382950518391e+00,2.814272920620625840e+00,-1.700385069730625753e+00,9.786056844416393119e-01,-7.445847533962686171e-01,2.371652229473438567e+00
-4.782941433903529216e-01,2.044707131252422094e+00,5.047609837131322053e+00,3.146392125447152743e+00,-2.498327482412022515e+00,3.351038781865815608e+00
2.359126950558720459e+00,-3.155391785558528284e+00,-2.273050914134339351e+00,-1.858077151818736006e+00,1.679786350304198317e+00,-1.757784688640976256e+00
3.351723414511069699e+00,-2.425584629630819222e+00,7.489688636102644459e+00,3.289196868687561448e+00,-5.093229186493837268e+00,2.717075339187199567e+00
1.181384398127367064e+00,-1.225340117632970571e+00,-3.328380573978728663e+00,-3.037084103023758086e+00,5.877101316818906795e+00,-2.355843017812623952e+00
2.927409947928885536e+00,-2.191747362369503627e+00,2.200036816316051969e+00,8.667525112373217766e-01,-3.559879123166409975e+00,2.226043423025373613e+00
-2.481182461176807408e+00,2.975842923390052519e+00,-2.058565125815174479e+00,3.637566212064093918e-01,-7.556141078264977384e-01,2.147669067555084688e+00
-3.401133572653494141e-01,1.134188380239804061e+00,-3.727656286692845100e+00,9.615248928431245901e-01,1.266977156442896213e+00,-2.744062991333227508e+00
-2.886457533368089301e+00,7.599059872846369856e-02,-4.448086798095993721e-01,1.415966828885752093e+00,-4.192401207708165600e+00,3.209154840255955321e+00
-2.219740640776680429e+00,3.205520531882571689e+00,-3.697717885950478678e+00,6.970415314131086504e-01,7.709174203532479508e-01,1.408359548229567437e+00
2.661798680749702939e-01,9.616295761128910158e-01,5.370018243943444070e-01,-2.623676793434450705e+00,1.507197713763059443e+00,2.153399774868702821e+00
1.248752613235988740e+00,-3.273159023641146526e+00,4.057187386774130378e-02,9.280282951098373090e-01,-2.002647627005008868e+00,1.453471766720632274e+00
-1.599762416949615407e+00,-2.009401965057326489e+00,-2.048514652517974266e+00,2.852635337635626378e+00,-6.264168227870264838e-01,-2.153528176739957445e+00
9.828566181332973883e-01,-6.146395576556256124e-01,-1.311489541202490727e-01,1.990095006459199567e+00,-9.100352523229588986e-01,-1.056630692569525021e+00
2.658775024107947083e+00,9.689041522078802871e-01,1.370844177064975966e+00,-2.635421939345595987e+00,1.449063863565201338e+00,2.307905788261085611e+00
1.774791462120999697e+00,-2.148015391956159981e+00,-2.547159976414612004e+00,-1.407773961254217276e-01,-7.379264137831175185e-01,-1.760839463081070200e+00
4.925569146714963153e-01,-1.742183859877131535e+00,6.134894177115877145e-01,2.219124295422439275e+00,-5.053030024384509433e-01,-1.422031273239818816e+00
1.443676889579754707e+00,-2.576027258442393553e+00,2.852406638761963986e+00,3.040949101551489342e+00,-2.456710407942136243e+00,1.174083840321393346e+00
-1.183225912464287433e+00,-1.698822830268628792e+00,-5.744947620337265803e+00,-1.079512867888015037e-01,4.360910079198681011e-01,-1.300577437110934653e+00
8.145030803066344305e-01,-3.065070744345860909e+00,4.563515369139412581e-01,-7.534619942017855010e-01,-2.051969757516208137e+00,2.131376059512570365e+00
1.346388445531345290e+00,-1.706850656683174927e+00,-8.762088866149077004e-01,-2.546351631838427831e+00,1.068206447546162563e+00,1.486044406291100017e+00
-3.182681997437025956e+00,2.472088530621300073e+00,-6.404696279047737306e+00,-7.637537002389813701e-01,4.489952654570375401e+00,-2.197917959689276834e+00
-3.243527352822384913e+00,3.477204311777641443e+00,-2.506448858163555560e+00,-1.596089310847260023e+00,3.465303755322871382e+00,2.144793735975128790e+00
-1.089276958738368162e+00,1.267708589090652538e+00,-4.135845142438144606e+00,5.041471293946875321e-01,3.417070619312022606e-01,1.254670614230272818e+00
2.172559873455353063e+00,2.048179191765870932e+00,-5.051912925613152305e-01,1.646867139674831115e+00,2.952659825057627252e+00,-3.872454303373418227e-01
-5.223831725822583039e-01,-1.149828600442352577e+00,-4.038143337315043269e+00,-4.990561111669471472e-01,-9.127573788839037361e-01,9.955535713204612946e-01
2.534651046492928828e+00,-2.010066269357042135e+00,-2.199980572555845892e+00,-1.920610424192458199e+00,2.676827867946748540e+00,-6.258019965162517906e-01
-1.447574619059073697e+00,2.892514274513656503e+00,-2.017364359702968457e+00,3.806007127525909972e-01,-7.153678752833799726e-01,2.050660429321188083e+00
-1.367697037218539524e+00,-1.531561059463029562e+00,1.231358951327450324e+00,1.939783925312529966e+00,-4.648899718009580795e+00,2.776643144350853909e+00
2.677863479962884874e+00,-5.514922653549829690e-01,-1.503413410443493303e+00,-2.898555741919101258e+00,3.820470016621328568e+00,-1.688951735688628553e-01
-8.461354069276625367e-01,2.647124892354467462e+00,-4.673892538111052986e+00,-2.275671816032465600e+00,7.358904394919635550e+00,8.587445664078909857e-01
5.028580006946103964e-02,-2.865377311245300707e+00,-3.302340502021672286e+00,-1.487227964859649365e+00,5.643661828867925223e-01,1.022847637950449418e+00
2.069248105088497880e+00,1.782582617352912457e-01,-2.612740045775917785e+00,-5.750466818866817320e-01,1.133577774315662534e+00,-3.148590296414037759e+00
-1.147852450086323195e+00,-3.121377359185085965e+00,3.633357339381877438e+00,2.277081503742925506e+00,-4.326697958370298913e+00,2.136954384846157851e+00
-3.465226206371092132e+00,1.187483177938650769e-01,-5.940926121034202367e+00,2.439505796883838507e-01,6.528735135748755525e-01,-1.338038998598189977e-02
5.964088941850036463e-01,1.920863030454468934e+00,3.311269296484347091e+00,1.549794889736184622e+00,-2.386461680109318362e+00,2.813794631022247472e+00
-1.052469111168114146e+00,-1.848764566559075062e+00,-5.981445720700803825e+00,-2.486591992026215614e+00,3.633916875446466133e+00,-2.218772138974603791e+00
-3.227082058376202767e-01,1.050400189834775233e+00,-1.244020068481026975e+00,2.647232521894187229e+00,1.755905059088589959e-01,-3.022367482611718614e-01
-1.452279505544422644e+00,-1.075656931531709048e+00,-6.352144240038370970e-01,-1.359823634821242688e+00,-2.145371319926205000e+00,3.332820721291168020e+00
1.088888874816958285e+00,3.895188733006991200e-01,2.881219534717873287e+00,-1.169435354923235693e+00,-1.165190885579222346e+00,3.161197134646420714e+00
-5.827044201549247404e-02,1.413680992719098306e+00,-4.244082197753612284e+00,-1.124160015486803221e+00,4.277112536168515611e+00,-1.910172751298966798e+00
2.217585287110686032e+00,2.152609016735742564e+00,-1.311747092801520687e+00,-1.884123240903177621e+00,5.682210659611187431e+00,5.993836558165996919e-01
-9.552029960053598501e-01,1.023113696373982862e-01,1.885449214416399233e-01,2.073995675560133201e+00,-2.215615035081968109e+00,1.817796595279998151e+00
-1.799402653994579993e+00,1.096315097317010157e+00,-5.897714414594677379e+00,-6.492134983902904111e-01,1.574104824394874313e+00,-1.261641119221645901e-01
2.201845004998013167e-01,-1.051341383028370657e+00,-2.802992579864904243e+00,1.400833105096363163e+00,-9.179220896076956127e-01,-2.216054294434785632e+00
1.874893996377863914e+00,2.962089756527662487e+00,5.351435475700232480e+00,3.425029252018788384e+00,-6.699946275078971780e-01,2.659249928343413671e+00
3.048023325409272566e+00,1.931847106548420179e+00,-1.179064635226240387e+00,1.104427681674713391e+00,3.147639423369985590e+00,-9.546479960871456782e-02
-1.662674090484729472e+00,3.269769579629947742e+00,-1.559910454661243229e+00,-1.797996427236551842e+00,1.049830305293359967e+00,3.391035106237557883e+00
-3.020410094227899744e+00,6.972689555567885833e-01,-6.152276484196128159e+00,-7.534318684807490563e-01,1.517797904893658512e+00,-1.943251590007912810e-01
-8.148320292759692052e-01,-2.942152958369605997e+00,-5.742829356965811982e+00,-1.532619718959513211e+00,1.659343737945776942e+00,-1.564615339619551015e+00
1.707389036654737069e+00,2.564625046625792493e+00,-1.778526080068029813e+00,-4.545449532811951521e-01,2.367062786690845577e+00,3.795237361494101513e-01
7.233848273463419076e-01,-3.247693880833707247e+00,-1.376530337711246554e+00,1.822672726512418073e+00,-1.205860441923976456e+00,-1.904097253875073559e+00
1.862038178688274037e+00,-2.994559590376995040e+00,-2.659328746940312183e+00,-3.124417305571665526e+00,4.719042180576114021e+00,-3.261723695897191355e+00
1.009527090255479820e-01,-2.483831817041059598e+00,-3.597889103143522282e-01,2.867023650727099415e+00,-1.096403688639376650e+00,-1.745608829672754769e+00
-1.166910164528550453e+00,-1.403918706565300933e+00,-6.081348344651551052e+00,-2.528567459038523424e+00,3.783477154849898660e+00,-2.327949331012075795e+00
8.520490895855852287e-01,1.153014717106748854e+00,-1.498080091906609290e+00,1.814589034371918430e-01,2.496290160861753371e+00,-6.317416373921300732e-01
1.751933835813051843e+00,1.545862562570041732e+00,-1.603264159544696810e+00,4.099165169686465049e-01,2.644760446649227603e+00,-9.692838423290242034e-01
9.200181926584773962e-01,5.040614854794762678e-01,2.216260872382455616e-01,2.388884051430137490e+00,-4.970291626060293622e-01,-2.556874325176217155e-01
-3.349235999995674451e+00,-7.732136088947969554e-01,-6.915228336004883403e+00,-3.497299544432992402e+00,2.762837939543075549e+00,-3.107669448493192821e+00
-1.195775686658250514e+00,-5.857860862011183833e-01,-6.087169954550735618e+00,-2.527349743418165762e+00,4.377461032036096711e+00,-1.392655147118165626e+00
-3.147502764780680806e-01,-2.546540196008430179e+00,4.730543312916609011e+00,2.646003563909701484e+00,-5.522939538852548402e+00,3.459630477787516867e+00
-1.121450548541005343e+00,2.727125399185281296e+00,-1.724195363574898998e+00,2.719401163570473123e+00,1.516369900343849331e+00,-2.182504072043457644e+00
-2.424809465067504721e+00,-8.142732290415946039e-01,-5.579233305057042180e+00,1.104880815955597839e+00,5.790949982461226497e-01,-2.376440241715825241e+00
1.229401437883459458e+00,-4.346384169114161367e-01,-1.362837362614145009e+00,-1.899183956202397106e-01,-3.775383605376947393e-02,7.309992220653569461e-01
-3.389362313010391592e+00,-8.526837204894852640e-01,1.390804315544358349e-01,3.118601498769901781e+00,-1.534866139554253550e+00,1.265286477621746286e+00
-1.222201190223097811e-01,2.567645270570472427e+00,-4.077425937973380599e+00,-4.463568798332557819e-01,4.870192280386613781e+00,6.105778938359174290e-02
-3.283598161716937192e+00,-1.080900881199344354e+00,-5.202236156619300722e+00,1.377382223505654757e+00,-1.362542782741870129e-01,-2.668849821499672093e+00
-1.357493008088550113e+00,-5.922110572195675715e-01,-5.495000096514793597e+00,-4.636911218118262568e-01,3.392330922527487247e-01,-1.790368344003408829e+00
3.232539399201636243e+00,-1.661955108544594051e+00,2.278474189397765137e+00,-1.061556494246180371e+00,-1.747011069249014392e+00,2.943240700431204004e+00
3.039690910553185077e+00,2.306901433667721157e+00,1.096251333055775490e-02,-1.409609497884990681e+00,3.867842108091274156e+00,7.804221693277799687e-01
-5.552879887200283804e-01,3.452471601657659761e+00,-4.458449211427991443e+00,-2.765639898592412216e+00,6.045542967520076694e+00,1.008729190862019287e+00
-2.648813545521317536e+00,-3.236948472759846318e-01,-1.308664410415383283e+00,2.647381576323756036e+00,-1.214888033009793089e+00,-4.583705156664175107e-02
3.143148455324955570e+00,-5.289398754461962504e-01,3.545209164485792486e-01,2.091401567839255016e+00,-9.971405706520750645e-01,-9.720902396450941119e-01
3.124590355432187216e+00,1.479306019173836084e+00,4.003662414078959841e+00,1.015106115595790115e+00,-2.576601477264329976e+00,2.675053033967660809e+00
-9.255428416641251488e-01,1.258858707704213487e+00,5.539128213402384482e-01,2.370463471841536496e+00,-1.485974032964593849e+00,1.853161730358102055e+00
-3.128023136752644540e+00,1.243611947777284676e+00,-1.117579472581060607e-01,2.019996381989020762e+00,-2.037182999812279682e+00,1.967004880613218987e+00
-2.631720060397570116e+00,1.810260479011761348e+00,-2.575224156811259935e+00,2.546597667888951477e+00,2.640982311555612583e+00,-3.190370107876135730e+00
2.781631507632358336e+00,2.692062212350569972e-01,-2.457096762089402198e+00,-1.853516227792176840e+00,4.268598541187007100e+00,-3.445765502380441880e+00
-2.921795790496662715e+00,6.148707126227037634e-01,-2.140945294065790261e+00,-1.838345882668502185e+00,-7.650514940946231413e-01,3.024861419060605350e+00
-5.234731102075063092e-01,-2.321404702815439425e+00,-5.046271022584830845e+00,-1.182699500502435885e+00,2.603357211461659215e+00,-9.528150496771914391e-01
-1.542076707053757545e+00,8.387220319766690579e-01,-1.149393534849340703e+00,1.190277046795308102e+00,-2.234898467205362671e+00,2.182165419799026118e+00
-1.922297442747070928e+00,7.228763213615989613e-01,-6.285391022936178018e+00,-1.805617918571183589e+00,4.693446852535976710e+00,-1.479729911294775491e+00
-2.861866184204716390e+00,-3.356912863301409367e+00,-6.353662897347182259e+00,-2.772446439622795467e-01,-4.512734480626937605e-01,-2.831673269740273557e+00
-3.492711121157823229e+00,-3.462236887346702652e+00,-3.900993039755165981e+00,1.980037577337735222e+00,-9.739367021538882785e-01,-3.406267767062920448e+00
-2.326366576145153076e+00,1.532572623694678171e+00,-6.127824016038392330e+00,-2.412278573192403908e+00,4.634652133180446221e+00,1.049013710974078251e-01
7.358322601731472901e-01,1.381643262329801836e+00,-2.736364749544759611e+00,-2.634256935381595444e+00,6.711618171705444169e+00,-1.246382968922204348e+00
-1.194388295616547246e+00,2.145460150643345720e-01,-6.114825595126132995e+00,-1.832347113452765575e+00,3.002675446285225647e+00,-2.189674856127747482e+00
1.422346222606557298e+00,-1.714837745471049946e+00,-2.377275927714564752e+00,-3.332954794411738586e+00,3.517888390811512611e+00,3.467743131136913348e-01
-3.165144560210442215e-01,-2.704397776302518430e+00,-4.227119013891560861e+00,-1.112253783517038741e-01,-1.695527237459072412e-01,-1.156925351799564794e+00
1.520818856340775405e+00,1.924298712137183287e+00,-1.313584333758005540e+00,-7.177548357267204970e-01,6.146965528909950294e+00,-1.249486703321966097e+00
-2.156060061019028584e+00,-8.182184419925757624e-01,-5.324884281842172662e+00,-2.453211027780734632e+00,3.650863830561712930e+00,1.015058661076949420e+00
-1.912521230611071932e+00,-2.054714523343250665e+00,-5.088454675503720104e+00,-3.040638601450996514e+00,4.548592882520560821e+00,1.276182845816791200e+00
3.108807800896724594e+00,-2.267805691891777720e-01,1.239052634613059034e+00,3.999255043953779953e-01,-2.261643227823685542e+00,1.795161410518222311e+00
2.880689175575263050e+00,1.652205517211125851e+00,-1.845341763260743617e+00,7.782229080606972715e-01,2.906555333770472149e+00,-1.857104871633918020e+00
5.076741966824718233e-01,1.238861281001846670e+00,-1.698500496557753259e+00,1.591575619636815375e+00,8.635434937763473151e-01,-3.146850017796840149e+00
3.352447049128763013e+00,-3.800585412938586316e-01,5.119883879505390034e+00,3.479263078722325986e+00,-1.833034605541410400e+00,1.289159207669388074e+00
2.561862390170591475e+00,5.864238181657377424e-02,-1.391706797998122136e+00,1.973306597549244756e-01,2.435872686468636417e-01,-9.905348379731115926e-01
2.633830274877010602e+00,2.806089021630183922e+00,-2.878602417086728593e+00,-3.381879419660465125e+00,6.208670835831883394e+00,-2.682259323846210908e+00
1.901680566925563198e-01,-1.592055169419546168e+00,2.187119689442091008e+00,2.626270122896276149e+00,-1.123944628733842821e+00,-3.172729040164984582e+00
-2.684181516739555295e+00,7.048400588219507767e-01,-5.798939719609533583e+00,-3.979430696233441367e-01,1.590494914163750106e+00,2.835198745905147533e-01
8.959626693169724376e-01,1.627180089215752190e+00,-1.189062141446515231e+00,7.620950724183774838e-01,9.903064050011325392e-01,4.138527406969956246e-01
3.245511077357314811e+00,-8.054819242414077429e-01,-4.490721200225578080e-01,2.497709565601224924e-02,-1.690519071269850571e+00,1.551049821978315535e+00
-4.180954876683662391e-01,-4.482277713269557928e-01,-3.386413538862536932e+00,-2.908908963571581907e+00,3.101624370107982642e+00,1.407733647340552174e+00
1.972420975325084314e-01,-2.889888942873842126e+00,-3.313104457702731764e+00,-1.022716035043019556e+00,1.609224251692970231e+00,-6.515540844291081157e-01
-2.775424439623824568e+00,7.827848912189789843e-01,-5.265611700058418165e+00,1.426655579718200784e+00,1.512099726048734327e+00,-1.311706809720096345e+00
-1.183235373028261428e+00,1.624361610531790845e+00,-1.490929402578388352e+00,2.731044543163180904e+00,1.676594094017032299e+00,-1.608002854997644615e+00
-2.507424428451442200e+00,-2.477936876858950033e+00,3.268171451995657506e+00,2.739681724906517069e+00,-4.972942513678596299e+00,2.762866452701275399e+00
2.839044930058190808e+00,-1.630795507482681650e+00,3.800093418855809979e+00,1.229087402033569809e+00,-4.966368328033461843e+00,3.256400341446745728e+00
3.467213343354799804e+00,2.689360570813850160e+00,-2.791913107090698620e+00,-2.889333772990957172e+00,8.124048335603809790e+00,-2.492354278819952640e+00
2.757344191663957389e+00,-1.107081992281100824e+00,2.724234546838012250e+00,7.631407033066608392e-01,-4.697994441469171001e+00,3.154050488751922288e+00
1.379551494281789914e+00,7.204507835107385461e-01,-1.505791024528743582e+00,-9.768625726779940344e-01,2.098062133493631354e+00,-3.601966427195835152e-02
2.890033796082631667e-01,-2.482550262686264109e+00,-3.454458293409018665e+00,-7.051379856695385584e-01,5.570333209191782320e-01,-1.411091216230270451e+00
-8.965681749310157045e-01,-3.315869013857316805e+00,-5.481680255194262052e+00,-1.980374732058399090e+00,2.494732722873476582e+00,-1.276282994832564022e+00
-1.446993340410384299e+00,-1.869905010737527906e+00,-4.442347126614010655e+00,-2.353771290641510028e+00,1.927583761098669690e+00,1.286152429104386208e+00
1.781542279441568510e+00,1.518367079097975747e+00,3.981121678317235180e+00,-1.834821256785974519e+00,1.300998085513285663e+00,3.426078866820303936e+00
-3.257339759847190042e+00,2.369909046134598185e+00,-1.705079520738418175e+00,-2.109782112633778794e+00,2.528826299904923580e+00,3.242548631895566302e+00
2.664935368475919830e+00,-1.835897515987022111e+00,4.075852077462863932e+00,1.772733880670485540e+00,-5.014322938479112146e+00,3.012091813599615087e+00
-8.428640791296118095e-01,9.246014247158962363e-02,-5.298183753256743955e+00,4.932010425843258439e-01,1.306025265871880503e+00,-1.907888464838829456e+00
-1.402327264104043625e+00,1.682837475650987180e+00,-2.589098814810386173e+00,2.804985150673866556e+00,1.746714098178669072e+00,-2.309444036111204746e+00
1.893902319163323966e+00,8.229184833061786719e-01,-1.660868839337335423e+00,-6.859427195908152086e-01,2.934919437087469163e+00,-2.952821990356230053e+00
-2.688815691590380474e-01,-8.501155255126180421e-02,5.413434635619815971e-01,3.084042268496946626e+00,-6.575156196849252233e-01,-2.766763691720232732e+00
2.926500685715698324e+00,2.665020753541551990e+00,2.950034122254654001e+00,2.455904380857822034e+00,2.365230511552969261e+00,-1.231112177964723386e+00
2.009792957672935643e-01,-2.077804864317148059e+00,-3.160753541280154177e+00,8.263146403247674243e-01,-8.782597260155960983e-01,-2.786771934684499463e+00
2.697461345519565512e+00,-1.813358571383217210e+00,1.359594122719129938e+00,2.781626784596486601e+00,-1.315493515896988708e+00,-3.282048173976141126e+00
1.224733131362336636e-01,-2.514623373257555361e+00,-3.281836179380622553e+00,5.069462188301354644e-02,-3.663063060466495990e-01,-2.980626186468807504e+00
3.242927400780493130e+00,-7.038509275353588279e-01,1.756031037264657257e+00,-1.799075275772964666e+00,-5.897320951048043991e-01,2.149728863949100344e+00
-1.698096084550294815e+00,-3.810319022366597252e-01,-6.335337719572031290e+00,-1.163805645174874392e+00,1.716531459882881361e+00,-3.227672735832474604e+00
-1.593610200288455792e+00,-3.115542678455867076e-01,-5.778791716663325140e+00,-8.850077130812938897e-01,1.204367297252327829e+00,-1.397678920425926563e-02
3.451255767266738772e+00,7.022642632115605466e-03,-2.003109543966753670e+00,-1.718005734762117154e+00,3.438269438062260708e+00,-1.215482727495418303e+00
2.391132098498655267e+00,-2.802832338874723828e+00,3.547895568644584774e+00,3.274953885178059743e+00,-1.606451050612641041e+00,-1.846818593267364639e+00
-2.383611769567611560e+00,1.036839624715749864e+00,-1.035175079670116682e+00,2.607768497636005378e+00,-1.325294101471934827e+00,1.521276444633451241e+00
1.660888484472131665e+00,4.591005153826483998e-01,-1.860849495449278024e+00,-2.632948978136722573e+00,4.009023322779142973e+00,-1.541117458999977874e+00
-5.717942517473941777e-01,-2.735493283416517762e+00,-5.751124573986476030e+00,-3.224949960317654796e+00,3.738889860134328558e+00,-2.207844613009712909e+00
-2.649289744972538330e+00,-2.809937772127814704e+00,-4.512272538855939708e+00,-6.415801950950075216e-01,-1.383787754159689687e+00,1.397593727391150509e+00
1.662263101022758427e+00,1.936272156710382220e+00,2.187771308437269191e+00,-2.076108777914215331e+00,3.585400397717530385e+00,2.356741222944758185e+00
3.439876356042825378e+00,2.082455265055133786e+00,-1.680693448374113164e+00,-6.903850873446106817e-01,3.035640693137345192e+00,-3.059518755272986112e+00
2.411473568585092764e+00,-2.319201408495170647e-01,-2.322662358065744836e+00,-1.796208052524752574e-01,1.069526493801570971e-01,-2.942230147204809132e+00
1.747288110923692628e+00,1.139194627752953437e+00,1.749707992551157831e+00,-3.294666390389154653e+00,1.078937924354943956e+00,2.349093936921751613e+00
-6.543352169614196079e-01,6.296314770763027369e-01,-2.285893965602855404e-01,1.113057062682187848e-01,-3.472201754078032110e+00,3.135637663318562751e+00
-3.015197089838716593e+00,8.414047820936358946e-01,2.758103109780202900e+00,3.097805297862034735e+00,-3.796529811423247747e+00,3.335463828327934088e+00
-2.187061001205929500e+00,-2.082977122473677056e+00,-6.426150022454145905e+00,-1.484758766808440100e+00,2.012543242447624170e+00,-1.787583953540317072e+00
1.927980751989662345e+00,-3.095096731353492281e+00,-5.132377731669668375e-01,-1.451780016725921829e+00,8.806911442973411885e-01,1.236287674402703374e+00
4.566288068131427735e-01,3.204422458461316126e+00,1.751659306661726756e+00,2.743691598819228972e+00,1.847940664070712335e+00,-2.637101595619717909e+00
2.709603969249373634e+00,-5.999204776140523165e-01,1.944136309644833194e+00,-2.959801702511145383e+00,-9.766144051422325223e-01,3.169245998807882714e+00
3.307784804501516795e+00,-4.758637159139569306e-01,-1.161090531019428163e+00,1.540615841921795237e-01,-1.651094259696967992e-01,-2.543550711594086966e+00
2.928414369475603074e+00,3.433100501682645245e+00,5.216663324081935116e+00,1.402094025255455456e+00,-1.160838500286789365e+00,2.996553101070023928e+00
1.332376082066007328e+00,1.658560593542161676e+00,-2.997733156347715866e+00,-3.124540873076643965e+00,5.942130954071069837e+00,-2.291246297603118709e+00
-2.078231525226050813e+00,-3.304794331845729793e+00,-6.336973931071383070e+00,-2.527469898957430239e+00,3.827933741481844621e+00,-1.166965373735398437e+00
1.806203100207385503e+00,5.228538313650892277e-01,-1.379996559490808794e+00,1.646067791555260840e+00,6.426610812166879683e-01,-2.972789678769139687e+00
-3.244961962409012024e-01,2.774544605385621310e+00,-4.942014217693941447e+00,-1.444850199602383256e+00,6.985367781630900552e+00,-2.930460362095539395e+00
1.924554514508699299e+00,1.256587775563446918e+00,2.158966474836179206e+00,-3.365636733764456157e+00,1.261106619250043970e+00,2.255833044010515209e+00
-1.881433869220940913e-01,2.867225454188699452e+00,-3.743936597638142239e-02,-5.065940397771013792e-01,-3.883738310188653564e-01,2.526857723261510813e+00
2.184299711931694254e-01,-2.922882744011138012e+00,-2.194909876859584053e+00,-3.509133080616386735e-01,-3.812752462115680530e-01,6.713881809830901659e-03
8.264210245713892178e-01,-3.976873947709957946e-03,-2.701470547110868647e+00,-9.985964127789470623e-02,1.548022013517504902e+00,-2.955779228278277326e+00
-1.651776948411241452e+00,1.020009189099086555e+00,-8.462737515903162588e-01,-2.580339273893188068e+00,1.259911813175366158e+00,3.450003107466005581e+00
2.693021511014054958e+00,2.058135011141501103e+00,4.709632864023325927e-01,-8.599607650614879972e-01,2.738513806777461479e+00,1.791585707524261828e+00
2.867038028839274055e+00,-2.006599843424595075e+00,4.583243996712878854e+00,1.907684763623010760e+00,-4.198736335547546439e+00,2.140669941730362069e+00
5.168103344651884257e-01,1.547213859994012175e+00,-2.715099951588026972e+00,-1.867780223929635719e+00,4.661018502348867720e+00,8.183398813388942372e-02
4.342593579294273809e-01,1.645680003698101856e+00,-3.153448451487311122e+00,-2.769216526962127833e+00,4.727954781363464143e+00,4.848120087734821837e-01
6.968327635707174394e-01,1.819413039272747667e+00,-1.522008619363916626e+00,1.325339198665290041e+00,3.918055513737208617e+00,-2.620827907616918750e+00
1.685330202506382768e+00,1.897014835129424704e-01,-1.778915091741748888e+00,-1.790725856918295555e+00,5.603684035960013077e+00,4.345388229088871235e-01
-9.795041722620010383e-01,1.030689458871524522e+00,-5.371534659823045565e+00,-1.360273236117993001e+00,3.216581168190431050e+00,4.699918384684775852e-01
-2.513602654017678795e+00,1.297316155222142164e+00,-1.089908206081981357e+00,1.297783168033633139e+00,-1.824946585345603500e+00,2.852268142852643074e+00
-2.764904593333720406e+00,-1.916301363795613000e+00,-9.589677881299502049e-01,4.269854028698421011e-01,-4.743679670282157979e+00,3.174198813209790693e+00
1.241834629549321001e+00,7.577481797621894444e-01,-1.249998638174282251e+00,-1.071321514703291733e-01,1.431894915910363775e+00,-1.268914924655553556e+00
-4.408459004524805103e-01,-1.780219801270112923e+00,-5.420795041047928642e+00,-2.186286458804977073e+00,3.260622150770418060e+00,-1.333344028342493992e+00
8.795602568614810934e-01,3.385927038317939619e-01,2.530437860725852417e+00,2.440674619302978243e+00,-2.079956872097206699e-01,-1.797119308503457802e+00
2.015115206452024132e+00,1.455636197499277529e+00,2.259666077083421598e+00,2.737766018135666002e+00,2.073571411024281996e+00,7.416342830106863460e-01
1.086244734004750967e+00,1.160298081504667067e+00,-2.085080398536548252e+00,-1.251888679583599728e+00,4.756071388562893354e+00,-1.077722851541100368e+00
-1.922790744908942751e+00,-2.010642513417779220e+00,-5.730449508578808526e+00,6.897356656229716165e-01,-1.103986248325228736e+00,-2.219325868560072301e+00
2.579402796400057873e+00,-1.587643918204710403e+00,9.284314593824503081e-01,2.464271304295804654e+00,-4.437665164805363327e-01,-1.778023422663676190e+00
2.811479951972856384e+00,-2.386260943952135172e+00,-1.087846383927626448e+00,-8.706939800051598510e-01,5.772374893122335093e-01,7.715598424572789327e-01
-2.077015953111391866e+00,-1.489053807439695287e+00,-2.591588133971148622e+00,2.552544411772054822e+00,-6.510054073082909287e-01,-3.310007695689937801e+00
-1.849091165671721937e+00,-3.377654193268591509e+00,-5.730494147393622839e+00,-3.299013905384480694e+00,2.441723948596460581e+00,7.032138267011287525e-01
-1.838786494248195513e+00,-3.022644097009186126e-01,9.049997260739894855e-02,7.650222232041787862e-01,-4.325147725469790316e+00,3.102945614977606681e+00
-1.085215218869910458e-01,-1.918730408233199292e+00,1.339646044314574569e+00,1.542445210525022148e+00,-5.178458839608675035e+00,3.392272821119898474e+00
3.279190553877712411e+00,2.613464881468797962e+00,3.844278018735252989e+00,3.007152440221886991e+00,2.676802191689791943e+00,2.028011855816891362e-01
7.713241973851676647e-01,7.204760391087248195e-01,-2.325503689112202732e+00,-5.631724723818494205e-01,1.793337893552952034e+00,8.008811748367197225e-01
-1.464662654432578925e+00,2.494323704380592588e+00,-2.092864328053559486e+00,2.868263861172033025e+00,2.174889517889392554e+00,-3.381842682319231130e+00
2.182064191197177649e+00,3.129932989577050684e+00,-1.066769854793642613e+00,7.819851224138938406e-01,3.727851865413597032e+00,-2.881404993359855116e+00
1.970370734843586824e+00,1.562202187382455421e-01,1.382745004014424239e+00,-1.035242886068611590e+00,-1.292757409567328875e-01,1.693728494931798778e+00
-7.053280642276682499e-01,2.985964141182866349e+00,-5.219880255078409803e+00,-9.804383967193528449e-01,5.655814034729901962e+00,-7.905038939695319122e-01
-9.416363427721865520e-01,2.153279114602288935e+00,-5.147733045222463666e+00,2.806332752791576013e-01,2.021982002354596908e+00,-1.085988876371164036e+00
7.008147229608194806e-01,1.181933660499613126e+00,-1.497026474523653228e+00,1.733188660928498770e+00,1.020201289645815912e+00,-2.086903212525608176e+00
2.195526249171025235e+00,-3.355448025245105104e+00,-1.474030540390339539e+00,-2.492066166681583539e-01,-1.407064912601978746e+00,1.064613285761364381e+00
1.223588029453097192e+00,-4.472502281065966478e-01,3.145290809510921548e+00,1.689372967045400742e+00,-3.174088715526061311e+00,2.025079184913655794e+00
-2.868273064788701365e+00,-2.537186195869915117e+00,-4.728423050379235271e+00,1.599957312315991587e+00,-1.440594144849011826e+00,-2.038434160142751139e+00
-3.109833506048105267e+00,-1.538308649665776073e-01,-2.482008167345881589e+00,2.002188109503000746e+00,-9.083127290055617031e-01,1.529062254341168270e+00
1.986314348171082322e+00,1.189943100398725306e+00,5.113108068590293875e+00,1.318267522770415923e+00,-2.775059744330536482e+00,2.862340456029628832e+00
-1.397269504348651381e+00,4.267650507889451106e-01,-1.350328103009806435e+00,-4.401534889434004505e-01,-3.111354497504331018e+00,3.254972663957719448e+00
-2.782659540067499826e+00,1.283477779985172873e+00,-6.758428976265774324e+00,-2.543546809362350558e+00,4.726951577746230093e+00,-3.283624851131071498e+00
-1.816178306354819139e+00,-2.757140329877170615e+00,-2.027287867746891070e+00,-3.121401237390117878e+00,-7.619197629356523338e-01,2.822721512052271287e+00
2.060354886944907982e+00,-2.203633402304288058e+00,-2.464030450332250322e+00,-1.663358467123523976e+00,2.941331343812324306e+00,-3.438986216537120999e+00
3.463687491335010193e+00,2.767001433124720577e-01,-5.003531700492622747e-01,-2.651371642961043218e+00,5.220540473928599212e+00,-1.023773970289174606e+00
2.926867723552434519e+00,-3.373265396981845576e+00,-1.217974644492144654e+00,3.482893829327298185e-01,-9.351730539677189924e-01,5.018029397347429921e-01
-2.883586401941827582e+00,-2.898667897450466491e+00,-6.137138598052349181e+00,2.843768538196167484e-01,-4.493267750468085131e-01,-1.573192612907649224e+00
1.132304889285235205e+00,-3.530643175004359868e-01,-1.793045145413651120e+00,-9.100062924108334173e-01,1.254170490358020196e+00,-2.377578665596336904e+00
-1.029388874341455207e+00,2.577148710339614901e+00,-6.195719152938087504e+00,-2.872859048633626067e+00,7.570139631975736805e+00,-3.229711989896659752e+00
-1.721863074569300878e-01,-1.598912116644895409e+00,-5.699430559202500746e-01,-2.891199811239797413e-01,-3.595908644369348206e+00,2.427175890696060989e+00
-5.244185969794479263e-02,2.787182082739610323e+00,-4.012874488384420069e+00,-4.953206286700932992e-01,3.473259323339264348e+00,-1.411580916564314059e+00
-8.184564823469440142e-01,-2.946153771237281394e+00,-1.834054146025765331e+00,-3.494208499196879369e+00,-6.770169559916993096e-01,2.632340186456197273e+00
-1.493602278723392907e+00,-1.448509162748086165e+00,-6.193336352303418835e+00,-1.953065668519171183e+00,2.702822094487698834e+00,-1.981842964354934455e+00
9.204823732054556729e-01,3.458039214843267040e+00,-2.411356421692645302e+00,-2.042299761355264476e+00,5.361021287830857851e+00,-2.921451123407626138e+00
-9.587807699333854572e-01,1.106972569779729021e+00,-6.014755109350296003e+00,-3.044789162850912945e+00,4.290782816252153076e+00,-1.584594223871742535e+00
-1.161247386763931466e+00,1.548957842660869666e-01,-4.326015167720092869e+00,9.504882083169334805e-01,-1.936035342237818480e-02,-8.815221011737932599e-01
-2.076130294808240517e+00,2.025255104294380715e+00,-8.798042587571131001e-01,1.952477173091785367e+00,-1.114286395961305631e+00,2.008936352921710800e+00
3.239693859079023852e+00,1.202926943107645030e+00,-4.947949164636835651e-01,8.532828818708049212e-01,2.462224193395052552e-01,5.659614746275325459e-01
-4.874251350306892938e-01,-2.979690626720710611e+00,-4.039291608676572665e+00,-3.035846822242241227e+00,3.406439745717544376e+00,1.052837146283110314e+00
-5.848431371833981984e-01,2.700671638655308016e+00,-1.983051736777151852e+00,-3.114490792411963138e+00,5.880041161494254709e+00,1.897259113988280177e+00
-4.650715693270712769e-01,1.635257880190128077e+00,-4.827994456678132096e+00,4.968842936991073600e-01,1.520170178699846941e+00,-3.148454242072678877e+00
8.448668274313773097e-01,-2.789172739363435571e+00,-2.575347457578906152e+00,2.410155193854000011e-01,-7.772024333406137853e-01,-8.845575885683105710e-01
-2.296110239720175805e+00,-2.087558564208235712e+00,-3.700097850655387433e+00,1.910844544641598475e+00,-3.364137276874952232e-01,-9.288580275842592826e-01
-2.817403496776071492e+00,3.344816299469817622e+00,-5.319337877381881796e+00,1.321348857672846044e+00,2.390192441289585634e+00,-1.340152640206849544e+00
2.233432228142037346e+00,-2.065524898578197543e+00,-2.541996471220222986e+00,-1.537118346549955383e+00,1.922868019846967647e+00,-1.850594595168320922e+00
2.284287300930671449e+00,-9.202350583617602275e-01,-2.338753105034758306e+00,-2.633785425000862546e+00,2.758382270149925208e+00,4.489400876663944828e-01
-2.187471616868895907e+00,-1.527020224403477400e+00,-5.282192859256760187e+00,9.483551548565856137e-01,-3.722419496395553695e-01,-3.853848753204607291e-01
1.629973423804029764e+00,-3.273167725476079148e+00,-4.008717494560911643e-01,-2.142404702221270885e+00,1.704340440517676747e+00,7.715779472862074329e-01
-1.732448658372462758e+00,2.435391114102177568e+00,-8.684758090925501772e-01,3.024573832718549404e+00,2.874111850305849813e+00,-5.342931145922542591e-01
-1.035105105615522270e+00,-3.159649441894638144e+00,-5.506414800373752527e+00,-9.999210347348581607e-01,5.898307613144521122e-01,3.395942195450216694e-01
3.315346944978791122e+00,2.428772813417298337e+00,-1.329953610107820872e+00,-2.418447712483809742e+00,5.187579012346665408e+00,8.399846736761924504e-01
1.674055014400268604e+00,-4.745487703595507867e-02,-3.040716394702813297e+00,-3.000290220254471230e+00,4.625558539057969654e+00,-3.172422004011090202e+00
2.843108193589510613e+00,-1.678462830080896140e+00,4.104451995353397553e-02,1.139671647952936517e+00,-1.517602398448810952e+00,1.000819693825459211e+00
-1.863433448549632221e+00,1.498308354573910428e+00,-1.477138364482138311e+00,2.617618341859632380e+00,-1.325808669859058764e-01,1.165858872607250518e+00
1.891781753495154206e-01,6.702435196803531170e-01,-3.261846906242596766e+00,-2.846534164671994827e+00,4.125979474008713233e+00,9.092576541614825203e-01
-2.157932168488419400e+00,-1.068564505766157247e+00,9.603263934238626121e-02,3.156834940028472758e+00,-7.317658140826444058e-01,6.596150026189109283e-01
2.652581511734585007e+00,-2.073744421282575523e+00,-1.448674685995383182e+00,-2.944751798003999887e+00,3.949993475618958527e+00,6.276742343217218689e-01
-3.165972508377484118e+00,-4.132167417550585142e-01,-2.171106163895122343e+00,-3.062741727789812796e+00,8.765281108356361983e-01,2.342836917843408528e+00
2.350459280866722622e+00,1.825547475628680694e+00,-5.458664468049851948e-01,-2.114810541178029801e+00,3.347648964859833765e+00,1.570806858696155217e+00
1.523501264797689103e+00,1.063517752778960102e+00,-4.781220246184350042e-01,1.577871695524957651e+00,1.943854695563532076e+00,-2.042252194022234235e+00
2.955378276090502077e+00,3.240628706793903469e+00,-1.879042208766059652e-01,1.398891434062622174e+00,1.829461031045462871e+00,-1.859131849698838046e+00
2.237341104686207061e+00,-6.232993463406768520e-01,1.941335381372716107e+00,-1.456333494707435339e+00,-1.324167855870173494e+00,3.058055538840519283e+00
-2.264248075884575773e+00,-2.247723040076043066e+00,-6.127633313086693789e+00,-2.482082006200876378e-01,-1.697206603051282237e-03,-1.942818465195182975e+00
6.140960052264796687e-01,6.976457203421624342e-01,-1.984081359815040191e+00,-2.412672195002747433e+00,4.308644758412371267e+00,2.957568330339492846e-01
1.718632379223723028e+00,1.552727573159474517e+00,-2.624133001819446864e+00,-1.827813930179538859e+00,6.597154407255007236e+00,-1.636208738027745691e+00
3.327887681614850379e+00,3.370569192792783220e+00,-1.873280981736146433e+00,-3.142271674444272467e+00,7.604171413800726143e+00,-3.500609661301279374e-02
1.013355783349640049e+00,2.946792628594523400e+00,3.904199019814859062e-01,2.615582337372952537e+00,1.609607869812990311e+00,-8.217997739696007997e-01
-1.260793191100385791e+00,2.576686048517826677e-01,-4.708613726813465128e+00,5.126499650677835973e-01,-2.885164632753536296e-01,5.684185091755127317e-01
2.032398325605562661e+00,1.490839069680385265e+00,3.758017614034638854e+00,1.936506477788060288e+00,-2.893279524305651496e+00,3.279953230199860847e+00
-3.376886415174940037e+00,1.553599086390180517e+00,-3.227950977478126759e+00,2.371807265382400942e+00,1.754273797955713921e+00,-2.428913126464982586e+00
3.630801533762739730e-01,3.303194174216738332e+00,-1.783017397884774535e+00,-3.178805719402396424e+00,6.022428909550952447e+00,1.616228394141756119e+00
8.495972346568816391e-01,-2.883370783981388907e+00,-3.456097188577951229e-01,-5.659766012137783520e-01,-5.464232388681209418e-01,1.461309788648951447e+00
-1.574566910003169617e+00,-2.821656686272254966e+00,-2.531312937240774996e+00,2.621530711045202189e+00,-1.280887852473640676e+00,-3.142691333674729748e+00
-7.844700610722661338e-01,3.032519459963725517e+00,-4.122684736193980015e+00,2.977846329908322431e-01,2.501829384118209987e+00,7.963265913989641120e-01
2.637488978601775891e+00,-3.257928383949272977e+00,3.206947170329029539e+00,2.710173690404173996e+00,-1.608203824375507240e+00,-3.232085088646381443e-01
3.401958328623065242e+00,1.196135611125601628e+00,8.648129036141012804e+00,2.975622439094660621e+00,-2.996856564498322051e+00,3.358496510248492051e+00
-2.523227945664473282e+00,-2.522105195417379875e+00,-6.500964891362250420e+00,-9.569487450345297574e-01,2.067128174570520116e+00,-2.988395995490059409e+00
3.087606939150333574e+00,2.275101283655433626e+00,8.632739469543271316e-02,1.822945314726338140e+00,5.553157510694665788e+00,-4.702953199705266485e-01
-5.928102018880516688e-01,-2.544628250179563622e+00,-5.531470844956102972e+00,-1.167204117993253742e+00,2.979681927733047520e+00,-2.007057080000214100e+00
-3.107650985541710043e-02,5.868163681910480989e-01,1.425571139542594623e-01,5.145664760807697746e-01,-2.646378563403230633e+00,2.592797650548892996e+00
1.554739865351668193e+00,3.137527842725651439e-01,-2.041039260291407142e+00,-2.588940996079410972e+00,4.004948083737097875e+00,-1.434909753895560414e+00
4.591674919804784594e-01,-1.650953703024252039e+00,-2.117597968926687280e+00,-3.792091393739327465e-01,8.661646811652248257e-01,-2.324061401051741527e+00
6.405504291793597815e-01,-3.401827732275962468e+00,-3.176778085429718068e+00,-1.900825376955385337e+00,2.798482657160131559e+00,-1.987513242413044168e+00
-5.303339122601702371e-02,-2.771634310151771974e+00,-4.024449700580784217e+00,-3.073045000877217436e+00,2.368484049733797114e+00,-1.629257800367262199e+00
-1.554562037490812454e+00,1.607940788424379264e+00,-5.857109994586566337e+00,-2.265066151527407978e+00,5.548328404887135079e+00,3.794815428201068208e-01
-1.096516788136494114e+00,1.433757063955780175e+00,-5.769735799562202949e+00,-2.512282328398227182e+00,5.038689945551082516e+00,1.895048867346260657e-01
3.020393008110587196e+00,2.830124405535584309e+00,7.525100129907991153e-02,-8.021711920973566556e-01,3.099768484850351502e+00,1.038071973949016069e+00
8.669830031751413202e-01,3.183869841854052751e+00,1.100575256109423528e+00,-2.683208309907834543e+00,4.188776034849074570e+00,2.936054107204194352e+00
2.324626916755571315e+00,-3.455762406425574529e+00,1.828030775188624002e+00,-2.257112390310495709e+00,-1.940277493015996058e+00,3.018990309741848677e+00
-9.277369019881605006e-01,2.778951212056424147e+00,-5.357120923211916796e+00,-1.157974265731347430e-01,2.668123120337821064e+00,-3.256673967296217498e-01
3.054825616126391807e+00,3.042794890320429602e+00,-1.325645013598710786e+00,6.713014615650916284e-01,2.655058812190115969e+00,-2.100836994518604062e+00
3.666641150642395708e-01,-3.253962544523615552e+00,-3.276590670205038691e+00,-1.335129563464859004e+00,2.323291591804043765e+00,-3.928507608352806990e-01
-1.574010077847350697e+00,-6.573406886152537432e-01,-5.588989102687222044e+00,9.262280935109394875e-01,6.105765854020539507e-02,-3.194704742962728883e+00
1.427251198878837002e+00,3.451038178013112301e+00,1.304843683552024070e+00,-3.453325618408122910e+00,2.793308608331123821e+00,2.306439231593916617e+00
-1.740369675615040634e+00,1.676735781035258555e+00,-8.481667494617539660e-01,1.963008639210459982e+00,-7.044127946553773167e-01,1.732892699031295614e+00
4.167221763175641414e-01,-2.324400641480458773e+00,-3.086266425684146331e+00,-2.666062692619334928e+00,2.731824044200943824e+00,2.406150350549127737e-01
3.734120642928218103e-02,-2.280007050203865848e+00,-3.300136086631502152e+00,7.083506837639683695e-01,-4.614243360154107743e-01,-9.602750096925580792e-01
-3.121837264518366961e+00,-3.162091963142624085e+00,-5.350572524751696868e+00,1.478592800171128374e+00,-2.420441909751998022e-01,-1.868748161139717867e+00
2.031992368084197587e+00,2.702292140577879920e+00,-2.118165624750838472e-01,1.676636497714476981e+00,1.940555776150560963e+00,-4.357238952978028657e-01
-2.005988731801364722e+00,1.025634479890122464e+00,-1.704323308025978756e+00,2.166699033306184852e+00,-1.903267713261463934e-02,3.440388857209057960e-01
-3.119119205114249560e+00,-1.933954540925152621e+00,1.380170094699193495e-01,1.384669490905991118e+00,-4.900703928987805824e+00,2.987251858189770459e+00
-1.514487389865268874e+00,1.187818355193276609e+00,-1.316741322436294492e+00,4.527123988119825526e-01,-1.518351142158903322e+00,2.146786863577477611e+00
3.519624802006733333e-01,3.151172293483878839e+00,-3.850838708922239562e+00,-2.373993548216247529e+00,6.887569147609551301e+00,-3.384528489164931209e+00
2.055605032413310163e-01,-1.414868848180592664e-01,1.287302459279074496e+00,2.525577602965105584e+00,-1.217899282620594548e+00,1.103471095273865110e+00
8.539144711544954802e-01,-1.097575637878612564e+00,2.570682342260441011e+00,2.178477681585031078e+00,-7.454842989597130209e-01,-2.437518795096414781e+00
-2.501736914082299812e+00,1.018753491140144796e+00,-2.248183147185787156e+00,2.850611823394334721e+00,2.558655921518413034e+00,-9.505718451841289607e-01
3.413664939646066543e+00,2.133458932676428610e+00,1.201445307026797416e+00,2.613546353912859388e+00,1.030403964700042030e+00,1.716696700311781676e-01
1.084282663862283336e+00,-8.157279036008171502e-01,-1.123647767873722225e+00,3.678908940755500900e-01,1.070988392824897106e+00,-2.197988320301316190e+00
9.073224227939187259e-01,-2.716805893311490916e+00,-5.790021811737890989e-01,1.396310962048445958e-01,-1.708182207606470771e+00,1.321371153105445728e+00
-2.676415079991544932e+00,-3.019231852906361979e+00,-3.122909417753389594e+00,2.235159060816272358e+00,-8.035347356218776049e-01,2.152014450761861042e-01
-3.250839863370978744e+00,-2.823174555439517786e+00,-1.651059754447483208e+00,-1.942994606779013811e+00,-1.717303054100314696e+00,3.336728382102408297e+00
3.394631287622475568e+00,-1.670718180140074782e+00,2.657884990018689830e+00,1.781601507188679712e+00,-2.975623631364440413e+00,1.749943511822740660e+00
-2.110755119069813279e+00,2.596698396776506712e+00,-1.849796655123251199e+00,2.501930125881083988e+00,1.105631271657776082e+00,3.678858942637059926e-01
-1.698246805801270298e+00,-1.632157519572742022e+00,-5.078877133039604530e+00,1.296358820984107929e+00,-6.623118734552884135e-01,-3.158508654466102961e+00
-1.560353672902670352e+00,6.195455239992675445e-01,-6.003160943441057107e+00,-1.631511370415233753e+00,3.720264727390412141e+00,-1.207986863763326646e+00
-1.721602986198234930e+00,3.004397977735638214e+00,-4.261286211968833726e+00,5.837907901687273693e-01,1.703038352256023069e+00,1.097271872074926158e+00
1.456449015322791141e+00,7.101298073707535963e-01,2.216262238475305235e+00,2.418234747052782296e+00,6.884504835408284951e-01,-2.001546008290395307e+00
1.584820313964746319e+00,4.769559179895086487e-01,9.648277391478998766e-03,1.564850823550955283e+00,-3.497475270916037271e-01,4.110850577968871988e-02
3.323771342338980084e+00,-1.369914418215463225e+00,2.088951983392705714e+00,-3.214572812219576470e+00,-8.691813177851870353e-01,3.034955473767880108e+00
-2.897679291465916407e+00,-1.701543555327166946e+00,-6.203316314782706620e+00,-2.634964154502808409e+00,3.058656995105641485e+00,4.351544083327265611e-01
2.020547211744609051e+00,-2.173561574706245114e+00,1.767089765502202425e+00,2.767862335413649788e+00,-7.388371730638294554e-01,-9.703739631484822326e-01
-4.871719337205839828e-01,-1.174119576743134274e+00,-4.660600679355849429e+00,2.313826532706233507e-01,2.045983226993666193e-01,-2.984646661243532062e+00
-1.347850645469333752e+00,-2.899351849294616201e+00,-2.076621663339039081e+00,3.000218437413304962e+00,-1.756319660173230046e+00,-2.250302467569689213e-01
2.999852368201245234e+00,-3.359827724812040728e+00,-2.372300288257451317e+00,-3.448500476557764927e+00,2.312164725216839578e+00,-5.194837420857112420e-02
-7.708287948883252305e-01,1.935397139121302956e+00,-5.708879875168016760e+00,-7.909531431615151043e-01,6.122669878418164124e+00,-3.255404875570885093e+00
-2.469611919196114336e+00,-2.218152604525239546e+00,-2.157723654318325579e+00,-2.145742138067455063e+00,-2.123009735043794866e-01,3.144592915518722442e+00
-1.658439381774291288e+00,2.233748725733458507e+00,-4.851246257504447712e+00,7.326107575699358776e-01,2.532172484546372893e+00,1.433811386774008767e-01
2.833722040844913970e+00,2.296620442369938786e-01,8.012545405206574767e-01,2.315713821014553808e+00,3.162109259456631349e-01,-1.328425972271514599e+00
2.522449382593796585e+00,-2.932283025384707198e+00,3.344821784939886467e+00,-3.685983823007239479e-01,-3.914343991369452880e+00,2.814806151796623190e+00
1.058570185610687275e+00,7.468400135230792714e-01,8.271057591861075142e-01,-3.170112698578758437e+00,3.550990322273550603e+00,1.698017173242644340e+00
3.152662343546855261e+00,3.418566475084320544e+00,1.508812061059290333e-01,1.218305938501470287e+00,2.473903448727490684e+00,3.407670924293784154e-01
-1.729609611282249659e+00,2.085203552235208591e-01,-5.386022909943605441e+00,7.052698629083362647e-01,5.419783356910430339e-01,-2.088688417775784956e+00
1.110401634977914220e+00,-5.896327004729911003e-01,-7.206762108116755439e-01,1.384679538111760699e+00,-1.037283149018866757e+00,-2.286095841855324551e-01
3.149003611507477984e+00,3.227382077742253053e+00,4.951333292841075817e+00,-1.788135231914726120e+00,3.720062435306840776e+00,2.447884442862918064e+00
-1.782718776567383090e+00,-2.498680059365399497e+00,-6.442070641970705225e+00,-2.013769992903805761e+00,3.508256524446408342e+00,-3.033662691905884223e+00
-2.469164015468674034e+00,-2.246534713044984866e+00,-6.182076258741281194e+00,-2.108609159540899114e+00,2.672874847525374520e+00,-4.738712895892618349e-01
3.315055359913708699e+00,2.251840561857694212e+00,1.895639786024029938e+00,3.073540467656774133e+00,5.900458323576295294e-01,7.258079676139770342e-01
3.349436982786045292e+00,1.677996936465557809e+00,-1.994846563501459391e+00,-8.483359749190522159e-01,2.736746704498574712e+00,-8.646635132568523119e-01
-1.872259325747199110e+00,1.642186878285394336e-01,-2.186945576183766171e+00,3.195850763206642853e+00,3.707753440080148177e-01,-7.834387785137062465e-01
-4.217217221960072315e-01,-7.481607241077661286e-01,-3.092726890921641214e+00,-3.465044377836049794e+00,3.086368628497411226e+00,1.500032847273947922e+00
7.729614906770736482e-01,-2.938078768002423402e+00,-1.561635435660686300e+00,-1.098071178790532620e+00,1.489099612303950826e+00,8.483816624268936124e-02
1.344108597913990621e+00,-2.000410002230334605e+00,4.539112962507945603e+00,3.028409770442220150e+00,-2.032805504319524559e+00,1.357449053401760253e+00
1.555566332316486999e+00,1.869363481933232762e+00,7.925437527152720207e+00,2.178374692579140515e+00,-2.023014037245280505e+00,2.729137438257647652e+00
-2.007589010592063516e-01,-2.117225552647133746e+00,-6.484189232377437495e-01,2.338251460396556958e+00,-2.191386956720517087e+00,1.036010173291654901e+00
-3.047916460810970563e+00,1.090146628721282873e+00,-6.373287333541486355e+00,-1.072967512757561082e-02,2.441690461542785684e+00,-3.335934527474892164e+00
3.385175220313588973e+00,-2.424656424912312591e+00,2.741014940134603339e+00,3.196899384868709504e+00,-1.165507034000454301e+00,7.290620100618587784e-01
9.272991129505507857e-01,9.287886866479686532e-01,-2.552107046301589577e+00,-3.198415219398513365e+00,5.330138945227119507e+00,-1.230709869273471924e-01
2.387165810135895683e+00,-4.321691299072720760e-01,-4.837634618577453249e-01,1.378985603715451091e+00,-7.428686200486154245e-01,8.786281511310178871e-02
-1.708378952523858629e+00,-1.105952089710623198e+00,-2.052460394958041778e+00,-1.133434878717593630e+00,-1.830516482507009268e+00,2.667746009428756615e+00
1.056650544105663947e-01,-2.016936887142638746e+00,-4.296773558621447719e+00,-2.617345294816891155e+00,5.111797845007794550e+00,-3.230899434870035947e+00
2.749781090594406230e+00,-1.132339692719213531e+00,-7.968953222075009224e-01,-1.213721193285442368e+00,5.809362968438276376e-01,1.331697367148649391e+00
-2.798568385125510094e+00,-3.203381469361594736e+00,-6.557067507481511903e+00,-1.559817841936900429e+00,2.162395655293622987e+00,-2.542247819776950024e+00
-2.364195139851085870e+00,-2.823054120509393083e+00,-3.261176501978885867e+00,2.411459405055900618e+00,-4.252759518420534679e-01,-1.864284473419512977e+00
-1.844609887845114482e+00,3.438981360930425168e+00,-5.163374149161363835e-01,5.514284851728268322e-01,-1.195131119296427569e+00,3.039523147102169531e+00
-3.421402451323673599e+00,1.795817729095058546e+00,-6.314060119079984545e+00,-4.596203036034456346e-01,2.566790679561651523e+00,-2.219023530900472885e+00
-2.872683911869807538e+00,-3.083989417039702197e+00,-6.402583982905682092e+00,-1.183713321937980290e+00,8.623562669662035995e-01,-1.385279491180377409e+00
1.175263433372550459e+00,8.430086933853484510e-01,7.377785855569499063e+00,3.177197416359408777e+00,-2.657045379159058918e+00,2.323298650627105388e+00
3.315309913040898948e+00,2.251705268354815992e+00,4.019390795695367835e+00,1.739806738896882976e+00,-2.355628038692518356e+00,2.958795044530218021e+00
1.578894912502919468e+00,3.264779071015412981e+00,-1.052379382052382129e+00,2.965321069116422237e-01,3.567492734013996358e+00,-9.489068236083477714e-01
2.470451555891621354e+00,-4.781095655708873515e-01,-1.818118812093205250e+00,-1.539896300117248096e+00,3.095624085386790014e+00,-2.277098544061728624e-01
-3.416104438281861277e+00,1.734330628543793829e+00,-3.837737553208348196e+00,1.758249402259735916e+00,7.961048016379528303e-01,7.231508835693896131e-01
1.809259445035120706e+00,2.575316538284011969e+00,-1.764846265323091412e+00,3.469864880585977751e-01,2.750408700397611206e+00,3.315906192079807191e-01
1.957334965223100021e+00,2.232106966845398333e+00,-1.445171665619663592e+00,-5.945712006554404461e-01,3.723525772303016179e+00,-2.247308722144140791e+00
-2.763206536482395670e+00,1.248188437457490529e+00,-2.990248471935151642e+00,-7.242830038819842997e-01,-2.037669888294106058e-01,1.900357275215557529e+00
-5.018163067004937083e-01,-2.070685960459394348e+00,-4.971474313391110122e+00,7.479708149044039800e-02,-3.794187432818522665e-01,-1.689468999329506005e+00
-1.356150486832124358e+00,8.682909793904336482e-02,-5.866808442602689411e+00,1.970860126811739832e-01,4.322464229284873616e-01,-3.403604997060286408e+00
1.696844304555562566e+00,2.764387792656117782e+00,1.704510526264087833e+00,-1.810752674025077003e+00,2.270982822760462483e+00,2.052095011292520255e+00
-2.442955117267676890e+00,-3.457766399364913479e+00,1.400946089648892778e+00,3.396111506327988749e+00,-4.757032967332843754e+00,2.304021384477357159e+00
-1.612828947967647641e+00,2.313512524213113153e+00,-4.557811334471497666e+00,1.375314931392234818e+00,1.871390869080846731e+00,6.217851793631812285e-01
6.802744954223705065e-02,1.048460774533405804e+00,-1.955997766919889580e+00,1.267075918272431601e+00,8.898266251885389444e-01,-2.232928766102268536e+00
3.402282345202380931e+00,2.701604173089448224e+00,-1.209573952447356771e+00,-2.658193498613103944e+00,7.559959731878676870e+00,-1.302656026389109378e+00
-7.587921314567651621e-01,5.770735909650106521e-01,-2.078843951609138152e+00,2.338250186132794894e+00,-1.309938235570849985e-01,-2.647679201594961285e+00
-2.139975176555778624e+00,-1.351419967604750028e+00,-2.719021801097837532e+00,2.817702862958162413e+00,-3.122307237072923236e-01,-3.033854781435214587e+00
2.243119540402224388e+00,1.964637481638220606e-03,2.440067480199997974e+00,2.311196565014024706e+00,1.395867480847953424e+00,-3.418142933585555099e+00
-1.280711038740085517e+00,-4.986472888405812931e-01,-1.049540505642914123e+00,-2.152915726360223658e+00,-1.143169138918273875e+00,3.489737399328089573e+00
2.266071876424629039e-01,-2.760196320372291012e+00,3.538379629976783569e+00,2.418329746004058478e+00,-5.087188564195567864e+00,2.753838541444124210e+00
3.129331616976127606e-01,-3.275896431350848292e+00,4.886866835540523368e+00,2.516335926927633970e+00,-4.169131592366850825e+00,2.027436982944736066e+00
5.470225397915191579e-01,-8.484093652766127036e-01,-1.597054578793506430e+00,1.537425197369837626e+00,-5.591429944626187254e-01,-3.372002228168697435e+00
5.954218416355923083e-01,-5.188135621978133827e-01,-8.546380973112349677e-01,-5.738214625536519620e-02,-1.057461479445816366e+00,1.493516434996707609e+00
-1.925221258581748529e+00,-1.523476648970834901e+00,-2.523650961571128892e+00,-2.187531758837889306e+00,-8.128437707662150569e-01,2.373451362494377825e+00
-2.692000299234787786e+00,-8.640748938266784585e-01,-5.162392197244991543e-01,7.502711771259731321e-01,-3.781049028394338762e+00,2.299388125816847150e+00
-1.145618912278087542e+00,-2.855611884277291068e+00,-5.327305231735720348e+00,-2.066244558118723873e-01,-5.066084855239428864e-01,-1.020986018849718846e-01
3.321553471712195282e+00,1.739537698382499720e+00,4.328765704204702303e+00,2.668421565647433269e+00,1.430974875489855691e+00,8.014913549547646454e-01
1.372346282048963140e+00,-5.812627123529496842e-01,-1.912447290938198652e+00,-1.572643650199859078e+00,3.066676330831143105e+00,-5.539919835016711147e-01
-1.336108822224675308e+00,-5.595926849479209153e-01,7.224200456085425603e-01,-1.902847981939223221e+00,-1.389647590146444900e+00,3.193391852460727875e+00
-2.083711247116609933e+00,3.063251397964038780e+00,-3.488909805048145962e-01,8.975088875732764038e-01,-1.212043703495835345e+00,2.677573514990845283e+00
-3.412242354092733798e+00,-1.869138481242693217e+00,-1.766185755478050012e+00,1.659953863922469353e+00,-3.593797462861973990e+00,1.927264255279826699e+00
-2.663224307857851247e+00,1.454252731600973902e+00,-1.573086499003307548e+00,2.644791310988800603e+00,7.557988172400239568e-01,-2.357940573158289865e+00
1.112588090487071746e+00,-1.008822031347286430e+00,-2.460483664754524291e+00,-1.485574033751690060e+00,3.096376907933860778e+00,-2.075120276704002453e+00
3.435291124531008045e-01,2.679550445914248513e+00,-3.347370909290743324e+00,-1.840905140278942476e+00,7.615674830277468388e+00,-1.110439449793938493e-01
3.163633701328356196e+00,-1.408661487345678864e+00,1.841387372819447421e+00,-9.229076037857346648e-01,-2.101379814013809355e+00,2.278358661925634188e+00
-2.928295385872980994e-01,5.116995066674085990e-01,-2.956136605245865745e+00,1.895914139556783340e+00,5.199239005630329480e-01,-1.002018573622412312e+00
2.629352842781845112e+00,2.560409919491609898e+00,1.508973467169659521e+00,2.133059744369747435e+00,2.564745254259730878e+00,-4.417366488468479346e-01
6.551624758457297304e-01,2.738222060094741117e+00,-1.912285086565974845e+00,-8.154349476612354763e-01,3.730467724532527285e+00,-9.341254471537983051e-01
-3.214281684509625148e+00,-1.725135264894493092e+00,-6.248569670770862672e+00,-9.207162559114538958e-01,7.457259469981507571e-01,-4.219038247399629071e-01
-3.017591905828500565e+00,1.585589212388949676e+00,-2.655262303589436268e+00,2.584108692594552892e+00,4.345518734480901202e+00,-2.874883407006461056e-01
-1.996012134487078260e+00,1.716963884225425119e+00,2.431242292958766260e+00,2.843079654203086726e+00,-2.618372474907095349e+00,3.065360623484560954e+00
2.767405073492832379e+00,-2.953209114868087681e+00,5.942037836047825650e+00,2.678918667422807154e+00,-5.524539776418918358e+00,3.281654833100111190e+00
2.119277114290074593e-02,-1.975663835863870510e+00,-1.062509010728916792e+00,-3.426612578811353060e+00,1.119396222813083153e+00,1.871832992877779489e+00
-2.856785333432263485e+00,-8.116563489440835610e-01,-3.597195960538897008e+00,1.969326391129097686e+00,-8.928094885977500006e-01,-2.936510887523753333e-01
-1.767446996848057950e+00,-1.390421573322977444e+00,-1.765624775350975728e+00,-2.221178874660267866e-02,-3.563967049677335019e+00,2.555496288112010461e+00
-2.453967518027043493e+00,-2.515219714225905179e+00,-5.594714074478214449e+00,-1.116643047891230367e-01,-6.891850470538206652e-01,5.872363030457403710e-01
4.705848615421373005e-01,-2.839615784248685326e+00,1.776497668652382123e+00,-3.114925129318438568e+00,-9.015479032849027519e-02,2.950656644323414568e+00
2.493568365540916432e+00,1.732463709011331510e+00,-1.313416958764380915e+00,1.104503791667760915e+00,2.457577780936922363e+00,-2.519567180862692268e+00
-1.394295751258758820e+00,-5.900956349633261766e-01,-5.952497551058765879e+00,-9.140226367958348419e-01,7.980777548149039502e-01,-6.951448923988063910e-01
1.704419346416861103e+00,-2.238349613252457182e+00,1.140386443119736803e+00,2.170099933719705554e+00,-8.685623433770606194e-01,-1.016624474186171856e+00
-1.326389916108055456e+00,1.157430449274341022e+00,-6.293942345281760886e+00,-2.372721245451093086e+00,4.229214898787216015e+00,-3.058245489137330075e+00
1.483275907733982990e+00,3.069668521718523557e+00,2.884889723022318719e+00,3.299664321654225851e+00,2.266333204682907443e+00,-3.333799987139185017e+00
3.493653859797558603e+00,4.004895737736049455e-01,-1.360750621626189538e+00,2.192072043617678823e-01,-1.065745303441418823e-01,7.084195982613952225e-01
-1.112293432126388204e+00,2.690929126937158244e+00,-1.707507534145855654e+00,2.756203018852916742e+00,1.761885095272844648e+00,5.544358470413612849e-02
-3.012080817282400069e+00,1.656767831457325535e+00,-2.969010282094250108e+00,-2.775999054976459490e+00,2.588193162446475348e+00,2.333218260647398345e+00
-2.345526130461166758e+00,2.811413344819287730e+00,-1.895858682742361800e+00,-1.638724228316144949e+00,3.444592058315222083e+00,3.269293736033016096e+00
-2.925452866699214560e+00,1.818364960965044297e+00,-5.616450916953021455e+00,1.167789573577865170e+00,1.232620665840935548e+00,-1.579089892768447800e+00
8.278953674940066065e-01,-1.380595346490071762e+00,-1.820890870266979933e+00,6.791383580843470824e-01,4.021241036746170394e-02,-2.599286225075277734e+00
3.124079438626848670e+00,3.447733485188248181e+00,-3.551885514878070360e-01,-1.297827246783409993e+00,5.320976339521370058e+00,-1.775071841514539894e+00
-1.958372216701854907e+00,1.289560911836296953e+00,-3.952363195563595166e+00,1.097517831550506529e+00,-2.970323389742145492e-01,1.262181194536971418e+00
-3.252959366742024017e+00,-1.739682031181701394e+00,-4.491248952358510849e+00,-1.204398173870344202e+00,-1.520759418473037750e-01,1.621937825164953217e+00
-1.026638984750976036e+00,2.949449759544956251e+00,-5.944744046277329552e+00,-1.050755101504975197e+00,5.361101086768797153e+00,-3.121438761701150089e+00
-7.942256129870415293e-01,1.391748032351632247e+00,-4.919374237423660645e+00,7.146671512833995266e-01,2.678735775880174863e+00,-2.486893939576623858e+00
-2.670053538831188344e+00,-2.770416075054205507e+00,-6.020726525885088165e+00,3.296228615887555335e-01,-6.087098853360802808e-01,-2.769643534410804353e+00
6.389942458514488166e-01,-2.473390166924592570e+00,-2.100469565199606592e+00,5.332265860057123774e-01,-1.071284626932506701e+00,2.708421248527694836e-01
-3.359345147154177980e+00,2.176115232327192395e+00,-3.534346294472900940e+00,1.960716653358582029e+00,8.296812827453083905e-01,5.992154789044041863e-01
3.218574873962272598e+00,1.469315832447039227e+00,-2.581159008381691766e+00,-1.824144366025446162e+00,4.000326235288520493e+00,-2.875042166715374492e+00
2.766549813417698900e+00,-5.324786539157804199e-01,4.722569592058937005e+00,-1.659035785634819904e+00,-1.067420595951486639e+00,3.245937722011756676e+00
-1.436022806213252956e+00,2.445867197615725352e-01,-1.064777701002398880e+00,1.348593013541320218e+00,-3.297900224738318009e+00,2.378182533049280956e+00
-2.972144759199550457e+00,-3.275159405587437789e-01,-4.922002053974207314e+00,1.499211718221546974e+00,-5.707468857607860269e-01,-2.321071119845374398e+00
-1.179773894237746923e+00,2.951853684613228168e-01,1.845641584481502173e+00,1.780803596036349745e+00,-3.712955191294848856e+00,2.357482518286187378e+00
2.524090099835412104e-01,1.439583555487628175e+00,-6.268000819490138209e-01,-3.200575175098272496e+00,2.470323108773856635e+00,1.801940248700958591e+00
-2.533892692715032258e+00,-9.576343725664542283e-01,-1.858580567754539503e+00,-2.735889299301508260e-02,-3.242830202969733566e+00,2.508093915771752336e+00
-3.376031499866748664e+00,3.037889920126113807e+00,-6.526609426334170294e+00,-6.677901902237559639e-01,3.397930254192520039e+00,-2.662109425185374967e+00
-2.131539695335129103e+00,-2.473868800687053060e+00,-6.336208683182266377e+00,-2.454486400853397754e+00,1.920545054348057112e+00,-1.201750564736849824e+00
-2.771802257595874508e-01,2.267829155183807011e+00,3.279174447311963281e-01,5.827071574743136750e-01,-1.127653819925295564e-01,1.823126763992564570e+00
6.829270074278461777e-01,9.922900313524642968e-01,-3.037229616219718764e-01,2.177600678332185069e+00,1.089740697276662340e+00,-3.430249269003942558e+00
-5.309247424444456520e-01,-6.264900455990951578e-01,2.373386303944169384e+00,3.286082375959074042e+00,-4.027528448517116999e+00,2.259359241779262284e+00
-1.921871641259619290e+00,1.963253592924175450e+00,-3.700929577287007444e+00,2.159077806558412860e+00,2.195113551795595974e+00,-1.302181417986196355e+00
3.369462379473831426e+00,-3.005371006111183796e+00,-1.173607164864545638e+00,-2.318813449758309719e+00,2.239039967116535301e+00,-4.028006366922434189e-01
1.254865296515109918e+00,-3.494612029381447993e+00,-1.160592917990215023e+00,1.280782844060519565e-01,-1.658311977199008691e+00,1.040010919836372061e+00
2.999733814804937282e+00,-4.499820806217917912e-01,2.095078848104843239e-01,6.371965091268396719e-01,-4.294161336596739043e-01,-1.432137913657895556e+00
3.457527825012322253e+00,1.777698014979074870e+00,-2.451003456177494488e+00,-2.812260377745471107e+00,6.785810783724617323e+00,-1.733020641929585270e+00
-5.621795771017286114e-01,-1.542910188017802886e+00,-5.081468302844461604e+00,-2.740901335624310597e-01,-2.705269969770530136e-01,-3.400865285718057685e+00
2.332203595015992725e+00,-2.782206765852603514e+00,2.563970696784943826e+00,-1.468123239237844935e+00,-8.724800300331004843e-01,2.136887393629649523e+00
-1.813652748435854889e+00,-1.424149551560694338e+00,-5.211227561360635363e+00,-7.075098038479841200e-01,5.108754449609189674e-01,8.014233893406617071e-01
-2.971574449524085004e+00,-2.232744632208069291e+00,1.312871257650026768e-01,2.850310724906195858e+00,-3.618870687299838185e+00,1.845087445089948375e+00
-2.749815378038525715e+00,-5.543059330520372363e-01,-5.713826688889709793e+00,6.800740455279878915e-01,-1.640638105029944560e-01,-2.739824144353057989e-01
4.683854167595353779e-01,-2.496968032510460844e+00,-2.599292246497836079e+00,-1.435441808830714816e+00,1.781803085608946624e+00,2.705568456169293867e-01
-6.696114755867332846e-02,-1.548707891048123564e+00,-2.359361368900324329e+00,-1.264694516202436780e+00,9.571943864763216014e-01,1.420532879280274940e+00
-2.355557271161123012e+00,-1.373657584560170175e+00,-5.550923310195934768e+00,7.729939990001311045e-01,-2.754525241885915632e-01,-1.369887826525316932e+00
-4.954299721410100332e-01,7.398528441862035621e-01,-1.495703582549339217e+00,-9.795669095706855956e-01,-5.188692843953859324e-01,2.042644506857908659e+00
5.506851279974345204e-01,2.914606736331666781e+00,2.555197264608313645e+00,-2.757815317267000133e+00,1.599859903095543157e+00,3.347233161152403547e+00
-2.436524804734423455e+00,5.930783946565272302e-01,-5.262899754878304748e+00,3.733517674979873746e-01,8.847700392126323088e-01,6.052096574649947769e-01
-2.336289834790018283e+00,-2.793584085443114873e-01,-4.806710082676646678e+00,1.532887628698130555e+00,2.837797587064938565e-01,-1.767224253165373016e+00
9.442229736684755181e-01,2.074786438272210098e+00,-3.351697851499186864e+00,-3.285703289630837798e+00,8.199359479087675595e+00,-2.617581579414752113e+00
-3.180865166632024454e+00,-2.393429501270181170e+00,-4.168974647846471981e+00,-6.984563755484582970e-01,-1.022012440058333693e+00,1.439547082052095917e+00
2.048094749963147443e+00,-5.820580574237448346e-01,-2.763944242031177723e+00,-3.235053963435290392e+00,5.424953773343091257e+00,-2.502088831675855829e+00
-1.694739263631125370e+00,1.739011515434070176e+00,-2.827618307325484803e+00,-1.350022179101138864e+00,2.483271367390917916e+00,1.980074751614888662e+00
-2.059285302014917107e+00,2.151128734341254400e-01,-2.863724368171162382e+00,6.740953779905582977e-01,-1.209301946386283966e+00,1.764637083504172033e+00
-3.423842696953522502e+00,-3.848194998599323569e-01,-6.498256600205296607e+00,-3.025865493266115536e-01,1.590639902857462262e+00,-3.003536482803690344e+00
-1.865033536280640725e+00,1.067789195065955710e-01,1.849246415583416736e+00,3.313114691088413721e+00,-4.419756583614322665e+00,3.080550737492922408e+00
-3.478063223609243249e+00,3.681180237062835481e-01,-6.852360033088885416e+00,-3.068259892783105069e+00,5.188271234509372221e+00,-2.483763437232522353e+00
-1.561407513326569685e+00,8.574835219134877562e-01,-3.966931367956517018e+00,-2.475228932449461183e+00,2.343095730553448774e+00,1.514190579197133957e+00
-8.863261187422910581e-01,-1.114337774454330798e+00,-5.392355176415246198e+00,-2.399063034690009033e+00,4.552142191786042957e+00,-1.596879745060322264e-01
3.008920338225903990e+00,3.090347114410862517e+00,3.861620816288260372e+00,2.600781844558468947e+00,-2.710228398915892067e-01,1.830674637255079951e+00
-1.034097584744163356e+00,1.037554913780604160e+00,-6.201278024176050785e+00,-3.091287667634625258e+00,4.785685512598316649e+00,-3.014855305049261247e+00
-3.242951029197699508e+00,-1.468346550124032479e+00,-3.276810320357125050e+00,1.060105814018826642e+00,-2.585685514244475236e+00,1.633352885939507004e+00
3.461743836315499756e+00,-7.183755177376265344e-01,4.261193742750223556e+00,1.241453950327406019e+00,-4.449736935767063528e+00,3.293498716051452391e+00
-2.980855402962800937e-02,-1.534209153594494168e+00,9.753412200410829236e-01,3.078604583329114242e+00,-1.181046849949024313e+00,-2.343853553765377740e+00
4.472102186196460494e-01,-2.403045055669739583e+00,-3.045714239912765908e+00,6.385760820505037572e-01,-9.454959665594042661e-01,-2.687099311291284209e+00
-6.518844824347849176e-01,2.846268372367975807e+00,4.410359082544812459e-01,1.917987687077407521e+00,-8.769088835644176516e-01,2.182196640413502919e+00
7.091830106818139967e-01,2.625803465006332438e+00,-1.586543684536106502e+00,-9.513721933427108368e-01,2.563614979792760096e+00,1.103570256572135477e+00
1.422715429535642784e+00,-1.806603703338543143e+00,2.934719150778264396e+00,3.411361453732483007e+00,-8.021676242024142756e-01,-1.937782837745655407e+00
9.105713269701318779e-01,3.218499190683599132e-01,1.301065649397469048e+00,3.362225790686371063e+00,-6.060292380669380918e-01,-3.265489809550087941e+00
2.808591702331893813e+00,-3.069544647798716497e-01,2.678898186426634354e+00,-3.322581957088813098e+00,-3.242107122185791668e-01,2.692852549634012327e+00
-1.620630176330655203e-01,-1.983507295557110472e+00,-4.435432386586532161e+00,-1.638250401948937451e-01,-1.175793365634940635e-01,-1.404973322387187640e+00
-2.803759165641821038e+00,-2.947586380708438369e+00,-1.236023929740980964e+00,3.017125800561970550e-02,-3.700492716260940895e+00,2.115372624338119678e+00
-1.643765444930318953e+00,-2.879955763461244711e+00,1.191540730925715108e+00,1.688055273568440207e+00,-5.266500814811482023e+00,3.125780751789796419e+00
2.992486481121963138e+00,1.996217732284947921e+00,3.329287326354796406e+00,-1.912703146664732845e+00,5.312719645745411778e-01,3.287798481050094423e+00
-6.433339748670858782e-01,2.455035101952653065e+00,-4.861448434825324405e+00,6.334403003800739285e-01,2.181858760745270853e+00,-1.746660259285768735e+00
-2.602311600570915484e+00,-4.202760504701825717e-01,-5.751678005887881362e+00,8.468185870924278547e-01,-5.472810472011926386e-01,-3.021890238828214503e+00
2.771778357129297099e+00,-3.104610279093586112e+00,6.464414963570110917e-01,1.549245076434473845e+00,-1.389925130428034894e+00,-1.330316949962773609e+00
5.639598777923264805e-01,-2.551977045345853679e+00,2.175778470682128596e+00,-1.581363319001391599e+00,-1.688868232052538332e+00,3.483043820769959886e+00
-7.161048511668512973e-01,2.178267501460621425e+00,-1.286083757342895151e+00,-2.307372719419751306e-01,4.643760267943887188e-01,2.218822019911359078e+00
-3.012784193281146550e+00,5.640456594966858361e-02,-2.568266439444939486e+00,-1.946414076073753385e+00,-2.643963437157475505e-01,2.227855858270491041e+00
-1.113644945161189614e+00,-1.361538203272176339e+00,-6.068521240272507278e+00,-3.461271818396210342e+00,2.771629101812672857e+00,-1.452603441133132556e+00
5.005802946617619043e-01,-3.403768649664983048e+00,4.183002831636356333e+00,2.291939982801289410e+00,-5.611609216508536946e+00,3.471575171439310381e+00
2.379160723947578049e+00,6.534661191023580784e-01,-2.548970534029231239e-01,-3.776419396454318012e-01,7.412431969904629270e-01,1.011870827748115431e+00
2.839084997128074050e+00,-2.128551510297485017e+00,-1.241051087091518568e+00,1.250132629164540710e+00,2.013976573719900021e-01,-1.965680684806077050e+00
2.482878638909175706e+00,-2.786809361720955280e+00,2.393638372544446113e+00,2.521166373876165601e+00,-1.182190959295430055e+00,1.000385935438758089e+00
-1.810335312170856525e-01,1.761307737489937963e+00,-4.270990211011994830e+00,2.144413710142569762e-01,2.014602626898611248e+00,-2.049509894472149707e+00
4.361594768410226308e-01,2.854570943091864876e+00,-1.742288246745045344e+00,9.925398102208768947e-01,3.934578612524064045e+00,-2.241185005386990614e+00
-3.076880841861714178e+00,2.325258953012298235e+00,-3.027278409239707369e+00,8.482908117092167188e-01,2.069958578914893987e+00,1.774528171981428315e+00
-1.225053694757663791e+00,1.065284606166505554e-01,-3.129463973377321295e+00,2.080426835031722987e+00,-6.504132472891043237e-01,-2.095649381946280698e-01
-8.934277514644053397e-01,9.332935566764444246e-01,-5.656093482279426432e+00,-1.458096202690912335e+00,3.841675732208969407e+00,-8.167439402822340710e-01
1.674793896226157486e+00,-2.724090139013239931e+00,1.296450330201622148e+00,-3.269550770829229513e+00,-3.907026101662428585e-01,2.775082146152908713e+00
-3.808597026317865897e-01,-1.954232639878425992e+00,-5.447752361256596565e+00,-2.602411256257074701e+00,4.495252183111718480e+00,-2.236696769056067957e+00
-2.152994133763068696e-01,-1.076323248690123968e+00,-1.101766155490109922e+00,3.368519660532568238e+00,1.099679084721849609e+00,-1.706720474186738112e+00
1.374368282348381598e-02,6.881737533502132464e-01,-3.709230015797103430e+00,7.664861454691278553e-01,1.284210265988165789e+00,-1.380279703550586934e+00
-1.913233433046214182e+00,2.524253240058922820e+00,-1.750008072453682617e+00,3.081797740261706053e+00,9.555853827551634705e-01,9.557773465987420280e-01
1.697080514939603546e+00,3.301739010391494311e+00,-1.819081189736051041e+00,-2.750073803270331574e+00,1.049036490008997902e+01,4.671529216777265958e-01
-1.193779867691911356e+00,-1.716859488957274138e+00,-5.879673476833104040e+00,-1.779781789022344407e+00,1.675733213502823560e+00,-7.207660834659921356e-01
3.038034303220740640e+00,2.306369485251766882e+00,-8.821388567903039046e-01,1.332436544788100363e+00,3.202019500574786015e+00,4.591547513176932327e-01
-2.003383058617851376e+00,9.769410450175071148e-01,-1.511237193105270160e+00,1.672705271485210865e+00,-9.110763398365649968e-01,1.681918715626894212e+00
-2.060142390001860058e-01,-3.031223826462741577e+00,-5.251922742017356427e-02,3.010150008814907352e+00,-1.406720690040943245e+00,-1.438082764246048306e+00
-1.826308361974863681e+00,1.963377816506831408e+00,-5.228097487010872513e+00,4.314506140552034630e-01,2.767882324914945791e+00,6.940318480124325617e-01
-3.377672950613428426e-01,-1.182441273438960216e+00,-4.711087180435385768e+00,-2.830578184615211157e-01,1.874387757941116117e-01,-4.759114540918174541e-02
-1.929300771040407536e+00,2.075990918656559714e+00,-5.922628163029765247e+00,-7.965657003619202037e-01,5.395474889069806324e+00,-3.720182379945757845e-01
-1.526608448885476754e+00,-4.621644675844116534e-02,-5.884711993256137141e+00,-1.913407521170822356e-01,6.041709114412312509e-01,-3.001792090542150238e+00
-2.183205332074424909e+00,-9.335621693021289857e-01,-1.129739835168140250e+00,-3.443664539811353009e+00,-1.109837984300388269e+00,2.993258071485605853e+00
3.938933982598591399e-01,-1.761189621748153300e+00,4.848440268366603689e+00,2.222641969235297665e+00,-3.803104378386233719e+00,2.209966014064063344e+00
-1.001031169987544267e+00,-2.046218097217328058e+00,-1.817684585563265287e+00,-1.351152778928410569e-01,-3.453431125481089659e+00,2.166233385658089539e+00
-3.183006783017347185e+00,-4.035257009312460674e-01,-6.612120682278314732e+00,-2.045533737189394241e+00,3.171222160893509390e+00,-1.299364765430477853e+00
3.473205377605487421e+00,1.590973501190093842e+00,3.509920403595239158e+00,-8.205148324065927312e-01,-1.215654333509361695e-01,2.684309930597928329e+00
-1.633230092518975773e+00,2.623416801510138008e+00,6.193746543231029023e-01,-5.023853070789270348e-01,3.683284758127467473e-01,2.823544982342460763e+00
-2.106804178185605281e+00,-1.332196033371668253e+00,-2.782253362680183528e+00,2.307066856796605059e+00,-1.224487765166377917e+00,-1.391955125208501620e-01
-1.868011929487025657e+00,-2.987975519044677064e+00,-5.369468857305246701e+00,-6.930455436000659830e-02,-1.693834035859684839e-01,3.900257950798895479e-01
-2.022960591821370890e+00,-2.057084995165348040e-01,-5.456664951379005757e+00,-1.562696364463923349e+00,1.671123963388015721e+00,1.054492070467527576e+00
1.344093033997646458e+00,-4.721184852795397013e-01,2.069778627417122596e-01,1.516497226888895433e-01,-1.298411980181438441e+00,1.716069626928722336e+00
1.579308833323970873e+00,8.228794093051217118e-01,2.678998500807333816e+00,9.681155990317318327e-01,-8.412506842698579401e-01,1.844880198444083241e+00
-2.434060033652091448e+00,1.890232238613994475e+00,-1.492076611723293311e+00,3.454484603799097719e+00,1.507711825969966446e+00,1.411271246400080948e-01
9.836616717944357546e-02,2.530442783878892321e+00,-4.376591444012961851e+00,-3.470785386209406909e+00,6.418646105470632079e+00,-2.209153347122677413e+00
-3.190534131826828101e+00,-8.995195126346455794e-01,-6.101280846009839998e+00,3.739956161593482875e-01,8.116190935845220000e-01,-3.055713917136801516e+00
-1.399459197762187301e-03,1.310253740673195111e+00,1.802945575236329034e+00,1.884977156950593091e+00,-5.872580758791601241e-01,1.863666059029010391e+00
-2.025388472323612632e-01,2.413057114638474943e+00,-5.103019665749717326e+00,-2.853365122235159035e+00,1.024261472591507349e+01,-3.403074679807730707e+00
-6.027227988544252568e-01,2.622427173978632453e+00,-4.534074538542091304e+00,9.009771106428292597e-01,2.642397041080612130e+00,-2.938367555827173128e+00
3.034818546542239481e+00,-3.166653287623448776e+00,-9.535538536523618935e-01,7.173072780078033617e-01,1.417193525541731169e-01,-9.929198939057877205e-01
-2.678249882626815292e+00,1.299438989226361585e+00,-4.775138198458776628e+00,1.483207849640687748e+00,1.351260846423038675e+00,-9.434348111029429162e-01
-2.850475584530109074e+00,-3.319665730233750001e+00,-2.098478336132688860e+00,2.896753205220542249e+00,-2.084873528235962947e+00,7.094177197611610808e-01
-5.165869232906761255e-02,-1.468521157307191682e+00,-3.803216026719796972e+00,-1.133308895233686275e+00,3.517445611513653425e+00,-1.360158801585174437e+00
2.310364797176181817e+00,-3.243864892571783010e+00,1.553984544040545757e+00,2.593366146822977392e-01,-4.154712477174494545e+00,2.271484785509167992e+00
-1.581642190683808513e+00,2.864392500628800242e+00,-4.599246639736787046e+00,1.305821540100613021e+00,2.334664140566251156e+00,-6.957241944656673560e-01
-9.337611604228484019e-01,-1.501956074247861039e-01,-3.207140200073793412e+00,2.223375667252845744e+00,-6.488658200339723070e-01,-2.430065041663720393e+00
4.010310233897418364e-01,-2.016534734440522669e+00,-6.582439737661234247e-01,-3.467517861027816561e+00,1.680457760158128533e+00,1.295485330657212941e+00
-1.578771102612821053e+00,2.197607783296900763e+00,-1.711237923083471113e+00,2.807271962014942446e+00,7.104105570157436267e-01,5.154893002354850040e-01
3.288836677801002750e+00,-2.469175721299223358e+00,-1.612118244719767501e+00,-2.486202099181144654e+00,2.071646143076924851e+00,-1.844967550540454138e+00
-1.642585944424861388e-01,-2.479927866091476307e+00,-4.666122568010043103e+00,-3.193410143832994486e+00,2.349958081704490276e+00,-4.715015284452905853e-01
3.450597394719153499e+00,3.318152578604895098e+00,-8.105682296146620169e-01,7.206875983418772336e-01,1.095419041724451814e+00,1.131413930937406498e+00
-2.891216106782803941e+00,-1.916669336340920182e+00,-6.038171709390680597e+00,-1.966637188973911154e+00,2.164895352617369984e+00,4.543988063855719517e-01
1.032231566749796769e+00,-2.640356065247890793e+00,-2.346720256960210360e+00,-1.854320298790952837e+00,3.086304001295484323e+00,-3.906134992043130971e-01
2.691162802030993006e+00,8.007531053927525733e-01,-1.932879113059893239e-01,-2.042107521904572565e-01,-6.392641465327312256e-01,1.531896501499462993e+00
2.674750463923279753e+00,5.215660565469191212e-01,-3.696523130125339840e-02,-7.934290406645843063e-01,1.191589770013342653e+00,7.886017038766031106e-01
-9.452599396538152732e-01,1.222969848771763957e+00,-5.718111742474087933e+00,-2.072958610164999271e+00,5.978796235637522827e+00,-5.214468885469858428e-01
3.099474480032160528e-02,2.488530799969999485e+00,-2.684870648500942369e+00,3.205912336997038814e-01,4.219273841250426038e+00,1.841773669202781960e-01
2.225573728200255452e+00,-9.550557793244589533e-01,1.362134586104960965e+00,2.368675529714170835e+00,-1.024662548921739136e+00,-2.029899524842627923e+00
-2.045450358556953230e+00,-1.712735918654804568e+00,-5.879350877190415048e+00,-1.398263588435841420e+00,2.537893215029184191e+00,1.047815877104785187e-01
-7.860758691610594262e-01,1.615609030261007995e+00,-5.719384903991375779e+00,-2.232570211545475303e+00,4.563840985353627033e+00,-8.396064969278826950e-01
-1.656365812819647898e+00,1.858490850893613988e+00,-5.605009582712797034e+00,3.158304968118486045e-02,2.896469207361572984e+00,-1.535929184035396133e-01
4.063244180827219054e-02,3.462262408102866118e+00,-2.427646234742566911e+00,1.900767047307638791e-01,2.046007547195213050e+00,3.615141886108150793e-01
-2.829413495569287562e+00,-6.802102789237380875e-01,-5.836900215242113887e+00,9.934975847083427070e-01,-6.029565923070121514e-01,-2.794803512471212059e+00
-1.394226335955857543e+00,2.582608443407063525e+00,-5.206879144733932208e+00,-6.833746764783752425e-01,3.780446162330905580e+00,6.577153408799514267e-01
2.098222810601274801e+00,-1.319472470317073487e-01,1.879889871458620965e-01,2.035881116143626990e+00,-5.787558430917731922e-01,-1.475001631442423911e+00
-4.963237430444435994e-01,-1.536975777998101034e+00,-5.242139226891657788e-01,3.105032185757566232e+00,-1.202534994924214562e+00,-2.798065224492013225e+00
1.243175829562789048e+00,-1.396647922190394908e+00,-1.497736140511432446e+00,1.000159270238445863e+00,-5.536573225786548536e-01,-1.952629255649021012e-01
1.464640392556404436e+00,1.033811236281898083e+00,1.431450048065028291e-01,-2.193688193327476554e-01,2.873528197585462962e+00,-2.795421727028202241e+00
2.611166506587473179e+00,-2.029357196757987314e+00,1.681575502660939359e+00,3.272161727600874315e+00,-3.966522884755405709e-01,-9.640362603076133574e-01
-1.046328680794826216e+00,1.215244713328170079e+00,-1.817393048853736648e+00,2.940805042488399579e+00,4.580263069086047967e-01,-7.849692823233147543e-01
-1.276071986174073469e+00,-3.265461089381042736e+00,-2.334840296944546090e+00,2.868655353023044086e+00,-1.470026336695515301e+00,-2.264353125293282254e+00
-2.322257535958723640e+00,2.179670736007179421e+00,-6.492503242767850402e+00,-2.407507134712008501e+00,5.981277752036540107e+00,-1.939577666865612393e+00
-2.034982277820107655e-01,2.075386383655532185e+00,1.264548373126030967e+00,4.180510940191108915e-01,-1.794190725702071942e+00,3.210255070531021993e+00
-4.712561130956745004e-01,1.612636802425360116e-01,-3.860622746320294674e+00,1.502804750506189890e+00,9.886018253253110455e-01,-9.330155241130286825e-01
-1.659624073858132931e+00,-1.734485248999768636e+00,-6.145169407682539386e+00,-7.177321606500064455e-01,3.476068293685312671e-01,-3.235672793735479669e+00
-3.105968727727694834e-01,2.957909695282880946e-01,-4.475001646972355474e+00,-3.299685815111411014e+00,3.863743405525317254e+00,1.026439655732477085e+00
-1.627288812417660324e+00,2.419866891899144612e+00,1.463681420471383277e-01,1.410471336572349799e+00,-1.898728747608770639e+00,2.671351726594314968e+00
1.425616849220353366e+00,9.058125369873337718e-01,1.450724465063479629e+00,1.038558064310557860e+00,-2.164681462624933328e-01,1.934457119694886096e+00
-2.690143757752019305e+00,4.329207741847307389e-02,-2.735395005968727311e+00,-2.688441663958676120e+00,1.618143037050974731e-01,2.087487011697228390e+00
3.220930128884135435e+00,-2.502870982988314452e-01,3.462518929093004516e+00,-5.192754721801602358e-01,-2.627891485195991805e+00,3.484881987497266742e+00
-1.756832295188490267e+00,-2.888650924561210864e+00,-6.074322297617037236e+00,-9.361431043295187493e-01,1.244690483453660512e+00,-1.260784876169271485e+00
-1.040362553927084655e+00,-3.487836717751639171e+00,-1.476029350784139549e+00,-2.109924218250047723e+00,-1.144445566480042586e+00,2.956783692834033417e+00
4.700398805319361273e-01,2.907928203025504033e+00,1.317012069397311969e+00,1.426609631666707401e+00,-5.711462834187008841e-02,1.816831314462423741e+00
2.140536073165471009e+00,2.223117361303875050e+00,-2.390769401615575607e+00,-2.848219439043052859e+00,4.845444095802610818e+00,-1.492599440556707791e-02
-2.082033236699075474e+00,-2.434690921557479459e+00,-4.076467210873098601e+00,1.529497458168220803e+00,-1.168945399485277425e+00,1.012084559700225483e+00
-4.470545557445060325e-02,-3.226862097138202934e+00,-1.667471601423042182e+00,-2.235645476939305709e+00,1.220902255023677441e+00,1.637948531328361490e+00
7.767518215520619052e-01,2.840007710851841338e+00,7.929514885634407761e-01,-9.425638978567185688e-01,1.897800425306587879e+00,2.170578888708650567e+00
-2.985190573120302115e+00,-3.375480823071849379e+00,-6.740942292419179971e+00,-2.097511151830433018e+00,2.622247280134799574e+00,-3.395659748546782097e+00
6.888294939078365431e-02,3.386725868818622587e+00,6.237224613184895183e-01,-1.908020173115860807e-01,-4.234304000862209039e-01,2.747046378188970905e+00
-2.339497435839668071e-01,-1.724262698961336326e-01,4.855731664050471075e-01,3.090147977101275423e+00,-1.104225568720776041e+00,1.268635787170227402e+00
9.081848535531911182e-01,-3.140130405807143532e+00,-1.876091930310870071e+00,9.264630880339970176e-01,-8.158755362017737767e-01,-3.328324145059838202e+00
2.703463064835715635e+00,2.458178774939006495e+00,-8.404172592432717082e-01,-1.634338196585671810e-02,4.179934799750522956e+00,1.255827233039989110e+00
1.338526133874412771e+00,-9.710865054841693045e-01,-2.214784782826336507e+00,4.253906042195287895e-02,-2.467086771363908304e-01,-1.340497994721125519e+00
3.330591378932810542e+00,1.713181082616990203e+00,-3.251536041474971661e-01,-1.972274733649221901e-01,2.237477048044069328e+00,-1.353241648233403538e+00
1.907334245485722946e+00,7.761209266573594334e-01,-2.233850304316863156e+00,8.652680238248029454e-01,1.852458210080045298e+00,-2.813224948738038744e+00
-7.548633203344583542e-01,-2.338487380038092756e+00,-5.566968686415667555e+00,-2.178801422237901519e-01,2.418406615538815085e-02,-2.402028906307676515e+00
-7.115668721269723385e-01,1.726529968089822731e+00,-1.976840463688282590e+00,2.932237785938164976e+00,1.714387412604319483e+00,-1.443692726133344983e+00
-2.812164123898770463e-01,-1.996220930618849199e+00,-1.098742080893824635e+00,2.800582805729012748e+00,-1.358282359728149702e+00,-2.789084500322047244e+00
-1.937439593962092310e+00,-2.996162408299602564e+00,-1.360627131719742033e+00,1.912155623853064590e-01,-4.834474961945658400e+00,3.415479188551371337e+00
-2.219601442042984374e+00,-2.852161941215690444e+00,2.763613038916338027e+00,2.655683974441835460e+00,-5.398589532314563399e+00,3.148029388029780051e+00
1.197771086107879412e+00,3.115083967951338906e+00,-1.855276533893467139e+00,-2.661819630856434138e+00,5.338742744602754442e+00,1.271194498095457703e+00
-7.035384854919066733e-01,3.497976602454043515e+00,5.366172073911991802e+00,3.053572472769064738e+00,-2.084690235385578294e+00,3.352689365794141452e+00
1.231678046561167861e+00,-1.041302213663051202e+00,-2.781719551322085593e+00,-3.305263917546046315e+00,3.828994944037003023e+00,-2.201030834706843908e+00
-3.283596720229566834e+00,8.775574236482439616e-01,-6.175268638977925661e+00,-1.195332724490416609e-02,9.803146598022136615e-01,-1.834633474269589559e+00
5.603450741109057276e-01,3.387019745614448851e+00,-3.203496912417243436e+00,-4.053752326719499699e-01,4.057255782019714374e+00,-2.112210742060140589e+00
-8.850858865234858541e-01,2.009578927491215694e+00,2.101024252239615198e+00,3.158914961125223186e+00,-2.065778939708200923e+00,2.695320540226413542e+00
-1.824744847017344629e+00,-8.755623891464257014e-01,-9.714707262502099150e-01,-1.626472266890857110e+00,-1.057996453520518632e+00,3.432839128249170813e+00
-1.644041527311728812e+00,-7.603742203586740800e-01,-9.526508193790372836e-01,3.379127143885078510e+00,-1.275045771233613623e+00,-2.096088622546849134e+00
-3.695860453986852256e-01,-2.894628682441797274e+00,-1.209958268422660632e+00,3.315942705380824584e+00,-3.678779184496572263e-01,-2.868169110274778610e-01
-2.160829947009788921e+00,-1.083697965539314634e+00,-6.026971137034461634e+00,5.658737109616955863e-01,-5.203895312254106509e-01,-3.376299980002769097e+00
-6.156222948550000851e-01,-7.216311614389914197e-02,-5.395719942256805624e+00,-2.165335965075038782e+00,2.688028637777678309e+00,-1.499551033063664107e-01
2.894572251914737215e+00,1.561514982250284511e+00,3.006844903930328883e+00,1.819954642666752775e+00,3.556318187532285791e-01,1.595205042679578966e+00
-3.396372325775566026e+00,3.282699631466101664e-03,-5.525029891829098538e+00,6.230277166033131309e-01,-1.579434462204354350e-02,-7.829391832167877929e-01
-2.727800697088766491e+00,-1.022846676163834623e+00,-2.574394444377894775e+00,2.616581915524918145e+00,-1.118707517923340777e-01,-3.278422908955012094e+00
2.642269822604634832e+00,2.801273354518992065e+00,-7.419334050586209317e-01,1.738616471504279559e+00,2.162469899368987480e+00,-2.196138190940262636e+00
-1.695332933551809917e+00,-4.803210999938727355e-01,-3.228198174767165973e+00,1.689419311733912465e+00,-8.906304457098054295e-01,1.018690704258409241e+00
8.468298343955815710e-01,-1.794475604084725839e+00,-1.408653734534697888e+00,-1.724257340503426938e+00,1.497558363360223632e+00,8.921102403349889798e-01
3.414417147181575629e+00,-4.420318876031714694e-01,2.147975048420301292e+00,-2.892565542763286590e+00,2.379897315641126276e-01,2.379534530327434005e+00
2.828662527940794646e+00,1.728678466737308739e+00,-1.144001821318605838e+00,-5.689904561139695893e-01,2.657195865996798023e+00,-4.284059312773957906e-01
-9.450972002389246285e-01,-1.659208865120244347e+00,4.712103076159351644e+00,3.398355893380622383e+00,-4.959027256528743877e+00,2.720286761653521346e+00
-1.099562722937896808e+00,-8.811602932478965755e-01,-5.967461728954177147e+00,-2.748889408378492494e+00,4.402345687876865199e+00,-5.584317760665999941e-01
2.625309478312362721e+00,-3.215372179842141076e+00,-1.709680945128984497e+00,-3.568321305949071487e-01,-4.001528891797980769e-01,-3.199773666997468347e+00
2.606695065294810654e-01,-1.058905817704519858e+00,-3.104948267908492099e+00,-3.076610143290855248e+00,3.365976638575056690e+00,-1.486891071971888412e+00
4.817385256685509098e-01,-7.188780707439370588e-01,5.957633573072046440e-01,2.726742041131536176e+00,-7.816901684108172876e-01,-1.344067191628988134e+00
-1.878565222472520446e+00,2.684944433773768679e+00,-1.663549777054030843e-01,1.535653003672015515e+00,-1.838544855029422331e+00,2.889528665216301917e+00
-2.342014208761218796e+00,-1.745641504701394231e+00,-2.644246061954450333e+00,2.183762491366403324e+00,-8.066580223387099791e-01,-1.428190959263011539e+00
1.855863965529147563e+00,1.989675575747551051e+00,5.345041288229861465e+00,1.146189227480731709e+00,-1.882543505852539267e+00,2.521867667822680126e+00
1.967151097691854034e+00,6.464412895606876930e-01,2.204735988699196625e+00,-2.678456336475440125e+00,-2.133932277170287051e-01,3.093053383647426990e+00
2.576701862492834394e+00,6.241398795359369700e-01,1.139983024878648887e+00,-2.455014594173620779e+00,1.813366381412981010e+00,1.912721189243914210e+00
-7.731446793967382547e-01,-2.274560960303197987e-01,-5.371920704851895323e+00,-2.815887905927669355e+00,4.646354246073604699e+00,-1.485297106968221925e-01
-2.546232061640476552e-01,-3.062230782287030273e+00,-4.292227449063867439e+00,7.939588839306139789e-01,-9.898594808025387159e-01,-3.380528814987042274e+00
3.141565082472091319e+00,-3.375508930343741998e+00,1.836629537681741198e+00,2.738469633758330524e+00,-1.316209992049711675e+00,-1.934744745517983588e+00
-2.200501172210870049e+00,-1.627269278089913174e+00,-5.278252496955541773e+00,1.243988848038640960e+00,-9.650341380672717850e-01,-3.335492838229972890e+00
-2.254818506528566857e+00,5.211255077219369980e-01,-6.120542777531690959e+00,-5.213462529469836682e-02,1.846973277433911376e+00,-2.735579517587914289e+00
-2.775913528974471856e+00,1.880255244122295721e+00,-4.957637939954725681e+00,1.213289316020740749e+00,1.791779360496308815e+00,-7.456920651711356207e-01
-3.067393096696359844e+00,5.583338472483152515e-01,-7.466363789632854964e-01,-8.223048526631719923e-01,-2.048687002973091253e+00,3.448726352992824928e+00
-6.503758406532460512e-01,2.651679297798752444e+00,5.681806807105343360e+00,3.262868253568409926e+00,-6.446611548066751851e-01,2.205429901787594460e+00
3.277950809593431991e+00,1.178952710747811494e-01,-2.434668924126068834e+00,-2.882978207544783622e+00,3.499663334645012114e+00,-2.017848358070883030e+00
-9.346842830032060512e-01,-2.676967520114288845e+00,-1.255529218191334895e+00,-2.765702057439587414e-01,-4.312165617049608990e+00,3.083845059733896221e+00
-4.083056603575858645e-01,5.392196021024675545e-01,-8.477608753246139717e-01,2.213362233987580474e+00,5.621286133474501234e-02,-9.982952414226060611e-01
1.364860091384136886e+00,2.755107587359315602e-01,3.900807511432855534e-01,-1.115783646591852030e+00,-1.009375450044319722e-01,1.846566127672470081e+00
1.930282780622558647e-01,5.278593555783155367e-01,1.733148974242942897e-01,-2.013834504750154686e+00,1.244870835082141802e+00,1.949833677059647385e+00
2.966134324644677633e+00,1.742270905524332392e+00,-2.356622925024250303e+00,-3.272793199942714004e-01,2.209862709307668815e+00,-2.008940400886679800e+00
-1.901993843980299914e+00,1.698956701322224205e+00,-6.562282609718789850e+00,-2.899877998314471572e+00,5.473420062480801818e+00,-3.101318715844390450e+00
-1.178279035632470162e+00,1.707388190731569111e+00,-1.690094893290308375e+00,-2.772301575888831415e+00,1.566165642500911837e+00,2.454400991209409355e+00
-4.494014077294261611e-01,6.605686867975295584e-01,-4.054552589528990225e+00,1.134485698344592564e+00,5.538759842731274530e-01,-2.132176311155815629e+00
-3.193646937000269581e-01,1.912052835119865790e+00,-1.116027330103190440e+00,2.542037679706356634e+00,2.012364107760180154e+00,-5.851192957538442485e-01
2.719680552980318744e+00,4.623124110022924782e-02,-1.496981011188647903e+00,-3.069071712968052701e+00,4.437448544126798566e+00,-3.313116381230076790e+00
1.910858986014894789e+00,1.608868575318391336e+00,-1.914302865174351442e+00,-7.472433434016059195e-01,2.118400879921987112e+00,4.011017440834763192e-02
1.421264020221250313e+00,2.148919934342316651e+00,-2.025667920272255174e+00,1.860363545321437329e-01,2.401681375821526299e+00,-7.195507506208072002e-01
-2.077133394120918464e+00,1.905987226691889802e+00,3.190672875219513038e+00,2.815103694966591519e+00,-1.820553282850661425e+00,2.397531332960825878e+00
-3.379048597521391528e+00,2.250960200756947138e+00,-1.730882086725939573e+00,8.761831154571684266e-01,-1.058071339917235232e+00,2.214665898178485470e+00
-7.299304301756728286e-01,-2.564929837782590649e+00,-9.306692583708067179e-01,9.096325050266624856e-01,-2.642970543545889672e+00,1.775206290807717302e+00
-1.485426236233393649e+00,2.664352349727952429e+00,-4.443124664582916772e+00,-4.839509256311833596e-01,3.825828381860246541e+00,1.250716529104467512e+00
-1.682370058443296124e+00,1.286319258153588052e+00,1.780473658138272963e+00,1.671475900570533746e+00,-3.081985028889060896e+00,3.444142161349534881e+00
-3.423104677294483089e+00,1.927887974640058566e+00,-2.597412133604097839e+00,-1.236167191707292723e+00,2.000921171499821849e+00,2.538774074555684379e+00
-2.432508276405908276e+00,-2.677994870506065439e+00,-3.071990750206357035e+00,2.332499866044402737e+00,-9.124784748855827576e-01,-3.389709908408850225e+00
1.529421246703729587e+00,-2.651463748814493648e+00,-7.032677164142057125e-01,1.288336969654128694e+00,-1.167809817503715930e+00,1.138288898569310703e-01
2.744719708220388021e+00,-1.034036843334201095e+00,1.467825093894601807e+00,1.314113407523773702e+00,-1.947660697803240470e+00,1.181845925670875097e+00
2.647869061506899158e+00,-4.845360611642157700e-01,-2.423322718160578759e-01,5.400200556551899567e-01,-1.708959650168187849e+00,1.420362480630512181e+00
-1.262651567731861491e+00,1.355929858040361147e+00,-4.043029583289716733e+00,1.766706830776471726e+00,6.951584834299017190e-01,-2.607525394240415295e-01
-1.168310004497173704e+00,1.237803004074699231e+00,-5.072527007229541418e+00,-2.978378508144426284e+00,3.530678589632567643e+00,5.307727750082493756e-01
3.405178526484554880e+00,-3.426096516570185990e+00,1.921462779158743306e+00,2.569771874090887032e+00,-9.004503209236853767e-01,-1.122850252852149122e+00
2.763712898401551321e+00,-1.214091250869957950e+00,5.649755378243058068e+00,2.944138544851835348e+00,-2.306733517154705204e+00,1.760034095044139768e+00
-2.306018669288535605e+00,2.304494926247235398e+00,-2.317672817443220623e+00,-7.049471775622238034e-01,1.945191100757679981e-01,2.219368330507680120e+00
-1.990853034839879188e+00,-3.088431819578216775e+00,-2.006556602651294874e+00,-3.257101540117326000e+00,1.982880711993757483e-01,2.863309854888511197e+00
4.674588861647306359e-01,-3.620083235290394441e-02,-2.698170306282360098e+00,-1.518616067723566943e+00,2.790791070771732052e+00,-2.347638730707011678e+00
-3.481665573369379096e+00,-2.437243343837191656e+00,-6.207387562257425273e+00,-3.202096455950929066e+00,1.930795664602904749e+00,3.592301634253223241e-01
-1.136337398266718868e+00,-2.879206051547628320e+00,-3.256198842834494567e-01,-1.401478586642087798e+00,-2.016324188948075857e+00,3.421452774586146717e+00
-3.055041499164126151e-01,-1.536863017147589439e+00,-4.279467228563406112e-01,-2.357173716540833297e+00,-1.032607472288621375e+00,2.463685091137413963e+00
2.216612957287479979e+00,-2.462179025739646310e+00,1.742295051229727720e+00,-2.070870270110596323e-01,-4.178085617952768338e+00,2.701506362942815542e+00
-3.396243916696263909e+00,-1.826339616339476057e+00,-4.005064363593091592e+00,-1.485230648231885553e+00,1.222221181997979578e+00,1.772931012349160618e+00
2.043570557052750480e+00,2.789396485774155998e-01,-2.008078242251605694e+00,5.709091382806867898e-01,1.909214097610313354e-01,-8.438360306670285027e-01
-4.505564707791025469e-01,-2.161484808925480117e+00,-4.573876845864343288e+00,-2.053033603168934462e-01,-8.566603134439139122e-01,1.362323431741705448e-01
1.004994976841466325e+00,2.367114022878587853e+00,1.087685438341629229e+00,2.022938206517260973e+00,2.145987532264338249e+00,-1.345223807693715301e+00
2.467660341132913437e-01,-1.128475204257088027e+00,-2.636676498703859117e+00,1.310343754906595493e-02,-4.224415124330654914e-01,-1.063470356987210597e+00
-9.295738891925640068e-01,-1.051915160966556240e+00,-5.737443681065653500e+00,-3.116259869821225159e+00,3.480033297596711428e+00,8.249382724388798493e-02
-3.456099620547449014e+00,2.307109145013996887e-01,-1.434103059316033990e+00,1.288889601989834155e+00,-3.091257195880106945e+00,2.035766810152290773e+00
1.026752678690558973e+00,-2.727474891897410991e+00,5.732953598671238105e+00,2.468800387846647126e+00,-5.122906477982951401e+00,2.859037602357173746e+00
2.945486458508579375e+00,-1.819363227196715282e+00,1.857019991043478813e+00,-2.793832796033433041e-01,-3.932024119805749063e+00,2.608412154960348062e+00
2.958661662637597445e+00,2.663828014926306942e+00,-8.175353765718376131e-01,-5.698160035963928394e-01,5.149506255736444160e+00,-2.004921174735054823e+00
-2.679997748530524859e-01,3.382099304676340346e+00,-4.375892770918186514e+00,7.345417798583868674e-01,3.187156489626047140e+00,-1.808259598557523384e+00
1.608440561165019211e+00,2.672925794419013457e+00,-1.977993881867454062e+00,-2.521233162727295252e+00,1.007369436694960996e+01,-2.926075412107906004e+00
1.105062118310891961e+00,3.317425106350408548e+00,-1.308627015623243128e+00,7.841662056097735700e-01,2.934071578019120885e+00,-8.792770793793813766e-03
8.713046109340583101e-02,1.554387989032206541e+00,9.130424370080501006e-01,3.342740118019718487e+00,8.428222098407963658e-01,-2.000193564444418204e+00
-3.002172556977798390e+00,2.346851823779630308e+00,-8.343060075784494156e-01,1.359614758293803405e-01,-1.423219588928825718e+00,3.345180131635956400e+00
2.823093278013103280e+00,-2.708402604143402836e+00,-9.614074899644921013e-01,1.090691057605897463e+00,-1.031980515009680133e+00,-3.046104139628781127e+00
1.411192024704385872e+00,-9.078824606556636923e-01,-2.548360441263042730e+00,-1.477608156795243488e+00,2.491469151716839026e+00,-2.127771035858618376e+00
1.896025428504607646e+00,-1.759150788301101720e+00,5.314969414441085505e+00,2.514705403123952188e+00,-4.035624689888747341e+00,2.044295831114102846e+00
-2.363394861212742004e+00,-1.396853356791974754e+00,-7.204761224205052939e-01,3.373407047867122976e-01,-4.465514825193152681e+00,3.069002217276402433e+00
-1.742231547803058112e+00,2.031885219120743713e+00,-3.134488138378478173e+00,2.473271650438935154e+00,3.382195867324327310e+00,-2.533075443885782985e+00
-1.083610423972552805e+00,-1.656746744402793681e+00,-6.001221677127364984e+00,-1.365352634675505161e+00,1.994676549761924322e+00,-2.389251694013228899e+00
-1.323467948929270221e+00,-1.450625574653217953e+00,-4.414323569246493939e+00,1.756678300017405547e+00,-1.485599588445549735e-01,-2.329175578942817015e+00
-3.467125069183002228e+00,2.103759754677563265e-01,-9.432145546652033197e-01,1.520348347083380958e+00,-3.238385649348881845e+00,2.173841845579737253e+00
7.067532465740544723e-01,1.037444227776191497e+00,-2.880797613395939649e+00,-2.871010470254203639e+00,4.325005433188175985e+00,6.144702855610946202e-01
2.235587594769933517e+00,1.887527921630002048e+00,-1.391265921471120715e+00,-1.981569049829239759e+00,4.019185292529737552e+00,1.352318464613792237e+00
-2.850781336020122847e+00,-1.876273548517773282e+00,-4.272393219260329111e+00,-1.342017864712028885e+00,5.200384609342734166e-02,1.660895401121239345e+00
3.192858499087232182e+00,3.081426655944645709e-01,8.077829128753176713e-01,3.625848014344015269e-01,-9.377510444323475802e-01,1.584039182603093288e+00
-7.258748089511732893e-01,-2.072691112922420587e+00,-3.258185705213048955e+00,1.042307280608181230e+00,-1.379903687362280085e+00,1.444221258344315473e+00
4.976689734269430510e-01,-4.176058625366825261e-01,9.403495701005369911e-01,3.393594814501791568e+00,-1.037969909454462991e+00,-5.189508449482467256e-01
6.027629001784502449e-01,-1.468313711008883971e-01,1.399436187551679645e+00,-2.793839203285762185e+00,-8.225161648710380691e-01,3.202907894670825151e+00
2.042386889558951424e+00,-1.305187323378441455e+00,-1.265134590695782268e+00,-1.379620175411931715e+00,2.570418303692614259e+00,1.023831866105956223e+00
2.705078673369264664e+00,-1.143875989980287500e-01,4.373570100830850294e+00,-2.046295401941929271e+00,-1.127836869895855409e+00,3.235053358980166216e+00
-2.992538617063535078e+00,6.217070511264779498e-01,-6.092972488216470417e+00,-2.096151991034506779e+00,3.490945734699576253e+00,4.539393569224214886e-01
2.309585523449049660e+00,2.239471003114178238e+00,6.585562134519813426e+00,2.472943407862263854e+00,-1.137838887487574446e-02,1.997962487411317767e+00
-6.776305178896535608e-01,-3.059323528333658171e+00,-2.775491766633209512e+00,2.303361043602051517e+00,-1.400739516266522822e+00,-3.086433843646517516e+00
3.229519700975649776e+00,-2.897079930070156628e-01,-4.571537497675198791e-01,1.565446223463236919e+00,-3.738625608825454361e-01,5.070862395831721159e-02
-6.174658517867102070e-01,-1.908523165357728146e+00,-5.296577825214045632e+00,-2.887761711408272980e+00,2.941358879422119266e+00,5.044695455260175265e-01
1.553129545647724541e+00,-2.765904465357356568e+00,-2.875463141176253234e+00,-2.088959742659609820e+00,2.203415588359467936e+00,-3.354750322531648621e+00
-2.029328341252705670e+00,3.044675514339243882e+00,-1.443709898482296472e+00,2.582229147694428129e+00,3.445941895783797282e+00,-1.044906821421358600e+00
-4.019742071697347541e-01,-4.504039441433964619e-01,-2.026180651625650420e+00,-3.489469260665592376e+00,7.233234796645697795e-01,1.897518113164462505e+00
6.488729224249949468e-01,-3.161819409357227606e+00,-1.668956369556736652e+00,-5.900863791391026680e-01,-1.532967741871380518e-01,2.207617819758715960e-01
-1.995592345670079037e+00,-1.519689414138280403e+00,-5.744572030474119018e+00,-5.212804526956844597e-01,1.527485836084471860e+00,2.785346975671014746e-01
1.455496383516638126e+00,-1.742527307128688419e+00,1.114743784888595934e+00,1.366911200881092192e+00,-7.890126707682129092e-01,4.573486637248538322e-01
1.614057976488266988e+00,3.354953715560741401e+00,4.445561572259661531e+00,3.166650514555721330e+00,7.026328057302495544e-01,1.493731645725556945e+00
-1.543588093276282880e+00,5.907291272463677245e-02,-1.421879841844209569e+00,3.434822228169998048e+00,-3.207024269423611185e-01,-2.997573670351204811e+00
1.590053637289400967e+00,3.167026342366213498e+00,4.759979679988918910e+00,1.317178163708828897e+00,-1.203310618312648073e+00,2.839864893329459683e+00
3.858322668738436434e-01,-1.336090171555500028e+00,2.556992545591922905e+00,3.060309817719101488e+00,-9.484065252023667902e-01,-8.830983421090756735e-01
1.287641741989357769e+00,-6.944044256907364598e-01,-2.654367567810813178e+00,-2.487886443186106078e+00,5.328158923908620892e+00,-1.445551821620254529e+00
3.148914790576173850e-01,7.261944158369679769e-01,1.121560316761997189e+00,2.345924247801320917e+00,-4.261866824599646053e-01,9.795733417454055569e-01
-3.393735119644642140e+00,-6.289409346002199364e-01,-5.622036019537812734e+00,-2.845350716805302049e+00,2.829060927250268698e+00,1.089638548226008474e+00
2.746474256440071038e+00,2.511698373664104977e+00,-1.886102759356724334e+00,-2.182123146831784766e+00,4.435919157481942321e+00,7.870518093504719204e-01
2.346741859653483253e+00,1.040355034391193811e+00,-2.154118795745959325e+00,-1.732743612403230049e+00,4.881886170371984690e+00,-3.292082260186509401e+00
-1.687056150315783709e+00,-6.304445142278680692e-02,1.400201244363288078e+00,2.399077890218479503e+00,-4.570908628261015849e+00,3.161832166644492403e+00
-1.961144301994111938e+00,-2.829174804972320878e+00,-5.685643621423524863e+00,-2.722450695472010906e+00,2.917752080102876011e+00,8.760756812200787280e-01
-2.631929178355159049e+00,3.326611565498862610e+00,-6.439380903878489271e+00,-1.426444799340027103e+00,4.588244497367763408e+00,-2.083383141436998542e+00
2.022031425259640969e+00,1.496607684725481668e-01,-1.924772840125299922e+00,-2.332203410078861339e-01,1.115168463069277305e+00,-2.945157880312837317e+00
2.491908975903099233e+00,2.056066748752893858e-02,-1.257077814264876414e+00,5.937146557736596719e-01,-1.464145336931530483e-01,-1.269308270097790903e+00
2.350610391476871897e+00,-2.631621224744827625e+00,3.062889233227206631e+00,2.215752101033514165e+00,-2.403901083771902591e+00,1.110371575615515916e+00
7.794318960539872165e-01,-3.185664808472190579e-01,1.585823868217058896e+00,-2.451236702319201655e+00,-1.974088741281003756e-01,2.519284140425916085e+00
-9.367028675418387351e-01,-1.259407905453688858e+00,-2.800454552239763473e+00,1.501289402253831895e+00,-1.487209328757381321e+00,1.289598784359731631e+00
3.362702279572621578e+00,-1.932176154994500461e+00,8.398090903035736465e-01,5.217758781699881609e-01,-1.850403428267097139e+00,1.432463565772613912e+00
1.251364831190210580e+00,2.510188553266572420e+00,6.736765919296825444e-01,-3.489284267259215255e+00,4.010065416712617292e+00,2.248828501025343485e+00
-3.276553572945144488e-01,-2.964978781437192179e+00,-3.170873074711163531e-01,-6.713270562138147213e-01,-2.953339853657820591e+00,2.803796080145137815e+00
1.012909303327627519e+00,-1.305679823241571835e+00,4.641502104525001116e+00,1.982401113022963735e+00,-5.128321281210336480e+00,3.425843837946398907e+00
2.291810327441488937e+00,-2.296685755212709346e+00,-2.264269124494007634e+00,-2.463949457812441679e+00,2.543897093966596135e+00,-1.873147985090133361e-01
1.111527470816746188e+00,2.744126076998061770e+00,-2.783830523643864296e-01,2.074525508338044943e+00,4.221327350018551527e+00,-2.985794830613403672e+00
2.526927024789023868e+00,-2.752306849693716195e+00,-1.374493740327618063e+00,9.043376684844623981e-01,-6.523155960650276475e-01,-3.120693761020156831e+00
-2.517177125841994378e+00,-2.384775765723117669e+00,-1.121479999604015454e+00,3.364045137832527566e-01,-4.862641136413526688e+00,3.261841086528989742e+00
-1.826149847827866823e+00,5.893835936973230716e-01,-1.477487728766911701e+00,-7.734844391153181675e-01,-2.074151476568542485e+00,2.657991885688522515e+00
-3.460570835309724202e+00,2.462492871105030012e+00,-6.797365067670848582e+00,-2.220157489626196412e+00,6.316543238157054319e+00,-2.728000466024852688e+00
3.381901797622079542e+00,2.334967724746451978e+00,-1.550552754802361655e+00,1.234437806881096833e-01,2.056438976026436993e+00,-2.822592225751737072e+00
6.742888247780607358e-01,-2.722077149041886024e+00,-8.792281919587812133e-01,-4.836584450325354112e-01,6.379149985647036836e-02,-2.243620034948375697e+00
-1.694804768657347971e+00,9.356755521679094301e-02,-5.172150252313127083e+00,-1.908629249940902994e+00,3.080271704851865966e+00,4.028385953838564681e-01
-2.474041936535568809e+00,-2.556935575049969600e+00,-5.696409111311609763e+00,3.475185143193066928e-01,-3.016309245622073032e-01,-2.304824574939212667e-02
2.153083149972267130e+00,7.216664189700248144e-01,-1.517321578343610256e+00,-5.017257539233677122e-02,1.994846750974523131e+00,6.254686966235230017e-01
5.165740346645053549e-01,2.624200250275472435e+00,-2.917642699657394090e+00,-3.352032848522145336e+00,5.767050365554096558e+00,-2.544219654471744363e-01
-3.467154953910338122e+00,-2.498645049781663907e+00,-6.100016770979510561e+00,-6.099831773599313500e-01,-2.422433101884042816e-01,-7.264195558946706655e-02
-2.454296777443230049e+00,-9.738631438909139959e-01,-2.255720974544919155e+00,2.759137443559891878e+00,-4.913337664514342285e-01,-1.311360545267158173e+00
2.598788725716564052e+00,-2.154609137652263140e+00,-3.334981819525717484e-01,-7.709177444454340389e-01,1.644059766847369763e+00,7.539799141950362937e-01
4.706973283300839306e-01,2.566130880996432495e+00,-3.185132396056796544e+00,-1.720431489658365010e+00,5.995369784653960643e+00,-1.808861615719750127e-01
-7.577823660782083692e-01,-2.687054502263393818e+00,1.295836765157901471e+00,2.494579980118331264e+00,-2.372753884419143144e+00,1.415064821937676243e+00
3.300410288006749404e+00,1.930361648544515418e+00,2.453534754691795716e-01,2.118152978932475783e+00,3.959919696246658294e+00,-3.011237546876814442e+00
1.451109802990808717e+00,-2.136690807108020174e+00,-1.352934088775115118e+00,-1.565452415166554978e-01,-6.649602387487570931e-01,-3.479908576309203028e-01
2.241217346216869188e+00,-1.203572250984989989e+00,1.701234924629297929e+00,-1.589255815323646015e+00,-1.890471291708678558e+00,3.118392842119307673e+00
1.030606307150366163e+00,1.146883411843334422e+00,2.602718503358444124e+00,-1.292438837535776486e+00,6.062063045553307550e-01,2.991814576163852379e+00
8.075216002930982739e-01,1.321790088178742550e-02,-3.766816681247020515e-02,4.681143638523779238e-01,-1.517289035242189277e+00,1.632308137665571479e+00
-3.456341354609605787e+00,-3.158781710029713530e+00,-6.559349987787998160e+00,-8.620766181249264193e-01,1.276909493980657562e+00,-3.280056936530477252e+00
1.661156322040930000e+00,-2.512667770080874163e-01,1.460820621309416811e+00,3.102496696177692748e+00,1.148339436615505971e+00,-1.160049824284894004e+00
2.135553863104928674e+00,2.324483697909914603e+00,9.262451825414201867e-01,1.882939609462125574e+00,2.250272375433122640e+00,4.072968212972316593e-01
2.107722871540079090e+00,1.152899142849102887e+00,-2.104346501146848070e+00,-1.830967838880145138e+00,6.182644892736643527e+00,-3.129983986029707399e+00
-8.256200316621322699e-01,3.268526524420080293e+00,-1.381162314922401713e-01,2.329364482580911222e-01,2.789436116618591033e-01,2.276245220257711033e+00
2.381667317346650492e+00,1.472555056778579008e+00,2.502259278964002576e+00,3.353903613995102617e+00,1.671790516734539045e+00,-2.489600780011528958e+00
2.722586018679418629e+00,1.780996129593050981e+00,-1.870840040469980092e+00,-2.941811931910643274e+00,6.326129508852805117e+00,3.214359297009306005e-01
-4.727823767203225280e-01,-6.414099730131792576e-01,-2.286472751394002856e+00,3.459803086465611521e-01,-1.950557565423515660e+00,1.748960075302176342e+00
-1.132705449197280778e+00,-4.455125095248528844e-01,2.557962415719434723e+00,2.790646306985717473e+00,-4.921217456720690997e+00,3.395434955806595489e+00
-7.549907015759238504e-01,1.525890327546296277e+00,-4.708803803596175896e+00,5.515139886863869023e-01,2.508803745821671427e+00,-8.062093546541464484e-01
1.609244421444812723e+00,-1.989262000702263222e-01,-7.904231117311497634e-01,-4.106110474764177454e-01,2.752253029726633993e-01,-2.508594182916956683e-02
-2.056540735228566064e+00,2.126885330694651799e+00,-5.943584934181936674e+00,-8.212237892544074214e-01,4.446963602471393884e+00,-6.655511298205363246e-02
-4.791132650912151014e-01,1.947370187746700232e+00,-4.833808037841810901e+00,-9.556253588123335696e-01,3.247146826703326994e+00,-3.408163739469082909e+00
3.385904313276069111e+00,-9.829276820816983395e-01,2.196011882306010410e+00,2.053459360932361477e+00,1.245731681334248275e+00,-1.037986413029988952e+00
-2.792087387248548325e+00,3.230351240029612825e+00,-2.280372221867633886e+00,3.469593290278743858e+00,2.612833321734929548e+00,-3.118115219630155366e-01
3.942173512888036413e-02,-1.598760405735014434e+00,-1.812981388110682435e+00,1.273364946076351423e+00,-1.683466045087244511e+00,5.565193496021372255e-01
-3.185454906061544467e+00,2.587566044033837720e-01,-6.577955490613605960e+00,-2.096484788200254634e+00,4.447951799971843201e+00,-1.484233534866288728e+00
5.253363004831212990e-02,9.251017590490846487e-01,-3.754390836513589846e+00,-1.101822596558081457e+00,4.316159623458957206e+00,-3.170698003039648327e+00
-3.060455616295461034e+00,-3.244998856520957542e+00,-3.054275404728623133e+00,1.778594352674987888e+00,-2.144490247583394016e+00,1.421824131990261364e+00
-3.209041827323547480e+00,1.523767976434446503e+00,-5.994641142371783360e+00,-3.298763344688596444e+00,4.474036424975078141e+00,8.756642127485392280e-01
4.070472873857378104e-02,1.760561795890669856e+00,4.218792668877303420e+00,2.317314061852708384e+00,-2.453795012113533236e+00,2.880760432146010963e+00
2.767611507104781765e+00,-1.263956387407796811e+00,-9.016611523155080299e-01,-1.714260455984144338e+00,3.007557865143515752e+00,7.445936283914305065e-01
1.682210995184916236e+00,-3.055409098369764820e+00,1.042366585330533368e+01,2.726124633736954905e+00,-5.586190306026101560e+00,3.385873708773102564e+00
2.367379218997373691e+00,3.205971117084494892e+00,2.639787119809051674e+00,-1.834881403786639664e+00,2.053587699600138983e+00,2.745177373473248750e+00
-3.296171640349427889e+00,2.749396365916137341e+00,-6.659885498908644230e+00,-1.966596599584970129e+00,5.139810359926156202e+00,-1.708313482760469126e+00
-6.881402320785272586e-01,1.693884968854737494e+00,-5.618961577509574923e+00,-1.415329550768699818e+00,3.878190254316674412e+00,-1.010503776602553749e+00
2.183184454388799267e+00,3.087444860028880633e+00,-7.713010393009249732e-01,6.946374217910538107e-01,2.444212117602387213e+00,-6.494489182203833089e-01
-1.972021268249163573e+00,2.303690100257929529e+00,-2.292730486968850290e+00,3.178393728040310506e+00,2.176623556312573093e+00,-2.657747925609562856e+00
-2.075826340695095418e+00,-1.441391115328036765e+00,-1.815549749724133743e+00,2.754144199302686502e+00,-1.512304964656035144e+00,6.233866009390505170e-01
1.479127742313335325e+00,5.432912044247357741e-01,-1.537821420867666822e+00,-7.552406708373324840e-01,6.999453809436760876e-01,6.802817294349603472e-01
